id,sequence
0,PHPPHPPPPPPPPPHPPPPPPPPPPPPHHP
1,PPPPPHHPPHPHPPPPPPPPPPPPPPHPPP
2,PPPHPHPPPPPPPPHPPPPPPPHHPPHPPP
3,PPPPHPPPPPPPHHHPPPPHPPPPPPPHPP
4,PPPPPPPPPHPPPHPHPPPHPPPPPHPPPP
5,PPPPHPPHHPPPPPPPPPHHPPPPHPPPPP
6,PHPPPHPPPPPPHPPPPPPPPPPPHPPPPH
7,HPPPPHPPHPPPHPPPPPPPPPPPPPHPPP
8,PPPPPHPPPPPPHHPPPPPPPPPPPPPPHP
9,PPPPPHPPHPPPPPPPHPPPPHPPPPPPPH
10,PPPPPPHPPPPPPHPPPPPHPPPPPPPPPP
11,PPPPPPHPPPPPHPPPPPHPPPPPPPPPPP
12,PPPPHPPPHPPPPPPPPHHPPPHPPPPPHP
13,PHHPPHPPPPPPPPPPPPPPPPPPPHPPPP
14,PPPHPPPHPPPPPPPPPPPPPPHPPPPPHP
15,HPPPPPPPPHHPPPPPPPHPPPPPPPHPPP
16,HPPPHPPHHPHPPPPPPPHPPPPPPPPPPP
17,HPPPPPPPPPPPPPPPPPHPPPHPPPPHPP
18,PPPHPPHPPPPPPPPHPPPPPPPPPPPPPP
19,PHPPHPPPPPPPPPPPPPPPPPPPPPPPHP
20,PPPPPPHPHPPPPPHPPPHHPPPPPPPPPP
21,PPPPHPPPPPPHPPHHPPPPPPHPPPPPPP
22,HPPPPPPPPPPPPPPHPHPPPPPPPHPPPP
23,PPPPPPPPPPHPPPPPHPPPPPPPPHPPPP
24,PHPPPHPHPPPPPPPPPHPPPPPPPPPHPP
25,PPPPHPPPPHPPPPPPPPPHPPPPPPPPHP
26,PPPPPHPPPPPPPPPPPPHPPPPPPHPPPP
27,HHPPPPPPPPPPPHPPPPPPPPPPHHPPPP
28,HPPPHPHPPPHPHPPPHPPPPPPPPPPPPP
29,PPPPPPPHPPHPPPPPPPPHPPHPPPPPPP
30,PPPPPPPPPPPPPHPPHPPPHPPPHPPPPP
31,HPPPPPPHPPPPHPPPPHPPPPHPHPPPPP
32,PPPPPPPPPPPPPHPPPHPHPPPHHPHPPP
33,PPPPPHPPPPHPPPPHPHPPHHPPPPPPPP
34,PHPHPPPPPPPPPPPPPPPPPPPPPHPPPP
35,PPPPPPPPPPPPPHPPHPPPPPPHPPPHHH
36,PPPPHPPHPPPPPHPPPPPPPPPPPPPPHP
37,PPPPHPPPPPPPPPPPPPPHPPPPPPPHHP
38,PPPPPPPPPPPPPPHPHPPPPHHHPPPPPP
39,PPHPPPPPPPHHPPPPPPPPPPHHPPHPPP
40,PPPPPPPHPPPPHPPPPPPPPPHPPPPPPP
41,PPPHHPPPPHPPPPHPPPPPPPHPPPPPPP
42,HPHPPPPPHPPPPPPHPPHPPPPPHPPPPP
43,PPPPPPPPPPPPPPPPPPPPPPPPPPPPHH
44,HPHPPPPPPPPHPPPPPPPPPPPPPPPPPP
45,PPPPPPPHPPPPPPPPHPPPPHPPPPPHPH
46,PPPHPPHPPPPPPPPPPPPPPPPPPHHPPP
47,PPPPPPPPHPPPPPPPPPPPPPHPHPPPPP
48,PHPPHHPPPPPPPPHPPPPPPPHPPPPPHP
49,HPPPPPHPPPHPPPPPPPPPPPPPPPPPPH
50,PPPPPPHPHHPPPPPHHPPPPPPPPPPPPP
51,PPPPPPPPPPPPPPHHPPPHHPPPPPPPPP
52,PHPPPPPPPPHPHPPPPHPPPPPPPHPPPP
53,PHPPPPPPPHPPPPPPPHPPPPPHPPPPPH
54,PPHPPHPPPPPHPHPPPHPPPPPPPPPPPP
55,PPPPPPPPHHHHPPPPPPPPPPPPPPPPPP
56,HPPPPPHPPHPPHPPPPHPPPPPPPPPPPP
57,PPPPPPPPPHPPPPPPPPPHHPPPPPHPPP
58,PPPPPPPPHHPPPPPHPPPPHHPPPPPHPP
59,PPPPPPPPPHHPPPHPPPPPHPHPPPPPHP
60,HPPPPHPPPPPPPPPPPPHPPPPHPPPHPP
61,PPPPHHHPPPPPPPPPPPPPPPPPPPHPPP
62,PPHHPPHPPPPPPPPPPPPPPPPPPHPPPP
63,PPHPPPPPPPPHPPPPHPPPPPPPPHPPHP
64,PPPPHPPPPHPPHPPPPPPPPPPHPPPHPP
65,PPPPPHPPPHPPHHPPPPPPPPPPPPPPPH
66,PPHPPPHPHPPPPPPPHHPPHPPPPPPPPP
67,PPPPPPHPPPPPPPPPPHPHPPPPPPHPPP
68,PPPHPPPHPPPPPPPPHPPPHHPPPPPPPH
69,PPPPPHPPPPPHPPPPPPPPPPPPHPPPHP
70,PPPPPPPPHPPPPPPPPPHPHPHPPPPPPP
71,PPPPPHPPHPPPPPPHPPPPPPPPPPPHPH
72,PPPPPPPPHPPPPPPPPPPPHPPPPHPPPP
73,PPPHPPHPPPHPPPHPPPHPPHPPPPPPPP
74,PPPPHHPPPPPPPPHPPPHPPHPPPPPPHP
75,PPPHPPPPPPPHPPPPPPPPHPHPPPPPPP
76,PPPPPPHHHPPPPHPPPPPPPPPHPPPPPP
77,HPPPPPPPPPPPPPPPHPHHPPPPPPPHHP
78,HPHPHPHPPPHPPHPPPPPPPPPPPPPPPP
79,PPPPHHPPHHPPPPPPPHPPPPPPPPPPPP
80,PPPPHPPPPHPPPPPPPHPHPPPPPPHHPP
81,HPPPPPHHPPPPPPPPPPPPPPPPPHHPPP
82,PHPPPPPPPPPHHPPHPPPPPPPHPHPPPP
83,PPPPPHHPPHPPPPHHPPPPPPPPPPHPPP
84,PPPPHPPPPPPPPPPPPPHPPHPPPPPPPP
85,PHPPPPPPPPHPPPPPHPHPPPPPPPPPHH
86,PPPPHPPPPPPPPPPPHPPHPPHPHPPPPP
87,PPPPPHPPPPPPPPPPPPPPPPPPPPPHPP
88,PPPPPPPPHPPPPHPPPHPPPHPPPPPPPP
89,PPPPPPPPPPPPPPPPPPPPHPPPPPHPHP
90,PPPPPPPHPPPPPHPPPHPPPHPPPPPPPH
91,PPPHPPPPPPPPHPPPPPPHPPHPHPPHPP
92,PPPHPPPPPPPPPHPHPPPPPPPPPPPHPP
93,PPPHHPPPHPPHPPPPPPPPPPPPHPPPPP
94,PHPPPPPHPPPPPPPPPPHHPHPPPPPPPP
95,PHPPPPPPPPPPPHHPPPPPPPPHPPPHPP
96,PPPPPPHPPPPPPPPPPHPPHPPPPPPPHP
97,PPPPPHPPPPPPPHPPPPPPHPPHHHPPPP
98,HPPHPHPPPHHPPPPPPPPPPPPPPPPPPP
99,PPHPPPPHPPPPPPPPHPPPPPHPPPPPPH
100,PPPPPPPHPPPPPHHPPPPPPPPPPPPPPP
101,PPPHPPPPPHPPPPPPPPPPPHPPPPPPPP
102,PPHPHPPPPPPPPPPPPHPPPPPPHPPPHP
103,PPPPPHPPPPPHPPPPPPHPPPPPPPPPPP
104,PHPPPPPPPPPPHPPPPPPPPPPPHPPPPP
105,PPPPPPPPPPPPPPHHPHPPPPPPPPPHPP
106,PHPHHHPPPPPPPPPPPPPPPPPPPPPPHP
107,PPPPPPHPHPPPPPPPPPPHPHPPPPPHPP
108,PPHPPPHHPPPPPHPPPPPPPHPPPPPHPP
109,PPHHPPPPPPPPPPPPPHPPHPPHPPPHPP
110,PPPHPPPPPPPPPHPPPPPPPPPPPPPPPP
111,PPPPPPPPPPPHPPHPPHPPPPPPHPPPPP
112,PHPPPPPPPPHPPPPPPPPPPPPPPPPPPP
113,PHHPPPPPPPPPPPHPPHPHPPPPPPPPPH
114,PPPPPPPPHPHPHPPPHPPPPPPHPPPPPP
115,PPPPPPPPHPPHPPPPPPPPPPPHHPHPHP
116,PPHPPPPHHPPPHHPPPPPPPPPPHPPPPP
117,PPPPPPPPPPPHPPHPPPPPPPHHPPPPHP
118,HPPPPPPPPPPPPPPHHHPPHPHPPPPPPP
119,PPPPHPPPPHPPHHPPPHHPPPPPPPPPPP
120,PPPPPPPPPPPPPPPPPPHPPPPPPPHPPP
121,PPPPPPPHPPPPPPHPPPPHHPPPPPPPPP
122,HPPPPPPPPPPPPPPPPPPPPPHPPPHPPP
123,HPHPPPPPPPPPPPPPPPPPHPPPPPPPPP
124,PPPPPPPPPPPPPPPPPPPPHPPPPPPHPP
125,PPPPPPPPPHPPPPPPPHHPPHPPHPHPPP
126,PPPPPPPHPPPPHPPPPPHHPPHHPPPPPP
127,PHPPPPHPPHPPPPPHPPPPPHPPPPPPPP
128,PPPHPPHHPPHPPPPPPPPPPPPPPPPPPP
129,PPPPPHPHPPPPPPPPPPPPPPPPHPPPPP
130,HPPPPPPPPPPHPPPPPHPPPHPPPPPPPP
131,PPPPPHHPPPPPHPPHHPPPPPPPPPHPPP
132,PHPHPPPPPPPPPHPPHPPPHPPPPPPPPH
133,PPPPPHHPPPPPPHPPPPPPPHPPPPPHPP
134,PHPHPPPHPPPPPPPPHPPPPPPPPPPPHP
135,PPPPPPPPHHPPPHPPPPPPPPPPPPHPHH
136,PPPPPPPPPPPPHHHHPPPPPHPPPPPPPP
137,PPPPPPPPPHPPPPPPPPPHHPPPPPPPPP
138,PPPPPPPPPHPPPHPPPPPPPPPPPPPPPP
139,PHPPPPPPPHPPPPPPPPPHPPPPPPPPPP
140,PPPHPPPHPPHPPPPPHPPHPPPPPPPPHP
141,PPPPPPPPPPPPPPHPPHPHPPPPPHPPPP
142,PPPPPPPPPPPPPPHPPPPPPPPHPPPPPH
143,PPHPHPPPPPHPPHPPPPPPPHPPPPPPPP
144,PPPPPPPPHPPPPPPPHPPHPHPPPPPPHP
145,PPPHPPPPPHHPPPPPPPHPPPPPPHPPHP
146,PPPPPPPPPHHPPPPPPPPPPHPPPPPHPP
147,PPPPPHPPPHPPPHPPPPHPPPPPPPPPPH
148,PPPPHPPPHPPPPPPPPHPPHPPPPPPPPP
149,PPPPPHPPPPPPPPPPPHPHPHPPPPPPPP
150,PHPHPPPPHPPPPPHPPPPPPHPPHPPPPP
151,HPHHPPPPPPPPHPPPPPPPPPPPHPHPPP
152,PPHPPPPPPHPPPPPPPPHHPPHPPPHPPP
153,HPPHPPPPPPPPPPPPPPPPPPHPPPHPPP
154,PPPPPPPPPPPPPHPPPPPPHHPPPPPHHP
155,PPPPPPPPPPPPPHHPPHPPPPPPPPPHPP
156,PPPHPHPPPPPPPPPPPPPPHHPPHPHPPP
157,PPHPPPPPPPPPPPPPPPPPPPPPPPHPPP
158,PHPPPHPPPPPHPPPPPPPPPPHPPPPPHP
159,PPPPPPPPPPPPPPPPPPHPHPHHPHPPPP
160,PPPPHPPPPPPPPHPPPPHPPHPPPPPHPP
161,PPPPPPPHHHHPPPPPPPPPPHPPPPPPHP
162,PPHPPPPPPPPHHPPPPPPPPHPHPPPPPP
163,PPPPPPPHPPPPPHPPPPPPPHHPHPHPPP
164,PPPPPPPPHPHPPPPPPPHPPPPPPHHPPP
165,PPPPPPPPPPPPPPPPPPPPPPHPPPPHPP
166,PPPPPPHHPPPPPPPHHPPPHHPPPPPPPP
167,HPPPPPPPPPPPHPPPHPPPPPHPPHPPPP
168,HPHPPPPPPPPPPPPPHPPPPPHHPPPPPP
169,PPPPPPPPPHPPPPPPPPHPPPPPPPPPPH
170,PPPHPPHPHPPPPHPPPHPPPPPPPPPPPP
171,PHPHPPPPPPPPPPPPPPPPPPPHPPPPPH
172,PPPPPPPHPPPPPPPHHPPPPHPPPPHHPP
173,HPPPPPPPPPPPPPPPPPPPPPPPPPPHPP
174,PPPPHHPPPPHPPHPHPPPPPPPPPPPPPP
175,PPPPPPPPPPPPPPPPPPPPPPHHPPPHHP
176,PPPPPPPPPPPPHPHPPPPPHPHHPHPPPP
177,PPPPPPPPHPPPPPPPPHPPPPPHPPPPPP
178,PHPPPPPPPHPPPPPPPPPPPPHPHPPHHP
179,PPPPPPPPHPPPPPPPHHPPPPPHHPPPPP
180,PPPPPPPHPPPPPPPPPPPPHPPPPPPPPP
181,PPPPPPPPPPPPPPPPHHPPPPPPPPPPPP
182,PPPPHPPPPPPPPPPPPPPPHPPPPPPPPH
183,PPPPHPPPPHPPPPPPHHPPPPPPPPHPPP
184,PPPPPHPPPPPPPPHPPHPPPPPPPPPPPP
185,PPHPPPPPPPPPPPPHPPPPPPPHPPPPPP
186,HPHPPPPPHPPPHPPPPHPPPPPPHPPPPP
187,HPPHPPPPPPPPPPPPPHPPPPHPPPPPPP
188,PPPPPPHPPPPPHPPPPPPPPPPPPPPPHP
189,PPHPHPPPPPPPPPPPPPPPPHPHPPPPPP
190,PPPPPPPPHHHPPPPPPHPPHPPPPPPPPP
191,HPPPPPPPPPPHPPHPPPPHHPPPPPPPPP
192,PPPHPHPPPPHPPPPHPHPPPPPPPPPPPP
193,PPPPHPPPPPPHHPPPPPPPHPPPPPHPPH
194,PPPPPPPPPHPPPPHHPPPPHPPPPPPPPP
195,PPPPPPPPPPPHPPPPPPPPHPHHPPPHPP
196,HPPPHHPPPPPPPPPPPPPPPHPPPHPPPH
197,PPPHPHHPPPPPPPPPPPPPPPPPPPPHPP
198,PHPPPPPHPHPPPPPPPPPPPPPPHHHPPP
199,PPPPPPHPPHHPPHPPPPPPPPPPPPPHPP
200,PPPPHPPHPPPPHPHHPPPPPPPPPPPPPP
201,PHPPPPPPHPPPPPPPHPPPPPHPPPPPPP
202,HPPPPPHPPPPPPPPPPPPPPPHPPPPPHH
203,HPPPPPPPHPPPPHPPPPPPPPPPHPPPPP
204,PPPHPPPPPPPPHPPPPPPPHPPPPPPPPH
205,PPPPPPPHPHPPPPPPPHPPPPPPHPPPPH
206,PPPPPPPPPPPPPHPPHPPPPPPPPPPPPH
207,PPPPPPPPPPPPPPHPHPPPPPPPPPPPPH
208,PPPPPPPPHPPPPHPPPPPPHHPPHHPPPP
209,HPHPHPPHPPPPPPPPPPPPPPPPPPPPHP
210,PPPPPHPHPPPPPPHPPPPPPPPPPPHPPP
211,HPPPPPPHPPPHPPPPPPPPPHPHPPPPPP
212,PPPHPPPPHPHPPPPPPPHHPPPPPPHPPP
213,PPPPPPPPPPPPPPPHHPPPPPPHPPPHPH
214,HHHPPHPPPPPPPHPPPPPPPPPPPPPPPP
215,PHPPPPPPPPPPHPPPPPPPHPHHHPPPPP
216,PPPPPPHPPPPPPPPPPPPPHPPHHHPPPP
217,PPHPPPPPPPPPHHPPPPPPPPPHPPPPPP
218,PPPPPPPPHPHPPPPPPPPPPPPHPPHPPP
219,HHPHHPPHPPPPPPPPPHPPPPPPPPPPPP
220,PHPPPPHPHHPPPPPPPPPPPPPHPPHPPP
221,PPPHPPPPPPPPPPPHPPPPPHHPPPPPHP
222,PHHPPHPPPPPPPPPPPPPPPHPPPPPHPP
223,PHPPPPPPHPPPPPPPPPPPPPPPPPPHPH
224,PPHPHHPPPPPPPHPPPPPPPPPPPPPPPP
225,PPPHPPPPPPPHPHPPPPPPPPPPHPPPPP
226,PHPPPHPPHHPHPPHPPPPPPPPPPPPPPP
227,PPPPPPPPPPPPPHHPPPPHPPHPPPPHPP
228,PPPPPPPPPPPPPPPPHPPPPPPPPPPPPP
229,PPPPPPPPPPPPHPPHHPHPPPPHPPHPPP
230,PPPPPPPPHPPHPPPPHPPPPPPHHPPPHP
231,PPPPPPPPPPHHPPPPPPPHPPPPPPPHPP
232,PPHPHPPPPPPPPPPHPPPPPHPPPPPPPH
233,HPPPPPPPPPPPHPPPHPPPPPPPPHPPPP
234,PPPPPPPHHPPPPHPPPPPPHPPPPHPPPP
235,PPPPPPPPHPPPPHPPPPHPHPHPPPPHPP
236,PPPPPHPPPPPPPPPPPHHPPPPPPPPPPP
237,PPPPPPPPPPPPPPHPPPPHPPPPPHPPPP
238,PHPPPPPPPPPHPPPPPPPPPPPPPPPHHP
239,PPHPPPPPPPPPPPPPPPHPPPHPPPPPPP
240,PPPPPPPPPPPHPPPPPPHPPPPPPPHPPP
241,PPPPPPPPPPPPHHHPPPPHHPPHPPPPPP
242,PPPPPPPPPPPPPPPPPHPHPHPPPHPHPH
243,PPPPPHHPPPPPPPPPHPPPPPPPPHPPPP
244,HHPPHPPPPPPPPHPPPPHPPPHPPPPPPP
245,PPPPPPHHPPPPPPPPPPHPPPPPPPPPPP
246,HPPPPPPPPPPPPPPPPPPPPPPPPHPPPP
247,HPPPPPPPPHPPPPHPPHHPHPPPPPPPPP
248,HPHPPPHPPPPPPPPPPPPPHPPPPPHPPP
249,PPPPPPPPPHPPPHPPPPPPPPPPPPHPPP
250,PPPPPPPPPPPPPHPPPPPPHPHHPPPPPP
251,HPPPPPPPPHHPPPPPPPPPPHPPHPPHPP
252,PPPHPPPPPPPPPPPPHPPPPPPPPPPPHP
253,HPPPPPPPPHPPPPHHHPPPPPPPPPPPPP
254,PPHPPPHPPPHPPPHPPPPPPPPPPPHPPP
255,PPPHPHPPPHPPPPHPPPPPPPPPPPPPPH
256,HHPPPPPPHHPPPPPPPPPPPPPPPPHHPP
257,PPPPPPHPPHPPPPPPPPPPHPPHPPPPPP
258,PPPPPHHPPHPPPPPPPPPPPPPPHPPHPP
259,PPPPPHPPPPPPPPPPPPPPHPPPPHPHHP
260,PPPPPPPPPPHPPHPPPPHPPPPPPHPPHP
261,PHHPPPPPHHPPPPPPPHPPPPPPPPPPPP
262,HPPPPPHPPPHPPPHPPPHPPPPPHPPPPP
263,HPPPPPPHPPPPPPPPPPPHPPPPPHHPPP
264,PPPPPHPHPHPPPPPPPPHHPHPPPPPPPP
265,PHPPPPPHPPPPPHPPPHPPHPPPPHPPPP
266,PPPPHPPHPPPPPHPPPPPPPHPPPPPPHP
267,PPPPPHPPPPPPPPHPPHHPPPPPPHPPPP
268,PPHPPPPPPHPPPPPPPPPPHPPPPPPPPP
269,PPPPPPPHPHPPPPPHPHPPPPPPHPPPPP
270,PPPHPPPHPPPPHPPHPPPPPPPPPPHHPP
271,PPPPPPPPPPPPPPPPPHPHHPPHPPPHPP
272,PPPPPPPPPPHPPPPPPPPPPPPPPPPPPP
273,PPPHPHPPPPPPPPPHPPPPPPPPPHPPHP
274,PPPPHPPPPPPPPPPHPPHHPHPPPPPPPP
275,PPHPPPPPHPPPPPPHHPPPPPPPPPPPHH
276,PHPPPPPPPPPPPPPPPPHPPHPHPPPPPH
277,HPPHPPPPPPPPPPPPPHHPPPPHPPHPPP
278,PPPPPPPPHPPPPPPHPPPPPPPPPPPHPP
279,PPPPPPPPPPPPPPPPPHPHPHPPPPPPPP
280,PPPPPPPHPPPPPHPHPPPPHPPPPPPPPP
281,PPPPHPPPPPPPPPPPPPHPHPPPPPPPPP
282,PPPPPPPPPPPPPPPPPPPPPHHPHPPPPP
283,PHPPPPHPPPPPPPPPPPPPPPPPHPPHHP
284,PPHPPHPPPPPPPPPHPPPPPPPPPPPPPP
285,PHHPPHPPPPPPHPHHPPPPPPPPPPPPPP
286,PPPHPPPPPPPPPPPPPPHPPPPHPPPPPP
287,PPPPPPPPHHPPPPPHPHPPPPPPPPHPPP
288,HPPPPPPPPHHPPHPHPPPPPHPPPPPPPP
289,PPHPPPPPHPPHPPPPPPPPPPPPPHHHPP
290,HPPPPHPPPPPPHPPPPPHPPPPPPPHPPP
291,HPPPPPPPHPPPPPPPPPPPPPHHPPHPPP
292,HPPPPPHHHPPPPPPHPPPPHPPPPPPPPP
293,HPHPPPPPPPPPPHPPPHPPPPHPPPPPPP
294,PPPPPPPPHPPPPPPHPHPPPPPPPPPPPP
295,PPPPPPPPPHPHHPPPHPPPPPPPPPPHHP
296,PPPPPPPPPPPPPPPHHHPPPPPPPHPPHP
297,HPHPPPPPPPPPPPPHPHPPPPPPPPPPHH
298,HPHPPPHHPPPPPPPPPPPPHPPPPPPPPP
299,HPHPPPPPPHPPPPPPPHPPHPPPPPPPHP
300,PPPPPPHHPPPPPPPPHPPPPPPPPPPPPH
301,PHPHHPPPPPPPPPPPPPPPPPHPHPHPPP
302,PPPPPPPPPHPPPHPPPPHHHPPPPPPPPH
303,HHPPHPPPPPHPPPPPPPPPPPPHPPPPPP
304,PPHPPPPPPPPPPPPPPPPPHPPPHPPHPP
305,HPPPHPHPPPPPPPPPPPPPPHPPPPPPPP
306,PPPPHPPHPPHPPPPPHPPPPPPPHHPPPP
307,PPPPHPHPPPPPHPPPPHPPPPPHPPPPPH
308,PPHPPHHPPPHPPPPPPPPPPPPPPPHPPP
309,HPPPPPHPHPPPPPPPPHPPPPHHPPPPPP
310,HPHPPHPPPPPPPPPHPHPPPPPPPPPPPP
311,PPPHPPHHPPPPPPPPPPPHPPPPPPHPPP
312,PPHPHPPPPPPHPPPPHPPPPPHPPPPPPH
313,PPPPHPPPPPHPPPPPPPPPPPHPPPPPHH
314,PPHPPPPPPPHPPPPPPPPPHHPPPPPPPP
315,PPPPPPHPPPPPPPPHPPPHHPPPPPPPPP
316,PPPPPHHPPHPHHPPPPPPPHPPPPPPPPP
317,PPPPPPHPPPPPPPPHHPPPPPPHHPPPPH
318,PPPHHHHPPPPPPPPPPPPPPPPPPHHPPP
319,PHPPPPPPPPPPHPHHPPPPPHPPHPPPPP
320,HPPPPPHPPPPPPPPPPPPPPPPPPPPPHP
321,PHPHHPPPPPPPPPPPPPPPHPPPPPPPPP
322,PPPPPPPPPPPHPPHPHPPHPPPPPPPPPP
323,PPPPPPPPPPPPHHPPHPPPPPPPPHPPPP
324,PPPPPHPPPHHPPPHPPPPPPPPHPPPPPH
325,PPHHPHPPPHPPPPPPPHPPHPPPPPPPPP
326,PPPHPHPPPPHPPPPPPPPPPHPPHPPPPH
327,PPPPPPPPPPPHPPPPPPPPPPPHPPPPPP
328,PPHPPPHPPHPPPPPPPPPPPPPPPPHPHP
329,PPHPPPPPPPPPPPPPHHPPHPHPHPPPPP
330,PPPPPHPPPPPPPPPPPPPPPPPPPPHPPP
331,PPPPPPHPPHPPPPHPPPPPPPPPPPPPPP
332,PPPPPPPPPPPPHPPPPHHPHPPPPPPHHP
333,PPPPPPPPPPPPHHPPPPPPHPPPHPPPPP
334,PPPPPPPPPPPPHPPHHPPPPPPPPHPPPH
335,PPPPHPHPPPPPPHPPPPHPHPPPPPPPPP
336,PPPPPPPPHPPPPPHPPPPPHPHPPPHHPP
337,PPPPPPPPPPPHPPPPPHHPPHPPPPHHPP
338,PPPHPPHPHPPPPPPHPPPPPPPHPPPPPP
339,HPPPPPPPPPPPPPPHPPHPPPHPHPHPPP
340,HPPPPPHPPPPPPHHPHPPPPHPPPPPPPP
341,PPPPPPPPPPPPHPHHPPPPPPPHPPPPHP
342,PPPPPPPPPPPPPPHPPPPHHPPHPPPHPP
343,PPPPPPHPPPHPPPPPPHPHPPHPPPPPHP
344,PPHPPHPPPPPPPPPPPPPPPPPPPPPHPP
345,PPPPPPPHPPHPPPPPPHHPPHPPPPPPPP
346,PHHPPPPPPPPPPPPPPPPPPPPPPPPPHP
347,PHPPPPPPPPPPPPPPPHPPPPPPPPPPPP
348,HPPPHPPPPPPPPPPPHPPPHPPPPPHPPP
349,HPPPPPPPPPHPPPPPPPHPPPPPPPPHPP
350,PPPPPHPPPHPPPPPPHPPPPHPPPPPPPP
351,PPPPPPPHPPHPPPHPHHPPPPPPPPPPPP
352,PPPPPHHPPPPPHHPPPPPPPPHPPHPPPP
353,PPPPPHHPPPPPPPPPHPPPPHPPPPPPPH
354,PPHPPPPPPPHPPPPPPPPPPPHPHPPPPP
355,HPPHPHPPPPPPPPPPPPPPPHPPHPHPPP
356,PPPPPPPPPPHPPPPPPPPHPPPHHPPHPH
357,PPPPPPHHHPPPPPPPPPHPPPPPPPHPPP
358,PPHPPPPPPPPPHPPPPPHPHPPPPHPPPP
359,PPPPPPHPHPPPHPPPHPPHPPPHPPPPPP
360,PHPPPPPPPPPHHPPPPHPPPPHPPPPPPP
361,PPPPPPPPPHPPPPPHHHPPPPPHPPPHPP
362,HPPPPPPPPPPPPPPPPPPHPPHPPPPPPP
363,PPPPPPPPHPHPPHPPPPPPPPPPPPPPPP
364,PPHPPPPPPPPPHPPPPPPPPPPPPPHPHP
365,PHPPHPPPPPHPPPPPPPHPPPPPPPHPPH
366,PPPPPPHPPPPPPPPPPHPPPPHPPPPPHH
367,PPHPPPPPPPPHPPHPPHPHPPPPPPPPPP
368,HPHPHPHPPPPPPHPPPPPPPPPPPPPPPH
369,PPPHPPHPPPPPPPHPPPPPHPPPPHPPPP
370,HHPPPPPPPPPHPHPPPHPPPPPPPPPPPH
371,HPHPPHPPPPPPHPPPPHPPPHPPPPPPPP
372,PPPHHPPPPPPPHPPPPPHPPPPPPPPPPP
373,PPPPPHPPPPPHPPPHPPHPPPPPPPPPPP
374,PHHPPPPPPPPPPPPHPPPPPPHPPPPPPH
375,PPHPPHPHPPPPPPPHPPPPPPPPPPPPPP
376,PPHHPPPPHPPPPPPHPPPPPPPPHPPHPP
377,PPPHPPPPPHPPPPPPPHHPPPPPPPPHPP
378,PHPPPPPPPPPPHPPPPPHPPPPPPPHPPP
379,PPPPPPPPPPPPPHPPPHPPHPPPPPPPPP
380,PPHPPPHPPPPPPPPPPHPPPPPPPPPHHP
381,PPPPPPPPPPPPHPPPPPHPPPPPPPHPHP
382,PPPHPPPPPPPPPPPPHPHPPHHPPPPPHP
383,PPPHPPPPPPPPHHPPPPPPPPPPHPPPPH
384,PPPPHPPPPPHPPPPPPHPPPPPPPPPHPP
385,PPPHPHPHPPPPPPPHPPPPPHPPPPPPHP
386,PHPPPPPHPPPPPPPPPHPPHPPPPPPPPP
387,PPPPHPPPPPPPHPPPPHPPPPPPPPPPPP
388,PPPHPPPPPHPHPPPPPPPPPHPPPPPPHH
389,PHPHPPPPPPPPPPPPPPHPPPPPHPPPPP
390,PPPPHPPPPPHPPPPPPHPPPHHPPPPPHP
391,PPPPPPPPPHPHPPPPPPPPPPPPPPPPPH
392,PPPPPPHHPPPHPPPPPPHPPPPPPHPPPH
393,PHPPPPPPPPPPPPHPPPPPPPPPPHPHHP
394,PPPPPHPPPPPPPHPPPPPPPPPHPPPPPP
395,HPPPPPPHPPPPPPPPPHHPPPPPHPPPPP
396,PHPPPPPPPPPPPPPPPPPPPPPPHPHPPH
397,PPPPHPPPHPPPHPPPHPPPPPPPHHPPPP
398,PPPPPPPPPHPPHPPPPPPPPPPPPPHPPP
399,PPPPPPPPPPPHPPPHPPPHHPPPHPPPPP
400,PHHPHPPHPPHPPPPPPPPPPHPPPPPPPP
401,PPPPPPHHPPHPPPPPPPPPPPPPPHHPHP
402,PPPPPPHPPPPPHPPHPPPPPPPPPPPPHP
403,PHPPPPPPHPPPPPPPPPHPPPHPPPHPPP
404,PPPPPPPPPHPPPPPHPPPPPPPPPPPPHH
405,PPPPPPPPPPPPHHPPPPPPPPHPPPPPPP
406,HHHPPPPPPPHHPPPHPPPPPPPPPPPPPP
407,PPPPPPPPPHPPPPPHPPPPPPPPHPPPPP
408,PPPHPPPPHPPPPHPPPPPPPHPPPPPPPP
409,PPPPPPPPPPPPPPPPPPPPPPHPHPPPPP
410,PPPPPPPPPHPPPHPHPHPPPHHPPPPPPP
411,PHPPPPPPPPPHPHPPPPPPPPPPPPHPPP
412,HHPPPPHPPPPHPPPPHPPPPPPPPPPPPH
413,PPPHPPPPPPPHPHHPPPHPPPPHPPPPPP
414,PPPHPPPPHPHPPPPHHPPPPPPPPPPPPP
415,PPPHPPHPHPPPPPPPPPPHPPPHPPHPPP
416,PPPPPHPPPPPHPPPPPPHPPHPPHPPHPP
417,PHPPPPPPHPHPPHPPPPPPPPPPPPPHPP
418,HPPPPHPPPPPPPPPPPPPPPPHPPHPPPH
419,PPPPPHPPPPPHPPPPPPHPHPPPHPHPPP
420,PPPPPPPPPPPPPPPPPHHPPPPPPPPPPP
421,PPHPPPPPHPPPPHPHPPPPPPPPHPPHPP
422,PPPPPPPPPHPPHHHPPPPPPPPPPPPHPH
423,PPPPPPPPHPPPPPPPPPPPPHPPPPPPPP
424,PPPPPPHPPPPHPHPPPPPPPPPPPHPHPP
425,PPHPPPPPPPPPPPPPHPPPPHPHPPPPPP
426,PHPPPPPPPPPPPHPHPPPPHPHHPPPPPP
427,PPPPPPPPPPPPPPPHPPPPHPPPHPPPPH
428,PPHPPPPPPPPPPPPPPPHPPPPPPPPPPP
429,PPPPHHPPHPPPHHHPPPPPPPPPPPPPPP
430,PPPHPPPPPPPPPPPHPHHPHPPPPPPPPP
431,HPHPPPPPPPPHPPPPPHPPPPHPPPPPPH
432,PHHHPHHPPPPPPPPPHPPPPPPPPPPPPP
433,PPPPPPPPPPHPPPPPHPPPPHHPPPPPHP
434,PHPPPPPPPHPPPPPHPHPPPPPPPPPHHP
435,PHPHPPPHPPPPPPPPPPPPHPPPHHPPPP
436,PPPPPPPPPPPPPPPHPPPPHPPPPHPPPP
437,PPPPPPPPPHPPPPPPPPPPHHPPPPPPPP
438,PPPPHPPPPPPPPHPHHPPHHPPPPPPPPP
439,PPPHPPPHPPPHPPPPPPPPPPPPPPPHPH
440,PPPPHPHHPPPPPPPHHPPPPPPPPPPPPP
441,PHHPPPPHPPPPPPPPPPPHHPPPPPPPHP
442,PPPHPPHPPPPPPPPPPPHPPPPPHPPHPP
443,HPPHPPPPHPPPPPPPHPPPPPPPPPHPPP
444,HPPPHPPPPPHPPPPPPPPPHPPPPPPPPP
445,PPHPPPPPHPPPPPHPPPPPPPPPPPHHPH
446,PPHPPPPHPHPPPPPHPPPPPPPPPHPHPP
447,HPPPPPHPHPHPPPPPPPPPPPHHPPPPPP
448,PPPPPPPPPPPPPPPPPPPPPPPPHHPPPP
449,PHPPPPHPPHPPPPPHPPHPPPPPPPHPPP
450,PPPPHPPPPPPHPPPPPHPPPPPPPPPPPP
451,PPHPPPPPPPPPPPPPPHPPPHPPPPHPPP
452,PPPPHPPPHPPPPPHPPPHPPPPPPPHPPP
453,PHHPPPHPHPPPPPPPPPPPPHPPPPPPPH
454,PPPPHPHPPHPPPPPPHPPPPHPPPPPPPP
455,PPPHPPPHPPPPHPPPHPPPPHPPPPPPPP
456,PPPPHPPPHPHPPPPPPPHPPPPPPHPPPP
457,PPPHPPPHPPPPPPPPPPHPHPPHPHPPPP
458,HHPPPPPPPPPPPPPPPPPPPPPPPPPPPH
459,HHHHPPPPPPPPPPHPPPPPPPPPPHPPPP
460,PPPPPPPPPPPPPPPPHPPPPPHPPPPPHP
461,PPPPHPPPPPHHPPHPHPPPPPPPPPPPPP
462,PPPPPPPPPPPPPPHPPPPHPPPPPPPPHH
463,PPPPHPPHPPPPPHPPPHPHPPPPPPPPPP
464,PPPHPPHPPPPPPPPPHPPPPPPPHPPPHP
465,PPPPPPPPPPHPPPHPPPPPPPPPPPPPPP
466,PHPPPPHPPPPPPPPPPPPPPPPHPPHPPH
467,PPPPPPPPPPPPPPPHPPPPHPPPHPHPPH
468,PPHPPPPHHHPPPPPPPPPPPPHPPPHPPP
469,PPHPPPPHPHPPPPPPPPPPPPPPPPPPPP
470,PPHPPPHPPPPPHPHPPPPHPPPHPPPPPP
471,HPPPPPPPHPPPPHPPPHPPPPPPHHPPPP
472,PPHPPPPHPPHPPHPPPPHPPPPPPPPHPP
473,PPPPPPPPPPPPPPPPPPPPPPPHPPPPPP
474,PPPPHPPHPPPPPPPPPPPPPHHPPPPHPP
475,PPPPPPPPPPHHPPHPPHPHPPPPPHPPPP
476,PPPPHPPPHPPPPPHPHPHPPPPPPPPPPP
477,PPPPPPPHHPPPPPPPPPPPHPPPPHPPPP
478,HPPPPHPPPPPPPPPPHPHPHPPPPPPPHP
479,PPHHPPPPPPPPPPPPPHPPPPPPPPPHPP
480,PPPPPHPPHPPHPPPPPPPPPPPPPPPPPP
481,PPPPPHPPPPPPPPPPPPPHHPPPPPPHPP
482,PPPPPPHHPPPPPPPPPPPPPPPHPPPPPP
483,PPPPPPPPPPPPPPPPPPPPPHPPPPHPPP
484,PPHPHPPPHPPHPPPPPPPPPPHHPPPPPP
485,PPPPPPPPPPPPPHPPPPPPPPPPPPPHPP
486,PPPPPPPPPPPPHPPPPPPPPHPPHPHPHP
487,PPPPPHPPPPPPPPPPPPPPPPPPPHHPHP
488,PPPPPPPPPPPPHPHPPHPPPHPHPPPPPP
489,PHPPPPPPPPPPPPPPHPPPPHHPHPPPPH
490,PPPPPHPPPPPHPPHPPPPPPHPPPPPPPH
491,PHPPPHPPPPPPPPPPPPHHPPPPPPPPPP
492,PHPPPHHPPPHPPPPPPPPPPHPPPHPPPP
493,HPPHPPPPPPPHPHPPPPPPPPPPPPPHHP
494,HPPPPHPPPPPPPHPPPPPPPPHPPPPPPP
495,PHPPPPPPPPPHHPPPPPHPHPPPPHPPPP
496,HHPPPPHHPPPPPPPPPPHPHPPPPPPPPP
497,PPPPPPHPPHPPPPPPPPPHPPPPPPPPPP
498,PPPPPPPPHPPPHPPPPPPPPHPPPPPPHP
499,PPHPPPHPPPPPPPPPPHHPPPHPPPPHPP
500,PPPPHPPPPPPPHHHPPPPPPPPPPPPPPP
501,PPHPPHPPPPPPPPPPPPPPHPHPPPPPPP
502,PHPPPPPPPPPPPPHPPPHHPPPPPHPPHP
503,PPPPPPPPHPHPPPPPPPPPHPPPPPPHPH
504,PPPPPPPHHPPPPPPPPPPPPPPPPPPPPP
505,PPHPPPPHPPPPPPHPPPPPPPPPPPPPPP
506,PPPPPPHPPPPPHPHHPPPPPPHPPPPPPH
507,PPPPPPHPHPPPHHPPPPPHPPPPPPPPHP
508,PHPPPPPPPPPPPPPPHHPHPPPPPHPPPP
509,PPPPPPPPPHPPPPHPPPPHPPPPHPPPPH
510,PPPPPPPHHPPHPPPHHPPPPPPHPPPPPP
511,PHPPPHPPPPPPHPPPPPPPPHPPPPHHPP
512,PPPPPPPHPPPPPPPPPPPPHPHHPPPPHP
513,HPPPHPPPPPPPPPPPPPPPPPPPPPPPPH
514,PHPPPPPPPPPPHPPHHPPPPPHHPPPPPP
515,PPPPHPPPPPPPPHPPPPPPPHPHPHPPPP
516,HPPHPPPPPPPPPPPPPPPHPPPPPHPPHH
517,PPPPPPPPPPPPPPPHPPPHPPHPHPPPPP
518,PPPPPPPPPPPPPHPPPHPPPPPPPPPHPP
519,HPPPPPPPPPPPPPPPPHPPPPPHPPPPPP
520,PPPHHPPPPPPPPPPPHPPPHPPPPPPPHP
521,PPHPHPPPPPHPPPPPPPPPPHPPPPPPHH
522,PPPPHHHPPPPPPPPPHHPHPPPPPPPPPP
523,PPPPPPPPHPPPPPPPPPPPPPHHPHPHPP
524,PPPPPPPPPPPPPPPPPPHPPPPPHPPPPP
525,PHPHPPHPPHPPHPPPPPPPPPPPPPPPPP
526,PPHPHPPPPPPHPPPPPPPPPHPHPPPPPP
527,PPPPPPPPPPPHPPPPPPPPPHHPHHPPPH
528,PHHPHPPHPPPPPPPPPHPPPPPPPPPPPP
529,PHPPPPPHPPPHPPPPPPPPPHPHPPHPPP
530,PPPHPPPPPPPPPPPPHPHPPPHPPPPPHP
531,PPPPPPPPPPHPPHPHPPPPPPHPPPPPPP
532,HHPPPPPPPPPPPPPPPPHPPPPPPHHPPP
533,PPPPPPPPPHPPPPPPPPPPPPPPPPPPPP
534,PPPPPHPPPPHPPPPPHPPPPPPPPPPHHP
535,PPPPHPPPPPPPPPPPPPHPPPPPPPPPHP
536,HPPPPPPPPHPPPPHPHPPPPPPPHHPPPP
537,PPPPPPPPPPPPPPPHPHPPPPPPPPPPPP
538,PPHPPHHPPPPPHPPPPPPPPPPPHPPPPH
539,PPPPPPPPPPHPPHPPPPHPPPHPPPPPPP
540,PHPPPHPPPPPPPPPPHPPPPPPHPHPPPP
541,PPHPPPPPPPHPPPHPPPPPPPPPPPPPPH
542,PPHPHPPPPPPPHPPPPPHHPPPPPPPHPP
543,PPPPPPPHPPHHPPPPPPPPPPPPHPPPPP
544,PPPHPPPPHPPPPHPPPPPPPPPPPHPPPP
545,PPPHPPPPPPHPHHPPHPPPPPPPPHPPPP
546,PPPPHPPPHHPPPPPPPPPHPPPPPPHPHP
547,PPPPPPPPHPPPPPHHPPPHPPPPPPPPPH
548,PPPPPHPPHPPPPPPPPHPPHHPPPPPPPH
549,PHPPPPPPPPPHHPPPPPPHPPPHPPPPPH
550,PHPPPHPPHPPPPHPPPPPPPPPPPPPPPP
551,HPPHPPPPPPPPPHPHPPPPPPPPPPPPPP
552,HPPPPPPPPPPHHPPPPPPPHPPPPPHHPP
553,PHPPPPPHPPPPPHPPPHPPPPPPPHHPPP
554,PHPPPHPPPHPPPPPPPPPPPPPPPHPHPH
555,PPPPHPPPPHPHHPPPPPPPPHPPPPPHPP
556,HPPHPHPPPPHPPPPPPPHPPPPPPHPPPP
557,PPPHPPPHPHPPPPPPPHHPPHPPPPPPPP
558,HPPHPHPHPPPPPPPPPPPPPPPPPPPPHP
559,HPPHPPPPPPPPPPPPHPHHPPPPPPPHPP
560,HPPPPPPPPPPPPPPPPPPHPPPPHPPPPH
561,HPPPPPPHPPPPHHPPPPPPPPPPHPPPPH
562,PPPPPPPPPPPPPPPPHPPPPHPPHPPHHP
563,HPPPPPPPPHHPPPPPPPPPPPPPPHPPPH
564,PPHPHPPPPPPPHPPPPPPPPHPPPPHHPP
565,PPPPPPPPPPPPPPPPPPPHPPPPPPPPPH
566,PPPPHHPPPPPPPPPPHPPPPPHPPPPPPP
567,PPPPPPHPPPPPPPHPPPHPPPPPPPPPPP
568,PPPPPHPPPPPPPHPPHPPPPPPPHPPPPP
569,PPPHPPHPPPHPPPPPPHPPPPPPPHPHPP
570,HPPHPPPPPHPPPPPPHPPPPPPPPPHPPP
571,PHPPPPPPHHPPPPPPPPHHPPPPPHPPPP
572,PPPPPPPPPPHPPPPPPPPPPHHPHHPPPP
573,PPPPHPPPPPHPPHPPPPPPPPPPPPPPPP
574,PPPPPHPPPPPPPHPPPPHPHPPPPPPPPP
575,HPPPPPPPPPPPPPPPPPPPPPPPHPHPPP
576,PPPPPPPPPHPPHPPPPPHHPPPPHPPPPH
577,PPPPPPPPPPPPPPPPPPPPPPPPPHPPHP
578,PPPHPPPPPPPPPHPHPPPPHPPHPPPPPP
579,HPPPPPPPPPHPHPPPPPPHPPPPPHPPHP
580,PPPPPPPPPPPPPPPPPPPPPPPPHPPPPP
581,HPPPPPPPPPPPPPPPPPPPPHPPPPPPPP
582,PPPPPPHPPPHPPHPPPPPPPPPHPPPHPP
583,PPPPHPPPPPPHHPPHHPPPPPHPPPPPPP
584,PPPPPPPPPPPPHPPPHPPPPPPHPHPPPP
585,PPPPPHPPPPHPPPPPPPPPPPPPHPPPPP
586,PPPHPPPPPHPPPPHPPPPHPPPPPPPPPP
587,HPPPPPPPPHPPPPPPPPPPPPPPPPHPPP
588,PPHPPPPPPPPPPHHPPPPPPPPPHPPPHH
589,PPPPPHPPPPPPPPPPPHPPPHPHPPHHPP
590,PPPPPPHPPHPPPPPPPPPPHPPHHPPPHP
591,PHPPPPPPPPPPPPPPHPHPHPHHPPPPPP
592,PPPHHPPPHPPPPHPPPPPPPPPPPPPPPH
593,PPPPPPPPPPPPPPPHHPPPPPHPPHPPPH
594,PPPPPHPPPPHHPPPPPPPPPPPHPPPHPP
595,HHPHPPPPPPPPPPPPPPPHPPPPPHHPPP
596,PPPHHPPPHHPPPPPPHPPPPPPPPPPHPP
597,PHPHPPPPPPPPPPPHPPHPPPPPPPHPPP
598,PPHPPPHPPPPPHPPPPPPPPPPPHPPPHP
599,PPHPPPPHPPPPPPPPPPHPPPPPPPPHPP
600,PPPPHPPPPPPPHPPPPPPPHPPPPPPPHP
601,PPHPPPPPPPPPPPPPPHPPPPHPPPPPHP
602,PPPPPPPPPHHPPPHPPPPPPPHPPPPPPP
603,PPPHPPPPPPHPHPPPPPPPPPHPPPPPHP
604,PPPPHPHHPHHPPPPPHPPPPPPPPPPPPP
605,PPPPPPPHPPPPPPPPPHPPPPPPHPPHPH
606,PPPHPPPPPPHPPPPPPHHPPHPPPPHPPP
607,HPPPPPPHPPPPPPPPHPPPPHPPPHHPPP
608,HPPPPPPPPPHPPPPPPPPPPHPPPPPPPP
609,PPPPPPPPHHPPPPPPPPPPPPHPPPPPPP
610,PPPPPPPPPHHPPPPHPPPPPHHPPPPPPP
611,PPPPPPPPPPPPHPPPPHPPHPPPPHPHPP
612,HPPPPPPHPPPPPPPPPPHPPHPPPPPPPP
613,PHPPPPPPPPPPPHPPPPPPPPPPHPPPPP
614,PHPPPHPPPPPPPHHPPPPPPPPPPPPPPH
615,PPPPHHPPPPPPPPPHPPPPPPPHPPPPPP
616,PPPPPPHPPPPPPPPPPPPPPPPPPHPPPP
617,PHHPHPHPPPPPPPPPPPPPPPHPPPPPPP
618,PPPHPPPHPPPPHPPHPPPHPPPPPHPPPP
619,PHPPHPPPPHPPPPHPPPPPPPHPPPPPPP
620,PPPPPPPPPPPPPPHPPPPPPPHPPPPHHP
621,PPPPHPHPPPHPPPPPPPPPHPPPPPPPPP
622,PHPPHPHPPPPPPPPPPPPPPPPPPPPHPP
623,HPPPHHPPPPPPPPPPPPPPPPHPHPPHPP
624,HPPPPPHPPPPPPPPPPPPHPPHPPPPHHP
625,PHPPPPHPPHPPPPPHHPPPPPPPPPPPPH
626,PPHPPPHPPPPPPPHPPHPPPPPPPHPPPH
627,PPPPPPPPPPPPPHPPPPPPPPPPPPHHHP
628,PHPPPPPPPPPPPPPPPPHPPPPPPHPPPP
629,HPPPPPPPPPPPPHHPPPPPPHHPPPPPPP
630,PPHHPPPPPPPPPPPHPPPPPPPHPPHPPP
631,PPPHHPPPPPPPPPPPPPPPPHPPPPPPPH
632,PPPPHPPHPPPPPPPPPPPPPPPHPHPHHP
633,HPPPPPHPPPPHPPPPPPPPHPPHHPPPPP
634,PPPPHPPPHPPPPPPPPPPPPPHPPPHPPP
635,PHPPPPPPPPPPPPPPPPPPPPPHHPPPPH
636,PPPPPPPPPPHPPPPPPHPPPHPPHHPPPH
637,PPPPHPPPPPPHPHPPPPHPPHPPPPPPPP
638,PPPHPPPHPHPPPPPPPPPPPPHPPPPPPH
639,PPPHPPPPPHHPHHPPHPPPPPPPPPPPPP
640,PPPPPPPPPPPPPPPPPPHHPPPPPPPPPP
641,HPPPHPHPPPPPPPPPHPPPPPPPPPPPPP
642,PPPPPPPHPHPHPPPPPPPPPPPPPHPHPP
643,PPPHPPPPHPPPPPPHPPPHPHHPPPPPPP
644,PHPPHPHPPPHPPPPPPPPPHHPPPPPPPP
645,PPPPPPPPHPPPHPPHPPPPHPHPPPPPHP
646,PPPHPPPPPPPPHHPHHPPPPPHPPPPPPP
647,PPPPPHPHPHPPPPPPPPPHHPPPPPPPPP
648,PPPPPPPPHPHHHPPPPPHPPPPPPPPPPH
649,HPPPPHPPPPHPPPPPPHPPPPHPPPPPPP
650,PPPPPHPHPPPPPPPHPHPPPPPPPPPPPP
651,PPHPPHPPPPPPPPHPPPHPPPPPPPPPPP
652,HPPPPHPHHPPPPPPHPPHPPPPPPPPPPP
653,PPPPPHPPPPPPPPPHPPPPPHPPPPPPPH
654,PHPHPPPHHPPPPHPPPPPPPHPPPPPPPP
655,PPHPPPPPPPPPPPHPPPPPPPHPPPPPHP
656,PPPPPPPPPPHPPPPHHPPPPPPPPHHPPP
657,PPPPPPPHPPPHPPPHPPPPPPPPPPPPPP
658,PPPPPPPPPHPPPPPPPHPPPPPPPHPPPP
659,PHPPPPPPPPHPHPPPPPPHHPPPPPPHPP
660,PPPPPPPPPPHHPHPPHPPHPPPPPPPHPP
661,PPHPPPHPPPPPPHHPPPPHHPPPPPPPPP
662,HPPPPPPHPPPPPPHPPPPPPHPHPPPPPP
663,PPPPPPPPPPPPPHPPPPHPPPPPHHHPHP
664,HPPHPPPPPPPPPPPPPPPPPPPPPPPPPP
665,PPPPPPPPPPPHPHHPHPPPPHPPPPPPHP
666,PPHPPPHPPHPHPPPPPHPPPHPPPPPPPP
667,PPPPPPPPPPPPHPPPPPPPHPPPHPPPHP
668,PPPPPHHPHPPPPPPPPPHHPPPPHPPPPP
669,PPPPPHPPPPPPPPPPPPPPPPPPPPPPPP
670,PPHPPPHPPPHHPPHPPPPHPPPPPPPPPP
671,PPPPPPHPHHPHPPPPPHPPPPPPHPPPPP
672,PPPPPHPPPHPPPPPHPPPPHPHPPPPPPP
673,HPHPHPPHPPPPPPPPPPPPPPHPPPHPPP
674,HHPHPPPPPPPPPHPPPPPHPPPPPPPPHP
675,HPPPPHPPPPPPPPPPPPPPPPPHHPHPPP
676,PPPHPPPPPPPPPPPPHPPPPPPPPPPPPP
677,PPPPPPPHPPPPPPPHPPPPPPPPPHHPPP
678,PPPPPHPPPPHPPPHPPPPPPHPPPPHPHP
679,PPPPHPPPPHPPPPPPPPPPPPPPPPPPPP
680,PPHPPHHPPPPPPPPPPHPPPPPPPPHPPH
681,PPPHPPPPPPPPHHPPPPPPPPHPHPPPHP
682,PPPHPPPPPPPHPPPHPPPPHPHPPHPPPP
683,PPPPPPPPHPPPPPPPPPPPPHPHPPPPPP
684,HPPHPPHPPPPHPPPPPPPPHPPPPPPPPP
685,HHPPHPPPPPPHPPPPHPPPPPPPPHPPPP
686,HPPPPPPPPPPPHPPHHPPPPPHPPPPPPP
687,PPPHPPPHPPPPHPHPHPPPPPPPPHPPPP
688,PPPPHPPHPHPPPPPPPPPPPHPPPPPPPP
689,PPHPPPPPHPPPPPHPPPPPPPHPPPPPPH
690,PPPPPPPPPHPPHPPPPPPPPHPPPPPPPP
691,PPHPPPPHPPPPPPPPPHPPPPPPPHPHPP
692,PPPPPPPPPHPPPPPHPPPPHPPHHPPPPH
693,PPPPPPPPPHPPPPPPPHPPPPPHPPPHPH
694,PPPPPPPPHPPPHPPPHPPPPPPPPHPPHP
695,PPPPPHPPPPPPPPPHPPPHPPPPPPPPHP
696,PPHPPPHPHPPPHPPHPPPPPPPPPPPPPP
697,PPPPPPHPHPPHPPHHPPPPPPPPHPPPPP
698,HHPPPPPPPPPPHPPPPHPHPPPPHPPPPP
699,HHPPPPPPPPPPHPPPPPHPPPPPPHPPPP
700,PPPPPPPPPPPPPPPPPPPPPPPPPPHPPH
701,PPPPPHHHPPPPPPPPPPPPPHPPHPPPPP
702,HPHPPPPPPPPPPPPPPHPPPPHPHPPPPP
703,HPPPPPHPPPPPHPPPPPPPPHPPPHPPPP
704,PPPPPPHPPPPPPPHPPPPPPPHPPPPPHP
705,PHPHPPPPPPPPHPPPPPPPHPPPPHPPPP
706,HHPPPPPPPHHPPPPPPPPHPPPPPPHPPP
707,HHPPPPPPPPPPPPPPPPPPPPPPPPPHHH
708,PPHPPPPPPPPHPPPHPHPPPPHPPPPPHP
709,PPPPPPPPPPPPPPPPPHPPPPHPHPPPPH
710,PPPPPPPPPPPPPPPHHPPPPPPPPPPPHP
711,PHPPPPHPHPPHPPPPPPPPPPPHPPPPPP
712,PHPPPPPPPPPPHPPPPPPPHHPPPPPPPP
713,PPHHPPHPPPPPPHPPPPHPHPPPPPPPPP
714,HPHPPPPPPPPPPPPPHPPPPPPHPPPHPP
715,PPHPPPPPPHPPPPPPPHPPHHPPPPHPPP
716,PPPPPHPPHPPPPPPPPPHHPPPPHPPPPP
717,PPPPPPPPPPPPHPPPPPPPHPPHPPPPPP
718,PHPPPPPPPPHPPPPHPPPHPPPPPPPHPH
719,HPPPPPPPPPHHPPPPPPPPPHPHHPPPPP
720,PHPPPPHPPPPPPPPHPPPHPPHPPPPPPP
721,PPPPPPHPHPPPPPPPPPPPPHPPPPHHPP
722,PPPPPPPPPPPHPPPPPPPPHPPHHPPPPP
723,PPHPPPPPPPPPHPPPPPPPPPPPHPPPHH
724,PPPPPPPPPPPPHPPPPPPPHPHPPPPPPP
725,PPHHPPPPPHPPPPPPPPPHPPPPPHPPPP
726,HPPPPPPPPPPPPHPPHHPHHPPPPPPPPP
727,PHPPPPPHHPHPPPPPPPPPHPPPPHPPPP
728,PPHHPPPPPHHPPPHPHPPPPPPPPPPPPP
729,PPPPPPPPPPPPPPPPPPPHPHHPPPPPPP
730,HPPPPPPHPPPPPHPPPPPPHPHPPPPHPP
731,HPPPPPPPPHPPPPPPPPPPPPPPPHPPPH
732,HPPPPPPPPPPPPHPHPHPPPHPPHPPPPP
733,PPPPPPPPPPPPPPPPPHPPPPHPPPHPPP
734,PPPPPHPPPPPPPPPPPPPPPPHPHPPPHP
735,PPPPPPHPHPPHPPPPPPPPPPPPPPPPPP
736,HPPPPPPPPPPPHPHHPHHPPPPPPPPPPP
737,PPHPPPHPPPPHHPPPPPPPPPPPPPPPPP
738,PPPPPHPHPPPPPHPPPPHPPPPPHHPPPP
739,PHPPPPHPPPPPPPPHPPPPPPPPHPPPPP
740,HPPPPPPPPPPPHPPPPPPPPPHHHPPPHP
741,PPPPPPPPPPPPPPPHPPPHPPPPPPPPPP
742,HPPPHHPPPPPPPPPPPPPHPHPPPPPPHP
743,PPPHPPPPHPPHPPPPPPHPPPHPPPPPPP
744,PPPPPPHPPPPHPPHPPPPPPPPPHPPPPP
745,PPHHPPPPPHPPPPPHPPPPPPPPPHPPPH
746,PPPPPPPPPPPPHHPHPPPHPPPPPPPPHP
747,HPPPPPHPPPPPPPPHPPPPPPHHPPPPPP
748,PPPHPPHPPPPHPPPHHPPPPPPPPPPPPP
749,PHPPPPHPPPPPPHPPPPPPPHPPPPPPPP
750,PHPPPPPPHPPPPPPPPPHPPPPHPHPHPP
751,HPPPPHPPHPPHPHPPPPPPPPPPPPPPPP
752,PPHPPPPPPPPPPHPPPPHHPPPPPHPPHP
753,PPHPPPPPHPPPPHPPPPHPPPPPHPPPPP
754,PHPPPPPPPPPPHPHPPHPPPHPPPPPPPP
755,PPPHPPPPPPPPPHPPPPPPPPHPPPHPHP
756,PPPHHPPPPPPPPPPPPPHPPPHPPHPPPP
757,PHPPPPPHPPPPPHPPHPPPPPPPPPPPPP
758,PHPPPPPHPPPPPHHPHPPPHPPPPPPPPP
759,PPPPPPPPPPPPHPHHPPPPPPPHPPPPPH
760,PPPPPPPHPPPPHPPPPPPPPHHPPPPPHH
761,PHPPPPHPPPPPPPPPPPPHPPPPHPHPPP
762,PPHPPHPPPPPPHHPPPPPHPPPPPPPPPP
763,PPPPPPPPHPPPHPPHPPPPPPPPPHPPPP
764,PPPPHHPPPPPHPPPPPPPPPPHPPPPPPP
765,PPPPHPPPPPPHPPPPPPPPPPPPHPPPPP
766,PPPPHPHPHPPPHPPPPHPPPPPHPPPPPP
767,PPPPPPPPPPPHPHPPPPPPPPPPPPHPPP
768,PPPPPPHPPPPPPPPPPHPHPPPPPPPPPP
769,PPPHPPHPPPPHPPHPPPPPPPPPPPPHPH
770,PPPPPPPHPPPPPPPPPPPPPHPPPPPPHP
771,PPPPPPPPPPPPPPPPPPPPHPHPPHPPPP
772,PPPPPPHPPHPPPPPPPPPHPPPHHPHPPP
773,PPPPPHPPPPHPPPPHPHPPPPPPPPPPPP
774,PPPPPPPHPPPPPPHPPPPPPHHPPPPHPH
775,PPPPPPPPHPPPHPPPPPPPPPPPPPPPPP
776,PPHPPPHPPPPPHPPPPPPPPPPPHPHPPP
777,PPHPPPPPPPPHHPPPPPPHHHPPPPPPPP
778,PHHPPPPHHPPPPPPPPPPPPPPPPPPPPP
779,PPPPPPPPPHPPPHHPPHPPPPPPPPPPPP
780,PPPPPPPPPPPPPPPPPPPPPPPPPPHPPP
781,PHPPPPPHPPPPHPPPPPPPPPPPPPPHPH
782,HPPPPPPPPPPPPHPPPPPHPHPPPPPPPH
783,HPHHPPPPPPPPPPPPHPPPPPPPPPPPPH
784,PHHPHHPPPPHPPHPPPPPPPPPPPPPPPP
785,PPPPHHPPPPPPPPPPPPPPPPPPPHHPPP
786,PPPPHPHPPPPPPHHPPHPHPPPPPPPPPP
787,HPPPPPPHPPPPHPPPPPPPHPPPPPPHPP
788,PPPPHHPPPHPPPHPPPPPPPPHPPPHPPP
789,PPPPPPHPPPPHPPPPPPPPPPPHPPPHPP
790,PHHPPPPPPPHPPPPPHPPPPPPPHPPPHP
791,PHPPPPPPPPPPPPHPPPHPPPPPPPPHHP
792,PHPPHHPPPPPPPPPPPHPHPPPPHPPPPP
793,PHPPPPPPPPPPPPPPHHPPHPPHPPPPPP
794,PHPPPPHPPPPHPPPPPPPPPHPHPPPPPH
795,HPPHPHPPPHHPPPPPPPPPPPPPPPPHPP
796,PPPPPPPPPPPPHPPPHPPPPPHHPHPPPP
797,PPPPPPHHPHPPPPPPPPPPPPPPPPPPPP
798,PPPPPPHPPPPPPHPPPPPPHPPPPPPPPP
799,HPPPPPHPPPPHPPPPPPPPHPPPHPPPPP
800,HPPHPPPHHPPPPPPPPPPPPPPPPPPPPP
801,PHPPPPPPHPPPPPPPPPPPPPPPPPPHPP
802,PPHPHHPPPPPPPPPPPPPHPPPPPPPHPP
803,PPPPPHPPPPPPPPPPPHPPPPPPPPHPPP
804,PPPPHHPPPPPHPPPHPPPPPPPPHPHPPP
805,HPHPPPPPPHPPHPPPPPPPHPPPPPPPPH
806,PPHHPPPPPPPPPHPPPPPPPPHPPPPPPP
807,HPPPPPHHPHPHPPPPPPPPPHPPPPPPPP
808,HPPPPHPPPPPPPPPPHPPHPHPPPPPPPH
809,PPPPPPPPPHHPPPPPPPPPPPPPPPPHPP
810,PPPPPPPPPPHPPHPPPPPPPHPHPPPPPP
811,PPPPPPPPPHPPHPPPPPHPPPPHPHPPPP
812,PHPPHPPPPPHPPPPPPHPPHPPPPPPPPP
813,PPPHPPPPPPPPPPPPPPPPPPPHPPPHPP
814,PPHPHPPPHPPPPPPHPPPPPHPPPPPPHP
815,PPPPPPPPPPPPPPHPPPHPPPPPPPHPPP
816,PPPHPPPPPPPPPHPPPPHPPHHPPPPPPP
817,HPPPHPPPPPPPPPHPPPPPHPPPPPHPPP
818,PPPPPPPHHPPPPHPPPPPPPPPPPPPPPP
819,HPPPPPPPPPPPPHHPHPHPPPPPPPPHPP
820,PHPPPPPPHPPPPPPPPPHPPHPHPPPPHP
821,PPPPPPPHHPPPHHPPPPPPPPHPPPPPPH
822,PPPPPHHPHPPPPPPPPPPPPPPPHPPPPH
823,HPHPPPPPHPPPPPPPPPPPPHPHPPPHPP
824,PPPPPHPHPPPHPPHPPHPPPPPPPPPPPP
825,HPPPPPPHPPPPPPPHPPPPHPPHPPPPHP
826,PPPHPPPPPHPPPPPPPPPPPPPPPPPHPP
827,PPPPPPPHPPPPPPHPPPPHPPPPPPPPHP
828,HPPPPHPPPPPPHPPPPPPPPPPPPPPPPH
829,PPPPPPPPHHPPPPPPPPPPPPPPPPPPPP
830,PPHHPPHPPHPPPPHPPPPPPPPPPPPPPP
831,PPPHHPPPPHPPPPPPPPPPPHHPPPPHPP
832,PHPPPPPHPPPPPHPPPPPPPPPPPPPPHP
833,PHPPPPPPPPPPPPHPPPHHPPPPHPPPPP
834,PPPPPPHHPPHPPPPPPPPPPPPPPPHPPP
835,PPHPPPPPPPPPPPPPPPHPPPPPPHPHPP
836,PHPPPHPPPHPPPPHHPPPPPPPPPPPPPH
837,PPPPHPHPPPPHPPPPPPHPPPPPPPPHPP
838,PPPPPPPHPPPPPPPPPPPPPPPPPPHPPP
839,PPPPHPPPPPPPHPPPPPPPPPHPPPPPPP
840,HHPPPPPPPPPPPPPPPPPPPPHHPPPPHH
841,HPPPPPPHPPPPPPHPPHPPPPPPPPPPPP
842,PPPPPHHPPPPPPPHPPPHPPHHPPPPPPP
843,PPPPPPPHPPPPPPPPPHPPPPPPHPPPPP
844,PPPPPPPHPPHPPHPPPPHPPPPPPPHPPH
845,PHHPPPPPPPPPPPPHPPHPPPPPPPPPPP
846,PPPHPPPHPPPPHPPPPPPHPPPPPPPPPP
847,PPPPPPHHPPPPPHPPPHPPPPPPPPPPPP
848,PPPPPPPPPPPHPPPHPPPPPPPPPHPPPP
849,PPPPPPPPHPPPPPPPPHHPPPHPPPPPPP
850,PPPHPPHPPPHPPHPPPPPHPPPPPPPPPP
851,PPPPPPHPPHPPPPPPPPPHPHPPPPHPPP
852,PPPPPPPPHPPPPPPPPPPPPPPPPPPPPP
853,PPPHHPPPHPPPHPPPPPPPHPPPPPHPPP
854,HPPPPPPPHPHPPPPPPHPPPHPPPHPPPP
855,HHPHPPPPPPPHPPPPPPPPPPPPPPPPHP
856,PPPPPPPPPPPHPHPPPPPPPPPPPPPPPH
857,PHPPPPPPPHPPPPPPPPHPPPPPPPPPPP
858,PPPPPPPPPPPPPPPHHPPPPHPHPPPPPP
859,HHPPPPPPPPPPPPPHHPHPPPHPPPPPPP
860,PPPPPHPPPPPPPPPPPPPPPPHPPHPPPH
861,HPPPPPPPPHPPPPPPPPHPHPPPPPPPPP
862,HPPPHPPPPPPPPPPPPPPPPPHPPPHPPH
863,HPPPPPPPPPPPPPHHPPPPHPPPHPPPPP
864,PPHPPPPPPPPPPPPPPPPPPPPPPHPPPP
865,PPPPPHPPHPPPPPPHPPPPPPPPPPPPHP
866,PPHPPPPPPPPPPPPPPPPPPPPPPPPHPH
867,PPPPPPPPPPPPPPPPHPHPPPHPPPHPPP
868,HPPPHPPPPPPPPHPPPPPPHPPPPPPPHP
869,HPHPPPPPPPPPPPPPPPHPHPPPPPPHHP
870,PPPPPPPHPPHPPHPPPHPPPPHPPPPPPP
871,PPPHPPPPPPPPPPPPPHPPPPPPPPHPPP
872,PPPHPPPPPPPPHPPPHPPPPHPPHPPPPH
873,HPHPPPPPPPPPPPPHPHHPHPPPPPPPPP
874,PPHPPHPPHPPPPPPPHHPPPPPPPPPPHP
875,PPPPPPPPPPPPPPPHPPPPPPHPPHPHPH
876,PPPPHPPPPHPPPPPPHPPPPPPPPPPPPP
877,PPPHPPPPPHPPPPPPHPPPPHPPPPPPPP
878,HHHPHPPPPPPPPPPHPPPPHPPPPPPPPP
879,PHPPPPPPPPPPPPPPHPPPPPHPPPPPPP
880,PHPPPPPHPPPPPPPPPPPPPHPPHPHPHP
881,PPPHPPHPPHPPPPPPPPPPPPPPPPPPHP
882,HPPPPPPPPPHPPHPPPPPPPPHPPPPHPP
883,HHPPPPHPPPPPPPPPPPPPPPPPPPPPPP
884,PPPPHPPPPHPPPPPPPPPPPPPPPPPHPP
885,PHPPPPPPHPPPPPHPHPPPPPPPHPPPHP
886,PPPPHPPPPPPPHPPPPHPPPPHPHPPPPP
887,HPPPPPPPPPHPPPHHPPPPPPHPPPPPHP
888,PPPPHPPPPPPPPPPPPPPPPPPPHHPPPH
889,PHPPPPPPPPPPHPPHPPPPHPPPPPPPHH
890,HPPPPPPPPPPPHPPPPPPPPHHPPHPHPP
891,PPPPPPPPPHPPPHPPPPPHHPHPPPPPPP
892,PPPPPPHPHPPPPPPPPHPPPHPHPPPPPP
893,PHPPPPPPPPHPPPPPPPPPPPPPPHPPPP
894,PPPHPPPPHPPPPHPPPPPPPPHHPHPPPP
895,PPPPPPPPPPPPPPPPPPPPPPPPPPPHPP
896,PPPPPPHPPPPPPPPHPPPPPHPHPPPPPP
897,PPHPHPPPHPPHPPPPPPPPPPPPPPPPPP
898,PPPHPPHPHHPPPPPPPPPPPPHPPPPPPH
899,PPPHPHPPPPPPPPHPPPPPPPPPPPPPPP
900,PPPPPPPHHHPPPHPPPPHPPPPPPPPHPP
901,HPPPPPPPPPPPHPHPPHPPPPPHPPPPPP
902,PPPPHPPPHPPPPPPPPPPHPPHPPHHPPP
903,PHHPPPPPPPPPPPPPPPPPPPPHPHPHPP
904,PPPHPPPPHPHPPPPPPPPPPPPPPHPPPP
905,HPPPPPPHPPPPPPPPPPPPPHPPPPPPPP
906,HPPPPPPPPPPPPPPPPPPPHPPHPPHPPP
907,PHPPPPPHPPPPPPHPPPPPPPHPPPPPPP
908,PPPPPPHPHHPPPPPPPHPPPPPHPPPPPP
909,PPPPHPPHPPPPPPPPPPPPPPHPPPPPPP
910,PPPPHPPPPPPPPPPPHHPHPPHPPPPHPP
911,PPPPPHPPPPHPPPPPPPPPPPPPPPPPPP
912,PPPPPPPPPPPPPPHPPPPPPPPPPHHPPH
913,PPPPPHPPPPPHPPPPPHPPPPHPPPPPPH
914,PPHPPPPPPHPPPHPPPPPPPHPPPPHPPP
915,PPPPPPPPPPPPHPPHPPPPHPPPPPHPPP
916,PPPPHPPPPPPPPPPPPPPPHPHPPPHPPP
917,PPPPPPPPHPPPPPPPPPPPPPPHPPHPPH
918,PPPPPPPPPPPPPPPPPHHPHPPPPPPPPP
919,PPPHPPPPHPHPHPPPPPHPPPPPPPPPPP
920,PPPHPPPHHPPPHPPPPPPPPHPPPPHPPP
921,PPPHPPHPPPPPPPPPPPHPPPPPPPPPHP
922,PPPHPPPPPHPPPPPPPPPPPPPPPPHPPP
923,PPPPPHPPPPPPPPHPPPPPHPPPPPPPPP
924,PPPPPPPPPPPHPPPHPHHPPPPPPPPPPP
925,PHPPPPHPPPPHPPPPHPPPHPPPPPPPPP
926,PPPPPPPPPPPPHPPPPPPPHHHPPPHPPH
927,HHPPPPPHPPPPPPPPPPPPHPPPPPPPPP
928,PPPHHHPPPPPPHPHPPPPPPPPHPPPPPP
929,PPPPPHPPPPPPPPPPPPPPHPPPPPPPHP
930,PHPHPHPPPPPPPPPPPPPPPPPHPHPPPP
931,PPPPPPPPPHPPPPPPPHPPPHPPPPPHPP
932,PPPPPPHPPPHPPPHPPPPPHPPPPPPPPP
933,PPPPHHPPPPHPPPHPPPPPPHPPPPPPPP
934,PPPHHPPPHHPPPPPPPHPPPPPPPPPPPP
935,PPPPPPPHPPPHPPPHHPPPPHPPPPHPPP
936,PPPPPPPPPPPPPPHPPPPPPPPPPPPPPP
937,PPPPPPPHPPPPPPPPPPPHHPPPPPPPHH
938,PPPPPPPPPPPPPPHPPPPPHPPPPPPPPH
939,PPPPPPHPPPPPHHPPPPPPHPPPPPPHPP
940,PPPPPPPPPPPPHPPPPHPPPHPPPPPPPH
941,HPPPHHPPPPHPPPPPPPPHPPPPPPPPHP
942,PPPHPPPPPPPPPHPHPPPPPPHPPPPPPP
943,PPPHPPHPPPHPPPPPPPPPPPPPHPPPPP
944,PPPHPPPPPPHPHPPPPPPPPPHPPPPPPP
945,PHPPPPHHPHPPHPPPPPPPPPPPPPPPPP
946,PPPPPPPPHPHPPPPPPPPPPHPHHPPPPP
947,PPPHHHHPPPPPPPPPPPPPPPPPPPPHPH
948,PPPHPPHPPPHPPPHPPPPHPPPPPPPPPP
949,PHPHPPPPPPPHPPPPPHHPPPPPPPHPPP
950,PPPPPPPPPPPPPPPPPPPHHPPPPPHPPP
951,PHPPHPPPPPPPPPHPPPPPPPPPPPPPHP
952,HPPHPPPPHPPPPPPPPPPHPPPPPPPPPP
953,PPHPHPHPPPPHPPPPPPPPHPPPPPPPHP
954,HPPPPPPPHPPPPPPPPPPPPHPPPPPHPP
955,PPPPPPPPPHPPPPPHPPPPHHPPPPPPPP
956,PHPHPPPPPPPPPPPPPPPPPPPPPPPPPP
957,PHPPPPPHPPPPPPPPPPHPPPHPPPPPHP
958,PPHPPPHPPPPPPPHPPHPPPPPPPPPPPP
959,HPPHPPPPHPPPHPPPPPPHPPPPPPPPHP
960,PPPPPPPPPHHPPHPPPPPPPPPPPPPPPP
961,PPPPPPPPPPPPPPPPPPHPPPPPHPPPHP
962,PPHPPPPPPHPPHPPPPPPPPPPPPHHPPP
963,PHPPPPHHPPPHPPPPPPPPPPPPPPHPPP
964,PPPPPHPPPPPPPPHPPHPPPPPPPHPPPP
965,PPHPPPPPHPPPPPHPPPPPPPPPPPPPPP
966,PPHHPHHPPPPPPPPPPPPHPPPPPPPPHP
967,PPPHPPPPPPPPPPHPPPPPHPPPPPPPPH
968,PPHPPPPPPPHPPPPPHPPPPPPPHPPPHP
969,PHPPPPPPPPPHPPPPPPHPPHPPHPPPPP
970,PPPPHPPPPPPPHPPPPPPPPHPPPPPPPP
971,PPPHPPPHPHHPPPPPPPPPPHPPPHPPPP
972,PPPPPPPPPPPPHPPHPPPPHPPHPPPPPP
973,PPHPPPPPPPHPPHPPPPHPPPPPPPPPPP
974,PPPPHPHPPHHPPPPPPPPPHPHPPPPPPP
975,HPPPPPPHHPHPHPHPPPPPPPPPPPPPPP
976,PPPPPHHHPPPPPPHPHPPPPPPHPPPPPP
977,PPPPPPPPPPPPHPPPPHHPPPPPHPPPPP
978,HPPPPPHPPPPPPPPPHPPPPPPPHPPPPP
979,PPPPPPPPPPPPHPPPPPHPPHPPPPHPPP
980,PPPPPPPPHPHPPPPPPPHPPPPHPPPPPP
981,PPPHPPPPPPPPPPPPPHPPPPPPHHPHPP
982,PPHPHPPPPPPPPHPPPPPPPPPPPPHHHP
983,PPHPPPPPPPPHHPPPHPPPPPPPPPPPPP
984,PPPPPPPPPPPPPPHPPPPPPPPPPPHPPP
985,PPHPHPPPPPPPPPPHPPPPPPPPHPPPPP
986,PPHPPPHPHPPPPPPHPPHPPPPPPPPPPP
987,PPPPPPHPPPHPHPPPPPHPPPPPPPPHPP
988,PPPPPPHPPPPPPHPHPPPPPPPPPHPHPP
989,PPPPHPPPPPPHPPHPPPPHPPPPPPHPPP
990,HPHPPPPPPPPHPHPPPHPPPPPPPPPPPP
991,PPPPPPPPPPPHPPPPHPHPPPPPPPPPPP
992,PHPHPPHHPHPPPPPPPPPPPPPPPPPPPP
993,PPPHPPHHPPPPPPPHPPPPPPPHPPPPHP
994,PPPPPPPPPPPPPPPPPPPPPHPPHPPPPP
995,PPPHPHPPPPPPPPPPPPPHPPPPPPPPPH
996,PPPPPPPPPPHPPPPHPHPPPPPHPPPPPP
997,PPPPPPPPPPPPPPPHPPPPHPPPPPPHPH
998,HPPPPPHPPPHPPPPPPPHPPPPPPHPPHP
999,PPPPPPPHPHPPHPPPPPPPPPPHPPPHPP
