id,sequence
0,HHHPPHPPHHHHPHPHHHHPHHHHHHHHHP
1,PHHHHHHPHHHHPHPPPHHHHHHPHHHHHH
2,PHHHHHHHHHHHHHHPHHPHPPHHHPHPHH
3,PHPHHPHHHHHHPHHHHHHHHHHHPPPPHH
4,PHPHHHHHHHHHHHPPHHHPHHHHHPHHHP
5,HHHHHHPHPPPPPHHHHHHHHHHPPHHHHH
6,HHHPHHHPHHPHPHHHHPHHHPPHHHHPHH
7,HPHPHHHHHHPHHHHHHHHHPHHPHHHHPH
8,HHHHHPPHHHHHHHPHHHPPHHHHHHPHHH
9,HHPHPPHPPHHHHHHHHHHHHHPHHHHHHH
10,HPPHHHHHHHPHHHHPHHHHPHHHHHHHHP
11,HHHPPHPHHHPHHHHHHHHHPHHHHHHPHH
12,HPHHHHHHHHHPHHHPHPHPHHHHPHPHHH
13,HHHHPHHHHHPHHHHHHPPHHHHHHHHHPP
14,HHHPHHHPHHHHHPPHHHPHHHHHPPHHPH
15,HPHHHHHPHHHHPHHPHHPHHPHPPHHHHH
16,HPHPHHHHHHHHHHHPHHHHPHHHPPHHHH
17,HHPHHHHHHHHHPHHHHHPHHPPHHHPHHH
18,HHHPHHHPHHHPHHHPHHPHPPHHHPHHHH
19,HPHHHHHHHHPPPHHHHPHHPHHHHPHHHH
20,PHPHHHPHPHHHHHPHHPHHPHHHPHHHHH
21,HHPHPHHHHHHHHPHPHHHHPHHHHPHHPH
22,HHPHHHHHHHPHHHPHHPHPPHHHHHHHHH
23,HPPHHHHPHHPHHPPHHHHPHHHHHHHHHH
24,HPHHHHPHHHHHHHHPPHHHPHHPHHHHHP
25,HHPHHHHHHPHHHPHHHPHHHHHPPHHHHH
26,HPPHPHHPHHHHPHHHHHHHHPHHHHPHPH
27,HPHHPHHHHHHHHHHPHPHHHHHPHHHHHP
28,HHHHPHHPHHHHPHPHHHHHHHHHHHHPPH
29,HHPHPPHPHPHHHHHHHHHHHHHHHPPHHH
30,HHPHHHPHHHHHPHHHPHHPHHHPHHPHHP
31,HHHPHHHPHHHHPHHPHHHHHPHHHHPHHH
32,HHPHPHHHHHHHPHPHHHPHHHHHHHHHHP
33,HHPPHHHPHHHPPHHHHHHHHHHHHPPHHH
34,HHHHHHHHPHHHPHHHPHPHPHPHHPHHHH
35,HHHPHHHHPPPHHPHHHHHHHHHPHHPHHP
36,HPHHPHPPHHHHHHHPHHPHPHHHHHHHHH
37,HPHHPHHHHHHHHPHHPPHHHHHHPHHHHH
38,HHPHHHHHHPPPHHHHHHPHHPHHHHHHHH
39,PHPHHPHHHHHHHPHHPHHHHHHHPHHPHH
40,HPHHHPHHPHHHPHHHHPHPHHPHPHHHHH
41,PHPHHHHHHHHHHPPHHHPHHHHHHHHHPH
42,PHHPHHHHHHHHHHHHPPPHHHHHHHPHHH
43,PHHPHHHHHHHHHHHHHHPPHHHPHPHHHH
44,HHPHPHPHHHPHHHHHHHHPHHHHHHPHPP
45,HHHHHHHHPPHPHPHHHHPHHPHHHHHHHH
46,PHHHPPHPHHHHHHHPHHHHHPHPHHHHHH
47,HHHHHPHHHHHPHPHHHHPHHHHHHHPHHP
48,HHPHPPHHHHHPHHHPHPHHHHHPHHHHHH
49,HPHPHHHHHHHHHHHHHHPHPHHPHHPHHH
50,HHPHHPPHHHHHHPHHHHHPHPHPHHPHHH
51,HHPHHHHHPHHPHHHPHHHHHHHHHPHHPH
52,HHHHHPPPPHPHHHPHHHHHHHHHHHHHPH
53,HHHPPHPHHHHHHHHHPHHHHHHPHPHHHH
54,HHHHHHPPHHHHHHHHPHHPHPPHHHHHPH
55,HHHHHHPHPPHHHHHHPHPHHHHPHHHHPH
56,HHHPHHHHPHHHHHHHPPHHHHPHHHPHHH
57,HHHHPPHHPHPHHHHHHHHHHHHHHPPHHP
58,HHPHHHHPHHHHPHHHPHHHHHPHPHHHHH
59,PPHHHHHPHHPHHPHPHHHHHHHHHHHHHH
60,HHHHHHHHHHPHPHPPHHHHHHHHPHHHHP
61,HHHHHHHHHPHHHHHHHHHHHPHHHPPHPP
62,HPHHHHHHHHPPHHHHHHHHHHPPHPHHHH
63,HHHPPHHHHPPHHHHPHHHHHPHHPHHHHH
64,HHPHHPHHHHPHHHPPHPHHHHHHHHHPHH
65,HPHHHHHHHHPHHHHHHPHHHHPHPHPHPP
66,HHHHPHHHHHHPPHHHPHHHHHHHPHPHHH
67,HPPHHHHHHHHHHHPHPHHPHHHHHHPHHP
68,HPHHPHHPHHHPHHHHHHHHHHHHPHPHPP
69,HPPHHHHPHHHPHHHPHHHHHHHHHPHHHH
70,HHHPPHHPHPHHHHHHHHHHHPHHHHHPPH
71,HHHHHHHPPHHHPHHHHHHHHPHPHPHHHH
72,HPPHHHHHPHHPHHHHHHHHHPHHHPPHHH
73,HPHHHHHHHHHHHPHPPHHHPPPHHHHHPH
74,HPHHHPPHHHHPHHHHHPPHHHHHHHHHHH
75,HHPHPHHHPHHHHPHHPPHPHHHHHHHPHH
76,HHPPHPPHHHHHHHHHHHHHPHPHHHHHHH
77,HHHHHHHHHHPPPHHHHHHPPHHHHHPHHH
78,PHHHHHHHHHPHPPHHPHHHHPPHHHHPHH
79,HPHHPHPPHHHHHHPHHHHPHHHHHHHHHH
80,HPHHHHHHHHHHPHHPPPHPHHHHHHHHHH
81,PPHHHHHHHHHHHHPHPHHPHHHHHHPHHH
82,PHHHPPPHHHHHPHHHHHHHHHHHHPHHHH
83,HHPHPHHHHHHHHHHHPPHHHHHHHHPHHP
84,HHHHPHHHHHPHHPHPHPHHHHHHHHHHHP
85,HHHHPPHHHPHHHHHHHHHHPHHPHPHHHH
86,PHHPHHHHPPHHPHHHHHPPHHHHHHHHPH
87,HPPHHHPHHHHPHHHHHHHHHHHHHHPHHP
88,HHPHHHHPHHPHHHHPHPHHHHHPHHHHPH
89,HHHHPHPHPHHHPHHHPHHHHHPHHHHPHH
90,HHHHPPPHHHHPHHHHHHPHHPHPHHPHHH
91,HHHHHHPPPHHHHHHPHHPHHPPHHHPHHH
92,PHPHHHHHHPHHHHHHHHHHHHHHPPPHHH
93,PHHPHHHHHHPPHHHPHHHHHPHHHHHHHH
94,HPHHHHHHHHHHHPHHPHHPHHHPHHPHHP
95,HHHHHHHPHPHPPHHHHPHHPHPHHHHHHH
96,HHHHHHHHHPHHHHPHHPHPHHPHPHHPHH
97,PHHHHHPHHHPHHHHHHHHPPHHPHHHHPH
98,PHHPHPHHHHPHHHPHHHHHHHHPHPHHHP
99,HHHHHHHPPHPHHHHHPPPHHHHHHHHHHH
100,HHHHHHHPHHHHHHPHPHHHHPHPHHPPHH
101,HHHHPHHPHHHHPHHPHHHHHHHHHPHHPH
102,HHHHHHPHHHHHHHHHHHHPHHHPPHPHHP
103,PHHHHPHHHPHHHPHHHHHHHHHPHHPHPH
104,HHHHHHHPPPHHHHHHPHHHHHHPPHHHHP
105,HHHHHPPHHHPHHHHHHHHHPHHHHHPPHH
106,HHHPHHPHHHHPPHPHHHPHHHHPHHHHHH
107,HPHHHHPHHHHHHPHHPHHHPHPHHHHHHP
108,HHHHHHHPHHPPHHHHHHPHHPHHHPHPHH
109,HHHHHHHPHPHHHPHHHHPHPHHPHHHHHH
110,HHHPPPPHHHHHHHHHHHHHHHHHHHPHPH
111,PHHHHHPPPHHHPHHHHHHPHHHPHHHHHH
112,HPHHHPHHHHHHHHHHHPHHHHHPPHHPHH
113,HHHHHHHPPHHHHHPPHHHPHHHHHHHHHP
114,HHHPPHHPHHHPHHHHHHHHHHHHHHHPPP
115,HHHHPPHPHHHHPHHHHPHPHHPHHHHHHH
116,PHHPHHPHHHHPPHHHHHHPHHPHHHHHHP
117,HHPHHHHHHHPHHHHPHPHHHHPHPPHHHH
118,HPHPHPHHHHHPHPHHHHPHHHHHHHHHPH
119,HHHHHHHHHHHPPHPHPHHHHHHPHPPHHH
120,HPHHPHHHHHHHHPHHHHHHHHHHPHHHPP
121,HHHPHPHHPHPHPHHHPHHHHHHHHHHHHH
122,PHHHHHHHHHHHPHHHPHPHPHHHPHHHHH
123,HPPHHPHHPHHHHPHHHHHPHPPHHHHHHH
124,HHHHHHPPHHHPHPHHHHHHHHHHPHPHHH
125,HHHHHHHHPHHHHHPHHHPPHHHPHPHHHH
126,HPHHPHHHHHPHHPHHHHHPHHHHHHHHPP
127,HHHHHHPHHHHHHHHHHHHHPHHPHPHPPH
128,PHHHHHHPHHHHPHPHHPHHHHHHHHPHHH
129,PHHPHHHHPHHHHPHHHHHHHHPHHHHHPH
130,HPHHPHHHHHHHPHHHHPHHPHHHHHPHHH
131,PHHHHHPHHHPHHPHHHPHHHHPPPHHHHH
132,HHHHPHHPHPHHHHHHPHHHPPPPHHHHHH
133,PHHHHHHHHHPHHHHPPHHHHPHHHPHHPH
134,HHHHHPHHHPHHHPPHHHHPHHHHPHHHPH
135,PHHPHHHHPHHHHHHHHHHHHHHPPHPHHH
136,HHHHHPPHHHHHHHHHHHPPHHPPHHHHHP
137,HHHHPHHPPHHHHHPHHHPPHHHHHHPHHH
138,HHHPHPPHPHHHHHHPHHHPHPHHPHHHHH
139,HHHHHPHHPHHPHHHHPHHHHHPPHPPHHH
140,HHHHPHPHPHHHHHHHHHHHPHHPPHHPHH
141,HHHHHPPHHHHHPHHPPPHHHHHHHHHPHH
142,HHHHHHHHHPPHHHHPHHHPHHPHHHPHHH
143,HHHHHPHPHHPHHHPHPHHHHHPHPHHHHP
144,HHHPHPHHHHHHHHPPHHHPPHHHHHHHPH
145,PHHHHHHPHHHHHPHPHHHHHHHHHPPHPP
146,HHHHHHHHHHHHPPHHHPHHHHHHHPHPPH
147,HHHHHHHHHPPPHHHPHHHPHHHPHHHHHH
148,HPHPHHHHHHHHHHPHPHHPHHHPHHPHHP
149,PHHPHPHPHHHHHHHHHHPHHHHHHHHPHH
150,HHHHHHHHPHHHHHPHHPHHHHPHHPHHPH
151,HPHHHPHHPPHHHHHHHHHHHHHHHHPPHH
152,HHHHPHPHHPHHPPHHHPHHHHHPHHHPHH
153,HHHHHHHHHHPHHHHPHPHHPHPHHHHHPH
154,HHPHHHPPHHHPHHHPPHHHHHHHPHHHHH
155,HHHHPHHHHHHPHHHHHHHHPHPHHHHHPP
156,PHPHHHHHHPHHHHPPHHHHHHHPHHPHHP
157,HPPHHPPPHHHHHHPHHHHHHHHHHHHHHH
158,HHPPHHHPPPHHHHHHHHHHHHPPHHHPHH
159,HHPPHHHHHHHHHPHPPHHHHHHHHPHHHH
160,PHHHHHHHHHHHPHHPPPHHHPHHHHHHHP
161,HPHHHHPHPHHHHHHHHPHHHPPHHHHHHH
162,HPHHPHHHHHHPHHHHHHHPHHHHPPHHHH
163,HPHPPHPHHHHHHHPHHPHHHHHPHHHHPH
164,HPPPHHHPHPHHHPHHHHHPHHHHHPHHHH
165,HHHHHHHHPHHHPHHPHHHHPHHHPHHHHP
166,HPHHPHHHHHHHHHHPHHPHHPHHPHHHHH
167,HHHHPHPHHHHHPHHPHHHHPHHHHHHHPH
168,HHHHHHHPHHHHHHHPPPHHHHHPHPHHHH
169,PHHHHHHPHHHHHHHPHPHHPHHHHHHHPP
170,HHHHHHHHHPHHHHHHHPHHPPPPHPHHHH
171,HHHHHHPHHPHHHHHHHPHPHPPHPHHHHH
172,PHHHHHPHHPHHHHHPPHPHPHHHHHHHHP
173,HHPHPHHPHPHHHHHHHHHHHHHPHHHPHH
174,HPHHHHHPHPHPHHHHHHHHPHHHHHPPHH
175,HHHHHHPHHPHPPHHHHHPHHPHHPHHPHH
176,HHPHHHHPHPPPHHHHHHHHHHHHPHHPHH
177,PHHHPHHPHHHHHHHHHHHHPHHHHPHPHH
178,PHHPHHHHHHHPHHPHPHHHHHHHHPHHHH
179,HPPHHPPPHPHHHHHHHHHPHHHHHHHHHH
180,HHPPHHPHHHHHHHHHHHPHHHPHHHHHHP
181,PHPHHHHPHHHHHHHPPPHPHHHHHHHPHH
182,HHHPHPHHHHPHHHHHHHHHPHPHHPPHHP
183,HHHHHPPHHHHHPHHHHPHHHHPHHHPHHH
184,HPPPPHHHHHHHHHHHPHHHHPHHHHHHHH
185,HHHHPHPHPHPHHPHHHHHHHHHPHHHHPH
186,HPHHPPHHPHHHHHHHHHPHHPHHHHHHHP
187,HHHHHHHHPPPHHHHHHHHPHHPHHHHHPH
188,PHHHPPHHPHHHHHHHPHHPHPHPHHHHHH
189,HHHPPPHHHHHHPHHHHHHHHPHHHHHHPH
190,PPHHHHHHHPHHPPHHHHHHHHPPPHHHHH
191,PHHHHPPHHPPPHHHHHHHHHHHPHHHPHH
192,HHHHPHHHHHHPPHHHHHHPHHHHHHPHPH
193,HPHPPHHHHHPHHHHHHHHPHHHHPHPHHP
194,HHHHHHHHHHPPHHHHHHHHHPHPPHHPHP
195,PHPHPHHPHHHHHHHHPHPHPHHPHHHHHH
196,HHHPHHHHHPHPHHHHPHPHPHHHHPPHHH
197,HHHPHHHHHHHHHPHHHHHHHHHPPHPHPH
198,PPHHHHHPHHHPPHHPHHHPHHHHHHHHHH
199,HHHHPHHHPPHHHPHHPHHHHPPHHHHHHH
200,PHPHPHHHHHHHHHHHHHPPHHHHHPHHHH
201,PHHHHHHPHHPHHHPHHHHHHPHHHHHHPP
202,HHHHPHHHPHPHHHHHPHHPHHHPHHHHHH
203,HHHPHPPPHPPHHHHHHHHHHHPHHHHHPH
204,HHHPHHHHHHHHPPHHHHHHHHHPHPHHPH
205,HHHHHHHHHPPHPHHHHHHPHHPHPHHPHH
206,HHHHPHHHPPHHPHHHPHPHHHHHPPHHHH
207,PHHPHHPHHHHPPHHPHHHHHHHHHHPHPH
208,HHHHPHHHHHPHHHHPPHPHHHHHHHHPHH
209,HPHHPHPHHHHHPHHHHHPHPHHPHHPHHH
210,HHHHHPHPHHPPHHHHHHHHHHHHHHHPHP
211,HHHPHHHHHPHHPHPHPHHHHHHHHHPHHH
212,HHHPHHPPHHHPHHHHHHPHHPPHHHPHHH
213,HHPHPHPPHHHHPHHHHHHHPHHHHHHHHH
214,HHPHHHPHHPHHPHHHHHHHHHHPHHPHPH
215,HHPHPHHPHHHPHPHHHHPHHHHHHHPHHP
216,HPHHHHHHPHPHPHHHPHHHPHHHHHPPHH
217,PHHHPHHHHPHHHHPPPHHHHHHHHHHHHH
218,HHHPHHHHHHHHHHPHHHPHHHHHHPPHPH
219,PHPHHPPHHHHHHHHHHHHHHHHPHPPHHP
220,HHPHHHPHHHHHHHPHPHHHHHHHHHPHHP
221,PPHHHHPHPPHHHHHHPHPHHHPHHHHHHH
222,HHHHHHHPPPHHHHHHHHHPHHHPHHHHPH
223,HHHHHPHHPPHHPHPHHHHHHHHHPHHHHH
224,HHHPHHHHPHHHPHHHPHHPHPPHHHHHHP
225,PPHHHHHHHHHHHHHPPHPPPHHHHHHHHH
226,HHHHHPHHHHHHHHPHHHPPHHHPHHPHHH
227,HHHHHHHPHPHHHHHPHHHHHHHHPPHHHP
228,HHHHHHPHHHPHHHHHPPHHHHHHPPHHHP
229,HHHPPHHPHHPHHHHHPHHHHHHHPHHPHH
230,PHHHHHHHHHHHPHHHPHHHHHPHHPHPHH
231,PPHHHHPHHHHHHHHHHHHHHHHHHHPPPP
232,HPHHHPHHPHHHHHHHPHHHHHHPHPPHPH
233,HHHHPHHPHHHHPHPHHHHHPHHPHPHHHH
234,HHHHHPHHHHHHHHHHHHHPHHPPPPHHPP
235,PHHPPHHHHHHHHHHHPPHHHHHHPPHHHH
236,HHPHHPPHHHHHHHPHPHHHHHHHHHPPHH
237,HPHHHHHHHHHHHPHPHHHHPHPPHHPHHP
238,HHHHHPPHHHHHHHPHHHHPHPPHHHHHHP
239,HHPHHHHPHHPPHHPHHPHHPHHPHHHHHH
240,HHHHHHHHHPHPPHHHHHHHHPHHPPHHHH
241,PHHHHPPHHHHHHHPPHHHHHHPHHHHHHH
242,HHHHHPPHHHHHHHPHPHHHHHHHHPPHHH
243,HHPHHHPPHHHHHHHHHPHHPPHHHHHHPH
244,PHPHHHHHHHHPHHHPHHHPHHPHHHHHHH
245,HHHHHHHHPHPPHHHPHPHHPHHHHHHHHH
246,HPPHHHHPPHHPPHHHHHHHHHHHHPHHHH
247,HPHHPHHHHHHHHHHPHHHHHPHHHHPHPH
248,HHPHHHHPPHHHHHPHHPHHHHHPHHPHHH
249,HHHHPPHHHHHHPHPHHHHHPHHHHHPHHH
250,PHHHHHHHPPHPHHHPHPHHHHHPHHHHHP
251,HPPHHHHHHHHHHHHHHHHHPHHPHPHPHH
252,HHHPHPHHHHHHHPHPPHHHHHHHHHHHPH
253,HHHHHHHHHHPPHHHHHHHHPHHHHHPPHP
254,HPHHHPHHHHHHHPPHPHHPHHHHPPHHHH
255,HPHPHHHHHHHPHPHHHHHHPHPHHPHHHH
256,PHHHHHHHHHHHHHHPPHPHPPPPHHHHHH
257,HHHHPPHHPHHHHHPHHHPHPHHHPHHHHP
258,HHHHHHHHHPHHPHHHPPHHPPHHPHHHPH
259,PHHPHHHHHPPHHPHHHHHHHHHHHHPHHP
260,HHHPHPHPHHPHHHHPHHHPHHHHHHHHPH
261,PHHPHHPHHHHHHPPHHHHHPHHHPHHHHH
262,HHPHHHHPHHHPHHHHPPHHHHPPHHHHHH
263,HPHPPHHHPHHHPHHHHHHHPHHHHHHHHP
264,HHHPHPHHHHPHHHHPPPHHHHHHHHHHHH
265,PHHHHHPHHHHHPHPHHPHHHHHHHHHPPH
266,HHHPHHHPPHHHPHHHHHHHHHHPHHHPHP
267,HHHHPHPHHPHHPHPHHHHHHHHPPPHHHH
268,HHHHPHHPHHHHHPHHHHHHPHHPHHHHPH
269,HPHPHPPPHHHHHPHHHHHHHHHHHHHHPP
270,HHHHHHHHHHHHHPHHHHPPHHHHPHHPPH
271,HHHPPHPHPHHHHHHHHHHPHPHPHHHHHH
272,HHHPHHHHHHHHHHHPHHHHHHHPHPHPPP
273,HHHPHPHHHHPHHHHPHHHHHHPHPHHPHP
274,HHHHHHHHHHHPPHHPHPHHHHPHHHPHPH
275,HHPHPHHHHHHPHHHHPHPHHHHHPHHPHH
276,HPHPHHHHHPHHHHHHHPHHHPHPPHHPHH
277,HHHHHPPHHHPPHHHHHHHHHPPHHHPHHH
278,PHHHHHHHHHPHPHHPHHPHPHHHHPHHHH
279,HHHHHPPHHHPHHPHHHHHPHHHHPHPHHH
280,HHHHHHHHHPHPPHHPHPHHHHHHHHHHPH
281,HHHHPHHHPHPHPHHHPPHHPHHHHPHHHH
282,HPHPHPHHHHPHHPHHHHHHHHHHPPHHHH
283,HHHHHHHHHPPHHPHHHHPHHPHHHPHHPH
284,HHPPHHHHHHPHHHHHHPHHPPHHHHHHHH
285,HHHHHHHHHPPHHPHHPHHHPHHHHHHHHP
286,HPHPPPHHHHHHHHHHHPHHHHHPHPHHHH
287,HHPHHHPHPHHPPHHHHPHPPHHHHHHHHH
288,HHPHHPPPHHHHHHHHPHHHPHHHHHHHHH
289,HPPHPHHHHPHHHHPHHHHHHHHHPHPHHH
290,HHHHPHPHHHHHHHPPHHHHHPHHHPHHPH
291,HHHPHPHHPHHHHHHHPHHHPHHHPHHHPP
292,HHHHHHHHHPPHHHHHPHHHHHHPPHPHHP
293,PPHHHHHHPHHHPHPPHHHHHHHHHHHPHH
294,PHPHHHHHHHHHHPHHPHPHHHPHHPHHHP
295,HHHPHHPHPHPHHPHHHHHHHPHHPHHHHH
296,HHHHPPHPHHHHHHPHHHHHPHPHPHPHHH
297,HHHHHHHPPHPHPHHHPHHHHHHHHPHHPP
298,HHHHHPHPHHPHHHHPHPHHPHPHHHHHHP
299,HHHHPHHPPHHHHHHHHHHHHHPHHPHPHH
300,HHHPHHHHHHPHPPPHHHHHPHPHHHHHHH
301,HHHPPPHHHHHHHHHHHPHHHPPHHHPHHP
302,PPHHHHHHHHPPHPPHHHHHHHHHHHHHHP
303,PHHHPHHHHHHHPHHHHPHHPHHHHHPHHH
304,HHHHHPHHHHHHHPHHHPHHHHPHHPHHPH
305,PHHPHHHHHHHHHPHHHHPHHHHPHHPHHH
306,HHHHHHHHPHHHHHPHHHHHHHPPHHHPHP
307,PHHHPPPHHHHHHHHHHHHPHPPHHHHHPH
308,HPPHPHHHPHHHPHHHPHHHHHHHHHHHHP
309,PHPHHHHPHHPHHHHHHHPHPHHHHHHHHP
310,HHHHPHHHPHPHHHHHPHHPHPHHPHHHHH
311,PHHHHHHHHHHHHHHHHHPHHPHPHHPPHH
312,HHHHHPHHPHHHHHHHPPHHHHHPHHHHPH
313,HPHHHHHHHPHHHHHHHHPPHHHPPHHHPH
314,HHPHHHPHPPHHHHPHHHHHPHPPHHHHHH
315,HHHHHHPHHHHHHPHHHPHHPPHHHHHHHP
316,HHPPHHHHPHHPHPHPHHHHHHHHHHHHHH
317,PHHPHHHHHPHHHHHHHHHHHPHHHPPHPH
318,HPHHHHHHHHHPHHHHPHHPHHHPHPHHPH
319,HHHHHHPHHHHPHHPPHPHHPHHHHHHHHH
320,HHHHHHPHHHHPHPHHHHHHHHHPHPPHPP
321,HHPHHPHHHPPPHHHHHPHHHHHPHHHHHP
322,HHHHHHPHHHPHHHHHHHPHHHPHHPHPHH
323,HHHHPHHHPHPHHHHHHHPPHHHHHHHPHH
324,PHHHHPHPHHHHHPHHHHPPHHHPHHHHPH
325,PHHPHHPHHHHHHHHHPHHHPHHHHHHHPH
326,HHHPHHHPHHPHPHHHHHHHHHHHPHHHHP
327,HHHPPHHHHPHPPHHPHHHHHPHHHHHPHH
328,HHHHHHHHHHHPHHHHHPPHHHPHHPPPHH
329,HHPHHHHPPHHPHHHHHHPHHPHHHHHHPH
330,HPHPHHHPHPHHPHHHHHPPHPHHHHHHHH
331,HHHHPHHPHHHPPHHHHHHHPHHHHHPHHH
332,HPHHHHHHHPHPHPPHHHHHHHHPHPHHHH
333,PHHHHHHHPHHHHPHHHHPPHPHHPHHHHP
334,HHHHHHHPHPHHHHHHHPPPHHHHPHHHHH
335,HHHHHHHHHHHPHPHHHHHHHHHHPHPPHP
336,HHHHHHHHHPHPHHHPHPPHHHPHHHHHHH
337,HHHHHHHHHPHPHPHPHPHHHHPPHHPHHH
338,HHHHHPPPPHHPHHHHHHHHHHHHHHHHHP
339,HHHHHHHHHPHHHHPHHHPHHHHPHHPPHH
340,HPPHHHHHPHHPPHHHHPHHHHHHHHHHPH
341,PHHPHPHHPHHHPPHHHHHHHHPHHHPHHH
342,HHHHPHHHHPHPHHHHHPPHPPHHHPHHHH
343,HHHHHHHHHHPHHHHHHHHPPHPPHHPHPP
344,PHPHHHHHHHPHPPHHHHHPHHPHHPHHHH
345,PHHHHHHHPHHPPHHHHHHHPHHHPPPHHH
346,HPHHPHPHHHHHHHPHPHHHPHHHHPHHHH
347,PHHHPHHHHPHHHHPHHHPHHHPHPHHHHH
348,PHHHPHHHHHPHHHHPHPHHHPHPHHHHPH
349,PHHHHHHPHHHHHHPPPHHHHPHHHPHHHH
350,HPHHHHHHHHHHHHHHHHHPPHHPPPHHPH
351,HPHHHHHHPHHHPHHHPHHHHHHPPHHPHH
352,HHPHHHHHHHHHPPPHHHPHHHHHHHPHHP
353,PHHHHHPHHHHPPHHPHHHPHHHHHHHHHP
354,HHHPHHHPHHHHHHHPPHHHHPHPHHPHHH
355,HHHHHHHHHPHHHHPHPHPHHHHHHHPHHP
356,HHPHPHPHPPHHHHHHHHHHHPPHHPHHHH
357,HHPHHHHPPHPPHHHPHPHHHHHHHHHHHH
358,PHPHHPHHHHHHHHHPHPHPHHHHHHHHHH
359,PHHHHHHPHPHHHHPPHHHHHHPPHHHHPH
360,PHPHPPHHHHHHHHHHHHHPHHHHHHHPPP
361,HHHPHPHPHPHHHHPHHHHPHHHHPHHHPH
362,PHHPHHPPHHHPPHHHHHHHHHHPHHPHHH
363,HHHHHHHHHHHHHHHHPPHHPPHHHHHPHP
364,PHHHHHPPHHHHPHHHHHPHHHHPHHHPHP
365,HPHHHHPPHHHHPHHHHPHHPHHHHHHHPH
366,HHHPHHHHPHPHPHPHHHHHHHHHHHHHPH
367,HHHHHPPHHHHPPHPHHHHHHHHHHHHHHP
368,PPHPHHHHHPHHHHHHHHHHHPHHHHHPHH
369,HPHHHHHHHPPHPHHHHHHHHHPHPHHPHH
370,HHPHHHHHHPPHPHHHHHHHHHPHHHHHPP
371,PHHPHHHHHHHHHHHPPHHHHPHHHPHHHH
372,PHPHHHHPPHPHPHHPHHHHHHPHHHHHHH
373,PHHPHHHHPHHHHHPHHHPHHHHHHHHHPH
374,HHPHHHHHHHPHHHHPHPHHHPPHHHHHPH
375,HHHPHPHHHHHPHHPPHHHHHHPHHHPHHH
376,HHHHHHHHPHHHHHHHHPPHPHHPHPHHPH
377,PHHHHPHHHPHHHPPHHPHHHHHHHHHHHH
378,HHHHHHHPHHHHHPHHPPHPHHHPHHHHHH
379,HHHHHHHPHHPHHPHHHHPHHHHHPHHHHP
380,HHHPHHHHHHHHHPPHPHHPHPHPHHPHHH
381,HHHHPHHPHHHHHHHHHHHHPHPHHPHHPH
382,HPHHHPHHHHPHHHHPHHHPHHHHHPHPHH
383,PHHHHHHHHHHHPHHPPPHHHHHHHHPPHP
384,HHPHPHHPHHPHHPHHHHHHHHHPHHHHPH
385,HHHHPHHPHHHHHHHHHHHHHPPHHPHPHH
386,PHHHHHHHHPPPHHHHHHHHHHHPHPHHHH
387,HHHPHPPHHPHHPHHHHHHHHHHHHHHPHP
388,PPPHHHHHHHHPHHHHHHPHPHHHPHHHPH
389,HPHPHHPHHPHHPHHHHPHHHHHHHHHPHH
390,HHHHHHHHHHHHHHPHPHHPHPHHPHHPHH
391,HHHHPHHHPPHPHHHHHHPHHHPHHHHHPH
392,HHHHPHPHHHHPHHHHHPHHHHPPHPHHHH
393,HHHHHPPHHHHHHHHPPHHPHHHPHHHHHH
394,HHHHHHHHHPHHHHHPHHHHPPHHHHPPHH
395,HHHHHHHHHHPHHHHHPHPHHPHHHHPHPH
396,HPHHPHHHHHHHPHPHHHHPHPHHPHHHHP
397,HPHHPPHPHPHHHHPHHHHHHHHPHHHHHH
398,HPHPHHHHHHHHPHHPHPPHHHHPHHHHHH
399,HHPHPHPHHHHHHHHPPHHPHHHHHHPPHH
400,HHPHHHHPHHHPHHHPHHPHHHHHHPHHHH
401,HHHHHPHPHHPPHHHHHPHHHHPHHPHPHH
402,HPHHHHPPHHHHPHHPHHHHPHPHHHHHPH
403,HHHHHPHPHHHHHHHHHHHPHPHHHHPPHH
404,HHHPPPHPPPHPHHPHHHHHHHHHHHHHHH
405,HHPHPPHHHHHHHHHHHPHPHHHHHHHPHP
406,HHHHHPHHHHPHHPPHHHHPHHHHHHHHPH
407,PHHHHPHPHHHHHHHHHHHHHHHPHPPHHH
408,HPPHHHPHPHHHHHHHHHHPHHHHHHHHPH
409,HHHHHHHHHHPHHHHPHPPPHPHHHHHPHH
410,HHHHHHHHPPHHPPHHPHPHHHHHHHHHHH
411,PHHHHHHPHHHHPHHHHPHPHHHHHHHHPH
412,HPHHHPHHPHHHHPHHHHHPHHHPHPHHHH
413,PHPHHHHHHHHHHHHPHHHHPHHPHHPPPH
414,HHHHHHHHHPHHHHHHHHPPHHPPPPHHHH
415,HHHHHHHHHHPHHHHHHHHHPPHPPHPHPP
416,HPHHHPHPPHHHPHHHHPHHHPHHHHHHHH
417,HPHHHHHHHHHHHHHHHPHHHPPHHHHPPH
418,HHHHHPHPHHHPHHHHPHHHHHHHHHPPHH
419,PHHHHHHPHHHHHHPHHHHHHHHHHPHPHP
420,PHHPHHHHHHHPHHHHPPHPHHHHHHHPHH
421,PHHHHPHHPHHHPHHHHHHPPHHHHHHHHH
422,HHHHPPHHHHPHHHHHHPPHHHHPHHPPHH
423,PHHHHHHHHPHHHHHPHPPHHHHHHPHHHP
424,PHHHHPHHHHHHHHPPHPHHHHHHHHHHHP
425,PHHHPHHPPHPHHHHHHPHHHHHHHHHPHH
426,HPHHHHHHHPHHPHHHHHHHHHHPHPPPHH
427,PHHHPHHHPHHHPHHPHHHHHPHPHHHHHP
428,HHHHHHHHPHPHHHHHHHPPHPHPHHHHHH
429,HHHHHPPHHHHHPHHHHPHHHHHHPHPHHH
430,HHHHHPHHPHHPPPHHHHHHHPHPHHPHHH
431,HHHHHHPHPHHHHHHPHHHHPPPHHHHHPH
432,HHHHHPHHHHPHHHHHHHHPHPHHPHPHHH
433,HHHHHHHHHHPHHHHPPHHHHHHPPHPPPH
434,PHPHHHHHHHHPHHPHHHHHPHHHHPHPHP
435,HHHHHHHHHPHHHHHPPHPPPHHHPHHHHH
436,HPHHHHHHHPHPHPPHHHPHHHHHHHHHHH
437,HPHHHPHHHHHHHHHHHHPHHHHHPPHHHP
438,HHHPHHHHHHHPPHHPPHPHHHHHHHHHPP
439,HPHPHHHHHHHHPHHHPHHHPHHHHPHHPP
440,PHHHHHHPPHHPHPHHHHHHHHHPHHHPHH
441,HPHHHHHHHHPHHPPHHHHHHPHHHHHHPH
442,HPPPHHHHHHHHHHHHHPHHPHHPHHPHHH
443,HHHHPPHHHHHHPPHHHHHHHPHPHHHHHP
444,HHHHHHHHHHHHPHHHHHPHPHHHHHPPHP
445,PPPHHHHHHHHHPHHHPHHHHPHHHPHHHH
446,PHHHPHHPHHHHHPHHHHPPHHHHHHHHHH
447,HPHHHHHHPHHHHPHHHHPHHHHPHHHHHP
448,HPHHHHPHHHPHHPHHHHHHHPHHHHPHHH
449,HHPPPHHHHHHHHHHHPHHHPHPHHHHHHH
450,HPPHPHHHHHHHHHHPHHHHHPPPHHHHHH
451,PHHHPHHHHHHHPHHHPHHHHHHPHHHHPP
452,HPHHPHPHHHHPHHHHHHHHHHHPHHPHHH
453,PHHHHHPHPPHPHHHHHHHHHHHHHHHPHP
454,HHHHHPPHHHHHPHHPHHHHHHPHHHHHHP
455,HPPHHHHHHHHPPHHHHHHHPHPHHHHHHH
456,HHHHPHHHHHPPHHHHPHHPHHHHPHHHHH
457,HHHHPHHHHPHHHHPHHPHHHPHPHHPHHH
458,HHHHHHPPHPHHHHHHHHHHPHHHPHHPHH
459,HHHHPPHPPPHHHHHPPHHHHHHHHHPHHH
460,HHPHHHHHPPHHHHPHHHHPHHHPHHHHHH
461,HHHHHPPHPHHHPHHHHHPHHHHHPHHHHH
462,HHPHHPHHHHHHHHHHHHPPHPHPHPHHHH
463,PPPHHHHHHPHPHPHHPHHHHHHHHHPHHH
464,HHHPHHHHHHHPPHHPHHHHHHHHHHHPPH
465,HHPHHHPHHPHHHPHHPHHPHPPHHHHHHH
466,HHHHHHPHHHPHHHHHPHPHHHHPHPPHPH
467,HHHPPHHHHHHHHPHHHPHHHHPHHHPHHH
468,HPHHHHHPHHHPHHHHHHPHHHHHPHHPHH
469,HHHPHHHPPHHHHHHHHHPPHHHHPHHHHH
470,HHHPHHHHHPHHHPHHPHHHHHHPPHHPHH
471,PHHHPHHPHHHHHPHHHHHHHHPHHPHHHH
472,HPHPHPHPHHHHHHHHPPHPHHHHHHHHHH
473,HHPPHHHHHHHPHHHPHHPHHPHHHHHPHP
474,HHHPHPHHPHHHHHHPPHHHHHHHPHHHHH
475,HHHHPPHHHHHHHHPHHHHHHHHPPHPHPH
476,HPHHHHHPHHHHHPPHHHPHPHHHPHHHPH
477,HHHHHPHHHHHPPHHHHHPHHPPHPHHHHH
478,PPHPPHHPHHHHHHHHPHHHPPHHHHHHHH
479,HHHHHHPHPPHHPHHHPHHPPHHPHHHHHH
480,HHHHHHHPHPPHPPHHHHHHHHHPHHHPHH
481,PHHHHHHPHHHHPHHPPHHHHHHPHHHHHP
482,HHHHPHPHHPPHPHHHHHHHHHHHHHPHHH
483,HHHHPHPPHHHHHHHHHHHHHHHPPHHHPP
484,PHHPHHPPHHHHPPHHHPHHHHPHHHHHHH
485,HHHHHHHPPPHPPPHHHHPHHHHHHHHHPH
486,HHHHPHHHPHPPHHPHPHHPHHHPHHHHHH
487,HHPHPPPHHHHHHHHHHPPHHHHHHHPHHH
488,HHPHHHHHHHPHHHHHHHPHHHHPHPHHPP
489,HPHHPHHHPHHHHHHPHHHHHHPHHHHHPH
490,HHHHPHHHHHHHHPHPHHHHPHHHHPPPHP
491,PHHHPPHHHHPHHPHPHHHHHHHHHHHHHP
492,HHHPHPHPHPPPHHHHHHHHHHHHHHHHHH
493,PPHPPHHHPHHHHHHHHHHHHHHHPHHHPH
494,HHHHHHHHPPHHPHPHHHPHHHHPHHHHHH
495,HHHPHHHPPHPHHHHHHHHHHHPHHHHHPH
496,PPHHHHPPHHHHHHPHHHHHPHHHHHHHPP
497,HPPHHPHHHHPHHHHHHHPHHPHHHHHHHH
498,PPHHHHHHHHHHPHHPHHHHHHHPPHPPHH
499,HHPHHPHHHPHHHHHPHHPHHHHHPHHHHH
500,PHHHHPHHPHPHHHHHHPHHPHHHHPHHHH
501,PHHHPHHHHPHHPPHPHHHHHHHHHHHPHH
502,PHHHHPPHHHHHHHHHHPHHHHHHHHPHHP
503,PHHHHHHHHHHHHHHHHPHPHHHHPPPHPH
504,HHHHHHPHHPHPHHHHPPHHHHPHHPPHHH
505,PHHPHHHPHPHPHHHHHHHHHHHPPHHHHH
506,HPHPHHHHHPHHPPHHPPHHHHHHHHHHHH
507,HPHHHHPHHPHHHPHHHPHHHHHHPHHHHH
508,HHHHHHHPPHHHHHHHPHHHPHHPHHHHHP
509,PPHHHHPHHHPHHHPHHHHHPHHHHHHHHP
510,PHHHPHPPHHHPHHHHPHHHHHHHHHHPHH
511,HHHHPHHHPHHHHHHHHHHHPHHHPHPPHP
512,PHHPHHHHHHHHHPPHHHHHHPHHHHHHHP
513,HPHHHHHPHHHHHPHPHHHHPPHHHHHHHH
514,HPHPHPHHHHHHHHPHPHHHHHHHPHHPHH
515,PHHPHHHPHPHHHPHHHHHHHHHHHHHPHP
516,HHHPHHPPHPHHHHHHHPHHPHHHPHHHHP
517,HHHHHPPHHPHHHHPHHHPHHPHHHHHPHH
518,HHHPHHPHHPHHHHHPHHHHPHPHHHHPPH
519,HPPHHHHHHHHPPHHHHHHHHHHHHPHPHH
520,HHPHHHHHHPPHPHHHPPHHHHHHPHHHHH
521,PHHPHHHPHPHHHHHHPHHHHHHHPHHHPP
522,HPHPHHHHPHHPHHHHHPHHHHHHHHHHHP
523,HHHHHHHHHHPPHHPHHHHHPHHHPHHPHH
524,PHHHHHHHHHPHPHPHHHPHHHHHHHPPHP
525,HPHHHHPPHHHPHHPHHHHHHHHHHPHHHH
526,HHHPHPHHHHHHHHHHHHPHHHHHHPHHPP
527,HHHPHHHPHHHPHHPHHHPHHPHHHHHHHH
528,PHHHPHHHHHPHPHHHPPHHPHHHHPHHHH
529,HHHHPHHPPHHHHHHHHHHHHHPPHHPHPH
530,PHPHPPPHHHHPHHHPHHHHHHHHHHHHPH
531,HPHHPHHHHHHHHHHPHHHHHHPHHHPHPH
532,HHPHHHHHHHHHPHPPHHHHHHHHPHPHHH
533,HPHHHHPHHHHPPHHHHPPHHHHPPHHHHH
534,HHHHHHHHHHPPHHHHPHHPHPHHHHHPHH
535,PHHHHPHHPHHPHHHHHHPHHHHPHHHHPH
536,HHPHHPHPPHHHHPHHHHPHHHHPHHHHHH
537,HHHHHHHHHPPHPHPHPPHHHHHHHHHHHH
538,HPPHPHHHHHPHPHHPHHHHHHHPHPHHHH
539,HHHHPHHHHPHHHPHHHHHPHHHPHPHHHH
540,HHHHHHHHHPHHHHPPHHHPHHPHHHHHPH
541,HHHPPHHHHHPHHHHHHPHHHHHPHPPHHH
542,PHHHPPHHHHHPPHHHHHHHHHHHHHPHHH
543,HPPHHHHHPPPHHHHHHHHHHHHPHHHHHH
544,PHHHPHHHHHHPPHHHHHHHHHHHHHPPHH
545,HHPPPPPHHHHPHHHHPHHHHHHHHHHHPH
546,PHHHPPHHHHHHPHHHHHHHHHHHPPHHPH
547,HHHHHPHHPHHHHPHHHPHPHHPHHHHHHH
548,HPHPHHHHHHHHHPHHHHPPPHHHPHHHHP
549,HHHHHHPHPHHHHPHHHHHHHHHHPHHPHP
550,HHHHHPHPHHHHHPHPHHPPHHHHPPHHHH
551,PHHHHHHHHHPHHPHHHHHHPHHHPHHHPH
552,HHHHHHPHHHHHHHPHHHHPHPPHHHPPHH
553,HHHPPHPPHPHHHHHHHHHHHHPHHHHHHP
554,HHHHHHPPHPHHHHHPHHHHHHHHHHHPPP
555,PHHHPHHPHHHHHHHHHPHHHHPHHHHPHH
556,HHHHHPPPHHHHHHHPHHPHHHHPHHHHHH
557,PHPHHHHHHHHHHHPHHHHHHPPPHHHHPH
558,HPHHHHHHPHHPHHHPHHHHPPHHHPHHHH
559,HHPPHHHPPHPHPHHHHHHHHHPHHHHHHH
560,HHPHHPPHHHHHPHHHHPPHHHHHHHHPHP
561,PHPHHHHHPHPHHHHPHHHHHHHHPHHHHP
562,PHPHPHHHHHHHHHHHHHPHHHHHPHHHHP
563,HPPHHPHHPHHHPHHPHHHPPHHHHHHHHH
564,HPPHHHHPHHHHHHHHPHHHPHPHHHHPHH
565,PHHHHHHHPHHPHHHHPHPHHHHHPHPHHH
566,HHHHHHHHHPHHHPHPHHHHHHPHPHHPPH
567,HHHHHHPHHHHHHPHHPHHHPPPHHHHHHP
568,PHHHPHHPHHHHHHHHHPPHHPHHHHHHHH
569,PHHHPHHHHHPHHHHHHHHPHHHHPHHHPH
570,HHHPPHPHHHHHHPHHHHHPHHHHHHHHPH
571,PHHHHHPHHHHPHHHHHHPPHHHHHHHPHH
572,PHHHHHPHHPHPHPHHPHHHHHHPHHHHHP
573,PHPHHHHHHHHHHHHHPHHHHHHHPHPPPH
574,HPHHHHHHPHHHHHHHHPHHHPPPHHHHHH
575,HPHHHHHHHHHHHHHHHHHPHPPHHHPHHP
576,HHPPHHHHHHHHHHHHPHPHHHPHHPHPHH
577,HHHHHHPPHHHPPHHPHHHHHPHPHHHHHH
578,HHHHPPHHHPHHHPHHPHPHHHHHHHHHHH
579,PPPHHPPHHHHHHHHHHHHPHHHPHHHHHH
580,HHHHHHPHHPPHPHHPHPHPHHHHHHHHHH
581,HHHHHHHHHHHHPHHHHHHHHHPHPPPPHH
582,PHHHHHHHHHHHHPPHHPHPHHHPHHHHHH
583,PPHPHHPPHHHHHHHHHHPHHHHPHHHHHH
584,HHHHHHHHHHHPHHHPHHHHPHPHPHHPPP
585,HPHHHHPHHPHHHPHHHHHHHHHHHPHHPH
586,PHHHHHPHHHHHPHPHHPHPHHHHHHHHHH
587,HPHHHHHHHHPPHPHHHPHPHHHHHHHPHH
588,HHHHHHHHPPHHHPHPPHHPHHHHPHHHPH
589,HPHPHHHHHHPHPPHHHHHPHHHHHHPHHH
590,PPHHHHHHHPHHHHHHHHHHHPPPHHHHHH
591,PHHHHPHPPHHPPHHHHHHHHHHHHHHHPP
592,HPHHHHHHHHHHPHHPHHPPHPHHHHHHPH
593,HHHHHHHHHPHPHPPHPHPHHHHPHHHHHH
594,HHHPHHHPHHHHHPHPHHHHHPHHHHHHPP
595,HPHHPHHHHHPHPHHHPHHHHHHPHHHHHP
596,HHHHHPHHHHHPHHHHHPPPHHHHPPHHPH
597,HHHHPPHPHHHHHPHHPHHHHHHHHHHHHP
598,PHHHHHHHHPHHHHHHPHHPHHHPHHHPHH
599,HPHPHHPHHHPPHHHHHPHHHHHHHHHHHH
600,HPHHHPHPHPHPHHHHPHHHHPHHHHHHHH
601,HHHHPHHPHHHHPHHPHHHHHPHHPHPHHP
602,HHHHHHHHHHPHHHPHHHHPPPHPHHHPHH
603,HHPHHPHHPHHPHHPHHPHHPHHHHHHHHH
604,HPHHHPHPHHHHHPHHHHHPHHHHPHPHHH
605,HHHPHHHHHHHPHHPHPHPHHHPHHHPHHH
606,HHHHPHHHHHHHPHHPHHPHHPHHHHPHHH
607,HHPHHPHHPHHHHHHHHPPHHHPHHHHHPH
608,HHHHHPHHHHHHHHPHPHPHHHHHPHHPHH
609,HHHHHHHHHHHHHHHHPPHHHPPPHHHHHP
610,HHHHHHPHPHHHPHHPHPHHHHPHHHHPHH
611,HHHPPPHHHHHHHHHHHPPHHHHHPHPHHP
612,HPHPHHPHHHHHHHPHPHHHHHHHHPHHHH
613,HPHHHHHHHHHHHHPPHHHPHPHHHPHHPH
614,HHPHHPHHHPHHHHHHHHHHPHHHPPHHHH
615,PHHHHHHPHHHHHHHPHHPPHHPHHPHHHH
616,PPHPPHHHHHPHPPHHHHHHHHHHHHHHHH
617,PHHHHHHHHHHPHHPPPHHHHHHHPHHHHH
618,PHHHHHHHHHHPPHHHPHHPHHHPPHHHPH
619,PHPHHHPHHHPHHPHPPHHHHHHHHHHHPH
620,HHHHPPHHHHHHHPHHHPHHPHHHHHHPHH
621,HPHHPHHHPHPPHHHHHHPHHHHPHHHHHH
622,PHHPHHHHPHHHPHHHHHHHHHPHPHPHPH
623,HHPPHHHHHHHHHPHHPPHHHHHHPHHHHH
624,HPHHHHHPPHHHHPHHHPHPHPHHHPHHHH
625,HHHHPPPPHHPHHHHPHHHHHHHHHHHHHH
626,HHHHHPHHPPPPHHPHPHHHPHHHHHHHHH
627,HHPHHHHHHHHHHHHHHHHHPPHPPPHHHH
628,HPHHHHHHHHHHHHHHHPHHHPPHHPHPHH
629,HHHHHHHPPHHHPHHHHHPHPHHHHPHHHH
630,HHHHHHHHHPHHPPHHPHHHPHHHPHHHHH
631,HHHPHHPHHHPHPHHPHHHHHHHHHPHHHH
632,HPHHHPHHHPHHHPHHPHHHPHHHPHHHHH
633,HHHPHHHHPHHHPHHHHHHPHHPHHHHHPH
634,HPPHHPHPHPHHHHHHHPHHPHHHHHPHHH
635,HPHPHHHHHHHHHHHPPHHHHHHHHHHPHP
636,HHHHHHPHHPPPHHHHPHPHHHPHHHHHHH
637,PHHHHHHPHHHHHHHHPHHHPHHHHPHHPH
638,PHHHHPHHHPHHHHPPHHHPHHHHPHHHHH
639,HHHHHPHHHHHPHPHHPPHPHHHPPHHHHH
640,HPHHHHHHHHPHHPHPHHHHPHHHPHHHPP
641,PHPPHHPHPHHHHHHHHHPHHHHHHHPHPH
642,HHHPHPHHPPHHHHHHHHHHHHPHPHHHHH
643,HHPHPHPHHHPHHHHPHHHHHHHHHHPHHH
644,HPPHHPPHPHPHPHHHHHHHHHPHHHHHHH
645,HHHHHHHHPHHHHHPPHHHHPPHPPHPHHH
646,HPHHPPHPHHHHHHHHPHHPHHHHHHHHHP
647,HPPHHHHHPHHPPHHHHHHHHHHHPHHPHH
648,HPHPHPHHHPHHHHHPHHHHHHHHHPHHHH
649,HHHHPHPHHHHPHPHHHPHHHHHHHHPHPP
650,HPHPPHHHPPHHHHHHHHHHHHHHHHHPHH
651,HHPPHHHHHHHPHHHHHPHHHPHHHHHPHH
652,HHPHHHHPHHHHHHPHPHPHHHHHHPHHHH
653,HHHHPPHHHHHHPHHHHHPPHHPHHHHHHH
654,HHHPHHPPPHPHHHPHHHPHHHHHHPHHHH
655,HPHHHHPPHPHHHPHHHHHHHPHHPHHHPH
656,PPHHPHHHHHHHPHHHHHHHHHHHHHPPHH
657,HHHPHHHPHHHHPHHHPPHHHHHHHPHHHH
658,PPHHHHHHHHHHHPPHPHHHHPHHPHHHHH
659,HHPPHHHHHHHHHHHHHHPHHHHPHHPPHH
660,HHHHHHHHHHHPHPHHHHHHHPHPPHPHHH
661,HHHHPHHHPHHPHPHHHHHPHPHHHPHHHH
662,HHHPHHHHHPHHHHPHHHPHHPHHHHPPHH
663,HHHHHHPPHHHPPPHHHHHHHHHHPHPHHH
664,HHHHHHPPHHHHPHHHHHHPHPHHPHPHHH
665,HHHHHHHHHHHHPHPHHPHPHHHHHHPPHP
666,HHHHHPPHHPHHHPHHPHHHPHPHHHHHHH
667,HHHPHHHHHHPPHHPHHPHHHPPHHHHHHH
668,HPHHPHHHHPPHHHPHHHPHHHPHHHPHHH
669,HPHHHHPPHPHHHHHHHHHHHPHHPHHHHH
670,HHHHHPPHHPHHPHHHPHPHPHHHHHHHHH
671,HPPPHHPHHHHPHHHHHHHHPPHHHHHHPH
672,HHHHHPPHHHPHHHHHPHPHPHHHHPHHHH
673,HHPHHHHHPHHPPHHHHPHHHHHHHHHPHH
674,PHPHHPHHHPHHHHHHHHPPHHPHHHHHHH
675,HHHPPPHHHHHHHHHHHHPHHHHHHPHHPH
676,HHHHPPPHHHHHHHHPPHPHHHHHHPHPHH
677,HHHHPHHHHHHPHHHHPHHPHPHHHHHHHP
678,HHPHHHPHHPHHHHPHHHHHHHHPPHHPPH
679,HHPHPHHPHHHPHHHHHHHPHHHHHHHHHP
680,HHHHHHHHHHPHHPHHPHHHPHHHHHPPHP
681,HPHHHHHHHPHPHHPPHHHHHHHPHHHHHH
682,HPHHPHHHHHHHHPHHPHHHHHHHPHHPHH
683,PPHHHPHHHHHHHHHHHPHPHHPHHHHHHP
684,HHHHHHHPHPHHHHHPPPHHHPHHHPHHHH
685,PPHPHHHPHPHHHHHPHHHPHHHHHHPHHH
686,HHHPHHHHHHHHPHHPHHHPHHHHPHHHHP
687,PHPHPHHPPHHHHHHHHHPPHHHHHHHHHH
688,HHHHHPHHPPHHHHHHPHHHHPHHHPHHHP
689,HPPHHPHPHHHHHHHHHPPHPHHHHHHHHH
690,HHHHHPHHHHPHPHHPPHHHHHHHHHPHHH
691,HHHHHHHHHHPHHHHHPHHHPPHPHHPHHH
692,HHPHPHPHHHPHHHHPHPHHHHHHHPHPHH
693,HHHHPHPPHHPHHHHHPHPHHHHHHHHHPH
694,PHPHHHPHHHHHPHHHHHHHHHPPHHPHHH
695,HHHHPPHHPHHPHPPHHHHHHHHHPHHHHH
696,HPPHPHPPHHHHHHHHHHHHHHHHPHHHHH
697,PHHHHHHPHPHHHHPHHPHHHHHHHHHHPH
698,HHHPHHHHHPHHPPHHHPHHHHHPHHHHHH
699,PHHHHHHHHHPPHHHHHHHHHHHHPPPHHP
700,PPHHHHHPHHHHHHHHHHHPHPHHHHHHPH
701,PHHHHHHHHPHHHHHHHHPHHPPHHHPHHP
702,HHHHPPHPHHHHHHHHPHHHHHHPPHHHHH
703,HHPHHHHHHHHPPHHPHHPHHHHHHHPHHP
704,HHHHHHHPHHPHHHHHHHHPHHPHHHPHPP
705,HPHHPHPPHPHHHHHHHHHHHHHHHPHHPH
706,PHHHPHHHPHHHHPHHHHHHHPHHHPHHHH
707,HPHHHHHPHHHHPHHHPHHHPPHHHHHHHH
708,PPHHPHHHPHPPHHHPHHHHHHHHHHHPHH
709,HPHHHPHHHPHHHPHPHHPHHHPHHHHPHH
710,HHHHPPHHPHHPHHHHHHHPHPHHHHHHPH
711,HHPPHHHPHHHPPHHHHHHHHPHHPHHHHH
712,HHPHPHHHHHHHHPHHHHPHHHHHHHPHHP
713,PHHHHHHHHHHPHHHPHHHHPHHHPHHHPH
714,HPHPHHPPPHHHHHHPPHHHPHHHHHHHHH
715,HHHPPHHHHPHHHPHPHHHHHHHPHHPHPH
716,HHHHPHHHHHHHHPPHHHHHPHPHHHHHPH
717,PPHPHHPHHHHHHHHHHHHHHHHHPHPHHH
718,PPHHPHHHHHPHHHHHHHHPHPHHHHPHHH
719,HPPHHHHHHHPPHHHHHHHHHHHHPHHHPP
720,HPPHHHHHPPHHHHHHHPPPHHHHHHHHHH
721,PPHHHPHPHHHPPPHHHHHHHHPHHHHHHH
722,HHHHHHHPPHHPHHHHPHHHHHPPHHHHPH
723,PHHHPHPHHHHHPHHHHPHHPHHPHHHHHH
724,HHHHHHPHHHPPHPPHHHHPHHHHHHHHHH
725,PPHHHHHHHPHHPPHHHHHHPHHHHPHHPH
726,HHHPHHHHHHHHHHHHPHHPPPHHHHHHHP
727,HHPHHHHPHHHHHHPHHPHHPHHHHHPPHH
728,HHPHHHHHHHHHHHHPHHPHHHHPPPHHHP
729,HHHPHPHHHPHHHHHHPHHPHHHPHHHHHH
730,PPHHHHHHHHHHHPHHPHHHHHHHPHHPHH
731,HHHHHPPPHHHHHHPHHPPPHHHHHHHPHH
732,HPHHPHPHHHHHPPHHHHHPHHPHHHHHHH
733,PHHPPHPHHHPPHHHHHHHHHHHPHHHHPH
734,HHHPHPPPPHHHHPHHHHHHHHHPHHHHPH
735,HHHHHHPHHHHHHHHPHPPHHHHHPHHHHP
736,HHHHHHPHHHHPHHPHHHHPHPPHHHPHHH
737,HHHPPHPHHHHPHHHPHHHPHHHHHPPHHH
738,HPHHHHHHHHHHPHHHHHPHPPPHHPHPHH
739,HHHPHHHPHHHHHHHHHHPPHHHHPPHHHP
740,PHHHHHHHHPHHPHHHHPHHHHPPHHHHHH
741,HHPHHHHPHPHHHHHPHHHPHHHHHPPHHH
742,PHPHHHHHHHHHHPHHPHHPHPHHPHPHHH
743,HHHHPHHHHPHHHHHHHHHHHHHPPHPHPH
744,HHHHHHHHHPHHHPPHPHHPPHHHHHHHHH
745,HHPHHHHHHHPPHHHHHPHHHHHPHHPHHH
746,HPPHHHHHHHHPHHHHHPPHPHHHHHPHHH
747,HHHHHPHPHHHPHHHHHHHHPHPHHHHPHH
748,HHHHPHHHHHHHPHPHPHPHHHHHPHHHHH
749,HHPHHHPHHPPPHPHHPHHHHHHHHHHHHH
750,HPHHPPHHHHHHHPHHHPHHHHHPHHHHHH
751,HHHHHHHPHPHHHHHHPPHPPHHHHPHHHH
752,PHHHPHHPHHHPHHHHHHHHHHHPHHHPHH
753,HHHPHHHHHHHHPPPHPHHHHHHHHHHPHH
754,HHHHHHHHHPHPHHHHHHHHHHPHHPHHPP
755,HHHHHPHPHPHPHHHHPHHHHHPHHHHHHH
756,PHHHHHHPHHHPHHHPHPPHHPHPHHHHHH
757,HHHHPHPHHHPHHHHHHHPHHHHPHHHPHH
758,PHHHPHHHHHHHHHPHHHPHHHHPHHHHHP
759,HHHHHHPHPHHHHHPPHHPHHPHPHHHHHH
760,HPHHHHHHPPPPPHHHHHHHHHHHHPHHHH
761,HPHHHHHHHHPPHHPHHHHHHHPHHHHPPH
762,PHHHHHHHHHHHPPHHHHHPHPHHHHPHHP
763,HHPHHHHHHHHHPHHHPHHHHPHHHHPPHH
764,HPHHHHPHHHHHHHPPHHHHHHPHHHHHPH
765,PHHPHPHHHHHHHHHHHPPHPPHHHHHHHH
766,HHPHPPHHHHPPHPHHHHHPHHHHHHPHHH
767,HHHPHHHHHHHHHPHHHHHPPHHHPHHPHH
768,PHHHHHHPHHHHHPHHHHHPHHPHPHHHHH
769,HHHPHHPHHHPHHHPHPHHHHHHPHHHHPH
770,HHHHHHHPHPPPHPHHHHPHHHHHHHHPHH
771,HHHHPHHHPHHHHHPHHPHHPHPHHHHHPH
772,HHHHHPPHPHHHHHPHPHHHHHHHHPPHHH
773,HHHHPHHHHHHPPHHHHHHHHPHPHHPHHH
774,HHHHHHPPHHHPHHHHHHHHPHPHHHHPHH
775,HHHHHPHHPPHHHHHHHPHPHHHHHHHPHH
776,HHHHHPHHHHHPHHPPPHHHHHPHHHPHHH
777,PHHHPHPPHHHHHHHHHHHHHHHPPHHHHH
778,HHHPHHHHPHHHHPPHHHHHHPPHHHHHHH
779,HHHPHHPHHHHHHHHHHHHHHPPPPHHPHH
780,HHHHHHPPHPPHHHHPHHHHPHPHHPHHHH
781,HHHHHHHHHHHHHPPHHHPHPHHHHPHHHP
782,HHHHHHHPPHHHHPHHPHHHHHPHHHHHPP
783,PHHPPHHPHPHPHHHHHHHHPPHHHHHHHH
784,HPHHHHHHHPHPHHHHPHHHHHPHHPHHHH
785,HPHHPHHHHHHPHHHHHHHPHHHHPHHPHH
786,HHHHHHPHHHHHPHHPHHPHHHHHPHHPPP
787,PHHPPHHHHHPHPHHHHHHPHHHHHHHHPH
788,HHHHPPHHPPPHHHHPHHHHPHHHHHHHHP
789,HPHHHPPHHHHHHHPPHHHPHHHPHHPHHH
790,HHHPHHHHHPHHHPPHHHHHPHHHPHPHHP
791,HHHPPHHHHPHHPHHPHHHHHHHHHHHHHP
792,HHHHHHPHHPHHHPPHHPHHHHPPPHHHHH
793,HPHHHHPHHPHHPPHHHPPHHHHHHHHHHH
794,HHHHHPHHHPHHHHHHHHPPHHHHHPPPHH
795,HHHHPPHHHHHHHHPHHHHPHHHPPPHHHH
796,HHHHHHHHPHPPHHHHHHHHHPHHPHPPHH
797,HHHHHPHHHHHHPHHHHHPHPHPPHHHHPP
798,HPHHHHHPHHHHPHPHPHPHHHHPPHHHHH
799,PHHPHHHHHHPHPPHHHHHHHHHHPPPHHH
800,HHHPHPHHPPHHHHHHHHHHHPPHHHHPHP
801,HHPHPHHHHHPPHHPHHHHHHHHPHHHHHH
802,HHHHHHHPHHHPHHHHHPHPHHHHHHHPHP
803,HHPHHHHHPHHHPHHHHHHPHPPHPHHHHP
804,PHHHHHHPHPHPHHHHHHHHHPHPHHHHPH
805,HHPHHHPHPHHHHHHHHPHHPHHHHHHHPH
806,HPHHPHPHPHHHHHHHHHHHHHPPHHHHHP
807,HHHHPHPPHHHHHHHHPPHHHPHHHHHHHH
808,HHHHHHHHPHHHPHHHPHPPHPHHHHHHHP
809,HHHPHHHPHHHPHHHHHPHPHHHHHHPHHP
810,HPPPHPHHPHHHPPHHHHHPHHHHHHHHHH
811,HHPHHHHHHHHHPPHPHHHHHHHHPHHHPP
812,HHHPHHHHHHPPHHHPPHHHHHHPHHHPPH
813,HHHHHPHHHPHHHHPPHPPHHHPHHHHHHH
814,HHHHHHPHHHHHHPHPHHPHHHHHHHHPHP
815,HPHPHHHHHHPHPHHPHHHHPHHHHPHHHH
816,HHHHPHHHHHHHHHHPHPHPPPHHHPHPHH
817,HHHHPHHHPHPHPHHHHHHHPPHHHHHPHH
818,HHHPHHHHHHHHPPHPHHHHPPHHHHPPHH
819,HHHPHPHHHHHHPHHHHHPHHHHHHHHPPH
820,HHHHHHHHHHHPHHPHHHPHHHHPHHHPHP
821,HPHHHPHHHHPHPHHPHHHHPHHHHPPHHH
822,HHPHHHPHHHHHHPHPHHHHHHHHPHHPHH
823,HPHHPHHPHHHHHHHHHHPHHHHHHHPPHP
824,HPHPHPHHHHHHPHHPHPHHHHHHHPHHHH
825,HHHPHPPHHHPPHHHHHHHHHHHPHHHPPH
826,HHHPHHPHPHPPHHHPHHHHHHHHHHHHPH
827,HHHHHHPPHHPHHHHPHPHHHHHHHHHPHH
828,PPHHHHHHHHPHPHHHHPHPHHHHHPHHHH
829,PHHHPHHHHHHHHHHHHPPPHHPHHHHHHH
830,HPHPHPHHHHHPHPHHHHHHHHHHPHHHHP
831,HHHHHHHHHHHHHPPHHHHPHHPHHPHPHH
832,HPHPHHPHHHHHHHPHPHHHPHHHHHHHHP
833,HPHHHHPHHHHHPHPHHHHHPHHHHPHHHH
834,PHHHHHHHHHHHHHHHPHPHHPPHHHHHPP
835,PHHHHHHHHHPHHPHHPPHHHHHHHHHHHP
836,HPHHHHPHHHHHHHHHPPHPHPHHPHHPHH
837,HPPHHHHHHHHHHHPHHHHHHHHHPPPPHH
838,PHHHHPPPPHHPPHHHHHHHHHHHHHHHHH
839,HHHHPHHHHHHHHPPHHHHHPHHHHHPHHP
840,HHHPHHPHHHHPPHHHHHHHHHHHHHPHHP
841,PHPPHHHHHHHHHHHPHHHHPHPHHHPHPH
842,HHPPPHHHHPHHHHHHHHPHPHHHHHHHHH
843,HHHHHHPPHPHHHHPHHHHPPHHHHHHHHH
844,HHHHPHPHHPHHHHHHHHPHHPHHHHHHHP
845,HHHHHPPHHHHHHHHHHHHPHHHPPHPPHH
846,HPPPPHHHHPHHHHHHHPHHHHHHHHPPHH
847,PHHHHPHHHPPPPHHHHPHHHHHHHHHPHH
848,HHHHHPHHHHHHPHHHHHHPPHHHHPHPHH
849,HHHHHPHHPHHHHHHHHHHHHPPHHHHPPH
850,PHHHHHHHHPHPPHHHPHHPPHHHHHHHHP
851,HHHPHHHHHHHPHPHHHHHHHPPHHHHHHP
852,PHHHPHHPPHPHHHPHHHPPHHHHHHHHHH
853,PHHHPPHHHHHPPHHHHHPHHPHHHHHHHH
854,HHHHHPPHHPHPHHHHHPHHHHPPPHHHHH
855,PHHHHHPHPHHHHHPPHHHHHHHPPHHHHH
856,HHHPPHPHPHHHHHHHPHHHHHHHHPHHPH
857,PHHHHHPHPPHHHHPHHHHHHHPPHHHHHP
858,HHPHHPHPHHPHHHHPHHHPHHHHHPHPHH
859,HHPHHHPHHHHPHHHPHHHHHHHPHHHHPP
860,HHHHHPPHHHPHPPHHHHHPPHHHHHHHPH
861,PHHHPHHHHHPPHHHHHPHHHHHHHPHPHH
862,HHHHHHHPHHHHPHHHPPHHHPHPHPHPHH
863,PHHHHHHPHHHPHPHHHPHHHHHPHHHHPH
864,PHHHHHHHHHHHPPHHHHHHHHPHHPPHHP
865,HHHHHPHPHPHHHHHHPHHHPHHPHHHPHH
866,HHHHPHHHHHHHHHHHPPHPHPHHPHPPHH
867,HHHPHHHPHHHHPHHPHHPHHPHHHHHHPH
868,PHHHHPHHHHHPHHHPHHHHPPPHHHHHHH
869,HHHPHHHHHPHPHHHHHPHHPHHHHHPPHH
870,HHHHHPHHHPHPHHHHPHPHPHHHHHHHHP
871,HHHPHHHPHHHPHHHHHHHPHHHHHPPHHH
872,HHHHHHHPHHHPHHHPHHHPHHHHHHPHPP
873,PHHHHPHHHPPHHHPHHHHHHPHPPHHHHH
874,PHHPHPHHHHHHPHHHHPHHHHPPPHHHHH
875,HHHPHHHHHHHPHHHHHPPPHHPHHHHHPH
876,PPPPPHHHHHHHPHHHHHHHHHPHHHPHHH
877,HHPPPHHHPHHHHHHHHHHPHPHHHHHHPP
878,HHHPHHHHPPHHHHHPHHHHHPHHPHHHHH
879,HPHHHHHPHPHHHHPPHPHHHHHHHHHHHH
880,HHHHHHHHPHHPPPHHPHPHHPHHHHHHHP
881,HPPHHHHHHHPHPHHHPHHHHHHHPHPHPH
882,HPHPHHPHHHHHHHHPHPHHHHPHHHHHHH
883,HPPHHHHPPHHHHHHHHPPPHHHHHHHHHH
884,HHPPHPHHPHHHHHHHHHHHPHHHHHPHHH
885,HHHHHHHHHHHHHHHPHHHPPPHPHPHHHH
886,HHHHHPHHHHHHPPHHHHHPHPHPHHHHHH
887,HPHHPHHHHHHPHPHPHHHHHHHHPHHHHH
888,HPHPHHHHHHHHPHPPHHHHPHHHHHHHHH
889,HPPHHHPHHPHPHHHHHHHHHHHHHHHHHP
890,HHHHHHPPHPHHHHHHPHHHHPPHHHHHHH
891,HHHHHHPHHHHHHHHPPPPHHHHHPHHHPH
892,HHHPHHHHPPHHHHHHHPHPHHHHHHHPHP
893,PHHHHHPHHHPHPHPPHHHPPHHHHHHHHH
894,PPPPHPPHHHHHPHHHHHHHHHHHHHHHHH
895,PHHHHPHHPHPHPHHHHHHHHHHHHHPPHH
896,HHHHHPHHHHPHHHHHHHHHHHPHPPHHHP
897,HHPHPHHHHHHHHPHHHHHHHHHHPHPHPH
898,PHPHPHPHHHHHPHHHHHHHHHHHPHPHPH
899,HPHHPHHHHHHHPHHHHPHHHPHHHPHHHH
900,HPHHHPHHHPHHHHHHHPHHHPHHHHHHPH
901,HHHHPPHHHHHPHHHHHPPHPHHHPHPHHH
902,HHPHHPHHHHHHPHHHPHPPHPHHHPHHHH
903,HPHHPHHPHHHHHHHPHHHHHPHPHHHHPP
904,HPHHHPHHHHHHHPHHHPHHHHPHHPHPHH
905,HHHHHHHHHHHHHPPPHHPHPHHHHPHHHH
906,HPHHPHHHPPHHHHHHPHHHHHHHHHHPPP
907,HHHHHHHHHHHPHHPHPHHPHPPHHHPPHH
908,HHHHHPPHPPHHPHHHHHHHHHHHHPHHPH
909,HHHHPPHHHHPPHHHHHHHHHHHHHPHPHH
910,HPPHHHHHHPPPHHHHHHPHHHHHPHHPHH
911,PHHPPHHHPHHHPHHHHHHHHHHPHHHHPH
912,HHHHHHHHPHHPHHHHPHPHPPHHHHHHPH
913,HHPPPHHPHHHHHHPHHHHPHHPHHPHHHH
914,PHPHHPPHPHHHHPPHHHPHHHHHHHHHHH
915,PHPPHHPHHHHHHHHHHHHHHPHHHHHHPH
916,HHHHHHHPPHPHHPHPHHHHHHHPHHHHHP
917,HHHHHHHHHHHHHPHHHHHHPPPHPPHHHH
918,HHHHPHHHHPPPHPHPHHHHHHHHHHHPHH
919,HHHHPHHPHHHPHHHHHHHPHPHPHHPHHH
920,HPHPPHHPHPHHHHHHHPHHPHHHHHHHHP
921,HPHHPHHHHHPHPHHHHHHHPHHHHHHHPH
922,PHHHHHPPHPHHHHHHHHHHPPPHPHHHHH
923,HHPHHHHHHPHPHHPHHPHHHHHPHHHHPH
924,HPHPHPHHHHHHPPHHHHHHPHHHHPHPHH
925,HHHHHHPHHHHHHHHPHHHPPHPHHPHHHH
926,HPHPHHHHHHHHPHPHHHHHPHHHPPHHHH
927,HPPHPHHHPHPHPHHHHHHHHPHHHHPHHH
928,HPHHPHHHHHHHHHPPHPHHPPHHHHHHHP
929,HHHHHHPHPHPHHPHPPPHHHHHHHHHHPH
930,HPPHPHHHHHHHHHHHPHHHPHHPHHHHPH
931,HHHHHHHPHHPHHPHPHPHHHHHHHPHHHH
932,HHHPHHHHPHHPPHHPHHHHHPHPHHHHHP
933,HHHPHPHPHHHHHHHHHHHPPHPHHHHHHH
934,HPPHHHHHHHPHHHHHPHHHHHHHHPHHPH
935,HPHHHPHPHHHHPHHHHPHPHPHHHHHPHH
936,HHPHHHHHHPHHHHHHHHHHPPHHHHPHPH
937,HHHHPPHHHHPHHHHHHHHHHHHHHPHHPP
938,HHHHPPPHHHHPHHHHPHHHHHPHHPHPHH
939,HHHHHHHHHPHPHHPPHPHHPHHHHHHHHP
940,PPHHHHHPHHHPHHPHHHHHHPHHPHHHHH
941,HHHHHHHHPHHHHPPHPHHHPHHHHHHHPP
942,HHPHHPHPHHHHPHPHHHHHPHHPHHHHHH
943,HPPHHPHHHPPHHHHHHHHPHHHPPHHHHH
944,HPPHHHHHHHHHHHHHHPHHHPHHHHPHPH
945,HHHHHPHHHPHHHHHHHHHHHHPHHPPHHP
946,HHHHHPHPHPHHHHPHHHHHHHHHHHHHPP
947,PPHPHHHHHHHHHHHHHPPHHHPPHHPHHH
948,HHHHHHHHHHPHPHHPHHHHHHHHPPHHPH
949,HHPPHHHHHPHPHHHPPPHHHHHHHHHHHH
950,HHHPHHPHHPHHPHHHHPPHHHPHHHHHHH
951,HHHHHHPPHHHHHHHHPHHHPHHPHHPHHH
952,HHHHHHPHHPHHHHPHHHHHPHHHHHPPHH
953,HPHHHHPHHHHHPHHPHHHHHHHPHHHHPH
954,HHHHHHHHHHPPHHHHPPHHHPHPHHHHPH
955,HHHPHHPHPHHHHHHHHHHPPHHHHHPPHH
956,HPPHPHHHHHHPHHPHHHHHHHHHHHHPHH
957,HPHHHPHHHPHHHPHHHPHHPPHHHHHHHH
958,HHHHHHHHHPHHHPHHHHHPPHPHHHPHHP
959,HHHHPHHPPHHHHPHHPHHHPHHHHHHHHH
960,HHHHPHHPHHPHHPPPHHHHHHHHHHPHPH
961,HPPPHPHHHPHHHHHPHHHHHPHHHHHHPH
962,HPPHHHPHPHHHHHHHHHHHHHHHHPHHPH
963,HHHHHHPHHPHHHHHHHHHPPPHHPHPHHH
964,HHHPPPHHHHHHHHPHHHHPHPHHHHHHHH
965,HHPHPHPHHHHPPHHHHHHPHPHHHHHHPH
966,HPHHHHHHHHHHHHHHHPHHHHHHPPPHPP
967,PHPHHPHHHHHHHHHHHPHHPHHHHHHHHP
968,HHHHHPPPPPHPHHHPHHHHHHHHHHHHHP
969,HHHHPPHHPHHHHPHHHHHPHPHHHPHHHH
970,HHHHHHHHPHHHHHPHHHHPHHHHPHPHPH
971,HHPPPHHHHHHHPHHHHHHHHHHHPHHPHH
972,HHHHPHHHHHHPPPHHPHHHHHHHPHHPHH
973,HHHHHPHHPHHHPHHPHHHHPHHHHPHPHH
974,HHHHHHHPHHHHPHHPHHHHHHHPPHHPPH
975,HHPHPPHHHPPHHHHHHPHHHHHPPHHHHH
976,PHPHHHPHHHHHHHHPHHHHHHHPHHPHHH
977,HHHHPHPHHPHHHHHPHHHHHHPHHHHHPH
978,HPPPHHHPHHHHPPHHHHHPHHHHHPHHHH
979,HPHHHHHHHPHHHPHPPPHHHHHHPHHHHH
980,HHPHHHHPPHHHHPPHPHHHHHHHHHHHHP
981,HHHHHPHHHHHPHPHHHHHPHHPHHHHHPH
982,HHPHHHHPHHHHHHHHHPPHHPHHPHPHHH
983,HHHHHHHPPHHHHHPHPHPPHHHHPHHHHH
984,HHHHHPPPPHHHHPHHHHHHPHHHHHHHHH
985,PHHPHPHHHHPHHPHHHHPHHHHHHHHPHH
986,HPHHHHHHPPPHHPHHHHHHPHHHHHHHHP
987,HHHHPHPHPHHHHHHHPPHHHHHHHHPHPH
988,PHPHHHHHPHHHPHHHHHHPHHHHHHHPHP
989,HHHHHPPHHPHHHHPHPHHPHPHHHHPHHH
990,HPHHHPHHHPHHHHPPHPHHPHHHPHHHHH
991,HHHHHHPPHHHHPHPHHHHHPPHHHHHHHH
992,HPHHHHPHHHHHPPHPHHHHHHHHHHPHHP
993,HHHHHHPPHHPHHHHPHHHHHPHHHHHHPH
994,HHHHHPHHHHHHPHHHHPHHPHPPHHHHPH
995,HHHHHPHHHPHHHHPHHHHHHHPPPHHPHH
996,HPHHPHHHPPHHHHHHHHHPHHPHHHHPPH
997,HHHHHPPHHHHHHHHHHHPPHHHPHPPHHH
998,HHHHHHHPPHPHHHHHPHHHHPHHHHHHPH
999,PHHHHHPHHHHPHHPHHHHHHPHHPHHPHH
