id,sequence
0,HHHPHHPHPHHHPHPPPPPPPPHPHPHPHP
1,PHHPPHHHHHPPPHHPPHPPPPHHPHPHPH
2,PHHHHPPPHPPPHPHPHHPPHHPPPHHHPH
3,PHPHHPHHPPPHPPPPPHHHHHPHPPHHPP
4,PHHPPHPPHPPHPHHPPHHHPPPPHHPPPH
5,HPPHPHPPPHPHHPHPHHHHHPPPHHPHPP
6,HHHPPHPHPHPPPHHPPPPPHPHPHPPHPH
7,HHPPHPPPHPPHHPPHHPPHPPPHHPPPHH
8,HPPPPPHHHPPHPPHHHHPPPHHHHPHPHP
9,HPPPPHHHHHHHPPHPPPPPHHPHPPHPHP
10,PHHHHPPHPPHHPHPPHPPPHHHHPHPPHP
11,HPPHPHPHHHHHPPHPHHHPHPPPHPPPHP
12,HHPHHPPHPPPHHHHPPPPPHPPHHHHHPP
13,PPHHHHPHPPHPPHHHHHHHPPPPPPPHPH
14,PPPPHPHPHHHHPPHHHPHPPHPPHPHPHP
15,PHHPPPPPHPHPPHHHHPHPPPHHHHHPPH
16,PHPHHHPHHHPPPPPPHPPHPPHHHHPHPP
17,PHHHPPPPPHHPHPPHHHPPPPPHPHHHPP
18,PPHPHPHHHPHPPPPHHPPPHPHHPHHHHP
19,PHPPHPHPHPPPHPPHPHPPHHHHPHPHHH
20,PPPPPPPPHHHPHHHHPHHPHHHPPHPHPH
21,PPPHPPHHHPHPPHHPHHPHHHPHPPPHPH
22,HPHPHPPHPHPHPPPHPHPPPPHPHHPPHH
23,PPHHHPHPHHPPPPPPPHPPHPHHPHHPPH
24,HHHPPPHPPPHPPPHHPHPHHPPHHHHPHP
25,HHHHPPPPHHPPPHPPHPHPHHPPHHPPHH
26,PPHHHPPPHHHPPPHHHHHPPPPPHPHPHH
27,PHHPHPPPHHPHPPHPPHPPPHHHPHPHHH
28,PHPPPHHHPPPPHPHHHHPPHPPPPHPHHP
29,HHPPHHHPHPPHHHHHPPPHPPPPPHHHPP
30,PHPHHHPHPPPHHPPPPPPPHHPHPHPHHP
31,HPPPPHHPPPHPHPPHHHHHPPHHHPPPPP
32,HPHPPHHHPHPPHHPPHPPHHPHHPHPHPP
33,PHPHHHHHHPPHPPPHPHPHPHHPPPHPPH
34,HHHHPPPPHPPHHPHPHPPHHHHPPHPHPP
35,PHPPPPPPPHHPHHPHPPHPHHHHHPPPHP
36,PPHPHHHHPPPPPPHHHPHPPPHHPPPHPH
37,HPPPPPHHPHHPPPPPHHPPHHHHPHPHHP
38,PHHPPHHPPHPHPPPHPHPHHHPPPHPHHH
39,HHPHPHHPPHHPPPHPPHPHHPHPPPPHHH
40,PHHHHPHPHPPPPHPPPPPHHPPHHHHHPP
41,HPPHPHPHPPHPPHHHPPHPHPPHHHPHPH
42,HPPHPPPHPPHHPPPHHPHHHPPHPHPPHP
43,HHHPHPHHPPHHPHPHHHPHHPPPPPHPPP
44,HPPPHHHHHPPPPPHHHPHHPPPHPPPPHH
45,HHHHHPPHHHPPPHPPHPPPHPHPHPPPPH
46,PPHHPHPPPHPHHPPHPHPPHHHPHPHPHP
47,PPHHHHPPPHHHHPPPPPHHPHPHPHHPHP
48,PHPHHHHHHPPPPPHPHPHHPHPHHHPPPP
49,HHPPHHPPPHPHHPPHHHPPPHPPPHHPPP
50,HPPPHPPHHPPPHPPHPPHPPHHHHHPHPH
51,HPPPPHPHHPPPPPHHPPHPHPHPHHPHHH
52,PHHPPPHPPHPHPPPPHHHPHHPHPHHHPH
53,HPHPHHPHHPHPPHHPPHPPPPPHHHPHHP
54,HPPHPPHPHPPHHPHHHHPHPHPHPHPPPP
55,HPHPHHPHHPHHHPPPPPHPPHHPPPHPPP
56,PPPHHPHHPPPPPHPHHPHHHHPPPHPHHP
57,PPPPPHHPPHHHHHPPPHPHHHHPPHHPPH
58,HPPPHPHHPPHPPHHHHHPHPHHPPPPPPH
59,PHHPHPHHHHPPPPPHHPHPPHHHHPPPPP
60,HPPPHPHPHHPPPPPPPHHHHHPPHPHHPH
61,HHHPHPPHPPPHPPPHPHHHPHPPPHHPPP
62,PPHPPHHHHPPPHPPHHPPPHPPHHHHPHH
63,PPHPHHPHPPHHPHPHHPHHHPHPHPPPPH
64,PPPHHHHPPHHPPPHHPHHHPPHPPPPHPP
65,HPHHPPPPHPPHPHHPPHPHPPPHPHHHHH
66,PHHPHPHPPPHHPHPPHPHPPPHPPPHHHP
67,HHPPHHHHHHPPHHPPPHPPPHPPPPPHHP
68,HHPHHPHHPPPPPPPPPHPPHHHHPHPHHP
69,PPPPHHHPHPPHPPHPHPHPHHHPPHPHHH
70,HPPHHHHPPPPHPHPPPPHPPHHPPPHHHP
71,PHHHHPHHPHHPPHHPPHPPPHHPHPPPHP
72,HHPPPHPHPHPHPHPPHPHHHPHPHHPPHP
73,PPPPHHHPHPHHHHHPPHHHPPPPHPHPPH
74,HHHPPPHPPHPPPPHPHHHHHPHPPPPHHP
75,PPHHHPPPPHHPHPHPHHHHHPHPPHPPHP
76,PPHHPHPHHPPPHHHHHHHPPPHPPPHPPP
77,HPHHHPPHPHHPPPHPHPPPHPHPHPPPPH
78,PPHHHPHHPPPHHHPPPPPPHHPHPPHPPH
79,PHPHHPPPHPPPHPPHPHHPHHPHHPPPHH
80,PPHHPPHHPHHHPPHPPHPPPHHPPPPHPH
81,HHPHPPPPPPHPHPPHPHPHHHHPHHHPPP
82,HHHPHHHHHHHPPHPHHPPPPPPPPPPHHP
83,HHPHPPPPPPPPHHPPHPPHHHPHPPHHHP
84,PPPHHHHPHHPPPHPHPPHHPPHPHHHPPH
85,PPHPPHHPPHPPPPPHPHHPHHPHHPHHHH
86,PHHHPHPPPPPPPHPHHHHHPPPHHPPPHP
87,HHHPPPPPHPPHPPHPHHPPPPHHHHHPHH
88,HHHPHPPHHPHPPPHPPPPPPPPPPHHHHH
89,HPHPHHHPPHPPPPHPPHPHPPPPHPHPHH
90,HHPPHHHPPPHHPHHPPPPPHPPPPHHHPP
91,PHHHPPHHHHPPPHPPHHHHPPPPPHHPPP
92,HHPHPPHHPPHPHHHHPPPHHPPPHPPHPP
93,HHPHPHHPHHPPPHHHPPPPPHHPPHPPPP
94,HHHHPPHPPHPHPPHPHPHPHPHPPHPHPH
95,PPPHHHPHPPHHHPHPPPHHPHHPPHHPHP
96,PPHPHPHPHPHHPHPHHPPPHPPPPHHPHP
97,PPPHHPPPHHHPHHHHPPHHPHPPPPHPHP
98,PPPPHHPHPHHHPHHHPPPHHPPHPHPPPH
99,PPHHPHHHPPHPHPPHPHPPPHPPPHHHPP
100,HPPPPHPPPHHPHHHHPPPPPHHHPHHHPH
101,PPHPHPHPHHPPHPHPPHHPPPHPHHHHPP
102,HHHPPPPPHPPPPPPHHHPPHHPHPHPHHP
103,PHHPPHPPHHPPPHHPPPPHHHPHPPHHPP
104,PHHPHPPPPHPHPHHPPPHHPHHPPHHPHP
105,PPPPHPHPHPPHHHHPPPPHHPHHPPHPHP
106,PHPPPPHPHHPPPHHHHPPPPHHPPHHHPH
107,HHHPPPPHHPPPHHHHPPPPHHHHPPPPPP
108,HPPPHPHHPPHPHHPPHHPPHHHPPHPPHH
109,PHHPHPHPPPHPHHPHPPHHPHPPHPHPPP
110,HPPHPPPPHPHPPPPPHHHPPPHHPHHHPH
111,PPHHPHPHPHHPHHHPHPPPHHPPHPHPPH
112,HPHPHHPPHHPHPHPPPPHHPPPHHPPHPP
113,PPHPHHHPHPPPPPPPHHPHPHPPHHPHHP
114,PHPPHPPPPHHPPPHHPPHPPHPHHPPHHH
115,PPPPPPPHPHPPPPHHPHHHHHHPHPHHPH
116,PPPPHPHHPPPPHHPPPPHHPPHPHHHHHH
117,PHHPHPHHPPPHPPHHHPHPPPHHPHHPPP
118,PHHHHPPPHHHPPHPPPHPPHHPPPPPPHH
119,PPPPHHPPPPHHHHHHHHHHPHHPPHPPPP
120,HPPHHPHPHPPPHPHPPPPHHPHPPHHHPH
121,HPPPPPPPHPHHPHHPPHPHHPHHPHPHPH
122,HPPPPPPPHHPHPHHPPHHHHPHHHPPHHP
123,HHHPPHHPPHPHPPPPHHPPHHPPHPPPPH
124,HPPPHPHHHHHPPHPPHPHHHPPPHHPPPP
125,PHPPHPPHHPPPHHPHHPHPHPPHPPPPHH
126,PHHHHPPPPHHHPHPPPPPHPHHPPPHHPP
127,PPPPHPHPPPPPHPPPHPHHHHHHPPPHHH
128,PHPHHHPHHPPPPPHPPHPHPHPPHHPHPP
129,PHHPPHPHPPPHPPPHHHHPHPPHPPHPPH
130,HPHPHHPPPPHPPPHHHPPPPHHPPPHHHP
131,PHHPPHHPHHPPPPPHHPHHPPHPHPHHPH
132,PPHPPHHPPHPHPHPPHHHHHPPPHPHPPP
133,HPPPHPPPHHPHHPHPPPPHHHPHHHPPHH
134,PPPHPHHHHHPPPPPHPPHHHPHHPPPHHP
135,PPHHPHPHPHPHPHHHPHPPHHPPPPPPHH
136,HPHHPPPPPPHHPPHHHPPHHHHPHHHPPP
137,PHHPHPHHPHHPPPPPPPHPPHHHPHPHHH
138,HHHPPHHPPPPHPHPPHPPHPHHHPPHPHH
139,HHPHPHPPPPPHHPPHHPHPPHHPHPHPPH
140,HPPPPPPPHHHHHHPHPHHPPHPHHPPHPH
141,PHHHHHPHPHPPPPHHPHPPPPHHPPHPHP
142,HHPHPPHPHHPHHHPPHHPPPPPHPHPHHP
143,HHPHHPPPHHHPPPHPPHHPPPPHHHPHPH
144,HHPPHPPPPHPHPPPPHHHHPHPPHPHPPH
145,HHHPPPHPHPPHPHHPPHPHHHPPHPHPPH
146,HHHHHPPPPHPHHHHPHHPPPPPPHPPPHH
147,PPPPHHPHHHPPPPPHHHHHPHPHPPHPHP
148,HHPHPPHPHHPPHPHHPHHHPPHPHPPPHP
149,PPPPHPHHPPHHHPHPHHPHHHHPPHPPPP
150,PPPPHPHPPPPHPPHHPHPHHPHHPPHHHH
151,HPHPPHPHHPPPHPPHHHHPHHPHHPPPHP
152,PHPPPHPHHHHPPPPPPPPHPPHHHHPPHH
153,PHPHPPPPHHHHPHPPPPPPPHHPHHPPHH
154,PHHHPHHPHPHHHPHPHPPPPHPPHPPHHP
155,PPHPPHHHHPHPPHPHHPPHPPHPPHPPHH
156,PHHPPHHHPPPHPPHHPPPPHPHHPPPPHH
157,HHPPPPHPHHHHPHPPPPPHPPHHPHHPPP
158,HPPHHHPPPPPPHHHPPPHHPHHHHHPPHP
159,PPHPHHHHPHPPHPHPHHPPPPHPHHHHPP
160,PPPHHPHPPHPPPHHHPPPPPHPPHHHHHH
161,HPHHPPPPHHHHPPPPHPPPPHPHPPHHHH
162,PHPPPPPHPHHHPHPPPPPPHHHPHHPHHP
163,PHHPPHHPHPPPHPHPHHPHPPHPPHHHPH
164,HPHPPHHHPHPPPPHPPPHHPPHHPPPHPH
165,PPHPPHHPPHHHPPPHHPHHPPHHPHPPHP
166,PPPPHHHPPHPPHHPPHPPPHPPPHHPHHH
167,PHPHPHPPHPHPHHHPPHHHPPPHHPPHHP
168,PHPHPHPPPHHHPHHPHHHHPPHPPHPPPP
169,HPPHHHHPPPPPPHPPPHPHPHHPPHHPHP
170,PHPHHPHPHHPPPPHPHHPPHHPPHHHPPH
171,HHPHPPPPPHHPHHPPHPPHPPHPHPHPHH
172,PHHPHPHHHPPHPPPPHHPHPHHPHHPPHP
173,HHPHPPPHHHPPPPHHPPPHPHHHPPHHPP
174,PPPHHPPPPPPHHHHPHHPHPHPHPPHPHH
175,HHHPHHHHPPPHHPHPPPHHPPPHPPPPHP
176,HPPPHPHHHHPHPPPPHPPPHPHPHPHPHP
177,HHPPPHHPPPHHPHHPPHPPPHPHPHHPHH
178,PPHPHHHHHPHHPPPHPPPPHHPPPPPHHH
179,HHHHHPPPPPPPPHPHPPHHHHPPPHPHPH
180,PPPPHHHHHPHPPHHPHHPPPPHPPPPPHH
181,HHHPHPPPPHHPHHHPPPPPHHPPPHPPPH
182,PPPHHPPHHHHPHPPHPHPPPPHPHPHHHH
183,PPPPPHHPHPPHHPPHPHPHPHHHPHPHPP
184,PPHHPPHPPHHPHHPHPHPPPPHPHHHPPP
185,HPPPPPPPHPHPHHPHPHHHPPHPHHPPHP
186,HHHPHPPPHPHHHHPPPPHPPHPPPHHPPH
187,HHPPPHHHPPPHPHPPPHPPHHHPHHPPHH
188,PPHHPHHHHPPHPHPPPPHPHHPHPHHHPP
189,PHPPHPHHHHHPPHPPPHPHHPHHPPPPPP
190,HPHPHHHPHPPPPHPHHPPHPHPHHPPPPP
191,PPPHPPPPHHHPHPPHHPPPHHHHPPPHPH
192,PHPHHPHPHHHHPPHPPPHHPPPPHPHPHH
193,HHPPHHHHPHPHPPPPPPPHHHHPHPHHPP
194,HPHHPHPHPHPPHPHHHPPPHHHPPPPPPP
195,HPPHPPHPHHHHPPPHPHPHPHPPHPPPPH
196,PPHPPPHPPPPHHHHPHPHHHPHPPHHHPH
197,HHPPHPPPPHHPHPPHHPHPHPHHPPHPHP
198,HPHPPHPPHPPPHHPPPHHHHPPHHPPPHP
199,PPPPHPHHPPHHPHPPHHPHHPHPPHPPHP
200,HPPHPHHPHPHHPPHPHPPHHHPPPHPHPP
201,PHPPHHPPPPHHHHPHHHPPHPPPPHHPHP
202,PPHHPPPHPPPHHHPHHHPHPHPPPHPPHH
203,HHPPPPHPHHHHPHHPPHPPHPPHHPPPPH
204,HPPPPPPHHHHHPPPHHPPPHPHHHPHPPH
205,PPHPHPHPPPPHPHPHHHPHHPPPHHHHPH
206,PHHHPHHPHPHHPPHHHHPPHPPPPPHPHP
207,PHHPHHHPPHPHHPPPHPPHPPHHHHPPPH
208,PPHHHHPHPHHHHHPPPPPPPHHPPHHPHP
209,PHPHHPPPHHHPPPHPHHPPPHHPHPPHHP
210,PPHHHPHHPPPHHPHPPPPHHHPPPHPPHH
211,PPPHPPPPHHHPPPHHHPPPHPPPHHHHHP
212,PPPPPHHPPPPPPHHHHHPHPHPPHHHHPH
213,HHPPPHPHHHPPHPPPPPHPPPPHHPHHPH
214,PPHHPHHPHHPPPPHPPPHHHHPPPHPPHH
215,PPHPPPHPHPHPHHPPPHHHPPPHHHPHPP
216,PHPPPPHPHPPPHHHPHHPPHHHPPHPHHH
217,PHHHPPPHHHPPPPHPPHPHPHHHHHPPPP
218,HPPHHHPPHPHPPPPHPPHHHHPPHHPPHP
219,HPPHHPHHHPHPPHHHHPPPHHPPPHPPHP
220,PPPPHPPHPHPHHHHPPPHHHHHPHPPPHH
221,PHHPHPPHPPHHPPHPHPPHHPHPPHHPHH
222,PHHPPHPPHPHPHHPPPPPHHHPHHPPPHP
223,HHPHHHPPHPHPHHHHHPPPPPPPHHHPPP
224,PHHHPHPPPHHPPPPPHPPPPPHPHHHHPH
225,HPHHHPPPHHPPPPPHPHPHPHPPHPHPHH
226,PPHHHHPHPPPPHHHHPPPHPPHHPPPPHP
227,HPHPPHPPPHPPPPHHPPPHHPHHPHHHHP
228,HPPPPHHPHPPHHPPPHPPHPHHHPPPHHH
229,HPHPHPPHHPHPPHPHPPHPHPPPPPHHHH
230,PHPPHPPPHHHHHPPHPPHHPHPHHPHPHP
231,HHHPHHPHHPHPPPHPPHPPHHPPPPPHHH
232,HPPHPPHHHPPHPHPPPHHPPHHHHPPPHP
233,PHHHPHHPHHPHPHPPPPPPHPPHHHPPHP
234,HPPPHHPHPHPHHHPPPHPHPHPHHPHPPH
235,PPHPPPPPHHHPHHPPPPHPHHPPHPHHHH
236,PHPPHPHHPPPPPHHHPHPHPPHHHHPHHP
237,HPHHPHPHPHPPHPHPPHPPPPPHHHHHHP
238,PPHHHPPPHHPPPHPHPPPHHPPHHPHHPP
239,PPHPHPHPPPPHHHHHPHPHPHHPHPPPPH
240,HHHHHPPPHPPPPPPHHHPPHPPPPPHHHH
241,PHPPHPHPPHPHHPHPHPHHPHHPHHHPPP
242,HHPPPPPPHPPHHPHHPHPHHPHHPHPPHP
243,PPPHHHHPHHPPHPHHPPHHPPPHPHPPPH
244,HHPHPPPPHPPHPHHHPHPHHPHPPPPHHP
245,PPPHHPHPPHHPHHPHHPPHHPHPHHHPPP
246,HPHHPHPPPPPPPHHPPHHHHPHHPHPPPH
247,PHPPPHHHPPPHHHHPHPPHPPHPHPPPHP
248,HPPPHHPPHPPPHHHPHHHHPHHPHHPPPP
249,PHHPPHHHPPPPPHHPPPHPPHPHHHHPPP
250,PHHPPHHHHHPHPPHHHPPHPPPPPHPPHH
251,PPPPPPHHHPHPHHPHHPHPHHPPPPPHHP
252,PPPPHHPHHHPHHPHHHPHHPPPPPPPHHH
253,PHPPHHHHHPPPPPHPPHHPHPPHHPPHPP
254,PHHHPPHPPPHPHHPPHHHPHHPPPPHPHH
255,PHPPPPHHPPPPHPPHPHHPPHHHHHHHPP
256,PHPPPHPHPHPPHPPPHHPHPHPPHHHHHP
257,PPPPHPPPPHHHPPPHPHHHHHPHPHHPHH
258,PHHPPHPPPHPPHHHHPHHPHHPPPHPHHP
259,HPPHHHHHPHHPPPHPPPHHPPPPPHHPHP
260,PHPPPHHHHPHPPPHPHHHPHPPHPHHPHP
261,HHHHPPHPHHPHHHHPPPHHPPPHPPPPHP
262,HPPPHHHHPHHPHPPHHPPHPPPPHHHPPH
263,HPHPPHPPPHPPPPPPPHPHHPHPHHHHHH
264,HPPHHHPHPPHPPHHHPPHPPHHHHPPPPP
265,PHPHHPPHPPHHPHHHPPHPPPPPPHHHPP
266,HPPHHPPHPPPHHPHHHPHHPHHHPPHPPP
267,PPHPPHHPPPPHHPPHHPHPHHHPHPPPHP
268,PPHPHPPHPPHHPPHHPHHPPHHHPPHPHH
269,PPPHHPHPHPPHHPHHHPPPHPPHHHPHPP
270,HPPHHHPPPHPHHHHPPPHHHHPPPPHPHP
271,HPHHPPHHPPHHHPHPPPPHHHPPPPPHPP
272,PHHPPHHPHPHHPPHHHHPHPPHPHHPPPP
273,HPPHHHPPPPHPHPPPPHHPPPHPHHPHHH
274,PHPHPPHHPHPPPHPHHPHPPHPHPPHHPH
275,HHPPPHPPPPHHPPPPPHPHPHHHHPHPHP
276,HPHPPHHPPHHHPHPPHPPHPPPPHHPPHP
277,PHPPHPHHPHHPHHPPPHPPHPHPHPPPHH
278,PHPHHPHPHHPPPHHHPPHPHPPPPPHHHH
279,PHPPHPHPPHPPHHHPPPPHHHHHHPPPPH
280,PHPHPHHPPPPHPHPHHPHHHHPPHHPHPP
281,HPPHHPPPPPHHPHHPHPHPPPPHHHHPHP
282,PHHPPHPPPPPHHPHHHHPHHHPPHHHPPP
283,HHPPPPPHPHHHHPHHHPPHHPPPPHHHPP
284,PPHHPHHHPHHHPPPPPHPPHHPPPPPPHH
285,PHHHHHPHPPHPHPPHHPPPPHHPHHHPPP
286,PPPHHPHPHHHPPHPPPPHHPHHPPPHPHP
287,PHHHPPHPPPPPHHPPPHHHPPHHHPPHHH
288,HHPPHHPHPPPPPHPHPHPPHHHHHPHPPH
289,HPPPPHPPHPHPHHPPPHPHPHPHPPHHPH
290,HHHHPPPPHPPPPHHHHHHPHHHPPPHPPP
291,HPPPHHHPPPHPPHHHPHPPHPPHPHPHHH
292,PPPHHPPHPHHHPHHPHPHPHPPHHPPHPH
293,HHHHPHPHPPPHHPHPPPPPPPPPPHHPHH
294,HPHPPPHPHPHHHHPPHPPPPPHPHPPHHH
295,PHHHPPHPHPPPPPPPHHPPHHHPPHPHPH
296,PPPHHHHHPPPHPPHHHHPHPPHHHPPPPP
297,HHHPPHHPHHPHPPPHPPHPHPPPHPHHPP
298,PHPHPPHHPHHPHPHHPPPHHPPPPHPHPH
299,PPPPHHHHHPHHHHPHPPPPHPPHPPPHPP
300,HHHHHPPHHHPHPPPPPHPPPPHPHPHHHP
301,PHPPPPHHPPHPHHHPPHHHPPPHPPHPHP
302,HPHPHHHPHPPHPPHPPHPHPHPPHHPPPP
303,HPHHPHPHPPPPHPPHPPHHPHPHHPHHPH
304,PHPPPPPHPHHPPHHPHPPHHHHHHPHPPH
305,PHPPPPPPPHPPHHPPHHPHPPHHPPHHHH
306,PHHPPHPPHHPHHPPPHHPPPPHPHPHHHH
307,PPPHPPHPHPPHPHPPPHHHHPHPHPHPHP
308,HPPHPHPPHPHPPPPHPHPHPHHHHHPHPH
309,PHPPHPPPHHHHHHHPPPHPPHPHPHPHHP
310,PHPPHHPHPPHPPHHPHHPPHHPHPHPPHP
311,HHPPHPHPHHPPPHPHHHPPPHHPPPPPPH
312,HPPHPHHPHHHPHHPHPHPPHPPHPPHPPH
313,HPPPPHPHPPHPHPPPPPPHHHHHHPPHHP
314,PPPHPPPPHPHHHPPHPPPHHHPHPPHPHH
315,PHHHHPHPPHPPHHPHPPPHPPPPHHHHPP
316,PHHPPPHPHHPHPPPPHPPHPHHHHPPPPH
317,HPHHPPHHPPPPPHHPHHPPPPHPHPPHHP
318,HHPHHPPHPPPPHPPHPPHPHHPPPPHHHH
319,PHPPPHPPPHPHHHHPHPHPHHHHPPPHPH
320,HPHPPPPPPHPHPHPPHHPPHHPPHHPHPH
321,HHPPPHHPPPPHHPPHPPPHPPHPPHHPHH
322,PPPPPHHHPPHPPHPHHHHPPPHHPPHPPH
323,PPHHPHPPHHPPPPHPHPHHPHPHHHHHPP
324,PPPPHHPHPHHHPPPHHPPPPHHHHPHHHP
325,HHPHPHPPPPHPPHPPPHHHHPPPPHHHPP
326,HPHHHPHPPPPHPHPPHHHHPPPHPHPHPP
327,PHPPHPPPPHHHPHHPHPPHPPHHPPPHHH
328,HHPPPHPHPHPPHPHPPHPHPPPPHPHHHP
329,PHHHPPHPPHHHPHHPPPPPHPHPHPHPHP
330,PHHPPPPPPHHPHHPHPPHHPHPHHHPPHH
331,PPPPHHPHPHPHPHHHPPHPHPHHHPPHPH
332,PHPHPHPPHPHPHPHHPPPHPHPPHPHHPP
333,PHHPHPHPHPHPPPHPHPPPPHHHPPHPHH
334,PPHPPHHHHPPHPHPHHHPPPHHHPPPHPP
335,PHPHPPHHPHPPHPHHHHHPPHPPHHPPPP
336,PHHHPHHPPPPHPHHHPHHPPPPPHHPPPP
337,PHHPPPHHPHHPHHPPPPHHPHPPPPHHHP
338,HHHPHPPHPHPPHHHPHPHHHHPPPPPPPP
339,HPHPPHHHPPPHHHHPPPPHPPHHPHPHPH
340,PHPPPHHPPHPPHHPPPPPPHHHHHHPPPH
341,PHHPPPHPPPHPHHHHPHHHHPPPPPPPHH
342,PHHHPHPHHPHHPHPHPHPHPPPHPPPPPH
343,PHPPHPPPHHPHPPHHHHPHPPHHPHPHPP
344,PPHPPHHHHHHHPHPPPPHHPPHPHHPPPH
345,PHHPHPPHHPPPPPPPHPHHPPPHHHHPPH
346,HPPPPPPPPPHHPHHPHHPHPHHHHPPPPH
347,PHHHPPPPPPPHPHPHPHPPHHPHHHHHPP
348,PPPHHPHPHHPPHPPPHPHHPPPHPHPHHP
349,PHHPPPPHHPHHHPPHPHPPHHHPPHPPHH
350,HHPPHPHPHHPHPPHPHPHPHPPPPHHPHH
351,PHPHPHPHPHHHPHHHHPPPHPPPPPHPPP
352,PHHHPPPHPHHPHHHPPHPHHPPPPPHPPH
353,HHHPPPHHHPPHHPPHHHHHPPPPPHPHPP
354,HHHPPPPHHPPHHPHHHHPHPPHPHPPHPP
355,HHHHHPPPHPPHPPPPHPHPPHHHPHHPPH
356,PHHHHPHPHPPPPPHHHPHPPPPPHHHPHP
357,HPPPPPPHHHHHHPHHPPPPPPPPHHHHPH
358,PPPHHPPHHHPPPHHHPPHPHPPHHHHHPP
359,PHHHPPHPHPHPHPPHPHHPPPPPHHPHPH
360,HPHPPPPPHHPHPHPPPHHPPPHPHPPHHH
361,PPHHPPPPHHHPHHPPPHPPHHPPPPHHHH
362,HPPPHPPPHHHHHPPHHHPPPHPPHPHPHP
363,HHPHPPPPPHHHPHHPPPPHHHPHPPHPPH
364,HPHPPPPPPHHPPHPHHHPHPPPHPHHHPP
365,HHHHPPHPHHPPHPPHPHPPPHPPPHPHPP
366,PHHHPHHHHPHHHHHPPPHPPHPPPPPPPH
367,HPPPHHPHHPPHHHHPPPHPHPPPPHPHHH
368,PHPHPHPHHHPHPPPHHHPPPHHHHPPPHP
369,HHPHPHPHHPPPHHHHHHPPPPHPPPHPPH
370,PHHPHHPHPHHPHPPHPHHPPPPPPPPHPH
371,PHHPPHHHPPHPPHPPHHPPPHHHHPHPPP
372,HHPHPPHPPPHPHPHHPHPHPHPHPHPHHP
373,HPPHHHPHPPPPHPPPHHHPPHPPHPPHHP
374,PHPPHPHPHPHPHPPPHHPHHPPHHPPHHP
375,HHHPHPPHPPHPPHHHHPPPPPHPHPPHPP
376,HPPPHHHHPHHHPPHPHPPHHPPPPPHHPP
377,HPPPPPHHPPPHPPHHHHHPPHPHPHPHHH
378,PPHHPHHHHPPPHHPPHPPPHHPPHPHPPP
379,HHHHHHPPPPHHPPHHPPPHPHPHPPHPPP
380,PHPPPHHHHHPPHHPPPPHPHHPPHHHPPH
381,PPHHHHPHPPPPPPPPHHPHPPPHHHPHPH
382,HHPPPHPHPPPHHHHPPHPPHPHHPPHHPH
383,HPPPHHPPPPHPPPPHHPHHHPHHPPHHPH
384,PPHHHPHHPHHPPPPPPPPHHPHPHHHHHP
385,HHHPPHHPHPPPHPPPPPHHPHPPPHHPHP
386,PHPHHHPHPPHPPPHHPHPHPHHHPPHPHP
387,HHPHPPHHPHPHHHPHPPPPPPHPHPPHHH
388,PHPPPPHPHPHPPPPHHHPPHHHPPHHPHP
389,PHPHPPHPPPHHHPHPHHPPHHHPPHPPHP
390,HHHPHPPHHHHPPPPPHPHPHHPPPHHHPP
391,HPHHHPPHPHHPPHPPPPHPHHPPHHHPPH
392,PHPPHHPPPPHPHHHPPPHHPHHHPHPPHP
393,HHPPPPHPHHPPHPHPPHHPPPPHPHHPHP
394,HHPHHHHPPPHPPHHPHPPPHHHHPPPPHP
395,PPPPHPHHHHPPHPPHHPPHHHPPPHHPPP
396,PHHHPPPHHPPHHPPHHPHPPPPPHHPPHP
397,HPHPPHHPPPPHPHPPHPHHPHPPHHHPHP
398,HPHPHPPHPPHPHPHPHPPPHPPHHPHPHP
399,HHHHHPHPPPHPPPPPHHPPHPHPHPHPHP
400,HPHPHPHHPPHPPPHHHHHPHHPPPHPPPH
401,HPPPPHPHHPPPPHHPPHPPPHHHHPHPPH
402,PPHPPPPHHHPHHPHPHPPPHHHHPPPHPP
403,PHPHPHHHPHPPPPHHPPHPPHHHPPHHHP
404,HHPHHPPHPHPPPHPHPPPHPHHHPPPHHH
405,PHPHHPHHPHPPPPPHPPHHHPPHPHPPHH
406,PHHPHHHPHHPHHPHHPPPPPHPHPPPPHH
407,PPPHPHPPHHHPPHPPHHHPHPPHPHPPHP
408,PPHPPHHPPPHHPPHHPPPPHHHPHHPPHH
409,PPPHPPHPPHHHPPPPHHHPPHPHHHPPPH
410,HHPHPHPPPPHPPPPHPHHHHPHHPPHPHP
411,HHHPHHPPHPPHPHPHPHHPHPPHPHHPPP
412,HPHHHPPHHPHPPHPHHHPPHHHPPPHPPP
413,PPHPHPPHPPHPHHHPPPPPHPHHPHHHHP
414,PPHPHPHHPPHHPHPPPPHHHPHHPPHPHH
415,PPHPPHHHPPHHHPPPHHPPPHPHHPHPPP
416,PPHPHHHPPHHPPPPPHPHPHPHPPHHHPP
417,HHHPPHPPPPHHHHPPHPPPPPPPHHPPHH
418,HHPHHHHPHPHPPPHPPHHHHPPPPHPPPH
419,HHHHPPHPPHHPHPPHPHPHPPHHPPHPPH
420,PHPHPPHPHHHPPPHHHPHHHHPHPPPPHP
421,PPHHPPHPPPPHPHPHPHPPPHHPHHHPHP
422,HHPHPHHPHPPPHPHPHPPHPPHPHPPHPH
423,HPPPPHHHHPPHPPHHHPHPPHHPPHPPHH
424,PPPPPPPPHPHHHHPPHHHHPPPHHHPHHH
425,HPHPPHHPHPHPHPHHPPHPHHPHHPPPPP
426,PPHPHHPHHPPPPHPPPPHHHHHHHPPPPP
427,PHHPHHPPHHHPHHPPHPPHHHPPPPHPHP
428,PHHHPPHHHPPHPPHHHHPPHPHPPHPHPP
429,HPPPPHPPHHHPPHPHPHHPHHPPHPPPHP
430,HHHHHHPPPHHPPPHHPHPHHPHPPPPHPP
431,PPPHHPPHHPHPHPHPPHPPHPHHHHPPPH
432,HHHHHHPHPPPHHHPPPHPPHPPHPHPHPP
433,PHPHPHPHHHPPHHHPPHHPPPPPHHPHHP
434,HPHHHPPHPPHHHHPPPHPPHPHHPPPHPP
435,PPPHPPHPHPPPPPPHPPHPPHHHHHHHHP
436,HHPPHPPPHPPPHHHHHPHHPHPPPPHPHH
437,PHPPPHPHPPHHPHHHHPPHPPPHHPPPHH
438,HHHPHPHHPHPPHPPHPHPHPPPPHHPHHP
439,PHHHPPPHHPHHPPHPHPHPHHPPPHHPPP
440,PPHHPPHPPHPPHPHPHPHHHPPPPHHPHH
441,PHPPPHHHPPHHHHPPHPPHHPHHPPPPHP
442,HHHPPPHHPPHPPPPHHHPPHPHPPHHHHP
443,PPPPHPPHHPPHHPHHHHPPHPPPPHHHHH
444,HHHHPPPPPPPHHHPHHPPHPHPPHPHPPP
445,HPHPPPHPHHPHPPHPPHHPHPHPPHHPPP
446,PHPHHPPPPHPPHHPHHHPPPHPHPPPHHP
447,HPPHPPPPPHHPHPHPPPHHHPPPHHHHPP
448,PHPPHPPHHPPPPHPHHHPPPPPHHHPHPH
449,HHHPPHPPHHPHHPPHHHPHPPPPPPPHPP
450,HPHHHPHPHHPPHPPHHPPPPPPPPHPHPH
451,HHHHHHPPPPPPHPHPHPPPPHPPPPHHHP
452,PHPHHPHPHPHHPPHPPPHPPHPHHPPHHP
453,PHPHPHPHHPHHPPHPHPPPPHPPPPHHHP
454,PHHPPHHPPPHHPPPPHPHPPPHHPHHPPH
455,PPHHHPHPPPHHPPPPHHHPPHPHPHPHHP
456,HPHHPPPPPHPHHPPHPPPPPPHPHPHHHH
457,PHPHPHPPHHHHHPPPPPPPHPHHPHHHPP
458,HPPHHHHPPPHPHPHHPHHPPPPHPHHHPP
459,HHHPPPHHHHPHPPPPPHPHPHPPPPPPHH
460,HPPPPHHHHPPPHHHPPHPHHPPHPPPHPH
461,HPPPPHPHPPPPHHPPHPHPPHHHHPHPHP
462,PPHHHHPHHHPPPHHHPHPPPHHPPPHHPP
463,PHHHPHHPPPHHPHPPPPHPHHPPHHPHPP
464,HPPHPHPHPPPHPPPPPHHHPHPPHHPHPH
465,PPPHPPHHPHHPPHHHPPHHPHHHPHPPPH
466,HPHHPHPHHPHHPHHPPPPPHHHPPPPPPH
467,PPHPHPHHHPPHHHPPHHHHPPPPPPPHHH
468,PHPHPPPPPHHPPHPHHPHPHPPHPPPHHH
469,PPPHPPHHPHHHPHPHHPPPHPPHPHPHHH
470,PHPPHHPPHHHPPPHHPPHHPPPHPHHPPH
471,HPPPHPPHPPHPPHHHHHPPPHPHHHPPPH
472,PHPPPHHHPPHHPHHPHHPHPHPPHPPPHH
473,PPPPPPHHPPHPHHHPHPPHPPHHHHPHPP
474,HPPPPPHPHPPPPHHHPPHHHHHHPPPPPH
475,PHHPHPPHPHHPHPHPHHHPPPPPHHPHHP
476,PPPHHPHHHHHHHHPPHPPHPHPPPPPPHP
477,PHPHPPHPPHHPPPHPHHPPHHPPHHPPHH
478,PPPPPHHHHHHHPHPHPHPPPPPHHPHPPP
479,HPHHPPPPHPHHHPHPPPPPPHHHPHPPHP
480,PPHHHPHPHHPPPPPPPHHHHHPHPPHHPP
481,PHPHPPHPPHHHPHPHHPPPPPHPPHHPHP
482,PPHPHHHHHHHHPPPHPPPPPPHPPPHHPH
483,HHPPHHHPPPHHHHHPPPPPPPHHPPPPHP
484,PHPHPHHPHPHHPPPPHPHPHHPPPPPHHH
485,HPPPPHHPPPPHPHHHHHPHPPPHPPHHPP
486,HPHPPPPHPPPHPPPHHHHPHHHPPHHPHP
487,HPHHPHHHPHPHPHHHPHPPPPPPPPPPHP
488,PPPPPPPHPHHHHPHPPHHHPHHHPPHPPP
489,PPHHPPPPPHPHPHPHPHPHPPHHHPPHHP
490,PHHHPPHHHPPPHPHPHHHHHPPPPHPPHP
491,HPHPPPPHHHPHHPHPPPPPHPPHHHHPPH
492,PPPPPPPPPHHHHHPPHHHHPHPPHPHHHP
493,HPPHPPPHPHPHHPPHHPHHPPPHPPPHHH
494,PHPHHHPHPHPPHPPHHPHPHPPPHPHHPP
495,HPPPPPPPHHHHPPHHHHPPPHHPPPHHHP
496,HHPHPPHHHPHPPHHHPPHPPHHPPPPHPH
497,HHPPPHPPPHPHHPPPHHPPPPHPPHHHHP
498,HHPHPHPPPPPHPHPHPPHHPHPHPHHHHP
499,PPHHHHPPPPHPHHPPHHPPHHPHHPPPHP
500,PHHPHHHPHHHPPPPPHHHPPPPPHPPPHH
501,HPHPHPHPHHHPPHHHHHPHPPPPPPPHPH
502,HHHPPHPPPHPHHPPPPPHHHPPPHHHPHH
503,PHPHPHPHPHHPPPHPPHPHPHPPPHPHHH
504,HPPPHHPPPHPPHHPHHHHHHPPPPHPPHP
505,PHPPPHPHHPHPPHPHHPPHPPHHPHPHHP
506,PPHHPHHPPPPPHPPHPHHPHHHPPPPPHH
507,HHPPPPPPPHHHHHHHHHPPPPPPPHPPHP
508,PHPPHPPPHHPPHHHPPHHPHHHPPHHPPP
509,PHPHHHPPHPPHHHPPPPPHHHPPPPPHPH
510,HHPHPHHPPPHPHPPPPHPPHHPPPHHHHP
511,PPHPPHPHHHPPPHHPPHPPPHHPPHPHHP
512,PPPHPPHHHHHHPPHPHPHHHHPPPPPHPP
513,HPPPPPPHHHPHHHHHPPHHPPPPHHHHPP
514,PPPPHHHHPHPPPPPHPHHHHPPHHHHPPH
515,PPHPPHPPHHPHHPHHPPHPHPHPPPHHPP
516,HPPPHPHHPPHHPHPPPHHPHPPHHPPHPP
517,HPPHHPHHPPHPPPPHHHHHPHPPPHHPPP
518,HPPPPPPHPPPHHHHPHPHPPPHHHHPPHH
519,PHPHPHHPPHPHHPHHHPPPHPPPHPPPHH
520,HPPPPHHHHHHHPPPPHPPPPHPHHPHPPP
521,PHHPHHPHPHPHPPHPPHHHHPPPHPHPHP
522,PPHPHPHPHPPPPPHPHHPHHHHPHHHHPP
523,PPPHPHHHPHHPHHPPPPHPPHPHHPHHPH
524,PHHPHHPHPPPPPHPHHPPPPHPPHHPHHH
525,HPPHHHHPHPHPHHPPPPPPPHPPHHPHPH
526,HPPHHPHPPPPHHHPPHPPPHHPPHPHPPH
527,PHHPPHHHHHHPPPHHPHPHHPPHPPPPPH
528,PHPHPPPHHHPHPHHHPPHPPHHPPHPPPP
529,HHPPHPPPHHPPHPPHPPHPPPPHHPHHPH
530,PPHPPHHHHPHPHPHHPPHPPPHHPHHHPP
531,HPPPHPHPHPHPHHHPHPHHPHPPPPHHHP
532,PPPPHHPPPPHHHPPPPPHHHPHHHHHPPP
533,HHHPHHPPHPHHPPHHPPPHPPPPHHHHPP
534,PHHPHPPHHPPHHPHHPPHPHHPPPPPHHP
535,PPPHHHPPHHHPPPHHHHHPPHHPPPPPHP
536,PHHPPPPHPHHPPPHPHPHHHHPHHHPPHP
537,HPHPPPPPHHPPHHHHPPHPPPHHHPHPPP
538,HPPHHPHPPHHPHHHPHPHPHPPPHPPPPP
539,HHPPPPPPPPHHPPPPPHHHHHHHPHPHPP
540,HPHHHPPHHPPHPHPPPPHPHPPPPHHHPH
541,HHHPPHPHPPPHPHPPHPHPPHHHHPHHPP
542,HHPPPPPPPHHHHHPPPPPHHHHPHHPHPP
543,PPHPHHPHHHPHPPHPPPPHPPHHPHPPHP
544,PPHPHPPPHHHPHPHHPPPHPPHHPHHPHP
545,PPHPPHPPHPHHHPHHHPHPHPHHHPPPHP
546,HPHPPPHPPHPHPPHHHHPPPPHPHHPPPH
547,PPPPHHPPHPHPHHHPHHPHHPHPHPHPPH
548,HPPPHHPPPPHPPHPHHHHHPHHHHPPPPH
549,PPPPHHHPPPPPHHHPHPHHHHHPHHPPPP
550,HPHHPPHPPPPPPPHHHPHPHHHPHPHHPH
551,HPPHHHPHPHPHHPPPHPPPPHHHPHPPHP
552,HPHHPPPHPPPPHHPHPPHHHHPHHHHPPP
553,HPPHPPHPPHHPPPPPHHHHHHPPHHPHHP
554,HHHPPPPHPPHPHHPPPPPHPPHHHHHHPH
555,HPPHPPHPPPHHHHHPHPHPHPHPHHPPHP
556,PPHPPHHHPHPPPHPPHPHHHHPPHHHHPP
557,HHPHPHHPHHPHPHPPHHPPPPHPPPHHPH
558,HHPHPPHPPPPHHHHPHPHPHPHPPPPHPP
559,PPHHHHPHHPHHHHPHHPPPPHPPPHPPPP
560,PPHHPPPPPHPPPPHPHHPHHHHPPPHPHH
561,PPHPHHPHHPHHHPPHPPHPPHPHPPPHHH
562,PHPPPPPHPPHHPPPHPHHPHHHHHPHPPH
563,HHPPPPPPHHPPHHHPHPPPPPHHHHHPPP
564,PHPPHPPHHHPPHPPPPHHPHPHHPPHHPH
565,HHHPHPHHPHPHHHPPPHPHHHPPPPPPHP
566,HPPHHPPHPPHHPPPPPPHPHHHHHPPHPH
567,PPHHHPHPHPHPPHPPHHHPPPHPPPHHHH
568,HHPPHHPHPHPHPHPHPPHPPHHPHHPPHP
569,PHHHHHPHPPPHPPHHPPPHHPHHPHPPHP
570,HPPHPHHPHPHHPPPPPPHHHPPPPHPHPH
571,PPHPPHPPPHHHPPHHHPPHHPPPHHHHHP
572,HPHHPPPHPHHHHPPPPHPPPPHHPHPHHP
573,PPHHPPHPHHHHPPPHHPHPPHHHPPPPPH
574,PHHPPPHHHPPHHPHPPPPPHHHHHPPPHP
575,HPHHHHHPHPHPPHPHPPHPPHHPPHPPPP
576,HHPHHHHHHPPPHPPPPPHHHPPPPHHPPH
577,PPHHHHPHHPPHHPPPHPHHPHPPHPPHPH
578,HPHHPHHHPHPPHPPPPHHHPPPHPHHHPP
579,HPPPHPHHPPPHPHPPHPHPHPHHPPPPHH
580,HPHHPPHHPPHPPHPPPPPHHPHPHHPHPP
581,HHHPHHHHHHHPPPPPPPPPPPPHHHHPPH
582,PHPHPHPPHPHHPHHPHHPHPPHHPPPPPH
583,HPHPHPHHPHPHHPHPPPPPHPPPHHPPHP
584,HHPHPHHPHHPHHHHPPPPPPPHPPHPPHP
585,PHPHPHHPPPPHPPHHHPPPHHPPPPHPHH
586,PHPHHPPPPPHHHPPPHHPHPHPPPHHPHH
587,PHPHPHHHPPPHHHPPPPHHHHPHHHPPPP
588,PHHPHHPPHPHPPHPHPHPHHPHPHPPPHH
589,HPPPPHHPHHPPPHHHPPHPPPPPHHPHPH
590,HHPPPPHHHPPPPPPHPPHHHHHPPPHPHH
591,HHPPHHPPPPHPPHHHHPHPHPPPHPPHPP
592,HPPPHPHPHHPPPHHPPHPPHPHHPPHPHP
593,PHPHPPPHHHPPHHPPHPPPHPPHPHHHPH
594,HHPPPPPPPHPHPPHPHHHPHHPHPPHPPH
595,PHPHHHHHHHHPPHPPPHPPHPPPPPHPHP
596,HHPHHHHHPPHPPPHHPPPPPHPHPPHHHP
597,PPPPPPPPHHHHHPHPHPHHHHHPHPPPPP
598,HHPPPHHHHHPPPPHHPHHHPPPHHPPPPH
599,HHPHPPPHPPHHPHPHPHHPPHPHPPHPPH
600,PPHHPPHPHHPHPPHHHPHPPHPPPHHPHP
601,PHPPHPPHHHHHHHPPPPHPHPHPPHHHPP
602,HHHPHPPPHPHPPHPPHHHPPPPHHHPPHP
603,PHPPPPPPHPPHHPHHPPHPPHHPHPPHHH
604,PPPHPHPPPPPHPPPPPHHHPHHHPHHHHH
605,PPPPPPPHPHHPHHHHHHPPPHHHHPPPPP
606,HHHPPPPPHPPPHPHPHHPHHHPPPHPHHH
607,HPHPPHPHHHPPHPPHPPPHPHHHPHPHPP
608,PHPPPPHHHPHPPHHHPPPPPHHHHPHPHH
609,PHPHPHPHPPPPHHHHHPHPHPPPPHPPPH
610,PHPHHHHPHHHPPPPHPHHPPPPHPHPPHP
611,HPPHHHPPPHHHHPHPHHHPPPHHPPHPPP
612,HPPHPHPPPHPHHHHPPPHHHHHPHHPPPP
613,PPHHHPPPHPHHPPPHPPHHPPHPHPPHPH
614,HHPPPPHPPPHHPPHHHPPPPPHHPHPHHP
615,HPHPHHHHPPPPHHPPPHPPPHPHPPPHPH
616,PPPHHHPPPHHPHHHPPHPPHPHHPHPHHP
617,HHHPHPPHHHHPPPPHPPHHPPPPPPHHPP
618,PPHPPPHPPPPHHPHHHHPPHPHPHHPPHH
619,PHPPPHPHHPHPHHPHHPHPPPPHPPPHPH
620,HHPPPHPPHPPPPHHHPPHPHPPPHPPHHH
621,PHPHHPPPPHPPHPPPHHHHHPPHPPHHHH
622,HPHHPPHPHPHPHPPHHHPPHHHPPHPPPP
623,HPHPPHPPHPHPHPHPPHPPPHHPPHPHHH
624,HHHPPHHPHPHPHHPPPHHPHHPPHPPHPP
625,PPPHHHHHPPPPPHPHPHHHHHPPPPPPPH
626,HPHHPHHHHHPHPPHPPPPHPPHPPPHHHP
627,PHPPPPPPHPPPPPPHHHPHHHHPHHHHPP
628,PPPHHHPPPHHHHPHPPPHPPPHPPHPHHH
629,PPHHPPHPHPHHPPHPHHHPHPPHHPPHPH
630,HHHHHPHPHPPPPPHPHPHPHHHHPPPPHP
631,PHPPHHHPPHHHHPHPHPHHHPPPHPPPPH
632,PPPHHHHPPPPPHHPPHPPPHPHHPHHHHP
633,PHPPHHHHHPHHPPPPHPHHHPPPHPHPPH
634,PHPHHHPPHPHHPPHHHHPPPPHPPHHPPP
635,PHPPHHPHHPHHPPHPHPPPPHHHPPPHHP
636,PHPHHHPPPPPPPHPHPHHHHPPHHHPPPH
637,HPHPPPPHPHHHPPPHHHPPHHPPHHHPPH
638,HPPHHHPPPPPPHPHHPHHPPHPPHHHHHP
639,PHPPPPPPPHPPHPHHHHPHHPPPHHHPPH
640,PPPHPHPHPPPPHHPPHHHHHHPPPHHPPH
641,HHPHPPHPPPHHHHPPPPPHHPPPPHHHHH
642,HPPHPHHHPHPPPPHPPPHHHPHPHPHPPH
643,PHHPPHPPHPHPHHPHHPPHPHPHHPHPPH
644,HPHHHPPHPHPPPPPPHPHHPPPPHPHHPH
645,PHPPPPHHHHHPPPPHPHHHPPPHHHPPHP
646,PPHPPHPPPHPHPHPPHHHPPHHHHPHPHH
647,HPHHHPHHPPHHPPPHPPPHPHHPPPPHHH
648,PPHHHHHPPPHHHPPPPHPPHPPPPHHPPH
649,PHHHPHHPPHPPPPHPHPPHHPHPPHPPPH
650,HHPHPPHHHHPPHHHPPHPHHPPPHPPPHP
651,HPPPPPHPPHHHPHHPHPPPHPHHPPHHHP
652,PPHPPPPHPPHPPHHHHHPPHPPHHHPPHP
653,HPPHPPHPPHHPPHPPHPPPHHHHPPHPHP
654,PPPPHPHHHHHHHPHPHPPPPPHPHHHPPP
655,PHHPPHPPPHPPPHPHHPHHPPHHPHPPHH
656,HPHHHPPPPHHHPHHPHHPPPHPPHPPPHH
657,HHHPPHPPHHPHHPHPPHHHPPHPHPPHPP
658,PPPPHPPPPHHPPPHPHPPHHHPHPHPHHH
659,HHHPPHPHHHHPHHPPHPPPHHPPPHPPHP
660,PPPHHPHPPPPHPPHHHPHHHPHPHHPPHP
661,HPHHHPPPPPPHHPHHHPPHPHPPPPPHPH
662,PHPHPPHPPHPHPHPHHPHHHPHPPHPHPH
663,PHHPHHHHPHPPPPHPHHPPPHPPPPHHPH
664,HHPPHPPHHHPHHPHPPPHPPHHPHPPHHP
665,PPHHHPPHHPHHPPHHPHPPHPHHPPPPPP
666,HHHPHPPPPPHPPHPPHHPHHPPHPHPHHP
667,HPHPHHHHPPHHPHPHHPPHHPPPPPPPHP
668,PPPPPHHHPPPHPPHPHHHHHHHHPPPPPP
669,PPPPPPPPPHHHHHHPHHPHPPHPHPHPHP
670,HPPPHPHHPHPPPHHHPPHHPHPHHHPPPH
671,PHHPPPHPHPHHHHPHPHHHPHPPPPPHHP
672,HPPPPPHHPHPPHPHHHHHPPPPPPHHPPH
673,HHPHHPPPPHPHPHHHHPPPPHHPHPPPHH
674,PHPHPPHHPHPPPHPPHPPPPHHHPHHHHH
675,HPHPPPPHPHHHHPPPPHHPHHHHPHPPPH
676,HHPPPPPHHPHHHPHPHPPPPHPPHHHPPP
677,HPPPHPPPHPHHHPPHPHPHPPHPHHPPPH
678,PPPPPPHHHHPPPPHHPHHHPPPPHHHHHP
679,PPPHPPPHHPPHHPHHPHPHHHPHPHHHPP
680,HPPPHHPPHHPHPPHPPPPPPHHHPHHPHP
681,HHHHPPHPHPHPHPHHHPPPHPPPPHHPPH
682,PHHPHHPHPPHPHPHPHPHHHPHPPPHPPH
683,HPHPHPPHHHPHPPHHHPPPPHPHPPHHPH
684,HPHPPHPPPHPPPPHPHPPHHPHHPHHPPH
685,PPPHHHHPPHHHPPHHPPHHPHPPHPHPPH
686,PPHHHHHHPPPPPPHPHPHHHPPHPHPHHP
687,HPHPHHPHPPHPPHPPHPHHPHHPHHPPPP
688,PHPPPPHHPPPHPPHHPHPHHHPPPHHPPH
689,PPPPPHHHPPPHPHPHPPPHPHHHHHHHPH
690,PPPPHHHHHPHPHPPPPPPPPHHPHHHPPH
691,HPPHPHHHPPPPHHPPHHPPPPHPHPHHHP
692,HPHHPPHPHPHPPHPHHPPPHPHPHHHPHP
693,HPPPHHHPPPHHHHHPHPHPHHPHPPPPPH
694,PPPHPPHPHHPHHPHPPPHPHHHPHPHHHP
695,HHPHPPPPHHPPPHPPHHPHPHPPPPHHHP
696,PPHPHPHPPPHPPHHHPHHHPPPHHPPHHH
697,PHPPPHHHHPPHPPHPHHPHHPPPHHPHPH
698,HPHHPPPHPPHHHPPPHHPHHHPPHHPPHP
699,PHPPPPPHHHHHPPHHPHPHPHHPPHPHPH
700,PHHPHHHHPHPPPPPHPHPHHHPPPHPPHH
701,HHPPPHHPHPPPHPPPHPHPHHPPHPHHPP
702,HPHPHPPHPPHPPHPPHPPHPPHHPPPHHH
703,PHPPPPPPHHPHPPPHHHPPHHPHPPHHHH
704,HPPHPPPPPPHHHPHPHHHHPPPHHHPPPH
705,PHPPHHHHPHHPHPHPPPPHPPPHPHPPPH
706,PPPPPHPPPPPPHHHHHHHPHHHPPHHPHH
707,HPPHPHHPPPPPHPHHHPPHHHPHPHHPHP
708,PHPPHPPPHPHHPPPPHPHHHHPHHHHPHP
709,PPPHPPHHHHHPPHHPPHPHPHHPHPPHPH
710,HHPPPPPPPPHHHHHHPHHHPPPHHHPHPP
711,PPPPHPHPPHPHHPPHPHPPHPHHHPHPPH
712,HHPHHHPPPPHPHPPHPHHPPHPPPHHPHH
713,HHHHPPPHHPPHPHPHPPHPHPPPPPPHHP
714,PPHPPPPHPPPHPHHHPHHHPHPPHHHHHP
715,HPPPPPHPPHHPPHHHHPPHHPPPHPHPHH
716,PPHHHPHPPPHPHHHPHPHHPPPHPPHHPH
717,HPHHPHHPPHHHPPPPPHHPPHPPHHPHHP
718,PPHPHHHHPPPPHHPPHPHHHPPHPHHPPH
719,PHHHPPPPHPPPHPHPHHHHHHPHPPPPPP
720,HHPHPHHPHPPHPPPPPPPHHHPPPPHHHP
721,PPPPPPHHHPPPPHHHPPPHPHHPPHHHHP
722,HPPHHHHHHPPPPHHPHPHPPPHHPPHPHP
723,PPPPPHPHHPHPPHPHHPPHHPHHHHPPHH
724,PHHPPPHPHPHPHHPHPPHHPPPPHPHHHH
725,HHPPHPHPHHHPHPPPPHHHHPHPHHPPPP
726,PHPPHPPHPHHPPPPHHHHPHHHHPPHPPP
727,HHHHPHPHHPPPHPHHHPPPPHPPHPPHPH
728,HPHHPHHPHHHPHPPHPHHHPPHHPPPPPP
729,HHPPHPPHPPPHPPHHHHPHHPPPPHHPHP
730,PHPHPHHPHPHPPHPHPPHPHPHPPHHPPH
731,PPHHHHPPHPHPPPPPPHPPHPHPHPHHPH
732,PPHPHHHPPPHHPPHHPPHPPPPPHHPHHP
733,PPPHPPHHHHPHPHPPPPHHPHHHPHPPHP
734,PHHHPHPHHPPHPHPPPPPHHPPHPPHPHP
735,HPPPPHPHPPHHHPPPHPHHHPHPHPPPHP
736,PHPHPHPHPHHPPPPHPPPHHPPHPHPPHH
737,PPPPPPHPPPHPPPHHHHHHPPHHHHHHPH
738,HPPPHPHPPHPHPPHHPHHPPHHPPPPHHH
739,HHPHHPPPPPHHHHPHPPHHPPPPPHPHPH
740,HPPPHHPHHHPPPHPPHPPHPPHPPHPHHH
741,PPPHPPPHHHHHHPPPPPHPHHPHHPPPHP
742,PPPPPHHHHPPPHPPHPHHPPHPHHHPHHP
743,HHHPPPHPPPHHPHHHPPHPPPHHPPHPHH
744,PHPPPHPPHHHHHPHPHPPHHPHHHPPPHP
745,HPHHHPPPPPPHPPHHHPPHHHPHHPPPHP
746,HHHHPPHPPPPPPHHPHHHPPPHPPPPHPH
747,PHPHHHHHPPPHPPHHHHPPPHPHPPPHPH
748,PHHHPPHPPHHHPHPPHPPHPHHPPPPHHP
749,PPPPHHPHPHPHPPPPHHHPPPPPHPHHHH
750,PPPHPPHHHPHHHHPHHHPPPPPPPPPHPH
751,PHPHPHPPHHPPHHHHPPPHPHHPPPPHHP
752,HPPHHPPPPHHPPHHPHHPPHHPPPHHHPH
753,PHHHHPHHHPHHHPHPPPHPPPPPPPHPPP
754,HPPHPPPPPHHPHHPPHPHHPHHPHHPPPP
755,HPPPHHPHHHPHHPHPHHPPHPPHHPPPHP
756,PPPPPPHPPHHHPHHHPPHHPPHPHPHHPP
757,PHHHPPPPHHHHHPPPPPHPHHHHPHPHPP
758,PPHHPHPHHPHPPHPPHHPHHPHPPPPHHP
759,PPPHPHHHHHPPPPPPPPHPHHHPPHHPHH
760,PPPHHHHPHHPHPPHHHPPPPPPHPHPHPH
761,PPPHPHHHPPHPHHPHHPPPPHHPHPHHPH
762,HPPPPPPHHHHHHPPHPPHHPHPPHPHPHP
763,HPHPHHPHHPPPHPPPPPHPPHHPHHHPHP
764,HHHHHHPHHPHHPPPPPPHPPHPPPPHPHP
765,HPHPPHPPHPHPHPHHHHPHPPHPPPHPHP
766,HHPHHHPPPPPPHPHHHPPPPHPHHPPPPH
767,HPPPHPPHPHPPPHPPHPHHHPPHPHHPPH
768,PPPPPHHHPHPHPPHHPPHHHHPHPHPHPH
769,HHPHPHHHPHPPPHHHPHPPHHHPPPHPPP
770,HHHHHHPPHPPPHHPHHHPPPPPPPPPPHH
771,HHPHPHPHPPPHHPPPPHHHPPHPHHPPPP
772,HHPPPPHPPPPPHPHHHHHPPHHPPHHPHP
773,PPHPPHPPHPPPHHHPHHPHHPPPHHHPPP
774,HPPHPHPPHPHHHPHHHHPPPPPHHPPHPH
775,HPPPPHPHPPPHPHPPPHHPHHHHPHPPHH
776,PPPHHHHPPHPPPPHPHPHHHPHHHPHHPP
777,PHHHHPPPHPPHPHPPHPHPPHPHPPHHHH
778,PPHPHPHPPPHHHHHHPPHPHHPPPPHHPP
779,HHHHPPHPHPPPHHHHPPPPHPPPHHPHPP
780,PHPHHHPPPPHHPPPPHHHPPHHHHHPPPP
781,HHHHHHHPHPHPPPHPPPPHPPHPPHPHHP
782,PPHPHPPPPPHPPHHHHPPHHHHPHPHPPP
783,HHPPPPHHPPHPHPHHHPPPHPPPHPPHPH
784,HPHHPHPPHHPHHPHPHPPHPPPPHPPHHH
785,HHPHPPHHPHPHHPPHHPHPPHPHHPPHPP
786,HHHPPHHPPPHPHPHHPHPPPPHHPPPHHH
787,HPPHHPPPHHPPHHHPHHHHPPPPHPHPHP
788,HHHPHPHPPHPHHPHHPPPHPHPHPPHPPP
789,HHHPPPPPHPPPHPHHHPHPHPHHHHPHPP
790,HHHHPHHPHPPPHPHPHPPPHHPPPPHHHP
791,PHHHPHPHPHHPHHPPPPPPHHPHHPPHHP
792,HHPPHPPPPHPHPPPHPHPHPPPHHPHHPH
793,PHHHPHPHHPPHPPPHPHHPHHPPHHPPPH
794,PPHPHPPPPHPPHPPHHPHHPHHHPPHPPH
795,HPHHPHHHHPHPPHPPPPHPPHHHPPPPPH
796,PHHHPPHPPHPPHHPPHHHPPPPPPHPHPH
797,PHPPHHPHPPPHPHHPHPHHPPPHHPHHHP
798,PHPHPHPHHPPPPHHPPPPHPPHPHHPHHH
799,HPPHPPPHPHHPHHHPPPHHPPPHHHPPHH
800,HPHPHPPHPPPHPPHHHPPPPHPHHHPHPP
801,HPHHPHPPPPPPHPHHPHHHPPPHHPPPPH
802,HPPPHPPPPPHPPHPHHPHHHPHHPPPPHH
803,HPHPHPPPPHPHHHHPPPHHHPHPHPHPHP
804,PHPHHHPHHPPHPPPPHPHPPPHHPHHHPP
805,PHPPPHPHPHPPPPPHHHHHPPHPHPHHPP
806,PPPPPPPPHHPHPPHHPHHHHPHHHPPHPH
807,HPHHPHPPPPPHHPPHPPPPPHHPHHHHPH
808,HPHPPHHHPPHHHPPHPHPHPPPPPHPHPP
809,HPHPPPPPHPHPPHHHHHPHHPPHHPPHPH
810,PHPPHHHPHHPPPHHHPPPHHPHPPHHHPP
811,PPHPPHHHHHPHHHHPPHHHPPPPHHPPPP
812,HPPPPPHHPPHHPPPHHHPPHPHHHPPPHH
813,PPHPPHHPPHHPPHHPHPPPHHPHHPHPHH
814,HHHPHPPHPPPHHPHPPPHHPHHPHHHPPP
815,HHHHPPHHPHPPPHPHHPPHHHPPHPPPPP
816,PHHPHHPHPHPPPHPPPPHPPPHHHHHHHP
817,HHPHPHPHHPPHPPPPPPPPHHHPPHHPPH
818,HHPHHPHHPHPPHHHPPPPHPPPPHPHPPH
819,PHHHHPPHPHPPPHHPPHPHPHPPPPHPHH
820,HPHHPHHHPPPPHHPPHPHHPPPPHHPHPP
821,HPPHHHHPHPHPHPHPPHPPHPPHPHHPPP
822,HPHPHHHPHPHHHHPHPPPPHHPHPPPPHP
823,PHPPHPPHHPPHHPHPHPPHHHPHHPHPPH
824,PHHHHPHHPHPHPPPPHHPPHPHPPPHPPH
825,PPHPHHPHPHHPPHPHHPPPPPPPPHHHHP
826,PHPPHPPPPHPPPPPHPHHHHHPHHPHHHH
827,PPHHPHPPHHHPPHHPHPHHPPHPPHPPPH
828,PHHPPPPHHHHPPPPHPHPHPPPHPHHPPH
829,PHPPPPHHPHHHHPHPPHHPPPPHPHPPHP
830,PPPPHHHPHHHHPPPPPPHHHPPHPPHPHH
831,PHPPPPPHHPHHPPHHPHHHPPPPHPHHHH
832,HPHHHPPPHPHHPPHPHPPPPPHHPPHPHH
833,HPHHPHPPHPHPHPHHPHHPPPHPPPPHHH
834,HHPHHPHHPPPPPHPPHPHPPPHPHHPPHP
835,PPPPPPPPHHHHHPPHPPHHHPHHHPHPPH
836,HPPPHHHPHHHHPPPPHHHPPPHHPPPPHH
837,HHHPPHPPHHPPHPHPPHPHHHHPPPPHHP
838,PHPPPPHHHHHPPHPHPHPPPHPHHHHPPH
839,PPHPPPHHPPPHHPHHHPPPHHPHPPHHPP
840,PHHHPPPPHHHPPPPPHHPPHHHPHPPPHP
841,PHHHPHPHPHPPPPHHPPPHPHPPPHHHPH
842,PHPHHHPPPPPHHHPPPHPPHHHHHPHPPH
843,PHHPHPPPPPHPPPPHPPHPHHHHHHHPHP
844,HPHPHHHPPHHPHPPPPPPHPPHPHHPPHH
845,PPPHHHPPHPHHHHHHPPPPPPHHPPPHHP
846,PPHHHPPPHHHPHHHHPPHPHHPPPHPPPH
847,HPHHHPPPHPHPPHHPPHPHPHPHPHHPPH
848,PHHHPHHHPPPPPPHHPPPPPPHPHPHHHP
849,PPHHPHPHPHPPHPHPHPPPPHHPPHHHHH
850,PPHHHPPPPHHHHPPHHPPPPPPHHPHHHP
851,PHPHHPHHPPPHPHHHPHPHPPPHPHPPHH
852,PHPHPHPPPPPHPPHPPPHHHHPHHPPHHH
853,PHHHHPPPHPHPPPPHHHPPPHPHPPPHHH
854,HHPHHPPHPHHPPPHPHHHPPPPHHPPPPP
855,PPHHPHHPPHHPHHPHPPPHHPPHPHHPPH
856,PPPHHHPHPHHHPPPPPPPPHHPHHHHPPH
857,HHHHHPPHHPPHPHHPPPHHPPHPHPPPPH
858,PPHPHHPHPPHHHPPHPPPHHHPPHPHPHP
859,HPPPHHPHHPPPHPPPPHPHHHPHPPPPHH
860,HPPPHHHPPPPHHHHPPHHPPPPHPHPPHP
861,PPPPHHPPHHPHPHHHPPPHPHPHHPPHPP
862,HPHHPPPPPPHPPHHHPHHPHPHPHPPHHP
863,HHPPPHHPPPHHHPHHPPPHPPHHPHPPHP
864,HPHPHPPPHPHHHPPHPPPHHPHPHHPHPP
865,PHPHPHPHPHPPPPPPHPHHHPHPHPPPHH
866,HHPHHPHPPPHHHHPHPPPPPHPPHPHPHP
867,HPPPHHPPHPHHHHHPPPPPHHHPPPPPHH
868,PHPPPPHPHHPHPPPPPHHHPHHPHHHPPP
869,HPPHPHPHHPPPPHPHHPHHPPHHHHPPHP
870,HPPHHHPHPHPPPHHPPPHPHPHPHPHHPH
871,PPHPHHPPPPHPHPPHHHPPHHHHPPPPHH
872,PPPPPHPHHHHPHHHPPHHPPHHPPPPPPH
873,PHPHHHPPHPHHHPPHPPPPHPHHPPHPHH
874,HHPPHHHHPPPPHPPHHPPHPPHPPHPHHP
875,PPHPPPHPHHHPPPHHPHHPPHPPHHHHPP
876,PPHHHHHHPPPHHPHPHPPPHHPPPPHPPH
877,HPHPPHPHPHPPPHPHPPPPHHHPPPHPHH
878,PHPHPHPPPHHHHHHPHHPPHPHPPPHHPP
879,PPPPPPHPPPHPPHHPHPPPHHHHHHPPHH
880,HHHHPHPHPPPHPPHHPHHHPPPPPPPPHP
881,PPPHPPHHHPHHHPHPHHPHPHPPHPPPPP
882,HPHHHHHPHPHHHPPPPPPPPHPHPPHPPP
883,PPPHPHHPPPPHPHHHPPHHPHHHPHPPHP
884,HPPHHHHPPPHHPPHHPPHHPHPPPHPHPH
885,HPHHHPPPHPPHPPHPHHPPPPHHHPPHPH
886,HHPPPPHPHPHHHPPPHPPHPHPHPHHHPH
887,PHHHPHPHPHPPPHPHHPHPPPPPPHPHHP
888,PHHPHHHPPPPPHHHHHPHHHPPHPPPPPH
889,HHPPHPPHHPHHPPPPPHPHPHHPPHHPPP
890,PHHPPPHHPPPPPPPHHPHHPHHHHPPPHP
891,PPPPHPPPPPHHHPHPHPPPPHPHHHHPHH
892,HHPPHPHPHHPHHPPPPHPHPPPHHPHHHP
893,PPHPPHHPHPPPHPHPPHHHHPHPPHHHPP
894,HHHPPHHPHHPPPPHHHPPPHPPHPPHHPP
895,PHHPHPPPPHPPPPHHPPHHHHHHHHPHPP
896,HHPHPHHHPPHPHHPHPPHPPHPPPHHPHP
897,HPPHHPPHPPHHHHHPHPPHPPPPHHHHPP
898,HHHPHHPPPHHHHPPPPPPHPPHPPHPPHP
899,HPPHPPHPPHPPPPPHPPHHHHHHPHHHPH
900,PHHPHPPPHHHHPHPPHPPPPHPHHPHHPP
901,HHPPHHPPHPHPHPPHPPPPHPPHHPHHHP
902,HHPPHPHPPHHHPPHPHPHPPPPPHPHHHP
903,HHPHPPPHPPPHHPHPHHHPPHHPHPHPPH
904,HHPHHHPPHHPHPPHPPHPPPPHHPPHPHP
905,HPPPPPHPPPHPHHHHHHHPPPHPHPPPHH
906,PPHPPHPHHHPHPPPHPPPHPPPPHHPHHH
907,HPHPHHPPPHHHPHPHHHHPPPPPPPHPPH
908,PPPHPHPHPPHPHPHPHPHHHHPPHHHPPH
909,HPPPHPPHPPPHPHPPHHPHHPHHPPHPHP
910,PHPPHPHHPPHHPHPHHHPHPPPPHHPPPH
911,HPPPPHHPHHHPPPPPPPHHHHHHPPHHHP
912,PHPHHPHHPHHHPPHHPPHPPPPPPPPPHH
913,HHPHPPPHPPHHPPHPPHHHPHHPHPPPHP
914,PPPHHPHHPHPHHHPPPPPPPHHHPHHHPP
915,PHHPPHPHHHPPHHPPPHPHPPPHPPHHHP
916,HHPHHHPPPPHPPHPPPPPPPHHPHHHHPH
917,HPPPPHPHHPHPHHPHHHPPHPHPPHPPHH
918,HHHPHPPHPPHHHPPPPPPPPHHPHHPPHH
919,PHPHPPPHPHHPPHHPHHHPHHPPHHPHPP
920,PHHHPHPPHPPHHPPHPPPPHHPHPPHHPP
921,HPHPHPHPPPPHPPPHPHHHPPHHHPPHPP
922,PPPPPHHPPPPPHHHPHHHHHPHPPPHHHP
923,HPPHPPHHPPHPHHHPPHPHPHHHHPPPHP
924,PPPHHPHPPHPPPHHPPHPPHPPHPHHHPH
925,PPHPHPHPHHHPPHPPPHPPHPPHPHPPHH
926,HPPHHPPHHPHPHHPPPHPPPHHPPHHPHP
927,PHHPHHHHHHPPPPHPHPHHPPHPHPPHPP
928,PPPHPHPPHHHHPPHPPHHPPHHHPHHPPH
929,HPPPHHHPPHHPPHPHPHPHPHPPPHPHPH
930,HHHPHHPPPPPPHPHPPPPPHPPHHHHHPH
931,HPPPPPPHHPHPHHHPHPHPPPHPPPHHPH
932,PPHHHHPHPPPHHPPPHHPHPHHHPPHPPP
933,HPPHHHPHPHPPPHHHPHPHHHPHHPPPPP
934,PPHHPHPPHPHHPHPPHHPHHHPPPPHPPH
935,HPHHPHHHPHHPPPPPPHPPHPPHHHHPPP
936,HPHPHHHHPPPHHPHPHHPHPPPPPHPPHP
937,PHHHPPHPHPPHHHHPHPPPPHPHHPHPPH
938,HHHPHPPHPPPPHHHPHHPHPPPPPPHHPH
939,PHPHPHPHPHHPPPPPHPHHHPPHHPPHPH
940,HHHHHHPHPPHPPPHPHPPHPPHPPPHHPP
941,PPPHHPHPPHPPPHHPHPHHPPHHPPPHHP
942,PPPPHPHHPHHPPPPPHPHHHHPHHHPPPP
943,PHHHPPHPPHHHPPPPHHPPPHPPPHHPPH
944,PPHHPHHPHPHHPPHPPHHPHHPPPHPPPP
945,HPPHPPHHPPHPHPPHHHPPHHPPPHPHHH
946,PPPHPHPHHPHHPPHHHHPPPPPPHPHPHP
947,HPPPHPPHPPPHHHPPHPPHHPHHHPPHPH
948,PHHPPHPHHHPPHHHPHPHPPPPHHPPPPP
949,HHHHPPHPHPPPPHPHHHHPPPPPPHPPPH
950,HPPHHPPPPPPHHHHPHPPPPHHHPHHPHP
951,HPPPHPHHHPHPHPHPPHPHHHHPPPPHPP
952,HPPPPHPHPHPPPPHHHHHPHPHPPPHPPH
953,PHHHPHPHPHHHPPHPHPPPPPPPPHHHPP
954,PHPHPHPPHHHHHPHPHPPHHPPHPHHPPP
955,PHHPHPPPPPPHPHPHPPHHPHPHHPHPHP
956,PHPHHPHPHHPPPPHPPHHPPPPPHPHPHH
957,HHHHPPPPPHHPPPPPPHHHHHPHHHPPHP
958,HHPHHHPHPPHPHPHPPPPHPPHPHHHPHP
959,PHPPPHPPHHHPHHPPPHPHHHPPHPHHPP
960,HHHPHHHHPPHPPHPPPPHHPPPHHHPHPP
961,PPPHHPPPPPPPHPPHHHPPHPHHPHHHHH
962,HHPPPHPHPPPPPHHHHHPHPHHPPHPPHP
963,HPPHPHPPHPPHHHHPHHHPHPPHPPHHPP
964,PHPHHPHPPPHHHPPPPPHHPHPPHHHHPH
965,PHHHPPPHPPHHHPHPPPHHHPPPHHPHHP
966,PHHHHPHPPPPHHPPHPPHHHPHPHHHPPP
967,HHPPHHHHPPPHPHHHPPHPPHHPPPHHPP
968,HHHHPHHPPHHPPPPPPPPPHHPHPHPHPP
969,HPPPPHPPHHHHHPHHHPPHHHPHPPPPHP
970,PPPPHPPPPHPHHPHPHHPPPPHHHHHPPH
971,PPHHHHHHPPPPHHPPHPPHPHPHPHHPHP
972,PHPHHPHHPHPHPHPPPPHHPHPPHPPHPP
973,PPHHHPHHPHPHPPHPHPPPPPPHPHHHHP
974,PHPPHHPHHHHPPHPPHPPHPPHHPHHPPP
975,PPHPPPPHHHPPPPHPPHHHPHHHHPHPPH
976,HPHPHHHPPHPPPHHPPPPHHPHPHHPPHH
977,PPPPPHHHHPHPHHPHPHPPPHPPPHPHHH
978,HPPPHHHPHPPHPPHPPPPHPPPHPHPHHH
979,PHHPHHHHHPHHPHPPHPPHPHPPPHPPPP
980,HHHPHPPHPPHPPPHPPPPPPHPPHHHPHH
981,HHHPPHHPPHHPPPPHPPHHPHPHPPPPHP
982,HPHHPHPPHPPHPPPPHPHHPHHHPPPHHP
983,PPPHHHPPPHHHHPHHPHPPHPPPPHPHHP
984,PPHPHPPPPPHPPHHHHHPHHPPPPHHPHP
985,HHPHHPHPHPPPHHHPPHHPPHPPPHPHPP
986,HPHHHPPPHHPHPPHHPPHPHPPHHPPPHP
987,PHHPPPHPPHPHHHHPPHPHHHPHHPPPPP
988,PPHHHPPHHHPPHHPPPPHHHPPHPPPHHP
989,PHHPHPHPPPHHHPHHPHHHPHPPHPPPHP
990,HHPHHPPHPPPHPHPHPHHHHPHPPPPPPP
991,HPPHHHHPPHPHPHPPPPPHPPPHPPHHHH
992,PPHPPPPPPHPHHHHHHHHPPPHPPHHHPH
993,PHHPHPHHPHHHHPHPPPPPPPHHHPHPPP
994,HHHHPPPHHHPPHPHPHPHHPPPPPPPPHH
995,PHPPPPHPHPPHHPPHHHPPPHPPHHHHHP
996,PHPHPPPPHHPHPPPPHPPHHHPPHHHPPH
997,HHPHHPHHPHHHHPPPHPHHPHHPPPPPPP
998,HHPPHHPPPPPPHHPHPPPPHHHHPHPHPP
999,HPPHPPHHHPHPHPPPHPHHPPPHHPPHHP
