id,sequence
0,HHHHPPHPPHHHPPHHPHHHPHHHHHHPPP
1,HHHHHPHHPHHPHHPHPHPPPHPHHPHHHH
2,HPHPHHHHPHHPHHHPHPPHHPHHHHHPHH
3,PHHHHHPHPHPPPHHHHHHHPPHHPPHHHH
4,HHHPPPHPHHHHHHHHHPHHPHHHHPHPPH
5,HHHHHPPHPHPPHPHHPPPHHHHHHHHHPP
6,HHHHHHPPPPHHHPHHHHHPHPHHHHPPHP
7,HHPPPHHPPHHPHHHPPHHHHHHHPHHPHP
8,PPHPHHHPHPPHPHPHHHHHHHHHHHHPHH
9,HHPHHHPPHHHHHHPHHHPHHHHHPHPPPH
10,HHPHPHPPHHHHPHHHHHPHHPHHHPPHPH
11,HHPPHHHPHHPHHPHHPHPHHHHHPHHHPP
12,HHHPHPHPHHPHHHPHPHPPPHHHHPHHHH
13,HHHHPHHHPHPHHHHHHPPHHPHHHPPPHP
14,HHHHPPPPPHHHHHHPHPHHHHPHHHHHPH
15,PHHHHHPHPHPPPPHPHHPHHHHHHHHHPH
16,HHHPHHHHHPHHPHPHPHHHPPHPPHHPHP
17,HPHHPHHPHPHHPPHHHPHHHHHPHHHHHP
18,HHHHHPHHPHHHHPHHHPHPHHPPHHHPPH
19,HHPPPHPHPHHHHPHHHHHPPHPHHHHHHH
20,PPPHHHHHHHHHHPPHHHHHHPPHHHPHHP
21,HHHPPHPHHHHHPHHHPPHHHHHHHPHHPP
22,PHPHHHHPHHHHPHHPHHHHPHHPPPHHPP
23,PHHHHPHHHHHHHPPHHPPHPPHPPHHPHH
24,PHPHHHHHHHHHPPHHHPPHHHHPPHHPHP
25,HHPHHPPPPHHHHHHPHPHHHHHHPHHPPP
26,PPHPPHHPPHHHHHHPHHHHHHHHHHPHPH
27,HPHHHHHPHHHPHHHHPHPHHPHHHPHPPP
28,HPHHHHHHPPHHHHHPHHHPPHHPHHHHPP
29,HHHHHHPPPPPPHHHHHPPPHHHPHHHHPH
30,PPPHHHHHHHPHHHPHPHPHHPPHPHHPHH
31,HHHHHHHHHHHHHHPHHPPHPPPPPPHHHP
32,PHHPHHPHHPHHPPHHHPHPHPHHHHHHHH
33,HHPHPHHHHPHPPHHPHHPHPHHHPHHPPH
34,HHHPPHHHHPHHPHPHPHHHHHHHPPHHPH
35,HHHHHHHHHHHHPHHPHHPHPPPPPHHHPH
36,PPPPHHHHPHPHHHHHHHHPHHHPHHPHHP
37,HPHPHHPHPPPHHHHHPHHHHHHPHPHPHH
38,PHHHHHPHPHPPHHHHPPHHHHHPHPHPPH
39,PHHHHPPHPPPHHHHHHPHHPHPHHHHPHH
40,PPHHHHHHHHPHPHHHHHPPHPPHHPHHPH
41,HHHHPHPHPHHPPHHHHPPPHHPPHHHHHH
42,HPHHHHHHHHPHPHPHPHHHPHHHPPPPPH
43,HHHHPPHHHHHHPPPHPHHHHHHPPHPHHP
44,HHHHHHHPHPPHPHHHHHHPPHHHPPHHPH
45,HPHHHHPHHPHPPHHHHHHHPHHPHPHHPH
46,HPHPPHHHHHHHHHHPPHHHPHPHHPHHHP
47,HPPHHHHHPPHHHPPHPHHPHHHPHHPPHH
48,HHHHPPPHHPPPHHHHHHPHPPHHPHHHHH
49,HHHHHHPHHHPHHPHHPPPPHPHHHHHHPP
50,HHHPPHHPHHPPHHHPHHPHHHHPHHHPHH
51,HPPPHHHHHHHPHHHPPHPHPPHHHHPHHH
52,PPHPHHHHHHHPHPHHHPPHPHHHPHHHPP
53,HHHHPPHPHPPPHHHPPPHPHHHHHHHHPH
54,HHHHHHHPHPHHPHPHPPHPHHHHPPHPHH
55,HHHPPHHHPHHPHHHHPHHPHPHHHPHPHP
56,PPHPHHHHPHHHHHPHPHHHHHHPPHHHPP
57,HPHPHPPHHPHHPHPHHHHPPHHPHPHHHH
58,HHHPHHHPHHHHPHHPHPPPHPPHHPHHHH
59,HPPHHPPHPHHHHHPPHHHHHHHHPHPHHH
60,PHHHPHHHHHHHHPPHHPHPHHHPPHPHHP
61,HPHHHHPPHHHPPHPHHHHHHPPHHHPHHH
62,HHHHPHPPPHHHPHHHPPHPPHHHHHPHPH
63,HPPHHHPHPHHPPHHPHHHPHPPHPHHHHH
64,HHHHHHPPHHPHPHHHHHHHHHHHPPPHPP
65,HHHHHPPHHHHHHHHPHHPPHHHPPPHPPP
66,HHHPHHHPPHHHHHHPHHHPHPPHPHPHHH
67,HPPHPHHHHHHHPHHHPPHHPHHHHPHPPH
68,HPHPHHHHHHHPPPHHHPPHHPPHPHHHHH
69,PHHHPHHHHPHPHHHHPPPHPHHPHHHHPH
70,HHHHHHHHHPHHHPPPPHHHPPPHHHPPHH
71,HHHPPPPHHHPPHHPHHHHHHHHHPHHHPH
72,PHPHHPHHPHHHHHPPHHPPHHPHHHPHHP
73,HHHHHHPHHHHHPHHHHHPHPPPPHPPHHH
74,HHHHHHPHPHHPHPHPHHHHPHHHPPHPHH
75,PHPPHHPHPHHPHPHHHPHHHHHHHPHHPH
76,HPHHHPHPHHHHHHPHHHPPHPHHHHPPHH
77,HPHPPHPHHHPPHHHHPHHHPHHHHPHHHH
78,PHHHHPHHHPHHPHPHHHHPHHHPHHHPPH
79,HHPPHHHHHHHPHPHHPPHHHHHPPPHHHH
80,PPPHPHHHHHHHHHHHHPHHPPHPPHPHPH
81,PPHHHHPHPHHPHHHHHPHHHHPPPHHPPH
82,PHPHHHHHPPHHHPHPHHHHHPPHHHPHHP
83,PHPHHHHHHHHHHHPHPPPHHHHHPHHHPP
84,HHHPPPHPHHHHPPPHPHHHPHHHPHHHHP
85,HHPHHHHHHPHHPPHHHHHPHHPHHPHPHP
86,HHPPHHHPHHPPPHHPHHHHHPHPHPHHHH
87,HHHPPHHPHPHPHHPPHPPHHHHHHPHHHH
88,HPHPHHHHHHPPHHHHPHHHHHHPHPPHPP
89,HPPPPHPHHHHPHHHHPPHPHPHHHHPHHH
90,HHPPHPHHHHHPHHPPHHHHPHPHHHHPHP
91,HPHHHHPHHPPHHHPPHHPPHPHHHPHHHP
92,PPPHHPPHHHHPPHPHHHHHHPHHHHHHHH
93,PPPHHPHHPPHHHHHHHPHHHPHHPHPHHH
94,PPHHHPHHPHHPHPHHPHHHHHHPPHHHHH
95,HHPPHHHHHPPPPPHHHPHHHHHHPPHHPH
96,HHPHPPHHPHPHHHHPHPPHHHHPHHHHPP
97,HHHPPHPHHHHHHHPHPPPPHPHHPHHHHH
98,PHHHHHPHPPHHHHHHHHHPPPHPHHHPHH
99,HHHPPPHPHHHPHPHPPHHHHHHHHHPHHH
100,HHHHPHHHHPHPPHPHHHHHHHPHPHHPPH
101,HHHHHHHPHPHPHHHPHHHPHHHHPPHHPP
102,PHHPHPHPPHPPPHHHHHHPHHHHHPHPHH
103,HPHHPPHHHHPPPPPHHHHHHHPPHHHHHH
104,HHHHHHHHPPHHHPPPPHHHHHHPPPPPHH
105,HHPHHHPPPHHHPPHHPHHPHHPHHHHHPH
106,HHHHHHHPHHPPHHPHPHPHHPHHPHHPHP
107,HHHHPPHHHHPPHPHHHHHPHHHHHPPHHP
108,HHHPPPHPHPHHHHHPHPHHHHHHPHHHPH
109,HHHPHPPHPHHHHHHHHHPHPHHHHHHPPP
110,HPHHHHPPPHHHHPHPHHHPHHHPHHHPPH
111,HHHPHHHHHPHHPHHHHHHPHPPHPPPHHH
112,PHHPHHPHPHHPPHHHHHHHHPHPPHHHHH
113,HHHHHHPHHPHHPHPHHHHHPHPHHPHPHP
114,PPHPHPHHPHHHHHPHPHHHHPPHHHHHPH
115,PHPHHHHHHHHHHPHPPPHHHHPPHHHHPH
116,HHHHPHPHHHHHPPPHHHHHHHHHPHPPPP
117,HHHHHPHHHHPPHPPPPHHHHHHHHPPHHH
118,HHHHPHHHHHHHPPPHHHPHHHPHPPHPHH
119,HHPHHHPHPPPPHHHHHHHPHPHPHHHHHH
120,HHHPPHPHPHHHHHPPHPPPHPHPHHHHHH
121,HPPPHHHHPHHHPHHHPPHHPHHHHPHPPH
122,PHPHPHHPHHHPHPHPHHHHHPHHHHHHPH
123,HPHHPHPHHHHHPPPPHHHHHHPPPHHHPH
124,HHHHHPPPPHHHHHPPHHHPPPHHPHHHHP
125,HHHHHPHHPHHPPHHPHPHHHHHPHHHHPP
126,HHHHHHPHHPPHHHHHHPHPHPPHPHHHHP
127,HHHPHHHHPHHPPHHPPHPHHPHHPHHHHP
128,HHHPPPHHPPHHHHPHHPPHPPPHHHHHHH
129,HPPHHHHPHHHHPHPPPHHPHHHHHHHHHP
130,HHHHPHPHPHPHHHPPHHHHPPHHHHPHHH
131,HHHHPPPPPHPHHPHHHHHHHHHHHPHHPH
132,PHPHHHHHPPPHPPHHHHHHHHHHPPHPPH
133,HHHHHHHPPHPHHPPHPHPHHHPHHPHHPH
134,PPHHHPPPHHHHHPPPHHHHPHHHHHHHHP
135,HHPPHHHHHHHHHPHHPPPHHHPHHPHPHH
136,PHPHHPHHHPHHPHHHHPPHHHHHPHHPHP
137,PHHHPPHHHHPHHHHHHHPPPPHPHHHHHH
138,HPHPPHHHHPHPHPHHHHPHHHHHPPHHHH
139,PHPHPPHHHHPHHHHHHHPPHHHPHHHPPH
140,HHHPHPPPPPHHHHHPPHHHHPPPHHHHHH
141,PHPHHHPHPHHPHHHPHHHHPHHPHPPHHP
142,HHPHHPHPHHHHHPPPHPHHHHPPHPPHHH
143,HHPHHHHHHHPHPHPHPHHHPHPHHHPPHH
144,PHHHHHHHPPPHHHHPHHPPHHHPPPHPHH
145,HPPHHHHPPHPHHHHHHPHHHHPHHHHHPP
146,HPPHHHHHHHHPHHHHHPHHPPHHHPPPPP
147,HPHPHHPHHHPHHHPHHHHHHHHPPHPHPP
148,PHHHHPHHHHHHHPPHPPPHHPHPHPHHHH
149,HHHHHHHHPPHHPPHPPPHHHPHHHPHPHH
150,HHPPHPPPPHHHHHHHHPHHPPHHPHHHHH
151,HHHPHHHHPHHHHHHHPHHPHPPHHPPHPH
152,HHPHHPHHPHPHHHPHHHHHHPPPHHHHPH
153,PHHPPPHHHHPHHHHPPHHHHHPPHHHHHH
154,HPPPPHHPHHHPHHHHHHPPHHHHHPPHHH
155,HHPHHHHPHPHHPHPPPPHHHHHPPPHHHH
156,PPHHHHHPHPHHPPHPPHHHHHHHPHHHHH
157,HPHPPHPHHHHHPHHHHPPHPHPHHPHHHH
158,HHHPHHHHHHHHPPPPHPPHPPHHHHHHPH
159,HHPHHHHPHHHHPHHPHHPHHPHPHPPHHH
160,HPHPHHHPHPHHPPHHHHHHHPHPHHHPHH
161,HPHHHHHPHHPHHHPPHHHPHHHPHPHHHP
162,HHPHHHHHHPHHHPPHHPHHPPHHPHHPHP
163,HHPHHPHHPHHPHHHPPHHPHPHHPHHPPH
164,HPPHHHPHHPHPPPHPHPHPHHHHHPHHHH
165,HPPHHPHHHHPPHHHHHHPPHHHHHPPHHH
166,PHPPHPHHHHPHHPHHHHHPHHHHPPHHHH
167,PHHHHHPHPPHPPPPHHHPHHHPHHPHHHH
168,PHHPPHHHHPHHPHHPHHHHPHPPHHPHHH
169,PHHHPHHHHHPHHHPHHPHHHPHPHHHHPP
170,PPHPHHHHHHPHHPHPHHHHHHPPHHHPPH
171,PPHHHHHHPHHHHHHHHHHHHPHPPPPPHH
172,PHPHHHHHPPPHPHPPHHHHPHHHHPHPHH
173,HHHHHHHHPPPHHPHPHPHPHPHPHPHHHH
174,HPHPHHPHPPPHHPHPHHHHPHHHHHHPHP
175,PHHHPPHHPPHHPHHPHHHHHPHHHHHHPH
176,PHHPHPHHHHHHPHHHPPHHPHHPHPHHHH
177,HPHPHHHPHHPHHHHPPPHHPHHPPHPHHH
178,HHHHHPHHPHHHPPHPHHPPPHHHHHPPHH
179,HPHHHHHHPHPHHPHPPHPHHPHHHPHHHH
180,HPHPHPHHHHHHHHPHHHPHHHPPHHPPHH
181,HHHHPPPHHHPHHHHHPPPHHHPHPHPHHH
182,HHPHPHHHPHHHHPPHHHHHHHPPPHHHHP
183,HHHHHHPHHHHHPPPHHPPHHPHHHHHHPP
184,HHHPPHPHHHHHPHPHPHPHHPHHPHHPHP
185,HHHPPPHPPHPPPPHHHHHHHHHHHHHPHH
186,HPHHPHHHHHHPHPHHPPHHPHPHHHHHHP
187,HPHHHHPHHPHPHPHPPHPHHHHPHHHHHH
188,HPHPPHHHHHHHHHHPHHHPHPPPHPHHHH
189,HHHHHPPHPPHPHPHHPPPHHHHPHHHHHP
190,PHHHHPHHHPHPHHHHHPPHPHHHHPHPHH
191,HHPHHHHHHPHPHPPHPPHHHPHPHHHHHH
192,HHHPHPHHHHPHHHHPPHHHPHPHHPPHHP
193,PPHPPHHHHHPPHPHHHHHHHPHHHHPPPH
194,HHHPPHPHHHHPHHPHPHHHHHHHHHPPPH
195,HHHHHPHHPHHHHPHPHHPHHPPPHHHPPP
196,HHHPPHPPHHHHHHHHHHHPPPHHHPHHPP
197,PPHHHHHPHPHPPPPPHHHHHHHHHPPHHH
198,HHPPPHHHHPHHPHHHHHHHHHHPPHPHHP
199,HHPPPHHHHHHPHHHHPPHHPHPPHHHPHP
200,HHHPPHHPHHPHHHPHHPHPHHHPPHHHHH
201,HHHHHHHPPPHHHPPHHHPPHPHHHPHHPH
202,HHHPHPPHPPHPHHPHHHHPHHHPPHHPHH
203,HPHHHPHHHHPHHHPHPHHHPPHPPHHPHP
204,PPPPPHHPHHHHPHPHPHHHHHHPPHHHHH
205,PHHPHPHHHPPHHHPHPHHHPHHHHHPHHH
206,PPPHHHHPPHPHHPPHHHHPHHHHHHHHHH
207,HHPHHHHPHPPPHHPPHPHPHHHHPHHHHH
208,HHHHHHHPHPHPHHHHPPPPHHPHPHHHHH
209,HPHHPPHHPPHHPPHHHHHHHHHPHHPHHP
210,HPHHHHHHPHPHHHPHPHPPPHHHHHHPHH
211,PHHHHPHHHHPHHPHHHHHHPHPHPHPPPH
212,HHHPPPHPHHHPPPPPPHHHHHHHHHPHHH
213,PPPHHHPHHHHHHHPHPHHHPHHHHHPHPP
214,HPHHHPHHHPPHHHHHPHHPPHHHHPPHPH
215,HHHPHHHPHHHPPHHPHHHHPHPHHHHPPH
216,HPPPHPPPHHHHHPHHHPHHHHHHHHPHHH
217,HHHHHPPHHHPHPPHPHPHHHHPHHHHHHP
218,PHHHHHPHHHPHHPPHHHPPHPPHHHHPHH
219,PHHHHHPHHHPPHHHHHHHPHHPHPHHPPP
220,HPHHHHHPPPPHPHHHHHHHHPHPHHHHHP
221,HHPHHHHPHHHHHHHPHHPHPHHPPPHHPH
222,HHPHHHHPHHHHHHHPPPHPHHHHPHHPHP
223,PHPPHPHHHHHPHPHHPHHHPHHPPHHHPH
224,HHHHPHHPHPHHHPHPHPPHHPHHHHHHHP
225,HHHHPPHPHHHPHHHPHHHHHHPPPHHHHP
226,HHPPHHHHPHHHPHHHPHHPHHHPHHPHPP
227,PPPPHPHPPHHHHHPHHHHHHHHHHPPHHP
228,HPHPHHHPHHPHHHHHPHHPHHHPHPPHHH
229,HPPPHHHHHHHHHPHHHHPPPHPPHHHPHH
230,HHHHPHHPHHPPHHPPHHHPHPHPHHPPHH
231,PHPHPPHHHHPHHPPHHHHPPHHHHHHPHH
232,HPPPHPHHPHHHHHHHHHHHHPPHHPHHPH
233,PHPPHPPHHHHHHHPHHPHHHHPHHPHHHH
234,HHHPPHHHHPPHHPPHHPPHHHHHHPHHHH
235,HHPHHPHPHHHHHHHHPHHPHPHPPHHPPH
236,HPHHPHHPHHPPHPHHHHHPPHHHPHHHHH
237,PHHPHPPHHHPHPPHHPHPPPHHHHHHHHH
238,PHHHHPHHPPHPPHHHHHPHHPPPPHHHHH
239,PHHHHHHPPHHPPHHHHHPHHHHHPPPHHH
240,HHHHHPHPHHPHHPHPPPHPHHHHHPHHHH
241,HPPPHHHHPHHHHHHPHPHHHHPHPHHHPH
242,HHHHHPHHHPHPHHPHPHHHHHHPPHPHHP
243,PHPPPPPHHHHPHHPHPHHHHPHHPHHHHH
244,HHHHPPHPHHHHPPHHHHPPHHHHHHPHHP
245,HPPPHPHHPPPHHHHHHHPHHHHHHPHHHH
246,HHPHHPPHHHPHHHHPHHHPHHHHPHPPHH
247,HHPHHHHHPHHHHPPHHHPHPHPHHHPHPP
248,HHHHPHPHPHPHHPHHHHHHHHPHHPPHPH
249,HPPHPHPHPHPHPHHHHHHHPHHHPHPHHP
250,HPHPPHPHPHPHHPPHHHHHPHHHHHHHHP
251,HHPPHPHHHPHHHPHPPHHHHHPPPHHHPH
252,HPHPPHHHHPPHPHHHHHHHHHPPHHPHHH
253,PHPHHHPHHHPHHHPHHHHHPPPHHPHPHP
254,PHHHPPHHHHHHPHHPHPHHPHHHHPPHHH
255,HPHHHHHPHHPHPHPHHHHHHPPHPHHPHH
256,HHPPPHHHHHPPHHHHHHPHHHHHPHPHHP
257,HHHPHPPPHHHPHHHHHHPPHHHHHHPHPH
258,HPPHHHPHPHHHHHHHHHPPHHPHHHHPPP
259,PPPHHHHPHHPPHPPHHHPHPHHPHHHHHH
260,PHHHHPPHHHPHHHHPHPHHHHHPHHPPHH
261,PHHHHHPHHHHPPPHHPHPHHHHHPHHPPP
262,HHHPHHPPPHPHHHHPHHHHPHHPHPHHPH
263,HHHPPHHHHHPHHHHPHPHHHHHPHHPPPP
264,HHHPHHHHHPPHPPHHHPHHPHHHPPHHHH
265,HPHHPHHPHHHPPHPHPHHHHHHHPPPPHH
266,PHPHHPHHPPPHPPPHHHHHHHPHHHHHPH
267,PHHHHPPHHPHHHHHHPHHHHHPHPPHPHP
268,PHHHHPHPPPHHHHPPHHPHHHHHPPPHHH
269,HHHPHHHPHPPHPPHHHHHHPHPHPHHHHP
270,PHHPHHHPHPPPHPHHHHPHHHHPHHPHHH
271,HHHPHHPHPPPHPHHHHPHHHPHHPHHHHH
272,PHHHHHHHHHHPPPHHPPHHHPPHHPHHHH
273,HPHPHPHPHPPHHHPHHHPPHHHHHPHHPH
274,HHHHHHHHHPHHPHHHHHHHHHHPPPPPPP
275,PPPHPHHHPHPHHHPHPHHHHHHHHHHPHH
276,HHHHPHPHHHHHPHHHHPPHPHPHHPHPPP
277,PPPPPPHHPHHHHHHHHHHPHHHHHHPHHH
278,HHHPHPHPHPHHHHHPPHHPHPHPHPHHPH
279,HPPHPHHHPHHPHPHHHHHHHPPHHHPPHH
280,PPPHHPHHPHHHPHHHPHPHHHHHHHPHPP
281,HHHPPHHPHHHHHHHPHPHHPPHHPHPPHP
282,HHHHHHHPHHPPHHPHPPPHHHPPHHPHPH
283,HHPHHPHPPPHHPPHHHPHHHHHPPHHHHH
284,HHHHHPHHPHHPHPHHHPHHPHPPHPPHPH
285,HPHHHHHHHPPPHPHHPHPHPHHHPHPHHP
286,HHPPHHHPHHHHPHHHPPHHPHPPHHPHHH
287,HPPPPHHPPHPHHHHPHPPHHHHPHHHHHH
288,HPHHHHPPPHHPHHHPHHHHHPPHHHPPPH
289,HHPPHPHHHHHHPHPHHHPPPHHHPHHHHP
290,PPHHHPHPHHHPPPHHHHHHHHHPHHHHPP
291,PPHHHPPPHHHHHHPHHPPHHHHHPHPHHH
292,HHHPPHHHHHPHPHPHHPHHPHHPPPHHHP
293,PHHHHHHPPHPHPHHPPPHHHHHPHHHHHP
294,PPHHPHHHHPHHHHHHHPHHHHPPPPPHHH
295,PHHHHPPHHHHHHHHPPHHPPPPHHHHHHP
296,HPHPHHPPPHHPPHHPPHHHHHHHHHPPHH
297,HPHHHPHHPHHHHHHPHHPPHHHHPHHHPP
298,HHPHHHHHHPHHPPHHHHPPHHPHHHHHPP
299,HHHHHHHPPPHHHPHHPHHPHHHHHPHHPP
300,HPHHHHPPHHHHPPPHHPHHPHHHHPHHHP
301,PPHHPHHPHHHHHHHHPPHHPHHPHHHHPP
302,HHHPHHPPPHHHPPHHHPPPPHPHHHHHHH
303,HHHHHPHHHHPPPHHHPHHPPHPHHHHPHH
304,HHHHPPPHHHHPPPHPHHHHHPHPHHHHPH
305,HPPHPPHPHHPPHHHHPHHHHHHPHPPHHH
306,HPHPHHHPHHHHHPHHHHPHHPHHPHPHHP
307,HPHPHHHPHPHHPHHHHHHPHPHHPPPPHH
308,HHPPPPHHHHHHHPPHHHHHHHHHPPHHHP
309,HHHPHHHHHHPPHPPPHHHHHHHHHPPHPP
310,HHHPHHHHHHPPHHHHHHHHPHPHPPPPHH
311,HPPPHHHHHHHPPPHHHPHPHPHPHHHHPH
312,PHPPHHPHHHHHHHHHPHPHPHHPHHHPHP
313,HPHHHHHHHHHHPPPHPHHHHPPPHPPHHH
314,PHPHHHHHPPHPHPHHHHHPPPHHHPHHPH
315,PHPHPHPPHHHHHHHHPPHHHHHHHPPPHH
316,PPHPHPHPHHHPHHHHPPHPHHHHHHHHPP
317,PPHHPHHHHPHHPPHHPHHHPPHHHHHHHH
318,HHPPHHPHPHPHHPPHHHPHHHPHHHHPHH
319,HPPHHHPHPHHHPHHHPPHPPHHHHHHPHP
320,HPPHHPPHHHHPHPHHHPHHHHHPHHHPPP
321,HHHPHHHPHHHHHHPHPPPPHHPHHPHHHH
322,PHHHHHHHHHHPPHPHPPHHHPPPHHPHHH
323,HPHPPHPPPHHHPPHPHHHPHHPHHHHHHH
324,PHHPHHHPHHHHHHHHHPHHHPHHPHPPPH
325,HPHHPHHPHPHHHPHHHPHHPPHHHPHPHP
326,HHHHPPHPHPPHHPHHHPPHHHPHPHPHHH
327,PPHHPPPHHHHPHPHHHPHHHHHPHHHHPP
328,HPHHHHHHPPHHPHPHHHPHPHHHPPPHPH
329,PHPPHHHHHPPHHHHPPHHHHHPHHPHHHH
330,PHPPHHHHPPPHHHHHHHPHHHHHPPHHHP
331,HPPPPHHPHHHPHHPHPPHHHPHHHHHHHH
332,HHHPHHHHHPHHPHPPPHHPPHHHHPHHHH
333,PHHPPPHHHPHHHHHPHHHHPHHHPPHHPH
334,HHPPHHHHPPHPHHHHHPHHHPPHHHPHHP
335,PHHPHHHPHHHHHPPHHHHHHPPHPPHHHH
336,HPHPHPHHHPHHHPHHHHHHHHHPPPHPHH
337,HHHPPHHPHPHHHHHHHPPPHPPPHHHHHP
338,PPHHHHHHPHHHHHHPHPHPHPPHHHHHPH
339,HPPHHHPHHPPHPHPHHHPHHHPHHHHHHP
340,HHHHPPHHPHHHHHPHHPPPHPHHHHPHPH
341,HPPHHHHHHHPPPHHHPHPHPHHHPHHHPH
342,PPHPPHHPPHPPPHHHHPHPHHHHHHHHHH
343,PHHPHPHPHHPHPHHHHPPHHHPHHHHHHH
344,PHHPHHHPHHHHHHPHHHPPPPHPPHHHHH
345,HHHPPHHHHPPPPHPHHHHPHHHHHHPHPH
346,HHHHHPPHPHPPHPHHHHHHPHHPHHHHHP
347,HHHHPPPHPHPHPHHHHPHHHHPHHPPHPH
348,HPHPHHPHHPPHHHPHPHPHHHHHPHHHHP
349,HHPHHPPPPHHPHHHHHPHHHPHPHHHHHH
350,PHHHHHHHHHHPPPHHHHPHHHPPHPPHHP
351,HHHPHPHHPHHHHPPPPHHHHPHPHHHPHH
352,HPPPHHHHHPHHHPHHPHHHPHHHPHPHHH
353,HPHPHPHHHPHHHHHHHPPPHPHHHHPPHH
354,HHHHPHPHPHHHPHPHHHPHHHPPHHHHHP
355,HHPPHPHPHHPPHPHHHHPHHHHHHPHHPH
356,HHHHHHPHHPHPPHHHHHPHHPHHPPPHHH
357,HHHHHPHHPHPHHHPHPPPHHHPHHHHHPH
358,PHPPPPHHHHHHHPHHPHHHHHPHHHHHHP
359,HHHHPHHPPPHHHPPPPHHPHPHHHHHHHP
360,HHHHPPPHHPPHHHHHHHHHPPPHHPHHHP
361,HHHHHHPHHPPPPPHHHPHPHHHHPHHPHH
362,PPHHHHHPPHHHHPHHHHHHHHHPHPPHPH
363,HHPHPHPHHHHHPHHHHHHPPPHHHPHPHP
364,HPHHPHHHPHHHHHPHPHHHPHPHPPPHPH
365,HPHHHHHPHPHHHHHHPHHPHHHHHPPPPP
366,HHHHHHHPPHHPPPPPHPHHHHHHHHHHHP
367,HHHHPHHPHPHPHHPHHPHPHHHHPPPHHP
368,HPPHPPHHHHHPPHHHHHPPHHHHHHHPHH
369,HHPHHHHHPHHHPPHHHPHHPHHPHHHPPH
370,HPHHPHHHHHHHHPPHHHHHHPPHPHHPPP
371,PHPHHPHHHPPHHHHPHHHPPHHHHHHPHH
372,HHHHPHHHHPPPHHPPHHHHPPHPHHHPHH
373,HPPHHHHHHPPHHPHHPPHHHPHHHPHHHP
374,HHHPHHPHHPHHHHPPPPHPHPHHHHPHPH
375,PHHHHHHPHHPHHPHHPHHPPPPHHHPPHH
376,HHHHHPPHHHHHHHHPHHPPHPHHHHPHPP
377,HHPPPHHHPHHHPHPPHHHHHHHHHHHPPH
378,HPHPHPPHHPHHHHPHPHHPHPHHPHHHHH
379,HHPHHHHHPHHPHPPHHHHHHPHPHPPHHP
380,HHHPHPHHHPPPHHHHHPPHHHHHPPPHHP
381,PPHHHPHHPHPHHHHHHHPHHPPHHHPHPH
382,PPHHPHHPHPHHPHHPPHHHHPPHHPHHHH
383,HHHHHHHHPPPHPHHPHHPPHPHHHHPHHH
384,HHHPHHPHHPHHPHPHPHHHPHPHHHHPHH
385,HHHHPHHHPHPPPHHHPHHHPPHHPHHHHP
386,HHHHHPHHHPHHHHHPHHPHPHHPHPPPHH
387,HPPHPPHHPHPPHHPHPPPHHHHHHHHHHH
388,HHHHPHPHHHPHPHHHPHPHHPHPHPPHHP
389,HPHHHPPHHHHHHHPPHHHPPPHPHHHPHH
390,HPHHHPPHHHHHHHHHHPHPPHHPPHHHPH
391,HHPPPHHHHPPHHHHHHHPHHHHPPPHHHH
392,HHHPHPPPPHPPHPHHHHHHHHHPHHPHHH
393,PHHPHPPPHHHHHHHPHPPHHHHHHHPHHP
394,HHHPHHHHPHHPHHHPHPPHPPPHHPHHHH
395,PHHHHPHPHHPHHHHHHHPPHHHPPHPHHH
396,PHPHPHHHHHPHPHHHHHHHPPHHHPHHPP
397,HPHPPHHHHHHHPHPHHHPPHHPHPHHPHH
398,HHPHPHPHHHPPHHHPHHHPPPHHHHPHHH
399,HPHPPHHHHHHHHHHHHHPHHPHHPPHHPP
400,PPHHHHPHHPHHPHHPHHHHHHHPHPHPHP
401,HPHHPHPHHPHPHHPPHHHHHHHHHPHHHP
402,PHHPHPHPHHPHHHPHPHPHHHPHHHHHHP
403,HHPHHPHHPPPHHPHHHHHPHHHHPHHPPH
404,HPPHPPHHHHHHHHHHPPHPHHHPPPHHHH
405,HHPHPHPHHPHHPHHPHHHPHHHPHHPHPP
406,PHHHPHPHHPPHPPHPHPHHHHHHHPHHHH
407,HPHPHPPPHHHHHHPPHHPHHHHPHHPHHH
408,PHHPHHHHHPHHPHPHHPPHPHHPHHHHPH
409,HHHHHHHPPHHPPHPHPHHHHHPHHHPPHP
410,PHHHHPPPPHHPPHHHHHHHHPHHHHHPHH
411,PHHHHHPPHHPHHHHHHPPHPHHHHHHPPH
412,PPHHHHHHHPHPPHHHHHPHPPHPHHHHHH
413,HPHHPHPPHPHHHHHHHPPPHHHHPHHHHH
414,PPHHPHHHHHHHHHHHHPHPPHHHPPPHHP
415,HPHPHPPHHPPPHHHHPPPHHHHHHHHHHP
416,HHPHPHPHPHHPHHHPPPHHHHHHPPHHHH
417,HHPHHHHHHPHPHHPPPPHPHHHHHHHPHH
418,HHHHPHHPPPHHHHPHPHHHHHHHPPHHPH
419,HHHHHHHHHPHHHPHPPPHPHHPPHHPHHH
420,HHHHHHPHPHHPPPHHHHHHHPPHHPHHHP
421,HHHHHPPHPPPHPHHPHPHPHHHHHHHHHH
422,HHHHHHPPHPHHHPHPHPPPHPHHHHHHPH
423,HHPHPHHHPHPHHPHHPHHHHPHHPPHPHH
424,PHHPHHHHHHHPPHHHPHPHPPHPPHHHHP
425,PHPHPPPHHHHHPHHHPHPPHPHHHHHPHH
426,HHHPHHPHPHHHHPPPHHPHHHHHHHHPPH
427,HPHHPPPPHHPHHPHPHHHPHHPHHPHHHH
428,PHHHHPPHHHPPPHHHHHHHHHPHPHHPHP
429,HHHHHPHPHHHPHPHPPHHPPHHHHHHHPH
430,PPPPHHHHPHHPHPHPPHHHHHHHHHHHHH
431,HHHHHPHPPPHHPHPPHPHHHHPHHPHHHH
432,PHHHHHHPPHHHHHHPHHHHPHPHPPPPPH
433,HHHPPHHHPHHHHPPHPHHHPPHPHPHHHP
434,PPHHHHHPHHPHHHHHHPHPPHHHPPHHHH
435,PHHHHPPHHPPHHHHHHHPHHPHHHPHHPH
436,HHPPPHPHHHPHPHPHHHPHHHHHPHHHHH
437,HHPHPHHHPPHHHPHPHHPPHHPHPHPHHH
438,HPHHHHHHHPPHPHHHPPHPPHHPHHHHHH
439,HHHHHPPHHHHHHPPHHPPPHPHPHHHHHH
440,HHHPPHHPPHHPHHPPHPHHHHHHHHPPHH
441,HHHHHHHHHPHHPPHHHHHHHPHPHPPPPP
442,HHPHPHHPHHHHPPPHPHPHHHPHHPHHHH
443,HHHPHHHPHHHPHPHPHHHHPHHPPHHPHH
444,HHHHPPHHPHHPPHPHHHHHPHHHPHHHHP
445,PHHPPHHHPHHHHHHHHHHPHPPHHHPHHP
446,HHHHHHHHHHPPHHHPPHPHHHPPHPHPHH
447,PHHHHPPPHHHPPHPHHHHHHHPPPHPHHH
448,PHHPHPPPPHHHHPPHPPHHHHHHHPHHHH
449,HHPPPHHPPHPHPPHHHHHHHHPPPHHHHH
450,PHHHPHHPPHPHPPHHHHHHPHHHHHPHHP
451,HHHHHPHPHPPHHHHHPHPHPHPHPHHPHH
452,PPPHHHHHHHHHPPPHHHHHPHHPHPHHHH
453,PHHHHHHHPHPPHPHPHPHPHHPHHHHPHH
454,HPHHHHHPPPHHHHPHHHHHHPPHHPPHPH
455,HHPHPHHHHPHHPHPHHHPHPHPHHPHPHP
456,PHHHHHHPPHPHHHHPPHHHHHPPHPHPHH
457,HHHPPPHPHHPPHHHHHHPHHPPHPPHHHH
458,PHPHHHHHHHHPPHHHHHPHHPPHPHHHPH
459,HHPHHPPHPHHHHPHHPHPHHHHHHPHPHH
460,HHHHPPPHHHHHPHHPHHPHHPHHHPHHHP
461,HHPHHHHPPPPPPHPHHPPHHHHHHHHHPH
462,PHHHHHPHHPHHPHHHHHHHPPPPHHHPPP
463,HHPPHPHHHHHPPPHPPPHHHHHPHHHHHP
464,HHPHHHPHHPHPHPHHHHHPHHHHPPPHPH
465,HPHHPHHHHPHPHHPPPHPPHHHHHHHHHH
466,HPHHHHHPPPHHHHHPPHHPHHHHPHHHHP
467,PHPHHHHHHHHHPHHPHHPHHPPHPPHHPH
468,HHHHHPPHHHHPHPHPHPPPHPHPHHHHPH
469,PPPHHHHHHHHHPHHHHPHPPPPHHHHHPH
470,HPPPHPHHHHPPHPHHHHHHHHHPHHPHHH
471,HPPHPHHHHPPPHHPPHHPPHPHHHHHHHH
472,PPHPPPHHHPHPPHPHHHHPPHHHHHHHHH
473,PHPHHPHHHHHHPPHHHHHHHPHPPPPPHH
474,HHHPHHHPHPHHPHHHHHPHHPHPPHHPHH
475,HHHPPPHHPPHPHHHHHPHPHHHHHPHHHH
476,PHHPHHPHHPHPHHPHHHHPPHHHHHHPHH
477,HHHPHHHHHPPHHPPPPHHHHHHHHHPPPH
478,HHHHHPHHPPPPPHHHPPHHHHHHHHHHHP
479,HHHHPPHHHHHHHPHPHHHHPPHHHHPPPH
480,HHHHPPHPHHHHHPHPHHPHHHPPPHHPHH
481,HPHPPHPHPHHHHPHHHHPHHHHPPPPHHH
482,PPHHHHHPPHPHHHHPHHHHPHHHHHHHPP
483,HHPHPHPHPPHHHHPHHHHPPHHPHHHHHH
484,HHHHHHPHPHPHHPPHPHPHHPPHPHHHHP
485,HHPHHPHHHPHPPHHPPHHPHHHHPHHHHH
486,HHPHHHHHHHHPHPPHPHHPPHPPHPHHPH
487,PHHHHHHPHPPHPHPHHPHPPHHHHHPHHH
488,PHHHHHPPHPHHHHHHPHHHHPHHHPPPHH
489,HHHHHHHHHPHHHHHHPPPHPPPPPHHHHH
490,HHPHHPHHPHHPHHHPHHPHHPHPHHHHHP
491,HHPHHHHHHPHPHHPHHPHPHHHHPHPPHH
492,HHPPHHPPPHHHHHHPHPHPPHHHHPHHHH
493,HHHHHPHHPHPHPPHHHHHHHHPPPHPPPH
494,PPHPHPHHHHPHHHHHPPHHHHPPHHHHHH
495,HHHHHHHPPHPPHHHHHHPHPHHHHPHPPP
496,PHPHHPHHHHPHHHHHHHPPHHPPPHPPHH
497,HPHHPHHPPPHPHHHHHHHPPHHHPHPHHH
498,HHHHHPPHHHHPHPHHHHPHHPHHPPPPHP
499,HHPPHHHHPPHHHHHHHHPPHPPPHHHPHH
500,HPHHPHPHHPPHHHPHHHHHHPHPHHHHPH
501,PHHHHHHHHHPHHHHPPHHPHHPHHPPHPH
502,HPHHPPHHHHPHHHHPHHHPPHPPHHHHPH
503,HHPHHHHHHPHHHHHPHHPPPHPHPHHPHH
504,HPPPPHPHHHHHHHHHHHPPPPHHPHHHHP
505,HPPHHPPHHPHHHPHHPPHHHHHHPHPHHH
506,HHPHPPPPHHHHHHHPPPPHHHHHHHHHHH
507,HPHPHHPPHPHHHHHPPHHHPHHPHPHHPH
508,HPHPHHHHPPHHHPHHPHHHPPPHHHHHPP
509,HHPPHHHHHHPPPPHHHHHHHPPPHPHHHH
510,PPHHHPPPPHHPHHHHHHHHHHPHPHPPHH
511,HHPHPHPHHPHHPHHHPHHHHHHHPPHPPH
512,HHHHHHHPHHHPHHHHPHHPPHHHPHHPPP
513,PPHHHHHHPPHHPPPPHHHHHHHHHPPHHH
514,HHHPPPHHPHHHPHHPHHHHHPHHHHPHPH
515,PHPHHHHPPHHHHHPHHPHPHPHHPPHHHP
516,HHHHPHHHHPPHHHHHHPHPPHPPHHHPHP
517,HHHHHHPHHPHHHHHPPHHPHHPHHPHHPP
518,HHHHHHHHPPHHPHHPHHHPPHPHPHHHHP
519,PHPHHPHHHHPHPHHPPPHHHHHHPPHPHH
520,HHHHHHHHHHPPHPPPPHHPHHHPPPPHHH
521,HHHHPHHPPHHPHHHPPPPHHHPHHPPHHH
522,PPPHHHHHHPHHHHPHPPHHHHPHHHHHPP
523,HHPPPHPHPHPHHHPHHHHHHHHPPPHHHP
524,HPHHPHHPHHHPHPHPPHHPHPHHHPPHHH
525,PHHHPHPHHHPHPHPHHHHHPHPPHHHHHP
526,HHPPPPHPHHHPHPHHHHPHHHHHHHHPHH
527,HHHHHPPHHHPHHHHPHPPPHPPHHHHHHH
528,HHHPPHPPPHHHHPPHPPHHHHHPHHHPHH
529,PPHHHHPHPPHHHPHPHPPHHHHPHHHHPH
530,HHPHHHHPHHHPHPHPHHPPHPHPHPPHHH
531,HHHHPPHPHHHPHHHHPPHPHHPHPPHHHH
532,HHPHPPHHHHPPHPHHHPHHHHHPHPHHHH
533,PPPHPPPHHHHPHPHPHHHHHPHHPHHHHH
534,HHHHHPHPHPHHHPHPHHHPHHHPPHHPPH
535,PPHPHHHHHPPHPHHHPHPHPHPHPHHHHH
536,PHHHHHHHHHHHHHHHPPHPPHHPPPHPPH
537,HHHHHPHHHHHHPHHPHHHPPHHPHHPPPP
538,HHHHHHPPPHHPHHPPHHHPPHPHHPHHPH
539,PHHHPPHHPHPPHHHPHHHPHHHPHHHHHP
540,HHPHHHHHHHPHPHPPHHHHPPHPPHPHPH
541,PHPPHPHHPHHHHHHHHHHPHPPHHHPHHH
542,PHHHPHHHHHHPPHHHHPPHPHHHPHPHHH
543,HPPHHHHHHPHPHPPHHPHHHHPHHHHPHH
544,PHHHHPPHHHPHHHPPHHPHHPHHHHHPHP
545,HHHPPPHHPPHPHPHHHPHHPHHPHHHHHH
546,PPHHHPHPPHHPHPHHHHHHHHHPHPPHHH
547,PPHHHPHHPPPHPPHHHHPHHHHHPHHHHP
548,PHHPPHHPPHHPHPHHHPPHHHHPHHHPHH
549,PHHHPHHHHPHPHHPHHHPPPHPHHHHHHH
550,HHHPPHHPPHHHHHHPPPHHHPPHHPHPHH
551,HHHPHHHPHPHHPHHHHHPPHHHPHPHHPP
552,HHHHPPPHHHHHPPHHHHPPHPHHPHHHHP
553,HHPPHHHHHHPPHPHHPPHHPHHHHHPHHH
554,HHPPPPHHHHPHPHPHPHPPHHHHHHHHHH
555,PPPHHHHPHHPHHHHHPPPPHHHHHHHHPP
556,PHHPPHPHPHHHHHHHPPHHHPHHHHPHPH
557,HHPHPHHHHHHPHPHHHHHHHHHHHPPPPP
558,HHHHHPHPHHHPHHPHPPPPHHPHHHHHHH
559,PHHHHPPHHHHHHHPHHPPHHPHPHPHHHP
560,HPHHPHPHHHHPHHHPHHHHHHPHPPPPHH
561,HHHHHPHHPHPPHHHHPHHPHHHHPHPHPH
562,PPHHPPHHPHHHPPHPPHHHHPHHHHHHHH
563,PHHHHHHHHHPHPPPHHPHHPPHPHPPHHH
564,PHHPPHPPPHHHHPHHHPHHHHHHHHPHHP
565,PHHPPHHHPHPHPHPHHHPHHPHHHHHHHH
566,PPPPPHHHHHHHHPHHHHHHPHPHPHHPPH
567,PHPHHPHHHPPPHPPPHPHPHHHHHHHHHH
568,PHHPPHHPHPHHHHHHPPHHHHHPHPHPHH
569,PHHHHPPHPHPHPHHHHHHPPHHHHHPHHP
570,HHHPHHPHHHHHHHPHPHPHPHHHHPHHPP
571,HHHPHHHPHPPPPHHHHHHPPHHPHPHHHH
572,PPPPHHHPHHPHHPHHHPHHHHHHPHHPHH
573,HHHHPPHHPHHPHPPHHHPPHPHHPHHPHH
574,HPHHHPHHHHPPHHPHPHHHHHHPHHPHPH
575,PPHHPPHHPHHHHHHPPHHHHHPHHPHHHH
576,PHPHHHPHPHHHHPHHHPHPHHPHHHHHHP
577,HHHHPHPHPHHHHHPHPPHHHHPHPHHHPP
578,HPPHHPHHPHHHHHHHHHPPPPPPHHHPHH
579,PHHHHPPPHHPHPHHHHHHPHHHHPPPPHH
580,HPHPPPPHPHHPPHHHHPHHPHHHHHHHHH
581,HPPPPHHHHHHPPHPHHHPPHPPHHHHHHH
582,PHHHHHHHPHHHHHHPHPPPHHPHHHHPPP
583,HPHPHPHHPHPHHHHHPHHPPHHHHHHHPH
584,HPHHPHPHHHHHHPPHHPHHHPPHHHHHHP
585,HHPHHHPPPHHHHPHPPHHPPHHHHPPHHH
586,PPHHHHHHHPHHPPHPPHPHPHHPPHHHHH
587,HHHHHPHHHHHHHHPPPHPHPPPHHHHPHH
588,PPHPHHHHPHHPPHHPHHHHHPPPHHHPHH
589,HPHHHHHHHPPPHHHHHHPPHPHHHHPPPH
590,HHPHHPPHPPHHHHPHHHHPHPHHPPPHHH
591,HPHHPHHHHHPPPHPPPPHHHHHHHHPHHH
592,HHHHHHHHPHHPHHPPHHPPHHPHHHHHPP
593,HPHHHPHPHPHHHHHHPPPHHPHPHPHHHH
594,HHHPHHHHHHPHPHHPPHHPHPHPHHHHPH
595,HHHPHHHHHPHHHPHPPHHPHHHPHHHPPH
596,HHHPHPHPHHHHPPHHHHPPHHHHHHPHPP
597,HPHHHPPHHPHPPHHHHHPHHHHHPHPHHP
598,HPPPPHPHPPHHHHHHHPHPHPHHHHHHPH
599,HHHPPPHHHPPHPPHHHHHHHPHHHPHPHP
600,PHHHHPHHHHHPHPHHHPHPHHPHPPPHPH
601,PHHPPHHHHHPHHHPHHHPPHHPHPHPPHH
602,PHPPHPHHHPHHHHHPHHPHHHPHHHHHPH
603,HHPHPHHHPHHHHPPHPPPPHHHHHHHHPP
604,HHHHHHHPPHPHPHHHHPHHHHPHHPHPHP
605,PHHHHHHPHHHHHPHHPHHPPHHPPPHHPP
606,HPHPPHHHHPHPHPHPHHHHHHHHHPPHHH
607,PHHPHHHHPHHHHHPHPHHPPHHHHHPHPH
608,PHHPPPPHHHHHHHPHPPHPHHHHHPHHPH
609,HPHHHPHHHPPHHHPPHHHHHHHPPHHHPH
610,HHHHHPPHHHHPHPHPHPHPHPPHHHPHHH
611,HHHHHPPHHPPHHHHPPPHHPHHHPPPHHH
612,PPHHHHHHPPHHPPHHHPHHPPPHHHHHPH
613,HPHHHHHHHHHHHPPPHHHPHHPPPPHPHH
614,HHHHHPPPHPPHHPPPPHHHHPHHHHHHHP
615,HPPHHHPHHPHHHPHHHHHPHPPHPPHHHP
616,PPHHHPPPPPHHPHHPHHHHHHHHHPHHHH
617,PHPHHPHPHHHHHPHHHHPHPPPHHPHHHH
618,PHHHPHHPPHHHHHPPPHPHPHHHHHHHHP
619,PHHPHPPHHHHHPHPHHHHHHPPHHHPHHP
620,HHHHHPHHHHHHPHPHPPHPHHHHHPPHHP
621,PPPPHHHHPHHHHPHHHPHPHHHHPHPHHP
622,HHHHPHHHHHPHPPHPHPPPHHHHHPHHHP
623,PHPPPHPPHHHHHPPHHPHHHHHHHHPPHH
624,HHHPPHPHHHHHHHHHPPHHPHPPHPPHHH
625,HHHHHPHPPPPPHHHHPHHHPHPHPPHHHH
626,PHHHHHHHHPPHHPHHPHPHHPPHPHHHHP
627,HHPHPPHPHPPHPHHHHHHHHHPPHPHHPH
628,HHHHHHPPPPPPHHHHPPHHHHHHHHPHHP
629,PHHHHHPPPHPHHPHPPHPPPHHHHHHHHH
630,HHPHHPPHHHHPPHHHPHHPHHHHHPPHPP
631,PHHHPHHPHPHHHHPHPHPHHPHPHHHHHP
632,PHHPHHHPPPHHPHPHPPHHHHHHHPHHPH
633,HHHHPHPPHHHHHHHPHPPHHHPHPPHPHH
634,HHHHHHPHHHPPHHHPPHPHHPPHHHPPHH
635,HHHPHHHPPHPHPPHHHHHHPHHPHPHPHH
636,PHHPHHPPHHHHHHHHHHHPPHPHPHHHHP
637,PPPHPHHHHHHPPPHHHHHPHHPHHHHPHP
638,HHHHPHHPHPHPHHPPPHPHHHHHHHHPHH
639,HPHHHPHHHPHPHHHPHHPHHPHHHPHPHH
640,HPPPHPHPPHPHHHHHHHHHHHPHHHHPPH
641,PPHPHHPHPPHPPHHHPHHHPHHHHHPHHH
642,PHHPHPPHHHPHPHPHHPHHHHHPHPPHHH
643,PPHHHHHHHPHHHHHHPPHHHPPPHPHHHH
644,HPHPHHPHHHHHHPHHHHPHHHHHPPPHPP
645,HHPHPHPHHHHHHHPHHHPHHPPPHHHHPP
646,PHHHPPHPHHPPHHHHHPHHHHHHHPHHHP
647,PHHHHHPHHPPHPHPHPHPPHHHHHHHHHP
648,PHHHPPPPHHPHHHPHHHHHHHHHHHPPHH
649,PPPHPPHHHHPHPHPHHHHHHHPHHHHHHH
650,HHHHHHPPHHPPHHPHHHHPHPHHPHPPHH
651,HPHHHHPHPPHPHHHHPHHHHHPHHHHPPH
652,HPPPPHHHHPHHHHHPHHHPHPHHPHHHPP
653,PPPHHHHPHHPHHHPPHHPHHHPHHHHHHH
654,HPHPHPHHHPHPHHPHHHHHHHHHHPPHHP
655,PPHPPHHPHPHHHHHPHHHPHPHPHHHHHP
656,HHHHHHPHHHHHPPPHHHHPHPHHPPPHHH
657,HHHHPHHHPHHHPPHPPHHPHHHHPHHHPH
658,PHPHPPHHHHHHPHPHHHHHHHPHPHPPPH
659,HPHPHHPHHHPHHPHHHPHHHHHHPHHPPH
660,HHPHHHHHHHPHHPHHHPPPHHPHPHHPHP
661,HHPHPHHPHHPPPHHPHHHHHHPPPHHHHH
662,HHHHHHHHPHPPPHHHHPPHHHPHHPHPHH
663,HHHHHPHHHPPHHHPPHHHPHPPHHHHHPH
664,PHPHHHHPHHPHHPHHHHHHHHHPPPPHHH
665,HHPHHHHHHHHPHHHHHPPPPHPPHPHPPH
666,HHHPHHHHPHHHPHHHPPHPHHPHPHPPHH
667,HHHHPPPPHHHHHHHHPPHHHPPPHHHHHP
668,HHPPHPHHHHHPPHPHHHHHHPHHHHPHPP
669,HHHHPPHHPHPPHHHPHHHHPHHHHPHHPP
670,HPHPHPPHPHHPPHHHHPHHHHHHPHHHPH
671,HPPPPHHHHHHPHPPHHPHHPHHPHHHHHH
672,HPHPHHHHPPHHHHHPHPHHHHPHHPPPPH
673,HHHHPPHHHPHPPHHHHHHHPPHPPHHPHP
674,PPHPHHHHHHHHHPPPHHPHHHPHHPHPHH
675,HHPHPHHHHPHHHPHHHPPPPPHPHHHHHH
676,HHPHPPHHPHHPHHHPPPHHHPHHHPHHHH
677,PPPHHPHPHHHHPHHPHPHHPHHHHPHHHH
678,HHPHPHPPHHPHHHHHHHHPHPHHHPHHHP
679,PHPHHHHPPPHHHHPHHHHHHPHPHPHHHH
680,HHHPPHHHHPPHPHPHHPHHHPHPHHHHHP
681,PHHPHPHPPHHPHPHHPHHHPHHHHPHHPH
682,HHPHHHPHPPHPPHHPHHHHHHPHHHPHHH
683,HHPHHHPHPHHHPHPHHPHHPHHHPHPPHH
684,HPPHHHHPPHHHPHHPHPHHPHPPHHPHHH
685,HHHHHHPPHHPPHPHHHHPHPHHHHHHPPH
686,HPHHHPHPHPHHHPHHHHPPPHHHHHHHHP
687,HHHPPHPPHHHHHPPHHHHPHHPPHHHHPP
688,HHHHPHHHHHPHPHPPHHPHHPPHHPHHHH
689,PHHHHHPHHHHHPHPHHPHHHHPPPHHPPH
690,HHHHPHPHHHPHHHHPHPPPPHHHHPPHHH
691,HHPHHPHPHPPPHPPHHHHHHPHHHHHPPH
692,HHPHHHHHHHPHHHPHPHPHPHHHHPPHHP
693,HPPHHHPPPHPPPHHHHHHHPHHHHPHHHH
694,PHHPHPHHPPHHHPHHHHHPHHPHHPHHHP
695,HHHHHHPPHHHHHHPHPPHHPHPPPHHPHH
696,HHHHHHHHHHPPHHHPHHHHPPHPHPHPPH
697,PPHHHHHHHHPHHPHHHPHHHHPHHPHPHP
698,HHHPPPHHHHHPHHPHHPHPHHHHHPPHHH
699,HPPHPHHPHHHPPPHHHHHHPHHHHPHHHH
700,PPHPPPPHHPHHHHHHPHHHPHPHHPHHHH
701,PPPHHPHHPHPHPHHPHHHPPHHHHPHHHH
702,HPHPHHHHHHHPHHHPHPPHHHPHHPHHPH
703,HHHPPPHHHPHHHPHPHHHHHHHHHPPPHH
704,HHPHPHPPHHHHHPHPPHHHPHPPHHHPHH
705,HPPHHPHHPPHPHHHPHPHHPHHPPHHHHH
706,HHPPHHPHHHPHHHPHHHHPPPHPHHPHPH
707,PHHHHPHHPHPPHHHPHHPPHPPPHHHHHH
708,HHHHHPPHHPHHHPHHHHHPHPHHPPHHPP
709,PHHHPPHHPHHHPPHHHHHPHHHPPPHHHH
710,HHPPPHHHPPPHHPHHHHHHPHHHHHPHHH
711,PHPPHHPHPPHHPHHPHHHHHHHHPPHHPH
712,HHHHPHPHHPHHHHHPHPPHHPHHPHPHHH
713,HHHPPPHHPHPHHHHHHPHHPHHPHHPHHP
714,HPPPHHHPPHPPPHHHHPHHHHHPHHPHHH
715,PHPPHPPPHPHHPHPHHHPHHHPHHHHHHH
716,HHPPHHHHHHPPHHPHHHPHPHHHPPPHHH
717,HPPHHPPHHHHPHHPHHHPPHPHHHHHHHH
718,HHPHPPPPHHPHPHHHHHPHHHHHHHPHHH
719,HHHPHHHHPHHHHPHPHHHHPHHPPPPHHP
720,PHPHHPPPPHHHHHHHHHPHHPHHHHHPHP
721,PPHHPPHHPHHPPHHPHHHHHHHHHHPHPH
722,HHHHPHHHPHPHHPHHHHPHPPPHHHHPPH
723,PHPHPHHPHHHHHHPPHHPHHHPHPHHPHP
724,HPHPHPHHPPPHHHHHPHHHHHHHHHPHHP
725,HHHPPHHHHPHHPPHPPHHHPHHHPHPHPH
726,HHHHHHPHHPPHPPHPHHHPHHHPHHPHHP
727,PHPPPPHHHHHHHHPHHPPHHPPHHHPHHH
728,PPHPPHPHHPPPPHHHHHHHHHHPHHHHHH
729,HHPHPPHHPPPHHHHPHHHPPHHPHHHHHP
730,HHHPHHHHHPHHHPHHHHPPPPPHHPHHHH
731,HPHHHHPHPPPPHHPHHHHHHPPHHHPHHP
732,PHPPHHHPPHHHHHPHHHPHHPHHHHHPPH
733,HHHPPHPHPHHHPHPHHHPHHHHHPHPHPH
734,HPPHHPHPHHHHHHPHHPHHHHPHHHPHPP
735,HHPHHPHHHHPHHHPHHHHHPHPHPPPHHH
736,PHHPHHHPPPHPPHPHPHHHHHPHHPHHHH
737,HHPHPHPHPHHPHPHHHHHPHHHHPHPHHH
738,HHHHPHHPPHHHHHHPHHPHHHHHPPPHHP
739,HHPPPPPPPHHHHPPHHHHHHHPHHHHHHH
740,PPPHPHHPHHHHPHHPPHHHPHHHHHPHHH
741,HPPHHPHHHHHHPHHHPPHPHPHPHHPHPH
742,HHPHHHHPHHHHPHHHPPPHHHHPHPHPHH
743,HHHHPHHHHHHPPHHPHHHHHHPHHPPPHP
744,PHHHHHHHHPPHHHHHHHHPPPPHHHHPHP
745,HPHHPHHPHPPPHPPHHHPHPHHHHHPHHH
746,HHPHHHHPPHPHPHHHHHHHPHPHHHPHPH
747,PPPHPHPHHHHHHHPHHPHHHPHPHHHHPH
748,HHHHPHHPPHPHHHHHHHHPPHHPPHHPHH
749,HPPPHHHHHHHHHPPPHHPHPHHHHHHHPH
750,HHHHHHHHHPPHPPPPPPPHPHHHHHHPHH
751,HPHHPHHHHPHPHHPHHHPPPHHPHHPPHH
752,HHPHHHHPHHPPHHHPPPHHHHPHHHPHHH
753,PHHHPHHPHPHHHHHHHHPPPHPHPHPHHP
754,PHHPHHHPHPHHHPHHHHHHHPHPPHPPHH
755,HHHPPPPPHHHHHHHHPHPHHHHHHPHHPH
756,HHHHHPPHHHHHPHHHHPPPHHHPHPHPHP
757,HHHHHHHHPPPHHHHHHHPHHHPPHHPPHP
758,PHHHHHHPHHPHPHHHPPHHPHPHHHHPHH
759,PHHHHHHHHHPHPPPPHHHHHPPHPHPHPH
760,HPHHHHHHHHPPHHPPHHHHPHPHHHPHHP
761,PPHHHHPHHPHHHPHHHPHPPHHHHHHHPP
762,HHPHHHHHPHPHPPHPHPPHHHHHPPHHHP
763,HPHPHHHHHHHHPHHHPHHPHHPHHHPPPP
764,HHHHPPHHHHHHHPHHHPPPHHHPHHHPPH
765,PPHPHHHHHPHHHHPHPPHPHHPHHHHHPH
766,HHHPPHHPHHHHPHPPHHPHPHPPHHHHPH
767,HPPPPHHHPPHHPPHHHHHHHHHPHHHHHH
768,HPHHPHPHPHHHHHHPPHPHHHHPPHHHHH
769,HPHHHHHPHHPPPPPHHHHHHHHPHHHHPH
770,HPPPHHPHPPHHPHHPHHPHPHHHPHHHHH
771,HPHHHHHPHPPHHPPHHHHHHPPPPHHHPH
772,HPHPHHHHPHHHPPHHHPHHHHPHPHHHPH
773,HHHHHPPHHHHHHPPHPHHHHHPHPHHPPH
774,HHHPHPHHHHHPHHPPHHHPHHPHHHPPHH
775,HPHHHHHPHHHHHPPHPHPHHPPPPHHHHH
776,PPPHPHHHHHPHHHHHHPHHPHPHPHHPHH
777,HHHPPHPPHHHHPHHHPPPHHPHHHPHHHP
778,PHHHPPHHHPHHPHHPHHPHHHHHHPHHHP
779,PPPHHHHHHPHPPPPHHHHPHHPHHPHHHH
780,HPHHPHHHHHHHPPHPPHHPHHHHHPPPHH
781,HPPHHPHHHPPPPHHHHHHHHHHHHPPHPH
782,HPPHPHHHHHPPHHHHPHHHHHHPPPHPPH
783,HHPPHHHHHHPHHHHHHPPPHPPPHHPHHH
784,HHPHPHHHHHPHPPHPPHHPHPHHHHHHHH
785,HHHHHHHHPPHPHHPPPPHHHPPHHHHPHP
786,PHHHHHPHHHHHPPHHPHHHPHPHPPPHHH
787,PHPPHHHHPHHHPHPHHPHPHPHHHHHPHH
788,PHHHPPHHHHHPPHHHHPHHHHHHHPPPHH
789,HHPHHHPHHHHHPHHHPPHHPPHHPHHHPH
790,HPHPHHHPPPPHHHHHPHPHHHHHHHHHHP
791,HPHHHPHHPHHPHHHHHHHPHHHPPPPHHH
792,HHHHPPHPPHHPHHHHPPPHHHHPHPHHHP
793,HHHPPPHHHHHHHHHHHHPPHPHPPPHPHP
794,PHPHPHPHHHPPHHHHHHHPPHPHPPHHHH
795,HPPPPHHPPHHHHHHHHHPHPHHPHHPHHH
796,HPHPPPHHHHHHHPHHHHHPHPHHPPHHHH
797,PHPHHHHHHHPPPHHPHPHHHHPHHHPHPH
798,HHPPHHHPHPHHHHHHPPPHHHHHHPHPHH
799,HHPHHPHHHHPHHPPPPHHHHHPHHHHHHP
800,PHHHPHPHPHPHPHHHPHPHHHHHHHHPHH
801,PPHHHPHPHPHHHPHHHHHHPHHPHPHHHH
802,HHPHHPPHHHHPHHHPPHHPPHPHHHHHPH
803,HHHPHHPHHHHHPPPPPPHHPHHHPHHHHH
804,PHHHHHPHHPHPPHHHPPHHPHHHHHHHPH
805,HHHHHHPPHHHHHPHHPHPPHPHPPHHPHP
806,PHPHHHPPHHHHHHHPPHHHHHHPPPHHHH
807,PHPPHPHHPHHHHPHHPPHHPHHHHPHHHH
808,HHHHPPPHPHPHPHPPHPHHHHHHHHHHHH
809,HPHPHPPPPHHHHHPPHHHHHHPPHHPHHH
810,HHHPHPHHHHHHHPPHHHHHPPHPHHPHPP
811,PHHHHHHHPHPHHHHHPHHHPHHPHPHPHP
812,PPPHHHHHPHHHHHPHPHHHPHPHHPHPHH
813,HPHHPHHPHPHHHPHHHHHHHPPHPPHHPH
814,HPHHPPHHPHHPHHHPHPPHHPHHHPPHHH
815,HHHPHPHPPPPHHHHHHHPPHHHHHHHPHH
816,PHPPHHHPHPHHHHHHPHHHHHHHPHHPPH
817,PHHHHHPHHPHPPHHHPHPPHHHPHHHPHH
818,HPHHHPHPHHHPHHHPHHPHHHHHHPPPHH
819,HHPPHPHHHHHPHHPHPPHPHHPPHHHHPH
820,PHHHHHHHHHPHHPHPPHPHPHHHPHPHHH
821,PHHPPHPPHPHHHHHHHPHPPHHPHHHPHH
822,PPHHHHHHHHHPPHHHHHPHHPPHHHHPPP
823,HHHPHHHHPPHHHHHPPHPHHHHPPHPPPH
824,HHHHHPPHPHHPHHPHPHHPPHHHHPHHHP
825,HHHHHPPHHHHPHHHHPPHPHPHPPHHPHH
826,PHPHHHHHHHHHPPHHHHPHHPPHHPHHPH
827,PHHHHHHPPPHHPHPPHPPPHHHHHHHPHH
828,PPHHHHHHHPHHHHPPPHHHHHHPHHHPHP
829,HHHPPPHHHPHPPHPHHHHHHHHHPPHHHH
830,PHHHPHHPHHPHHHHPPHHHHHHPHHPPHP
831,HHHHHHPPHHPHPHHHHHPHHHHPHHPPPH
832,HHHHHHPHPHHPPPHPHHHHPHHPPHPHHH
833,HHHPHHHHHPPHHHHHHPHHPPPHPHHPPP
834,PHHHHHHHPHPHPPHHHHHHHHPHHPPPHH
835,HPHHHPHHHHHPHHPPHPHHHHHHPPHPHH
836,HHHPHHPHPHHHPHHPHHHHPPPHHPHPHH
837,HHHHHPHPHHPHPHHHPHHHPHPHHPHPHP
838,HPHHPPPHHPHHHPPHPHHHPPHHHHHHHH
839,HHHHHPHHHPHHHPHPHPHHPHHPPPPHPH
840,PHPHPHHHHHHHHHHHHPPPHHHPHPHPPH
841,HHHPPHHPPHHHPPPHPPHHHHHHHHHHHP
842,PPHHPPPHHHPHHHHPHHPHHHHPPHHHPH
843,PPHHHPPHHHHHPPHHHHHHHPHHHPHPHP
844,HHHHPPHPPHHHHPHPHPHHPHPPHHHPHH
845,HHPHPPHHPHHHHPPHHHPHHHHHHHPPPH
846,HPHHPHHHPPPHPHHHPPHHHHHHPHHHHP
847,HHHHHPPPHHHPHHHPHPHHHHHPPPHHHH
848,PHPPHHHHHHHHHHPPHPHHPPHPHHHHPP
849,HHPHHHHHHHHHHPPHPPHPHHHHHPHPHP
850,HPHHHHHPHHPPHHHHPPPHHHHHPHPHPP
851,HHHHPHHPHHHPHHHHPPHHPHHHHPHHPP
852,HHPHHPHHHHHPHPHPHHPHHHHHPHPPPP
853,HHPPHHHHPPHHHHHHPPHHHHHPPHHPHP
854,PHHHHHPHPHPHHHHHHHHPPHPHPPHHHP
855,PHPHHHHHHHPHHPPHHPHHPPHHHPHPHH
856,PHPPPHHHPHHHPHHHHHHPPHHHPHHHHH
857,HHHHPHPHHHHHHHHPPPHPHHPHHPPHPH
858,HHPPHHPHHHPHPHPPHHHPPHPHHHHHHP
859,PPHHHPHHHHHPPPHPHHPPHPHHHHHPHH
860,HPHHHHPPHPHPHPHHHHHPPPPPHHHHHH
861,PPHHHPHHHHHHHHPPHHPHHHHPPHHHPH
862,PHHHHPHHPHHPPHHPHHPPHHPHHPHHHH
863,HPHHHHHHHPHPHHHHPHHPHPPHPHPHHP
864,PHPHHHHHPHHPPHHPHHHPPHHPHHHHHH
865,HPHHPHHHPHPPHHHHPPPHHHPHHPHHPH
866,HHHPHHHHHPHHPHHHHPPHHHPPHHPHPP
867,HHPHHHHHHHHHHHPHPPPPHHPHHPHPHH
868,PPPHPPPHHPHPHHHHHHHHHHPHHPHHHP
869,HHPPPHHHHHHHHHPHHPPHHHHPPPHHPH
870,HPHHPHHPPHPPHHHHHHPHHHHHHHPPPH
871,HHHHHHHHHHPHPHPHPPPHHPPHPHHPHH
872,PHPHPHHHHPHHPPHHHHHPHPHPHHPHHH
873,PHHHHHPHHHPPHHPHHPHPHHHHHHHHPP
874,HHHHHPPPHHHHHHPHPPPHHHHHPHHHHP
875,HHHPHPHHHPPPPHHHPHHHHPHHHHPPHP
876,PHHHHPPHHHHHHHHPHHHHHPPPHPPHPH
877,HPHHHHHPPPHHHHHHHHPHPHPHPHHPPH
878,HPHPPHPPHHHHPHPHHHPHHHHHHPPPHH
879,HPPPHHHPHPHPPHPHHHHHPPHHHHHHHH
880,PHHHHHHHHHPHPHPPHHPPHPHHPHHHPH
881,HPHHHPHHHHPPHHHHPPHHHHPHHPHPPP
882,PHPHHPHHHHHHPHHHHPPHHPHPHHHHPH
883,PPHPHHHHHPHHHHHPPHPPPPHHHHPHHH
884,PHPHHHHHHHHHHPHHHPPHPPPPPHHHHP
885,HHHPHPHHPHHPHHPHPHHPHHPHPPHHHH
886,PHHHHPHPHPHHHHPHHHHHPHHHPPHHPH
887,HPHHPHHHHPHHPHHHPPPHHHHHPHPPHH
888,HHHPHHHHHPPHPHPHPHPPHHPHHHPHPH
889,HHHHHPHHPHHHPHHPPPHHPPHPPHHHHH
890,HHPHHPHHHPPHHHPPPHHPHHHHPHHHPH
891,PHHPHHPHHHHPPPHPPHPHHHHHPHPHHH
892,HHPHPHHHHPHPHHHHHHPHPHPHHPHPPH
893,HPHHPHHHPHHHPHHPHPHPHPHHHHHPHH
894,PPPHHPHHHHHHPPHHHPHHPHPHHHHHHH
895,HHHPHHPPHPHHHHHPHPHHHPPPPHHPHH
896,HPPHPPHHHPPPHHHHHPHHPHPHHHHHHP
897,HHHPPPPHHHHHHHHHHPHHHHPHPPHHHP
898,PPHHHPPHHHPHPPHPHHHPHHHPHHHHHP
899,HHHPPHHPHPHHHHPHPPPHHHPHHHHHHH
900,HPPPHHHPHHPHPHHHHHHHPPPPHHHHPH
901,HHPHHPPHHHPHHHHHPHHHHHHPPHPHHP
902,HHHHHHHPHHPHHHHHPPHPPPPPHPHHHH
903,HPPPHHHPHPHHHHHHPHHHHHHPHPHHHP
904,PHHHPHHHHHHPHHPPHHHPHHHHHPPPHP
905,HPHPHHPHHHHHPHHPHPHPPHPHHHHHPH
906,HPHPHHHHHHHPHHHPHPPHPPHHHPPHHP
907,PHPPPHPHPHPHHHHHHPHHPHHHPHHHHH
908,HHPPHHHPPHPHPHHHHHHHHHHHPPHHHP
909,HHHPHHHHHPHHPPPHHHHPPHPHPPHHPH
910,PHHPPHHHHPPHHHHHHHHHHPHHPPPHHH
911,HPHHHHPHPHPHHHHPPHHPHPHHPPPHHH
912,HPHHPPPHHHPHHPHHHHPHHHPHHHHPHH
913,HPHHPHPHPHHHHHHHPHHHPPHHHPHHPP
914,PHHPPPHHPPPHPHPHPHHHHHPHHHHHHH
915,HHPHHPPHHHPHHHHPPHHHPHHPHHHHPH
916,HHHHHPHHHPPHPHHPPHHHHHHPPHHHPH
917,HHHHHPHHHHHPPPHHPHHPHHPPHHHPPH
918,PPHHHHPPHHHHPHHPHPHPHHHHHHPPHP
919,HHHPPHPHHHHHHPHHHHHPHHPHPHHHPP
920,HPPHHHHHHPHHHHHPHPPHHHPHPHPHHH
921,HHPHPHHHHHHHPHPHPPHPPPHHHHHHHH
922,HHHHPHHHHHPPHPPHHHPHPHPHHHPPHH
923,PHHPPHHPHPHHPHHHHHHHHPHPHPHHHH
924,PPPHHPPPHHHHPHHHHHHHHPPHHHHHHH
925,PPHPHHHHHHPPHPPHHHHHHHHHHPPHPH
926,HHHPPHPHPPPHPHHHPPHHHHHHHHHHHH
927,HPHHHHHPHPPHPHPHHPHHHHHPPHHHHP
928,PHHPPHHPHHHHPPHHHHPHHPPHHPHHHP
929,PHHHPHHHPPPHPHHHHHPHHPHPHHHHHP
930,HPPHHHPPHHHHHHPPPHHHHHPHHHHHPH
931,HPHPPPHHPHHHHHHHHPPHPHHHPHPHHH
932,HHHHHPHPHPHPHHHPHPHHHHPHHHPHHP
933,PHPHHHHHHHHPHHPPHPHHHPHPPHPPHH
934,HPPHPHHHHPPHPHHHPPPHHHHHHHPHHP
935,HHHPHHPPHPHHHHHHHHHHHHPPPPHPPH
936,HHPPHPPHHHHHHHPHHHHPHPHHHPHHHP
937,HPHHPPPHHHHHPPPHHHPPHPHHHHHHHH
938,PHPPHHHHPHPHHPHHHPHHHHHPHHHHHP
939,HHHPHPHPHHHPHPHHPHHHPPHHHPPHPH
940,PHPPHPHHHHHHHHHPHHHHPHHHPHPPHP
941,PHHPHHHHPHHHHPPHHHHPHPHHHPPHPH
942,HHPHHPHHHPHPHHHPHHHPHPHPHHHHPP
943,PPHHHHHPHHHHPHHHHPHHPHPHPPHPPH
944,HHHPPPHHHPPPHHPHHPHHHHPHHHHHHH
945,HHHHHPPHHHHPHPHHHHHPHPHPHPHHHP
946,HHPPHHHHPHHHHHPHHHPHPHPHHPHHPH
947,HPHHHHHHPHHPHHHPPHPPHHPHHPHHPP
948,HHHHHHHHHPHPHPPPHPPHHHHPHHHHPH
949,HHPPHPPHHHHHHHHHPHHHHHHPHPHPPH
950,HHHPHHHHHPPHHPHHPPHHHHPHHHHHPP
951,PPHHHHHHPHHHHHHHPPHPHHHPPPHPHP
952,HPPPPHPHHHPHHHPHHHHHPPHHPHHHHP
953,HHPHPHHPPHHHHHHPPHHHPHPHHHPHPP
954,HHHHPHHHHHHPHHHHHHPPPPHPHHPPHP
955,PHHHPPPPHHHHHHHPHHHPPHHPPHHHHH
956,PHHHHPHPPPHHPHPHHHPPHHHHPHHHHH
957,HPPHHHPHHHPPHPHHPPPPHHPHHHHHHH
958,HPHHHPPHHHHPHHHHPPHHHHHHHPHHPP
959,PHHHHPPHHHHHPHPPHHHHPHHPPPHHHP
960,PPPPHPPHHHPHHHPHHPHHHHHPHHHHPH
961,PHHHHHPHHPPHHHHHHPPHPPPHHHHPHP
962,PHPHHHHPHHHHHHPHHPPHPHHHHPHPHP
963,HHHPHPHPPHHHPPHHHPHPHHHHPHHHHP
964,HPHHHHPHHPPPPHHHHHHHPPHHPPPHHH
965,HHPHHHHHPHHHHPHHHPPHPHHHPHPPHH
966,HHPPHHHPHHPPHHHHHHHHHHHPHPPHHP
967,PPHPHHHHPHHHHPPHHHHHHHPHPPPPHH
968,PPHHHHPHHHPHHHHPPHHHHHPHPHHPHH
969,HHHPPHHHPHHPPPHHHHHPHPHHPHPHPH
970,HHHHPPHPHPHHHPHHHHHHHHHHPPHPHP
971,HPPHHHPPHHHPHPPHHHHHPHHHPPHHHH
972,HHHHHHHPHPHHPHPPHHPHHPHPPHHHHH
973,PHHHHHHHPHHHPPHHPHHPPHPHHHHHHP
974,HPHHHPHPHHHHPPHPHHHPPPHHHHHHPH
975,HHPPHHPHHPPHHPHHPHHHPHPHHPHHHH
976,HHPPHHHPHHPHHHHPHHHPPHHHPPPHHH
977,HHPHHPHHHHHHHPHHHPPPHPPHHHHPHH
978,PHHHHHHHPPPHPHHHPHPHPHHHHHPHPH
979,HPHHPHPHHHHHPHHPHPPHPHHPHHHPPH
980,HPHPHHPHPHHHHHHHHHHPHPPPHHHHPP
981,HHHHHHHHPPPPHPPHHHHPPHPPPHHHHH
982,HHPPHHHPHHHPHHPHPHPHHPPHHPPHHH
983,HPPHHPHHPHHPHHPHHHHHPHHHHHHPPH
984,HHHHHHPPHPHPHHPHHPPHHHHHHPHHPH
985,HPPHPHHHHPHPPHHHHHHHHHPHPPPHHP
986,HHHHHHHPHHHPPHHPHPHHPHHHHHPPPH
987,PPPHHHHPHHHHPHHHHPPHPHHHHHHHPH
988,HPPHHHHPHHHHHHPHHHHPHHHPPHPHHP
989,HHHHHHHPPPPHHHHPHHHPPHHHHHPPHH
990,HHHHPPPPHPHHHHHPHHPHHHHHHPHPHH
991,PPPHHHHHHHPPHHHPHHHPPPHHHHHPHH
992,PPHHHPHHHHPPHHHHPPPHHPHHHHHHPH
993,PHHHHPHHPHHPHPPHHHHHHHPHPHHPHH
994,HPHHPHHPPPHPPHHHPHHHPPHHHHHHHH
995,HHHHPHHPHHHHPPPPHHPPHHHHPHHPHP
996,HPHHHPHHHHPHHPPHHHPPHHHHHPPHHP
997,PHHHHHHHHPHPHHPPHHPPHHHHPHPHPH
998,PPPHHHHPHHHHHPHHPHHHHHHHHPPHHP
999,HHHHHHPHPPHHPPHPHHPHHPPHHHHHHH
