id,sequence
0,PHPPPPPPPPPPPPPPPHHHPPPPPHHHHP
1,PHPPPPPPHPHHPPPPPHPPPPPHPPPHPP
2,HPPPPPHHPPPPPPHPPPHPPPPPPHHPPH
3,PHPPPPPPPPHPHPPHPHHHPHPPHPPPPP
4,PHHHHHPPPPPPHPPPPHPPPPPPHPPPPP
5,HPHHPHPPPHPHPHPPPPPPPPPPPPPPHP
6,PPPPPPPHHPPPHPHPHPPPPHPHPPPPHP
7,PPPPHHPPPPHHPPHHPPPPPPHPPPPPPH
8,PHPPHPHPPPPPHPPPPHPPPHPPPPHPHH
9,HPPPPPPPHPPPHPHHPPPPHPPHPPPPPH
10,PHHPPHPPHHPPPHPPHPPHPPPPPPPPPP
11,PHPPPHPPHHPPPPHPPPPHPPPHHPPHPP
12,PPHPPPHPPPPPPPHPPPPPPPHHHPPPHP
13,PHPHPPPPPPPPPPPHPPPPHHHHPPPHPH
14,PPPPPPPPPPHPPHPPHHPPPPHPHPPHPP
15,PPPPPHPHPPPPPPPPPPHPHPPHPPPPHH
16,PHPPHPPHHHPPPHHPHPHPPPPPPPPPPP
17,PPHPPPHHPPPPHPHPPPPPPPPPHPHPHH
18,PHPPPPPHHHPPHPPPPPHPHPPPPHPPHP
19,PHPPPHHPPHPHPPPPPHPPPPPPPHPPHH
20,HPHPPHHPPHHPPHPPPPHPPPPPPPPPPP
21,HHHPHPPPPPPPHHPPPPPPPPPHPPPPPH
22,HPHPHHPHPPHPPPPPHHPPPPPPPPPPPP
23,HPPPPPPHPPPPPPHHPHPPPHPPPPPHPH
24,PPPPPPPHPPPHPHPHPPPHPPHPPPHHHP
25,PPHPPPPPPPPPHPPPPPHPHPPHPHPPHP
26,PPHHPPPPHPPPPPPPHHPPPPHPHPHHPP
27,PPHPPHHPPPPPPHHHPPHPPPPPHPHPPP
28,PHHPPHPPPPPPHPHHPPPPPHPPPPPPPH
29,PPHPPHHPPPHHPPPPPPHPPPPHPPPPPP
30,PPPHPPPHPPPPPPHPPHPPPPHHPPHPPP
31,HPPHPHPHPHPPPPHPPPPPHPPPPHHPPP
32,HPPPPHPPHHPHPPPPPPHPHPPHPPPPPP
33,PPHPHPPPPPPPPPHHHPHHPPPPPPPPPP
34,PHPPPHPPPPPPPHHPPPPPPPPHPHHPHP
35,HPPHHPPPPPHPPHHHPPPPPPPPHPPPPP
36,PPPPHPPPPPHHPPPPPHPHPPPPHPPPHP
37,HPPPPHPPPPPPPHPPPHPPHPHPPPHHPP
38,HPPPHPPPPHHPPPPPHPPPPPPPHHPPPP
39,PPPPHPHPPPPPPPHPPPHHHPHPPPPPPP
40,PPPPHPPPPPHHPPHPPPPPHPPPPHPHPP
41,PPPPPPPHPPHPPHPPHPHPPPPHPPPHPP
42,PPHPPPPPHPPPHPHPPPPPHPHPPPPPHP
43,PPPPPPHPPHPHHPPHPHHPPPPHPHPPPP
44,PPPPPPHPHHHPPPPPPPPHPPHPPHPHPH
45,PPHPPPPPPHHPPPPPHPPPHPHPPHPPPP
46,PPPHHPPPHPHHPPPHPPPPPPPPPPHPPP
47,PPHHPPPPHPPHHPPPHHPPPHPPPHPPPP
48,PHPPPPHHHPPHPPPPPPPPPHPHHHPPPP
49,HHHPPHHPPPPPPPPPHPPPPPPPPPPPHP
50,HPPHHPPPPHPHPPPPPHPPPHPPPPHHPP
51,PPHPPPPHPPPPPPPHHPPHHPPPPPPHPP
52,HPPPPPPPPPPPPPHPPPHPHPPHPHHPPP
53,HPHPHPPPPHPHPPPPHPPPHHPPPPPPPP
54,PPHPPPPPPHPHHPPPPHPHPPPPHHPPPH
55,HPPPPPPPPPPHPHPPPPHHHPPHPPPPHP
56,HHPPPPPPHHPHPPPHHPPPPPPHHPPPPP
57,PHHPPPHPPPPHPPPPPHPPPHHHHPPPPP
58,PHPHPHPHPHHPPPPPPHHPPPPPPPPPHP
59,PPPPPPPPPHPPHPHPHPHPPPPPHPPPHP
60,PPPHHHPPPPPPHHPPHPPPHPPPPPPPHP
61,PPPPPPHPHPHPHHPPHPHPPHHPPPPPPP
62,PPPPHPHHPHHHPPHPPPHHPPPPPPPPPP
63,PHPPPPHPPPHPPPPPPHPHPHHPHPPPPP
64,HPHPPHPPPHPPPPHPPHHPPPHHPPPPPP
65,HPPPPPPHPPPPPHPPPHPHPPPPPHHPPP
66,HHPPPPPPPPPPPPPHPPPPHPHPPPPHPH
67,PPHPHPPPPPPPPPHPHPPPPPHPPPHHHP
68,PPHHHPPPPPHPPPPPPPPPHHPPPHPHHP
69,PPPHHPHPPPPHPHPPHHPPPPPPHPPPPH
70,PHPPPPPPHPPPHPPHPPPPPPPHPPHHHP
71,PHPHPHPPPPPPPPPPPPHPHHPPPPHHPP
72,PPPHHHPPPPPPPPPPPPHHHPPHPPPPPH
73,PPHPPPHHPHPPHPPPPPHHPPPHPPPPPP
74,PHPHPHHPPPPPPPPPPHPHHPPPPPHPPH
75,PPPPPHHHHPHHPPPPPPPPPHPPPHPPPH
76,PPPPPPHHPHPPPPPPPPHPPPHHPHPHPP
77,PPHHPHPPHHPHPPPPPPHHPPPPPPPPPP
78,PHPPPPHPPHPPPPPPPHPPPPPHPHHPHH
79,PPPPHPPHPHHPPPPHPHPPHHPPHPPPPP
80,PHHPPPHPPPPPHHPPPPPPHPPPHPPPPH
81,HPHPPPHHPPPPPHPPPPPPHPHPPPPPPH
82,PHPHPHPHPPPPPPHPPHPPPPPHPPPPHH
83,PPPPPHHPPPPPHPPPPPPHHHPPPPPHHP
84,PPPHPPPHPHPPPPHPPPPPPHHPPPHPPP
85,HPPPPPPHPPPPPPPPPHPPPPPPPHHPHH
86,PHPPHPPHHPPPPPPPPPPPPPPPHHHPPP
87,PHPPHHPPPPPPPHPPPPPPPPPHPHPPHH
88,PPPHPPHHPPHPPPPPPPPHHPPPPPPHPH
89,HHPPPPPPPPHPPHHPPHPHPPHPPPPPPP
90,HHPPHHPPPPPPPHPPPHHPPPPPHPPPHP
91,PPPPHHPPHHPHPPPHPPPHPPHPPHPPPP
92,HPPPPPHPPPHHHHPHPHPPPPPPPPPPPP
93,PPHPPPHPPPPHPPPHPPPHHPPHPPPPPP
94,PPPHPPPPPHPPPPHPPHPPPPPHPHHHHP
95,PPPHPPPPHPPPPHPPPHPPHPPPPHHPPP
96,HPHPHHPHPHPPHHPPHPPPPPPPPPPPPP
97,PHPHHPHPHPPPPPPPPPHPPPPPPPPHPP
98,HPPPPPPPPPPHPPHPHPPPHPPPPHHHPP
99,PHHPPHPPPPHPPPPPPPPHPPPHPPHPPP
100,PPPPPHPPPPHHPPPHPHPPHHPPPPHHPP
101,PPPPHHPPPPPHPPPPPPPHHPHPPPPHPH
102,HPPHPHPPHPPPPHPPPPHPPPHPPPPPPP
103,PPPHPHHPPHHPPPPPPPPPHPHHPPPPPP
104,PPHPPHPHPPPPPPPPHPPPPPHPPPHPPH
105,PPPHHPHHHPHPPPHPPPPHPPPPPPPHPP
106,PPPHHPPPPPHPPPHPPPPPPPHHHHPPPP
107,PPPHHHPHPHPPPPPPPPPPPHPHHPHPPP
108,PHPPPPPHPPPHPHHPHHPPPPPPHPPPPH
109,PPPHHPPPPPPHPPPHPHHPPPPPPHPPPP
110,PHPPHPPHPPPHPPHHPPPHPPHHPPPPPP
111,PPHPPHPHPPPPHPPPPPHHPPPHPPPPPP
112,PPHPHPPPPPPHPHPPPPPPPHHPHPPPHP
113,PHPPPPHPPPHPPPPPHPPHPPPPPPHHPH
114,PHHPPPHPPPHPHPPPHHPPPPPPPPPPPP
115,PPHPPPHHPPPPHPPPPPPHHPPPHPPPHH
116,HPPPHHHPPPPPPPPPHHPHHPPPPPPPHP
117,PPPHPPPPHPPHPPHPPHPPHPHPHPHPPP
118,PPHPPHHPHPPPPPPPPPPHPPHPHPPPHH
119,PHHPPPPPPHHPHPPPPPPPPPPPPPPHPH
120,PPHHHHPPPPPPPPHPPPPPPPPPPHPPHP
121,PHPPPPHPPPPHPPPPHHPHPPHPPHHPPP
122,PPPPPPHPHPPPPPHPPPHPPHPHHPPPPH
123,PPPHHHPHPPPPHPPPPHPPHPPPPPPHPH
124,PPHHHPPPPPPPPHPHPPPPPPPHHHHPPP
125,HPPPPHPHPPHPPPPPPPHPHPHPHPPPPP
126,PHPHPPHPPHPPPHPPHPHPPPPPPHPPPH
127,PHPPPPPPPPPPPPPHPHHPPHPPPHHPHP
128,PPPHHPHPPPPPPPHPPPHPPPPPHPPHHP
129,PPHPPPPPPPPPPPPPHHPHPPPPPHHHHP
130,PPPPPPHHPPPPPHPPHHHPPPPPPPPPHP
131,PHHHPPHPHPPPPPHPPPPHPPPPHHPPPP
132,PHPHPPHHPPPPHPPPPHHPHPPPPPPPPH
133,HPPPPHHPPPPPPPPHPHPHPPPPPPPPPH
134,HHPPPPHHHPPPPPPPPPHHPPHPPPPPPP
135,PPPPPPPPPPPHHPHPHHPPHPPHPPPPPH
136,PPPPPPPPPHHPPPHPPPHPPPPHPHHPPP
137,PPPHHPPPHPHPHPPPHPHPHPPPPPPPPP
138,HHPPPPPPHHPPPPPPHPPHPPHPPHPPPH
139,PPPPHHPPPPPPPPPHPPHPPHPHHPPHPP
140,PPPHPHHHPPPPHPPPPHPPHPPHPPPHPP
141,HHPPPHHPPPPPPHPPPHHPPHPPPPPPPP
142,HPPHPHPPPPPHHPHPPPPPPPPPPHPPPP
143,PPPPPPPPPPHPPPPHPHHHPHPHPPPPHP
144,PPPPPPPHPHPPHPPPPHPPHPPPPHPPHP
145,PPPHHHPPPPPHPPHPHPPPHPPHPPPPPP
146,PPPPPPPPHPHPHPPPPPHPPHPHPPPPHP
147,PPPPPPHPPHPPPPPHPPPHPPHPHPHPPP
148,PPPPPHPHPHPPPPPPHPHPPPPHPPPHPP
149,HPPPPHHHHPPPHPPPPHHPPHPPPPPPPP
150,PPPPHHPPPPPPHPPPPHPPHHPPHPPHPP
151,HPPHPPHPPPPPHPPHPPPPPHHPPHHPPP
152,HPHPPHPPPPPPPHPPPHHPHPPPPPPPHH
153,HPPHPHPPPHPPPPHPHPHPHPPPPPHPPP
154,PPPPPHPHPPHPHPPHPPPPHHHPHPPPPP
155,HPHPHPPPPPHPHPPHHPPPPPPHHPPPPP
156,HPHHHPPPPPPPPHPPPPHPPPPHHPPPPH
157,HPPHHPPHPPPPPPPPPPHPPPPPHPHHPP
158,HPPPPHPPPPPPPPPHPPPHPHPPPHHPPP
159,PHPHPHPPPHPPHPPPHPHPPPPPHPPPPH
160,PPPPPPPPPHPPHHPPPPPHHPHPPHHPHP
161,PPHPHPHHHPPPPHPHPPPPHPPPPPPHPP
162,PPPHPPPPHPPHPPHPHHPPPPPPPHHPPP
163,HHPPHHPPHPPPHPPPPHPPPPPPPPPHHP
164,HPPPPPPPPHPPPPPPPHPHPHPHPHHPPP
165,PHPPPHHPPPPPPPHPHHHPHPPPPPHPPP
166,PPHPPPHPPPPHPPHHPPPHPPPHPHPPPP
167,HPPPPPHPPHPPPPHHHPHPPPPPPPPHHP
168,HPHPPPPHPPHHHPPPHPPPPPHPPPPPPH
169,PPPPPPHHPHPPPPPHPPPHPPPPPHPPHP
170,HPPPHPHPPHPPPPPHPPPHPPPPPPPPPH
171,PPPPHPHPHPPPHPHPPHPHPHPPPPPPHP
172,PPHPHPPPPPPHPPHPPPPPPPPPPPHPHH
173,HPPPPHPPPPPPPPPPHPPHPPPPHPHHPP
174,HPPPPPPPHPPPHPPPPHPHPPPHPPPHPH
175,PPHPPPPHPPHPPPHHHPPPPPHPPPPPHP
176,PPPPPPPPPHPHPHPPPPPPHHHPPPHHPP
177,HHPHPPHHPPPPPPPHPHPHPPPPPPHPPP
178,PPPPPPHPHPHPPPPPPHPHPPPPPPHHPP
179,PPPPPPPPPHPPPPHPHHPHPHPPPPPPPH
180,HPPPHPHHPPPPPPPPPPPPPPHHPPPHPP
181,PHHPPHHPPPHHPPPPPPPPPPHHPPHPPP
182,PPHPPHPHHHPPPPPPPHPPPPPPPPPHPP
183,PHPHHPPPPPPPPPPPPPPPHPHPHPPHPH
184,PHPPPPPPPPHHPHHPPPPPPPPHPPPHPH
185,PHPPPPPHPPPHPPPPPPPHPPPPHPPHPH
186,PPHPPHPPPHHHPHPPPHPPHPPPHPPPPP
187,PPPHHHPPHPPPPPPPPPHHPPPPPPPPPH
188,PPPPPHPPPHPPPHPPPPPPPHPHPHPPHP
189,PPPPHPPHPPPHPPPPPPHPPPHPPPHHHH
190,HHPPHPHPPPPPHPPPPPPHPHPPHPPPPH
191,PPPHPPPHPPPPHPPPPHPPHPPPHPHPPH
192,PPPPHHPPHPHPPPPHPPPPPPPPHPPPHP
193,PHPPPPPPPPPHHPPPHHPPPPHPHPPPPP
194,PPPPPPHPPPPPPPHHHHPHPPPPHPHPHP
195,PHHPPPHPPPPPPHPHPPPPPPPHPPPPPH
196,PPPPPPPPPHHPPHHHHPHHPPPPPPPPPP
197,PPHHPHPPPPPHHPPPPPPPPPHPPHHPPP
198,PPPPHPPPHHPPPPPPPPPPPHHPPPPPHH
199,PPHHPPPHPHPPHPPPPPHPHPPHPPPPPH
200,HPPPPHPPHHPPPPHPPPPHPPPPHPPHHP
201,PHPPPHPHHHPPPPPHPHPPPPPPPHPPPP
202,HPPPPPHPPHPHPHHPPPPPPPPPPPPPHP
203,PHPPPPPHPPPPPPPPHPPPPPHHHPHHPP
204,PPPPPPHPPPPHHPPPHPHPPHPPPHPPPP
205,HPHPPPPPPPPHPPPHPHHHPHPPPPPPPP
206,PHHPHHPHPPPPPPPPHPHPPPPHPPPPPP
207,HHHPPPHPPPPPPPPHHPPHHPPHPPPPPP
208,PPPPPHHPPPPPPPHPPPHPPPPHPHPPPH
209,HHPPHPPPPPHPPPPHPPHPPPPPHPPPHP
210,HPPPPPPPPPPHPPHPPHPPPHPHPPPHHP
211,PPPHPPHHHPPPPPHPHPPPPPPPPPPPHH
212,PPPPPHPHPPPHPPPHPPHPPPPHPPHPPH
213,PHPPPPPPPHPPPPPPPHHPPPPPPHPHPH
214,PHPHPPPPPPPPPPHPPHPPHHPHPPPHPP
215,PPPPPHPPPHPPPHHHPPHPHPPPHPHPPP
216,PHPPPHHPPPHPHPHPPPPPPPPPHHPPPH
217,PHHPPHHPHPPPPHPPPPPPPPHPPPPHPP
218,PPPPHPPPHPPPPPPHPPHHHPPPPPPHPP
219,PHPPPPPPPHHPPPPHPPHHPPPPHPPPHP
220,HPPPPPPPPHHPPPPPPHHPPHPPPPPPHP
221,HPHPPHHPPPPPHPHHPPPPHPPPPPPPPP
222,HPHHHHPPPPPPPPPPPHHPPPPPPPHPHP
223,PPHPHPPPPHHHPPHPPPPPPPPPPPPPHP
224,HHPPPPPPPPPPHPPPPHPPPHHHPPHHPP
225,PPPPPHPPPPPPHPHPHPPPPPPHHPPPHP
226,PPHHPHPPHPPPPPHPHPPPPPPHPPPPHP
227,PPPHHHPPPPHPPPPPPPPHPHPPPPHPPP
228,PPPHHPHHHPPPPPPHPPPPPPPPPPPHPP
229,PPPPPHPPHPPPPPHHHPPPPPHPPHPPPP
230,PHPHPHHHPPPPPPPPPPHPPHPPPPPPPP
231,PPPPPPPHPHHHHHPPPPHPHPPPHPPPPP
232,PPHPPHPPHPHPPPPPPHHHPPPPPPPPPH
233,PPPPPHPPHPPPHHPPHPPHPPPPPPHHPP
234,PHPPPPPPPPPPPPHPPPPPHPHHPHHPPH
235,HPPPPPPPPPPHPPHHPPPPPHHPHHHPPP
236,PPHPPPHPPPPPHPHPPPPPPHPPPPHPHH
237,PPPHPPHHPPPPHHPPHHPPPPPPPPPPPP
238,PPPPPHHPHHHPPPHPPPPPPPHPHPHPPP
239,PPPPPHPHPPPPHPPPPPHHPPPHPPHHHP
240,HPPPPPPPPPHPPHPPPPHPHPPPPHHPPP
241,PPPHHHHPPPPPPHPPPPPHPPPPHPHPPH
242,PPPPPHPPPPHPHHPHPPHHPPPPPPHPPP
243,PHPPPPPHHPPPHPHHPHPPPHPPPPPPHP
244,PHPHPHHHPPHPPHPHPPPHPPPPPPPPPP
245,PPPPHPPPHPPPPPPPPHPHPHHPPHPPPH
246,PPPPPPPPHHPPPPHHHPPPHPPPPPPHPH
247,PHPHPHPPPPHHPHPPPPHPPPPPHPPPPP
248,PHHHPPPPPHPPPHHPPPPPPPPPHPHPPP
249,HHHHPPPHPPPPPPPPHPPPPPPPHPPPHP
250,PPHPHHPPPPPPPPHPPPPPPPPPPPHHHP
251,HHPHPPPHPHPHPPPHPPPPPPPPPHPHPP
252,PHPHPHPHPPPPPPPPPPPPPPHPPPPHHH
253,PHPPPHPPPPHPPPHPPPPPHHHPPPHPPP
254,PPPPPHPPHPHPPPPHHPHPPPHPPPHHPP
255,HPHPPPPPPPPPPHHPHPPPPPHPHPHPHP
256,PPPHPHPHPPPPPPPPHHHPPPPPHPHHPP
257,PPPPPHPPPHHHPPHPPHPHPHPPPPPPPP
258,HPPPPPHPPPHPPPPHPPPPPHPHPPPHHP
259,PPHHPPPPHHPPPPPPPPPHHPHPPPHHPP
260,HHHPHPPPPPPHPPPHPPPPPHPPPPHPPH
261,PHPPHHPPPHPPPPPPPHHPPHPPHPPPPP
262,HPPHPPPPPPPPPHPPHPPHPPHHHPPPPP
263,PPPPHPPPHPHHHPPPPPPHPHPHPPPPHP
264,PPPPPPPPPHPPHPPPPHHHPPPHPPPPHP
265,PHPPPPPPPHHHPHPPHPPHPPHPPPPPHP
266,PPPPPPPPPPHPPPPPHPPHHPPPHPHHPH
267,PPPPHPPHPPPPPPHHHPPPHPPHHPPPHP
268,PPPPPPPHPPPPPHPHPPPPPHHHPPPHPP
269,PHPPPPPPPPHPPHPPPPPPPHPHPPPHHP
270,HHPPHPPPPHPPPPPHPPPPPPPHPPHPPP
271,PPPHPPPPHPPPPHPHPPPPPHPHHPPPPP
272,PHPPPPHPPHHHPPPPPPPHHPPPPPHHPP
273,PHPPPHPPPPPHPHHPPPPPHPPPPHHPHP
274,PHPPPPPPPPPPHHPPPPPHHPPPPHPHHP
275,PPHPPPHHPHPPPHPPPPPPPHPPHPPPHP
276,HPPHPPPPHPHHPPPPPPPHPHHPPPHPPP
277,HHPPPPPHPPPHPPPHPHPPPPPPPHPPPH
278,HPPPHPPPPPPPPPHHPHHPPPPHPPPHPP
279,HPHPPPPPHPPPPPPPHPHPHPPPPPPHPH
280,HPPPPPPHPPPHPHHHHPPPPHHPPPPPPP
281,PPPPPPPHHPPPPPHHPHPHPHPPPPPPHP
282,PPPHHPHHPPPPPPHPPPHPPPPPPHPHHP
283,PPPPPPPPPPPHPPHHHHPPPHPPHPHHPP
284,PPPPPHPHHHPPHHHPPHPHPPPPPPPPPP
285,HPPPPPPPPHHHPPPPPPHPPPPPHPPPHP
286,PPPPPPHPHPHPPHHHPPPPPPPHHPHPPP
287,PPPPPPPHPHHPHPPPHPPHPPPPPPPHPP
288,PPPHPPPHPHPHPPPPPHPPHPPPHPHHPP
289,PPPHPPPHPPPPPPHPPHPPPPHPPPPHPH
290,PPPHHPPPPHPPPPPPPHPPPHPHPPPHHH
291,PPPPHPPHPPPPPPPHPPHHPPPHHHHPPP
292,PPPPPHHHPPPHPPHHPPPPPHPPPPHHPP
293,PPPPPPPPPPPPPPPPHPHPHPPPHHHHPH
294,HPPPPPPPHPHHHPHPPPPPPHPPPPPPHH
295,PHPPPPPPPHHHPHPPPPPHHHPPPPPHPP
296,PPPPPPPPHHHPPPPPPPPPHPPPHPPHPH
297,PHPHPPPHPPHPPPPPHPPPPPHPPPHHPP
298,HHPPHPPPPPHHHPPPPPPPHHPPPPPHPP
299,PPPPPPHHPPHPPHPHPPPPHHPHPHPPPP
300,PPPPPHPPPPPPPPPHPPHHPHPPHHHPPP
301,HPHPPHPPHPPPHPPPHPPHPPPPPHHPPP
302,PPPPPHHPPHHPPPPPPPPPPPHPPHPPPH
303,PPPPPPHPHPPPPPPPHPHHHPHPPPPPPP
304,HPPPPPPHPPPHHHPHHPPPPPPPPHPPPH
305,HPPPPPHPPPHPPPPPPPPHPHHPHPPHPH
306,PPHPPPHHPHPPPHHHPPPPPPPPPPHHPP
307,PHPPPPPPPPPPPHPHPPPPHPHPPHHHPP
308,PPPPPHPHPHPPPPHPPPHPPHPPHPPPHH
309,PPHHPPPPPPPPHPPPPPPPPPHHPHPHPP
310,PHHHPPHPPHPPPPPPPPPHHPPPPHPPHP
311,PHHHPPPPPPPHPPPPPPPPPHPHHPPPHH
312,PHPPPHPPPPPPPHPPPPPPPPPPHPHHHP
313,HHPPPHPPPPHPPPPPHPPHPPPPPPPHPP
314,PHHPPHPPPPPPPPHPPPHHPPPHPPHPHP
315,PHPPPHPPPHPHHPHPPPPPPHPPHPHPPP
316,PPPHPHPPHHPPHHPPPHPPPPPPPPPHPH
317,PPHPHPPPPHPPPPPPPPPPHHPPHHPPHP
318,PPHPPHHPPPPPPHPPHPPPPHHPPPPPHP
319,PPPPPHPHPPHHPPPHHPPPHPPPHPPPHP
320,HPPHPHHPPPPHPPPPPPPPPHPHPPHHPP
321,PPPPPPHPPPHPPPPPPPPHHPPHPPPHHH
322,PHPPHPPHPHPPPPHPPPPHHPPPPPPHPH
323,PHPPPPHPPPPPPPPPPPHPHHHHPHPPPH
324,HPPPPPPHHPPPPPPPPHPPPPHHPPPPPH
325,HHPPPPHPPHPPPHPHPPPPPPPPPHHPPP
326,HPHPHPPHPPPPPPHPPPHPHPPHPPPPPH
327,PPPPPHPPHPHPHPHPPPPPHHPPHPPPPP
328,PPPHHHPHPPPPPHPPPPPPHPPPPPPPPH
329,PPHHPPPPPHPHPPPPPPPHPHPPHPHPPH
330,PPPPPPHPPPPPPHHPHHPPPPHHPPPPPP
331,HPPPPHPHPPHPHPPPPPPPPHHPPHPPPP
332,PPPPPPPPPHHPHPPHPHPPPPHPHPPPPP
333,PPHHPPHPHPPHPPPHHPPPPPHHPPPPPP
334,PPPHHPHPPPPPPHHPPPHPPPPPHPHPHP
335,HPPPPPHPPHHPPHPPPHPPPPPPPPPPHP
336,PPPPHPPPPPPHPPPPPHHHHPHPPHPPPH
337,PPPPPHHHHPHPPPPPHPPPPPHPPHPPPP
338,HHPHPPPPPPPPPHPPHPPHHHPPPPPPHP
339,HPPHPPPHPPPPPHHPHHPPHPPPPPPPPH
340,HPHPPPPHPHHPPPPPPPPHPPPPPPHPPP
341,PHPPPPPPPHPPPHPPPHPPHPPPPPHPPH
342,PHHPPPPPPHPPHPPPPPPPHPPHPPPHPP
343,PPPPPPHHPPPPPPPHPPPHPHHPPPHPPH
344,PPHPHHPPPPPPPPHPPPPPHHHPPPPPPH
345,PHPPHPPPPPPPPHPHPPHHPPHPPPHPPH
346,PPPPPPPPPPHPPPPPPPHPPHPHPHHPHH
347,HPHPPPHPPHPPPPPPPPPHPPPPPHPPHP
348,PPHPHHPPHPPPPPHPHHPHPPPPPPHPPP
349,PPPPHPHPPPHPPHPPHPPPPPPPHPHPPH
350,PPHPPPHHHPPPPPPHPHHPHHPPPPPPPP
351,HPPHPPPPPPHPPPPHHPPPHPPHHPPPPP
352,PPPPPPPPPPHPPPPPPPPHHPPHHHHPPP
353,PPHPHHPPPPHPPHPHHPPHPPPPHPPPPP
354,HPHPPPPPPPPPPPPPPPPHPPHHHPPHHP
355,HHHPHPPPPPHPPPPPPPPPPHPPPPHHHP
356,PPPPPPPHHPHPPPHPPPHPPPPHPPPHPP
357,PPPPPHHPPPPPHPHHPHPPPPPHPHPPHP
358,PPPPPPHHPPPPHPPPPHPPHHHPPHPPPH
359,PPPPHPHPPPHHPPPPPHPPHPHPHPPHPP
360,PPHPPPPPPPPPHHPPPHPPPHPHPPPHPP
361,PPPPPHPHHPPHPPHPPPPPPHHPPPHHPP
362,HPPPHPPHPPHPPPPPPPPHHPPPPHPHPP
363,HPPHHPPPPHPPHPPPPPPHPPPPPPPHPP
364,PPHHPPPHPHPPPHPPPHPHHPPPPPPHPP
365,HHHPPPHPPPPPPPPPHPPPPPPPPHPPHP
366,PPPPPHHPPPPHHPPPHPPPPHHPPHPPHP
367,HPPPPPPHPHPPHPPPHPHPPPPPPHPPHP
368,HPHPPPPPPPHPHPPHHPPPPPPPHPPPHP
369,HPPPHPHPPPHHHPHPPPPHHPPPPPPPPP
370,PPPHPPPPPPPPPPPPHPHPPPHHPHHPPH
371,PPHPHHPHPHPPHPHPPPPPHPPPHPPPPP
372,PPPPPPHPPPPHPPHPPPHPPPHPHPPPHP
373,PPPPPPHHPPHPPPPHPPPPPPPPPHHHPP
374,PHPPPPHPHPPPPPPPHHPPPHPPPHPPPH
375,HPPPPPHPPHPPPPPHPPPPPHHPPPPHPP
376,HPHHHPPPPPPPPPPHPPPHPHPPPPHPPH
377,HPPPHPPPHPHHPHPHPPPPPPPPPPHPPP
378,HHPPPPHPPPPPPHHPHPPPPPPHPPPPPP
379,HPPPPPPPPHHPPHPHPPPHPPPHPHHPPP
380,PPPPPPPHPPPPPHPPPHPPHPHPHPPPHP
381,HPPPPPPHHPPPPPPPPHPPPHPHHHPPPP
382,PPPHPPPPPHPPPHPHPHPPHPPPHPPPPP
383,PPPPPPPPPHHHHPPPPPHPHPPHPPPPPP
384,HPPHPHPHPPHPHPPPHPPHPHPPPPPPPP
385,PPPPHPPPHPPPPPHHHPPHPPPPHHHPPP
386,HPPPPPHPPPPPHPHPPHPPPPPPHHPPHP
387,HPPPPPPPPPHPPHPPHPPHPHPHPPHPHP
388,HPPPPPPHHPPPPPPHPPPHPPHPHPHPHP
389,PHPPPPPPPHPHPPPHHPPPPHPHHPPPPP
390,PPPHPPHHPPPPPPHPHPPHPPPHHPHPPP
391,HPHPPPPPPPPPPHPHPPPHHPPPPHPPPP
392,PHPHHPPPPPPPPHPPPPPHHPPPHPPPHH
393,PPHPPPPHPPPHPPPHPPPHHPPPPPPHPH
394,PPPPPHPPPPHPPHPPPPHPPHHPPPPPHP
395,PHPPHHPHHPHPPPPPPPPPPPPPPPHPPP
396,PPPPPPPPPPPPHHPPHHPPPHPHPPPHPP
397,PPPPPPPPPPPHPHHHHPPPPPPHPHPPPP
398,PPPPPHHHHHPPPPHPPPPPPHPPHPPPPP
399,PPHPPHPPPPPHPPPPHHPHPPPPPHPPPP
400,HPPPPHPHPHPPPPPPPPHPPPPPHPPPHP
401,PPPPPHHPPHPPPPPHHPPPHPPPHPPPPH
402,PPHPPHPPPHPPPPHPPPHPPPPPPHHPHH
403,PHPHPPHPHPHPHPHPPPPPPPPPPPPPPP
404,PPHPPPHHHPPHHPPHPHPPPPPPPPHPPP
405,PPPPHHHPPPPHPPPPHPHHPPPPPPPHHP
406,PPHPPPPPPHHPPHPPPPPPPHPPHPPPPH
407,HHHHHPHPPPPPPHPPPPPPPPPPHPHPPP
408,PPPPHPPPPHPPHPPPHPPHPPPPHPPPHP
409,PHPPPPHHPHPPPPHPPPPHHPPHPPPPPP
410,HPPHHPPPHPPPPHPHPPPPPPPHPPPHPP
411,PPPPHPHHHPPHHPPPPPPPPPPPHPHPPP
412,PPPPPHPHPPPPPHPPPPPHPPPPPPHHPH
413,HPHHPHPPPPPPPPPHPPPHPPPPPPPPHP
414,PPPHHPHPHPPPPHPPHPPPPPPHPPPHPH
415,PPPPPHPHPPHHPPPPPPPPPPPHPPHPPH
416,HHPPPPPHPPHPPPHPHPPPPHPPHPPPPP
417,PPPPPPPPPPHHPPHPPPPHPHHPPPHPHP
418,PHHPPPHPPPPHPPHHPHPPPPHPPPPPPP
419,PPPHHPHPPPHHPPPPPPPHHPPPPPPPPP
420,PPHHPPPPHHHPHPPPHPPHPPPHPPPPPP
421,PPPHPPPPPPPHHPHPHPPPPPHPHPPPPP
422,PHPPHPPPPPPHHHPPPHPHPHPPHPPPPP
423,PPHHPHPPPHPPPPHPPPPPPHPHPHPPPP
424,PHPPPPPPHPPHPPPPPPHHPHHPPPPPPH
425,PPPPPPPPPHHPPPPPPPPHPHPPHHPPHH
426,PHHPPPPPPPHPPPPPPPHPHPPPHHHPPH
427,PPPPHPPPPHPPPPPPHHHPHPPHHPPPHP
428,PHPPHHHPPPPPHPPPPPPPPHHPPHPPPH
429,PHPHPPPPPHPPHPPHPPHPPPPPHPHPPH
430,PHPPPPPPHHPPHPHPPPPPHPPPPPPPPH
431,HHPHPPHPPPPPPPPPPHHPPPPPPPPPHP
432,PPPHPPPPHHPPHHHPPPPPPPHPPHPPPH
433,PPPPHPPPHPPPHPPHHPPHPHPPPHHPPP
434,PPPHPHPPPHPPPHPPPPHHPPHPPPPPPH
435,HPHHPPPHPPPHPPPPHPPPPPPPHHPPPP
436,HPPPHPPPHPPPHPPPPPHPHPHPPPHPHP
437,PPPPHPPPPPPHPPHHPPPPPPPPPPHHHP
438,HPHPPPPPPPPPPPHHPPPPPPPPHPPHPH
439,PPPPPPHHPPHPPPPHPHHPPPPPPHHPPP
440,PHPHPHPPPPPPHPPPHPPHPHHPPPPPPP
441,PHPPHPPPPPPPPHHPHPHPPPHPHPPPPP
442,HHPPPPPHPPHPHPPPHPPPPHPPPPPHPH
443,HPPPPPPPPHPHPPPPHPPPPHPPPPHPPH
444,PPPPPHPHPHPPPPPHHPPPPPPHPPHHPH
445,HPPHPPPPPHHPPHPPPPPPHPPPHHPPPP
446,PPPPPPPPPHHPHPPPHHPHHPPPPHPPPP
447,PPPPPHPPPHPPPHPPHPPPPHPPHPPHPH
448,PPPPPPPHPPPPHPPHPPPPPHHHPPHPPP
449,PHPPPPPHHPHPHPPHHPPPPPPPPPPHPH
450,PPHHHPPPPPHPPPHHPPHPPPPPPPPPPP
451,PPPPPPHPPPHHPPPPPPPPPHHPHPPPPH
452,PPPPPPHHPPPHPPPPHPPHHPPPPHPPPP
453,PHPPPPPHPPPHPPHHPPPPPHPPPPHPPH
454,PPPPPHPHPPPPPPPPHPHHHHPPPPHHPP
455,HPHHPPPPHPHPHPPPPPPPHHPPPPPPPH
456,HPPPPPHPPPPPPPHPPPHPPPPPPHPHPH
457,PPPPHHPPPHPHPPPPPPPPPHPPHPPPHH
458,PPPPHPPHPPPPPPPPPPHPPPHHHHHPHP
459,PHHPPPPPPPPPHHPPPPPPPPHPHPHPPP
460,PPPHPHHHPPPHPPHPHPPPPPPPPPPPPP
461,PPHHPPHPPHPPPHPHPPPPPPPPPPHPPP
462,PPHHPPPHPPPPPPPHHPPPPHPPPPPPHP
463,PPHPPPPHPPPHPPPPHHPHPPHHPHPPPP
464,PHHHHPPHPPHPPPPPPPPPHPPPHPPPPP
465,PHHPPHPPPHPHPPPPPPPHHPHPPPPPHP
466,PPPPPPPPPPHPPHPHHHHHPPPHPPHPPP
467,PPPHPPHPPPHPPPPPPPHPHPPPPPPHHP
468,PPPPHPPHHPPPPPHPPPPHPPHPHPPPHP
469,PPHHPPHPPPPHPPPPPHHHPHPPHPPPPP
470,PHPHPPPHPPHHHHPPPPPPPPPHPPHPPP
471,PPPPPPPHPPPPPHPHPPPPHHPPHHPHHP
472,PHHHPPHPHPPPPPPHPPHPPPPPPPPPPP
473,PPHPHPHPHPPPPPPPPHPPPPPPHPPHPP
474,HPHHPPHPPPPPHPPPPHPPPPPHHPHPPP
475,PPHHPPPPHPHPPPPHPPPPPPPPPPHPHP
476,PHPPHPPPPPPPPPHPPHPPPPPPPPHHPH
477,HPPPPPPPPPHPHPHPPPPHPPPPHPPHPH
478,PPPPPHPPHHPPPHHHPPPHPPHPPPPPHP
479,HPPPPPPPHHPPHPPPPPPPPPPPPHPHPH
480,PPPPPPHHPPPHHPPPHPPPPPHPHPPPPP
481,HPPHPPHPHPPPPPHHPPPPPPPPHPPHPP
482,HPPPPPPPPPPPPPPPHHPHPPPPHPPPHH
483,PHPPPPHPPPHPPHHHPPPPPHPPPPPPPP
484,HPPPPPPHPPPPPHHPHPPHHHPPPPPPHP
485,PPPPPPPPPHPPHPHPHPPHHPPPPPHHHP
486,PPPHHPPHPPPHPHPPPPPPHHHPPPPPPP
487,HPPPHPHPPPPPPPPHPPHPPPPHPHPHPP
488,HPPHPHPPHPPPPPHPPPPHPPPPPPPHHP
489,HHHPPPPPPPPPPPPPPPPHPPPHPHPHPP
490,HHPPHHPPPPPHPPPPPHPPPPHHPPPHPP
491,PPHPHPPHPPHPPPPPPHPPPHPPHPPPPP
492,PPHPPHHHPPPPPHPPPPPPPHPHPPPHPP
493,PPPPPHPPHPPHHPHPPPPHPHPHHPPPPP
494,PHPPHPPPPHPHPPPHPHHPPPPPHPPPPH
495,PPHPPPPPHPPPPHHHPHHPPPPPPPHHPP
496,HPHPPPHPHPPPPHPHPPPPHPPPHHPPPP
497,PPPPPHPPPPPPPPPHPPHHPPPHPPPHHH
498,PPPPPHPPPPPPPHPPPHHPPPHHPHPPPH
499,PPPPHPPHPPPHHPPPHPPPPPPHHPPHPP
500,PPPPPPPHPPPPHHPPPPPHPHPHPPPHPP
501,PPHHPPHPPHPHPPPPPHHPHPPPPPPHPP
502,PPPPPHPPHPHPHPPPHPPPPPHPPPHPPP
503,HPPPPHPPPPPHHHHPPPPPPPPPPHPPPP
504,PPPPPPPPPPPPHPPPHPPPHPPHPPHHHP
505,HPPPHPHPPPHPPPPPPPHHHPPPHPPPHP
506,PPPPPPPHHPHPPPPPPHHHHPPPHHPPPP
507,PPPPPPPHPHPHPPHPPHPPPHPHPPPHPP
508,PPPHPHPPPPHPPHPHPPHPHPPPPHPPPH
509,PPPHHPHPHPPPPPHPPPPPPPHPPHPHPP
510,PPPHPPHPPPHPPPHPPPPPPPPHPPPPHH
511,PPPPPPHPPHPHPPPPPHHHPPPHHPHPPP
512,HPPPHPPHPPPPPHPHPPHPPPPHHPPPPP
513,PPPPPHPPPPPPHHPHHPPHPHPPPHPPPP
514,PPPPPHPHPHPPHPPPPPPPHPPPPPHHPP
515,PPPPPPPPPHPHPHPPHPHHPPPHPPHHPP
516,PPPHPHPPPHPPPPHHPPHPPHPPPPPPPP
517,PHPPPPPPHPHHPPPHPPPHPPPPHPPPPP
518,PHPPPPPPPHHPPPPPHPPHPPHHHHPPPP
519,PHPHPPHPPPHPPPPPPHPPHHPPPPPHHP
520,PPHPPPPPHHPPHPPHPPPPPPPHPPHPPH
521,PPPPPHPPPPPHHPPPHHPPHPHHPPHPPP
522,PHPPPHPPPPPHPPPPHPHPPPPHHHPHPP
523,PPPHPPPPPHPHPPHPPPHHPPPPHHHPPP
524,PPPHPHPHHPPHPPPPPPHHHPPPPPPPHP
525,PPPPPPHHPPPPPHHPPPPPHPPPHPPHPP
526,PHPPPHHPPPPHPPPHHPPHHPPPPPHPPP
527,HPPPPPPHPPPPPPHPPPPPPHHHHPPPPP
528,HPPHPPPPPPPHPPHPHPPPPPHHPPPPPP
529,PPPPPHPPPPPPPHPHPPHHPPPPPHHPPP
530,HPPPHPPPHPHPHPPHPPPHPPPPPHPPPH
531,PHHPPPPHPPPPPHHHPHPPPPPPPPPPPP
532,PPPPHPPHHPHPPPPPHPPPPPPPHHHPPH
533,PHPHPPPHPPPHPPPPHPPPPPPPHPPPPH
534,HPPPPPPPHPPPHPHPPPHPPHPPHPPHHP
535,PPPPPPPHHPPHPHPPPPPPHPHPPPHPPH
536,PPPPHHPPPPPHHPPPPPPPPHPPPHPHHP
537,PPPHPPPHPHPPPPPPPPHPPPPHHHPPPP
538,PHPPHHHPPPPHPPPPPPPHPHHPPPPPHP
539,PPPPHPHPHPPHHHPPPPHHPPPPPPHPPP
540,PHHPPPPHHPPPPPPPPPPPPPHPHPPPHP
541,PPPHPHPHPPPPPPPPPHPHPHPPHPPPHP
542,PPPPPPPPPPPPPHHPPHHHPHPHHHPPPP
543,PPPPPPPPPPPPHHHPPPPPHHHPHPPHPH
544,PPPPPPHHPHPPPPHPHPPPPPHPPPHPPP
545,PHPPPHPPPPHPHPHPPPHPPPPPPHPPPP
546,HPPHHHPPPHPPHPPPPPPPPPPPHHPPPP
547,PPPHPHPPPHPHPPPHPPHPPHPPHPPPPP
548,PPPPPPPHPPPPPPPPPPPHHPHHPHHPPP
549,HPPHPPPHHPPHPPPPPPPHPPPPPHHPPH
550,PPPPPPHPPPPHPPPHPPPPHHHPPPPPHH
551,PHPHPPPPPPHPPHPHPPPPPPHPPHHPPP
552,PHPHPPPPHPPPPHHPHPPHPHPPPPPPPP
553,PHHPPPPPPPPPPPPPPHPPHPPPHPPHPH
554,PPPHPPPPPPPPHPPPPPPPPPHPHPHHHP
555,PPHPPPPPPPPPPPPHPPPPHPHPHPHPHP
556,PPHPPHPPPPHHPPPPPPPPHPHPPPPPPH
557,PPHPPPPHPPPHPPPHHPPPHPPPHPPPPP
558,HHPHPPHPHPPPPPHPPPPPPHPHPPPPPP
559,PPPPHPPPPPPPPHHPPHHPPPPHPHHPPH
560,HPPPPPPPPPHHHHHHPPHPPPPPPPPHPP
561,PPPHPPPHPPPPPPHPHPPPPPPPPPHHHH
562,HPPPPHHPHHHPPPPPPPHPPPPPPPPPHH
563,PPPPPPPPPHHHPPHPPPHHPPHPPPPPPP
564,HPPHPHPPPPPPHPPPHPPPPHPPPPPHPH
565,PHHPPPPPPPPPPHHHHPPPPHPHHPPPPP
566,PPPPHHPHHPHPHPHPPPPPPPPHPPPHPP
567,HPPPPHPPHPHPPPPPHHPPPHPPHPHPPP
568,PPPHPPHPHPPPPPHHPPPPPHPPPPPPPH
569,PHPPHPPPPPPPPPPPHPPPPPHPPPHPHH
570,PHPPPPHPPPPHPPHPPPPPPPPPPPHHHH
571,HPPPHPPHPPPPPPPPHPPPHPPHHPHPPP
572,PPPPPPPPHPPPPPPPPPHPPHHHPPPPHH
573,PPPHPHPPHHPHPHPPPPPHPPPHPPPHPP
574,PPPHPPPHHPPPHPPPPPPPPPPPPHHPHH
575,PPPPPPPPHPPHPPPHPPPPPPPHPHHHHH
576,PHPHPPPPPHHHPPHPHPHPPPPHPPPPPP
577,PHPHPPPHPPPPPPHPPPPPPPHHPPPHPH
578,HPPHHPPHPPPPPPPHPHPPPPPHPPPHPH
579,HPPPHPHPPHPPHPPPPPPHPPHPPPPHPP
580,PPHHPPHPPHPPPPPPPHHPPPPHPPPHPH
581,PPHPHHPPHPPPHPPHHPPPHHPPPPPPPP
582,PHPPPHPHPPPPPHPPPPPHPPHPPHPHPP
583,PPPHHPHHPHHPPPPPPPPPPPPPPPPHHP
584,PPPPPPPPPHPPPPPPPHPHHPPPPHHPPH
585,PHPPHPPHPPPPPPPHPHPPPPHPPHPHPP
586,PPPPPPPPHHHPPPPPPHHPPHPPHPPPPP
587,PPHPHPPPHPPPHPHPHPPPPPPPPPHPPH
588,PPHHPPPPPPHPPPPPPPPPHHPPHPPPPH
589,PPPPPHPPPPPHPPPHHHHPHPHPHPPPPP
590,PPPPHHPHHPPPPPPPHPPPHHPPPPPPPP
591,PPHPPPPPPPHPHPPPPPHPPPPHPPHPHP
592,PPHPPPHPHPPHHPPPHPPPPPPHPHPPPP
593,PPPPPHPHPPPPPPPPHPPHHHPHPHPPPP
594,PPPPPPPHPPPPPPPPHPHPPHHPPHPPHP
595,PPPPPPPPPPPHHPPPPPPHPPPHHPPPHH
596,PPPPPPHHPPPHHHPPPPPPPPHPPPHPHP
597,PHPPHPPPHPPHPPPPPPHHPPHPPPPHPP
598,PHPPHPHPPPHHPPPPPHPHPPPHPPPHPP
599,HPPHPPHPPPPPHPPPHHPPHPPPPPHPPP
600,HPHPHPPPPPPPHPHHPPPPHPPPPPPPHP
601,HPPHPPHPPPPPPPPPHHHPPPPPHPHPPH
602,PPPPHPPPPPPHPHPPHHPPPPPHHPPHPH
603,PHPHPPHPPPPPPHPPPPPHPPPHHPPPPP
604,PPPPPPPHPPPHPHPHHPPPHPHHHPPPPP
605,PPPPPHHPPHPHPPPHPPPHPPHPHPPHPP
606,PHPPPHPPHHHPPPPPPPPHPHPPPPPPPP
607,PPPPPHPPHHPHPPPHPPPPHPPPPPHPHP
608,PHPHPPPHPPHPPPPPHHPPPHPPPPPHPP
609,PPPPPPPPHPHPPHPHPPPPPPPPHHPHHP
610,PPPPHPHPPPPPHHPPPHPPPPPPHPHHHP
611,PPHPPPPPPPPPPPPPPPHHHPPHPHPHHH
612,PPPPPPPPHHPHHPPPHPHPHPPPPPPPPP
613,PHPPHPHPPPPPPHHHPPPPPPPPHPPHPP
614,HPPPPPPHHPPPPHPPPPHPPHHHPPPHPP
615,PPHHHHPPPPPHPPPPPHPPPPPPPHHPHP
616,PPHPHHHHPPHPHHHPPPPPPPPPPPPPPP
617,PPPPPPPPPPPHPPPPPPPPHPPPHHHHPH
618,PPPPPHHPPHPPPPHPPHPPPHPHHPPPPP
619,HHPPHPPPPPPPPHHPPPPPPHHPHPHPPP
620,PHPPPPHPPPHPPPPPHPHPPPPHHPHPPP
621,PPPPPPHPPPPPHPHPHHHPHPPPHPPPPP
622,PHPPPHHHPPPPPPPPPHHPPPPPPPPHHP
623,PHHPPPHPPHHPPPPPPPPPPPPHPPHPPP
624,PPHPHPHPHPHPPHPPPPPPPHPPHPHPPP
625,PPPPPPPPPPPHPPPHPHHPHPPHPPPHPP
626,PPHHPHHPPHPPPPPPPPHPHPHPPPPHPP
627,HPPPHPPHPPPPPPPPHHPHPPPPPHPPPP
628,PHPHPHPPPPPPPHPPHPPPPPPPHPHHPP
629,HPPHPPPHHHPPPPPHHPPPPPPPHHPPPP
630,HPHPHPPPPPHPPPPHPPPPPHPPHPPHPP
631,HPPHPHHHHPPPPPPHPPPPPPHPPPPPHP
632,PHPPPPPPHPPHPPPPHHPPPPPHHPHHPP
633,PPHPPPHHHPPHHPPHPPPPPHPPPPPPHP
634,PPPPPPPHPHPPPPHPPPPPHPPHPHPPHH
635,PHPPPPPPPHPPHPPHHPHPPPPPHHPPPP
636,HPPPPPPPPPPPPHPPPHPHPPPHHPPPHP
637,PPPPPHPPPHPPPHPPPPPPPPPHHPHPPH
638,PPPPPHPHPHPPHPPPHPPPHPPPPPPPHP
639,HPPPHHPPPPPPHPPPHHPHPPPPHPPPPH
640,PPPPPPPHPHPHPHPPPPPHPHPPHPPPHP
641,PHPPPPPPPPHHPHPPPPPHPHPHPPPPPP
642,PPHHPPPPPHPPPPPPPHHHPHPPPPPHHP
643,PPPPHPHPPPPHPHPHPPPPHPPHPPPPPH
644,PPPPPPHHPPPPPPPPPHHPPHPPPHHPPH
645,PPPPHPPHPPPPPPPPPPPHHHPHPHPPPP
646,PPPPHPPPHPPPHPPPPPPPHHHHHPPPPP
647,PHPPPPPPHPPPPPHPPPHPHPHPPPPPHH
648,PHPPPHPHPPPHHPHPPPHHHPPPPPPPPP
649,PPPPPPHHPPPPPPHPHPPPPPHHPPPPPH
650,HPPPHPPHPPHPPPPPPPPPHPPPPPHHPH
651,PHHHPPPPPHPPHHHPPPPPPPHPPPPPPP
652,PPPPPPPPPPPHPPPPPPPPPHHHPHPHPH
653,HPPPPHPPHHHHPHPPPPPPPPPPPHPPPP
654,HPPPHPPPHPPHPPPHPPPPPHPPHPPPPP
655,HHPPPPPPPHPPPPPHPPHPPPPPPHPPPH
656,PPPPPHHPPHPPPHPPPPHHHPPPHPPPHP
657,PHPPHPPPPHPPPPHHPPHPPPPPPHHHPP
658,HHHPHPPPPPPPHPHPPPPHPPHPPPHPPP
659,PPPHHPPPPHPPHPPPPPPHHPPHPPPPPH
660,PPPHPHPPHPPHHHPPPPPPPHPPPPHPHP
661,PHPHPPPHPPPHPPHPPHPHPPPPPHPHPP
662,PPPHPPHHPPHPPPPPPHPPPHHPHPPPHP
663,PPPPPHPPHPPPPPHPHPHPPPPPPPHPHH
664,PPHPHPPPPPPPPPPHHPHPPPPPHHHPPH
665,PHHPPHHPPPPHPPPPPHPPPPPHPPPPPP
666,PPPHHPPPPPHPHHPPHHPPPPHPHPPPPP
667,HPPHPPPPPPHHPPHHPPPPPHPPPPPPHP
668,PPPPPPPPPHPPPHPHPPHHPPPPPPHPHP
669,PPHPPPPPPPHPPPHPPPPPPPPPHPHPHH
670,PPPHPPPPPPHHHPPPPHPPHHPPHPPPHP
671,PHPPHPPPPHPPPHPPHPHPPPPHPPPPPP
672,PHPHPPPPPHPPPPPHPPPHHPPHPPPPPP
673,PPPPHHPPPPPHPPPPHPHPPPPHPHHHPP
674,PPHPHPHPPPPPHPPPPHHPPPPPPHHPPP
675,HHHPPPPHHPPPPPPPPHPPPPPPPPPHHP
676,PPPPHHPPPHPPPHPPPPPHPPHPPPPPPH
677,PHPPPHPPPHHPPPHPPHPPPPPPHPPHHP
678,PPPHHPPPPHPHPPPPPPPPPHPHHPHHPP
679,PPPPPPPPHHHHPPPPPHPPHPPHPPPPPP
680,HPHPHHPHPPPPPPPPHPPPPPPPHPPPPH
681,HPPPPPHPHPPHHPPPHPPHPPHPPPPPPP
682,PPHHPHHHPPPHPPPPPPPHPPPPPPHPHP
683,PHPPPPPPPPHHHPHPPPHPPPPPPPPPHP
684,PHHPPPPPHPHPHHPHPPPPPPPPPHPHPP
685,PHPPPPPPPHPPPHPPPHPPPPPHPPHHHP
686,HPPPPHPPHHHPPPPHPPPPPPPPPPPPPH
687,HHPPHPPPHPPPPPPPHPPPPHPPPHPPHH
688,HHPPPPPPPHPPPHPHHPPPPHHPPPPHPP
689,PPHHPHHHPPPPPHHHPPPPPPPPPPPPPH
690,HHPPPPPPPHPPPPPHPHPHHPHPPPPPPH
691,HHHHPPPPPPPPHPPPPHPPPPPHPPHPPH
692,HHPPPPPPPHPPPPPHHPPPHPHPPPPPPP
693,HPPHPPPHHPPPPPPPPPPPPPPPHHPHPP
694,HPPPPHPPPHPPPPPHPPPHHPPPPPHPPH
695,PHPPHHPPPHPHPHPPPHPPPPPHHPPPPP
696,PPPPPPHHPHPPPPPPPPPPPHHHHPPHHP
697,HHPPPPPPPPPHHPHPPPPPHPPHPPPHPH
698,PPPPPPPPHHPPPHPHPPHPPHPHPPPPPH
699,HPPHPPHHPPHPPPPPPPPPHPPHPPPHPH
700,PPPPHHPPHHPPPHPPHPPPHPPPPHPPHP
701,PHPPHPPPPPPPPPHPPHPPPHPHHPPHHP
702,PPPPPPPHPHPPPPHPHHHPHPPPPHHPPP
703,PPPHHPPPPHPHPHPHPHPHHPPPPPPPPP
704,PPPPHPPHPPPPPHPPHPHHHHHPPPPPPP
705,HPPPPPPPPPHPHPPPPHHPPPPHPHHPHP
706,PPPPPPPPHPPHPPPPPPHPPHPPPPPHHH
707,HPPHPPHPPPHPPHPHPHPPPPHPPPHPPP
708,PHPPPPPPHPPPPPPHPPPHPPPPPHPHPH
709,PPPHPHPPHPPPPPPPPPPPPHPHPHPPHH
710,HHPHPPPPHHPPHPPHPPHPHPPPPPPPPP
711,PHHPHPPPHPPHPHPPPPPPHPPPPHHPPP
712,PPPPHPPPPHPHPHPPHHPPPPPHPPPPPH
713,PPPPHPPHHPPPPPHHPPHHPPPPPPPHPP
714,HPPHPHPHHPPPPPPPHHHPPPPPPPPPHP
715,PPHHPPPHPHPPPPPPHPHPPHPPPPHPPP
716,PPPHPPPPPPPPPHPHPPHPPPHHPHHPPH
717,PPPHPPPPPHPPPPPHPPHPPHHPPPPPPH
718,PHPPPPPHPPPHHPPPPHPPPPPPHPPPHP
719,PPPPPHPPPPPPPPHPPPHHHHPPHPHPPP
720,PHPPHPPHPPPPPHHPPPPHPPPHHPPPHP
721,HHPHPPHPHHPPPPPHHPPPHPPPPPPPPP
722,PPHPHPPPPHPPPPHHHPPHPPHPPPHPPP
723,HHPHPPHPPPHPPPPPPHPPHPPHPPPPPP
724,PPPPPPPPPPPPHPHHPPHHHPHPPPHHPP
725,HPPHPPHPHPPPPPPHHPHPPPHPPPPPPP
726,PHPHPPPHPPPHPPPPHPPPPPPHHHPPHP
727,PHPPPPPPPHHPPPPPPPHPPPHPPHPPPH
728,HPPPHPPPPPPPPHPPPPPPPPPPPPHHHH
729,PHHPPPPPPHPPPPPPPPHHPPHPHPPHPP
730,PPPPHPPPHPHPPHPPHPPPPHPPPPPPHP
731,PPPPPPHHHPHPHHPPPHPPPPPPPPPPPP
732,PHPPHPPPPHPPPHPPHPHPPPPPHPPHPH
733,PHPPPPHPPHHHHPPPPPPPPHPPPHPPHP
734,PPPPPPPHPPPPPPPHPHPPHHPHHPPPPP
735,HPHHHPPPPPPPHPHPHPPPHPPHPPPPPP
736,PPPPPPHPHHPHPPPPPPPPPHPHPHHHPP
737,HHPHPPHPPHPPPPHHPPPPPPPPHHPPPP
738,PPPPPHPPPHPPHHPPPHPHHPPPPPPPHP
739,HPPPHHPPPHPPPPPPPHPPPPHHPHPPPH
740,HPPPHPPHHPPPPPPPPPHPPHHPHPPPPH
741,PPHPPPPPHPHPPPPPPPPPHPHHPPHHHP
742,HPPPHPPHPPPPPPHPHPHPPHPPPPPHPP
743,PPPPPPPHHPPPPPHPPPHPHPHPPPPHPH
744,PPPPPHPPPPHPPHPPHPHPPPHPPHPPPP
745,PPPPPHPPPHPHPHPHHPPHPPHPHPPPPP
746,PPPHPHHHPPPPPPPPHPPPPPPHHHHPPP
747,HPPPHPPHPPPPPPPHPHHHPPPPPHPPPP
748,PPPHHPPPPPPHPPPPHPPPHHHHPPPPPP
749,PHHPHPPPPPPPHPPPHPPPHPPPPPPPPH
750,HHPPPPPPPPPPPPHPPPHPHPPPPHPHHP
751,PHPPPHPPPPHPPPPPPPHHHPHHPPPPPH
752,PHPPPPPHHPPPPPHPPPPHHPPHPPPHHP
753,PPPPPPPPHPHPPHPPPHPPPHHHHPHPPP
754,PPPPPHHHPHPPPPHPHPPHPPPPPPHPHP
755,PPPPHPHPHPPPPPPHHPPPPPHPHHPPPH
756,PPHPPPPHHPPPPPPPPPHPHHPPPPPHPP
757,PHHPPPPHPPPHPHPPPPPHHPPHPPHPPP
758,PPPHPPPPPPPPPPPPPHHPPHPPPHPHHP
759,HHPPHHHPPPPPPPHPPPPPPPHPPPPPPH
760,PPPPHHPHPPHPPPPPPPPPHPHPHHPPPP
761,PPPPPPPPHPPPHPHPPHPHHPPHPHHPPP
762,PHPHPHPPPHPPPPPPPHHHPPPHPPPPPP
763,HPPHPPPPPPHPPPHHPPPPPHPPPPPPPH
764,PPPPPPPPPHPPHPPPPPPPHHHHPHHPPP
765,HPPPHHPPHPPPPPPPPPPPHPPHPPHHPH
766,PPHPPPHHHPPPPPHHHPPPPPHPPPPHPP
767,PPPHHPPHPPPPPPHPPPPPPPHHPPPHHH
768,PPPPPPPPPPHPPPHPHPHHPHPPPPPPHP
769,HPHPPHHPPPPPPPHPPPPPPHHPPHPPPP
770,PHHPPPHPHHHPPPPPPPPPPHPPPHPPHP
771,HPHHPPPHPPPPPPHPHPHPPHHPPPPPPP
772,PHPHPPPPPPPPPHPPHPPPPPPHPPHHHP
773,HPPPPHPHPPPPPHPPHPPPHHHPPPHPPP
774,HHPHPPPPPPPPHPPHPPPPPPPPPHPHHH
775,PPPPHPPPPPPPPHHPPPPPHHPPPHPHPH
776,PHPPPPHHPPPPPPPPPPPHHPHPPPPHPP
777,PHPPPPHPPPPHHHPPPPPHHPPHPPHPPP
778,PPPHPPPPPPHPPPPPHPPHPPHPHPHPHH
779,PPPHPHHHPPPPPPPPPHPPHPPHPPHPHP
780,PPPPPHPPPPHHHPHPPPPPHPPPHPPHPH
781,PPPPPPPPPPHHHPPHPHPPPPPPPHHPHP
782,PPHHPPPHPPPHHPPPPPHPPPPPHPPPHH
783,PPPPPPPPPPPHHPHPPPPHPHPHPHPHPP
784,PPHPHPPPPHPHPHPPPHHPPPPPPPPPPP
785,PHPPPPPPHPPPPPPPPHPPHPPPPHHHHP
786,PPPPPPPPHPPPPPHHPPPHHHHPPPPPPH
787,PPHHHHPPPHPPHPPPPPPHPPHPPPPPPP
788,PPPPPPHPPPHPPHPPHPPHPPHPHPHPPP
789,PPPPPHPPPPPPPPPPHPHPHPHHPPPHPH
790,PHPPPPHHPHPPHPPPPPPPPPHHPPPPPH
791,HPPHPHPPPPHPHPPPPPHPPPPPHHPPHP
792,PPPPPPHHPPPPPPPPPHPHPHPHHPPPPP
793,PPPPPPPPPPPPHPPPHPHHPHHHPPHPPP
794,PHPHPPHPPPPHHHPPPPHHPPPPHPPPPP
795,PPPPHPPHPPPHHPPPHPPPPPPHPPHPPP
796,PPPHPPPPPPPHHPHPPPHPPHPPPPPHPP
797,PPPHPPPHHPHPHPPPPPPPPHPPPHPPHP
798,PHPPPPHPHPPPPPPHPHPPPHHPPPPPPH
799,PHPPHPPHPPPPPPHHPPHPPPPPHPHHPP
800,PPHHPPPPPPHHPPPHPHPHPPPPPPPPPH
801,PPPPHPPHHHPHPPPHPHPHPPPPPPPPHP
802,PHHPPHPPPPPPPHPHPPPPHPPPPHHPHP
803,PHPPPHHHPPPHPPPHHPHPPPPPPPPPPP
804,HPHPPHPPPPHPPPPHPHPPPHPHPPPPPP
805,PPPPPPPPPPPPPHPHHPHPPPHHPPPHHH
806,HPHPHPHPPHPPHPPPPHHPPPPPPPPPPP
807,PPHPPHPHPPHHHPPHPPPPPPPPPPPPPP
808,PPPHHPHPPPPPPPPPPHPHHPPPPPPHPP
809,PPPPPHHPHPPPPHHPHPPPPPPPHPPPPH
810,PPPPPHPHPPPHHPHPPPHPHPPPPHPPPP
811,HPHPPHPPPPPPPPPHPHPPPPPHPPHPHP
812,PPHPPHPPPPHPPPHHPPPPPPHPPPPPPH
813,PHPPHHPPHPPPPPPPHPHPPPPPPHPPHH
814,PHPPHPPPPPPPHPHPPHHHPPPPPHPPPP
815,HPPPHPPPPPPPHHHHHPPPPPPHPPPPPP
816,PPPHPPHHPPPHPPPHPPPPPPPPPPHPHH
817,HPPHPPPPPPPPPHPPHPPPPHHPPPPPHP
818,PHPPHPHPPPHHPPPPPPHPPPPPPHPHPH
819,HPPPPHPPPPPPPPPPPPHHPPHPHHPPHH
820,PPPPPPHPHPPPPPPPPHPPPHHHPPPHHP
821,PPPHPPHHPPPPHPPPHPHPPPHPHPPPPP
822,PPHPHPPPPHHPHPHPPPPPPPPPPPHPPP
823,PPPPPHPPHPHHPPHPHPPPHHPPPPPPPH
824,PHPPHHHPPPPPPHPPHHPPPPPPPPPPPH
825,PPPPPPPHPHPPHPPHPPHPPHPPHPPHHP
826,HPPHPPPPPPHHPPHPHPPPHHPPPPPPPH
827,HPPPPPPHPHHPPHPPPPHPPPPPPPPPPH
828,PPHPHPPPHPPHPPPPPPHHPPHPPHPPPP
829,PPPPHHPPPPHPPPPHPPPHPHPPPHPPHP
830,PPPPHHHHPPPPPHPPPPHPPPPHHPPPHP
831,PPPPPPPPPHPPHPHHHPPPHPPHPPHPHP
832,PHPPPPPPPPPPHPPHPHPHPPPPPHPHPH
833,PPPPPHPPPPHHPPPPHHPPHHPPPHHPPP
834,PPPHPPPPHHHPPPPHHPPPPHPHPPPPPP
835,PHPPPPPHPHPPPHPPPHPPPPPHHPPPPP
836,HPPHPPPHPPPPPPHPPPPHPPPPPPHHHH
837,PPPPPPHHPPPPPHPHPHPPPHPPPPPPPH
838,PHPHHPPHHPHPPHPPPPPPPPPPPPPPHP
839,PPPHPPPPPPPPPPPPHPPHPPHHPHPHPP
840,PHPPHPPHPPPPHPPPHPHPHPPPPHPPHP
841,HPHPPPPPPPHPPPPPPHHPPPPHHHPPPP
842,PPHPPPPPHPPHPPPPHPHPPHPPPHPHPP
843,HPPPPPPPHPPPPPHHPPHPPPPHPHPPPP
844,HPHPPHPHPPHPPHPPPPPHPPPPHHPPPP
845,HHPPHPPPPPPPPPPPPPPPPHHPPPHHHP
846,PPHHPPPPHHPPPPPPHHPPPPPPPPPHHP
847,PPPPPPHHHHPHPPPHHPHPPPPPPPPPPP
848,PPHHPPHHPPHPHPPPPPHPPPPPPPPPHP
849,PPHHHPHPPPHPPHPPPPPPPPHPHPPHPP
850,PPPHPPHHHHPPPPPPPPPHPPPPHPPPHH
851,PHHPPHHPHPPPPPPPPHPPPHPPPPHHPP
852,PPHHPPHPHPPPPHPHPPPHPHPPPPPPPP
853,HPHPPPPHPHPPHPPPPPPPPHPPPPPPHH
854,PHPPPPHPHHPHPPPHHPPPPHPPPPPHPP
855,PPHPHPPHHPPPHPPHPPPPPHPHPPPPPP
856,HHPPHPPPPPPPPPPHHPHPPPHPPPPHPP
857,PPHPHPPPPHPPPHHPPPPPHPPPPPPPHP
858,PPPHHPPPPHPPPPPPPPPPPPPPHPHHHH
859,PHPPPPPPHHPPPPPPPPPPPPPPHHPHHH
860,PHPHPPHPPPPHPPPPPHPPHHPPPPPPHP
861,PPPHPHPHHHHPHPPPPPPPPPHPPPPPPP
862,PPHPPPPPPHPPPHPHPPHPPPHPPPPHHP
863,HPHPPPPPPPPPPPPPHHHPPHPPHPHHPP
864,HPPPPPPPPPPPHPPPHPPHPPPPPHPPHH
865,PPHHPHPHPHPHPPPPPPPPPPPPPHHPPP
866,PHHHPPPPPPPPHHPPPPHPPPHPHPPHPP
867,PPPPPPHPHPPPPPPHPHPPHPPPPHHPHP
868,HPPPPPPPPPPPPPHPHHPPHPPHPHPPHP
869,PPPPHHPPHHHPPPPPHPPHPPPPPHPPPP
870,PHPPPPPHPHPPPPPHPPHHPPPPHPPPHP
871,HPPPPHHPPPPPHHPHPPPPPHPPPPPPPP
872,HPHPPPPPHPHPPPPPHPPHPPPPPHHHPP
873,PPPPPPPHPPPPPPPPPPPPHPHHHHHPPP
874,HHHPPHPPPPPPPPPPHPPHPHPPHHPPPP
875,HPPPPHPPPPHPPHHPPPHPHPPPPPHPHP
876,PPPPPPPPPPHPPPPHPPPHHHPHPPPHPP
877,PHPPPPPHHHPPHPPPHPPPPPPPPHPPHH
878,PHPPPPPPPPPHPPHHPHPHHPPPPPPPPP
879,HPPPHPPPPPHHPPPPHPPPPPPPPHPHPP
880,PPPPHHPPPPPPPHPPPHPHPHPHHPPHPP
881,PPPPHHHPPPHPPPPPHPPHHPHPPHPPPP
882,PHPPPPPPPHPPPHHPHHPPPPHPPPHPPP
883,PPPHPPPPHPHPPPPPHHPPPPPPHHHPPP
884,PPHPPHPPPHHPPPPPPPPHPPPPHHHPPP
885,PHHPHPPHPPPHPPPPPHPPPHPPHHPPPP
886,PPPPPHPPHPPPPHHPPHPPHPPPPHPHPP
887,PHPPPPHPHPPHPPPPPPPPPHPPHPPPHP
888,PPHPPPHPPPPHPPPPPPPPHPPPHHPHHP
889,PPPPPPHHPPPHPHPPPHPPHPPHHPPPPP
890,PPHPHPPPPPPPPPPHHPHHPPPHPPPHPP
891,PHHPPPPHPPPPPPHPPHHPPPPPHPPPPP
892,PPPHPPPPPPPPPPPPPPPPHHPHHHPHPP
893,HHPHPPHPPHPPPPHPPPPPPHPPPHPPPH
894,HPPHPHHPPPHPPHPPPHPPHPHPPPPPPP
895,PHPPPPPHPHHPPPPPHPPPPHPPHPPHPP
896,PPPPPPHPPHPHPHPPPHPHPHPHPPHPPP
897,PPPPPPHPPHPPPPPHPPPPPPHHPPPHPH
898,PPPHHPPPPPPPHHPHPPPHPPHHPPPPPP
899,PHHPPPPPPPHPPPHPHPPPHPPHPHPPHP
900,HPHPPHPPPPHPPPPHPPHHPPPHPPPHPP
901,HPPHHPPPHPPPPPHPHPPPPPPPPPHHPP
902,PPHPPPPPPPPHHHPPPPHPHPHPPPHPPP
903,PPHHPPHPPHPHPPPPPPPPHPPHPPPPHP
904,PPPHPPHHPHHPPPPPPPPPPPHPPHPPPP
905,PPPPHHHPPPPPPHPPPHPHPPPPPPPPHP
906,PPPHPPPHPHPPPHPPHPPHPPPHPPPPHH
907,PPPPPPPHHHPPHPHHPPHPPPPPPPPPHH
908,PPPPHHPPPHPHPHPHPPPPHPPPPPPHHP
909,HPPPPPPHPPPHPHPPPHHPPHPPPHHPPP
910,HPHHHPHPPPPPPPPPPPHPHPPPHPPPPH
911,HPHPPPPPHPHHPPPPPPPPPPPPPHPPHP
912,PPHPPPPPPPPPPHPHPHPPPHHPPHPPPP
913,HPPHPPPPHHPPHPPPPPPPPHPPPPPPHP
914,HPPHPPHPHPPPPPHPPPHPPPPHPPHPPP
915,PHPPHPPPPHPHPPPPPHPHPPPPPPPPHP
916,PPPHPPPPPHPHPHHPHPPPPHPPPHHPPP
917,PPPPPPPPHHHPHPHPPPPHPPPPPPPHPH
918,HPPPHPHPPHPPPPPPPPPHPHPHPPPPPP
919,PPPHPPPPPHHPPPHPPHPPPPHHPPPPPH
920,PHHPHPPPHHPPPPPPPPHPPPHPPPPPPH
921,PHPPPPHPPHPPHPHPPPPPPHPPPPPPHH
922,HPPPPHPPPPPPPHPPHPPPPPHPHPHPPH
923,PPPPHHPPPHHPPPPHHPPPPPPPPPHPHP
924,PPHPHHPPHPHPPHPHPPHPPPPPPPPPPP
925,PHHPPHPPPPPPPPHPPHHPPPPPPPPHHP
926,PPHPHHPPPPPHPHPPPPPPPPHPPPHPPH
927,PHPPHHPPPPPPPHPHPPPHPPPPHPPPPP
928,PPPHHPHPPPPHPPPPPHPPHPPPPPHPPP
929,PPPPHPHHPPPHPPPPHHPPPPHPPPPPPP
930,HPPPPPPPPPPPHPPHPPHHHHPPHPPHPP
931,PPPPHPPPPHPPPHPPPPHPHPPPHPPPHH
932,PPPHHPPHPPPPHPPPPPHPPPHPHPPPPH
933,PPPPHPHHPPPPHPPHPPPPHPPHPPHPPH
934,PPPHHPPPPPPPHPPPHPPHPPHPHHPPPP
935,HPHPPPPHPPPPPPPPHPPHPHPPPPHPPP
936,HPPHPHPHPPPPPPPPPHPPPPPHPPHPHP
937,PPHHPPPPPPHPPPPPHHPPPPHHHPPHPP
938,HHPHPPPPPPPPPHHPPPPPPHPPPHHPPP
939,PHPHPPPHPPPPPPPHHHHPPPHPHPPPPP
940,HPHPHPPPHPPPPPPPPHPPPHPPPHPHPP
941,HHPHHPPPPPPPPHPPHPPPPPPPHPPPHP
942,PHPHPPPHPHHPPPPPHPHPPPPPPHPPPP
943,PHHPPPHPHPPHPPPPHPHPPPPHPPPPPH
944,PPPHHPPPHPPPHPHPPHPPPPPHPPPPPH
945,PHPPPPPPHHPPPPPHHPPPPHPPPHPPHH
946,PPPPPPHPPHPPPHHPHPPPHPPPHPPPPP
947,PHPHPPPPPPHPPHPPPPPHPPPPHPPPHP
948,PPPPHPHPPPHPPHPPHPPPPHPPPPPHHP
949,PHPHPPPPPPPHPPPHHPPPPPPHPHPPPP
950,PHPPPHPHPPPPHPHPPPPPPPHPPPPPHP
951,PPHPHPPPPPHHPPPPPPPPPPPHPPPHHP
952,HPHPPPPPPPPPHPHPPPPHPHPHPPPPPP
953,PPHPPHHHHPPHPPPHPPPPPPPPHPPPPH
954,PPPHHPHPHPPPHHHHPPPHPPPPPPPPPP
955,PPPPPPPPPHHPPPPPHHPHPHPPHPPPPH
956,PPPPPHPPPHHPPPHPPHPPPPHPPPPHPP
957,PHPHPHPPPPPHPPPPHHHPHPPPPPPPPP
958,PPPPHHHHHPHPPPPHPPPPHPPPPPHPPP
959,PPPPPPHPPPPPPPHPHPHPPPPHHPPPPH
960,PPPHPPPPPHHHPPHHPHPHPPPPPPPPPP
961,HPPPPPPHPPHPPPPPPPPPHPPPPHHPHP
962,PHHPPPPPHPPPHPPPHPHPHPPPPPPPHP
963,PPPPPPHHPPPPPPHHPHPHPPPPHHPPHP
964,PPPHPHPPHHPHPPPPPHPPPPPPPHPHPH
965,PPHPHPPHHPHPHPHPPPHPPHPPPPPPPP
966,PPHPPPPPPPHPPPPPPPPHPHHPHPPHPH
967,PHPPPPPHPPHPPPHPPPPPHHPPHPHPPP
968,PPHPPHPPHHPPPPPPPPPPHPPPHPHPPP
969,PHPHPPPHPPPPPHPHPPHHPPHPPPHPPP
970,PPPPPHPPPHHPPPPPHPPHPPHPHPHPPP
971,PPPPHPPPPHPHPPPPPHHHPPPPHHPHPP
972,PPHHHPHPPHPPPHPPPHPPHPPPPPPHPP
973,HPPPPPPPHPPPPHPPPHPPPPPPPPHHHP
974,PPHHHPPPPPPHPPPPPPPPHPPHPPPPHP
975,PPPPPHHPPHPPPPPHPPPHPHPPPPHPHH
976,PPPPPHPPPPHPHPHPPHPPPPPPPHHPPH
977,HPHPPPPHPPPPPHPPPPPHPPPPPHHHPP
978,PPPPPPPHPPPPPHPHHHPPPHPPHPPPPP
979,PPPPPPPPHPPPPHPPPHHPHPPHPPPPHH
980,HPPPPPPPPPPPPHPHHHPPPHHPHPPHPP
981,PHPPHPPPHPPPPPPPPHPPHHPPHPPPPP
982,PPPPPHHPPPHPPHHPHPPPPPPPPPPPPH
983,PPPHHPPPPHPHPPPPHPPHPHPPPPPHPP
984,HPPPPPPPPHPHPHPPPPPPPPHPHHPPPP
985,PPPPPPHHPPPPHHPPPPPPPHHHPHPPHP
986,PPPHPHHPHPPPPPPPPPPHPPPPHPPHPP
987,PPPPPPHPHPPPPPHPHPPHPPHHPPPPPP
988,PPPPPPPPPHHPHHPPPHPPHPPPPPHPPP
989,PPHPPPHPPHPPPPHPPPPPHHPHHPPPPP
990,PPHPPPPPPPHPPPHPHPPPHHPHPHHPPP
991,PPPPPPPPPPPPHHPPPHPHPHHPHHPPPP
992,HPPPPHPPHPPPHPPHHPPPPPPPHPPPHP
993,PPPPPPPPPPPPPHPPPPPPPHHPHPHHPH
994,PPPPPHHPHHPPPPPPPPHHPPPPPPHHPP
995,PPPHPPHPPPPHPPPPHPPPHPHPPHPPPP
996,PPPPHPPHPPPPHPPHPHPPPPPPPPHPPH
997,HHHPPPPPPPHPPPPPPPPPHPPPPHPPHP
998,PPPPPHPPHPHHPHPPHPPPPPHPPPPHPP
999,HHPHHPPHHPPPPPPPPPPPHHPPPPPPPH
