id,sequence
0,HHHHHHPHHHHPHHHHHHPHHHHHPHHHHH
1,PHHPHHHHHHHHHHPPHHHHHHHHHHPHHH
2,HPHPHHHHHHHHHHHPHHHHHHHHHHHHPH
3,HHHHHHHHHHPHHHHHHHHHPHPHHHHHHH
4,HHHHPHHHHHHHHHPHHPHHHHHHHHHHHH
5,HHHHHPHHPHHHHHHHHPHHHHHHHHHHPH
6,HPHHPHHHHHHHHHHHHHHPHPHHHHHHHH
7,HHHHHHHHHHHHPHHHHHHHHHHHHHPHHH
8,PHHHHPHHHHHHHHHPHHPHHHHHHHHPHH
9,HHHHHHHHHPHHHHHPHHPHHHHHHHHPHH
10,HHHHHHHHHHHHHHHHHHHPHHHHHHHHHH
11,HHHPHHHHHHHHHHHHHPHHHHHHHHHPHH
12,HHHHHPHHHHPHHHHHHHHHHHHPHHHHHP
13,HHHHHHHHHHHHHPPHHHHHHHHHPHHHPH
14,HHHHHHHPHHHHHHHHHPHHHHHPHHHHHH
15,HHHHHHHHHHHHPHHHHHHHHHHHHPHHHP
16,HHHHHHHHHHPHHHHHHHHHHHHPHHHPHH
17,HHHHHHHHHHPHHHHHHPHHHHHHHHHHHH
18,PHPHHHHHHHHHHHHHHHHHHHPHHHPHHH
19,HPHHHHHHHHPHHHHHHHHHHHHHHHHHHH
20,HHHHHHHHHPPHHHHHHHHHHHHHHPHHHH
21,HHHHHHHHHHPHHHHPHHHHHHHPHPPHHH
22,HHPHHHHHHHHHHHHHHHHPHHPHHHHPHH
23,HHHHPHHHHHHHPHHHHHHHHHHHPHHHHH
24,HHHHHPHHHHHHHHHHHHHHHHHPHHHPHH
25,HHHPHHHHPHHHHPHHPHHHHHHPHHHHHH
26,PHHPHHPHHHHHHHPHHHHHHHHHHPHHHH
27,HHHHPHHHHHHHHHHHHHHPHHHPHHHHHP
28,HPHPPHHHHHHHHHHHHHHHHHHHPHHHPH
29,HHHHPHHHHPHHHHHHHHHHHHHHHHHHHH
30,HHHHHHHHHHHHHHHPHHHHHHHHPHHHHH
31,HHHHHHHHPHHHHHHHHPHHHHHHHHHHPH
32,HHHHHHHHPHHPHHHHHHHHHPHHHHHHHH
33,HHHHHHHHHHHHHHHPHHHPHHPHPHHHHH
34,HHHHHHHHHHHPHHPHPPHHHHHHHHHHHH
35,HHHHHHHHHPPHHHHHHHPHHHHHHHHHHH
36,HHHHHHPHHHHHHPPHHHHHHHHHHHHHHH
37,PHHHHHHHHHHHHHPHHHHHHPPHHHHPHH
38,HHPHHHPHHHHHPHHHHHHHPHHHHHHHPH
39,HHPHHPHHHHHHPHHHHHHHHHHHHHPHPH
40,HHHHHHHHHHHHHHHHHHHHHHHPHHPHHH
41,HHHHHHHHHHHHHPPHHHHHHHHHHHHHHH
42,HHPHHHHHHPHHHHHHHHHHHHHHHHHPHH
43,HHHPHHHHHHHHHHHHHHHHPHHHHHHHHH
44,HPHHPHHHHHHHHHHHPHHHHHHHHHHHHH
45,PHHHHHHHHHHHHPHPHHHHHHHHHHHHHH
46,HHHHHHHHHHHPHHHHHHHHHHHPHHHHHP
47,HHHHHHHHHHHHHHHHHHHHHHHPPPHHHH
48,HHHHHHHHHHHHHHHHHHHHPHHHHHHPHP
49,HHHHPHHHHHHHHHHHHHHPHHHHPPHHHH
50,HHHHHHHHPHHHHHPHHHHHHHHHHHHHHH
51,HHHPHHHHHHHHHPHHHHHHHHHHHHHHHH
52,HPPHHHHHHHHHHHHHHHHHHHHHHHHHHH
53,HHHHHHHHHHPPPHHHHHHHPHHPHHHHHH
54,HHHHHHHHHHHHHHPHHHHHHHHPHHHPHH
55,HHHPHHHHHHHPHHHPHHHHHPHHPHHHHH
56,HHHPHHHHHHHPHHHPHHHHHHHHHHHHHH
57,HHHHHHHHHPPHHPHPHHHHHHHHHHHPHH
58,HHHHHHHHHHHHPHPHHHHHHPHHHPHPHH
59,HHHPHHHHHHHPHHHHHHPHHHHHHHHHHH
60,HHHHHHHHHHHHHHHHHHPHHHHHHPPHHH
61,HHHPHHHHHHHHHHHHPHHPHHHHHPHHPH
62,HHHHHHHHHHHPHHHPHHPHHHHHHHHHHH
63,HHHHHPHHPHHHHHHHHHHHHHHHHHHHPH
64,HHHHHHHHHHHHHHHHHHHHHPHPHHHHHH
65,HHHHHHHPHHHPPHHHHHHHHHHHHHHPHH
66,HHHHHHHHHHHHHHPHHHHPHHHHPHHHPH
67,HHHHHHHPHHHHHHHHHHHHHHHPHHHPHH
68,HHPHHHHPHHHHHHHHHPHHPHHHHHHHHH
69,HHHHHHHHHHHHHHHHPHHPHPHHHHHHHH
70,HHHHHHPHHHPHHHHHHHHPHHHHHHHHHH
71,HHHHHHHHHHHHHHHPPHHHPPHHHHHHHH
72,HHHHHHHHHHHHHHHHPPPHHPHHHHHHHH
73,HHHHHHHHHHPHHHPHPHHHHPPHHHHHHH
74,HHPHHHHHHHHPHHHHHHHHHHHHHHHHHH
75,HHHHHHPHHHHHHHHHPHHHHPHHHHHPHH
76,HHHHHPHPHHHHHHPHHHPHHHHHHHHHHH
77,HHHHHHHPHHHHHHHHHHHHHHHHHHHHPH
78,HHHHHHHHPHHHHHHHHPHPHHHHHHPHHP
79,HHHHHPHPPHHHHHHHHHHHHHHPHHHHHP
80,HHHHHHHHPHHHHHHPHPHHHHPHHHHHHH
81,HHPHHHHHHPHHHHHPHHHHHHHHHHHHHP
82,HHHHHPHHHPHHHHHHHHHHHHHHHHHHHH
83,HHPHHHHHHHHHHPHHHHHHHHHHHHHHHH
84,HPHHHHHHHHPHHHHHPHHHPHHHPHHHHH
85,HHHHHHHHHHHHHHHHHHHHPHHHPHHHHH
86,HHPHPHHHHHHHHHHHHHHHHHHHHHHPHH
87,HHHPHPHHHPHHHHHPHHHHHHHHHHHHHH
88,HHHHHHHHHHHHPHHHHHHHPHHPHHHHHH
89,HHPHPHHHHHHHHHHHHHHPHHHPHHHHHH
90,HPHHHHHHHHHHHHHHHPHHHHHPPHHHHH
91,HHHHHHHHHPHHHHHHHHPHHHHHHHHPHH
92,HHHHHHHHHHHHHHHHHPHHHPHHHHHPHH
93,HHHHHHHPHHHHHHHHPHHHHHHHHHHHHH
94,HPHHHHHPHHHHHHHHHHHHHHHHPHHPHH
95,HHHHHPHPHHHHHHHHHHPHHHHHHHPHHH
96,HHHHPHHHHHHHHHHHHHPHHHHHHHHHPH
97,HHPHHHHHHHHPPHHPHHHHHHHHHHPHHH
98,HHHHHHHHHHHHHPHHHPHHHHHHHPHHPH
99,HHHHHHHHPHHHHHHHHHPHHHPHHHHHHP
100,HHPPHHHHHHHHHHHHHHHHHPHHHHHHHP
101,HHHHHHHHHHHHPHHHPHHHHHHHHHPHHP
102,HHHPHHPHHHHHHPPHHHHHHHHHPHHHHH
103,HHHHHHHHHHHPPHHHHHHHHHPHHHHHHH
104,HHHHHHHHHHHHHPHHHHHHPHHHHHHHHH
105,HHHHHPHPHHHHHHHHHHHHHHHHHHHHHH
106,HHHHHPHHHHHHHHHHHHHHHHHHHPHHHH
107,HHHHHHHHHHHHHHHHHHHHHHPPPHHHHH
108,HHPHHPHHPHHHHHHHHHHHHHHHPHPHHH
109,HPHHHHHHHHHHHHHHHHHHHHHHHHPHHH
110,HHHHHHHHHHHHHHHHHHHHHHHHHHHPPH
111,HHHHPHHPHHHHHHHHPHHHHPHHHHHHHH
112,HHPHHHHHHHHHHHHHPPHHHHHHHHHHHH
113,PHHHPHHHHHHHHPHHHHHHHHHHHHHHHH
114,HHPHHHPPHHHHHHHPHHHPHHHHHHHHHH
115,HHHPHHHHHHHHHHHHHHHHHHHHHHHHHH
116,HHPHHHHHHHHHHHHHHHHHHHHHHHPHHH
117,HHHHHHHHPPHHHHHHHHHHPHHHHHHHHH
118,HHHHHHHPHHHPHHHHHHHHHHHHHPHHHH
119,HHHPHHHHHHPPHHHHHHHHHHHHHPPHHH
120,HHHHHHPHHHPHHHHHHHHHHHHHPHHHPH
121,HHHHHHHHHHHHHPHHPHPHHHHHHHHHHH
122,HHPHHPHHPHPHHHHHHHHHHHHHHHHHHH
123,HHHHPHHHPHHHHHHPHHHPHHHHPHHHHH
124,HHHPHHHHHHHHHHHHHPHHHHHHHHPHHH
125,HHHHHHHHHHHHPPHHHHHHHHPHHHHHHP
126,HHHHHHHHHHHHHHHHHHHHHHPPHHHHHH
127,HHHHHHHHPHHHHHHHHHHHHHHHHPHHHH
128,HHHPHHHHHHHHHHPHHHHHHHHHPHHHHH
129,HHHHHHHHHHHHHHHHHHHHHPHHHHHHHP
130,PPHPHHHHHHPHHHHHHHHHHHHHHHHPHH
131,HPHHHHHHHHHHHHHHHHHPHHHHHHHHHH
132,HPHHHPPHHHHHHHHHHHHHHHHHHHHHHH
133,HPHHPHHHHPHHHHPHHHHHHHHHHHHHHH
134,HHHHHHHHHHHHHHPHPHHHPHHHHHHHHH
135,HHHHHHHHHHHHHPHHHHHHHHHPHHPPHH
136,HHHHHPHPHHHHHHHHHPHHHHHHHHHHHP
137,PHHHHHHPHHHHHHHHHPHHHHHHHHHHHH
138,HHHHHHHHHHPHPHHHHHHHHHHHHHHHHH
139,HHHHHHHHHHHHPPHHHHHPHHHHHHHHHH
140,HHHHHHHHHHHHHHHHHHHPPPHHHHHHHP
141,HPHHHHHPHHHHHHPHHHHHHHHHPPHHHH
142,HHHHPHHHPHHHHHPHHHHHHHHHHHHPPH
143,HHHHHHHHHPHHHHHPHHHHHHHHHHHHHH
144,HHHHHHHHHHHPHHHPHPHHHPHHPHHHHH
145,PHHPHHHHHHHHHHHHHHHPHHHHPHHHPH
146,HHHPHHHPHHPHHHHHPHHHHHHHHHHPHH
147,HHHHHHHHHHHHHHPHHHHHHHHHHHPHPH
148,PHHHHHHHHHHHHPHHHHPHPHHHHHHHHP
149,HHHHHPHPHPPHHHHHHHHHHHHHHHHHHH
150,HHHHHHHHHHHHHHHHHHHHPHHPHPHHHH
151,HHHHPPHHHHHHPPHHHHHHHPHHHHHHHH
152,HHHHHHHHHHHHPHPHHHHHPHHHHHHHHH
153,HHPHHHHPHHHHHHHPHHHHHHHHHHHHPH
154,HHHPHPHHHHHHPHHHHHHHHHHHHHHHHH
155,HHHHPHHPHHHHHPHHHHHHHHHHPHHHHH
156,PHHHHHPHHHHHHHHHPHHPHHHHHHHHHH
157,HHHHPHHHHHHHHHHHHHHHPHHHPHHHPH
158,PHHHHPHHHHHPHHHHHHHHHHHHHHHHHH
159,HHHHPHHHHHHHHHHHHHHHHHHHHHHHHH
160,HHPHHHHPHHHHHHHHHHHPHHHHHHHHPP
161,HHHHHHHHHHPHPHHHPHHHHHHHHHHHHP
162,HHHHHHPHPHHHHHHHHHHHHHHHHHHHHH
163,PPHHHHHHHHHHHHHHHHHHPHHHHHHHHH
164,HHHHPHHHHHHHHHPPHHHPHHHHHHHHHH
165,HHHPHHHHHPHHHPHHHHHHHHHHHHHHHH
166,HHHHHHHHHHHHHHHHPHHHPPHHHHHHPH
167,HHHPHHHHHHHHHHPHPHHHHHHHHHHHHH
168,PHHHHHPPHHHHHHHHHHPHHHHHHHHHHH
169,HHHHHHHHHPHHHHHHHHHHHHHHHHPHHH
170,HHHHHHHHHHHHPHHHHHHPPHHHHHHHHP
171,HHHHHHHHHHHHHPHPHHHHHHHHHHHHPH
172,HHHHPHHHHHHHHHHHHPHHHHPHHHPHHH
173,HHHHHHHHHHHHHHHHPHHPHHHHHHHHPH
174,HHHHHHHHHHHHPPHHHHHHHHHHHHHPHH
175,HHHHHHHHHHHHHHHHHHPHHPHHHHHHHH
176,HHHHPPHHHHHHPHHHHHHHHHHHPHHHHH
177,HPHHHHHHHHHHHHHPHHHHHHHHHPHHHH
178,HHPHHHHPHHHPHHHHHPHHHHHHHHHHHH
179,HHHHHHHHHPHPHHHHHPHHHHHHHHHHHH
180,PHHHHHHHHHHHHHHHPHHHHHHHHHHHHH
181,HHHHHPHPHHHHHHHHHHHHHHHPHHHHHH
182,HHHHHHHHHHHHHHHHHHHPPHHHHHHHHH
183,HHHHHHHPHHHHPHHHHHHHHHHHPHHHHH
184,HHHHHHHHHHHHHHHHHHHHHHPHHHHHPH
185,HHHHHHHPHHHHHHHPPHHHHHHHHHHHHH
186,PHPHHHHHHHHHHHHHPHHHHHHHHHHHHH
187,HPHHHHHHPHHHHPHHHHHHHHHHHHHHHH
188,HHHPHHHHHHHHHPHHHHHHHHHHHHHPHH
189,HHHHHHHHHHHHHHPHHHHHHHHHPHPHHH
190,HHHHHPHHHHHHHHHHHHHHPHHHHHHHHH
191,HHHHHHHHHHHHHHHHHHHHPPHHHHHHHH
192,HHHHPHHHHHHHHPHHHHHPPHHHHHHHHH
193,HHPHHHHHHHHHHHHHHHHHHHHHHHHPHH
194,HPHHHHHHHHHHHHHHHHHHHHHHHPHHHH
195,PHHHHHHHHHHHHHHHHHPHHHHHHHHHHH
196,HHHHHHHHHHHHHHHHHHHHHHHHHHHPHH
197,HHHHPHHHHHPHHHHHHHHHHHPHHHHHHH
198,HHHHHHHHHHPHHHHPHHHHHHHHPHHHHH
199,HHHHHHHHHHHPPHHHPHHHHHHHHHHHHH
200,PHHHHHHHHPHHHHHHPHPHHHHHHHHHHH
201,HHHHHHHHPHHPHPHHPHHPHHHHHHHHHH
202,HHHHHHHHHHHHPHHHHHHPHHHHHHHHHH
203,HHHHHHHHHHHPHHPHHHHHHHHHHHPHHH
204,HHHHHHHHHHHPPHHHHHHHHHHHHHHHHH
205,HHPHHHHHHHHHHHHHHHHHHHHHHHHHPH
206,HHHHHHPHHHHHHHPHHHPHHHHHHHHHHH
207,HHHHHHHHHHHHHHHPHHHHHHHPHHHHHH
208,HHHHHHHPHHHPPHHPHHHHHHHHHHHHHH
209,HHHHHHHHHHHPHHHHHHHHHHHHHPHHHH
210,HHHHHPHHHPHHHHHHHHHHHHHHHPHHPH
211,HHHHHHPHHHHHHHHPHHHHHHHHHHHHHH
212,HHHHHPHHHHPHHHHHHHHPHHHHPHHHHH
213,HHHHHHHHHHHHHHHHHHHPHHHHHHHPHH
214,HHHHHPHHHHHHHPPPPHHHHHHHHHHHHH
215,HHHHHHHHHHHHHHHHPHHHHHHHPHHPHH
216,PHHHHHHHHHHHHPHHHHHHHPHHHHHPHH
217,PPHHHPHHHHHHHHHHHHHPHHHHHHHHHH
218,HHHHHHHPHHHHHHHHHPHHHHHHHHHHHH
219,HHHHHHHHHHPHHHHHHHHHHHHHHHHHHH
220,HHHHHHPHHHHHHHHHHHHHPHHHHHHHHH
221,HHHHHPHHHPPHHHHHHHHHHHHHHPHHHH
222,PHHHHHHHHHHHHHHHHHHHPHHHHHHHHH
223,HHHHHHHHHHHHHHPHHHHHHHHHHHPPHH
224,HHHHPHHHHHHHHHHHHHHHHHHHHHPHHH
225,HHHHHHHHHHHPHHHHHHHHHHHHHHHPHH
226,HHHHHHHHHPHHHHHHHHHPHHPHPPHHHH
227,PHHHHPHHHHHHHHHHHHHHHHHHHHHPHH
228,HHHPHHPHHHHHHHPHHHHHHHHHPHHPHH
229,HHPPHHHHHHHHHHHHHHHHPHHHHHHHHH
230,HHHHHHHHHHPHHPHHHHHHHPHHHHPHHH
231,HHHHHHHHHHHHHPHHHHPHHHHHHHHHHH
232,HHPHHHHHHHPHHHHHHHHHHHHHHHHHHH
233,HHHHHPHHHHHHHHHHHHPHPHHHHHHHHH
234,HHHHHHHHHHHHPHHHHHHHHHPPHHHHHH
235,HPHHHPHHHHHHHHHHHHHHHHHHHHHHHH
236,HHHHHHPPHHHHPHHHHHHPPHHHHHHHHH
237,HHHHHHHHPHHHHHHHHHHHHHPHHHHHHH
238,HHHHHHPHHHHHHHHHPHHHHHHHPHHHHH
239,HHHHHPHHHHHHHHPHHHHHHHHHHHHHHP
240,HHHHHPHHHHHHHHHHHPHHHHHHHHHHHH
241,HHHHPHHPHHHHHHHHHPHHHHHHHHHHHH
242,HHHHHHHPHHHHPHHHHHPHHHHHHHHHHH
243,HHHHHHHHHHHHHHHHHHHHHHHHHHPPHP
244,HHHPHHHHHHHHHHHHHHHHHHHHHHPHHH
245,HHPHHHHHHHHHHHHHHHHHHHHHHHHHHH
246,PHHHHHHHHHHHHHPHHHHHHHHPPHHHHH
247,HHHHPHHHHHHHHHHHPHHHHHHHHHHHHH
248,HPHHHHHHHHHHHHHPHHHHHHHHHHHHHH
249,HHHHHHHPHHHHHHHHHPHPHHHHPHHHHH
250,HHHHHHHPHHHHHHHPHHHHPHHHHHHHHH
251,PHHHPHHHHHHHHPPHHHPHHHHHHHHHHH
252,HPHPHHHHPHHHHHHPHHHHHHHHHHPHHH
253,HHPHHHHHHHHHHHHHHHHHHHPHHHHHHH
254,HHHHHHPHHHHHHHHPHHHPHHHHHHHHHH
255,HHHHHPHHHPHHPHHHHHHHHHPHHHPHHH
256,HHHHHHHHHHHHHHHHPPHHHPHHHHHHHH
257,HHHHHHHHHHHHHHPHHHHHHHHHHHHHHP
258,HPPHHHHHHPHHHHHHHHHHHHHHHHHHHH
259,HHHPHHHHHHHHHHHHHHHHHHHHPHHHHH
260,HHHHHHPHHHHHHHHHHHHHHHHHPHHHHH
261,HHHHHHHHHHPPHHHHPHHHHHHHHHHHHH
262,HHHHPHHHHHHHHHHHHHHHPHHHHHHHHH
263,HHHHHPHHHPHHPHHHHHHHHHHHHPHHHH
264,HPHHHHPHHHHHHHHHHHHHHHHHHHHHHH
265,HHHHHHHHHHHHPHPHHHHHHHHHPHHHHH
266,HPHHHHHHHHHHHPPHHHHHHHHHHHHHHH
267,HHPHPHHHHHHHHHHHHHHHHPHHHHHHHH
268,HPHHHHHHHHHHPHHHHHHHHPHHHHHHHH
269,HHHHHHHHHHHHHHHHHHHHPHPHHHHHHP
270,HHHHPHHPHPHHHHPHHHHHHHHHHHHHHH
271,HHPPHHHHHHHHPHHHHHHHHHHHHHHPHH
272,HHHHHHHHHHHPHHHHHPPHHPHHPHHHHH
273,HHHHHHHHHHHHHPHHHHHHHPHHHPHHHH
274,HHHHHHHHHHHHHHHHPHHHHHHHHPHHHH
275,HHHHHHHHHHHHHHHHHHPPHHHHHHHHHH
276,PHHHHHHHHHHHHHHHHHPPHHHHHHHHHH
277,HPHPHHHHHHHHHPHHHHHHHHHHHHHHPH
278,HHHHHHHHHHHHHHHHHHPHPHHHHHHHHH
279,PHHHHHHHPHHHHHHHHHHHHHHHHHHHHH
280,HHHHHPHHHHHHHHHHHHHHHHHHHHHHHH
281,HHHHHHHHPHHHHHHPHHHHHHHHHHHHHH
282,HHHHHHPHHHPPHHHHHHHHHHHHPHHHHH
283,HPHHHHHHHPHHHHHHHHHHHHHPHHHHHH
284,HPHHHHHHHHHHPHHHHHHHHHHHHHHHHH
285,HHHHHHHHHHHHPHHHHHHHHHHHHHHPHH
286,HHPHHHHHPHHHHHHHHHHHHHHHHHHHHH
287,HHPHHPHHPPHHHHHHPHHHHHHHHHHHHH
288,HHHHHHHPPHHHHHHHHPHHHPHHHHHHHH
289,HHHHPHHHHHHHHHHHHHHHHHHHHHHHHP
290,HHPHPHHPHHHHHPHHHHPHHHHHHHHHHH
291,HHHPHHHHHHHHHHHHHHHHPHHHPHHHHH
292,HHHHHHHHHHHHPHHHHHHPHHHHHPHHHH
293,HPHHHPHHPHHHHHHHPHHHHHPHHHHHHH
294,PHHHHHHHHHHPHHHHHHHPHHHHHHHHHH
295,HHHHHHHHHPHHHHPHHHPHHHHHHHHHHH
296,HHHHHHHPHHHHHHHHHHHPHHHHHHHHHH
297,HHHHPHHPHHHHHHHHHPHHHHHHHPHHHH
298,PHHHHHHHHHHHHHPHHHHHHHHHHHHHPH
299,HPHPHHPHHHHHHHHHHHHHHHHHHHHHHH
300,PHPHHHHHHHHHHHHPHHHHHHHHHHPHHH
301,HHHPPHHPHHHPHHHHPHHHHHHHHHHHHH
302,HHHHHPHHHHHHHHHHHHHHHHHHPHHHPH
303,PHHPHHHHHHHPHHHHHHHHHPHHHHHHHP
304,HHHHHPHPHPHHPHHHHHHHHHHPHHHHHH
305,HHHHHHHPHHHHHHPHHPHHHHHHHHHHHH
306,HHHHHPHHHHHHHHHHHHHPPHHHHHHHHH
307,HHHHHPHHHHHHHHHPHHHHPHHHHHHHPH
308,HHHHHHHHHPHHHHHHHHHHHHHHHPPHHH
309,HHHPHHHHPHHHHHHPHHHHHHHHHHHPPH
310,PHHHHHPHHHHHHHHHHHHHPHHHHHPHHH
311,HHHHHHHHHHHHHHHHPHPHHHHHHHHHHH
312,PHPHHPHHHHHHHHHHHHHHHHPHHHHHHH
313,PHHHPPHHHHHHHHHHHHHHHHHHHHHHHH
314,HHHHHHHHHHHHHHHHPHHHHHHPHHHPHH
315,HHHHHHHHHHHHHHHHHHPPPHHHHHHHHH
316,HHHPHHHHHHHHHHHHHHHHPPHHHHHHHH
317,HHPHHHHHHHHHHHHHHHPHHHHHHHHHHH
318,HHHHHHHHHHHHHHPHHHHHHHHHPHHHPH
319,HHPHHHHHHHHPHPHHHHHHHHHHHHHHHH
320,HHHHHHHHHHHHHHHHPHPHHHHHPHHHHH
321,HHHHHPHHHHHHPHHHHPHHHHPHHHHHHH
322,HHPHHHHHHPHHHHHHHHHHHPHHHHHHHH
323,HPHHHHHHHHHHHHHHHHHHHPHHPHPHPH
324,HHPHPHHHHPHHPHHHHHHHHHHHHHHHHP
325,HHHHHPHHHHPHHHHPHHHHHHHHHHHPHH
326,HHHPHHHPHPHHHHHHHHHHHHHHHPHHPH
327,HHHPHHHHHHPHHPPHHHHHHHHHPHHHHH
328,PHHHHHHHHHHHHPHHHHHHHHHHHHHHHH
329,HHHHHHHPHHHHPHHHHHHHHHHHHPHHHH
330,HHHHHHHHHHHHHHPHHPHPHHHHHHHHPH
331,HHHHHHHHHHHPHHHHHHHHHPHHHHHHHP
332,HHHHHHHHHHHHHHPHHHHHHHHHHHPHHH
333,HHHHHHHHHHHHHHHHHHHHHHHPHHHPHH
334,HHHHHHHHHHHHHHHPHHHHHPHHHHPHHH
335,PHHPHHHHHHHHHHPHHHHHHHHHHHHHPH
336,HPHHHHHHHHHHHHHHHPHHHPHHHPHHHH
337,PHHHPHHHPHHHHHHHHHHPHHHHHHHHHH
338,HHHHHHPHHHHHHHHPPHHHHHHHHHHHHH
339,HHHHHHHHHPHHPHPHHHHHHHHHPHHHHH
340,HHHHHHHHHHPHHHHHHHHHHPHHHHHHHH
341,PHPHHPPHHHHHHHHHHHHPHHHHHHHHHH
342,HHHHHHHPHPHHHHHHHHHHHHHHHHHHHH
343,HHHHHHHHHHHHHHHHHHPHHHHHHHPHHH
344,HHHPHPHHHPHHHHHHHHHHHHHHHHPHHH
345,HHHHHHHPPHHHHHHHHHHHHHHHHHHHHH
346,HPHHHHHHHHHHHHHHHHHPHHHHHHHPHH
347,HHHPHHHHHHHHHHHHHHHHHHHHPHPHHH
348,HHHPHHPHHHHHHHHHHHHHHHHHHHHHHH
349,HHHPHHHHHHHHHHHHHHHHHPHHHHHHHP
350,HHHHHHHHHHHHPHHHHHHHHPHHHHHHHH
351,HHHHHHPHHHPHHHHHHHHHHHPHHHHPHH
352,HHHHHPHHHHHHHHHHHHHHHPPHHHPHHH
353,HHHHHHHHHHHHHHHHHPHHHHHHHHPHHH
354,PHHHHHHHHHHHPHHHHPHHPHPHHHHHHH
355,PHHHHHHHHHHHHPHHHHHHHHHHHHPHHH
356,HHHHPHHHHHHHHHHHHHHHHPHHHHHPHH
357,HHHHHHHHHHPHHHHHPPHHHHHHHHHHHH
358,HPHHHHHHHHHHHHHHHHHHHPHHHHHHHH
359,HHHPHHHHHHHHHHHHHHHPPHHHHHHHHH
360,HHHHHHHHHHHHPHHHHHHHPPHPHHHHHH
361,HHHHHHHPPHHHHHHHHHHHPHPHHHHHHH
362,HHHPHHHHHPHHHHHHHHHHHHHHHPHPHH
363,HHHHHHHHHHHHHHHHHHHHHHHHPHHPHP
364,HHPHPHHHHHHHHHHHHHHHHHPHHHPHHH
365,HHHHHPHPHHHPPHHHHHHHHHPHHHHHHH
366,HHHHHHHHHHHHHHHHHHHHHPHPHPHHHH
367,HHHHHHHHHHHHHHHPHHHHHHPHHHHHPH
368,HHHHHHHHHHHHHHHHHHHHHPHHHHPHHH
369,HHHHPHHHHHHHHHHHHPHHHHHHHHHHHH
370,HHHHHHHHHHHHHHHHPHHHHPPHHHHHHH
371,HHHHHHHHHHHHHHHHHHHHHHPHHHPHHH
372,HHHHHPHHHHHPHHHHHHHHHHHHHHHHHH
373,HHPHHHHHHHHHHHHHHHHHHPHPHHHPHH
374,HHHHHHHHPPHHPHHHHHHHHHHHPHHPHH
375,HHHHHHHHHHHHPPHHHPPHHHHHHHHHHH
376,HHPHHHHHHHHHHHHPHHHHHHHHHHHHHH
377,HHPHHHHHHHHHHHHHHHHHPPHHHHHHHP
378,HHHHHHHHHHHPHHHHHHHHHHHPHHHHHH
379,PHPHHHHHHHHHHHHHHHHHHHHHHHHHHH
380,HHHHHHHHHHHHHHHHHHHHPHHHHHHPHH
381,PHHHHHHHHHHHHHHPHHHHHHHPHHHHHH
382,HHHHHHHHHHHHHHHHPHHHHHHPHHHHHH
383,PHPPHHHHHHHHHHHHHHPHPHHHHHHHHH
384,HHHHHHHPHHHHHHHHHHHHHPHPHHHHHH
385,HHHHHHHHHHHHHHHHHPHPHHHHHHHHHH
386,HHHHHHHHHHHHHHHHHHHHHPHPHHHPHH
387,HHHHHHHPHHHHHHPHHPHHHHHHHHPHPH
388,HHHPHHHHHHHHHHHHHHHPHPHHHHHHPH
389,HHHHHPHHHHHHHHHHHHHPHHHHHHPHHH
390,HPHHHHHHHHHHHHHHHHHPPHPHHHHPHH
391,HHHHHHHHHHHHHHHHHHHPHHHHPHHHHH
392,HHHHHHHHHHHHHHPHHHHHHHHPHHPHPH
393,HHHHHPHHHHHHPHHHHHHPHHHHHHHHHH
394,HHHHHHPHHHHHHHHPPHHHHHHHHHPHHH
395,HHHHHHHHHHHHHPHHHHHHHHHHPHHHHH
396,HPPHPHHHHHHHHHHPHHHHHHHHHHHHHH
397,PHHHHHHHHHHPHHHHHPHHHHHHPHHPHH
398,HHHPPHHHHPHHHHHHHPHHHHHHHHPHHH
399,HHHHPHHHHHHHPHHHHHHHHHPHHHHHHH
400,HHHHHHHPHPHPHHHHHHHHHHHHHHHHHH
401,HHHHPHHHHHHHHHHHHHHHHHHHHHHHPH
402,HHHHHHHHHHHHHHHHHHHPHHHPHHPHHH
403,HHHHHPPHHHHPHHHHHHHHHHHHPHHHHH
404,HPPHHHHHHHHHHHHHHPHHHHPHHHHHHP
405,HHHHHHHHHHHPHPHHHHHHPHHPHHHHHH
406,HHHHHHHHHPHHHHHHHHHHHHHHHHHHPH
407,HHHPHHPHHHHHHHHHHHHPHPHHPHHHHH
408,HHHHHPHHHHHHHHHHHPHHPHHHHPHHHH
409,HPHHHHHHHHHHHHHHHHHHHHPHHHHHPH
410,HHHHHHHHHHHHPHHHHHPHHHHHHPHHHP
411,HPHHHHHHHHHPHHPHHHHHHHHHHHHHHH
412,HPHHHPHHHHHHHHHPHHHHHHHPHHHHHH
413,HHHHPHHHHPHHHHHHHHHHHPHPHPHHHH
414,HPHHHHHHHHHHHHHHHHHHHHPHHHHHHH
415,HHHHHHHHHHHHHHPHHHHHHHHHHPHHHH
416,HHHHHHHPPPHHHHHHHHHHHPHHHPHHHH
417,HHHHHHHPHHHHHHHHHHHHPHHHHHHHHH
418,HHHHHHHHHPHHPPHHHHHHHHHHHHHHPP
419,HHHHHHHHHPHHHHHHHPHHHHHPPHPHHH
420,HHHHHHHHPHHHHHHHHHHPHHHHHHHPHH
421,HHHHHHPHPHHHHHHHHHPHPHHHHHHHHH
422,HHHHHHHHHHHHHHHHHHHHHHHHHHPHHH
423,HHHHPHHHHHHHHPHHHHHHHHHHHHHHHP
424,PHHHHHHHHHPHHHHHHHHHPHHHHHHHPP
425,PHHHHHHPHHHPHHPHHHHHHHHHHHHHHH
426,HHHHHHHHHHHHHHHHHHHHHHHPPHHHHH
427,HHHPHHHPPHHHHHPHHHHHHHHHPHHHHH
428,HHHHHHHHHHHHPHHHHHHPHHHPHHHHHH
429,HHHHPHHHHHHHHHHHHHHHHHHPHHHHHH
430,HHHHHHHHHHHHPHHHHHHHPHHPHHHPHH
431,HPHHHHHHHHHHHHHHHHHHHHHHHHHHHP
432,PHHHHHHHHHHHHHHHHHHHHHHHHHHPHH
433,HHHHHPHHHHHHHHHHHHHHHHPHHHHHHH
434,HHHPHHHHHHHHHHHHHHHHHHHHHHHHPH
435,HHHHHPHHHHPHHPHHHHHPHHHHHHHPHH
436,HHHHHHHPHHHHHHHHHPHHHHHHHHHHPH
437,HHHHHPPHHHHHHHHHHHHHHHHHHPHHHH
438,HHHHHHHHHHHHHPHHPHHHHHHHHHHHHH
439,HPHHHHHHPHHHHHHHHHHHPHHHHHHHHH
440,HHHHHHHHHPHHPHHHHHHHHHHHHHHHPH
441,HHHHHHPHHHPHHHHPHHHHHHHHPPHHHH
442,HHHHPHPHPHHHHHHHHHHHHHHHHHHHHH
443,HHHHHHHHHHHHPHHHPHHHPHHHHHHHHH
444,HHHHHPHHHHHHHHHHHHHHHHHPHHHHHH
445,HPHHPHHPHHHPHHHHHHHHHHHPHHHHHH
446,HHHPHHHHHHHHHHPHHHHHHHHHHHHHHH
447,HHHPHHHHHHHPHPHHHHHPHHHHPHHHHH
448,HHHHHHHHHHHHPHPHHPHHHHHPHHHHHH
449,HHHHHHHHHHHPHHHHHPHHHPHHHHPHHH
450,HHHPHHHHHHHHHHHPHHHPHHHHHHHHHH
451,HPHHHHPHHHHHHHHPHPHHHHHHHHHHHH
452,HHPHHHHHHHPHHHHHHHHHHHHHHHHHPH
453,PHHHHHHHHHHHHPHHHHHHPHHHPHHHHH
454,HHHHPHHHHHHHHHHPHPHHPHHHHHHHHH
455,HHHHHHPHPHHHHHHHHHHHHHHHHPHHHH
456,HPHHHHHHHHHHHHHHHHHHHHHHPHHHHH
457,HHHHHHHPHHHHHPHHPHHPHPHHHHHHHH
458,HHHPHHHHHHHHPHHHPHHHHHHHHHHHHH
459,HPPHHHHHHHPHHHHHHHHHHHHHHHHHHH
460,HHHHPHHPHPHHHHHHHHHHHHHHHPHHHH
461,PPHHPHHHHHPHHHHHHHHPHHHHHHHHHH
462,HHHHHPHHHHHHHHPHPHHHPHHHHHPHHH
463,PHHHHHHHHHHHHHHHHHHHHHHHHHHHHH
464,HHHPHHHHPHHHHHPHHHHHHHHHHHHHHH
465,HHHHHHHHHHHHHHHPPHHHHHHHHHHPHH
466,PHHHHHHHHHHHHHHPPHHHHHHHHHPHHH
467,HPHHPHHHHHHHHHHHPPHHHHHHHHHHHH
468,PHHHHHHHPHHHHPHHHHHHPHHHPHHHHH
469,HHHPHHPHHHHHHHHHHHHHHHPPHHHHHH
470,HHHHHHHHHHHHHHHHHHPPHHPHHHHHHH
471,PHHHHPHHHHHPHHHHHHHHHHHHHHHHPH
472,HHHHHPHHHHHHHHHHHHHHHHHHPHHHHH
473,HHHHPHHHHHHHHPHHHHPHHHHHHHHHHH
474,HHHHPHPPHHHHHHHHHHHHHHHHHHHHHH
475,HHHHHHHHHHHHHHHHHHHPHHPHHHHHHH
476,HHHHPHHHHHHHHHPHHHPHHHHHHHHHHH
477,HPHHHHHHHHHHHHHHHPHHHHHHHHHHHP
478,HHHHHPHHHPPHHHHHHHHHHHPHHHHHHH
479,HHHHHPHHHHHHHPPHHHHHHHHHHHHHPP
480,HHPHHHHHHHHHHPHHHHHPHHHPHHHHHH
481,HHPHHHHHHHHHHHHHHHHHHHHHPHHHPH
482,HHHHPHHHHHHHHPHHHHHHHPHPHHPHHH
483,PPPHHHHHHHHPHHHHPHHHHHHHHHHHHH
484,HHHHHHHHPHHHHHHHHHHHHHHHHHHHHP
485,HHHHHPHPHHHPHHHHHPHHPHHHHHHHHH
486,HHHHPHHHHHHHHHPHHHHHHHHHHHHHHH
487,HHHHHHHHHHHHHHPPHHHHHPHHHHHHHH
488,HHHHHHHHHHHPHHPHHHHHHHHHHHHHHH
489,HHPPHHHHHHHHHHHHHHPHHHHHHHHHPH
490,HHPHHPHHHHHHHHHHHHPHHHHHHHHHPH
491,HHHHPHHPHHHPPHHHHHHHPHHHHHHHHH
492,HHHHHHPHHHHHHHHHHHHHHHHHHPHHHH
493,PHHHHHPHHHHHHHHPHHHHHHHHHHHHHH
494,HHHHHHPHHHHHHHHHHHPHHHHHHHHHHH
495,HHHPPHHHHHHHHHHHHHHHHHPHHHHHHH
496,HHHHHHPPHHHHHHHPHHHHPHHHHHPHHH
497,HHHHPHHHPHHHHHHHHHHHHHHHHHHHHH
498,HHHHHHPHHPHHHHHHHHHHHHPHHHHHHH
499,PHHPHHHHHHHHHHHHHHHHHHHHHHPHPH
500,HHHHPHHHPHHHPHHHHHHHHHHHHHHHHH
501,HHPHHHHHHHHHHHHHHHHHHPHHHHHHHH
502,HHPHHHHHHHHHHHHHHPHHHHHHHHHHPH
503,HHHHHHHPHHHPHHHHHHHHHHHHHHHHHH
504,HHHHHHHHHHPHHHHHHHHHHHPHHHHHHH
505,HHHHHPHHPHHHPPHHPHHHHHHHHHHHHH
506,HHHHHHHHHHHHHHHHHPHPHPHHHHHHHH
507,HHPHPHHHHHHHHHHHHHHHHHHHHHHHHH
508,HHHHHHHHPHHHHHHHHHHHHHHPHHHHHH
509,HHHPPHHHHHHHHHHHHHHPHHPPHHHHHH
510,HHHHHPHHHHHHHHHHHHHPHPPHHHHHHH
511,HHHPHHHHHHHPHHHHHHHHHHHHHHPHHH
512,HHHHHHHHHHHHHHHHHHHHPHPPHHHHHH
513,HHHHHHHHHHHHHHHHHHHPHHHHHPHHHP
514,HHHHHHHHHHPHHHHHHHHHPHPHHPHHHP
515,HHHHHHHHHHHHHHPPHHHHHHPHHHHHPH
516,HHHHHHHHHHHPHHHHHHHHHHHHHHHHHH
517,HHHHHPHHHHHHHPHHPHHHHHHHHHHPHH
518,HHHHPHHHPHHHHHHHHHHHHPHPHHHHHH
519,HHHPHHHHHHHHPHHHPHHHHHHHHHHPHH
520,HHPPHHHHHHHHHHHHHHHHHHHHPHHHHH
521,HHHHHHHHHHHHHHHPHHHHHHHHHHHHHH
522,PHHHHPHHHHPHHHHHHHPHHHHHHHHHHH
523,HHHHPHHHHHHHPHHPHHHHPHHHHHHHHH
524,HHHPHHHHHHHHHPHHHPHHHHHHHHHHHP
525,HHHHHHHHHHHPHHHHHHHHHHPHHHHHHH
526,HPHHHPHHPPHHHPHHHHHHHHHHHHHHHH
527,HHHHHHHHHHHHHHHHPPHHHPPHHHHHHH
528,HHHHPHHHHHHHHHHHHPHHHHHHHHHHHP
529,HPHHHHHHHHHHPHPHHHHHHHHHHPPHHH
530,PHHHHHHHHHHHHHHPHHHHPHHHHHHHPH
531,HHPHHHHPHHHPHHHHHHHHHHHHHHHHHH
532,PHHHHPHHPHHHHHHHHHHHHHHHHPHPHH
533,HHHHHHHHHHHHPPHHHPHHHHHHHHHHHH
534,HHHHHHHHHPHHPHHHPHHHHHHHHHHHHH
535,PHHPHHHHHHHHPHHHHHHHHHHHHPHHHH
536,HHHHHHHHHHHHHHHHHHHHHHHHHPHHHH
537,HHPHHHPHHHHHHHPPHHHHHHHHHHHPHH
538,HHHPHHHHHHHHHPHHHHHHHHHHPHHHHH
539,HHHHHHHHHHHHHHPHHHHPHPHHHHHHHH
540,HPHHHHHHHHHHHHHHHHHHHHHPHHHHPH
541,HHHHHPHHHHHHPHHHHHHHHHHHPHHHHH
542,PHHHHHHHHHHHHHHHHHHHHHPPHHHHHP
543,HPHHHHHHHHHHHHPHHHHHPHHHHHHPHH
544,HHHHHHHHPHHPHHHHPHHHHHHPHHHHPH
545,HPHHHHHHHHHHHHPHHHHHHHHHHHHHHH
546,HHHHHHHPHHHHHHHHHHHHHHHHPHPHHH
547,HHHHHHPHHHHHHHHPHHHHHHHHHHHHPH
548,HHHHPHHHHHPHHHHHHHHHHHHHHPHPHH
549,HHHHHHHHHPHHPHHHHHHHHPHHHHHHHH
550,HHHHHHHHHPHPHHHHHHHHHHHHHHHHHH
551,HHHHHHPHHPHHHHHHHHHHPHHHHHHHHH
552,HHHHHHHHHHHHHHHPHHHHHHHHHHPHHH
553,HHHHHHPHHHHHHHHHHPHHHHHHHPHHHH
554,HHHHHHHHHHHHHHPHHPHHHHHHHHHHHH
555,PHPHHHHHHHHHHHHHHHHHHHHHHHHHPH
556,HPHHHPHHHHHHHHHHHHPHHHHHHHHHHH
557,PHPPHHHHHHHPHHHHHHHHHHHHHHHHHH
558,HHHPHHHHHHHHHHHHHHPHHHHHHHHHHH
559,HHHPHHHHHHHHPPHHHHHHHHHHHHHHHH
560,HHPHHHHHHHHHHHHHHHHHPHHHHPHHPH
561,HHHHHHHHHHPHHHHHHPHPHPHHHHHHHH
562,HHHHHHHHHHPHHHHHHHHHHHHPPHHHHH
563,HHHHHHPHHHHPHHHHHHHHHPHHHHHHHH
564,HHHHHHHPHHHHHHHHHHHHHHPHHHHHHH
565,HHHPPHHHHHHHHHHHHHPPHHHHHHHHHH
566,PHPHHHHHHHPHHHHHHHHHHHHHHHHHPH
567,HHHHHHHHHHHHHHHPHHHHHHHHHPHHHH
568,HHPHHHPHHHHHHHHHHPPHHHHHHPHHHH
569,HHHHHHHPHHHHHPHHHHHHHHHHHPHHHH
570,HHHHHHHHHHHHHHHHHHHHHHHHHHHHHP
571,HHHHPHHHHHHHPHHHHHHHHHHHHHHHHH
572,HHHHHPHHHHHHPHHHHHHHHHHHHHHHHH
573,HHPPHHHHHHHHHHHHHHHHHHHHHHHHHH
574,HHPHHHHPHHHHHHHHHHPHHPHHHHHHHP
575,HHHHHHHHPHHHHHHHPHHHHHHPHPHHHH
576,HHHHHHHPPHHHHHHPHHHHHHPHHHHHPH
577,HHHHHHHHHHHHHHHPHHHHHHHHHHHHHP
578,HHHHHHHPPHHHHHHHHHHHPHHPHHHHHH
579,HHHHHHHPHHHPHHHHHHHHHHHHHPHHHP
580,HHHHHHHHHHHHHPHHPHHHHHPHHHHHPH
581,HHPHHHHHPHHHHHHHHHHHHHHHHPHPHH
582,HPPHHHHHPHHHHHHHHHHHHHHHHHHHHH
583,PPHHHHHHHHHHHHHHHHHHHHHHHHHHHP
584,HHHHHHHHHHHHPHHHPHHHHHHHHHHHHH
585,HHHHHHHHHHHHHHHHHHHHPHHHHHHHHH
586,HPPHHHHHHHHHHHHHHHHHHHHHPHHHPH
587,HHHHHHHHHHPHHHHHHHHHHHHHPHHHHH
588,HHHHPHPHHHHHHHHHHHHHHHHHHHHHPH
589,HPHHPHHHHHHHHHHHHHHHHHHHHHHHHH
590,HHHPHHHHHPHHHHHHHHHHHHHHHHHHHH
591,HHHHHHHHHHHHHHHHHHPHPHPHHHHHHH
592,HHHHHHHHHPHHHHHHHPHHHHPHHHHHPH
593,PHHHHHPHHHHHHHHHHHHHHHHHHHHHHH
594,HHHHHPPHHHPHHHPHHHHPHHHHHHHHHH
595,PHPHHHHHHHHHHHHHPHHHPHHHHPHHHH
596,HHHHHHHPHHHHHHHHHHHHHHPPHHHHHH
597,HHHHHHHPHHHPHHHHPHHHHHHHHHHPHH
598,HHHHPHHHHHHHHHHPHPHHHHHHHHHHPH
599,HHHHHHHHHHHHHPHHHHHHHHPHHHHHHH
600,HHHHHHPHHHHHHHHHHPHHHHHHHHHPHH
601,HPHHHHHHHHHHHHPHHPHHHHHHHHHHPH
602,HHHHHPHHHHHHHHHHHPHHHHHPHHHHHP
603,HHHPPHHHHHHHHPHHPHHHHHHHHHHHHH
604,HHHHHHHHHHHHHHHPHHHHPHHHHHHHHH
605,HPHHHHHHPHHPPHHHHHHHHHHHHHHHPH
606,HHHHHHPHHHHHPHHHHHHHHHHHHPHHHH
607,HHHHHHHHHHPHHHHHHHHHHHHHPPHHHH
608,HPHHHHHHHHHHHHHHHHPHHHPHHHHPHH
609,HPHHHHHHHHHHHHPHHPHHHHPHHPHHHH
610,HHHHHHHHPHHHHHHHPHHHHHHHHHHHHH
611,HHHHHHPHHHHHHHHHHPHHHHHHHHHHHH
612,HHHHHHHHHHHHHHHHPHHHHPHHHHHHPH
613,HHHHHHHHHHPHHHHHHPPHHHHHHHHHHH
614,PPHPHHHHHHPHHHHHHHHHPHHHHHHHHH
615,HHHHHHPHHHHHHHHHHHHHHPPHHHHHHH
616,HHPHHHHHHHHHHHHHHHPHHHHHPHHHHH
617,HHPHHHPHHHHHHHHHHHHHHHHHHHHHHH
618,HHHHHPHHHHHHHHHHHHHHHHPPHHHHHH
619,HHHHHHHHHHPPHHHPHHHHHPHHHHHHHH
620,HHHHHHHHHHHHHHHHHHPHHHHPHHHPHH
621,HHHHHHHHPHHPHHHHHHHHHHHPHHPHHH
622,HHHHHHHHHHPHHHHHHPHHHPHHPHHHHH
623,HHHHHHHHHHHPPHHHHHHHHHHHHHHHPH
624,HHHHHHHHHHHHHHPHHHHHHHHHHHHHHH
625,HHHHHHHPHHHHHHHPHHHHPHHHHHPHHP
626,PHHHHHHHHHHHHHHHPHHHHHHPHHHHHP
627,HHHHHHHHPPHHHHHHHHPHHHHHHHHHHH
628,HHHHHHHHHHHPHHPPHHHHHHHHHHHPHP
629,HHHHHHHHHHHHHHPHHHHHHHHHHHPHPP
630,HHHHHHHHPHHHHHHHHHHHHHHHHHHHHH
631,HHHHHHHPHHHHHHHHHHHHHHHHHHPHHH
632,PHPHHHHHHHHHHHHHHHHPHHHHHHHPHH
633,HHHHHPHHHPHHHHHHHHHHHHPHHHHHHH
634,HHHPHHHHHHHPHHHHHPHHHPHPHHHHHH
635,HPHHHHPPHHHHHHHHHHHHHHHHHHHHHH
636,HHHHHHPHHHHHHHHHHHHHHHHHHHHHPH
637,PPHHHHHPHHHHHHPHHHHHHHPHHHHHHH
638,HPHHHHHPHHHHHHHHHHHHHHPHHHHHHH
639,HHHHHHHPHHHHHPHHHPHPHHHPHHHHHH
640,HHHHPHPHHHHPHHHHHHHHHHHHHHHHHH
641,HHHHHHHHHHHHHHHHPHHHPPHHHHPPHH
642,HHHHHHHHHHHHHHHHPPHHHHHPHHPHHH
643,PHHHHHPPHHHHHHHPHHHHHHHHHHHHHH
644,HHHHPHHHHHHHHHHHHPHHPHHHHHHHHH
645,HHHHHPHHHHHHPHHHHHHHHHHHHHHHHP
646,HHPHHHHHHHHPPHHHHHHPHHHHHPHHHH
647,HHHHHHHHHHHHHHHHPHHHHHHHPHHHHH
648,HHHHPHHPHPHHHHHHHHHHPHHHPHHHHH
649,HHPHHHHHHHHHHPHHPHHHHHHHHHHHHH
650,HHHHHHHHHHHHHHHHHHPHHHHHHHHHHH
651,PHHHHHHHHHHHHHHPHHHHHHHHHHHHHH
652,HHHHHHHHHHHHHPPHHHHHHHPHHHHHHH
653,HHHHHPHHPHHHHHHHHHHPPHHHHHHHHH
654,HHHHHHHHPHPHHHHHHHHHPHHHHHHHHH
655,HHHHHHHHHHHHPHHHHHHHHHHHPHHHHP
656,HHHHHHHHHHHHHHHHPHHHHHPHHHHHHH
657,HHPHHHHHHHHHHHHHHHHPHHHHHHHHHH
658,HHHHHHHHHHHHHHHHHPHHHHHHHHHHHH
659,HHPPHHHHHHHHHHHHHHHHHHPHHPHHHH
660,HHPHHHHHHHPHHHHHHHHHHHHHHHHHHP
661,HPHHHHHHPHHPHHHHHHHHHHHHHHHHHH
662,HHHHHHHPHHPHHHHHHHHHHHHHHHHHHH
663,HPHHHHHHPHHHHHHHHHHHHHHHHHHHHH
664,HHHHHHHHHHHHHHHHHHHHPHHHHHHHHP
665,HHHHHPHHHHHHHHPHHHHHHHHHHHPHHH
666,HHHHHHHHPHHHHHHHHHHHPHHHHHHHHH
667,HHHHHHPHHHPPHHHHHHHHHHHHHHHHHH
668,HPHHHHHHHHHHPPHHHHHHHHPHHHHHHH
669,HHHHHHHHHPHHHHHHHHHHPHHHHHHHHH
670,HHHHHHHHHHHHPHHHPHHHHHHPHHHHHP
671,HHHHHHPPHHHHHHHHHHHHHHHHHHHHHH
672,HHHHHHHPHHPHHHHHHHPHPHHHHHHHHH
673,PHHHHHHHHHHHHHHHHHHHHHPHPHPPHH
674,HHHHHHHHHHHHHHHHHHHHHPHHHPHHHH
675,HHHPHHHHHHPHHPHHHHHHHHPPHHHHHH
676,HPHHHHHHHHHHHHHHHHHHHHHHPHHHPH
677,HHHHHPHHPHHHHHHPHHHHHHHHHHHPHH
678,HHHPHHPHPHHHHHHHHHHHHHHHHHHHHH
679,HHHHHHHHHHHHHHHHHHPHHHHHHPHHHH
680,HHHHHPHPHHHHPHHHHPHPHHHHHHHHHH
681,HHHHHPHHPHHHHHHHHPHPHHHHHHHPHH
682,PHHHPHHHHHHHHHHPHHHHHHPPHHHHHH
683,HHHHHHHHHHHPHPHHHHPHHHHHHHHHHH
684,HHPHHHHHHHHPHHHHHHHPPHHHHHHHHH
685,HPHHHHHHHHHHHHHPHHPHHHHHHHHHHH
686,HHHHHHHHHPHHHPHHHHHPHHHHHHHPHH
687,HHHHHHPHHHHHHHPHHHHHHHHHHHHHHH
688,HHHHHHHHPHPHHHHHHHHHPHHHHPHPHH
689,HHHHHHHHHHPHHPHHHHHHHHHHHHHHHH
690,HHHHPHHHHHHHHHHHHPHHPHHHHHHHPH
691,PHHHHHHHPHHHHHHPHHHHHHHHHHHHHH
692,HHHHHPHHHHHHHHHHHHHPHHHHHHHHHH
693,HHHHHPHHHHHPHHHHPHHHHPHHHHHHHH
694,HHHHHHHHHPHHHHHHHHHHHHHPHPHHHP
695,HPHHHHPHPPHHHHHHHHHHHHHHHHPHHH
696,HHPHHHHHHPHHHHHHHHHHHHHHHHHHHH
697,HPHHHHPHHHHHHHPPHHHHHHHHHHHHHH
698,HHHHHHHHHHPHHHHHHHHHPHHHHHHHHH
699,HHHHHHHHHHHHHHHHHHHHPHHHPHHHPH
700,HHPHHPHHHHHPHHHHHHHPHHHHHHHHHH
701,HHHHHHHHHHHPHHHHPHHHHHHHHHHHHP
702,HHHHHPHHHHHHHHHPHHHHHHHHHHHHHP
703,HHHHHHPHHPHHPPHHHHHHHHPHHHHHHH
704,PHHHHHHHHHHHHHHHHHPHHHPHHHHHHH
705,PHHHHHHHHHHPHHHHPHHHHHPHHHHHHH
706,HHHHHHPHHHHHHHHHHHPPHHHHHHHHHH
707,HHHHPHHHHHPHHHHHHHHHPHHHHHHHHH
708,HHHHHPHHHHPHPHHHHHHHHHHHHHHHHH
709,HHHHHHPPHPHHHHHHHPHPHHHHHHHHHH
710,HPHHHHHHHHPHHHPHHHHHHHHHHHHHHP
711,HPHHHHHHHHHHHHHHHHHHPPHHHHPHHH
712,HPHHHHHHHHHHHPHHHHHHHHHHHHHHHH
713,HPHHPHHPHHHHHHHHHPPHHHHHHHHHHH
714,HHHHHHHHPHHHHPHHHHHHHHHHHHHHHH
715,HHHHHHHHHHPHPHHHHHHHHHHHHHPHHH
716,HHHHHHPHHHHHHHHHPHHHHHHHHHHHHH
717,HHHHPHHHHHHHHHHHHPHHHHHPHPHHHH
718,HHHHHHPHHHHHHPHHPHHHHHHHHHHPPH
719,PHHHHHHHHHHPHHHHHHHHPHHHHHHHHH
720,HHHHHHHHHHHHHHPHHHHHHPHHHHHPHH
721,HHHHPHPHHHHHPHHHHPHHHPHHHHHHHH
722,HHHHHHHHPHHHPHHHHHHHHHPHHHHHHH
723,HPHHPHHHHHPHHHHHHHHHHHHHHHHHHH
724,HHPHPHHHPHHHHHHHHHHHHHHHHHHHPH
725,HHHHHHHHHHHPHHHHHHHHHHHPHHHPHH
726,PHHHHHHPHPHHHHHHHPHPHHHHHHHHHH
727,HHHHPHHHHHPHPPHHHHHHHHHHHHHHPH
728,HHHHHHHHHHHHHHHPHHHHPHHHPHHHHH
729,HHPHHHHHHHHHHHHHPHHHHHHHPHHHHH
730,HPHHHHPHHHHHPHHHHHHHHHHPHHPHHH
731,HHHHHHHHPHHHHHHHHHPHHHHPHPHHHH
732,PHHHHHHHHHHPHHHHHHPHPPHHHHHHHH
733,HHHHHHHHHHHPHHHPHHHHHHHHPHHHHH
734,HHHHHHPHHHHHHPHHHHHHHHHHHHHHHP
735,HHHHHHHHHHHHHHHPHHPPHHHPHHHHHH
736,HPHHHPHHHHHHPHHHHPHHHHHHHHHHHH
737,HPHPHPHPHHHPHHHHHHHHHHHHHHHHHH
738,PHHHHHHHPHHHHHHHHHHHHHPHHHPHHH
739,HHHHHHHPHHHHHHHHHHHHHHHHHHHHHH
740,HHHHHHPHHHHHHHHHHHPHHHHHPHHHHH
741,HHHHHHHHHHHPHHHHHPHHPHHHHHHHHP
742,HHHPHHPHHHPHHHPHHHHHHHHHHHHPHH
743,HHHHHHHHPHPHHPHHHHHHHHHHHHHHHH
744,PHHHHPHHHHHHHHHHPHHPHHPHHHHHHH
745,HHHHHHHHPHHHHHHHHHHHHPHHHHHHHH
746,HHPHHHHHHHHHHPHHHHHHPHHHHHHHHH
747,HHHHHHHPHHHHHHHHHPHHPHHHHPHHHH
748,HHHHPHHHHHHHHHHHHHHHPPHHHHHHHH
749,HHHHHHHHHHHHHHHHHHHPHPHHHHHHHH
750,HHHPHHHHHHHHHHHHHHPPHHHHHHHHHP
751,HHHHHHHHHHHHHHHHHHHPHHHHHHHHPH
752,HHHHHHHHHHHHHPHHHHHHHHHPHHHHHH
753,HHHHHHHHHHHPHHPHHHHHHHHHHHPHPH
754,HHHHHHHHHHHHHHHHPHHHHHHHHHHHPH
755,PHHHPHHHHHPHHHHHHHHHHHHHHHPHHH
756,HHHPHHHHHHHHHHHHHHPHPHHHHHHHHH
757,HHHHHPHHPPHHHHHHHHHHHHHPHHHHHH
758,HHHHHHHHHHHHPHHHHHHHHHHPHHHHHP
759,HHHHHHHHHHHHPHHHHPPHHHHHHHHPHH
760,HPHHHHHHHHHHHHPHHPPHHHHHHHHHHH
761,HHHHHHHHHPHHHHHHHHHHHHHHHHHHHH
762,HHPHHHHPHHHHHHHHHHPHHHPHHHHHHH
763,HHHHHHHHHHPHHHHHHHPHHHHHHHHHHH
764,HHPHHHPHPPHHHHHHHHHHHHHHHHHPHH
765,HHHHHHHHHHHHHHHHHHHHHHPHHHHPPH
766,HHHHHHHPHHHHHHHHHHHHHHHPHHHHHH
767,HHHHPHHHHHHPHHHHHHHHHHHHHHHHHH
768,PPHHHHHHHHHHHHHHPHHHHHHHHPHHHH
769,HPHPHHHHHHPHHHHHHHHHHHHHHHHHHH
770,PHHHPHPHPHHHHHHHHHHHHHHHHHHHHP
771,HHHHHHHHHPHHHHHHHPHHHPHHHHHHHH
772,HHHPHHHHHHHHHHHHPHHHHHHHHPPHHH
773,PPHHHHHHHPHHHHHHHHHHHPHHHHHHHP
774,PHHHHHHHHHPHHHHPHHHHHHHHHPHHHH
775,PPHHHHHHHHHHHHHHHPHHHHHHHHHHHH
776,HHHHHHHHHHPHHHHHHHHHHHHHHHPPHH
777,HHHHHHHHPHHHHHHHPHHHHHHPHHHHHH
778,HHHHHHHHHHHHHHHHHHHHHPHHHHHHHH
779,HHHPHHHHHHHHPHHHHHHHHHHHHPHPHH
780,HPHHHHHHHHHHHHHHHHHHHHPPHHHHHH
781,HHHHHHPHHHHHPHHHHHHHHHHHHHHHHH
782,HHHHHHHHPHHPHHHHHHHHHHHHHHHHHP
783,HHHHHHHHHHHHHHPHHHPHHHPHHPHHHH
784,HHHPHHPHHHHHHHPHHPHHHHHHHHHHHH
785,HHHHHHHPHHHPHHHPHHHHHHHPHHHHHH
786,HHHHHPHPHHHHHHHHPHHHHHHHHHHHHH
787,HHHHHHHHHHHHHHHHHHHHHHHHHHPHPH
788,HHHHHHHHHHHHPHHHHPHHHHHHHHHHHP
789,HHHHHHHHHHPHHHHHHHHHHPHHPHHHHH
790,HHPHHHHHHHHHHHHHHHHHHPHPHHHHHH
791,HHPHPHHHHHHHHHHHHHHHHHHHHPHHPH
792,HHHHPHHHHPHHHHHHHPHHHHHHHHHHHH
793,HHHHHHHHHHHHHHHHHHHPHHHHHHHHHP
794,PPHHHHHHHHHHHHHHHHPHHHHPHHHHHH
795,HHHPHHHPHHHHHHPHHHHHHHHHHHHHHH
796,HHHPHHPHHHHHHPHHHHHHHHHHHHPHHH
797,PHHHPHHHHHHHHHHHHPHHHHHHHHHHHH
798,HHHHPHHHHHHHHHHPHHHHPHHHHHHHHH
799,HHHHHHPHHHHHHHPHHHPHHPHHHHHHHH
800,HHPHPHPHHHHHHHHHHHHHHHHHHHHHHH
801,HHHHHHHHHHHHHHHHPHHPHHHHHHHHHH
802,HHHPHHHHHHHHHHHHHHHHHPHHHHPHHH
803,HHHHHHPPHHHPHHHHHHHHHHHHHPHHHH
804,HHPHHHHHHHHHHHHHHHPHHHHHPPHHHH
805,HHHHHHHHPHHHHHHHHHHPHHHHHHPHHH
806,HHHHHHHHHHPHHHHHHHHHHHHHHPHHHH
807,HHHHHHPHHHHHPPHHHHHHHHHHPHHHHH
808,HHPPHHHHHHHHHHHHPHPHHHHPHHHHHH
809,HHHHHHPHHHHHHPHPHHHHHHHHHHHHHP
810,HHHHHHHHHHHHHHHHHHPPHHHHPHHHHH
811,HPHHHHHHHHHHHHHPHPHHHHHHHHHHHH
812,HHHHHHHHHHHHHHHHHHHPHHHHHPHHHH
813,PHHHHHHHHHHHHHHHHHHHHHHHHPHHHH
814,HHHHHHHHHHPHHHHPHHHHHHHPHHHHHH
815,HHHHHHHHHHHHHHHPHHPHHHPHHHHHHH
816,HHPHHHHHHPHHPHHHHHPHHPHHHHHHHH
817,HHHHHHHHHHPHHHPHHHHHHHHHHHHHHH
818,HHHHHHPHHHHHHHHHHHHHHHHHHHPHHH
819,HHHPHPHHHHHHHPPHHHHHHHHHHHPHHH
820,HPHHHHHHPHPHHHHHHHHHHPHHHHHHHH
821,PHHPHHHHPHHHHHHHHHHHHHHHHHHHHH
822,HHHPHPHHHPHHHHHHHHHHHHHHHHHHHH
823,HPHHHPHHHHHHHHHHHHHHHHHHHHHHPH
824,HHPHHHHHHHHHHHHHHHHHHHHHHHHHHP
825,HHHHHHHHHHHHHHHHPPHHHHHHHHHHHH
826,HHHHHHHHHPHHHHHHPHHHHHHHHHHPHH
827,HHHHHHHHHHHHHHHHHHPHHHHHPHHHHP
828,HHHHHHHHHHHHHHPHHHHHPHHHHHHHHH
829,HHHHHHHHHHPHHHHHHHPHHHHHHHHHHP
830,HHHHHPHHHHHHHHHHHHHHPHHHHHPHHH
831,HHHHPHHHHHHHHPHHHHHHHHHHHPHHPH
832,HPPHHHHHHHHHHPHHHHHHPHHHHHHHHH
833,HHHHHHHHHHHPHHHHHHHHPHHHPHHHHP
834,HHHHHHHHHHHHHPHHHPHHHHHHHHHPHP
835,HHHHHHHHHHHPHHHHHHHHHHHHHHPHHP
836,HHHHHHHHHHPHHHHHHHHPPHHHHHHHHH
837,HHHHHHHHHHHHHHHPHHHHHHHHHHPHHP
838,HHPHHHHHHHHHPPHHHHHHHHHHHHHHHH
839,HHHHHHHHPHHHHHHHPHHPHHHHHHHHHH
840,HHHPHHPHHHHHHPHHHHPHHPHHHHHHHH
841,HHPHHPHHHHHHHHHHHHHPHHHHHHHPHH
842,HHHHHHHHHHHPHHHHHHHHHHHPPHHHHH
843,HHHHHPHHHHHHPHHHHHPHHHHHHHHHHH
844,PHHHHHHHHHHHHHHHHHHHHHHHPHHHHH
845,PHHHHHPHHHHHHHPHHHHHHHHHHHHHHH
846,HHHHHHPHHHHHPPHHHHHHHHHPHHHHHH
847,HHHHHHHHHHHHHHHHPHHHPHHHHHPHHH
848,HHHPHHHPHHPHHHHHHHPHHHHHHHHHHH
849,HHPHHHPHHHHHHHHHHHPHHHHHHHHHHH
850,HHHHHHHHHHHHHHHHHHHHHHHHPHHPHH
851,HHHPHHHHHHPHHHHHHHHHHHHHHPHHHH
852,HHHHHHHHHHHHHHHHHHHHPHHHHPHHHH
853,HHHHHHHHHHHHHPHHHPHHHHHHPPHHHH
854,HPPHHPHHHHHHHHHHHHHHHHHHHHHHHH
855,HHHHHHHHPHHHPHHHHHHHHPHHHHHHHH
856,HHHHHHHHHHPHHHHHHHHHHPHHHPHHHH
857,HHHHHHHHHHHHHHHHHPHHPHHHHPPHHH
858,HHHHHHHHHHHHHHPHHHPHHHHHHHHHHH
859,HPHHHHHHHHHHHHHHHHHPHPHHHHHHHH
860,HHHHHPHHHHHHHPHHHHHHHHPHHPHHHH
861,HHHHHHHHHHHHHHHPHHHHHHHHHHHHPH
862,HPHHHHHHHHHHHHHHHHHHHHHHHHHHPH
863,HHHPHHHHHHPHHHHHHHPHHHHHHPHHHH
864,HHHHHHPHHHHHHHPHHHHHHHHHHHPHHH
865,HPHHHHHHPPPHHHHPHHHHHHHHHHHHHH
866,HHHHHHHHHHPHHHHHHHHHHHHHHHHHPH
867,PHHHHHHHHHHHHHHHHHPHHHHPHHHPHH
868,HHHHHHHHPHHHHHHHHHHHHPHHHHPHPH
869,PHHHHHHHHHPHHHHPHHHHHHHHHHHHHH
870,HPHHHHHHHHHPHHHHHHHHHHHHHHHPHH
871,HHHHHPHHHHPHHHHHHHHHHHHHPHHHHH
872,HHHHHHHHPHHPHHHHHHHHPHHPHHHHHH
873,HHHHHHHHHHHPPHHHHHHPHHHHHHHHPH
874,HHPHHHPPHHHHHHHHHHHPHHHHPHHHHH
875,HHHHHHHHHHHHPHHPHHHHHPHHHHHHHH
876,HPHHHHHHHHHHHHHHHHPHPHHHHHHHHH
877,HHHHHHPHHHHHHHHHHHHHPHHPHHHHHH
878,HHHHHHPHHHHPHHHHHHHHHHPHHHPHHH
879,HHHHHHPHHPHHHHHHHPHHHHHHPHHHHH
880,HHHHHHHHHHHHHHHHHPPHHHHHHHPHHH
881,HPHHHPHHPHHHHHHHHHHHHHPHHHHHHH
882,HHHHHHHHHHHPHHHHHHPHHHHHPHHHHH
883,HHHHHHHPHHHHHHHHPHHPHHHHHHHHHH
884,HHHHPHHPHHHHHHHHHHPPHHHHHHHHPH
885,HHHHHHHHHHHHHHHPHHHHHHHHHHHPHH
886,PHHHHHHHHHHHHHHHHHHPHHHHHHHHHH
887,HHHPHHHHHHHHHHHHHHPPHHHHPHHPHH
888,HHHHHHHHHHHHHHHPHHHHHHHHHHHPPH
889,HHPHPHHHHHHHPHHHHHHHHHHHHHHHHH
890,HHHHHPHHHHHHHHHPHHHHHHHHHHHPHH
891,HHHHHHHHPHHHHHHHHHPHHHHHHHHHHH
892,HHHHHHHHHPHHHPPHHHHHHPHHHHHHHH
893,PHPPHHHHHHHHHHPHHHHPHHHHHHHHHH
894,HHHPHHHHHHHHPHPHHHHHHHHHPPHHHH
895,HPHHHPHHHHHPHHHHHHHHHHPHHHPHHH
896,HHPHHHPHPHPHHHHHHPHHHHHHHHHHHH
897,HHHHHHHHHHHHHPHHHHHHHHHHHHHHHH
898,HHHHPHHHHHPHHHHHHHHHHPHHHHHPHH
899,PHHHHHHHHPHHPHHHHHHPHHHHHHHHHH
900,HHHHHHHHHHHHHHHHHHHHHHHHHHPHPP
901,HHHHHHPHHHHHPHHHHHHHPHHHHHHHPH
902,HHPHPHHHPHHHHHHHHHHHHHHHHHHHHH
903,HHHHHHHHHHPHHHHHHHHHHPHPHHHPHP
904,HHHHHPPHHHHHHHHPHHPHHHHHHHHHHH
905,HHHHHHHHHHHHHHHHHHHHHHHHHHHHPH
906,HHHHHHHHPHHHHPPHHHHHHHHPHHHPHH
907,HHHHHHPHHHPHHHHHHHHHHHHHHHHHHH
908,HHHHHHHHHHPHHHHHHHHHHHHHHHHPHP
909,HHHHHHHHHHHHHHHHHHPHHHHHHHHPHH
910,HHHHHPHHHPHHHHPHHHPHPHHHHHHHHH
911,HHHHHHHHPPHHHHHHHHPHHHHPHHHHHH
912,HHHHHHPHHHHHHHHHHHHHHHHPHHHHHH
913,HHPHHHHHHHHHHHPHHHHHHHHHHPHHHH
914,HHHHHHHHHHHHHHHHPHHHHHHHHPPPHH
915,HHHHHHHHHHHHHHHHPHHHHHHHHPHPHH
916,HHHHHPHHPHHHHHHHPHHHHHHHHHPHHH
917,HHPHHHHHHHHPPHHHHHHHHHHHHHPHHH
918,HHHHHHHHHPHHHHHHHPHHHHHHHHHHHP
919,HHHHHHHHHHHHHPHHPHHHHHHHHHHPHH
920,HHPPHHHHHHHHHHHHHPHHHHHHHHHHHH
921,HPHHHHHHHHHHHHHHHHHHHHHHHHHHPP
922,HHHHHHHPPHHPHHHHHHHHHPHHHHHPHH
923,HHHHHHHPHHHPHHHHHPHHHHHHHHHHHH
924,HHHHPHHHHHHHHPHHHHHHHHHHHHHHHH
925,HHHHHHPHHHHHHHHHHPHHHHHHPHHHHP
926,HHPHHHHHHPHHHHPHHHHHHHHHHHHHHH
927,HHPHHHHHHHHHHHHHHHHHPHHHHHHHHH
928,HHHHHHHHHHHHHHHHHPHHHHHPHHHHHH
929,PHHHHHHHHPHHHHHHHHHHHHHPHHHHHP
930,HHHHHHHPHHHHHHHHHHHHHHPHHHHPHH
931,HHPHHPHHHHHHHHHHHHHHHHHHHHHHHH
932,HHHPHHHHHHHHHPHHPHHHHHHHHHPHHP
933,HHHHHHHHHHHHHHPHHHHHPHHHPHHHHH
934,HHHHHHHHHHHHHHPHHHHHHHHHHHHHPH
935,HHHHHHHHHHPPPHHHPHHHHHHHHHHHHH
936,HHHHHHPHHHHHPHHHHHHHHHHHHHPHHH
937,HHHHPHHPHHHHHHHHHHHHHPHHHHHHHH
938,HHHHHHHHPPHHHHHHHHHHHHHHHPHHHH
939,HHHHHHHHHHPHHHHHPHHHHHHHHHHHHH
940,HHHHHPHHHHHHHHHHHHHHHHHHHHPHHP
941,HHHHHHHPHHHHPHHHHHHHPHHHHHHHHH
942,HHHHPHHHHHHPHPHHHHHPHHHHHHHHHH
943,HHHHHPHHHHHHHHHHHPHHHHHPHHHHHH
944,HPPHHHHHHHHHPHHHHHHHHHHHHHHHHH
945,HHHHHPHHHHHHHHHHHHHPHHHHPHHHHH
946,HPHHHHHHHHPPHHHHPHHHHHHHHHHHPH
947,PHHHHHPHHHHHHHHHHHHHHHHHHHHHHP
948,HHHHHPHHPHHHHHHHHHHPHHHHHHHHHH
949,HHHHHHHHHHHHHHHHHHPHHHPHHHHHHH
950,HPHHHHPHHHHPHHPHHHHHHHHHHHHHHH
951,PHHHHHHHHPHHHHHHHHHPHHPHHHHHHH
952,HHHHHHHPPHHHHHPHHHHHHHHHHPHHHH
953,HPHHHHHHHPHHHHHHHHHHHHPHPHHHHP
954,HHHHHHHHHPHHHHHHHHHHHPHHHHPHHH
955,HPHHHHHPHHHHHHHHPHHHHHHHHHHHHH
956,HHHPHHHHHHHHHHHHPHHHPHHHHHHHHH
957,HHHHHHHHHHHHHHHHHHHHHHHHPHHPPH
958,HHHHHHHHHHHPHHHHHHPHHHHHHHHHHH
959,HHPHPPHHHHHHHHPHHHHPHHHHHHHHHH
960,HHHHHHHHHHHHHHHHPHHHHHHHHHHHHH
961,HHHPHHHHHHHHHHHHHHHHHHHHHPHHHH
962,HHHPHHHHHHHPHHHHHHHHHHHHHHHHHP
963,HHHHHHHHHHHHHHHPHHHHHHHHHPPHHH
964,HHHHPHHHHHHHHHHHHHHHPHHHHPHHHH
965,HHHHHHHHPHHHHHHHPHHHHHHHPHHHHH
966,HHHHHHPHHHHHPPHHHHHHHHHHHHHHHH
967,HHHHHPHHHHHHHHHHHHHHHHHHHHHHPH
968,HHHHHPHHHHHHHPHHPPHHPHHHHHHHHH
969,HHHHHHHPHHHHHHHPHHHHHHHHHHHHHH
970,HHHHHHHHHHHHHPHHHHHHHHHHHHPHHH
971,HHHHHHPHHHHHHHHHHHPHHHHHHHHHPH
972,HHHHHHHHHHHHHHPPHHPHPHHHHHHHHH
973,HHHHHHHHHHHHHHPHHHHPHHHHHHHHHH
974,HHHHHHHPHHHHPHHHHHHHHPHHHHHHHH
975,HHPHHHPPHHHHHHHHHHHHHHHHHHHHPH
976,HHPHHHHPHHHHHHHHHHHHHHHHHPPHHH
977,PHHHHHHHHHHHHHHHPHHHHHHHPHHHHH
978,HHHPHHHHHHHHHHHPHHHHPHHHHHHPHH
979,HHHHHHHHHHHHHHHPHPHHHHHHPHHHHH
980,HPHHHHHHPPHHHHHHHHHHHPPHHHHHHH
981,PHHHHPPHHHHHHHPPHHHHHHHHHHHHHH
982,HHHPHHHHHHHHHHHHHHHPHHPHHHHHHH
983,HHHPPHHHHPPHHHHHHHPHHHHHHHHHHH
984,HHHHHHHPHHHHHHHHHPHHHHPHHHHHHH
985,HHHPHHPHHHHHPHHHHHHHHHHHHHHHHH
986,HHPHHHHHHHHHHHPHHHHPHHHHHHHPHH
987,HHHHHHHPHHHHHPHHHHHHHHHPHHHHHH
988,HHHHHHHHHHHHHHHHPHHHHHHHHHPHHH
989,HHHHHHHHPHHHHHHHHPHHHHHHHHHHHH
990,HHHHHHHHHPHHHPHPHHHPHHHHHHHHHH
991,HHPPHHHHHHHHHPHHHHPHHHHHHHHHHH
992,HHHHPHHHHHHPHHHHPHHHHHHHHHHHHH
993,HPHHHHHHHHHHHPHHHHHHHHHHPHHHHH
994,HHHHHPHHHPHHHHHHHHHHHPHHHHHHHH
995,PHHHHHPHPHHHHHHHHHHHPHPHHHHHHH
996,HPHHHHHHHHHHHHPHHHPHHPHHHHHHHH
997,HHHPHHHHHHHPHHHHHHHHHHHHPHHHHH
998,HHHHHHHHHHHHHHHHPHHHHHHHHHHPHH
999,HHHHHHPHHHHPHHHPPHHHHHHHHHHHHH
