id,sequence
0,HHHHHPHPPHPPPHPPHHHPHHPHHHHPHP
1,HHPHHPPHHHPHPHPHPHPHHHHPHHHPPP
2,PHHPPPPHHHPPHHHPPHPPHHHHHPPHHP
3,PPHHHHPHHPHPPHPPPHHHPHPPPPHHHH
4,PHHHHHPHHPHHHPHPHPHPHHPPPPHHHP
5,HHPPHHPHPPPPPHPPHHHHHPHHHHHPHH
6,HHPPHHPPHPPHPHHHHHPPPHHPPPHHHH
7,HPPPPHPHPHPHHPHPPHHPHHHHPHPHHH
8,PPHPPHHHPHPPHHHHHHPHHPHPPPPHPH
9,HHPHPHPPHHHHHHPHPHPPPHPPHPHHHP
10,PPPPPHHHHPHHHHHHPHHHHPHPPPPHHH
11,PPPPHHPHHHHHPPPHHPPHHHHHHPHHPH
12,HHHPHHPHHPPPPPPPPPPHHHHHHHHPPH
13,HHHPHPPPPPHHPHHPHHHHHHPPPPPHPH
14,HHHPHPPPPPPPHPHPPHHPHHHHHHHHHH
15,PPHPHHPPHHPHHHHPHHHHPHHHPPPPHP
16,PHHPHHPHPHHPPPPPHPHPHPPHPHHHHH
17,HHPPPPHHHHPHPHHHPHPPHHHPHPHPPH
18,HPPPHPHHPHPHPHHHHPPHHPHHHHHPPH
19,PHHHPPHPHPHPHPHPHHPHHPPPHHPHHH
20,HHHPHHHHHHHPHPPPHPHPPHHPHPPHHP
21,PPHHPHHHHHPHPHPHPHPPHPHHHPHPPH
22,HPPHHHHHHHPHPPHHHPPHPHPHHPPHPH
23,PHHHHHPHPHHHPPHPPHPPHHPHHHPPPP
24,HPHHHHPHPPPPPPHHPPHHHPHHPHHPHH
25,PPPPPHHPPPHHHHHPHHHPHHHHPHPPHP
26,HPPHPPPHHHHHPPPHHHPHHPHHHPHHPH
27,PHHPPHPPHHPPHHHPPPHPHPHPPHHHHH
28,PHHPPPHPPHHPHHPHPPHPHHHPPHHPHH
29,HHPHPHPHPHPHHHPHPHHPHPPPHHPPPH
30,HPHHHPPHHHHHPHHHHPPPPPPHHPPHPH
31,HPPHPHPHPHPHHPHHHHHPPPHHHPPPHH
32,PHHPPHHPHHPPPHHHPPHHHHPPHHHHPH
33,PHHPHHHPHHPHPPPHHPHHPHPPHHPHHH
34,PHHHHPPHPHPPPHHHPHPHPHPHHHPHPH
35,PHHHPHHHHHHHHHHPPPPHPHHPHPPPPP
36,PHHPHHHPPPHHPHHHPHPPHPHPHHPPHH
37,HHHHHHPPHHHHHHPHHPPPPPHPHPHHPP
38,HPPHHHPPHPPHHHPHPHHHHPHPHHPHPP
39,HHHPHPHHPPPPHHHPPPHHPHHHHHPPPH
40,HPPHHHPHHHHPHPHPPPHPHHHPHHPPPP
41,HHPHHHHPPPHPPHHPPHPHPPHHHHHPPP
42,HHHHHPPHHHHPHHHHPHHHPPPPPPPPHH
43,PHHPHHPHPPHHHPHHPHPHHHHHPHPHPP
44,HHHHHHHPPHHHHHPHHHPHPPPPPPPHPH
45,PPPHHHPHHHHPPHHHHPHPPHHPPPHPHP
46,PPHPPHHHPPPHPHHHHHPHHHPPPPHHHH
47,HHPHPHHPPPPPHHHHHHHPHHPPPHHHPH
48,HHHPPHHHPHPPHHPPPHHHPHHHPPPPPH
49,HHHHPPPHHHHHPHHPPPPPHHPHPHPPHH
50,PPPPPHHPHHHHPPHHHPPHHHPPPHPHHH
51,HHPHHHPHHPPPHHHPHHHHPHPHPPHPHP
52,HPHPHHPPHPPHHHPPHHPPHHHHHPHHHP
53,PPHHHHHHPHPPHPHHPPHPHPHHPHHPHP
54,HHHPPPPPHPHHHPPHHHHPHPPHPHHPHH
55,HHPPPHHHPHHHHHHPHPPHHHHPPPPPHP
56,HPPHHPHPHHHPHHHPHPHHHHPPHHPPHP
57,PHPPHPHHPPHPHPPHHHPPHHHHPPHHHP
58,PPHPHHPPHHHPHHPHPPHHHPPHHHHPHP
59,HPHPPHHHHHPPPPHHHPPHPHPHHHHPPH
60,PHHPHHPHPHPHPHHPPPHHPHHPHPHHPH
61,HPHPHHPHPPHPPPHHHHPHHHPHPPPHHH
62,HPHHHPHHHPPHHPHHPPHHPPPHPPHPPH
63,PPPPPHHPHHHPPHPHPHHHHPPHPPHHHH
64,PHHHHPPHPHHHPPPPHPPHHPHHHPHPPH
65,HPHHHPPPHHHHHHPHHHPHPPPPHPPPHP
66,HPHHHHPHHHHPPHHPPPPHPHHHPPHHPH
67,PPPPHPPPHHHPHHHHHHPHPHPPPHHHHH
68,HPPHHPHPPHHHPPHPHHPHHPHPHPPHHH
69,HPPHPHHPPPHHPHHHHHPPHPHPPPHHHP
70,HHPHPPHHHHPHHPPHHPHHPHPHPHHPHP
71,HHHHHPHPHHHPHHHPPPPPPPHHHPPPPH
72,HHPPHHHPPHHPHHPPPHPPHHPHHPPPHH
73,PHHHHPPHHHPHHHHHPPHPPHPPHPPHHP
74,HPPPPPHHHHHPHHHPPPHHPHHPHHPHHP
75,PPHHPHHPPHPHHHHHHHHPPHHPHHPPPH
76,PPHPPPPHHHHHPHPHHHHHHHHPHPPPHH
77,PHPPHHHHHHHPHHHHHPHPPHPHPPHPPH
78,PPPPPHHHHPHHPPHHPHPHPPHHHPHHHH
79,PPPHHHPHHHHPPPHHHHPPPHPHHHHPHH
80,PHHPPPHHHPPPHHHHHHPHPPHHHPHHHP
81,HPPPPHPPHHHPHHHPPPHHHPPHHPHHHP
82,HPHHHPHHHHPHHPHPPHPHHPHPPPPPHH
83,PPPHHPPPPHHPHPPHHHHHHPHHHHHHHP
84,HHHHPHHPPHHPPPPHHHPPHHPHHPPPHH
85,PHPHHHPHHHPHHPPHPHPPPHHHHPHPHH
86,HPPHHHPPHHPPHHHHHPPHPPHHPHHHHP
87,HPHHHHPHHHHPHPPPPPHPHPPHHHHHHP
88,HHHPHHHPPPPHHPHPPHHPHPHHHHPPHP
89,HHPHHPPHPPPHHHHHPHPHHPPPPHHHPH
90,HHHHHHHHPPHPPPPHPHPHPHHPHHPHHP
91,HHHPPPHHHPPHPPHHHPHHHHHPHPPHPH
92,PHHPHHHPPHHPHHHPPPPHPHHPHHPHPP
93,HPPPHHHHHHPHHPHHHPPPPPPHPHHHHH
94,HPHHPPHPPHPHPPPPHHHHPHPHHPHPHH
95,PHHPHHPPHPPHHPPPHPHPHHHPHHHHPH
96,PHPHHPHHPPPHHPPHHPHPHPHHPHHHHP
97,PPPPPHHHPHHPHPHHHPHHHPPHHPPPHH
98,HHHPHHHPHPHPHPHHPPPPPHHPHHPHPP
99,PPHPHPHPHHPPHHHHHHPHHPHPPPPPHH
100,PHPPPHHHPPHHPPHHPPPPHPHHPHHHHH
101,HPHHHHPHPHPPHHPHHHHPPHHPPPHPPH
102,HHPPHPHHPHPPPPHHPHHHHHPPHHHHHP
103,PHHPHPHPPPHHHHPPPHHPHPPHHHPHPH
104,HHHHHPPPPHHPHHHPHHHPHHPPPHHPHP
105,HHPHPPPHHHHPHHPHHHHHPPHHHPPPPP
106,PHHHHHPHPHPHHHPPPHPHPPHPHHHPHP
107,HPPHHHHHPHPHHPHHPHHHHHPPHPPPHP
108,HPHPPHHPHPHHPHHHHPPHPHPPPHHHHH
109,PHPHPPPPHPPHHPHHHPPPHHHPHHHHHH
110,HHPHPHPHHPHPPHPHPPHPHHPPHHPPHH
111,HPHHHHPHHPPHPPPHHHHHPPPHHHPHHP
112,PHHHPHHPPHHPPHHHHPHPHPHHHPHPPP
113,HHHPPHHPPHPPPHPPHHPHHPHPPHHHPH
114,HPPPPHHPPHHHPPHHPHHPHHHHHHHHPP
115,PHHPPHHHHHPPPHHHHPPHPPHPPPHHPH
116,HHHHHPHPPHHPPHHHHPPPHPPHPHPPHH
117,HPPHHHHHHPHHHHPHPPPHPPHPHPPHHP
118,PHHHPPPHHHHPPPPHPHPHHHHPPHPHHH
119,HHPPHPHHHHPHPPHHHHHPPPHHHPHPHP
120,HPPPPPHHHPHHPHPPPPPHPHHHHPHHHH
121,PHHHPHHHPPPPHHHHHHPHPHPHPHHPHP
122,HPHHPHPHPHHHHHPPPPPHHHHHPHPPPH
123,PPHHHHPHPHHHPPHHPHHPHPPHPHHHHP
124,PHHHHPHHHHHPPPHPHPHHHHHPHPPPHP
125,HPHPHPHHHHHHHHPHPPPPHPHPHHHPPP
126,HHHPPHHPHHHPPHHHPPPPPPHPHHHPPH
127,PPHHHPHHPHHHHPPHPPPHHPHPPPHPHH
128,HPPHHHHHHPHPHHPPHPHHPHPHHPHPPH
129,HHHPPPPHHPHPHPHPPHHHHHHHPPHHPH
130,PPPPPHPPPHHHHHHHHHPHHPHHHHPHPP
131,PPHPHHHHPHPHHHPHHHPPHHHHPHPHPP
132,HHPPHHPHHHHPPHHPPPPHHHPHHHPPHH
133,PHHPHPHHPPPHHHPPHPHPHHPHHPHHPH
134,PHHHPHPHPHPHPHPHHPPHHHHPHHHPHP
135,PPPPPHHHHPPHPPHPHHHPHHHPPHHHPH
136,PHHHHPPPPHHHHPPHPHHHHHPHPPHPHP
137,PHHHPHHPPPPPPHPHPHHPHPHHHHHPPH
138,PHHHPPHHHPHPHPHHHHPPPPHHPPHHHP
139,HHHPPHPHHHPHPPHPHPPHPHPHPPHHPH
140,PPHHPHHPHPHHPPHPHPHPHHHPHHHHHP
141,HHHPPHHHHHHPPPPHPPHPPPHHHPHPHH
142,HHPPHPHHHPHHPHPHHPHPPPHHHHHPPH
143,HHPHPHHHHHPHPPPHHHPPPHHPHPHPHH
144,PPHHPHPPHPPPPHHHHPHPHPHHHHHHPH
145,PHHHHHPPPPHPHHPHHPPHPHHHPHHPHP
146,HHHHPPPPHHHPPHPHPHPHHHPPPHHHPH
147,PPPHPPHPPPHHHHHPHHPPHHHPHHHPHP
148,HHHHPHHHHPPHPHPPPPPHPPHPHHHPHH
149,HHPHHPPHPPHPHPHPHPHHHPPPHPHHHH
150,PPHHPPHHHPPHPPHPHPHHHHPHHHHPPH
151,HHHPHPHPPHHHHHPHPPHHPPHHPPPPPH
152,PHHPPHPPPHHPPPHPPHHHHHHHHHHPHH
153,HHHHHPPHHPHPHPHPHPHHPHPPHPPPPH
154,HHHHHPHPHPPPPHHHPPHPHPPHPHPPHH
155,PHHHPHPHHPHHPHPPHPHHPPPPPHPHHH
156,HHHHPHHHPPPHPHPHPPHHHHHHPHHPPP
157,PPHPHHHPHHHHHPHPHPPPHPHHPPHHPH
158,HPHHPPHPHHHHPPHPPHPPPPPHHHHHHH
159,PHPPHHHHHPPHPHPPPHHHPHHHHHHPHP
160,PPPHHPHHHHHHPPHPPHHHHHHHHPPPPH
161,PHPHPHHHHPHPPHHPHHHPHPPHPHPHPH
162,PHPPHPHHHPHPHHHPHHPPPHHPPHHHPH
163,HHHHPPHPHHHHPPHHPPPHHPPHPHPPHH
164,PHHHHPPPHHPPHPHHHHHPHPPHHPPPHP
165,HHPHHPHPHHPPHPPHPHPPHHHPHHPHHH
166,PPHPHPHPHPHPPPHHHPHPHHPPHHHHHP
167,PPHHHPPHHHHHHHHPPPHPHPPHHPHHPH
168,PHPHHPPPHHHPPPHPHHPHPHHHHHPHHH
169,PPHHHPHPHHHHHPPHPPHPHHPPHPHHHH
170,HPHHHHHPHPHPPPPHHPPPHHPPHHHHHP
171,PHHHHPHPHHPPPHHPHPPHPPPHPHHHHH
172,PHHHHPPPHPHPPHPPHPHPHPHHHHHPHH
173,HHHHHPPHHHPPPHPHHPHHHPHHPPHPPH
174,HHPPHHPHHHHHHPPPPHPPPHPPHPHHHP
175,HHHPHPPHHPPHPHHHPHHHPPHPHPHPHH
176,PPHHHPPHHHPHHHPPPHPHPPPHPHPHHH
177,PHHHHHPHPPPHHHHHHPHHPHHPPPPPPH
178,HPHHPHPHHHHHHPPPHHHPHPPPPHPHHH
179,HHHHHHHHHPHHPPPHPPPPHPHHPPPHPH
180,PPHPHHHPPPHPHPHHHPHHPPPPHHHHHP
181,HHPHPPHPPHHPPHHHPHHHPHHPHHHHPP
182,HHPHHPHPHHHHPHPHHPPPHPPHPHPPPH
183,PHPHPPPHPHHHPPPHHHHHHPPHPPHHHP
184,HHHPPHPHHHPPPHHHPPHPHPPHHHPHHH
185,HHPHPHHPPHPHPHPHHHPPHHHHHPHPHP
186,HHHHHPPHPHHPPPHHPHPHPPPHHHPPHH
187,PPPHPPPPHPHHHHPHHHHHPPHPHHHHPP
188,PPHHHHPPHHHHHPPHPHPPHPPHHHHPHH
189,PHHHPPHPHHHHHPHHHPPHPHPHHPPHHP
190,HHHPHHPHHHPPPPHHPPPHHHHHHPPHHP
191,HPHHHPPHHHPHHHHPPHPHHHPPPHHPHP
192,HHPPHPHPPPHHPHHHHHHHHHPHPPPHPH
193,HPHPPPHHHPHHPPHHHHHHHPPHPPPHHH
194,PPPPPPHPHHPPHHHPHHPHHHHPHHHPHH
195,HPPHPHPHHHHPHHPHPPPHHPHPHHHHPP
196,PHPPHPHHHHHPHHHHHHPPPHHPPPHPHP
197,HHHPHHPPPPHHPHPHHPPPPPHHPPHHHH
198,PHPHPHHPPPHHPHHHPHPPPPHHHPHHPH
199,HHHPHHPPHHPPPHHHPHHHPPPPPHPHPH
200,PHPHHPHHHPPHPHPHHHHPHHPPPPPHPH
201,HHHPPHHPHHPHPPPPPHPPPHPHHPHHHH
202,HHPHHPHHPHPPPPHHHPHHHPHPHPPHHH
203,HPPHPHHPHHHPPHHPPHHPHPPPHHHHPH
204,HPHPHPPHPHHHHPPPHPHHHHHHPHPHPP
205,HPPHPPHPHHPHPHPHPHPHHHPHPHHHHH
206,PHHPHPHHPHHHPPHHPHPHHPPHHHHHPP
207,HHHHHHHHHHHPHHHPPPHPHPHPPPHPPP
208,PPHHHPHHHHHPHHHHPHHHHPPPHHPPPP
209,PHPPPHHHPPHPHHHHHHPHHPHPHPHPHP
210,PHHPPPPHHPPHPPPPHPHHPHHPHHHHHH
211,HHHHHHPPPHPHPPPHHHPPHHHHHPPPHH
212,PHHHHHPPHHHPHHHHPPPHPHPPPHHHPP
213,PHHHPPHPPPHPPHHHHHHPPHPHPPPHHH
214,HHPHPHHPPPHHPHHHHPHPPHHPHPPHPH
215,PPHHHHPHHHHPPHHPPPHHPHPHPHPPHP
216,HHPPPHPHHHHPHPPPHHPPHHPHHPHHPH
217,PPHHHHHPHHHPPHPPHPHPHPPPHHHHPH
218,HPPPHPHHHHHHPHHHHPPPPPPHHHHHPH
219,PPHHHHHHHPPPHHPPPPHPHPHHPHHHHH
220,PPHPPHPPHHHHHHHHHHHHHPHHPPPPPH
221,PPPPPPHHHPHHHHHHPPPHHHHPHHPHHP
222,HHPHHHHPPHPHPHPPHHPPHPHPPPHHHH
223,HHPPHHHHPPHPHHHPPPHPHHPHHHPPPP
224,PHHHPHPPHHPHHHHHHPHHPPPHPPPHHH
225,HPPPHPHHHHHHPHPPHHHPHPHPPHHPPH
226,PHPHHPHHPHPPPHHHPPHHHPHHPHHHHP
227,HHPHPPHHPPHPPHHHPPHHHHPHHPHPHP
228,HPHHPHHPPHPHHHPHPHHHPPHPPPPHHP
229,PPHHHPHPHPHHPHPHPHHPHHHPPHHPPP
230,PPHHHHPHHPHPHPHHHPPHHHPHPHHPHP
231,HPPHHPPPPHPPHPHPHPHHPHPHHHHHPH
232,PPHHPPHHPHHPPHPPHHHHPHPHHHPHHH
233,HPHHHHHHPHPHHHPHHPPHHHPPPPPPHH
234,HHHHPPHHPHHPHPPHHHPPPPHHHHHPHP
235,HPHHHHPHPHPHPPHPHPHHHPHPPHHPHH
236,HHPHPHHPPHHPPHHHHPPHHPHHPPHHPP
237,PHHHHHHPPPHHPPPHPHHPHPPHHPPHPH
238,PHPHHHHHPPHHHHPPHPPHHHHPHHPPHP
239,HPPPHPHHHPPHPPHPPHHHHPHHHPHPPH
240,PHPHHPPHPHPPHHPHHHHHHHHPPHHPPH
241,HHPHHHPPPPHPPHHHPHHHHHHHPPPPPP
242,PHPHPHPPPPPHHHHPHPHHPHHPHHHHPH
243,HHHPHHPPHHHPHHPHPPHHPHPPHPPHHP
244,HHHHHHPPHHHHPPHHHPPPPHPHPHPHPH
245,HHHHPPHHHHPPPHHHHHPHPPPPHHHPHP
246,PHPHHHHPHPPPPHHHHHHPHHPPPPPHHP
247,HPHHHPHPPPPPHHPHHHHHPPHHHPPHPH
248,HPHPPHHHHPPPHHHPHPHHHHHPPHHPPP
249,HHHHHHHPPPPPPHHPHHHPHHPHPHPHPP
250,HPPHHPPHPHHHHHHHPHPHPHPHPHHPHP
251,HHPPPHHPHPHPPHHHPHPHHHPHHPPHHH
252,HHHHHPPHHPHPHHHPHPHPHHHHPPPHPP
253,HPPHHPHHHPHHHPHHPPHHHPHPPHHHPP
254,HHPPHPPHHHPHHHPPHHPPHHHPHPHHPH
255,PHHHPHHPPHHPPHPHPHPHHHHPHPHHHP
256,HPPHHPHHHHHPHHHHHPPHPHPPHPHHPP
257,PHHHHPPHPPHHPPHPHHHHPHPPHHHPHP
258,PHHHPPHPHPHPHHPHHPPPHHHHPPPHHH
259,PHHHHPHPPPHHHHHPHHPPHPPHPHPPPH
260,HPHPHPHHPHPHHPPPPHHHPHHHHPPPHH
261,HHPHPHPPHPHPHHHHPHPPPPHPHHHPHP
262,HPHPPHPHPPPHHHPPPHHHPHHHPHHHPP
263,HHPHHPHPPHPPPHHHHPHHHPPHHHPPPP
264,PHHPHPPPHHPPHPPHHPHPPHHHHHHPHH
265,HHPHPHHPHPPHPHHHHPHPPPHHHPHHHP
266,PPHPPHPHHPPHHHHHHPHPHPHPHHHHPH
267,PPPHHHHHHPHPHHHHPPPHPPHHHPHHHP
268,HHHHPHHPHPPPHPHHHPHHHPHPPHPHPP
269,HHPHHPHHHHHPHHHHHHPPPPPPHPHPHP
270,HPHHHPPHPPHPPHHHPHPHHHHPHPHPPP
271,PHHHPPPPHHHHHPPHHHPHHPHPHPPHPH
272,HHHPPPHHPPHPHHHPHHPPPPHHPHHPHP
273,HHPHHHPHHHPPPHPHPHPHPHHHPPPPHP
274,HPPPHHPPHHHHPPPHHHPPHPPHHHHPPH
275,PHPHHHHHHPHHHPPPPPHPPHPPHHHHPP
276,PPPPPHHHPHHHHHPHPHPPHHPHHHPPHP
277,HHPPHPHPPHHPHPPPHHPHHPHHHHHHHP
278,PHHHPHHHPHPHPHHPHPHHPPPHHPHHPP
279,PPPHHHHHPPHHHPHPPHPHPHHPHPPHHP
280,HHPHPPHHHPHHPPHPHPHHHHHPPPPHHH
281,PPPHPHPHHPHPHHHPPHHPHHPHHHHPHP
282,HHPPHHPHPHHHHPHPPPPHHHPPHPHHPH
283,HPPHHPPPHHHPHHPHHHHHPHHHPHHPPP
284,HHPPHHHPHHPPHHHHPPHHHPPPPHPHPH
285,PHHHPHHHHPHPHHHPHHPPHHPHHPHPPP
286,PPHHHHHPHHPPHPHPHPHHPPPPHHHHHH
287,HPPPPHPHHPHHPPHHHHHPPHHPHHPHHH
288,PHPHPHHHPHPPPPPPHHHHPPHPHPHHHH
289,PHHPPHHPPHHHHHHPHHHHHPPHPPHPHP
290,HPPHHHPHPHHHPHPPHPHPPHPHHHPHHP
291,PHHPHPHHHHHPHHHPHPHPPHPPHHPPPH
292,HPPHPPPPHHHHHHPHPPHPPHHHPHPHPH
293,PHPPHHPPHPHHPHPHPPPHPPHHHHPHHH
294,PPHPPHPHHHPHHPPHPPHPPHPHHHHHHH
295,HPHPPHHPHHHHPHPHHPHPHHPPPHPHPP
296,HHPHHPHHPHPPHHPPPPHHPHHHPHHHPP
297,PHHHHPPPHPHPPHHHHHPHPHHPHHPPPH
298,HHPHHHHHHPHHHHHHPPHPPPPHHHPPPP
299,PHPHHPHPPHHHPPHHPHHHHPHHHHPPPP
300,HHHPHHPHHHHHHHPPPPHHHPPPPPHHHP
301,HHPHPPPHPPPPPHPPHHHPPPHHHHHHHH
302,HPPHHHPPHHPHPPHPHPHHHHHHPHPPPH
303,HPHHHHPHPPPHHHPHHHHPPPPPHPHPHH
304,HHPHHHPPHHPHPPHPHHHPPPHHPPHPHH
305,PPPHHPPHHHHPHPHHPHPHPPHPHHHPPH
306,PHHPHPPPHPHPHHPHHHPPPPHHPPHHHH
307,HPHHPPPPPHHHHHHHHHHHPHPPPPPPPH
308,HHHHHPPPHHPHHPPHHPHHPPPHPHHHPH
309,HPHHPPHHPHPPHPHHHHHHPHPHPHPPHP
310,PPHHPHHPHPPHPHPHPHPPHHPHHHPHHP
311,PHPHPHHPHHPHHPHHHHPPPHPPHHHPHH
312,HPPHPHHHHHPHHHPHPHPHPHHPPPHPPP
313,HPPHPPPHPHHPPHHPHPHHPPHPHHPHHH
314,HHHPPPHPHHPPPHPPHHHPHHPHPHHPPH
315,HPHPPHPPPHPPHHHHPHHPHPHHHHPHHP
316,HHPHHHPHHHHHPPHHPHPPHHHHPPPPPH
317,PHPHHPHPHHHHHPHHPPPHPHHPPHPPHP
318,HHHHPPHPHPPHHHHHPPPHHPHHHHPPPP
319,HPPHHHPHPPPPHHHHPHPHHHHPHHPPHP
320,HHPHHPHPPHPHHPPHPPPHHHHHPPHHHH
321,HPHHHHHHPHPHHHPPHPHHHPPHPPHPPP
322,HPPPHHPPHHHHPPPPHHHHPPHHHPPPHH
323,HHPHHHHHPHHPHPHPPHPPPHHHHPPPPH
324,PPPHHHHPHPHPPHPHHPHHPHHPHPPHHH
325,HPPHHPHPHPPHPHPPHHHPHHHPHPHHHH
326,PPHHHHPPPPHHHPHHHPHPHHHHHHHPPP
327,PHHPPHHHPPPPHHHHPHHPHHPPHHHPHP
328,HHHPHPHHPPPPHHHHPHPHPHHPPHPPHH
329,PPHPPPHPHHHPPHPHHHHHPPHHHHHPPH
330,HPHPHPHPHPHPHPPHPHHPHHHPPHHHPH
331,PHPHHHHHHPPHPPHPHHHPHPHPPHPHPH
332,PPPPHHPHPHHHPPHHHHHPHHPHHPHHPH
333,PPHHHHPPHHPHPHPPHPPHPHPHHPHHPH
334,HHHPPPHHHPPHHPHPHPPHHPHHHPPPHH
335,HPPHPHPHPHHHPPHPHHHHHPHHPHHPPH
336,HPHHHPHPHPHHHHPPPPHPHPPHHPPHHH
337,PPHPHHPHPHHHHHPPHHPHPHHPHHPPHP
338,HPHHHHPHHPPPPHPHPPPHHHPHPHHPPH
339,HHPHHHPHHHHPPHHPHPPPPPHPPHHHHH
340,PHHPHPHPPHPHHHHPPHPHPHPHPHPHPH
341,HHHHPPHHPPPHHPHHHHPHHPPPHHPHHP
342,PPHHHHPHPHPPHPPHHHPHHHPHPPPPHH
343,PPPHPHHHHHHPPHHHPPPHHHHPHPHPHH
344,PHPPPHPPHHPPHPHHHPHHHHHHPPPHHH
345,HHPPHPHPPHHHPHPHPHPHHPHHHHHPHP
346,HPHHPHHHPPPPHHHHHPHHPHPHHPHPPH
347,HHHHHHPHPHPHPPHPPHPPHHHPHHPHPH
348,HPHPHHHHHHPHHHPPHHPPHPHPHHPHPP
349,HPHHPHHHHHHHHPHHHPHPPHPPPPHHPP
350,PHHPHPHPHHHHPPHHPPHHHHHPPPHPHP
351,HHHHPPHHPPHPHHHHHPPPHPPHHPHHPP
352,HPHPHHHHHHPHHPPHPPPHPPHPHHHPPP
353,HPHHPHHHPPPPHPHPPPHHHHHPPHHHHP
354,HHPHHPHPPPHHHHHPPHPHHPPHPHHHPH
355,HHPHPHHPPPPHHPHHPHHHPHHHPHPPPH
356,HPHHHPHHPHHPHHPHHPPPPHHHPHHPPP
357,HPHHHPPPPHPHPHPHHHPPPHHHHHPPHH
358,HPPHPPPHPPPHHHHHHPPPHHHHHPHPPH
359,HPHPPHHPPHPHPHHHPHHPHHHHPPHPHP
360,HPHPPHHHPPPHHPPHHPPPHHHPHHPHHH
361,PHPHHPHHHHHHHHHPHPPPHPPPHHHPPP
362,HPHHHPPPHHPPPPHHHPPHHHHHPHPHPP
363,HPHPHHPPHHPPHPHPPHHHPHHPHPHHPP
364,HHPPHHPPPHHPHPPHPPHHPPHHHPPHHH
365,HPHPHHPHPPHPPHHHHHPPPHHHHHHPPH
366,HPHPHHHPHHHHHHPPHHHPPPPPPHPHPH
367,HPHHPHPPHHHHHHHPHHHPPHPPHHPPPH
368,PHHHHHPHHHHHPPHHHHPPPPPHHPPHPH
369,HPPHPPHHHHHPHPPPPHHHPHHHHHPHHP
370,HHHHPHHPPPPHPPHHPHHHHPHPPPHHHP
371,HPHPPHPHHPHHHHHPPPPHPPHHHHPHPH
372,HHHPHPHHPPPPPHHHHHHHPHPHPHPHHP
373,HHHHPPPHPHHHPPPPHHPHHPHPPHHPPH
374,HHPHPHHPHHPHPPHHHPHPPHHPHPPPHH
375,PHPHHHHHHPPPHHPHPHPHHPPPHHPHHP
376,HPPHHHPPHPPPPHHHHHPPHPHHPHHHPP
377,PHHPPHPHHPHHHPHPPPHPHHHHPPPHHH
378,HHPPPHHPPPPHHHHPHHHPHHPHHPHHHP
379,PHHPHHPHPHHHPHHPPHHHPPPHPHPPHP
380,HPHHPHPHHHHHHPPPPHPPHHPHPPHHHP
381,PHHHHHHHPHPPHPPHHPHPPHPPHHPPHH
382,HPHHHHPHPHHPPHHPPHPHHHHHHPHPPP
383,HPPHHPHHPHPHPHHHPHPPPHHPHHHPHP
384,HHHHPHHHPPHPPPHPHPPHPPHHHPPHHH
385,PHHPPHHHPPHHHPPHPHHHPHPPHPPHPH
386,HPHHPHPPHHPPPHHPHHHPHHPPHHPHPH
387,HPPHHPHPHPHHPHHPHHPPPPHHHHHHPH
388,HHPHHHPHPPPHPHPHPHHPHHHHHHPPPP
389,HPHPPHPHHHHPPHHHPHPHHPPPHHHPHH
390,HPHHPPHHHPPHPHPHPHHPHPHPHPPHPH
391,PHPPHHHPHHHHHHPHPHHHHPPHPPHHPP
392,HHPPHHHHHPHHHHPHHPPPHHPHHPPPPH
393,PHHPPHPHHHPHHHPPHPHPHHHPPPHPPH
394,PHPHHHPHHHPHHHHPHHHPPPPHPHHPHP
395,HHPHHHPHPHHHPHHPHPHHHPPPPPHPPH
396,HHHHHHHHPPHPHHHPPHPHPPHPPHPHPH
397,HHHHPHHPHHPPPPHHHHPPHPHHHPPHPP
398,HHHHPHPPHHPHHPHPHPHPHHPHPPPPPH
399,PHHHHHHHPPHPHPHHHHHPPPHHPHPHPP
400,PPHHHPHPHPHPPPHPHHHHHPHHPPPHHH
401,HHPHPHHHPHHPPHHHHPPHPPPPHHHHPH
402,PHHPPHHPHPPHHHHHPHHPHHPPPPPPHH
403,HPHHHHPHPPHHPPPHHHHPHHPPPPHPHP
404,PHPHHPHHPHHHPHPHHHPPPPPHHHHHHP
405,PPPHPPHPHPHPHPHHPHHHHHPHPHHHPH
406,PHHHPHPHHHHPHHPPPPHPHHHHPPHPPH
407,PPHHHPPHPHPHPHPHPHPHPPHHHHPHPH
408,PHHPPPPHPHHPHHHHHHHPPPHHHPPHPH
409,PPPHHHHHPPHHPPHPPHHHHHHHHPHHPP
410,HHHPHHHHHHPPPHHPPHPHHPPPPHHPHH
411,HHPPHHPPHPPHHHPHHHPHHHHPPPHHHP
412,PHHPHHHPPHHPHPHPHPPPHPHPHHHHPH
413,PHPHHHHPHPPPHHPHPHHHHPHPHHPPHH
414,PHHPPHHHPHPHHPHHHHPHPHHHHPPPHP
415,PHHHPHHHPHPPPPHHPHHPPHPHPHHHHH
416,HPPPHHPHHPPHPHPPHHHHHPHHHPHPPP
417,PPPHHPHHHHHHPHPHHPHHHHHPPPPPHH
418,HPHPHPHHPPHHPHHPHHHPPPHHHPHHHP
419,PPHPHPPHHHHPHHHPPPPPHPHHHHHHPP
420,HPHPPHHPPHHHHHPPHHHPHHPPHPHHHP
421,HPPHHHHHHPHPHHPHHPPHPHPPHHHHPP
422,PPPPHHPHHHHPHHHHHHPHHHPPPHPHHP
423,PHHPHHPPPHPHHHHPPPHHHHPPHPHPHP
424,HPPPHPHHPHPHPHPHHHPHHHPPHPHHHH
425,HHPHPHPPPHHHHPPHHPHHPHPHHHPPPH
426,PPHPPHHPHHHPHHPHPHHPPHHHPPHPHH
427,PPPHHHPPHHPHPHHHHHPHPPHHPPHHPP
428,HHHPHHHPHHPPHHHPPHPPPHHPPHPHHH
429,HPHPHHPHHPPHHPHHHPHHPPHHPHPPHH
430,HPHHHPPHHPPHPPHHHHHHPHPPHHHHPP
431,PPPHPHPHHHPHPPHHHHPHPPPHHPPHHH
432,PHPPHPHHHPPPHHHPPPHHHHPHHHPPPH
433,HHPHHPPPHHHHHPHPHPHHHPPPHHHHPP
434,HHPHPHHHPHHHHPHPPPHHHPPHPHPHPP
435,PHPHHHHPHPHPPHPHHHHHPPPHPHHPPP
436,PHHPHPHPPHHHHHHPPPHPHHHHPPPPPH
437,HHPHHHHHHHHHPPPPPPHHPPPHHHHPHP
438,PPPHPPPPHHHPHPHPHHHHHHHHHHPHHP
439,PPHHPPHHHHPHHPPPPHPHPPPHHHHHHP
440,PHHHPPHPHHHHHPPPHHPHPHPPPHPHHH
441,PHHHHPHPHHPPPHHPHPPHHHHPHPHHPH
442,HHHPHPPHPPPHHHHPPHPHHHHHPPHPPP
443,PPHHHHPPHHHHPPPHHPHHPHHHHPPPHH
444,HHPHHPHHPHHPPHPHPHHPPHPHHHPHPH
445,HPPHHHHHPPPPHPPHPHHPHPHHHHPPHH
446,PHPPHHHHPPHHPHPPPPHHHPPPHHHHPH
447,PPHPHPHHPPPHHHHHPHHHHHPPHHHHPP
448,PHHHHHPPHHHPHHPPHHHHPPPHPHPHHP
449,HHHPHHHPHPHPPHHPPPPHHPHPPHHHHP
450,HHHHHPPPPHHHPHHHHPPHPHPHPPHHPP
451,PHPPPHPPPPPPHHHHPPHHHHPHHHHPHH
452,PPHHPPHHHHHHPPHPPHHPHHHPPHHHPP
453,PPPHHPHHPHHPPHPHHHHHHPPHPHHHPP
454,PHHPHHPHPPPPPHHHHHHHHHPHPPPPHP
455,PHHHHHHPHPHHHPPPPPPPHHHPHPHHHH
456,HHHHPHPHHPHPPPPPPPPHPPHHHHHHPH
457,HPHHHPHPHPPHHHPPPHHHPHPHPHHHPH
458,HPPHPHPHHPPHHHPPPPHHHHHHPHPHHH
459,HHHHHPPPHHHPHHPHHHHPHPPHHPPPPH
460,HHHHPHPHHHHPPPHHPHPPHHPHPHHPPH
461,HHPHPHPHHPHHPPHPHPHHHHPHPPPPPH
462,PHPPPPPHPHPPHHHHHHHHPHHHHPHHPH
463,PPHHHHHPHHHHHPPPPPHHHPPHHHHHPP
464,HHHHPPPPHPPPPPHPHHHPPHHHHHHPHH
465,HPPHHHHHPHPPPHPHPHHHHPHPHHPHPP
466,HPHPPHPPPHPHPHPPHHHHHPHPPHHHHH
467,PHPPHHHHPHHHHPPHPHHPPHPHPPHHHH
468,HPPPHHHPHHPHHPHHHHHHHPPPHHPPPP
469,PPHPPPPPPHHHHHHHHHHPHHPHHPHPHP
470,PHPHHHPHHPHPHPHPHPHPHHPHPHHHPH
471,HHHPPHHPPPPHPPHPPHHHPHPHHPHHHH
472,HPPPHHHPPHHHPHHHPHHHHPPPHPHPHP
473,HHPHHHPHHPPPHHPHPPHHHPHHPPHPHH
474,PPHHHPPPHHHPHHHHHPHPHHHPPPPHPH
475,PHHHHHPHPHPHHHHPHPHPPPPHHPHPPP
476,HPPPHPPPHHHPPHPHHPPHHHHHHHHPPH
477,HPHPHHHPPPHPHHPHPPPHPHHHHHPHHH
478,PHHHPHPPHHHPPHPHPPHPHPHHHPPPHH
479,PHPPPHHHHHPHHHHPHHPHHPHPPPPHPP
480,PHPHHHPHHHHHHHHPHHPHPHPPPPHHPP
481,HPPHPHHHPHHHPPPPHHHHHHHHPHHPPP
482,PPHPPPHHPHPPHPHHHHHHPHHPHPHHHH
483,HHPPHPPHPHHPHPHHHHPPHHHPHPHPPH
484,PPPHPHPHPPHPPHHHHPHPHHHHHHHPPP
485,HHHPHHHHHPHPPHHPPHHPPHPHPPHPHP
486,HHHPHHPPHPPPPHHHHHHPHHHHHPPPPH
487,HHHPHPPPHHHHPPPHHHHPHPHPPHHPHH
488,PHPHPHPPPPPPHHHHHHHHHHHPPHPPPH
489,PHPHPHHPPHHHHHHHHPHPPPHPHHPHPH
490,PHHPHPHPHPPHPHHHHHPHHHPHPHPHHP
491,HHPPHHHHPPPHPHHHPPPHHPPHHHHHPP
492,PHHPHPPHHPHPPPHHHPPPPPHHHHHPHH
493,PHPHHPHHPPHPHPHHPHHPHPHHHPPHHH
494,HPHHHHPHPHHPHHHHHPPPHHPPHPPHHP
495,PPHHPHPHPPHHPHHPHHHHPHHPHHHPPP
496,HHPHHHPHHHHPHHPPPHHHPPPHPHPPHH
497,PHPHHHHHPHPHPHPPHHPHPHPPHPHPHP
498,HPPPHPHHHHPHHHPHHHPHPPPHHPHHPH
499,PHPPHHHPHHHHHHPHPHPPHHHHPPPHPH
500,HHHPPHHHPPPHHPPHPPHHPHHPHPHPPH
501,HHHPHHPHHPPPPHPPHHPHHPHPHHPHPP
502,PPHPPPHHHPHPPPHHHHHPHHHHHHPPHH
503,HPHPPHHHHHHPPHPHPPPHPPHHHHPHPH
504,HHHHPHHHPPHHHHPHPPHPHPHHPPPPHP
505,PPHHPPPPPHHHHPPPPHHHHHHHHHPHPH
506,HPHHHPHPHPHPPHPHHPHPHHPPPHHPHH
507,PPPHHHPHHHHHHPHPPHPHHPPHPHPPPH
508,HHHPPHPPPHPHHHHPHHHHHHPPHPPPPP
509,HHHHPHPPHPPHHHPHHPHHPHHPHHHPPP
510,PPPHHHPHPHHPPHPHHPHHPHHPHPHHHH
511,HPHHPPHHPPPHHPHPPHHHPPPHHHHHHP
512,PPHHPPPPPHPHPHHHHPHHPHHPHHHPHH
513,HPHPHPHHPHHHHPPHPHPHHHPPPHHHHP
514,HPPHPPHHPHPHHHPHPHHHHHPPHPPHHP
515,PHPHHPPHHHPPHPHPHHHHPPHHHPPPHP
516,HPHPPHPPHPHHPHPPHHHHHHHPHPHHPP
517,PHHHHPHHHPPPPPHPHHPPHHHPHHPPHH
518,PHPHHHHPHPPPPHPPPHPHHPHHPHHPHH
519,PPHHPHHHHHPHPPHPPPHHHHHHPPHPHH
520,HHHPPPHHPHPHHPPHHHHPHPHHPPPHHP
521,HHHHHHPHHPPPPHHPHPPPHHHHPPHPHH
522,HHHHPHPPHHHHPHPPPPPHHPHPHHPHHP
523,HPPPHHPPHHHHPPPPHHHHPHPHHPHHPP
524,PHHHHPPHPPPPHHPPHPPHHPHPHHHHPH
525,HHHPHPHPHHHHHHHPHPPPHHHPPPHHPP
526,PHHPHPHPHHPHPHHPHPHHPPHHPHHPPH
527,PHHPHHHHPHPHPHPHPHHPPPPHPHHPPH
528,HPHHPHHHPPHHPHPHHHHHPHPPHPPHHP
529,HHPHHHHPHPHPPHPPPHPPPHHPPHHHPH
530,PHPPHHPHPPPHHPHPPHPHHHHPPHHPHH
531,HHHHPPPHHHPPHPPHHPHHHPHPPPHPHH
532,HPPHHHHPPPHPHHHHHPPHHHHPHPPPPH
533,PPPPHPHPPHHHPHPHHHHHHHHPPHPPHP
534,HHPPPHHHHHPPHPHPPPPPHPHHPHHHPH
535,PHHPHHHHHHPPHPPPHPHHHHHHPPHPPH
536,HHHHHHHHHHHPPPPHPPPPHPHPHHHPPP
537,PHHPPHHPPHHHPPHPHPPHPHHHHHHPPH
538,PPHPHPHPPHHHPHHPHPHHPHHHPHPHPH
539,HPHPHPHHHPPPPHPHPHHPPHHHPPHHHP
540,PHPHHPHPHHHPHPPHHHHHPPHHPPHHPP
541,PPHHPHHPPHHHHPPHHPHHPPHHPHPHHP
542,HHHHPHPHPHPHPPPPHHHHPPPPPHHHPH
543,HPPPPPHPHHHPHHPHPPHHHHHPHPPPHH
544,HPHPHHHHPPHHHHPHPPHHPHPHHPHPPH
545,PHHPPPPHHHPHPHPPPPHHHPHHPPHHHH
546,HHPPHHHHPHHHPHHHPPPPHPHHPPHHPP
547,PHHHPHPHPHHPHHHHHHPPHPHHPHPPPP
548,PPHHHHHHPPHPHPPPHPPHPHPHHHPHHH
549,PPHHPPPHPHHHPHPHHPPHPHHHPHHHPP
550,HHPHHPPHPPPHHHHHPPPHHHHPPPHPHP
551,PHHHHHHPHPHHPHHHPHHHPHPHPPPPPH
552,PHHPPHPHHPHHPHPHPHHPHHHHPPPPPH
553,HHHHHHPHHHHPPPHPHPPPHPHPPHPPPH
554,HHPPPHPPPHHPHHHPHHPHPPPHPHHHHP
555,HPPPHPHHPHHPPHHPPPPHHHPHHHPHHP
556,HPPHHPHHPPPHHHHHHHHPPHHHPPHPPH
557,PHPHHPHPPPHHHPPHPHHPHPHHHHPHHH
558,HHHHHHPPPHHPPHPPHHPPHHPHPPHHHP
559,HHHPPHPHHPHHPPHHHHHHPPPPPPHPPH
560,HHHPPPPPPPPHHPHHHHPPHPHHHPHHHH
561,PPPHHPHHHPHPPHHPPHPHHHHPHPHPHH
562,PHPPPHPHPHPPHPHHPHPHHHHHHPPHPH
563,HHPHPHPHHHPHPHPHHHHHPHPPHPHPPH
564,PHPPHPPHHPPPPHPPHHHHHHHPPHHHPH
565,HPPHHPPPHHHHHPHPPHPPHHHHPPHHHH
566,PPHPPHHPPHPHPPHHHHPPHPHPHPHHHH
567,HHHPHPHPHPPHPPHPHPHHHPHHHPHHHP
568,HPHHHHPPPPHHHPHHHPHPPHHPPPPHHH
569,HHPHHHPPHPHHHHPPHHPHPPPHHPHPHH
570,PHHPHPHPHPPHPHPPHHHPHPHPHHHHHP
571,PPPPPPHPHHHHPHHHPHPPPHHHHHHHPH
572,HPHPPHPHHPPHHHPPPHHHHPHHHHPPHP
573,HHPHPPPPHHPHHPHHPPHPPHHPHHHHPH
574,PPHPPPHPHPHPHPHHHPHPHHPHHHPHHP
575,PPHPPHPPPHPHHHPHHHPPHHPHHHPHHH
576,HPHPHPHPHHHHPPHPHPPHPPHHHHPHPH
577,PPHPHHHHPPHHHHPHPPPHHPPHHPPHHP
578,HPPHPHPHPPPHHPPPHHHHHPHHHPHHHP
579,HPHPPPHPPHHPHPHHHPPHHHHHHHPHPH
580,HHPHHHHHPHHPPPPPPPPHPHHHHHHPPH
581,HHPHPHPPHHPHPHHPHHPHPHHHPPHHPH
582,PPHHPHPHPPPHHHPHHHHHHPHPPHHHHP
583,PPHHHPHHHHHHHPHPPHPHPHPHHHPPPP
584,PHHPHHPHHHPHHHPPPHPPPHPHPPHPHH
585,PPHPPHPHPHHHHHPHHHHHHHPPHHPPHP
586,HHPHHHHPPHHHHHPPPPPPHHHPHPPHHP
587,HPPPPPHHHHPHHPHPPHPHHHHPPPHHPH
588,HHHHPPPHHPHHHHHHHHPPHHPPPHHPPP
589,HHHPHHHPHPHPPHHPHHHHHHHHPPPPPP
590,HPPHPPHHHHPHHPHHPPPPHPHHHPPPHH
591,HPHPHPPHPHPHHPPPHHHHHHPPHPHPPH
592,HPHPPHHHPPHHHPHPHPHPHPHHPPHHPH
593,PPHPHHHHHHPHHPPHHHHHHPPPHPPPPP
594,PHPHHPPPHPHPHHHHHHHPPPPHHPPHPH
595,PHPHHPHHHPHHHHPHPHHHHHPPPPPHHP
596,HPPHHHHPHHPHHHPHHPPPHPPHHPHHPH
597,HPPHHPHPHHPHHHPHPHPHPPPHHHHHPH
598,HPHPHPPHPHPPHHPPHHHHPHHHPHHHHP
599,PHPPHHHHPPPHPHPHHPPHHHHHPPHPPH
600,PPPHHHHHHHPPPHHHHHPPPHHHPPHHPH
601,PHPPHHHHHPHPHPPHHHPPHHHPHPPPHP
602,PHHHHHPHPHHPHHPHHPPPPHHPHPHPHH
603,PHPHPHHPPHPPHHPHHHHHPPPHPPHHHH
604,HPPHHPPHPHPHHHPPHHHPHPHPHHPHPP
605,PHHHPPHPHPPPPHHHHHPHPPHHHPHHHH
606,HPPHPHPHPHHPPHHPPHHHPPPHPHHPHH
607,PPPPPPHHHHHHHPPHPHHHPHHPHPHHPP
608,HHHHHHHPPPHPPPPHHHPPPPHHHHPHPH
609,HHHPPHPHPHPPPPHHHHHPPHPHPHHPHH
610,HPHPHPHHHHHPPHHPHPHHHHPPPHPPHP
611,PPHPHPHPHPPHPHHPHHPPHPHPHPHHHH
612,HPPHHPHHHPPPHPHPHPHPHHHHPHHPPH
613,PHHPPHPPHPPHPPHHPPHHHHHHPHHPHP
614,PPPPHPHPPHHPHPHPHHPHPHHHHPPHHH
615,PPHPHPPHHHHHHPHHHPPHHHPHPPHPPP
616,PPHHHHHPPHPPHPHHHPPHPHPPHHPHPH
617,HPHHPHHHHPPPHPHPHPPPPHPHHHHHHH
618,PHPHHPHHHPHHHHHHHPPPHPHHPPPHPH
619,PPHHPHPPPHHHHPHPHPPPHHPHHPHHHH
620,HHPPPHHHPPPHHPHHPHPPHHPHPHHHPP
621,HPHHHHHPHPPHHPPPHPPPHPHHHHHHPH
622,PHPHHPPHHPHPPHPHHHHHPHPPPHHPHP
623,PHHPPPHHHHHHHHPHPPHHHHHHHPPPPP
624,PHHPHHHHHPPPHPHPHPPHPHHHHPPHPH
625,HPHHPHHHPPPPPHPHHHHHHHPHHPHHPP
626,HHHPPPPPHPHHPHPHHHHHHHPHHHPPPH
627,PHHHHPHPPPPHHHPPHHHPHHPPPPHHHH
628,HPPPHHHHHHHPPHHPPPPHHHHHHHPPHP
629,HHHHPPHPPHHPPHPPHPHPHPHHHHPHHH
630,PPPHHHPHHHPHHPHHHPHHPHPPHHHPHP
631,HHHHPHPPHPHHPHPPPHHPPHPHHPHPHH
632,PHHPPHHHPPHPPPHPHHHHPHPHPHHPHP
633,HPPHHHPHPHPHHHHHHPHPPHPPHHPHPP
634,PHHPPHHHHHPPHPPPHPPHHHPHHHPHPH
635,HHHHPHHPHPPHHPHPPHPHPPPHHHPHHP
636,PHPPHPPPPHHHPHHHHPPHHHPHPPHHPH
637,PHHHPPHHHPHHPPHHPHPHHPPPHHPHHH
638,HPPHHHHHPPPPHHPPHHPHHPPPHPHHHH
639,PHHPPHHPHPPPHHHPHHPHHHHHHHHPPP
640,PHPHPPHHPHPHHPHPHHPHHPPHHHPPHP
641,PHHHPPPHHPHHHPPHPHPHPHPHPHHHHH
642,HHHHPPHHHHHPHPHPHPHHPHHPHPHPPP
643,HHHHPHHPHPHPHHPHHHPPPHPHPPHHPH
644,PHHHHPHPPHPHHHHPPPPHHHHHPHPHHP
645,PPPPHHHPHHPPHHHPPHHHHHPPHHHHPH
646,PPPHHPPHPHHHPPHHPPHHHHHHHHPHHP
647,PPHHHPHHHHPHHHHHPHPPHPHPHPPHHP
648,HHPPPPPHHPHPPHHHHPHPHHHHHHPHHP
649,HHHPHPPHHPHHPPHHPHHPPPHHHPPPHH
650,PPPHHPHPHHHHHHPHHPHHPHPPPHPPHP
651,PHPHPHHHHPPPPPHPHPHPPHPHHHHHHH
652,HPHHPPPHHHHPPHHPHPPPHHHPHPPPHH
653,PPPPPHPHHPPPPPHPHHHPHHPHHHHHHH
654,HPHHPPHHPPPPHHHHHPHHPHHPHPHHPP
655,HPHPHHHHHPHHHHHPPPPHPHHPHPPHPH
656,PHHHHHPPHPHPHHHPPHHHPPHPHHHPHP
657,PHHHHPPPPPPHHPPHHHPPHHHHHPPHHH
658,HPHPHPHPPHHHPHPPHHPHPPPHHHPHHP
659,HHPHHHPHHPHHHPPHPHPPPPHPPPHHPH
660,PPHPPHHPHHHPHPHHHPPPHPHPHHPPHH
661,PHHPHPPPPPHPHPHPHPHHHPHHHPPHHH
662,PHHPPHHHPHPPHPPHHHPHHHPPHPHHPH
663,PPHHPHPHHPHPHHHHHHHHPHHPPPHHPP
664,HHHPHHPPPHPPHHPHHPPPPHPPHHHHHH
665,HHPPHHHHHHPPHPPHHHPPHHPHPHPHPH
666,HHHHHPPHHHPPPPHHHHPHHHHPPHPPPP
667,PHPHPHPPPHHHPHHHPHPPHHPHPHPHHP
668,PPPPPPHHHHHPHHHHPPPHHHHHPPPHHH
669,HHHPHPHHPPPPHPHHHPHHPPHHPHHHPP
670,PHPHPPHPHPPHHHHPPHHPPHPPHHHPHH
671,PPPHPPHPHHPHHHPPHHHHHHHPPPHHHP
672,HPHHPPHPPHHHHPHPHPPHHPHPHHPHHP
673,HHHPHPHHHPHHHPHPHHHHPPPHPPPPPH
674,HPPHHHHPPHPHPHPHPPHPPHHPPHHPHH
675,PHHHPPPPPHPHHHHPHHHPPHHHPPHPPH
676,HPHHPHHPHPHPHHHPPPPPPHHHHHHPPH
677,HPPPHHPHPHPHPHPHPHHPHPHHPPHHPH
678,HPHPHHHHPHHPHPPHPPHPHPHPPPHPHH
679,HPPPHPHPHPHPHHHHPHPPPHHHPHHPPH
680,PPPHHHPPHHPHPPPHPHHHHPHPPHHPHH
681,PPHHHHHPPHHPHHPPPHHPHHHHHHPPPH
682,PPPPHHHHHPPHHHHPHHHPHHHHHPPPHP
683,HHPPHPHHHPHHHPPHHPHHPPPHPHPHHH
684,HHPPHHHHHPPPHPHHHHPHHPPPHHHHPP
685,HHHPHPHHHPPHHHPPPHPPHPHPHHHHHP
686,HPPHHPHHHPHPPHPPPHHHPHPHPHHHHP
687,HHHPHPPHHPHPHPHPHHHPHHPPPHHPPH
688,HHHHPHHHPPHHPPPPHPPHHPHHPHPHHP
689,HPPHPHPPHHPHHPHHPHHPHPHHHHPPHH
690,PHPHHHPPPPHHHHHHPHHHHPPPHPPHPP
691,PPHHHHPPHPPHHHPHPHHHPPPHPHHHPP
692,HPPHPHHPPHHPHHPHPPHPHHPHHPPHHH
693,PPHHHHHHPHHPHHHPPHPHHHPPHHPHPP
694,PHHPPPPHPPHHPHHPHHHHHHPPPHHHHH
695,PPHPPHHHHHHPHPHHPPHHPPPHPHHPPH
696,PPPHHPHPHHHPPHPHHPPPHPPHHHPHHH
697,PPHHPPHHHHHPPPPHHHHHHPPPHPPHPH
698,HHHHHPHPHHHHPHPHPPPHPPPHHPHHPH
699,HPHHHHPPHHHPPHHPHPPHHHHHPHPPHP
700,PHHPPHPHHHPHHPPHHHPHHHPPPHHPHP
701,PPPPPHHHPHHPHPHHHHPPPPHHHHHPHP
702,HHHHHPHHPPPHHPPPHPHPHPPHPPHHHH
703,PHHHHPHPHHHHHHPHHPHHHPPPHPPPPP
704,PHPPHHHPHHPPPHHHPHPPHHPPHHHPHH
705,HPHHPHHHPHHPHHHHPHPHPHHPPPPHPP
706,PHPPPHPPHHPHPHHPHHPHHHPHPPHHHH
707,PHHPHHPHHHHPHHPHPPPPHPHHPHHPPP
708,HPHPPPHHHHHHPPHHHHPPHHPHHHPHPP
709,PHHHHHPPPHHHPHHPPHHPHPHHHPHPPP
710,HPPPPHPPHHPHHHPHHHPPHPHHHHPPHH
711,PPHHHPHPHHPPHPHHPHHHPPHHHHHHPP
712,HPPPPPPHHHPPHHHHHHHHPPHHPPHHPH
713,HPHHHHHHHPPPHHHHHPPHPPHPPPHHHP
714,PHPHPHHHHHPHPHPPHHHPPHPHPHPHPH
715,HHHPPHPHPHPPPHPHHPHHHHPPPHHHHH
716,PPHHHHHPHPHPPHHPHHPHHPPPHHPHHP
717,PPHHPPPHHHHPHHHHPPPHPHHHPHPHPH
718,HPPPHHHPHPPHPPPHHPHHHPHPHHPHHH
719,HHPHHHHPHHPPPHPHPPPPHHPHHHHHHP
720,HHHPHHPHPPHHHHHPHPHPPPPHPPHHPP
721,HHHHPPHHPHPHHPHPHHPPHPHHPHPHPH
722,PPPPPHHHHHHHPHHPHPPHPHPPHHHHPH
723,HHHPPHPPPPPPHHPHPPPHHPHPHHHHHH
724,HPHPHPHPPHPPHHPHHHHPHPPPHHHPHH
725,HHHHHPPHPHPHPPHHHHHHPPPHPHHHPP
726,HHHHHHHPHPHPHPHHHHHHPPPPPPPPHP
727,HPHPHHHPHHHHPHHPPHHPHPHPPHPHHP
728,PHHHPHPPPPPHHHHHHPPHPHPPHHHHHP
729,HPPHPHPPHHHHPHHPPHHPHPPHHPPHHP
730,PPPPPPHHHPHHHHHHHPHHHPPHHPPHPH
731,HHHPHPHPPPPHHHPPPPPHHHHHHPPPHH
732,PHHHPPPPPHHHHHPPPPHHHHHHPHPHPH
733,HHPHHPPPHPHPHHPHPHHHPHHPPPHHHH
734,HHPPHHHHHPHPHHPHPHHHPHPPHPPPHH
735,HPPHPHHPPHPPHPHPPHHPHHHHPHHHHH
736,HPPPPPHHPHHPPHPHPHPHPHHPHPHHHH
737,HHPHPHHPHHHHPPPPHPHHHHHPHHPPPH
738,PPPHHHPPPPHHPPHHPHPHHHPHHHHPHP
739,PHHPHPHHHPPHPHHPPHHPHHPHHHHPPH
740,HPPPHHHPHHHHHHPHPPPHPHPHHPPHHP
741,HPHPPHHHHHPPHPHHPHHPPPHHPPPHHP
742,HHHHHHPPHHPPPPHHPPHPHHHHPHPPHP
743,HHHPHHPPHHHHHPHPPHPHPHHPPPPHHH
744,PHPHPHHPPPHHPPPHHPHHPHHHPHHHHP
745,PPPHPPHPHHHPHHHPPHHPHHHPHPHHHP
746,HHPHHPHPPPHPHHHHHPPPPPPHHHPHHP
747,PHPHHPHHHHPPHHHHHPPPHHHPPPPHHH
748,HPHHPPHPHPHPHHHPHPPHHHHPHPPHPP
749,HHPHHPHPPHPHHHPPHHPPPHPHHPPHHP
750,PHPHHPPHHHPPPHPHPHHHHHHHPPPHHH
751,PPPPPPPHHPPHHHPHPPHHHHHHHPHHPH
752,PPPPHPHHHHPPHHHPHHPHHPPPHHHHPP
753,HHPHPHHPPHPHHPHPHPHHHHPPHPPPPH
754,HHHHPPPPPHHPHHHHHHHPPHPPPHPHHH
755,PPPHHHPHHHPHHPPPHHHHPHHPPHHPPH
756,PHPHHPPPPHHHHHPHHHPHHPPPPHHPHH
757,HPHHHHHPPPHPHHHPHHHPHPPPHHHHPP
758,HPHHHPPPPHHHHHHPPHPPHPHHHHHPHP
759,PPPHPHHHHPHHHHPHPHPHHHHHPHPPHP
760,HHPHPHPHPHHPHPPHPHPPHPPPHHHHHP
761,PHHHHHHPHPPHHHHPPPHHPPPPHHHPHP
762,PHHHHHPPHHPHPHPPPPPPHPPHHHHPHH
763,HPPHHHPHHPPPHHHHHPPHPPHHHPHPPP
764,PPPHPHHHHHHPPHHPHPHHPPPPPHHPHH
765,HHHHHHPHPPPHPPPHPHHHHHHHPPHHPP
766,HHPHHPHPPHPPHPPHHHHPPHHPHHPHPP
767,HHPPHHHPHPHHHHPHHPHPPPHPPHPPPH
768,PPPHHPHHHPPHHPHPHHPHPPHHHHPPPH
769,HHHHPPPHHHHHPPHPHHPHPPHPHHPPPH
770,PHPHHPHPPPHPHHHPHPPHHPPPHHPHHH
771,HPHPPPHHPPPHHPPPHHHHPHPPHHHPHH
772,HPHHHHHPHHHHPPPPPHPHPHPPHHHHPH
773,HPHHPHHPPPHPHHHPHHPPHPPHHHHPPH
774,HHHHPHPHPPHPPPHHHPPHHHHPPPPHPH
775,HHHHHHPPHPPPHHHPPHHHHPPPHHPPPH
776,HPHHPPPHHPHHPPHHPPPHHHPHHPPPHH
777,PPHHHPPHHHHHPPPPHHPPHPHHPHPHHH
778,PPPHPPHHPHHPHPHHHHPHPPHHHHPHPH
779,PPPPHHHHHHHHHPHHPPHPPPHHHHHHPP
780,HHHHPPPHPHPHHHPHHPHPHPPHHPPPHP
781,PHPPHPHPPPPHPPHHHHHHPHHPHHHPHH
782,HPHPHPHHPHPHHHPPHPPHHHHPPPPHPH
783,HPHHHPHPHHPHPPHHPPPHHPPHHHPHHP
784,PHHPPPHPPPHPHPHHHPHPHPHHHHPHPH
785,PPHPPPPPHHPHHHHPHHPHHPHHHPHPPH
786,PPHHHHPPHHPHPHPPPHHHPHPPPHHHHH
787,PHHPHHHPPHPPPHHHPHPHPPHHHPPPHH
788,PPHPPHPHHHPPPPHPPPHHHHHHHHPHHH
789,PHPHPHHPHHPHHHHHPPHPHHHHPHPPPH
790,HHHPHHHPHHPHPPPPHHPPPHHHHPHHPH
791,PPHHHPHPPHPPPHHHHHPPHPHPHHHHHP
792,HHPHHHHPHHHHPHHPPPPPHPPHHPHPPP
793,HHHHPPHHPHHHPPHHHPHPPPPHHPHPHH
794,PHPPPPPPHHHHHHHHHPHPHHPPHHPHHH
795,PHPHHHHHPPHHPPPHHPPHPPHHHPHHPP
796,PPHHHPPPHHHPPHPPHHPPHPPHHHHPHH
797,HHPHPHPHPPHHHHHPPPHHHPPPHHPHHH
798,HPHPPHPHHHPHPPHHPHHHPHHPPPPHHP
799,PHPPHPHHPPHHHPHHPHHHHPHHHPPPHH
800,PPHPHPHHHHHPHPHPPHPPHPHHHPPHHH
801,PHHPPPHPPHHHPHHPPPPHHHPPHHHHHP
802,PPHPPHPPHPHHHPHHHHHHHHPPHPPHHP
803,HPPPHPHHHHHPPHPPHPHPHPHHPPHHHP
804,HPHHHPPHHHPPPHPHHPHHHPHHPPPPHH
805,HPHHPHHHPHPHPHHHPPHPHHHPHHPHPP
806,HPHHHPHHPHPPHHHHHPHHPPHPPPHPPH
807,HPHPPPPPHHPHPPHPPHHHPHHHHHHPHH
808,HPHHHHPHHPPPPHPHPHHHHPHHPHPHHP
809,HHPHPPHPPHHPHHHPHHHHHHPPPPHPPP
810,PHPHPHHPHPPHPPHPPHHPHHPHPHHHHH
811,HHHPPPPHHPPHHPPPHPPHHPPHHHHHHH
812,PHPPPHPPHHHHHPHPPPHHHPHHHHPPHH
813,PPPHHHHPPHPPPPHPPHPHHHHHPHHHHH
814,HPPHHHPHHHPHHHPHPHHHHPPPHPHPPP
815,HHHPPHHHHPPHHPPPHHHHHHHPPHPHPP
816,HHHPHPHHPPHHPHPHPHHHPPHPPPPHHH
817,PHHHPHPHHHHHPPHHPPHPPHPHHHHPHP
818,PHHHHHHPPPPPHPHPHHHHPHPPPHHHPH
819,HPPHHHPHHPPHPPHHHHPPHHPHPHHPHH
820,PHHPPPPPHPHHHPHPHHPHPPHHHPHHHP
821,PHPHHHHHPHPHPPPHHPPPPHHHHPHHPH
822,PHHPHHHPHHHPHPPPPHHHPHPHHHHPPP
823,HHPHHHHPHPPPHPHPHHHPHPPPHPHPPH
824,HHPPPPPHHPHHHHHPHHPHHPHPPHHHHP
825,HPHPHHHPPPHPPHHPHPHPHHPHPHHHPH
826,HHHHHPPHHPHPHPPHHHHPPPHHHHPHPP
827,PHHHHHPPHHPPPHPHHHHHPPPHHPPPPH
828,HPPHHHHPHPHPHPPPHHHHPPHHPHPPPH
829,HHHHHPPHPPHPPPHPPHHPHHPPPHHHPH
830,PPPHHPHHPHPHHHPHPPHHHHPPPHHHPH
831,PPHHHPPHHPHHHHHPHPHPPPPHHPHPPH
832,PPHHPPHHPHHHHPPHPHPPHHPHPHHPHH
833,HHHPHPHPHHPHPHPHPPPHPHPHHHHHPH
834,PHHHPHHHHPHHHPHHPPHHHPPPPHPPHP
835,HHHPPPHHHPPHPPHHPPHPHHHPHPPHPH
836,PPHPHHPPPHHHPHPHHHHHPHPHHHHHPP
837,HPPHHHPPPPPPHPHPPHHHHHHPHPHHPH
838,PHHPPPPHHHHPPPHPHPHHHHPPHHPPHH
839,HHPHHHHHHHPPPPPPHHHPHHPHHHPPHP
840,PHHPHHPHHHPHHHHPPPPHPPPPHHHHHP
841,PPHHHPHPPHHPHHHHPPHHPHPPHPHPHH
842,PHHHHHPHHPHHHPPPPHPHPPHHPHPHHH
843,PPHHHHPPHHHHHPHPPPHHHPHPHHPHPP
844,HHHHHHPHHHPHHHHPHHPHPPPPPPPPHH
845,PHHHHHPPPHHHPPHHHPHPPPHHPHPHHH
846,PPPHHPHHPHPPHPPHHHHHHPPHPPPHHH
847,HPHHPHHPPHHHHPPHHHPHHPPHHPPHPH
848,HHHPPHHPPHHPPPHPHHHHHHHPPPHPPP
849,HPHPHPPHHPPHPPPHHHHHHHHHHPPPPH
850,PPHHPHHHPPHPPPHPHHHHHHHPHPHPHH
851,HPHPHHHPHHHHHPPHHPHPPPPPPHHHHH
852,HHPHHPPHHHHPPHHPHPHPHPHHPHPHHP
853,HPHPHPHHHPPPHPHHHPHHHPHPPPHHHH
854,PPHPHHHPPHPHHPHPHPPHHPPHHPHHHH
855,HPPHPHPHHHHHHHHHHHPHPPPHPPPHPH
856,PHPHPPPPHPHHHHPHPHPHHHHHPHPHPH
857,PHPHPPHHHHHPPPHPPHHHHHPPPHPHPH
858,HPPHHHHPPHHHPHPPHPHHHPPHPHPHPH
859,PHPPHPHHPHHPPHHPHPHHHPHHHHPPHH
860,HHHPPHHHPHPPPPHPHHPPHHHHHPHHPH
861,HPPHHHPHHHPHHHHPPPHHPHPPHHHHPP
862,PHPPPHPHHHHPHPHHHHHHHHPHHPPPPH
863,PHHHHPHPPHPHHPPHPHPHHHHHPPHPPH
864,HHHPHPHHPHPPHHPPHPPHHHPHPHPHPP
865,HPPHHHPPHHPPHPHHPPHPPHHHHHPHHP
866,PHHPHHHPPPHPPHHHHPHPPPHHHHPHPP
867,PHHHHPHPHPPHHPPHHHHHHPPPHPHHPP
868,HPHPHHHPHPHHHHHHPHPPPHPPPHPHPH
869,PHPHHPPPPHHHPHHHHPHHHPPHPHHPHH
870,HPPPHPHHHPPHHHHHPHHHHPHPHPPPHH
871,HPPHHHHPPHPPPHHPPPHHHPHPHPHPHH
872,HPHPPHPPHPHHHHHHHHPPPPHPHHPHPH
873,PHHPPHHPPPHHHPPHHHHHHHHPPPPHHH
874,PPHPHHHHPHHHPPHPHHHHHHHPPHHPPP
875,HPPHHHPPHPPHPHHPHHHHPHHHPHPPPP
876,HPPPHHHHPHPPHHHHPPHHHHPHHPPPHP
877,PHPPPPHHHPHHHHPHHHPHHPHPPHHHPH
878,PHHPHHHHPHPHHPHHHPHPHPPPPHHPPP
879,HHPHHPPHHPPHPHHHPHHHPHPHPHHPHP
880,PPPPHHHHHHHPHHHPPPPHPHPHHHPHHP
881,HHPHPPHHPHHPPPPHHPHHPHPHHHPPPH
882,PPHHHHPHPHPHPPPHPPHHPHHPHHPHPH
883,PHHHHPHPPPPPHHHHHPHPPHPPPHHHPH
884,PHHPPPPHHPPHPPHPHHHHPHHPHHHHPP
885,HPHPHPHPHHPHHPPPHHPPHPHHHPHPHP
886,PPHHHHPPPPHHHPHPHHHPPPPHHHHPHH
887,HHHPPHPHHHHHHHPPPHHPPHHPPPPHHP
888,HHHPPPPPHHHHHHPPHPPHPHHHHHPPHH
889,HPHHHPHHHPPPHPHPHPHPPPHHHHHPPP
890,HHHHHHPPPPHHHPPHHPHHPPPPHHPHHH
891,HPHPPPHPHHPHPPHPHPHPHHHHHHHHHP
892,PHHPHPHHHHHHPPPPPHHPPPHPHPHPHH
893,HPPPHHHPPHHHPHHHHHPHHPPHHPPHPH
894,HHHHHPPPPHPHPHHPPPPHPPHHHHHPPH
895,HHHPPPPPPHHHHHPHPPHHHPHPHHPHPH
896,HPPHPPHHPHHHHPHPHPPHPHPHHHPHHH
897,HPHPHHHHHPHPHHHHHPPPPPHHPPPHHP
898,HHPHPPHPHPPPHHHHHPPHHPPPHHHHHH
899,PHPHHHHHHPHPPPPHHPHHPHPHPHPPPH
900,PPHHPHPHHHPHPPPPHPHHPHPHHHHHPP
901,HHHPPPHPHHHHHPHPPHPHHHHPPHHHPP
902,HHPPHHHPHHHHPPHHPPHPHPPHHPHHPP
903,HHHPHHHPHHPHHHPPPHHHHPPPHPPHPH
904,HPPPPPHHHHHPHPHHPHPPHPPHHHHHPP
905,HPPPHPHPHHHPHHHHHHPPPHPHHHPPHH
906,HPHPPPPHHPPPPPHHHHHHPHPPHPHHHH
907,HHPHPPPHPHPHHHPHHHHHPHPHPHPPPH
908,PPHPPHHHHHHPHPPHPHHPHHPPHHPHPH
909,PHPPHPHPPHHPHHHPHPPPHHHPPHHHPH
910,PHHHHHHPHPPHHHPPPHHHHHPHPHPPPH
911,PHHHPHHPHHPHHPHHPHHPHPPPPPHPHH
912,PHHPHPHHHPPPHHHPHPPHPPHHHPHHPH
913,HHPPHHPPHPHHHPPHPHHHPHHHPPHPHH
914,HHHHHPPHHHHPPPHHPHHPHHPHPPPHPP
915,PPHHPPHHHHPHPHPHPPHHHHHHPPHPHH
916,HHHPHPPPHHPHPHPHHPPPHHHPPHPHHH
917,PPHHHPHPPHHPHHPHHHHPPHHHPHPHPP
918,PHHPPPHPHHHPPHHPHPHPPHHHHHHPHH
919,HHPPHHHPPPPHPHPPHHHHHHHPPHHPHH
920,HPHPPPPHHPHPPHHHHHPHPPHHHPHPHH
921,HPPHHHHHHHPPPPPHHHPHHHHPPPPHHH
922,HHHPHHHPHPHPHHPPPHPHHHPHPPHHHP
923,HHPPPPPHHHPHHPHHHPHPHHHPPPHHHP
924,HPHPHPHPHHHPPPHPHHHPPHHPPPHPHH
925,HPHHHHPHHPPHHHPPPHPPPHPHPPHHHH
926,PHHHHPPHPPHHHHPHPHHPHHHHHPPPPP
927,PPHHHPPPHHHPHHHPPHHPHHHPHHPHHP
928,PPPHHHHPPPHHPPPPHPPHHHHPHPHHHH
929,HHHHHHPHHHHPPPPHPPPPPHHHPHPHHP
930,PHHPHPHPHHPPHPHPPPHHPHHPHHHPHH
931,PPPHPPHHHPHHHHHHHPPPHPHHPHHHPP
932,PPHPHHPHHHHPHHHPPHPPHHPPHPHHPP
933,HHPPHPPHPPHPHHHHHHPPPHHPHPHHPP
934,HPHPHHHPHPPHPPHHHHHHHHPHPHPPPH
935,PHPHHHPHPHHPHHHHPHPPHHHPHPHHPP
936,HHPPHHHPHHPPPPHHPPHHPPHHPHPHPH
937,HHPHHPPHHHHHHPPHHPPPPPHPHPHHHH
938,PHPHPHHPHPPHPPHPHHHPHHHPHPHPPH
939,PHPPHHPHPHHHHPPHHPHHHHHPHHPPHP
940,HHPHHPPPPPPHPHHPPPHHHHHHHHHPHH
941,PPHHHHHPHHHPHHHHHPHPHPPPPHPHPP
942,HPPPHHHHPHHHPPHHPPPHHHHHPPPHHP
943,PPHHHHHPPHPHPHHPPPPPPHHHHHHHPH
944,PPHHPPHPPHHPHPHHPHHHHPHHPPHHPP
945,PHHPHPHHPHPHPPHHPPHHPHPPHPPHHH
946,HHPPPHHHPPPHHHHHPHHPHPPHPHHPPH
947,PHPHPPPHPHPHPHHHHHPPHHHHPHPHHH
948,HPPHHHHPPPPHHPHHPHPHHPPPHHHHHP
949,HHPPHPHHPPHHPHHPHPHPPPHPHHHHHP
950,PHHHPHPPHPHHPPHPHHHPHHPPPPHHHH
951,HHPHPHHHPHHPHHHPPHPHHPPHPHPHPP
952,PHHPHPHHHPHHPHHPPPPHHPHHPHHPPH
953,PHPHPPHHHPPHPHPHHPPHPHHPPHHHPH
954,HHPHPPPPHHPPHHHHPPHHHPHPPHPHHH
955,HPHPPPPHPHPHHHHHHPHPHPPPHHHHPP
956,PPHPHHHHHHHHPHHPPPPPHPHHHHHPHP
957,HHHPPHPPHHPPPHHHHHHHHHPPPPPHPH
958,HPPHHHHPHPHPHHHPHPHHPHHHPHPPHP
959,HHPHPHPPPHPHHPPPHPHHHPHHHHHPPP
960,PHHHPHPHPPHHPPHPPHHHPHPHPHHHHH
961,PHHHHPPHPPPHHHHPHHHPPPPPPHHPHH
962,PPHHHHHHPHHPHPHHPHPPHHHHPHPPPH
963,HHPHHPHHPPPHPPHHHPHPHHHHPPHHPH
964,PPPPHHHPHHHPPHHHHPPPPHHHPHHPHH
965,PHPPPHPPPHHPHHPHPHHPHHPHHHPHHP
966,PHHHHPHHHPHHPPHPHPHHPPPHHPPHPP
967,PPHHPHHHHHPPHHHHHHPPPPHHPPPHHP
968,HHHPPHHPPHHHHHPPPPHPHPHHHHPPHP
969,PHHPPPHPHHHPHHPPHHHHHHPHHHPHPP
970,PHHPHHHPHHHHHPHPHHHPPPPPHHPPPP
971,HPHPHPPPPHHPHHPPHHHPHPHHPHPPHH
972,PPHHHPHPHPHHPHPHPHHPHHPPPHHHPP
973,HPHPPPHHPPHPPHHPHPHHHHHHHPHPHH
974,HPHHHHPPPPHPHHHHHHPPHPHPPHHHHP
975,PHHHHPHPHHHHPHPPPPHPHHHPHHPHPP
976,PHPHHHHHHHHHPPPHPHPHPHPPHPPHHH
977,HHPHHHPHPHHPPPHPPHPPHHHHPHHPPP
978,HHPPPHHHPHHHPHHHPPHHPHPPPHHPHH
979,PHHHPHPHPHHHPHPPPPPHHHHPHHHHHP
980,PHHPHPPHHHPHHHHPPPPPHHHPHHPHPH
981,HHHHPPHHPPPHHHPHPPHPHHPHHPPPPH
982,HPHPHHPHHPPPHHHHPPPHHHPPHHPHHH
983,PPPPHHHHPHHHHHPHHPPHPPHHHPPHHP
984,HPPHHHHPPHPPPPHPHHHHPHPHPHHPHP
985,PHHPHPHHPHPPHHPPPHHPHHPPPHHHHH
986,PHPPHPHHPHHHHHPHPHPHHHHPPPPPPH
987,HHHPHHHPPHPHHHHPPPHPHHHPPPPHHH
988,HHHHPHHHPHPHPHPPHHPPPPHPHPHHHP
989,PHHHPHPHHPPPHPPPHHPPHHHHPHPHHH
990,HHHHHPPHHPPPPPPHHPHHPPHHHHHHPH
991,HPHPPHHPHPHHPHHHPHPHHPPHHPHPPP
992,HHPHHHPHPHHPHPHPPHPHPPHHPPHHHH
993,HPPHHHHHPPHHHPPHPHHHPHPPPHHHPH
994,HHHPPHHPPPHPPPPHPHPPPHPHHHHHHH
995,PHPHPPPPHPHHPPPPHHHHHHHHHHPHHH
996,PHPHHHHPPHPHPHPHHPHHHHPHPPPPHH
997,HPHHPPPPPHHHHPHHPPHHHPHHPHPPPH
998,HPHHPPHPHHPPPPHHPHHPPPHHHPHPHH
999,HHHPPHHHHPPHHPPHHHHPHHHHPPPPPH
