id,sequence
0,HPHPHPPPPP
1,PPPHHHHHHH
2,HPHPHPPHHH
3,PPHHPHHHHP
4,HPHHPPHHPH
5,PHHHPHPHPP
6,PPHHHPHPPH
7,PPPHPPPHPH
8,PPHPHHPHHP
9,PPPHHHPPHP
10,HHHHPHHPHH
11,HPPPPHHPHH
12,HHHHHHHHHH
13,PHPHPHPPPP
14,HHHHHHPPHP
15,HPPPPHPHHH
16,PHPHHPPHHP
17,PHPPHPHPPH
18,HPPHHPHHPH
19,PHPPPPPHHH
20,HPPPPHPPHP
21,HHHHPPHHPH
22,HHPHHPHHHH
23,PHHPPHHHHP
24,HPHPPPHHPP
25,PPHHPHPPPH
26,HPPPHPHHPP
27,HPHHPPHHHP
28,HHHPPPPHPH
29,PHHHPHPHHH
30,HHHHPPHHHP
31,HPHHPPHHHH
32,HHPPPHPHHH
33,HPHPHPHPPP
34,HPHHPPPPPH
35,PPHPHHHHPH
36,HPPPPHHPPH
37,PHPHPPHHHP
38,HPHHPHPPPP
39,PPHHPHHPHP
40,PPPHPHPPPP
41,PHPHHHHPPP
42,HHPHHHHPHH
43,PPHHPHHHPP
44,PPPHPHHHPP
45,HPHPHPPPHP
46,HHPPHPHHPP
47,HHHPHPPPPP
48,PPPHHPHHHH
49,HPHPPHHHHP
50,PHHPHPHPPH
51,HPHPPPPPPH
52,HHHHHPHHPP
53,PHHPPPPPPH
54,PPHHHHHPHP
55,PHHPHPPPHH
56,PPHPHPPPPP
57,PHHPHPPPHP
58,PHHHPHHHHP
59,HHHHHPPPHP
60,PPPPHPPHPH
61,HHHPPPHPPH
62,PHHHPPHHPH
63,PHHHHHHPPP
64,PHHHHPPHHP
65,HPPHPPPHPH
66,PHPPHHHHHP
67,PPPHPHHPHP
68,PHPPHPPPPP
69,PPPHPHPHPH
70,HPPHHHPPPH
71,HPHPHPHHPP
72,PPPHHHPHPH
73,HHHPPPPHPP
74,HPPHPHHPPH
75,PPPPPPHPPH
76,PHHHPPHPHP
77,PHHHHHPPPP
78,HHHHPHPPPP
79,PPPHHPPPPP
80,HPPPHHHPHP
81,PHHHHHPPPH
82,HHPPPPPHPP
83,PHPHHPHHPH
84,PPHHPPPHPH
85,HHPPPHHPHP
86,HPPHHPPPPH
87,PPHHPHHHHH
88,HPPHPPHPHH
89,PPPPHPHPPP
90,PPHHPPHHHP
91,PHPHHHHHHP
92,PPPHHPPPHH
93,PPPHHPPHHP
94,HHHPHPPHPP
95,HPPPHHHHHP
96,PHHPPHPPHH
97,HPHHPHPPHP
98,PPPPPHHHHH
99,HPPHHHPHPH
100,HHPHPPPPHP
101,HHPPPHPHHP
102,HHPPHPPPHH
103,PPPHPPHHHH
104,HPPPPHPHPH
105,PPHHHHPPPP
106,HHPPPHPHPP
107,PHPHHHHHPH
108,PHPPHHPPHP
109,HPHHHPPHPH
110,PPHPHHHPHH
111,PPPPHPHHHH
112,PPHHPPHHPH
113,HHPPHPPHPH
114,PHHPPPHHPP
115,PPHPPPHHPP
116,HHPPHHPHHH
117,HPPPPPHHHP
118,PHHHPPPPPP
119,HPHPPHPHPH
120,HHPPPPPHPH
121,PPPHPHPPHP
122,PHPHHHPHHP
123,HPHHHHHPPP
124,HHHHPPPPHH
125,HHPPHPPPHP
126,HHPHHHPPHP
127,PPPPPPPHPH
128,PHHPHHHPPH
129,PHPPPPPHPH
130,HPHHPPPHHH
131,PHPPPPHPHH
132,PHHHPPHHHH
133,PHHHHPHHHP
134,HPHPHHPHPP
135,PHHHHHHPHH
136,HHPPPHPPPP
137,PHPHPHHHHH
138,PHHPPPPHHP
139,HPHHHHHPPH
140,HHHHPPPHHP
141,HHPHHPPHPP
142,HPPPPHPPPH
143,PHHHPPHHPP
144,HPHHPHPHHH
145,HHHPHHPHHH
146,PHPHHHPHPH
147,PPPPHHHHHH
148,HPHPHHPPHH
149,PHHPHHHHHP
150,PPPHPPPPPH
151,PHHPHHHHHH
152,HHPHHPPPHP
153,PPPPHHHPPH
154,HHHPPPPHHH
155,PPPHPPPHHH
156,HPHPHHPPHP
157,PHPHPPHPHH
158,PPHPHPPHPH
159,PPHHHHPPHH
160,HHPPPPPHHP
161,PHPHPHHHPP
162,PHHHPHHHPP
163,HPPPHPHPHP
164,HHHPHHPHPP
165,HPHPPPPPHH
166,HHHHHHHPPH
167,PHHPPPPPPP
168,PHHHPHHPPH
169,HPPHPHHPHP
170,PHPPPHHHHH
171,PPHPPHHHPP
172,HPPHHPPHPH
173,PPPPPPHHPH
174,HPHHPPHPHH
175,PPPPPHHPHP
176,HPHHHPPHPP
177,PHPHPPHHPH
178,HPPHHHHHHH
179,PPHHPPPPPP
180,PHHHHHPHHH
181,HHHPPPHHPH
182,HPPHPPPPPH
183,HPPPPPPPPH
184,PHPPPPPPHH
185,HPHPPHPPHH
186,PHHPPPHPHP
187,PHHHHHHPPH
188,PPPHHHHPPP
189,HPHHPPPHPP
190,HPPPPPPPHP
191,HHPHPHPHPH
192,HHPHPHHHHH
193,HPHHHHHPHH
194,HHHPHHPPHH
195,HPPPHPHPPH
196,HHPHPHHHPP
197,PPHPPHPPPP
198,PPHHHHPHHH
199,HPHPPPHHHP
200,PHPPPPHHHP
201,PPPPPPPPPH
202,PPPHPPHPHH
203,HPPPHPPPHP
204,PPHHPPPPHP
205,PPHHPPPHHP
206,HPHPHHHPHP
207,HPPHPPHPPP
208,HPPPHHPPPH
209,PHHHPHPHPH
210,HHHHPHHPPH
211,HPHHPHPPHH
212,PHPPHPPHHH
213,HPPPHPPPPH
214,HHHPHHPPPP
215,PPHHHPPHPP
216,PPPPHHHHPP
217,PHPPHPPPPH
218,HPPPHPHPPP
219,PHHHHPHHHH
220,PPHPHPHHPP
221,HHHHPHPHPH
222,HHPPHPHHHH
223,HHPHPHPPPH
224,PPHHHPHHHH
225,PPHHHHHHHH
226,PHHHPHHHPH
227,HHHPHPHHHP
228,HHPHPHHHPH
229,PPPHPHPHHH
230,HPHPHPPHPH
231,HPPPHPHHHP
232,PPPHPPHPHP
233,HHPHHHHHPP
234,PPHPPHHPPH
235,PHPPHHHHPH
236,HPHHHPHHPH
237,PPHHHPHHHP
238,HHHHHPHHHH
239,HHPHPHPHHP
240,PHHPHPPHPH
241,HPPPPHHHHH
242,PPPPPPPPHH
243,PHHHPHHHHH
244,PHHPHHHPHH
245,PHPPPHPPPP
246,PHHPPHHPPP
247,PPPHHHPHPP
248,HPPHPPHHHH
249,HHPHPHHPPH
