id,sequence
0,PHPHPHPHPHPHHPH
1,PPHPPHHPPHHHPPH
2,HPHHHHHHPPHPHHP
3,HHPPPHPPHHPPHPP
4,HHPPHPHPPPPHPHH
5,HHHPPHPPPPHHHHP
6,HHHPHHPPHPHPHHH
7,HHHPHHHHHHPHHPH
8,PHPHPHPHPHHPHHH
9,HHHHHPPHHPHHHPP
10,HPHPPPHHHPPPHHH
11,HPPPHPHPPHPPHPP
12,HHHHHPHHHHHHPPH
13,HPHHHPPPPHPHHPH
14,HHHHHPHPPPPPHPH
15,HHPHPPHHPHHPPPH
16,PPHPHPHHHHHHPPH
17,PPPHPPPHPHHPHPH
18,PHPHPPHPHPPPHHH
19,PPHPPHPPHPHPHHH
20,HPPPPHHPHHPPPPH
21,HHHPPHPHHPPPHPP
22,PHPHHPHPPPPPPPH
23,HPPPHPPHHPPPHPP
24,HPPPHPHHHPPHHPP
25,HPHHPHPPHHPPHPH
26,HPHPPPHHPHHHPPP
27,PPPHPPHPHHHHHPP
28,HHPHHPPPPPPPHHH
29,PHHPHPPPHPPPPPH
30,HHHHPPHPHPPHPPP
31,HHHHHPPHPPPPPHH
32,HHPHPPPHPPHPPPP
33,HHPHHHPHPPHPHHP
34,PPPPPHPHHPHPPPP
35,HHPPHHHPPHPPPPP
36,HPPHPPHHPHHHHHH
37,HHHPHPHHHHPHHPP
38,PHHHHPPHHHPPHHP
39,PHHHHHPHPPPHPPH
40,HPPPHPPHPHPPHPH
41,PPPHHPPPPHPPHHH
42,HPPHPHPHPHPHPHP
43,PPHPPHHHPPHPPHP
44,HPHPHHPPPHPPPPH
45,HPPPPPPPPPHHHPP
46,HPHHPHHPHPPPHPH
47,PPPPPHPHPPHPPHP
48,HHHPHHHHPHHHPHH
49,HHPPHHPHPPPHPHP
50,HPHPPPPHPPPPPPH
51,PPHHHHPHPHPPHPP
52,HPPHHPPPHPHHPHH
53,PPHPHHHHHHHPHHH
54,HHPHPHPHPPHPHHP
55,HHPPHPPPPPPPPPH
56,HHPPHPPHPPHHPHH
57,HPHPHHHHHPPPHPH
58,HPPPHPHHPPPHHHP
59,HPPPHPPHHPPPPHP
60,HHHHHHHPPHHHPPP
61,PPPHHHPHHPPPPPP
62,HPHHPPHHPPHHHHP
63,HHPHHPHHHHPHPHP
64,HPPPHHHPHHHPHHP
65,HPHHHHHHHHPPPPP
66,PHHPHPHPHHHPHPP
67,PPHHPPPHHHHHHPP
68,HHPHHHPHPPHPPHP
69,HHHPPPPHHHHPPPP
70,HHPHPPHPPPHPPPH
71,HHPHHHPHPPHHHPH
72,PPPHPHPPPHHHHHP
73,HPPHPPPHPPPPPHH
74,PPPHPPHHHHHHHPP
75,HHHHHPHHHPHHHHH
76,PPPPHHHHHHHHPPP
77,PHHHPHHHPPPPHHH
78,PPPPPPPPHPPPPPP
79,PPHHPHPHHPPHPHP
80,HPPPHPHPHHPHPPP
81,HPPPHHHHHPHPPPP
82,PHPPPPHHHPHHPHH
83,HPHHPHPHHHHPPHP
84,PPPHPHPHHPHPHPP
85,HHPHPPPHPPHPPHP
86,HPHHPPHHHHHHHHH
87,HPHHHPPHHPPPPPP
88,PHPPPPHHHPHHPHP
89,HPHPPHPPHHHHPPP
90,PPHHPHHHHHPHPPH
91,HHHHHPHPHHHPHPP
92,PPHHHPPHPHPPPHP
93,PHPPPPPHPPPHPHP
94,PPPPPHHPHPPHHHH
95,HHHPHHHPPPHHHPH
96,PPPHHHHPHHPHPHP
97,HHHPPHHPHHHPHHH
98,HHHPHPPHPPPHPPH
99,HPPPPHHPHHPPHPP
100,HPHPHPHHPHPPHHP
101,HPPPHHPPHPPHPHP
102,PPPPPHHPHHPPPHH
103,HPPPPPPPPPPPHPP
104,HPPPPHHPPHPHHPP
105,HHHHHPHHPPPHPHH
106,PHPPPHHPHHHPHPP
107,HPPPPPHPHPHPPHH
108,PPPHPHHHHHPHPPP
109,HHHHHHPHHPHPPPH
110,HHPHPHHPHPPHPPH
111,HHHHHPPHHHHHPPH
112,PHPPPPHHPPPHHPP
113,PHPPPPPPHHHHPHP
114,HHHHPPHHPHPPHPH
115,PPHHHPPPPPPHHPP
116,HPHHHHPHPHHHPHP
117,PPHHPPPPPHHPHHH
118,HPPPHPPPHPPPPPH
119,PHHPHHPHHHPPPPP
120,PPHHHPHPHPPHHHP
121,HPHPPHHHPHPHHHP
122,PPHPHHPHHPHPPHP
123,HHHPPHHPPHHPHPH
124,PHPPPPHPHPHHHHH
125,PHPPHPHHHHHHHPP
126,PHPPHHPPPHPPHPP
127,HHHPPHPPHHHHHHP
128,HPHPHHPPPPPPPHH
129,HHHHHHPPPPHHPPH
130,PPHHHHPPPHPHHHP
131,HHHPPPHPPHHHPPP
132,PPPHHPPPPPPHPPH
133,HHHPPHHPHPHPHHP
134,HHPHHHPHPPPPPHP
135,HPHHHPHPPPHPPPH
136,PHPHHPPPHHPHPHH
137,PPPPPPHHHHPPHHP
138,PPHHPHPHHPPPPPH
139,PPPPPHPPHPHHHPP
140,HHHHHHPPHHHPHPH
141,PHHPPPPHHPHHHPP
142,HHPHPPPPHPHPHPH
143,PHHHPPHHPPPHHHH
144,HHHHHHPHHHHPPPH
145,HHPHPHPPHHHHHPP
146,PHHHHPPHHHHHHHP
147,HPPHHHHPPPPHHHH
148,PHPHHHHPHPHHHPP
149,HPHHHPPHPHHPPPP
150,HHHHPHPPPPHHPPH
151,PPHPHHHHHPHPHPP
152,HHPPHPPHPPPPPPH
153,PPPPHPPHHPHPPPP
154,PPHPHHHPPPPPHHP
155,PHHPHPPHHPHHPPH
156,HPPHHHPPPHHHPPH
157,HPPPPPHPHPPHHPH
158,PHPPHHPPHHHPHPP
159,PHPHHHPHPHHHHPH
160,PPHHHPPHPHPPPHH
161,HHHPPHPPPPHHPHH
162,HHPPPHPHHHHHHHH
163,PPHPPPPPPHPHPPP
164,HHPPPPHHPPHPPPP
165,PHPHPHHPHHHPPHP
166,PPHPPPHPHHHHHPH
167,HHPHHPHHPHHHPPP
168,PPHPPHPPPHHHPPH
169,HPPHHHHPPHHHPHP
170,PHPPHHHHHHHPHPH
171,HHHHHHPHHPHPHPH
172,HHPHHPPHHPHHHPP
173,PHHHPHHPPHHPHPH
174,PHPHPPPHPHPHPPP
175,PHPPPPHHHPPHHHH
176,PHHPPHHHPHPHPPH
177,HPPPHPHPPPPHPPH
178,PHPPPHHPHHHPPPP
179,HPHPPPHHHHHHPHH
180,HPPPHPHHPHHHPHP
181,PPPPHPPHPHHPHPP
182,HPPHHHHPHPPPPPH
183,PPHHPPPHPPPPPPP
184,PHHHHHHHPHPHHHP
185,HHHPHPPPHPPPHHH
186,HPHHPHPPPHHHPPP
187,PPPHPPHPPHPHPPH
188,HHHPPHPPHHHPPPH
189,HPHPPHHPHPPPPPP
190,PHPHHPPHHPPPPPP
191,PPHPHPPPPPPPPPP
192,HHPHPPPPPHHHHHP
193,PPHHPHPPHHHPHPP
194,PHPPHHHPHPHHPPH
195,HPHHPPPHPHHHPHH
196,HPHHPPPPHPPPHHH
197,HPPPPHPPHPPHHPP
198,HHHPPPHHHPHHHPP
199,PPPHPPPHPPPHPHP
200,PPHPPPPHPPHHHHH
201,PPPHHHPPPPHHHHP
202,PPPHHHHPPPPPPPH
203,PHHPPHHPPHHPHPP
204,HPPPHPPPHPPPPHH
205,PHHPPHPPPHHPPHP
206,HPHPHHHHPHPPHHH
207,HHPPPHHHPHHHPPH
208,HHHHHHHPHPHHPPH
209,HHHHPPPHPHPHPHH
210,PPHPHHHHHHPHPPH
211,PHHHPHHPHPPPPPH
212,PPHHHPPHPHPHPHP
213,PPPPHPPPPPHPPPP
214,PPHPHPPHHPPPPPP
215,PPPPHPHHPPPPPPH
216,PHHHPPHPHHHHPHH
217,PHHHPHHHPPHHHPP
218,HPPHPPHPHPHHHHP
219,PHHPPPHPPHPHHPH
220,HPHHPHHHPHPPHHH
221,HHPHHHHHPHHHHHP
222,PHPPHHPHPHHHHHH
223,HHPHPHHHHHPHHPH
224,HHPHPHPPHPPPHPP
225,PPHHPPHHHPHPHHP
226,PPHHHPPPHHHPHPP
227,HHHHHHPHPHHPHHP
228,PPHHPHPPHPPPHHP
229,PPHPPHPPPHHPPHH
230,HPHPPHHPPPPHHPH
231,PHHPHPPPHPHHPHH
232,PHPHHHPHHHPPPPH
233,PPHPPHHPPPPHPPH
234,HHHPHHPHHHHPHPH
235,PHPPHPHPPPHPPHP
236,HPHHPPHHHPHHPPP
237,PHHPPHHPPPPHHHP
238,PHHPHHPHPHHPHHH
239,HHPHPHHPPPHPPPP
240,HPPHPHPHPPHHPPH
241,HHHPHPHPHHHPHHP
242,PHHHPHPHPHHPHHH
243,PHHPPPPPPHHPHPH
244,HHPHHPPHHPPHPPP
245,PPPHPHHHPPPHHHP
246,PHHPPPPPPPHPHPP
247,PHPPPPHPHPHHPPH
248,HHPPHHHPHHPHPPP
249,PPPHPHHHPHPHPPH
