id,sequence
0,HHPHPHPHPHPPHPHPHPHH
1,PPHHHPHHPHPHPPPHHPPH
2,PHPPPHPHPHHPPPPHPPPP
3,HPPHHHHPHHHHPPPHPHPH
4,HHPPHPPPHHHPHPPPHPPH
5,HPPHPHHHHHHHPHPHPHHH
6,HHHPPHHPHPPPHHHHPPPP
7,PPPPHPPPHHPHHPHHHPHP
8,HHHHPPHPHHHHPPHHHPHH
9,PPHPHHHHHPHPHHPPPHHP
10,PHPPHPHPPHHHHHPHPHHH
11,PHHHHPPHHHHPHPHPHPPH
12,PHPHPPHPHHPHPPHHPPPH
13,PHPPHPPHHPHPPPPHHHHH
14,HHPPPPPHHPHHHPPHHHHP
15,HPPHHPPPHPPPPPPHPPHH
16,HPPPPPHHHPPHPHPHHPHH
17,PPHPPPHPPHHPHPPPPHHH
18,PHHPPPPPHHHHHHHPHHPH
19,HPPHPPHPHPHPPPPPPPPP
20,PHHHPHHHPPPPHPPHPHPP
21,HHPHHHHHHPHPHPHPHPPH
22,HPHHHPPHHPHPHHHPPHPH
23,HPPHHPPHHPHPHPHHHHPH
24,HPHHHHHPPHHPHHHPHHPP
25,HPHHHPPPPHHPHPHHPPPH
26,PPHPHHPHHPHPPHPPHPPP
27,HHPPHHHPHPHPHPPPHPHH
28,HHPPHPHHHHPHPPHPHPHP
29,HHHPPPPHPHPHPHPHPPPH
30,HHPHPPHPPHHHHHHPHHPP
31,HPHHPPHHHHHHPPPPPHHP
32,HPPHPHPPPPHPHPPHPHHP
33,HPHPHHHPHHPHHHPHPHPH
34,PPPHHPPPPHPPPPHHHHHP
35,HPHHPPPPHHHHHHPHHPPH
36,HHHHPPHHPHPPPPPPHHHP
37,HHHHHHPHHPPPHHHPHHPP
38,PHHPPPHHPHPPHPHPPPPH
39,HPPPPPHHHHHPHPHPHPPH
40,PPPHHPPPPHPPPPPPHHHH
41,PHHPHHPPPPHPPHPPHPHH
42,PPPPHPPPHPHPHHHHHHPP
43,PHPPHHPHHPHPHPHPPHHH
44,HPPPHHHPHHPHHPPHHHHH
45,HHPPPHPPPPHHPPHHPPPH
46,HPHHHHPHPPHPPPPHPPHH
47,HPPPHPHPHPPHHHHPPHHH
48,PPPPHHHHPHPHHHPPPHHP
49,PPPPHPHHPHHPPPHPHHHH
50,HPPHPPPHHHHPHHPPPPHP
51,PHHHHHPPHHHHPPHHHHHH
52,HHPPPPPPHHHHHHHPPHHH
53,PHHHPHPPPHHHHPHPHHHP
54,HPHHHHPPHPHHPPHPHPPP
55,PPPHHHPPHPHHHHHHPPPP
56,HHHPPPHHHPPHHPPHPHHH
57,HHPPPHPPHHHPPHPPPHPH
58,PPHHPHPPPPHPHPPHPHPH
59,PHPHPHHHHPPHPPPHPHPP
60,PPHPPHPPPPHHPHPHHPPH
61,PPPHPPPHPHHPPHHPHHPP
62,PPPPPPPPHPPHPPPHPHHH
63,PHHHPPPHHHPHHHPPPHHP
64,HPPHPPHPHPHHPHHPHHHP
65,PPPPHPHPHHHPHHHHHPPH
66,PPPPHPHHPPPPHPPPHHPH
67,HPPHPPPHHPPPHPPPHPPP
68,PPHPHPPPHPHHHPHHPPPP
69,HPPHPPPHPPPPHHPHPPPP
70,PHHPPHHPHHPPHPHPHHHH
71,PHPPHHHPHPHHHPPHHHPP
72,PHHPHHHPHPHHPHPHPPPP
73,PPPPHPPHHPHPHPPHHHPP
74,PHPPPPPPPPPPHPHPHPPP
75,PHPPPPHPPHPHPHPPPPHP
76,HHHPPHHPHHHHPHHHHHHP
77,PPHHPHHPPHPPPHPPPHHP
78,PHPHPPPPHPPHPHPHHHHH
79,PPPPHHPHHPHHPHPHPHHP
80,HHHHHHPHPHPPHPPPPPHH
81,PPPPHHHPPHHHPPHHHPHP
82,HPPPHHHHPHPPPHPHHHHP
83,PHHHPHPHPPHHHHPPPHHH
84,HPHPPHPHPHHHPHPPPPHH
85,PHHHHHHHPHPPHHPHHPPH
86,PHPHPHPHPHPPHPPPHPHP
87,HHPHPPHHHHHPPHPPPHPH
88,PHPHPHPPPHHPHPPPPPHP
89,PPPPPPPPHPPPHPHPHPHH
90,PPPPPHHPHPPPHHPHPHPP
91,HPHPHHPPHHPHHPHPHHHP
92,HHPPPHHHPHHHPPHPPPHP
93,HHHHPHPPHHPPHHHPHHHH
94,PHHHPHHPHHPHHPPPPPPH
95,HHHHHPPHPHHPHPPPHHHP
96,HPHHHHPHHHPPPHPHHPHH
97,HPPHHPPHHHHPHPHHHHPH
98,PHHPHPPPPHHPHHPPPPHP
99,HHHPHPPHHHHHPHPPHHPP
100,PHHHPPPPPHHHHPHHPHPP
101,HPPHPPPPHPHPHHHHPPPP
102,HPPPHHPHHHPPPPHHHPPP
103,HHHPPHHPHHPHHHHPHHPH
104,HHPHHHHPPPHHHPPHPPPH
105,PHHPHHPPPHPHPHHHPHHP
106,HPPPPHPHHHHPHHHHPPHP
107,HPPHPPPHPHHPHHPPHHHP
108,PPPPPPHHHHHHPHPPHHPP
109,HHPPPHPHHPHHPPPHHPPP
110,HPPPPHHHPHPPHHHHPPPH
111,PHHHHPPHPPPHHPPPHPHP
112,HHPHPPHPPPHPHHPPPPPH
113,HHPHHPHPHPHPPHHPPPHP
114,PPPPHHPPHHPHPHPPHHHH
115,PHHHPPHHPHHPHPPPHHPP
116,PPPHPHPPPPHHHHHHPPHP
117,PHHPHHPHPPHHPPPHHPHP
118,PHHPPHPHPPHPPHPHHHPH
119,HHPPPPHHPHPHPPPPPHHH
120,PPHHHHHHPHPPHPPPHPHP
121,HHHPHPHPHHHHPHHHHHPH
122,PHPPHPHHHPPPHPPPPHPP
123,HPHHPPHHHPHPPHPPPHHP
124,HPPPHPHHPHHPPPPPHPPH
125,PPPPHPHPHPHPHHHHPHPH
126,PHPHHHPHPHPPHHHHHHPP
127,PHPPPPPPHHPPHHHPHHHH
128,HHHPHHHHPHHPPHHHHHHP
129,PHHHPPPPHPHPHHPHHPHP
130,PHHPHHHHPPPPPPHPHPPP
131,HPHHPPPPHPPPHHPPPHHH
132,PPHHPHHPPHPPPHPPPPHP
133,PHPPHHHPPHPHPHPHHPHH
134,HPPPHPHHPHPHPHHPHPPH
135,HPHHPHHPPPHHHHHPHPHP
136,PHPPHHPPHPPHPHPHPHPP
137,PPPPHPHHHHPPPHPHHHHP
138,PPHPHPHPPHHHPPPPPPPP
139,HPPPPPHHPPHPPPHPHHHH
140,HHPHHPHHHPPPPHPHHHPH
141,HHPPPHHPPHHHPPHPPHPP
142,HPPHHHHHHHPPHHHHPHPP
143,PPPPPPHPPHHPPPPHHHPP
144,HHPHPHHPPHPPHHPHPPPP
145,PPHHHHHPHPPHHHHPHPPP
146,PHPHHHHPPHHPPHPHHHPP
147,HHHHPHPHPHPHHHHHPPPP
148,HHPPHPHHPHHPHHPPPHPH
149,PHHHHHPPHPPHHHHHPPPP
150,HPHHPHHHPHPPPPHPPHPP
151,PHPPPPHPHHHHPPHPHHHP
152,PHPHPHPPHPHHHPPPPHPP
153,PPPHHHPPHPHPPHPPHHPP
154,HHHPPHPHHPPHHPPHPPPP
155,HHHPHPHHHHHPHPPHHHPP
156,PHHHPHPHHPHHHHHPPPPH
157,HPPHHHHHPPHHPPPHPHPP
158,HPPHHPHHHHPHHHPHPHHH
159,PPPHPHHPHHHHHPHPHPPP
160,HHPPPHHHPPPPPHPHPPHH
161,HPPHHPPPPHPHHPHHPPHP
162,HPPPHPHHHHPPHPHHHHPH
163,HPHHHPHHHPHHHHHPHHPH
164,HHHHHHHPPHHHHPHPHPPP
165,PHPHHPPPPHHPHPHHPPHP
166,HPPPHHHHPHHPHHHPPHHH
167,HHHPPPHHPPPPHPPPPPHH
168,PPHPHPHPPHHHPHHHHHHH
169,HPHHPHHPHPPHHPPHHPHH
170,PHHPHPPPPHPHPPPHHPHH
171,PPHHPPHHPPPHPPPPHPPP
172,PHPPHPPPHPPPPHHPHPPP
173,HHHPHPPPHPPHHHPHHPPH
174,PPPHPHPHHHHPPPPPHPPH
175,PPHHHPPHHHHPPPPHPHPH
176,HHHHPHHHHHPHHHPHPPHH
177,HPHHPPHPHPHPHHHPPHHH
178,PHHPHPHHHPHPHHPHHHPH
179,PHPPHHPHHPHPHHPPHHHP
180,HHHPHPHHHHPPPHPHPHPP
181,HPHHHHPPHPPPHPPHHHHP
182,HPPHHHHPPHPPPHHPPHPH
183,HPHPPHPHHHHHPHHHHPPH
184,PHHPHHHHPHHHPPHPHHHH
185,HPHHHPPHHPHHHPPPPPPP
186,PPHPHPPHHPPPPPHHPHHH
187,PHPHHHPHHHPPPPHPHPHP
188,PPPPPHPHHPPPPHHHHHPH
189,HHPHHHHHPPPHHPPHHHHP
190,PHPPHHPPHHHHHPPPHHPH
191,PHHHPPPHHPHPPHPPPHPH
192,HPHHPPPPPPPHPPHHHHPH
193,HPPPPPPHHHHPHHHHPPHH
194,PHHPPPHPHPHPPHHPHHHP
195,PPHPPHHHHPPPPPPHHHHP
196,HHHPPPHPPPHHPHHHHHPH
197,PHPPHHHHHPPHPPHPHHPH
198,PHHHPHPHPHHHHPPHHHPP
199,PPHPPPHHPPHPPPPPHHHP
200,PPPPPHHHHHPPHHPHPHPP
201,PHPPPHHHHHHPPPHPPPPP
202,PPPPHHPHHPHHHHPPPHHH
203,PPHPPHPHPPHPPHPHHHHH
204,HHHPHHHHPHHPHHPPHHPP
205,HPPPPHPPHHHHHHPHPPHP
206,PPPPHHHHPHHPPPPPHPPP
207,HHPHPHPPHPHHPPHPPPHP
208,HPPPHHHPHHHPPHHHPHHH
209,HPHHPHHHHPPPHHPHPHPP
210,HHHHHPHHPPHPHHPHHHHP
211,PHPHPPPHHHPPHPHPHHPP
212,HHHPPHPPHPHPHPHHHPPP
213,HPPHPPPPHHPPPPHPPHPP
214,HHPPHHHPPHHPPPPPHHPP
215,HPPPHHPPPPPHHHHPHHPH
216,PHPHPHPHHPHHHPPPPPPH
217,HHHPHHPPHPHHHHHPHPPP
218,PPPPHHPPHPHPHPPHPPPP
219,HPHPHHHHPHPPHPPPHPHP
220,HPHPHHHPPPPHHHHPHHHH
221,HPHHHPPHPHPHHPHPPPPP
222,PHHPHHHPPPPPHHHHPPHP
223,HHPPPHHHHPPPHHPHHPHP
224,HPHPHPPHHHHPHHPPPPHP
225,HHHPHHHHPHHPPPPPPPHP
226,HPHHHHHPPHPHHPHPHHPP
227,PPPHPPPHHHPPPHPPPHHP
228,PHPPPHHPHPPHHPHPHPPP
229,HHPPHPPPPPPHPPPHHPPH
230,HPHPHPHHPPPPHPPPPPHP
231,HHPPPPHPPPPPHHPHHHHP
232,PPHHHHPHHHPHPPPHHHPP
233,HHPHHHHHPPHHHHHPHPPH
234,PPPHHHPHHHPHHPPPPPPP
235,HHPPPPHHPHHHPPPPHPPP
236,PPHHPPHPHHPHPHPPPHPP
237,PPPHPHPHHHPHPPHPHPHP
238,HHHHHPHHHPHPHPPHHHHH
239,PHPHHPPHPPPPHPPPPHHP
240,HPHPPHPPPHPHPHPPPHHH
241,PPPHHPHHHHPHPPHPPPHP
242,PPPPPPHPPHHHPPHPHPPP
243,HHPHPPPHPPPHHPHPPHPH
244,PPHHPPPPPPPPHHPHPHHP
245,HHPHPHHHHHPPHPHPHHPH
246,HHPHPPHHPHHPHPHPHHPP
247,HPHHHPPHPHPHHHHPPHHP
248,HHHHHPHPPHPPPPPPPPHP
249,PHPPPPHPPPHPHPPPPPPH
