id,sequence
0,HHPPPPHPPHHHHHPHPPHHHPHHH
1,HHPHPHPPPHPHHHPPPPPPHPPPH
2,PHPPPHHHHPPHPHHHHHHHHHHPH
3,HPHHPPHPHHHPHHPPHPHHPPHPP
4,PHPHHHHHPHPPHPPHPHPPPHPPH
5,PPHPHHHPPPHPPHHPHHHHPPPPP
6,PHHHHPPPPPHPPHHPPHPPHHPHH
7,PHHPHPPHPHHHPPPHPPHHHHPPH
8,HPHHHPPHHPPPHPHPHHHHPHPPP
9,PPHHHPPHHHHPHHHPHHPHHHPPH
10,PPPHPHPHHPPHPHPPPHHHHHPPH
11,HHPPPHHHPHPPPPHPPHHHPHPPH
12,HHPPPHHHHPPHHHPHPPHPHPHPH
13,HHHHHPHHPPHPHPHPPPHHHPHHH
14,PHPHHHHPHHHPHHPPHHHHHHPHH
15,PPPPHPHPHPHPPHHPHHHPPHHPP
16,HPHPPPPPHHHHPHHHPPPHHPPPP
17,HPPHHHHHPPPHHHHPHHHPHPHPH
18,PPPHPPHPPPPPHHHHHPPHPHPHP
19,PHPPPHPHHPHPPHHHHHPHHHHPH
20,PPHPPHPHHPPPHHHPPPHHHHPHH
21,PHPPPHPHHHHPHHHPPPPHHPHPP
22,HPPHPHHHHPPHPPHPPPHPPHPPH
23,HPPPPHPHHHPHPHPPHPPHPHPPH
24,HPHHHHPPPHPPPPPPPPPPPHPPH
25,HHHHPHPPPHHHHHHPPPHPPPHHH
26,PPHPPHHPHPHHPHHPHPHPPPPPH
27,HHHPPPPHHPPPHHHPHPHHPHHPH
28,PHHPPHHPHHHPHPPHPPPHHPHPP
29,PHPPPHPPHPPPHHPPPPPHHPHPP
30,PHPHPPPHHHPPPPHPPHPHPHPHH
31,HPHPHPPPHHPHHPHPHHHHPPHPP
32,HPHPPHPPHPHHPPHPHPHHPPPPH
33,PHHHHPPHHPPHHPPHHPPPPHPHH
34,HHPHHHHHPPHPPPPHPHHHPHHPP
35,HPPHPPHPHHHHPHPPHHPHPHHPP
36,HPPPPPHHHHHHPHHHPHPPHPPPP
37,HPPHPHHHPHPPPHPPHHHHPPHHP
38,PHPHPHPHPPHPPHHHPHPPPPPHP
39,HPPPHPHPPHHPPPHHPPPHHPPHP
40,PHHPPHPHHPHPHPHHPPPPPPHPP
41,HPHHHPPPPPHPHHHPPPHPPHHPP
42,PHHHHHHPHPHPHHHHHPHHPPHPH
43,PPPPHPPHPHPPPPHHHHPPPPHHP
44,PHHHHHHPPHHHPPPHPPHHHHPHP
45,PPHPPHHHPHPHHHPHPHPPPHPHP
46,HPHPPHPPHPPHPHHPPPHHHPHPH
47,HPHHPPHHHHPPHHHHPPPHPPHHH
48,HHHHPHHPHHHHPHHHHHHHPHHHH
49,HHHPPPPHHHHPHPPPPPHPHHPHH
50,PPHPPHHHHHPPHHHHPPHPHHPHH
51,PPPHHPPPHHHPPHHHPHPHHHHPP
52,HPPPPHHHHPPHPPPPHPHHHHHHH
53,PPHHHHPHHHPHHPHPHPHPHHPPH
54,HPHPPPHHPHHPHHHHHPHHPPHPP
55,PPHPHHPHPHPHHPPPHPHPPHPPH
56,HPHPHPHPHHPHPHHHPHPHHPPHH
57,HHPHPPHHPPPHPHPHPHHHPPHPH
58,PHPPPPPPHHPHPHHHHPPHHPPHH
59,PHPPPHHPHPPHHHPHPHHHHHHHP
60,PHPPHPPHHHPPPHHHHPPPPPPHP
61,HPPHHPHPHPHHHHPHHPHHHPHPH
62,PHPPPHPPPHPPPHHPPHHHHHPPH
63,HHHPPHHPHHPPPPPHHHHPHPPPH
64,PHPPHHHPHHPHHHPPPHHHPHPPP
65,PHPPPHHHPPPPPHHHPPPPPPHHH
66,PHPHHHPHPPPPHPPHPPHPHHPPH
67,PPHHPHPHHHPHPHPPHPPPPPPPH
68,PHPPHPHPHPPHPHPPPPPPPHPPH
69,HPPPPHPHPPPPPHPHHPPHPPPPP
70,PPHPHHHPHPPHHPHPHHHHPPHPP
71,HPPPHHPPHHHPPHHPPHHPHHPHP
72,PHHPPHHPPPHPPHHHHPPHHPHPH
73,HHHHHHPPPHPPHHHPPPHPHPPHP
74,HPPPHHHHHPHPHPPHPPHPHPPHH
75,HHHHHHPHHPPPPHHPHHHPHPHPH
76,PPPHHHPHHHHHHPPPHPHPPHPPP
77,HHPHHHPHHPHHPHHHHHPPPPPPP
78,PHPHPPPPHHHPPHPPPHHPHPHPP
79,PPPPPPPHPPHHHPHPHHHHPPHHH
80,HPPHHHPHPHPHPPHPPPHPPPPPH
81,HHHHPPHHHHHHPPHHHHHHPPHHH
82,PPPPHPHHHHHHHHPHPHPHHPHHP
83,PPPPHPPHPHHPHHPHHHHHHHPHP
84,PHHPHHHPHPHPHPHPPPHHPPPHP
85,HHHHPHPHHHHPHHPHPPPPPPHPP
86,HHPPPPPPHPPPPPPHPHHHPHPHP
87,HHHPHHPPPHHHPHPHPPHHPPHHH
88,HPHPPPHHPPHPPPHHHHHPHPHPH
89,HPPPHHPHHPHHHPPHPPPHPHPPH
90,PHHPPHPHPPPPHPPPHHPHHPHHP
91,PPHPHPPPPHPHHPPPPHPPPHPPP
92,HHPPPHHHPHHPHHPHPHHPHPPPP
93,PPHHPHHPHHPPHHPHHHPHHHPHH
94,HHPHHHHHPPHPPHHHPPHPPHPHH
95,HHPHHPHHPHPPPHHHPHHPHPHPP
96,HPPPHHHPHPHPPPPPHHHHPPPHP
97,PPHPHHPPPHHHHHPPPPHPHHHPP
98,PHHPHPHHPHPPHPPPHPHHHPHHH
99,HHHHPHPHHHHPPHPPHPPPPPPPP
100,PPHPHHHHHPHHPHPPPPPHHPHHH
101,PHHPHPPPHHHHPPHPHPPPHPHHP
102,HHHHPPPPHPHHHPPHHHPPHHPHP
103,HPPHPPHPPPHHHPPHPHHPPPPHP
104,PHPHHPPPHPPPPHPHHHHPHPPHH
105,PHPPHHHPHPPHHPPPHHPPHHPPH
106,HPPPPPPPPHHPHHPPHPPHPHPHP
107,HHHPPPHPPHPHHPHHHHHHPHPHH
108,PPPHPPHPPPHHHPPPPPHHPPHPP
109,HHPPHHHPHPPHHPPPPHPPPPHHP
110,PHPPHHHHPPHHPPPPHPPHPHHPH
111,HPPPHPHHPHPHHPPPPPPPPPPPP
112,PHPHPPHHHPPHHPPHPHPPHHHHH
113,HHPPHHHPPHHPPPHPPPHHHHPPP
114,HHHHPHHHPHHPPHPHHHPHHPHHH
115,PPHHPPPHPHPPPHHPHPHHPPPPH
116,PHPPPHPHPPPPHPPHPPHPHHPHH
117,PHPPHHHHHHHHPPHHPPPPHHPPP
118,HPHHPHPHPPPPHHHHPHHHPHPPH
119,PPHHHPPPPPPPPPPHPPPPPHHHH
120,HHHHHHPPHPPHPHPHHPHHHPHHH
121,PPPHHHHPPPHHHPPHHPHPHPPPH
122,PHPPPPPHHPPPPHHHHHHHPHHPP
123,PHPHPHPHPPPHPHPPPPPHHHHPP
124,HHPHPHPHPPHHHHPPHHPPHHHPH
125,PHHHPPHPPPHPPHHPHPHPHPHHH
126,PPPPHPPPHHHPHHPHPHHPHHHHP
127,PHPHPPPHHPPPPPHPPHPHHHPHH
128,HHPPHPHPPPHPHHHHPPPPPPHPH
129,PHPPHHHHPHPHPHHHPPHPPHHHP
130,HPPHPPHPPPHPPHHPHPPPHPHHH
131,HPPHHPPPPPHHPHPPPHHHPPPHH
132,PPHPPPPPHHHPHHPHPHPPHHHPP
133,PHHHPPPHHPHPPPHPHHHPHHPPP
134,HHHPHHHPHHHHPHHHPHHHPHPPH
135,PPPHPPHPHHHPHPHPPPHPHHPHP
136,HHPHPHHHHHPPHHPPPHPHPHHHP
137,HPPHHHHPHPHPPPPPPPPPPHHPH
138,HPHPHHHHHPHPHHPHHHPPHPHHP
139,PPPHHHPPPPHHHHHHHPHHPPHPP
140,PPHHPPPHHHPPHHPHHPHHHPHHH
141,PPHPHPPHHPHHPPPHPPPHPHHHP
142,HPHHHHPHHHHHPPHHPPHPHHPPP
143,HHPHHPHPPPHHHHPPPPHHHPPPP
144,PHPHHPHPHHPPPHHPHPPPHPHPH
145,PPHHHHPHHPHPPHHPPPHPHHHPP
146,HHHPHPPPHPHPPHPPHHHPHHHPP
147,HPPPPPHHHHHPHPHHPPPHPHHHH
148,PPPHPPPHHPPHHHHPHPHPPPHHP
149,HPPPHPHHHHPHHPPHPHPHHPHHH
150,HPPPPHPHPHHPHPPHHHPPPPHHH
151,HPHPHHPHHHPPPPHHHPHHHPPHP
152,PPHHPHHPPPPPHHPHPPPHPPPPH
153,PPPPPHHPPHPHPPPHPPHHHPHPH
154,HHHPHHPPPPHHPPPHHPPHPHHHH
155,PHPHPPPHHPHPHPHHHPPHHHHPP
156,PHPHHHHHPPPHPPPHHPPHPHPHP
157,HPPPHHPHHHHPHHPPHPHPPPPPH
158,HHHPPPHHPPPHHPHPPHHPHHHHH
159,HPPHHPHPPPPHPPHPHHHPPPPPP
160,PPPPPHPPHHPPPPHPPHHPPHHHP
161,PHHPPHHHHHHPHPHHHHPPPHPHH
162,HPPPHPHPPHHPPHPPPPHPPPHPH
163,HHHPHPPPHPPPPHPPPHPHPHPPP
164,HHPPHHHHPHPPPPPPPHHHHPPPH
165,PPPHHHHHPPPHHHPHPHPPHHHPH
166,HHHPHPHHHHPPHPHPHPPHHPPPP
167,HHHPHHHPPPHPHHPPHPPHPHHPH
168,HPHHPPPPPHHHPPHPHPPPPPHHH
169,PPPPPPHPHPHPHPHHHPPHPPPPH
170,HHPHPHPHHHHHPHPPHHPHHHPPH
171,PPHHHPHHPHPHPPPHHHHHHHPPP
172,PPHPHPHPPPPHPHPHPPPPPPPHH
173,PHHPHHPPHHHHHHHPHPHPHHHPP
174,PPPPPHHPPHPPHPPPHHHHPPPPH
175,HHPHPHHHHPPPHPHPPHPHPPPPP
176,HHHHHPHPPPPHPHHPPHHPHPPPP
177,HPHPPPPHHPHHHPHHPPPHPPHHH
178,PHHHPPPHHPHHPPHPHHHHHHPPH
179,PPHHHPPPHPHHHHHPHPPPHHHPH
180,PPPPHHHHPHHHHHPPPPPPHHHHH
181,PPPHHHPPPPHHHHPHHHPPHPHHP
182,HPPHHHHPPHPPHPHPHHPPPPHHP
183,PHHPPHPHPHPHHPHHHHHHPPPPH
184,PPHHHHHHPHHPPHPPHHHHPHHPP
185,HHPHPPPPPPHHHPPHPHPHPHHPH
186,HPHPPHPHHHPHHPPHPPHPPHHHP
187,PPHHHPHHHHHPPPPPHHHHHPHHP
188,HHPPHHPPPPPPPHPHPHHPPHPPH
189,HPHHHPPPPPPHHHPHHPHPHPPHH
190,HPPPPPHHHHPPHHPPHPPPHPPHH
191,PHPPHHPPPHPHHPHHHPPPPHHPP
192,HHPHHPHHHHPPPHPHPPHPHHPPP
193,HHHHPPPHHHHHHHPHHPPPPPPPP
194,HPPHHPHPHPHHPPHHPPPHPHPHP
195,HHPHHPPHHHHHHHPPHHPHPPPPP
196,HPPHPPHHPHHHPHPPHPHPHPPPP
197,PPPHHHPHHPPPHHPHHPPHPPHPP
198,PPPPHPHPHHPPPHHHPHHHPHHPH
199,HPHPPHHHHPPPPHPHPPPHPHPHH
200,PPHPHHPHPHPHHHHHHPHHPPPHP
201,HPPPPHPPHHPPHHHPHPHHHHPPP
202,PHHHPHHPPPPHPPPHHPPPPHPPP
203,HPPPHPPHHPHPHHHPPHHHHPHPP
204,PHHPHPHPPPPHHPPHPHPHHHPPH
205,HPPPPPHHPPHHPPHHPPPHHPHPP
206,PPPPHPPPHPPPHPPPHHHHHHPHP
207,HPPHPHPPHHHPPHPPPHHPHPPPP
208,HHPHPPPHPPPHPPPHHHPPPPPPH
209,HPHHHHHHHPHPPPHPPHHHHPPHP
210,PPPPPHHPPHPPHHHHHHHHHPHPP
211,HHHHHPPHPPHHPPPPHHHHPPHHH
212,HHHHHPPPPPHHPPPHHHHHHPPHH
213,PHHHPHPHHPHHPHPHHPHHHPPPH
214,HHHHPHPHPHPPHPHHPPHHPHHPH
215,PHPHPPHPHPPPPPHHPHHHHPPHH
216,HPPHPPPHHHHHPHHPPHPPHPHHP
217,HPHPHHPPHHHPHPPHPHPHPPHPP
218,PHPHPPPPPPPPPPPHHHHHPHPHP
219,HPPPPPPHHPPPPHHHPHHHPHPPH
220,HHPPPPPPHPPPHPPPHPHHPPHHH
221,HPPPPHPPHHPHHHPPHHHHPPHHP
222,HPPPPPHPHHPHHHHHPHPPPPHPH
223,PHPHPHHPHPPPHHHHHPPPPHHPP
224,PPHHHPPHHHPPHPHHPPPPHHHHH
225,PHHPPPPHPHHPPHPHPHHHHHHPH
226,HHHHHHPPPPHPPPHHPHHHPPPPP
227,HHPPHHPHHPPHPPPHHHHHHPPHH
228,HHHHHHPPHPPPHPPPPPPHHHHPH
229,PHPPHHPHHPPHPHHPPPHHHHPHP
230,HPHPHPPHHPPHHPPHHPHPPHHHH
231,PHHHHHHHHHHHPPHPPPPHHPPPP
232,HPPHPPPPPPHPHHPPHPHHPPPPP
233,PHHHPHHHPPHPHPHPPHHHHPHPP
234,PHHPPHPHHHHPHHHHHHPPPPHPH
235,HPHHPPHPHPPPPPPPHHHHPPPHP
236,PPPPHHHPPHPHPHPPPHPPPHPHH
237,HHHHHHPHPHPPHPHHHHPPHHPPH
238,HHHPPPPHPHHPHPPHPPPHPPHHH
239,HHHHPPHHHPHPHPPPPHHPHPHHP
240,PPPHPHHPHPHHPHPPHHPPPHPHH
241,PPPHHPPHPPPPPHHPPHHPHPPPH
242,PHPHPPHPHPPPPPPHHPHPHHPHH
243,HHHHHPHHHHHHPPHHPPPHPHPHP
244,HHHHHPPHPPHPPPPHHHPPPHPHP
245,HHPPPPHHHPPHPPPHHPPHHPPPP
246,HHHHHHHHHPPHHPPHHPPHHPPHH
247,HPHHHPHPPPPHHPHPPHPHPHHPP
248,PPPPPPPPHHPPPHPHHHPHHPPHH
249,HHHPHHHPPHHPHPPPPPHHPHPPH
