id,sequence
0,PPHHPHHPPPHHHPPHHPHPPHHHHHPPHP
1,PHHHHHHHPPPPPPHHHPHHPPPHPPHHPH
2,PHPPPPHPHPHPPPHPPPHHHPHHHPHHHH
3,HHPHPPHHPPHHHHHHHHHPHHPHPPHHPH
4,PHHPPPHPHHHHHPHHPHHPPHPHPHHHHH
5,PPHPPPHPPPHHHPHHHHHHPHHHHPPPPH
6,HHPPPHHPHPPPPHPHPPHHHHPHHHPHHH
7,HHHHHHHPPHHHPPHHPHPPHPPHPPHHHH
8,HHPPPPHPHPPPHHPHHHHPPHPPHHHHHP
9,PHPPPHHHPPPHPHPHHPHPPPPPHPHPHH
10,PPHHPHPPHHPPPHHPPHHPHPHPHPHPPH
11,PHPHPHHHPPHPPHPHHPHHHHPPHHHHHP
12,HPHHHPHPHHPHPPHHHPHPHPPPPPPPPH
13,PPHHPHPPPHHPHPHPHHHHHPHPHHPPPP
14,PHPHPPHPHPHHHHPHHHPHHPHHPHPHPP
15,HPPHHHHHPHHPHHHPHPHHHHPPPHHHHP
16,PPHPHPPPHPHPPHPPPHPHHHHPHPHHPP
17,HPHPPPPPPPHHPHHPHHHPHPHPHHHPHP
18,HPHPPPHHHPPPPHPHPHPPPHPPPPHPHP
19,PPHPPHPPHHPPHPPHHPPPHHPPHHHHHH
20,HHHHPHHPPPHPHHHPPHPHPPHPPHHHPP
21,HHPHPPPPHPHHHHPPHPHPHHPHHHPPPP
22,PHHPHHHPPPHHHHPHPHHHPPHPPPHHHH
23,PHHPHHPHHPPHPPHHHPHPHHHPHHPHPP
24,HHHHHPHHPPPPHHHHPPPPHPHPPHHPPH
25,HPHHHHPHHPPHHPHHPHHHPPHPHHHPHP
26,HHHHPPPHHPHPPHHPPHHHPHPPHHPHPH
27,HHPPPHPPPPPPPHPHPHHHHPHPHHHHPH
28,PHPPHPHPPHPHPHHPPPPHPPPPHPPPHP
29,PPHPHHPPPPPHHHHPPPPPHPPPPHHHPH
30,PPPPHPHPPHHPHPPPPPPHHHHPPPHHHP
31,PHHHHPHPHPHPHHHPPPHHHPHHPHPPHH
32,HHHHPPHPPHHHHPHPHPHHHPHPHHHPPH
33,PHHHHPPHHPPPPPHHPHPHHHHPHPHPPP
34,PHHHPPHPHPHHHHPPPPHPHHHPPHHHHP
35,PHHHHPHPPPPPHPPPHPPHHPHHHHPHHP
36,PPPHPPPPPPPPPHHPHPHPHHPPHHHPPH
37,PPPPPPPPPHPPPHPHPHPPPPPHHPPPHH
38,HHPPPHHPHHPPHPPHPHHHHHHHPHPPHH
39,HPHPHPHHHHHHPPPPHHPPHPHHPPHPHH
40,PPHHHPHPPPPPHPHPHHPPHPHPHHPPPP
41,HHHPPPHPHPPHHHPHHPHHHHHHHPPPHP
42,HHHHPHHHPHPHHHHHPHPHPPHHPHPHPP
43,PHHPPPHPHPHPPHHPPHHHHHPPHPPPPH
44,PPPHPPHPPHHPHPHHPPPPPPHHPPPPHH
45,PHHPHHPHHHHPHPHPHHHPHPPHHPHPHP
46,HPHPPPPPPPHHPPHHPPPHPHHHHHPPHP
47,PPHHPHPPPPPPHHPPPPPPPHPHPHHHHP
48,HHPHPHPPPPHHPPPPHHPHHHHPPPHPHP
49,PHHHHHPPPHPPPHPHHHPPPPPHHPPHPP
50,PPPHPPPPPHPPPHPHHPPHHHPPHHPPHP
51,PPHPHPPPHHPHHPPPPHHPPPPPPHPPHH
52,HPPPPPHPHPHHHHPPHPPPPPPHHPHHPP
53,PPHPHPPHPPHPPHHHPPHHHHPHHHPPHP
54,HHHHPPHHHHHHHPHPPPPPHHPPHPPHHP
55,HHHHHHPHHHPPPPHHPPHHPPPPPHHHPP
56,HPHHHPHHPHHHHHPPPHPHHPPPPHHHHP
57,HPHPHPHHHHHPHPPHPHPPHHPPPPHPPH
58,PPPPPPHHHPPHPHPPPHPPHPPPHPHHHH
59,PPPPPPPHPHPPHHPHHPPHHHPHHPPHHH
60,HHPPHPHPPPHHHHPHPPHHPPPHPPHHPH
61,PHPHPPHHHPHPPHPPHPHHHHPPPPPHPP
62,PHPHPPPPPHPHPHHHPPPHPHHHPPPPHP
63,HHPPPHPPPHHHPPPPPHPHHHHPPHHPPH
64,PPPHHPPHPHPHPPPHPHHPPHPPPHPPHH
65,PPPHHHPPHHHPPPHHHHPPHHHPHHPHHP
66,PHPHHPPPPPHPPHHPHHHHHHHHHPHPHP
67,PHPPPPHPHPPHHPHHPHHHHHHHHHHPHP
68,PPPHHPHPHPPPPPHHPHHPPHPPPPPHPH
69,PHPHHHHHHPPHHHPHHHHPHPPHHPHHPH
70,PPPPHHHPHHHHPHHHPHHHPHPPHHPHHH
71,PHPPPHHPPPPHPHPPHHPPHPHHHHHHPH
72,PPPHHPHHHHPPHHHHHPHPPHPPPPHPPP
73,PPHPHPPHPPHPPHPPHPHPPHHHPHHPHH
74,HHHPPPHPHPPPPPHHHPPPHPHHHPHPHP
75,HPPPHPHPPHHPPHPHHPPPPPPPHPPPPH
76,HHHPHPHPPHHHPHHHHHHPPPPHPHHHPH
77,HPHPPPHHPPHHHHHHPPHHPHPPPHPHPP
78,PHHHHPPHHHHHHPHPPHHPPHHHPHPPPH
79,HPHHHPPHPPPHHHPPPHHHHPHPHHHPPH
80,PPPPHHPHHPPHHHHPHHHHHHPPPHPHHP
81,HPHPHPPPHHHHHPHPHHPHPHHPHPPHPP
82,PHPPPHPPHHPPHPHHHHPPPHPPPPPHPH
83,HHHHHHPHPPHPPPPHHHPHHHHPHHPPPP
84,HHHHHPHHHPPHPHHHPHHPPPPHPHHHPP
85,PPPPPPHPHHPHPHHHHHPPPHHHHHHPPH
86,PHPPHPPHPPHPHHHHHHHHPHPHHHHPPP
87,HPHHPHHPPPPHPPPPPHPHPHHHHPHHPH
88,PHHHPPPPHPPPPPHHHHHPPPHHHHPHHP
89,HPHHHPHPHHPHHHHPHPHPHHHPHHHPPH
90,HHHPHPHPPHPHPPHPPPPHPHHPPHPPPP
91,HHHHPPHHPPHHHPHHPHPHPPHPHHHHHH
92,HHHPHHPHPHPPPHPHHHPHHPHPPPHPHH
93,PPHHPHPHPPHPHPPHHPPHHPPPHHPPPP
94,PPHPPPHHPPPHPPHHHPHHHHPHPHPPPH
95,PHHHPHHPPHHHHPPHHPPHPPPHPHPPPP
96,PPHHHPPPPHHHPHPHPPHPHPPHHHHHPP
97,PHPPHPPPPPHPPPPHHPPHPHHPHHPPPH
98,HPHHHPPPHPHPHPHHHPPHPHHPPPHPPP
99,HPPHHHPPPHPHPPHPPPPHHPPPHPPHPP
100,PPPPPHHPPHHHHHHPHHPHHPHPHHHHHP
101,HHPPPPHHHPPPPPPPPHHPHHHHHPHPPH
102,HHPHPPPPHPPPHPHHHHPHPPHPPPPHHH
103,PPHHHHHHHPPHHHHPPHHPPPPHPPHPPH
104,PHPHPHPHHHHHPPPPHPPPPPHHHHPHHH
105,PPPHPPHHHHHHHHHPHPPHHPHPPHPHPP
106,HHPHHHHPPHHPHHPPHHPPHHPHPHHPPP
107,HPPPHHHHHHHPPPPHPHPPPPHPPHHPPH
108,PHHPPPHPHHHHHHPHPPPHHPHHPHHPPP
109,PPPPHPPHPHPHHHHPPHHPPHPPHHPHPH
110,PPHPPPPPHPHPHHHHHHHHPHPHHHPPHP
111,PPPHHHHPPPPHHHHPPPPHHPPHHHPHPP
112,HPPPPPPHPPPPHPPHPPPPHHHPPHPPPH
113,HPHPHPHHHHPPPHHHHPPPPHHPPHPHPP
114,HPHHPPPPHPHPPPHPHHHPHHHHHHPPPP
115,HPHHHHHPPPPPHHPHHHPHHPHHPHHPHP
116,PHPPPHHPPHPPHPHPPHPHHPHPPHPHPH
117,PHHPHPHPPHHPHHHHPPHHHHHPPPPPHP
118,HPHHPHHPPPPHPHHPPPHPHPHHPHHPPH
119,HHPPPHPHHPHHHHPHPHPHPPHHPHPHHP
120,PPPPHHPPHHPHPHPPHPHHHHHHPPHHHH
121,PHHHHHPHPHHPHHPHPHPHPHHHHHHHHP
122,PPHPPHHHPHPPPHHPPPHHPHPHHPHHHH
123,PHPPHPHPHPPHPPHHHHHHPPPHHHPPPP
124,PPPPHHPPPHHHHPHHHPHHHPPHHPHHHP
125,HPPHHHHPPPPHHPPHHHHHHPPPPHHPPP
126,HPPHHHPPPPPPHPPHPPPPHHPHHHHHPH
127,PPPHHHPHHHHPPPPHHHPHHPPHHHHHHP
128,PPPPPHHPHPHPHHPPHHHHHPHHHHHHHP
129,HPHPHHHHPHHPPPHHPPPPHPPPHPHPHP
130,PPPHHPPHPPPPPHHHPPPPPPPPPHHHHP
131,HPHPPHHPHHHHHHPPPHPHPHPPPHHPPP
132,PHPPHHPHPPPHHPPPHHHPPPPHPHHPPH
133,PPPPPPHPPPHPPHHHHPHHPHHPPPHHPH
134,PPHPPHHHPPPPHHHPPPHHPPHHHHPPHH
135,PHHHPPHHHPPHHHPPPHPPHPHPPPPPHP
136,HPHPHPPHPPPPPPHHPPHPPPHHPHHPPH
137,HHHHPPHHHPHPPHHHHPHPHPHPHPPHHP
138,PPHPPPHPHHHHPHPPPHHPPPHPHHHPPH
139,PPHPPPHPPPPPPPPPHHHHHPHPHPHHHH
140,PPPHHPPPHHHHHHPPPHPPPHHPPHPHHH
141,PPHPPPPPPPPPHPHHPHPHPHPPPPPPPH
142,PHPPHHPPPPPHHHPHPHHHPPHHPPPPPP
143,HPPHPPPHHHHPHHHPHHPHHHHPHPHHHH
144,PHPPHHHHHPPHPHHPPHPPPPHHPPHHPP
145,PPHHHHPPHHPPHPHHHPHHPPHHHHHHPH
146,PHPHHHPHPHPPHPPHPPHPHHPHPPHHPH
147,HPHHHHPPHPPPPPPHHHHPPPHPPPHHPH
148,PHHPPHPPPHPPPPHHPPPHHHPPPHHHHH
149,PPPPHPPPHPPPHPHHPPHPHPHHPHPHPH
150,PHHPHHHHHPHPPPPHHPPPPHPPHPPHHH
151,HHPHPPPHHHPPHPHHHPPHPPPHHHPPPH
152,PHHHPHPPHHPPPHPPHPHHPPHPPHHPPH
153,HPHHHHHPPPPPPHPHHHHHPHHHPHHHPP
154,PPPPPPPPPPPHHHHHHPHPPHHHHPHHPH
155,HHPPPPPPHHPHPPHHPPPPPHPHPPHPPP
156,PHPPPPHHHHHPPPPHPPPHHHPPHHHHPP
157,HPPHPHPHHHHPHPHPPHPHHHPHPHHPHP
158,HHPPPPPHPHPHPHHPHPHPPHPPPPHHHP
159,PHPHHHPPPPHHHHHHPHHPHPHHPPHHPP
160,HPHHPPPPHPPPHPPPHHHHPPPHHHHPPP
161,PPPHPPPPPHPHPPPHHPPHPPHPPHHPHP
162,PPHPHPPHPHHPHPPHPHPHHHHPPPHPPH
163,HPHHPHPPHPPHPPHPPPHHHPPHPPPPHH
164,HHPHPHPPPPHHPPPHHHHPPHPPHHHPPP
165,PHHPPPPPPPPHPPPHHHHHPHPPHHHHHP
166,HPPPPPHHPHHPPPHHHPHPPHPPHHPPHH
167,PPHPHHPPHHPHHPPPHPHPPPHHPHHPHP
168,HPPHHHHPPPPHHPHPPPPHPPPPPHPPPP
169,PPPHPPPHHHHPPHHPPHPPHPPPHPPHHH
170,PPHHHPPHPHHHHPHPPHHPHHHHHPHPPH
171,PHHPPPHHPHPPHHPHPHPHHPHHPHPHHH
172,HPPHPPPPPPPHPHPPHHHPPHPPHPHPPP
173,HPHHPHHHHHPPPHHHHHPHPHHPHPPPHP
174,HHPPHHPPPHPPHHPPPHPHHPHPPHPHHH
175,HHPPHPPPHHHPHPPHHPPPHPPHHHPHPP
176,HPPPPHHPPPPPHHHHPPPPHPHPPPHPHH
177,HHPPPHPPHHPHPHPHHPPHPPHPHPPPPH
178,PPHPHPHHHPPPHPHPHPPHPPHHPHPHHP
179,PPHPHPPPPHHHPHHPHPPPHPHHPPHPPH
180,PHPHPPHPPPHHHPHPPHHPPHHHHHHPPP
181,PPHPHPHHHPPHHHPHPHHHPHPPPPPHHH
182,PPPPPPHPPPHPPPHHPHPHHHPPPHPHPH
183,PHPHPPPPPPHHHPHHHPHPPPHHHPHHPH
184,PHHPHPPPHHPHPPPPHPHHPHPPPHHPHH
185,HHPPHPHPPHPHPHPHHHPPPPHPPHHPHH
186,HHHHHPHHPHPHHHPHPHHPPHHPHHPPPP
187,PPPHHPPPPPPPPHPHHPPHPPHHHPHPPH
188,HPHPHHHPPHHPPHPHPPPPPPPPPHHPHH
189,PPPPPHHPPHHPHPPHPHHPPHPHPPHHPH
190,PHPPHPPPHPPHPHHHHHPHPPPHPPPHHP
191,PPHHPHHHPPHPPPPHHHPHPHPHPPHHPH
192,HPHPHPPHPPHHHPPHPPHPHHPPPHHPPH
193,HHPHPHPHHPPHPHPHHHHHHHHHHHHHPP
194,PPHHHHPPPPHPPHHHPHPPPHHHHPHHPP
195,PHHPPPPPHPHPPHPHPHHPHHPPHPPPHP
196,HHHPHHHHHPPPHPHPPPPHHPHPHPHHPP
197,HPPPPHHPPHHHPPHPHPPHHPHPPHPHPP
198,HHPPPHPHPHPPHPPPHHHHHHPPHPPHPH
199,HHPPPHHPHHPHHHPPHPHPHHPHPPHHPP
200,PPHHPHHHPPPHHPHPHHPHHPHHPPHHPH
201,PHPHPHPPPHPPPPPHHHPPPPPPHHHHPP
202,HHPPPHHHHPHPPHPPPHPPHPPHPPPHPH
203,PHPPHPPPPHPPPPHPPHHHPPPPPHHPPP
204,HPHPPHPPPHPPPHHPHHPHHPPHHHHHHH
205,PPHPPPPPPPPHHHHHPPHHPHHPHHHHPH
206,HHPHPPHPPPPHHPHPHHPHHHPPHPHPPH
207,PPHHHHHPPPPHHHHPPHHPPPPPHPHHPP
208,HHPPPPHHPHPPPPHPHPHHPHPPHHHPPH
209,PHPHHPHPPPHPHHPPHHPPPPHPPPPPPP
210,HHHPPPHPPHPHPHPPPPPPHHPHHHHPPH
211,HHPHPPHHHHPPHHHHPPPPHHHPPHPHPP
212,HHHHHPPHPPPHHPPPHHHHPPHHHHPHHH
213,HHPHHHPHHPPHHHHHPPHPPHPPPPHPHH
214,HPPPPHPHPPPPHPPHPPPHHHHPHHHHHH
215,PHHHHPPPHHPPPHHPHPPPHPPHHPPPPH
216,HHHPHPHHHPHPPHPHPHPPPHPHPPPHHP
217,PPPPHHPHHHHHPPHHHHPHPPPPPPHHHP
218,PHHHPPHPPHHPPHPHHHPHPPHPPHHPHP
219,HHPPHPPHHPHHPHHPHPPHPPPHPPHHHH
220,PHHHHHHHHHPPPPHHHHHPPHHHHHPHHP
221,HHHPPPPHPHPHPHHHHPHPPHPHHHPPPP
222,HHHPHHPHHHHHPPHHHPHPHPHPPHPHPP
223,PHPPPPPHPHHHHHPPPHHHPHPHHHPHHH
224,PPPHHHPHPPHPHPPPHPHPHHPPHHPPHH
225,HPPHHHPHHPPPHHHPPHHPHHHPHHHPPP
226,HHHPHHHPHHHPPHPPPPHHHPPHHHHPHP
227,PHHPPHPHPPHPPHPHHPPPHPPHHHPPHP
228,PPPPHHHHPPHPHPHPPPPHHPHPHHHHHH
229,HPHPHPPHPPHHHPPPHPPPPPHHHPHHPP
230,PPHPHHHPHPHHHPPPHPHHPPPPPPHHHH
231,HPPPPHPPHPHHPHHPHPPPHHPPHHPHPH
232,PHHPHPHHHHPPHHPPPPPHHPPPPHHPPH
233,PPPHHPPHPHPHHPPPPPPPHHPHHPPPHP
234,PPHHPPPHPPPHHPPPHHPHPHHPPHPPPP
235,HPHPPHPPPPHHHPPHPPPHPPPPHHPHPP
236,HPPHPPHPHHPHPPPHPHHPPPHHHPPPPP
237,HHPPHHPHHHHHPPPHPHPPHPHPPHHHPH
238,PHHPPHHHHPHPHPPHPHPPPHPHHPPPHH
239,HPPPPPPPPPPPHPHPPPPPHPHHPHPPPH
240,HPHHPPHHPPPHPHHPPPHPPPPPPHPHHH
241,PPHHPPPHPPPHPHPPPPHPHPPPHHPHPP
242,PHPPPHHHHHPHPPHPHPPPHHPHHHPPHP
243,HPHHHPPPPPPPHPPPPPHPHPPHPHHPHP
244,PPHHPHHHPPPPHHHHPPPHPPPHPHPHHP
245,HHHHPHPHHHHHPHPPPHPHHPHHHPPPHH
246,PPPHPHHHHHHHHHPHHPHPPPHPPPHPHP
247,PPPPHPHPHPHPPPPHPHHHHPPHPHHPHP
248,HPHPPHPHPPHPPHPHPHHPHHHHHHPPPP
249,HHPPPPHHHPPPPPHPHPPPHHPHPHPPHH
