id,sequence
0,PHHPPPPHPPHPPPHHPPPPPPHPPPHPHPHPPPH
1,PPHHPPHPPPPHPHPPHHHHPHPPHHHHHHPHHHH
2,HHPPPHHHPPPPHPHPHPPHPHHPPHPHPPPHPHH
3,HHPHPPPHHHHPPPHHHPHPPHHHHHHHPHPHHPP
4,PHHHHHPHHPHPPPHPHPHHHPHPPHPHHHPPHHH
5,HHHPHHPHPPHPHHHHHPPPPHHHHHPPPPHPHHH
6,PHPHPHPPHPPPHHHPHPHPHPHHHPPPPHPPHPH
7,HPPHPHPPHHHPPPHPPHPHPHPHHPHHPHHHHHP
8,HHHHHPPHHPHHHPHHPPHHHHPPHHHPHHHPPHP
9,HHHPHHPHHPPHHPHPHPPHHHPPHHHHHHPPPHP
10,PPHHHHPHHHHPHHPHHPPHPHHHHPHPHHHPHPP
11,PHPHHPPHHPHHHPHHPHPPPPPPHHHPHHPHHHH
12,HPPHHPHPPPPPHPPPHHHPHHPHHPHHPPHHHHP
13,HPPPPPHHHPPHPHHPHHPPHHPHHPHPHHPPHPH
14,PHHPPHHHHHPHPHHPHPPHPHHHPHHHPPHHPPH
15,HPHPHPPPHPHHPPPHHHPHHHPPPPHPPHPPHPP
16,PHHHHPHHHHPHHPPHPPHHPHHPPPPPPHHPHHH
17,PHHPHPHHHHPPPPHHPPHHPHHPHPPPPHPHHHH
18,HHPHHHHHPPHPPHPPPPHHPPHHPHPPPHHPHHP
19,PPPPPHHHPPPHHPPHHHPPPHPPPPPPPPPHHHH
20,PHHPHHHPPHHPPPPPPHPPPHPPHHHPPPPPHPH
21,HPPHHHHHPPHPPPHHHPHHHPPHPPHPHPPPHPH
22,PHHPPPPPPPHPHHPPPHHHPPPPPHPHPHPHHPP
23,HHHHPHPHHHHPHPHPHPHPHPHHPPHPPPHPPPH
24,HHHHPPHPPHPHHHPHPHPPHPHPPPPHHHHHPPH
25,PPPPHHHPHHPPHPHPPPPHHPPPPPPHPPHPPPH
26,PHHHPPHPHPHHPPHPPPPHPHPPHHHPPPPHHHH
27,HPPPPHHHHPHPPHPPHPHPPHHPPHPPPPHHPHH
28,HHHHPHHPPPHHHPHHPPPPPHPPPPPHPPPHHHP
29,PHPHPPPPHPPPHPPHPPHPHHHPHPHPHHPHPHH
30,PHHPHPPHPPHHPHHHPPPPHPPHPPHPPHPPHHH
31,HPHHHHPPHPPHHHPHPHPPHPHHPHPPPHPPPPH
32,PPPPHPHPHHPHPPHHPPHHHHPPHHHHHPPHPHP
33,HPHHPHHPHHHPHPHPHPPHPPHHPHPHPHPPPHH
34,PHPHHHPHPPPPHPHHHHHPHHHHPPPPPHHPHHP
35,PHHHPHPHHHHHPHPHHPHPPHHPPHHPHPPPHPH
36,PPPHPPHPHPPPHPPPHPPHHHPPHHHPPHPPHHP
37,PHHHPPHHPPPPHHPHPPHHPPHHHPHHPHHHHHP
38,HHPPHHPPHHHHHHPHPPPHPHHPPHPPHHPHHPP
39,PPPPHHHPHHPPPPPHHPHPHPPHPPHHPPPPPHH
40,HPPPHPHPPHPPHPHHPHHPHHPHHPPHPHPPHHP
41,HHPHPHPHHPHHHHPHHPHPHPHHPPHPPHHHHHH
42,PPHPHHPPHHPPPHHHHHPPHPPPHPPHHHHHHPP
43,HHPHHHPHPHHHHHHHPHPHHHPHPPPPPHHPPPH
44,PHPPHPPHHHHPPPPHHHPHPPPPHPPPHHPHHHP
45,HHPPPPPPPHPHHPHPPPHPPPHHPHPPHPPHPHP
46,PHPPHHPPPPHHPHHPHPHPHPPHHPPPPHHHPHH
47,PPPPHHHPPHHPHHHHPPPPPHPPPPHPHPHHHHP
48,PHHPHHPPPPPPPPPPHHPPPHPPPHHHPPHPHHP
49,HPPHPHHHPHHHPHPPHPHPHHPHPHPPHHHPPHP
50,PPHHHPHHPHHHPPPPPPPHPPPPHHPHHPPPHHP
51,PPPPHHPHHHHPHPPHHPPPPHHPPHHPHPPHPHH
52,HHHPPPPHHHPPHPPPHPPHPPPHHHPHHPPPHHH
53,HPHPPPHHHHPPPPPHHHPHPPHPHPPHHHHHPPP
54,HHPHPPHHPHPPHHPHHPPHHHHHHHPHPPPHPHH
55,HHPHPPHPHPHHHHPHPPHHHPHHPHPPHPPPPHH
56,HHHPHHHPPHHPPHHHPPPPPPHHHHPHHHHPHHH
57,PPHPHHHHHHPHHHHHPPPHHHHHPHHHPPHHPPH
58,HHPHPHHPPHPPHPHPHPPHHPPPHPHHPPHPHHP
59,HPPHHPPPPHHHHPHHHHHHPPPPPPPPPPHHHHH
60,HPHHPPHHPPHPHPPPPPPPHPHPPHHPPPHPHPP
61,HPHPHHHPHHHPPPPPPPHHPPHPPPHHHHPPHHH
62,PHPPPHHHPHPPPPPPHHHHHHPHHPPHPPHHHPP
63,HPHHHPHPHHHHHHHHHPHHHPPPHHHHPHHHHHP
64,HHPHPPPHHPPHHPHPPPHHPHHHHHPPPHPHPPH
65,HHHHPPPHPHPHPPPPHHPHPPPHHPHHPPHHHPH
66,HHHHPPHPHHPHPHPPPHPPHPHHHPHHHHPPPPP
67,HHPHPPHHPPHHHHPHPHPPPHPHHPPHHPPPPHP
68,HHPHPHPPPHHPHHPHPHHPHPHPHPHPPHPHPPP
69,PPPHPHPPPHHPHHPPPPHPHPPPHPPPHHPPHPH
70,HHHHPHPHHPHHPHHHHPPHHPPHPPPHPHHHPHH
71,HHPPHHPHPHPPHPPPPPHHHPHPPHHPHPHHPPP
72,HHPPPPPPHHPHPPPHPHPHHHPPHHPPPPPPHHH
73,HPHPHHHHPHPHHHPHHHHHHPHPHPHPPHHHPHP
74,HHPPHHHPPPHPHHHPHPHHHPHPPPPHPPPPHPH
75,PPPPPHHHHHPPPHHPHHPHPPPPHHHHPHPHHPH
76,HPPHHHHPHHHHHPPPHHPHPHHHPPPHHPHHPPP
77,HHPPHPHPPPPHPHHPHHPHHHPPPHPPHPHHHPP
78,HPHPHHPPPHPPPPHHPPPPHHHPPHHHHPPPHPH
79,PHHPHHHHPPHPHPPHPHHHPPHPHPHPHPHHHPH
80,PHHHPPPPHHHPHPHHHHPHPHHHHPHHHPHHPPH
81,HHHHPPHHHPHHPPHHPPPHPHPHPHHPPHHHPHP
82,PHPPPHHPPPHHPHHHHHPHHPPHHHHPPHHPPPP
83,HPPPPHPPHPHPHPPHPHPPHPHHPHHHHPPHPPH
84,HPPHHPPHHPHPPPPHHPPHPPPPPPHHHPHHPHH
85,HPHPHHHHHPHPHPHHPPPHHPPPPHHHHPHHHHP
86,PPPHPPHPHHHHPHPPHPPPPPPHHPHPPHPPPHH
87,PPHPHPPHPPPPHPPPPPHPPPPHPPHHHHPPPHP
88,HPHHPPPHHPHHHHHHPPPPPPPPPPHHPHHPPPH
89,HPHPPHHHHHPPHPHHPPPPPHPPHHPHPPPHHPH
90,PPPPPPPPHHPPPHPHPHPPHHPHPHHPPPHPHHH
91,PHHPPHPHPPPPPPHHHHHHHPPHPHHPPHHPHHH
92,PHPHPHHHHPPPPHPHHPHPPHHPPPHHHHHPPPP
93,PPPHPPPHHPHHPPPHPPPHPPPPHPPHHPHHPPH
94,PHHPPHPHHPPHHPPHHHPHHHPHHPHPPPPHPPH
95,PPPHPHHHPHHHHPPPHPHHHPPHHPHHHPHPHPH
96,PHHPPPHPHHPPPHPPPPPHPPPPPHHPPPPPHPH
97,PPHHPPHPPPHHPHPPPHPPHHHPHPHHPPHPPHP
98,HPHPHHPPPPPPPHPPPHPPPPHPPPPPHHPPHPP
99,PHHHHPHPHHPHHPPPHHHHPHHPHPHPHPPHPHP
100,PHPPHPPPHHPPPHPHPPHHHHPPPPPHHHPHPPH
101,PPPPHHHPPPHPPHPHHHHHPPPPHPPHPHHPHPH
102,HHHPPHHHHPPPPHHPPPHPHPPHHHHPPHPPHHH
103,HHHPHPPHPPHPPPHHHHHPPHPHPPHPPHPPPHP
104,PPHPHPPPHPHHPHPHPPHHHPHHHPHHHPPPPPP
105,PPHHHHHHHPHHHHPHPHHHHPPPHPPPPHPPHPH
106,PHPHHPHPPHPHPHHHHPPPHHHPPPHPHHPPHHP
107,HHHHHHPHHPPHHPHPHHPHHPHHHHHPHHPHPPH
108,PPPPPHHHHPHHHHHHPHHPPPHHPHPPPPPHHPP
109,PPHPHHPPHPHHHHPPPPPHHHHHPPHHHPHPHHP
110,HPPHPHPHPPPHPPPHHHPHPPPHHPHPHHHHPHP
111,HPPHHHPHHHPHPHHHHPPHHHHHPPPPPPHHPHH
112,PHHPHPHPHHHHHHHHHPHHHHPHHPPHHPPHHPP
113,HHPPPHHHHPPPHHHPHPPHPHPPHPHPHHHHPPP
114,PPPPPHPHHHPPHHPPHHHHPHHPPHHPPHHHHHH
115,PPHHHPHPHHPPPPHPHHPHHPPHHHHPHPPHPHP
116,PPPPPHHHHHPPPPPPPHPPHHPPPHPHPHPPPPP
117,HHHHHPHPPPHHHPPHHPHHHHHHPPPPHHPPHPP
118,HHHPPPPHHPHPPPPPPPPPPPPPPHPHHPPPHHP
119,PPPHPPPPPHHHHHPHPPPHHHPPHHHPHPHPHPH
120,PPPPPHPPHHPPPHPPPHPPHHPPHHPPHHHPHHH
121,PPPHHPHPPPHPPHHPHPHHHPPPPHPHHHPPHHH
122,HPHHPHPHPPHPPHHPHHHHPHHPPHPPHPHHHHH
123,HPPPPHHHPPPHHHHPPHHPHHHHHHHHHHHPHPP
124,PPHHHHPPPPPPHPPPHPHHHPPHHPPHHHHHHPH
125,PPPHHPHHHPPPPHHHPPPPPPPHPPHHHHHHHPH
126,HPPHHPPPPPPPPPPHHHHHHPPHHPHHPHHPHHH
127,PHPPPPHPPPPHHHHHPHPHHHHHPHHPHHHHHPP
128,PPPHHHHHPPPPHHPHPPPPHPPPHPHHHHPHPPH
129,PHPHPHPHPHHPHHHHHPPHPPHHPPHPPPPPHHP
130,PPHPHHHPHHHPHHHPPPHHHHHHHPPPPHHHPHP
131,HHHPPHPPHHHHPHPHPHPHHHPPPHHHHHPPPPH
132,PPHHHHPHPHHPPHHHPHHPHHHHPPHHPHHPPPH
133,HPHPPHPPHHHHPHPPHHPPHPPHHPHHPPPHPPH
134,HHPPHHPPPPHPHPPPPHPPHHPHHPHPHHHHHHP
135,HPPHPHHPPPPPHHPHPHHPPHPHPPHHHHPHPPH
136,PHPPPPPHPHHPPHHHHHPHHPPHPPPPPPHHHPH
137,HPPHHPPPPPHHHPPPHPHPHPHHHPPHPHPPHPH
138,HPHHPPPPHHPPPPPPPPHPHHHPHPPHHPHPHHH
139,PPPPHPPHPPPPHHHHHPPHHPHPHHHHHHHHHHP
140,HHHPPPHHPPHPPHPPPPPHHPHPHHHHHPPPPHH
141,PHHHHHPPHHHHHHHHHPPPHHPHHHHHPHHHHPH
142,HPPHPPHPPPPPPHHHHHPHPHHHPHPPPPPHHPP
143,PPPPPPPPPHPPHHPHHPPHHHHPPHHHPPPHPHH
144,PPPHPHPPPPHHPPHHPHHHHHHHPPHPPPPPPHH
145,HPHHPHHHPPPHPHHPHPPPPPHHHPHHPHHPPPH
146,PPPPHHHHHPHPHPPHHPHPHHPPHPHHPHHPHPH
147,HPPHPHHHPPPHPPPPPHHPHPPPHPPHHPPPHPH
148,HPHPHHHPHPPPHHHHPHPHHPHPPPHPHPHPPPP
149,HPPPPHHPPHHPPHHHHPHPPPHPHHHPPHPHPPP
150,HPPHHHHPPPPHHPPPHHPPHPHHPHPHPPHPPPP
151,PHPHHPHHPHHPPPPPHHHHHHPPPPPHPPPHHHP
152,HPHPHPPHHHHPPHHPPHPHPHHHPPPHPHPHHHH
153,PPPPPHPPHPHHPPHHHPHHHPPPHPPHHHHPHPH
154,HHPHPPHHPHHHPPPPPHHHHPHHHHPHPHHPHPP
155,PPHHPPHPPPPPPPHPPPPHHPPHPHPPPPPPPHH
156,PHPPHHHPHHPPPHPHHPHPPHHHHHPPHHHHPHP
157,PHPPPHHHPPHHHPPHHPHHPPPPHHPPPHHHHHP
158,PPHPPHHPPPHPHPPPPHPPPHHHPPHHPPPHPPP
159,HHPPPHHPHPPHHPPPPPPHHHHPHPHHPHHHHHH
160,HPPHPHHPPHPHPHHHHHHHPHPHPPPPPPHPPHP
161,PHHHHPPPPHHHHPHPHPHPPPPHPHPHPHPHPHP
162,HHHHHHHHHPHHHPPPPPPHHHPPPPPPHPHHHPH
163,PHHHPPHHHPHPHPPPPHPHHHPPHHPHPHPHHPP
164,PPPHHHPHPPPPPHHHPPPPPHHHHHPHHPHPPPH
165,HHPPHHHPHPPHPHPPPHPPHPPHPPPHPPHPPHP
166,PPPHPHPPHHHHHPPHPHPPHHPHHHPPPPHPHPP
167,HPHHHHPPPHPPPPHPPHHHHHHHPPPHHHPPHPH
168,PHPHPHPPHHPHPHHHPHPPPHHHHPHPPHPHHPP
169,HPPPPHHPPHPHPPHPPPPHPPPPPPHHPPPPPHH
170,HHHPHHPHHHHPHPHPPHPHHPPPHHHPHHPHPHH
171,PPPPPPPHPPPPPHPPPHHHPHHPHPHPPHPPHPP
172,HHHHHPHHHHPHPHHHHHHHHHHHHPPHPHPHHPP
173,PPHHPPHHPHHPHPHHPHHPHHPPPPHHPPPHPHH
174,PHHPHHHHPHHPPHPHPHHHPHPPHPPHPPPHPHH
175,PPHPPPHPHHHPPHHPHPHHHHHPPHPHPPPHHHP
176,PHPPHHPPHHPHHPPPPPHPHPHPPHPHHPHPPHP
177,PPPPHHHPHPPPHPHPHPHPPPPPPPHPHHPHHHH
178,PPHPHPHPPPHHHHPPPPHHHPHPHPPHHPHPHHH
179,PHHHPHHPPPHPHPHPPPHPPHHHHHHHPHHHPHP
180,HPHPPHHPPPHHPHPHHPPPHPHPPHHHPHHHPPP
181,PHHHHHPPHPHHHHHHPPPPHHHPHPPHHPPPPPP
182,HHPHPPPPPPPHPPPHHPHPHHPPHHHHHHHHHPP
183,PHHHPHHHHPPPHPPHHPPHPHHHPHPPPPHHPHH
184,HPPPHHHHPHPHHHPPPHHHPHHPHPHHHHHPHHH
185,PPHHHHPPHPPHPHPHPPPPPPHHPHHHHHHHHHP
186,HHPHPPHPPHPHHHPPPHPHHHPHHPPPHHPPHHH
187,HPPHPHPHPHPHPHPHHHHHPHPHHHHPPPHHPHH
188,PPPPHPHPHHPPPHPHPPHHHPPHPHHPPPHHHHP
189,PPHHHPHHPHHPPHHHHHPHPPHPHHPPHPPPHHP
190,HHHHHPHPPPHHHPPPHPHHHPPHHHHHPPPHHHH
191,HPPPHHHHHPHHHPPHHPPHPPPPPPPHPPPHPHH
192,HHPHHPHPPPPPPHHPPHPPHPPPPPHPPPHHHPH
193,HHHPPHHHPHHPHHHHPHHHHPHHHPHHHHHHHHH
194,HHPHHHHPPPPHHPHPPPPPPHHPHHPPHHHPPPP
195,HHHHPHHHPHHPHPHPHHHHHPPPHPPHHHPPHPP
196,HHHPPPPHHPPPPHPPHHHHPPHHHHPHPPPPPHH
197,HHHHPHHHHHPHPPPHHPPHPPHHPPPPPPPPPPP
198,HPHHHHHHHHPPHPHPPPHPPPPPHPPPPHPPHHH
199,PHHHHPPPHPHHHHHHPPHPHHHPHPHHHPHHHPH
200,PPPHPPHHHPHHHPHHPHHHPPPPHPHHHHHPPPH
201,PPPHHPPPHHHPHPHHHHPHHHPHHPHPHHPPHHP
202,HHPPHPPHPPHPHPHHHPPPHHHHPHHPHPPHHHH
203,PPPPPHHPPPHPPPHHHPHPPHPPPHHHHHHHHPH
204,PHHPHHHHPHPHHHHHHPPPPPHHHPHHHHHHHHP
205,PHHHHPHPHPPPPHPHHHPPHHPPPPHHHHPPPPP
206,PHHHHPHPPHPPPHHPHPPHPPPHPPHHPHHPPHH
207,PHHPPHHHPHPPHHPPHHHHPHHPPHHHHPPHPPP
208,HHPPHPPHHHPPPHPHPPHHHPHPHHPHHPPHPPP
209,PPPHPHPPHPPPHHHHHPPHHHPPHPHPPHPHHPH
210,HHHHHHPHHHHPPPPPHHHPPPHPPHHHHHPPPPH
211,PPPHPPPPPPPHPPPPHPHHPPHHHPPPPHPPHPP
212,PPHHHHHHPPPPPPHPPHHHHHPHHHHPHPPPPHP
213,HHHPHPHPHPHPPHPPHPPHPPHHPHHHPHPHPHH
214,HHHHHHHHPPPHHPPHHHPPPHHHHPHPHHPHHHH
215,HHHPHPPPPPHHPPPHHHPPHPHPPHPPHHHPHHP
216,PHHHPHHHPHPHPHHPPHHPHPHPHHHHHHPHPPP
217,HPPHPPPPHHPHHPHHHPHHPHHHPHHHHPPPHPP
218,HHHPPHHHPHPHHHHPPHPHHHPHHPHHPHHHHHH
219,PHPPHPPPHPHHPPPHPHPPHPHHPPHHHHPPHPH
220,HPPPPPHHPPHHHPHHPPPPPHHPPPHPPHHPHHP
221,HHPHHHHPHHHPPPPPPHHPPPHPHHPPHHPPPHH
222,HHHHPHHPHPHPPHHPPHHPPHHPHHPPPHPPPHH
223,PHHPPHPPPPHHHHHHHHPPHHHPPHHHHPPHHPH
224,PPHPPHPPPHPPHPHHPHHPPHHHPPHPPPHHPPH
225,PPPHHHPPPHPPHPPPPHHPHHHPPPHPPPPPPPP
226,PPPPHHHPHPPHHHHHPPHPPPPHHHPPHHPPPPP
227,PPPPPHPPHPHPPHHPHHPHPPPPPPHHPHHHHPH
228,PPPHHPHPHHHPHHPPHPHHHPPPPPHPPHHHPHH
229,PPPPPPHHPHPPPHHHPHPHHHHHPPHPPHHPHHH
230,PHHHHPPPPHHPHHHHPPPHPPHHHHPHPHHPHPH
231,PPPPHHHPPPPPHPHPPPHHHHHPHPPPPPHPPHH
232,HPPHPPPHHPPPHPPHHHHHHPPHHHHHPPHPHHP
233,HPPPHPHHHPHHHHHPHHPHPHHHHHPHHPHPPPH
234,HHHHPHHPPPHHPPPPPHPHPHHPHPPPHPHHPHP
235,HPPHHPHPPPPPPPPPHHHPHHHHHHHHHHPHHHH
236,HPHPHHPHPHPHHPHPPHHPPHPPPPHPPHPPHPP
237,HHHPHHHPPPHHHPPHHPPPHPHHPHHPPPHHHPP
238,PHHPHHHPPHPPPPHPHPHPHHPHPHPHHPPPPHH
239,PPHHPPHPPPHPPPHHHHPPHPHHPPPPPPHPPPH
240,HPHHHHPPPHHPPPPPHHHHPPHPHPHPHPHPPHP
241,HPPPPPHPPHHHHHHPPHHPPPPPHPPHPPPHHPH
242,HPPHHPPHHPHHHHPPHPHHHHHHPPPPHPPPPHH
243,PPPPHPPPHHHHPHPPHPHHPPHPHHHPPHHPPPP
244,HPHHPPPHHPPHHHHPHHHPPHPPPHPHPPPPPPP
245,PPPPPHPHHPPHPPHPPHPHHPHPPPPHHPPHPPP
246,PHHPPHPPPHPHPPHHPPHHPHHPHHPPPPHPPHP
247,PPHPHHPHHPPHHPHPPPHPPPPPHHPPHPPHHPP
248,PPPHHHHPPPHHHHPPPHPPPHHHHPHHPHPPHHP
249,HPPPPPPHHHPHPHPHHPPHPPHHPPPPPPHPPHH
