id,sequence
0,HPPHHPHHHPPPPHHPHPHPHPPPHHHPHPPPHPPHPHPH
1,HPHPPPHHHHHPHHPHHPHHHHHHHHHHHPHHHPPPHHHP
2,HPPHPPPPPHPHHPPPHHPPPPHPHHPHPPPPPPHPHPPH
3,PHHHPHPHHPPHHHHHPPPHPPPHHHHPPHPPHHPPHPPP
4,HHPPHHPHHPPPPPHHPPPPPHHPPPPPHHPPPPPHHPPH
5,HHPHHHHPHPHPHHHHPHHPPHPPHPHPPPPHHPHPHHHP
6,HHPHHHHHPPPPPPHPPPPHPHHPPPPPPHHPPHPHPPHP
7,HPPPHHHHHPHHPHPHPPPHPHPHHHHPHHPPPPPHPHHH
8,PHHPHPHPHPHPPPHPHPHPPPPPPPHHHPHHPPPHPPPH
9,PHPPPPPPPPPHHPHHPPHPHPPHHPPHHHHPPHHHHHHH
10,HHHHPPHHPHPHHHPHHPHPPHHPHPHHPPPPPPHPPPHH
11,PHPPHHHHHPHPPPHPPPPHPHPPHPPPHHPHPHHPHHPP
12,HPHHPPPPHPPPHPPHPPPHPHPPPHHHPHPHPPHPHHHH
13,HPPPPPHHHPHHPHHHPPPPHHPPPPHPHHPPHHHHPPHH
14,PPPHPPHPPHHHPHHPPHHPPHPHPPPHHHPHHHPHHPPP
15,HPHPPPHPPHPPHPPHHHHHHHHHPHHHPPHPHPPHHHPH
16,PHPPHPHHHPHHPHPHPPPPHHPHPPPPHHPPHHPPPPPP
17,HHHPPPPPHHHPPHHPHPHPPHPPPHPPHHHHPHPPHPPP
18,PPPHHPPHHHPPPPPPHPPHPHHPPHHPHPPPHPHHHPHP
19,PHHPHPPPHHPHHHPHHPPHPHPPPHHPHHHHHHHPPHHP
20,HHHHHHHPHPHPHPPPHHPPHPHPPHPHPPPPHHPHHHPP
21,PPHPHPPHPPPHPPHHHPHHHPHHPPHPPHPHPPPHPPHH
22,PPPPHPPPHHPHHPPHHHPPPPHHHHHHHHHHPPHHHHPH
23,PPPPHPHPHHHHHPPHHPHPPHPHHPHPHHPHHHPPPPHP
24,HHPPHPHHHHPPHHHPHPPHHPPHHPPPPHHHHPPPHPPH
25,PPHPPHHPHHHPPPHPPPHHHPHHHHHHPHPPHHPPPHHP
26,HPPHHPHPPHHHHHPHPPPHPHHHHPHHHPHPPHPHPHHH
27,HHPHHPPPPHPHPHPHHHHPHPHHPHHHPPPHHPHPPHHP
28,PPPPHPPHPHPHPPPPHHHHHHPPHPHHPPPHHHPPPPPP
29,PPHHPHHPHHPHPHHPHHHHPPPPHHPPPHHHHPPPHHPP
30,PPPPPHHPPPHHHHPPHHHHPPPHHPPPPPHHHHPPPHPH
31,HPPPPPHPHHHPPPHHPPHPHPHHPPHPPPPHHPHHPHHH
32,HPHPHHPHPHHHHHPPHPPHPPHPHPPPHHPHPHPPPPHH
33,HHPPPHHPHPHHPHHPPPPHPPPPPHPHPPHHHHHHPPHP
34,HHPHHPPHPPHHHPPHHPHHHPPPHPPHPHPHPPHPHPHP
35,PPPHHHPPHPPHHHHHHPHHPPPHHPHPHHPHHPPPHHPP
36,PPPHPHHPPHHPHPHPPPHHHPHPPHHPPHHPHHHPHPPH
37,HPHPHHHPPHPPPHHPHPHHHHHHHHPPPPHHPHPPPHHP
38,HPPPPHPHPHPHHHHPHHPHPPHPHPPHPHPPHPHPHPPP
39,PHHHHHHPPPHPHPHHHHPPHPHPPHHPHPPHHHHPPPHH
40,HPPHHHPPHHHHHHHPPPHHPPHPPPPHPHHPHPHHPHHH
41,PHPPPPPPHHHPHPHHHHHPHPHPPHHHHPPPHHHHPPHP
42,HPHPPPPHPPHHHHHHHHPPPHPHHHPPHHHPHPHHHHHH
43,HHHPPHPPPHPHHPHPPHPPPPPHPHPHHPHHPHHHPPPH
44,HHHHHPPPPHPHPPPPHHHHPPHHHHHPPHHPPPPPPPPH
45,HHPHHHPHHHHPHPPPHPPHPPPPHPHPPHHPHPHHHHHH
46,HHHHPHHHPPHHPHPPHPPPPHPHHHPHHPHPPPPHHHHP
47,PPHHHHHHPHPHHHHPHPPHPHHHPPHPHPPPHPPPHPHP
48,PPPHPPHPHPPPHHPHPHPPHHHPPPHPPHPPHHHHPHPP
49,HPHHPPPHHHPPHPPPPPPPPPPHPPHHPPHHPHPHPHPH
50,HHHHHHHPHPPPPHHPPPHPPPPHPHPPHPPPPHPPHHHH
51,HPPHHPPHPPHPHHHHHHHHHPPPPPHPPPPHPHPPPHPP
52,PPPHPHHPPHHHHHHHPPPHPPHPHPPHPHHHPHHPHHPH
53,PPHPHPHPPHPPHPHPHHHPHPPPHPPHHHHPHPPPHHPP
54,PPPHHHPHHPHPHHHPPHPPPHHHHPHPHHHHPPPHPHPP
55,PPHHPPHPPPPPHHHHHHHHHPHPPHPPPHPHHHHHPHPH
56,PPHPPPPPPPPHHHPPHHPPPPPHPHPPHHPPPHHPHHPH
57,PPHPPHPHPHPPHPPPPHHPHPPHPHHPHPPPHPPPPHHH
58,HHPPPHPHPHHHHPPHHHPHHHPHHPHPHPPPHPHPPHPH
59,HPHHPHPPPHHHPPHPHPHHHPPPPPPPPHPPPPPPPPPH
60,HHHHHHHPHHHPHPHHHPPHHHHPPPHPHHHPHHHHPPHH
61,PPHPPPPHPHPPPPHPPPHHPHPPHPPHHHHHPPPHHHHP
62,PPPPHPPHPPPPHPHPHPHPPPHHHPPPHPPHPHPPPHHH
63,PPPHPPHHPHPPHHHPPHHPPHPPHPHHHPHPHPPHPHHH
64,PHPHHHPPPPHHPPHPPPHHPPPHHHPHHPHHPHHPPPHH
65,PPPHHHHHPHPHPPPPPPHPHPPHHPHHPPHPPPHHPHHH
66,HPPPPHHHHPHPHPHPHPHPHHPHHHHHHPHHHPPHHPPH
67,PPHPHPPPHPHHHHPPPHHHHHHHPHPPPHPPHHPPPPHH
68,HPHPHPHPPPPPPPHPHPHPPPPHPHPHHHPPPPHPPPPP
69,PHPHPPPHPPPHPPHHPPPHPHHPHHHPPPHPPPPHHPPH
70,PPPPPHPPHPPHPHHPHPHHPHHHPHPHPPHPPPPPPPPH
71,HPHPPPPHPPPHHPPPHPHHPPPHHPHHHPPHPPPHHPHH
72,HPPHHHHHHPHPHHPPHPPPHPPPHHHHHHPPHHHPHHHP
73,PHPPHPPPHHPPPPHHPHHHHPPPPHHPPHPHPPHHHPHH
74,PHPPPHPHPHPPPHPHPHHHHPPPPPHHPPHPPPHHPPPH
75,HHPHPPHPHPHHPHPPHHPHPHHHHPPPHPHPHHPHHHPH
76,HPPPPHPPPPPPPHHPPPPHPHHPPHHHHPHHHPPPHPPH
77,PPPHPPPHPHHHHPHHPPHPHPPHPHPHPHPPHHHPHHPH
78,PHHPHHHPPHHHHHPPPHHPPHHHHHHHHPHPHPPPPPHP
79,HHPPHHPPHHHPPHPHHHPHPPHHHHPPHPHPPHPPPPHP
80,HPPHHHPPPHPHHPPPPPHPPHPHHHHPHHHPHHHPPPPH
81,HHHPPPHHHPPHPPPHPHHHPPHPPPHHPHHHHHHHHPHP
82,PPHHHPHPPHPHHHPHPPPPHPPHPPPHPHPHHHHPPPHH
83,PHHHPPHHHPHHHHHHPPHPHHPHPPPPHPHHPHHHHPHP
84,PPPPPPPHPPPHHHPHPPHPHPHHHHHHHHHPHPPHHHPH
85,HHHHPHHPHPPPPHPHHHPHPHHHHHPHPPHPHPPHPHHP
86,HHHHPPPHPHPPHPPPPHHHHPHPHHPHPHHPPPHPPPPH
87,HPHPHHHPPPHPHHHPHHHPHHHPHHPPPPPPHPPPHPPH
88,PHHHHPPHPPPHHHHHHPHPPHPPPHPHPHHPPHPPHHPH
89,PPPHPPHPHPPPHPPHHHPPPHPPHPHPPHPHHHPPHHPH
90,HPPHPHHPPPHPHPHHPPHPPHHHHHPPPPPHPPHHHPHP
91,HHPHPHHHHPPPPPHHPPPHPHHHPPHPHHHPPPPPPPPP
92,PPHPHHPPPPPPHHPHPPPPHHHPPHPHPHPPHHPHPPPP
93,HHPPPHHPHPHHHPHPPPPHHPHPHHHPPPPHPHPHPHPH
94,PPHHPPPPHPPPHHHPHPHPHHHPPPHPHPHPPPHHPPHH
95,HPPHPHPPHHHHHHPHHPHPHHPHPHHHHPHHPPPHHHPP
96,PHPPPPPHHHHHPPHPPPPHHHHPHPPHHHHHHHHHHPHH
97,HHPHPHHHPHHHPHHPHHHHHHHHHHPHPHPHPPHPPHPP
98,HPHPHPPPPHPPPHPHPHPPHHHPPHHPPPHHHPPHPPPH
99,HPPHPHPHHPPPPPHHPHPPPHHHHHHPPHHPHPHHPHPH
100,HHPHPHHPHHHHPPHPPHPHPHPHPPHPHHPPPPPHHHPH
101,PHHPPHHHHHPHHPPHHPPPPHPHPHPPHPPHHHPPPHHP
102,HPHHPPHHHHHHHHPPPPHPPPHHPPHHHHHHPHPPPPHH
103,HPHPPHHHPPHHPPHHPPPPHHPHPPPHPHHHHPHPHPPH
104,PPHHPPPHHPPPPPHHPHPHPPHHHHHPHPHHPHPHHHHP
105,PPHHPPPPPPPPPPPPPPPPPHHPHPPPPHPPPPHHHPHP
106,PHPPPPPHPPPHHHPPHHPPPHHHPPHPPHPHPHPHHPHH
107,PHPHPPPPHPPHPHPPPHHHHHHPPPHHHHPPPPHPHHHH
108,HPHHPPHHHPPHHPPHHHPPHPHHPHPHHPHPPPHPHPHP
109,PPHHHPPPHHPHHHPHPPHPHHHHPHHHPHHHPPPHPPHP
110,PHHHPPPPHPHHHPPPPPPPPHHHHHHPHHHPPHPHHPPH
111,PPPPHHHHPPHHPHHHPHHPPPHPHPPPPHHHPPPPHPHH
112,HPPHPPHHHHHHHHHHHHPPPPHHPPHPHHPHPPHPHHPH
113,HPPHPHHPHHHHPHPHPHPHPPHPPHPPPPHHHPHPPPPH
114,HPPHPPPHHHPPHHHPPPHHPPHHHPHHPPPHPPHPPHPP
115,PPPHHHPPPHHPHHHHPPHHPPPPHPPHHHHPPPHHHPHP
116,HHPHHPHPPPPPPPHPHPHPPPHHHPHPHPHPHHPPHPPP
117,HPHPHHPHHPHHHHPHPHPPPHPPPHHHPPPHHHHPHHPP
118,HHHPHPPHHPHPHHPHPPHPHHPPPPHHPHHHPPHPPHHP
119,PHHPPHPPHPPPPPPPPHPPPHPHHPHHPPHHHPPPPHHH
120,HHPHHHHPPHHPHPHPPHHHHHPPPHPHPHHHPPPHHHPP
121,PHPHPPPPPPHHPPPPPHPHPPPHPHHPHPPPHHPHPPPH
122,HPPHHHPHHPHHPHPHHPPPHPHPHPPHPHPHHPHPPHPP
123,HPPPPHHPHHHHPHPPHPHPHHHHHHPHPHPHPPHPHPPP
124,HHPHHHPHPHPHPHPHHPPPPPPHPHPPPPPHPPPHPPHP
125,PHPPHPPPPPPHPPPHPPHHHHPHHHPHPPHPPHPPPHHP
126,PHPPHPPPPPPPHHHPHHHPHHPHPHPHPHHHHHHHHHPH
127,PHPHHPHPPPHPPHPHHPPPHHPPPHHPHHPPPPHHHHPP
128,HHHPHPHPPPPHPHPPHHHHPHPHPHHHPPHHPHHHPPHP
129,HHHHPHHPPPHPHHHPPHHHPHHPHHPHHHPPHHPHHPPH
130,HPPHPPPHHPPPPHHPHPHHPHHPPHHHPPHHPHPHPHPH
131,PPPHHPHHHHHPHHPHHPPPHHPPPPHHHHPPHHHPPPHH
132,PHPPHPHHHHPHPHPHHHPPPHPPHPHHHHHPPHHPPHPP
133,PPHHHPPHPPHPHHHPHHPHPHPHPHHPHPPHPHHHHPHP
134,HHHPHHHPHPHHHPHPHPPPHHHHPPHPPPPPHHHHPPHH
135,HPHHPHPHHHPPHPHPPPPPPHHPPHHPPHPHHHHHPPHH
136,HHHPPHPPHHPPHHHPHPHPPPPPHHPHPPHHPPPHHHPP
137,HHPHPPHHHHPPPHHPPHPPHPPHPHHHPPPHPPHPHHPP
138,HHHHPPPHHPPPPHHHPHPHPHPPPHPPPPPPPHPPHPPH
139,HPHPHHHHPPHPPHPPPPPHPPPPHHPPHHPPHPPHHPPP
140,PPPHHPPPPHPPHPPPHPHHHHPHPPHPPHHPHPPHPPHH
141,PPHHHHPHHPPPHPHHPPHHHHHPHHHPPPPPHPPPPPHP
142,PHHPHHPPHPPHHPPHHHHHHPPPHHHHHPHHPHHHHPHP
143,PHHHHHHPPHHPPPHHPHPPHPHHHHHHPHPHPPHHPPPP
144,HPHPHPPPHPHHPPHPHPHPPPPPPPHPPHPPPPPPHPHH
145,PHHHPPHHPHPPPHHPHPPHHHPPHPPPPHHPPPPPHHHH
146,HHHHPPPHHHHHPPHHPPPPHPHPHPPHPHHPPPPHPHPH
147,PHHHPHHPHHPHHPPPHHPPPHPPHPHHPHPHPPPPPPHP
148,PPPHPHPHHPPHPHHHPHHHPPPPPPHHHPPPHPHHPHPP
149,PHPHPHHPPHPPHPPPPHHHHPHHHPHHPHPPHHPHHPHP
150,HPPPHPPHHPHPPHPPHHHPHPPHPHHHPPPPPPPHHPHH
151,PHPPHPHPHPPPPHPPHPHHHHHPHPPHHHHPPPPPHPPH
152,PHHHPPHPPPHHPHHHPHPPPHPPHHPPPHHHHHPPHHHH
153,PHPPHHPHPHHHHHHPHHPPPPHPHPHPHHHHHPHPPHHH
154,PHPHHHPPPHPPPPPPHPHPPHPPPHHHHPPPHPPPHHPP
155,PPPHHPPHPPHPHHHPHPPPHHHPHHHHPHPHHHPHPPHH
156,PHHHPPHPPPPHHHPHHHPHPPPHPHPHPPPPHPHHPPPP
157,PHHHPHPPHHHPHPHHPPHPPHHPPPPPHPHHPPPPPPHH
158,HHHPHHHPHPPHPPHPPPHHPPHPHHHHHHPHPHPPHPPP
159,HHHPHHHPHHHHHHPPHPHPPHPHHHHPHPHHPPHPPPHP
160,PHPHHPPPHHHPPPHHPPHHPPHHPPHHHHPPPHHPHHPP
161,HPHHPHHPHHHPPHPHHPPHPHPPPPHPPPPPPHPPHHPH
162,PHHPPHHHPPPPPPPPPHPPPHHHPHHPHHHPPPHPHHPP
163,PPHHPHPHHPHHPHPHHHPHHPHPPPPPHPPHPHPHPPPP
164,PPPHPPHPHHPHPHHHPHHPHHHPHHHHPHHPHPHHPHHH
165,PPPPPHHHPHPHPHPPHPHPPPPPPHHHPHHHHHHHPPPP
166,PPHPHPHHHPPHPPPHPPPPPHPPHPHPHPHPHHPPHPPP
167,PPPPHHHHHHHHHHPHPHHHPPHHPHHPPPPPPHPPHHHP
168,PPPHHPHPPPHHHHHHHHHPPHHPHHHHPPPHPPPPHHPP
169,PHHHHHPPPPPPPPHHPPHPPHHPPPHPPHHHHHPHPHHH
170,PHHPHPPHHHHPPHHHHHHPHPPHPHHHPPHPHPHPPHHP
171,HHHPPPPPPHHHPPHHPHHHPPPPHPPPPHPHPHPPHPPP
172,HPPHHHPPPPPPPPPHHHHPHPHHPPHHPHPHHPPPPPPH
173,PPHPPHHPHPHPPPHHHHHHHPPHPHPHHPPPHHPHPHPP
174,PHHHPPHHPPHHPPHPPPPPHHHPHHPPPHPHHHHHHPPH
175,HPHHPHPHHPHHPHHPHHHHHPPPHHPPHHPHHPHPHHPP
176,PHPHHPHPHPPHPHHHPPHPPHHHHPHPHPHHHPHPHPHP
177,PPPHPPPPHHPHHHPPPPHHHHPHPHHHHHPPPPHHPPPH
178,PPHPHPPPPHPHPHHPPPHPHPHPPHHPHPPPHHPHHHPH
179,HPPPPPHHPHHPHHHPPHHPPPPHPPPHHHPPPHPHHHPH
180,HPHHPHHHPHPPPPHHPPHHHHPPHPHHPPPHHHPPPHHH
181,HPHPPHPHPHPPHHHHHPHPHHHHHHHPHHHPPHHHPHPP
182,PHPPPPHPPHHPHPPPHHPHPHPHPPHHPHPHHHPPHPHH
183,HHPHHPPPHHPHPHHPHHHPHHPPPHPHPHPHHPPHPPHP
184,PHHHPHHPHPHPHPHHPPPHHPHPPHHHHHHPHPPHHPHP
185,HHPHHPHHHHHPHHHPHHPPPPHPPPHPPHHHHHHHPHPP
186,PHPPPPHHPHPPPPHHPPHPHHHPPHHPHPHPHPPHHPPP
187,PHPHHPPHHPPHHPHPPHPPPPHHHPPHPPHHPHHPHHPP
188,HPPPPHPPPHPHPHPPHHPPHPHHPHHPPPHPHPPPPPHH
189,HHHHPPPPHHHPPPHPHHPHHHHPPPPHHHHHHPPHPPPH
190,HHPPHPHPHHPHHHPHHPHPHHPPPPHHHHPHHHPPHPHH
191,HHHPPPHHPHHPPPPHPPPHPPPHPHHHHHHPPHPHHPPP
192,PHPHPPHPPHHPPHPHHPHPHHPPPPPPHHPPHHHHPPHP
193,PPPHHPHPPPPHPPPHHHPHHPHHHPHPHPPPHPHHHPPH
194,PHPPPHPPHHHHPHPHPHPHPPPPPPHHPPHHHPHHPPHP
195,HPPPPPPHHHHHHHPHHHPHHPPPPHPHPHHHHPPPHPPP
196,HPHHPHHPHHPHPPHPHHPHPHPHHHHHPHHHHPPHPPPP
197,HPHHPPHHHHHHPPPPHHPPHHHPHPHPPHPPPHHHPHHP
198,PHHPHPHPPPHHHPPHPHPPHHPHHHPPHPPHPPHHPPHH
199,HPHPHHHHPPHHHHHPPHPPPPHHHPHPPPHHPHHHPPPP
200,PPHPHPHPPPHPPHHHPPHHPHPHPPPHPHHPPPPHPPPH
201,PHHPHPHPPPPHPHHHHHPHPHPHHPPPPHHPPHHPHHHP
202,PPPPPPHHHPHHPHPPHHPHPHHHPPPPPHPPPPHHHPPP
203,PPHPPPPHPHPHHPHPHHPPPHPHHHPPPHHPPHPHHPHH
204,PPHPHPPPHHPHHPHPHPPPPPPPPPHHHPHPHHHHHHPH
205,PHPHHHHHHPHPPPHHPPPPHHHPPPPHPPPHHHHHHPPH
206,PHPPPHPPHPPPHPHPPPPPHHPHHPHHHPPPHPHPPHHP
207,HPHPPPHHHPHHPHPPHPPHPHHPPHHPHHHPPHPHHHPP
208,PPPPPHPHHHHHHPPHHHHPHPPPPHPPHPHHPPHPPPHH
209,HPHHHPHPPHHPPHPHHHPHHPHPHPPHPPPPPPHHPPHH
210,PHPHHPHPHHPHHPPHPHPHHPHHHPHPHHPHHPPHPPHH
211,HHHHHHPHHPHHHPPHPPPPHHPPPPHHPPHHHPPPPPHP
212,HHPPPPPHPPPHHHHPPHPPHHPPHHPHPHPPHHHHPHHP
213,HPHHPHHHHPHPHPHHPHHHHHPHPHHHHPHHHHPPPPHP
214,HPHPPHHPPHPPHHHPHHHPPPHPHHHPPPHPHPPHPHPP
215,HHHHHPHHPPHHPHPHPPPPPHPPHHHHHHHPPHHHHPHH
216,HHHHPPHHHPPPHHHHHHHHPPPPPHHHHPHHHPPPPPHH
217,PHHPPHHHHPPHPHHPHPPHPPHPHHHHPPPHPPPHHPPH
218,PPHPPPHHPPPPHHPPPHPHPPPPHHHHPHHHHPPHPPHH
219,PHPHPPHHPPHPPHHHPHHHPHHPPPPPHPHPPHPPPPPP
220,PPPHHHPPPHHPPHHHHPPPHPPPPPHPPHHHHHHPHHHP
221,PHPHHPHHPHPHHHHHPHHPHHHHPPPPHPPPHPPPPHHP
222,HPPPHPHHPPHHPHHHHPHPHHPPHHHPPPPHHHPPHPHH
223,PHPPHHPHPHHPHHHPHHHPHPHHHPPHHPHPHPPHHPHP
224,PHPPHPPPHPHHHHPPHHPHPPPPPPPPPPPHPHPHPPPP
225,HHHPPPHPPHPHPHHHPPHPPHPHPPHPPHHHHPPHHHPH
226,PPHPPPPPHPPHHPPPPPPHHHHHPHHHHPPPHHHPHHPP
227,PHHHHHHHHPHPHHHPHPHPHPPHPPHPHPHPPHHPHHHH
228,PPHPHPHHHHHPPPPHPPHHHHHHPPPHPHHHHHHHHPHP
229,PHHHHHPPPPHHPHHPPPPPHPPPHPHPPHPHPHPHHPHP
230,PPHHHPPPHPPPPHHHHHHHPHPPHHPPHPHHPPPHHPHH
231,HHHHPHPHHPPPPHHPPPHPHHHPPPHHHHPPHPHPPHPP
232,PPPPHHHHHHHHPPHHPHHPHPHPPHHPPPHPHHHHPPHP
233,PPPPPHHPPPHHHHHHHPPPPHHHHPPHHHPPHPPHPHPH
234,HHPHHHHPHPPHHHHHHPPHPHPPHPHHHHHPHHHHHHHH
235,HHPPHPPPHPHPHPHPHPPHPPHPPHPPPPHPPHPHPPPP
236,PHPPPHHPPHHHPPHHPPHHHPPHHHPPPPPHHHHHPHPP
237,HHPPPHHPPHHHHPHHPHPPHHHPPPHPPHPPHHHPHHPH
238,PHPHHHPHHPHPPHPHPHPHHPPPPHHPHPPHHHHPPHPH
239,HPPHHHPPHPHHPPPPHPPPPHHPHHPHHHHHHHHHPPPP
240,HHHHPPPHHHPPPPPPHPPPPPPHPHPPPPPPHHHPHPPH
241,PHPHHPPHHPHPHPPPPPPHPHPPPPPPHPHPPHPHHPHH
242,HHPHHHPPPPPHHHHPHPPHPPPPHHPHPPHPHPHPPPHH
243,PPPHHHHPPPPHHHHHPHPPPHHHPHPPHPPHPPPPPHHP
244,HHHPHPPHHPHPPHHHHPPHPHHHPHHHPPHHHHPPPPHP
245,PPPHHHPPPPPPPHPHPPPPHPPHHHHHHPHPPPHHPHHP
246,PPPPHPHHHPPPPPPHPHHHPPHHHPPHHHHHHPHHHHPP
247,PHPHPPHPPHPPPHHHHPPHPHHPHHHPHHHPPPPHHPPP
248,HHPHHHHPPPHHPHPPHHHPPPHPPHPHHHPPHPHHHPHH
249,HHHHPHPPHHHPPHPPPPPHPPPHHHHPPPHPPHPHHHHP
