id,sequence
0,HPHPHPPHHPHHPPPPHHHHHPPPPHHPPHPHPHHPPHHHHPHHH
1,PPHHPPPHPHPHHHHPPPHPPHHHHHHPPHHPHHHHHPPHHPPHP
2,PPHPHHHPPPHHPHHHPPHPPPHHPHHPPHHHPHPHPHPPHHPPH
3,PPPHPHHHHPHPHHPPHHHHPPHPPHPPPPPPPHHHHPHPHPPHP
4,HPPPHPPPHHHHHHHHPHPPHPHPPPHHPPHHPHPPHHPHHPHHH
5,PPPHPPHHHPHHPHHPHHHHHPHHPPPPPPPHHPPHPHHHPPPHH
6,PPPHPHPPPHHPPPHPPHPPHHHPHPHPPPHHPPPHPHPHHPPHH
7,PPPPPHPPPPPPHPHPPPPPHHHHPHPPPPHPHHPHPHHPPPPPH
8,HHPHPHPHHPHPPPHHPHHHPHHHHHPPHHHHHHHHHPPHHHHHP
9,HHPHPPHPPHHPPHPPHHPPHHHPPPHPPPHHHPPHHPPHHHPPH
10,HHPPPHHPHHHPHPPHPPPPHPHPHPPHPPHPPPHHPHPPPHPPP
11,PHHHPHPHPHHPHPHPHHPHPHHHHPHHHHPHPHPHPHPHHPHHH
12,HPPHPHPHHHHPHHPPHHPHPHPHHPHHHPHHPHHPPHPHPPPHH
13,HHHHHHPPPHPHHPHPHPHPPHPPPHPHHPHPHPHHHHPPPPHHP
14,PPPPPPHPPHPPHHHPHPPHHHHPPHPPHHPHHHHHPHHHPHPPH
15,HHHHHHPHPPPPPPHHHPPPPPHHHPHHPHPHHPPHPPPPPHPHP
16,HPPHHPPPPPHHPHHHPPHPPPHHPHPHPHPPPPHPHHPPHPPPP
17,PHPHPHPPHHPHHPHHHPPPPHPPHPHPHPPHHHHHHHHPHPHHH
18,HPPPPHHPHPHHPHHHHHHPPPPHHPPPPHPHHHPHPHHPPPHHH
19,HPPPHHHHPPHHPHPHPPHHHPPPHPHPHHHPHPPPPHPHPHPHH
20,PHHPPHHHHPPPPHPHHHHHPHPPPPPPHHPPHHPHHPPHPHPPH
21,PPHHHHPHPHPPHPHPHPPPHPHPPHHHPHHPPHPHHHPPHPPHP
22,PHHPHHPHHHHPPPPPHPPHPPHPPPHPHPPHHPPHHHPHPHHHH
23,PPPHHHHPHPPHPPPPPPPPHHHPHPPPHHHPHHHPHPHPHHHHH
24,HHPHHHHHHHPHHPHPPPPPHHHHHPHPPHHPPPPPPPPPHPHPH
25,PHPHHPPPPHPPPHHHHPHHHPHPHPPHHHPHPHHPHPPHPPPPH
26,HPPPPPPHPHPPPHPPPPPPPPHHHPHPPPPHHPPHPPPHHHPHH
27,PPHPHPHHPPHPPHHHHPPHPPHHHPPPPHPHHHHHPPHHHHPHH
28,PHPPPHPPHHHHHPPPHPHHHHPPPPPHPPPHHPPPPHPPHPPPP
29,HPHPPHPHPHPPPPPPHHHPHPHHPHPHPHHPPPPHPHPHPHHPH
30,HPPPPPPHHHHHHPHPHHPHHPHPHPHHHHPPPHPHHPHPPPPHH
31,HHHHHPHPHPHHPHHPHHPPHPHHPHPHHHPHHHPPPHPPHPHPH
32,HHPHPPPHPPHPPPHHHHPPHPHHHHPPHHHPPPPPPPPPHHPHH
33,HPPHHHPPHPHHPHPPPHHPHHHHPPHPPPPPHPPPHHPHPPHPH
34,PPHPHPPHPPPPHHHPHPPPHPPHHPPHHPPPPHPPPHPPHHHHP
35,PPPPHHHHPHPPHHHHHPHPPPPHHHPPHHHPHPHHHPHHPPHHH
36,PHPPPPHPPPHHHHHPPHPHHHPPHHHHHHHPHPPPPPHHHPPHP
37,PPHPPHPPPHHPHHHHHPHPHPHPHHPHPHPHPHPHPPPPPHHHP
38,PHHPPHPHHPHHPPHPPHPPHPHPHPHHHHHHHPHHHHHPPHPPH
39,HPHPHHHHHHPHPPHPHPPHHHHPHPHPPPPHHHPHPHPPPHPHP
40,PPHPPPPPPPPHPPHHHPPPPPHHHPHHPPHHHPPPPPHHPHHPP
41,PPHPHHPHHHPHPPHHPHPHPHPPHPHPHPHPHPPPHHHPHPHPP
42,PPHPPPHHHPPHPPPHPHHHHPHPPHPHHHHPHHHHPHHPHPPPH
43,PPHPHPHHPHPHPHHHHPHPHHPHHPPHHPHPPHPHHHHHHHHHP
44,HPHPHHHHHPPPHHHHHPHHHHHHPHHPHHPHPHPPPPHHPPHHH
45,HHPPHHPPPPPPHHPPPHPPPHHHPHHPHPPPHPPPHHPHHPPHP
46,PPHHPPPPHHPHHPHHPHHPHPHPPPHHPPPPHHHHHHHPPHPPP
47,HHHHHHHHPHPPHPPHPPPPHHHHHPHHHPHHPPHHPPHPPHPPH
48,HHPPPHPPHPHHPPPPPPPHHPHPPPHHPHPPPPPPHPHHHHPPH
49,PPPPHPHHPPHHHHHHHHPPPHHPPHHHHPPPHPHPHPPHHPPPP
50,PPHHPPHPHPHPHPHPHHPHPPPPPHHHHPHHPHHPPHPHPPPPP
51,PHHPPHPPPHPHHHPHPHPHPHPPPHHHHHHPHHPHPHHHHHHHH
52,HHHHHHPPPPPHHHHPPPPPPHPHPHPHPHHHPHHPHHPPPPPPH
53,PHPPHHHPHHPPPHPPPHHPPHPHPHPPHPPPHHPPHPPPHPHHH
54,HHPHPHHHHPPHPHHPPPHPPHHPPHHHHPPPPPPPHPPPPHPHP
55,HHHHHHHPHPPPPHPHHPPPPPHHHHHHHHHPPPHHPPPPHHPHP
56,HPHHPPHHHHHHPHPPPPHHHPPPHPHHPHPPPPHHHHPHHPHHP
57,PHPPHHHHHPPHHPHHPHHPHHHPHHHPHPPHPPPHHPHHHHHHP
58,HPHPPHHHHPHHHPHHPHPPPHHHHHHHPPHHPHPHPHHPHPHPP
59,PPPPPPPPHHHHPPHHPPHPPHHPHHPHPHHPHPHHPPPHPPPPP
60,PPHPHPHPHHHPHHPPPHHHPHHHPHHHPHHPPHHPPHPPHHHPH
61,HHHHHHPHHHHPHPHHHPHPPHHHPHPHHPHPHPHHHHPHHPPPP
62,HHPHHHHHPHHHHHPPPHHHPHPHPHHPHPPHHPHHHHHHPPPPH
63,HPHHHHHPHHHPHHHHHPPHHHPHPPHHHPHHHPPPPHPHPHPHH
64,PPPHHPHPPHHHHHPPHPHHHHHPPHHHHPHHHHHPHHHPPPPPP
65,PHHHHHPPPHHPPHPHPPHHPPPPPHHHPPPPHPHPPHHPHHHPP
66,PHHHHHPPPPHHPHHPPHPPHPPPPPPPHPPPPHPPHPPPHHHPH
67,PPPPPPHPHHPHPPPPPHHPPHPPPHPHHHPHHHHPPHPPPPPPP
68,PPHPPPHPPHPHPPPHHPHHHPHPHPHPPHPHHPHPHPHHPPPHH
69,HHHPHPPPHPPHPPPHHHPHHHHHPHPHPHPPPHPHPPHHPPPHH
70,HPPHHHPPHHHHPPHHPPHHPPPPHPHHHHHPPPHHPPHHHPHPH
71,HHPPHHHHPHPHPPPPHHHPPHHPHPPHHPHHPHHPHHHPHPHHH
72,PHPPHPPHHPHHPHHPPPPPHPHHHHPHHPPHHHPPHHHPHPHHH
73,HPPPPHHHHPHHPHHPPPHHPHPPHHPPPPHPHHHHPHPHHPHHH
74,HHPHPPPPPHHPHPHPPPPPPPHPHPPHHHPHHPHPPHHHHHHPP
75,HHPPHHPPHPPPHHHHPHHHPHHHPHHPPPPHPPPPHHHPPPPPH
76,PHHPHHHHHHPHHHHHHPHHPPHPHHPHPPPPPPHHPHHHPPPPH
77,HPHHHHPPHPPPPPHPPHPHHHHPPHPPHHPHPPPHPHHPHHPHP
78,PHHHHHHPPHHPHHHHPPHHPPPPPPPHHHHHHHHHHPPHPPPPP
79,HPHHHPPHPPPPPPPPPPPPHHPPPHPPPHHPPHHPHPHPPPHHH
80,HPHHHHHPPHHPPHHPHHHHHHHPPPHPHPPHHPPHPPPHHPHHH
81,PPPPHHHPHPHHPPHHHPHHHHPPPPHHHPHPHHPPHPPPPHPHH
82,HHHPPHPPPHHPPPPHPPHPPHHHHHPPHPPHPHHHPPHPPHPPP
83,PPHPPHHHPPPHHPPHPPHPHHPPHPHHPHPHPHPPHPPPHPPHP
84,HPPPPHPHPHHPHHHPHHHPHPPPHHHHHPHHPPPHHPHPHPPPP
85,PPPHHPPHHHHPPPHPPPHPHPHHHPHPPHHPPHHHHHHHHPHHH
86,HHPHPHHPHPHPHHPHPPPHHHPHHPHPHHPHHPPHHHPHHPHPP
87,PPHHHHHPPHHHHHHHPPHHHPHPHHPPHPHPPHPPPHPHPPHPP
88,PHPPPHHHHHPHPHHPPHPPPHHHHHHPHPPPPHPHHHPHPPPPP
89,PPHPHHHPPPPPHPHPHPHHPHPPPPHHHHPHPHPPPPHPPPHPH
90,PHPPPPPHPHHPPPHHHHHPPPHPPHHPPHPPPPPPHHPHPHPHP
91,PPPPPPHPHPHHHHPPPPPHPHPPHHPPHHPHHPPPHPPHHPHPH
92,HPHHPPPPHPPHPHPPHHHHPPHHHPPPPHPPPHPHPHHPHHHPP
93,PPPPPPHHHPPHHPPPHHPHPHPHPPPHPPPPPHPHPHPHPPHHP
94,HPHPPHPPPHHHHHHHPHPHPPPHPHHHHHHPPHPPPHHHHHHPP
95,PPHHPPHHHPPHHPPHPHHPHHPHHHHHPPHPHHHHPHHPPHPPH
96,HPHHHPHHPPHHPHPPHHPHPPHPHHHHHHPHPPHHPHHPPPPHP
97,PPPPPHPPHHPHPHPPPHHHPPHHPHPPHHPHPPHPHHPPHPPPH
98,HHHPPPHPPPHPPHHHPPHPPPHPPPHHPHHPPHPHHHHPPHPPP
99,PHPHPHPPHHHHPPPHHHHPHHPPHPPPPPHPHHPHPHHPPPHHH
100,HHPPHPHHHPHPPPPPHHPHPPHPPPHHHHHPPHPPHHHHPHHHP
101,HHPHPPHPHHHHHPHHPHHHPPPPHPHHPHPHPHPPPPPHPPHHP
102,PHHHPHHPHPHHPPPPHHPHPPHHPHHHHHPPPHHHHPPHHPPHH
103,HHHPHPHPPHPHHPPHPPHPPPPHPHHPPPHHPPPHHPHHPHHHP
104,PHHHPHHPPHPPHPPHPHHHPHPPHPPHHHPHPPHPPPHPPPHHH
105,HHPPPHHHPHPPPHHHPPHPHHHHPHPPPHPPHPHHPHHHPPPPP
106,HHPPPHHPHPHPPHHPHPPPHHPHHHHHPHPHHHPHHPPPHHPHH
107,PHPPPHHHPPPHHHPPHHPPPHHHHHHPPHHHPHPPPHPHPHHHP
108,PPHPHPPPPPHPHHPPHPHHHPHHPHHHHPPPPPHHHPPHPHHPP
109,PPPHHPHHHHHPHHHPHHPHHHHPPPPHHHPHPPHPPPHPHHHHH
110,HPPPPHHPHPPPPPHPPPHPPHHPPHHPHHPPHHHPHHHHHHPHH
111,HHPPPHPHPPHPHHPPPHHPPHPHPPPHHPPHHHHHHPHPHPPHH
112,PHPPPHHHPPHPPPPPHHPPPHHHPPHPHHPHPPHHPHHHPHPHP
113,HHHPPPHPPHPHPHHHHHHPPPPHPPPHHHPPPPPPHPHHHPHPH
114,PHHPPPHPPPPPHPHPHHHPHPPHHPPPPHPHPHPHPPPHPPHHH
115,HHHHPHPHHPHPPPHHPPHPHHPPPPPHPHHHHPPHPPPPHPHPH
116,PPPPPHPHPPHHHHHHHHHHPPHHPHHPPHPHPPHHPPPPPPPPH
117,HHPPHPPHHHPPPHPPPHPHPPHPHHHPPHPHHPHPHHPPPHHPH
118,PPHHHHHPHPPHPHHPPHHPPPPHPPHPHHHHPPHHPPPPPPHPP
119,PPPHHPHHHHPPHHHHPPHHHPHHPPHHHHHPHHHPHHPPPPPPP
120,HPHHPHPPHHPHHHHHPPHHPPHHPPHHPHHHHPHHPHHHPPPHH
121,HHPHPHHHPHHPHHPPPHHPPHHPPHHPHHHHPPHHHHPHPHPPP
122,HHHHHHPPHHHPHHHHPHPHPHHPHPHPPPHHHPPHHHHPPPPPP
123,PPPHPPPPPHHHPHHPHHPPHHHHHHPHHHHPPPPPHPPHHHHPH
124,HPHHHPHPPPPHPHHHHHHHHHPHPPHPPHHPHHHHHHPPPPHHP
125,PPHPHPPHHPPHPPHHPPHHPHHHHHPHPHHPPPHPHHHHPHHPH
126,PPPHHPHHHHPHHPHPPHPPPHPHPPHPHHHHHHPPPHPHHHHHP
127,PHHHHPHHPPHHHPPPPPPPHPPHPPPPHHHHPPPPHHHHPHPPH
128,HHPPHHHHPPPHHHHPHPPPPPPHPPHPPHPHPHPPPPHHPHPHH
129,PHHPPHHPHHPHPHPHPPPPHHHHHHHPPHHHHHPPHHPHHPPHH
130,HHPPHHPPHPPHHHHHPHPPPHHPPHHHPPHPPPHHHHHHPHPPP
131,PPPPHPHPHHPPHHPHPHPHHPPHPHPPPHHPHPPHHHPHHHPPH
132,PPPHHHPPPHHPPHHHHHHPPHHPPHPPPPHPHPHPPHHPHHPPP
133,PPHHHHPPPPPPHHHHHHHHPPHHPPHPPPPHPHHPPPHHPHPPH
134,PHHPHPPHHPPPHHHPPHHPPHPHHPPHHHHPHHHPHPPHHPPPH
135,HPPHPHPHPPHPHHPHPPHHPPPPHPPHPHHPHHHHPHHPPPPHP
136,PHPHPPHHHHHPPPPPHPHPHPPPHHHPHPPHHPHHHHPPHHHHP
137,HPHHHHPPHHPHHHHHHPPHPHPHPHPPPHHPHHHHHHPHPPHPH
138,PHPHPPHHPHHHHPHHHPPPPPPHHPPHPPPPPPPHPPHHHHHPP
139,PPPHPPPPHPPPHPHPPHPHHPPPHPHHHHPPHHPHPHHPPPPHP
140,PPPHHHHHHPHPPPPHHHHPPHHHPPHPPHHPPHPPHPPPPHHPH
141,PPPPHHPHHHPPHHPPHHPHHPPPPPPHPHPPPPHPPPHHHPPHP
142,PPPHPPPPHHPHHPPPHHHPPPHPPHHPHPHHPPPPHPPPHHHHP
143,PPHPPPPHHHHPHHHHPPPPHHHPHPPHHHHPPPPHHPHHHPHPP
144,PPHHPPHPHHPPPHHHPHHPPHHPHPPPHHHPHPHHHHPHPPHHH
145,HPPHPHPPHHHHHHPHPHPHPPHPPPPHPHHHPPPHPPHHHPHPP
146,PHHHHPHPPPPHHPHHHPPPHPPPPPHPPHPHHPHHPPHHHHPPP
147,PPPPHPHPPPPHHHPPHPHHHPPPPHHHPHHPHHPPHHPHHHHHH
148,HPHPPHPPPHHPPHHHHHPPHPPPHHHHHPPPHHHPHPHHPHPHH
149,HPPHPPHHPPHPHPHHPPHPHPPPHPHHHHHPHPHPPHHHHHHHP
150,PPPHHPPPHPHPHHPPPPPHPHHHHPPHHPPPHHPHPPPPPPPHH
151,HPHHHHPHHHPHPHHHPHPHPHPHHPPPHPPPPPPPPPPHHPHPH
152,PPHPPPPPPPHHHHPPPPHPPPHPPPPHHHPPPHHHPPHPHPPPP
153,PHPPHHHHPPPHHPHPHPHHHHPHHPHHHPPHHPPHPHHPHPHHP
154,PPPPPPHHPPHPHHPPPPPPPPHPHHPHPHHHHPPHPHPPHHPPP
155,PPPHPPPHPPHPPPHHHHHPPHHHHHHPHPPPPHHHPHPPHPHHP
156,HHHHHPPHPPHPHHHPPHHHHHHPPHHPPHHPPHPPHHPHHPHHH
157,HPPPHHPPHPHHPPHHHPPHPHPPHPHPPHPPHPPPPHHHHHPHP
158,HPPPHPHHHHPHHPPHPHPPPHPPPPPHPHPPHPHPPPPPHHHHH
159,PPHPHHPHHHPHPPHPPPHPPPPHHPHHPHPPHHPHHPPPPPPPH
160,PHHHPHPPPPPPHHHPPHPHHHPHPHHPPHPPHHPHPHPPHHHPP
161,PPPHPHHPHHPPPPHHPHHPPPPPHPHHHPHPHPPPPPPHHPHPP
162,HHHPPPHHPHHPHHPHHHPHHPHHPPHHHPPPHPHHPPHPHHHHP
163,HHHPHPHPPPPHPHHPPHPPPPHHPHHHHHPPPPHPPHHPPHPHP
164,HPHHHHPPPPPHHHPPHPHHHHPPHHHHHHHHPPPPPPHPPHPHP
165,PHHHHHHHHHPPHHPPHHHHPHHHHPPPPPPPHPHHPPPPPPPPH
166,PHHPHHHPHHHPPPHHHPHPHHHPPHHPPPHHPHHHHHPPPHPPH
167,HPPPHPHHHHPPPPPHPPPHHPPHHPHHPHHPHPPHPPHHPHPHH
168,HHHHHPHHPPPPPPHHPPPPHPPPHPHPPPHHPPPPPPHHHPHPH
169,HHHHHHPHHHHHPPPHHPPHPHPHHPPPPHPHPHHHHPPHHPPPP
170,PHHHHHHHHPPHHHHHPPHPPPHHPHHPPPPPHHPHHPHPHHHPH
171,PPHHHHHPHPPHHHHHHHPPHHHHHHHPHPPPPPHPPHHPPPPHP
172,PHHPPPHPPHPPPHHHPPHHHHPPHHHHHHHHHHPHHPHHPPPPP
173,HPPPHHPPPHHPPHPPPPHHPPPPHHPPHHHHHHHPHHPHHPHPP
174,PHPPPPPPPHPHPPHHPHHHHPPHPHPHHHPPPPHPHHHPHHHPP
175,PPHHHHHPPHHHHHHHPHPPPHHPHHPHHHHPPPHHPHPPHHPPP
176,PPHHHHPHPPPPPHPPHHPPHPHHHHHPHHPPPHPPPPPPPHPPP
177,HPPHHHPHPHPPHHHHPPPHPPHHHPHPPPPHHPPPHHHPPPPPH
178,PPHPPHHHHPPPPPPHHHPPPHPPHPHHHHHPPHHHPHHHPPPHP
179,PPHPPHPHPHPPHPPHHHHPHHPHPHPPPPHHPPHHPPPHPHHPP
180,HPHPHHHHPPHPHHPPPPHHPHPPPPHPHPHPPHHPHPHPPHPHH
181,PHHHHHPPPPPHPHHPPHHHHPPPHHPHPPPPPPPPPPHHPHPPP
182,PPHPPPPPHPHPPHHPPHPHPPHHPHHPPHPHHPPPHPHHPPHPH
183,HHHHHHPPHHHPPHPPHPPHHPPPHHPHHHPPPPPHHHPPPPPHP
184,HHHHPPHHPHHHPPPPPHPHPPHPHPHHPHPPHHPHHHHHHHPHP
185,HHHPPHPPPPPPPHHHHHPHPHPPHPHPPPPPHPPPHHHHHHHPH
186,HPPHHPHPHHPHHHHPPHHPHPHHHPPPPPHHHPHHPHPPHPPPH
187,PPPHPPHPPHPHPPPHHPPHPHPHPHPPPHPPHPHPHHPHPHPPP
188,HHHPPPHHPHHPPPPHPPHPPPPHPPPPPPHPHHPPPPPPPHPHP
189,HPPHHPHPHHHHPHHPHHHPPPPPPHHPHHPPPHPHHPPPPHHPP
190,HHPPHHPHPHPPPHHHHPHHPPPPPHPHPPHPHHHPPPPHPHPPH
191,PPPHPHPHPHPHPPPPHHHPHPPHPHHPHPPHPHHHPPHPHHHHH
192,PHHHPPHPHPHHPHHPHHHHPPPPHPHPPHPPPHHHPPPHPHPHP
193,PHHHPHPPPHPPHPPPHHHHHPPPPPPHHPPPPPHHPPHHHPPPH
194,HHPPHHPPPPPHPPHHPPHPHHPPHPHPPHPHPHPHHPPHPPPPH
195,PHHPPHHHPHHHHPHHHPPPPPHHHHPHHPPPHHPPHPHHHPHPP
196,HPHPPHHHHHPPHHPHPPPPPPHPPHPPPHPPPPHPPHHHPPHHP
197,PHHHPPHHHPPPPHPHHPHPPPHHPHHPHHHHPHHPPPHPHHHHH
198,HPPHHHPPPHHHHHHPPHPHPPHPHHHHPPHPPHHPPPHPPPHHP
199,HHHPPHHPPHHHHHPHHHHPPPHHPPHPPPHPPHPPHPPPHHHHP
200,HHHPPPHHPPHHHHPHHPHHPPPHPHHPHPHHHHPHHHPHPPHPH
201,PPHHHPHHHHHPHHHHHPHPHHHHHPHHPPHPHHPPHPPHHHPHP
202,HHHPHHPHPHHPPHPHHPPPHPHHHHHPHHPPHHPPHPHPPHPHH
203,HHPHHHPHHPPPPPPPHHPPPHHHPHHPPPPPHPPHHHPPPPHHH
204,HHHPPPPHHHPPHHPHHPHHHHHHPPPHHHHPPPHHHHHHHHPHH
205,HPHHHHHHHHPPPHPHPPPPPPPHHHHPHPHPPPPHPPPHPHHHH
206,PHHPHPHHHHPHPHPPPPPPPHHPPPHPPPHHPHPPPPHHHPHPH
207,PHHHPHPPPHHHHPPPPHPHHPHHPHHHHHHPHHPPHHPHPPHHP
208,HPHPPHPHPHHPPPPHPHHHPPPPHHHHPPHHPHPHHHPHHHHPP
209,HPHPPHPHHHHHPHPHPPHHHHHPPPPPPPHPHPHHHHHHHPHHH
210,PPPHHPPPPPHHPPPPHHPHPHHPHHPHPPPHPHPPHHPHPPHPP
211,HHHPPPHHPPHPPPHHPHPHHHPHHHPHPHHPPPHHPHHPHPPPH
212,PHPHPPPHHPHPPHPPPHPPHPHPPPHPHPPPPHPPHPPPPPHHH
213,HHHPHHHHPHPPHHHHPHHPHHPHPPHPPPHPHHHHHHHPHPPPP
214,PHPHPPHHHPHPPHHPPHPPPPPHPPHPHHHPHHPPPPPPHPPPH
215,HHHHPHHPHHPPPPPHHPPPPHPHPHHPHPHHPPPPPPPHPPHPP
216,PPHPPPHHHPHHHHHHPHHHHPPPPHPHPPHHPHPHPHPPHPPHH
217,HHPHPPPHPHHHPPHPPPHPHHHHPHHPHPPHPPPPPHPHHPHHP
218,HHHPHPHPPHPPPHPHHHPPPPPHHHHHHHPHPPPPHPPHPPHHH
219,HHHPPHPPHHPHPHPPPHHHPPHPHPHHHHHHPHPHHPHPPHPPH
220,PPPPPPHPPPPPHHHHHPPPHHPHPHPHPHHPPHHHPPHHPPPHP
221,PPHPHHHPHPHPPHHPHHPPPPHPHHHPHHPHPHPHHPHHPHHHH
222,PPHHHPHHHHHPHHPHPPPHHHPPHHPPPPHHPPPHHHPPPHPPP
223,HPHHHHHPHPHPPHHHHPPPPHHPPPPHPHHPHPPHPHPHPHPPP
224,PPHHHHPHHPPHPHHHHHHHPPPHPHHPPHPHPHHPHHHPPHHHH
225,HPPPPHPHPPHPPPPHPPPPHPPPHPPHHPHHPPPPHHHPPPPHP
226,HPPPPPPHPHPPPHPHHHPPHHPPHHHPPPPPPHPHHPHHHPPPH
227,HPHHHHPHHHHHHPPPHHHHPPHPHPHHPPHHHHPPHPPPHPPPP
228,PHPPHHHPHHHPHHPHHPHHPHPPHPHPHHPHPHHPHPPPHHPPH
229,HHHPHHHPHPPPPPPPHHPPHPPPPHPHHPHPHPHHHHPPHPPPH
230,HHPHPPPPHPHHHPHPPHPPPHHHPPHHHHHPHHHPHPHPPHHPP
231,PHHHHHHPHPHPPPPPHPHPPPPPHPPPPPHPHHPPHPPPHPHHH
232,PHPPHHHHHHPHHPHPHPHHPHPHPPHPPHPHPHHPPPHHPHPHH
233,HHHPHHPHPPHPPPHHHHPPPHHHPPHHHHHHHPPHHHPPPHHHP
234,HPPHHHPHHPPPHHHPPPHPPPPPPPHPPPHHPHPHPHHPHHHPP
235,PHHPPHHHPPHHHHHHPHHPHHHHHHPHPPPHHHHPPHPPHHHPH
236,HHPHHHPHPHPPPHPHPPPPHHHHPHHHHPHPHPPHPHHHHPHPH
237,PHPPPHHPHPPPPPPHPHHPHHPPHPHPHHPHPPHHPHHPHHHHP
238,PPPPPHHHHHHHHPHHPHPHPPPHHPHPHPPHHHPHPHPHPHHPP
239,HHHHPHPPPHPHHPHPHPHPPHHPHPHHPHPPHHPHPPPHPHHHH
240,PPPHHHPHHHPPPPPPPPHPHPHPPHHHPPPPPPPPPHHHHPPHP
241,HPPPPHHHPPHPHHHHPHHPPHHPPHHPPPHPHHPHHHPHHHPHH
242,PHPPPHHPHPPHPHPPPHHHHHPPHHHHPHPPHPHPHPPPPPHPP
243,HPPPPPPHPHHHPHPPPPPHPHHPPPPPPHPPPHPHPPPHHHPHH
244,HPPPPPHPPPPHHHPPHHHHPPPHPHHPHPHPPHHPHPHPPPPHP
245,HHPHHPHPHHPHPPPHHPPPPHHHPPPHHPPHPPHPPHPPHHPPP
246,PHPHPPHHHHPPPPHPPPPPPPHPHHHHHHHPHPPPPHHPPHPPH
247,HPPPHHPHHHPHPPHPPPPHPHHHHPHPHHHHPPPPHPPPPPPPP
248,HPHHHHPHPHPHPHHHPHPHHHPPHPPPHPHPPHPHHPHHHHHHH
249,HPHPPPHHHPPPHPHHPHHPPPHHPPHPHHHPPHHHHPPPPHHPH
