id,sequence
0,HHHHHHHHPHPHPHHHHHHHHHHPHPPHPHPPPPHHPHHHHHPPPHHHHH
1,PPPPPPPPHHHHHPHPPPHHPHHHHPPPPHHPPPPHHHPHHPHPPPHHPH
2,HHPPPHPHPPHPPPPHHPPHPHHPPPHPPPPHPHHHPPPHHHHPHHPHHH
3,HHHHHPHHHHPHPHHHPHPHHHPHPPHHPHHPHPHPPPPPHPPHPHHPPH
4,PHPHPHHPHHPPPPHHPPHPPPHHPHHPPHPHHHPPPHPPHPPHPPPHPH
5,PPHPPPHHPPHHPPHPPHPPHHPPHHHHHPPPPHHHPHPHPHPHHPHPPP
6,PHPHHHPPHPHHHPPPHHPPPPHHPPPHPHPHPPPPHPHPPPHPHHPPPH
7,PPHHHHHHPHHPPPHPPPPHHPHHHHPPPHPHPPPHHPHPHHPPPHPPHH
8,HHHHHPHPPPHHPPPPHHHHHHHHPHHHPHPHPPHPHHHHPPHHHHPHPH
9,HPHPPHHHPPHPPPPPHHHPHHPPPHPPHPHPHHPHPHPHHHPHPHHPHP
10,HHHHHHPPHHHHPPPPHPHPPHHHHHPPPPPHHHPHHHPPHHPPPPHHHH
11,HHHHPPHHPPHHPHPPPHPHHPPPHHPHPPPPPPPHHHHPHHHHPPHPHH
12,PHHHPPHPHPHHHPHHHHHPPPPPPPPPHHPPHHHHHPHHHHHHPHHPHH
13,PPPPPHPPPPPHPHHPHPPHPPHHHHPHPPPPPPHHPHPHPHPPHHPHHH
14,PHPPHHHHPPHPPHHPHPHHHHHHPPPHPPHPPPPHHPHPPHPPHPPPPH
15,HHPHPHHHPPHPPPPHHPHPPPPHHPPHHHHHHHHHPPHPPPPHPHPHHP
16,PPPPHPHPHHPHPPPHPHHPHHHPPPPPPPPHHHPHHPPHHPHHHPHHHH
17,HHHPHHHHHHPHHHPPHPPPHHHHHHPHHHPPHHPPPHPHHPPPHHPHHP
18,PPPHHPHHPHPPHHHPPPHHPPHPHHPHHHHHHHPPPHPHHPPPHPHHPH
19,PHPPPHHPHHHHPHPHPPHHHHHHHPPPHHPHPHHHHHHPPPHPHPPHHP
20,HHHPHHPPPPPPHHPPPHHHHPPPHHPHPHPHPPPHHHHPHHPHHPPPHP
21,HPHHHHPPPHPHPHPHPHHHPHPHPHHHHPPHPPPHPPPHHPHHPPHHPP
22,PPHPPHHHPHPPHPHHHPHPHHHHHPPPPHHHPHHHPHHHPPPHHPPPHH
23,HHPPPHPPPPPPHHHHHPHPPPHHHHPPHPPHPHPHHHPHPPHPHPPHHH
24,HHPPHHHPHHHHPPPHPPPHHPHPPPPPHHPHHPPPPHPHHHPPHPHPHP
25,HPHPHPPHPHPPPPHHHHPPPPHPPPPHHHHHPHPPHPPPHPPHHHPPPP
26,HHPPPHHPHPHPPHPPPPHHPPPPHHPHPPPHPHHHHPHHHHHHPPHHPP
27,HHHHPHHHPHPPPPHHPPPHHPPPPPPPPHPHHPHHHPPHPPPHPPHHHH
28,HHHPHHHHHPHPHPHPPPHHHHPHPHPHPPPHPHPHPHHHHPHHPHPHPH
29,PPPPHPHHHHPHPHHHPPHPPPPPHHHPPPHHPPHPHPPHHPPPHPHHPH
30,PPHPPPPPHPPPHPHHHHHHPPHHHPHHPPHPPHHPPHHPPHHHPPPHHP
31,HPPPPPHPHPPPHPHPPPPPPHHPHHHHHHPHPHPHPHPHHHPPHHPHPP
32,PHPPPHPHPPPPHHPHPHPHPPHHHHPPHPHHHHPPHPHPPPHPHPHHHP
33,HPHPHHHPPPHPPHPHHHPHHPPHHHHHHPPHPPHHHHHHHHHHHHPHHP
34,HHHHPPHHHHPHHHPPHHHHPHPHHHHHHPHHHPHHPHHHPHPPPPHHPP
35,PHHHHHPHHHPPHHPPPHPHHPPPPHHPPPPHHHHPPHPPPPHHPHPPHP
36,HHPHPHHHHPPHHPPPPPHPPPHPHHPPPPHPPHHPHPHHHHPPPPPPHP
37,PPPPPPHPHPPPHHHPPPPPPPHPPPPPHHHHHHHPPHHPHHHHHHHHHP
38,HHPPHHHPPHHHPHHPPPPHHHHHHPPPHPPPPPPHPHHHPPPHHPPPPH
39,PPPPPPHPPPHHPPPHHHPPPPHHHHHHPPHPHPHPHHPHPHPPHHPHPP
40,HHHHPHHHHPPPPPPHHHPHHHPPPPHPPHPHHPPPPPHPPHHHPPHPHP
41,HPPHPHHPPHPHHPPPHHHHHPPHPHPHHPHHPHHPPPHHHPHPHPPPPH
42,PPPPHHPHHPPPHHHPPPHPHPPHHHPHHHHPHPPHPHHPHPHHPPPPPP
43,PHPHHHHHPPPPPPHHHHHPHHPHHHPPHHPPPPPHPPPHPHPHHHPHHH
44,HPPHHPPHPPHHPPHHHPHPPHHPHPPHPPPPPHHHHPHPPPHHHPPHPH
45,PHPHPPPHPPHHPPPHHHPHHHPPPPHPPHPPPPHHPHPHHHHHPHHHHH
46,HPPHPPHHHHHHPPHHHPPHHHPPPHHHHPPHHHPPPPHHHHPPHHPPPP
47,PHHPHHPPPPHHPHPPHPHPHPPPHHPHHPPPHHPHHPHHHHHHHPPHHH
48,HHPPHHPHPPHHPHPPPPPPHPHPPHHPPHPHPPPPHHHHPPPHPHPHPH
49,HPHPHPHHHHPPPHPPPHPPPPHHHPPPHPPPPPPHPPPHPPPHPHPHPH
50,PHHHPHPHHPHHHHHPPPHHHPHHPPHPHPHPHPPHHPHPPPHHHHPPPP
51,PPHPPPPPHHHHHHPHHHPPPHHHPHPPHPHPPPHHPHHPHHHHPHPPHP
52,HHHPHHPHPHPPHPPPHPHPHHHHHPPPHHHHPHHHPHHPHHHHHHHPPP
53,PHHHPPPPHHPPHHPPHPHPHHHHPHPHHHPPHHHHPHHPPPPPPHPHPP
54,PHHPHHPHHHPHHPHHHPPHHHPHPHPPPHHHPPPHPPHPHPHPHPHHHP
55,PPHPPHPPPHHHPPHHHPPHPPHHPPHPPPPHHHPPHHHHHHHPPPHHPP
56,PHPHHPPPHPPHHHPHPHPHHHPPHPPPHPHHHHPHPHPPHPPHHHPHPP
57,HHPPPPPPPPPPHHHPPHPPHPPPPHPHPHHPPHPHPHPPPHHHHHPPHH
58,PPHHHPPPPHHHHHHPPHPHPPPPHHHPHPPPPHHPHPPHPHPHHHPHHP
59,PHPHPPHPHHPPPPHPPPHPPPPPPHHHPPPPHHHHPHPHHPPHHPPHHH
60,HPPHPPPPHHHHPPPHHHHHPHPHHPHPPHPPHHPHHHHPHHHHHPPPHP
61,PPHPHPHHHPHPPPHHHHHPPPPPHPPHHHHPPHHHHHPHPHHHPHPHPP
62,HPHHHPHHHPHHPHPHPHHHHHPPHHPHPPPPHHPPPHHHPPHPPPHHPH
63,PHHPHHPHHHPHHPHHHHPPHHHPHPHPHHPPHHHHHHHPPPHPPPPHPP
64,PHHHPHPHPPPHHHHHPHHHHPHHPHHHPPHHHHHPHPHHPPHPHHHPHP
65,HHHHHPHPHPPPPHPHHPPPPHPHHPHPHHPPHHPPPHPHHPPHPPHPHH
66,PPPPHHPPPHHPPPPHPPHPPHHHPPHHHPHHHHHPHPHPHPPHPPHPPP
67,PHHHHHPHPPHPPPHHHPPPHHPPHHHHPPPPPPPHPHPPHHPHHPHHHH
68,HPHHHHHPPHHHPPHHPPPPHHHHHPHPHPHPPPHPPHHHHHPHHPPPPH
69,HPPPHHHHPHHHPPPPHHPPHPHPPHPHPPPHPHPPPPHPPPPPHHHHHH
70,HHPPHPHHHPHHHPHHPPPHHPHPHPHHHPHPPHHPPHPHHHPHPHHHPP
71,HHPPPPHHPPPPHHPPHPPHPHHHHPHHPHHHHPPPPPHPHPPPPPPHPP
72,HPHPPPHHHHHPHHPPPPHPHHPHPPHPPHPHPHPHPHPHHPPHHPPPHP
73,PPPHHHHPPPHHHHPHPHHHHPPPPHPHPHHHHPPHPPHPPPHHHPPHPH
74,HHPHPHHPPHPPPHPPHHPPHPHHHPPHHPHHHPPHPHHHPPHPPPHHPH
75,HHPPPPHPPPHHPPHHHPPHPPHHHPPHPPPPPPPHPHHHPHPHPHHHPP
76,PHPPHHHPPHPHPPHHPPPPHHHPHHHHPPPPPPHPHPHHPPPHHPHHPP
77,PHHPHHHHHPPPHHHHPHPHPHPPPPHHPPPHHHHPPHHPHPPHHHHHPP
78,PHHHHPPPPHPPHPPPPHHPHHHHPPPPPHPPHHHHHPHHPHHPPHHHHH
79,HHHPHPPHHHPHPPPHPHPPPPPPPPPPHPHHHHPPPPHPHPPHPHPPHP
80,PPHHHPHPPPHHHPPPHHPHPHHPPHPPHHPPPHPHPHPHHPPHPPHPPP
81,HHHPPHPHPPHHPHPHHPHPHPHPHHPHPPPHPPHPHHPHHPPHPPPPPP
82,HHPPPHPPPHPHPPHPHPPHPHHHHPPHPPHHPPPPHHHHPHPPHHPHHH
83,PPPHPPHPPHPPHPHHPPHHHHHPHPHPPHHPPPHPHHHPHHPPHHHPHP
84,HPPPPHPPPHPPPPPHHHPPHHHHHPPPHPPHPPHHHHPPPPHPHHPPPH
85,PHHHPHPPHPHHHPHHPPHPPHPHHHHHPPHHHHHPHHPPHHHPHPHHHP
86,PPHPHHHPPPPHHHHPPHPHPHHHHHHPPHPPPHHHHPHHPPHPHPPPHH
87,HPHPPPPHHHPHHHPHHPPHHPPHHHPHPPHPHPHPHPHHPHHHPPPPPH
88,PPHPPPHHPHPPPPHHHPHPHHPHHHPHPHPHHPHHPPHPHHPPPPHPHH
89,PPPPPPHHPHPHPPHHPPHHPHHPPHPHPPPPPPPPPHHPHHHPPPHPHP
90,HHHHHPHPPPPPHPHPHPPPPPHHHHHPHHHHHPPHHHPHPPHHPHPHHH
91,PPHHPPHPHHPHHPPPPPHPPHPHPPHPHPPPPPPHPPPPPHPHPHPPPP
92,HHHHPHHPPPPHPHPHPPPPPPHPHHHPPPPHHPHPHHHPHPHHHPHPPP
93,PPPHPPHPHHPHHHPHPHHPHPPPHPHPHHPPHPPHPPPHHHHHPPHHHP
94,PHHPPHHPPPHHHHPPPHPHHHHPHHHHPHPHHPPHPHHPHHPHHHHHPP
95,PHPHHHHHHHHHPHPPPPHPHPPPPHHHPPHPPPPHHHPPHPPHPPHPPP
96,HPPHPHHHPHHPPHHPPHPHHPHPPHHPHPHHPHHPHHPPHPPHHHPHPP
97,HPPPPPHPHHHPPPHHPHHHHHPPHPPPPPHPPHHPPPHHPPHPPPPPPH
98,HHHHHHPHHPPHPHPHHHPPPPPHHHPHHPHHPHHPHPPPPPHHHHHPPP
99,PPHHPHPPHPPHHPPHPPHPHPPPHHPPHPHPPPPHPHPPPPPPHHPPPP
100,HPHPHHHPPPPHPHPHHHHHPHHPPPPPHHPHPPHPHHHHPPHHPPHPHH
101,HPPPPPPPPHPHPPPHPPPPPHHPHPHPHHPPPHHHPHPPHHPHPPPPHP
102,PHPPHPPPHHHPHPHPPPHHPHPPHHHHHHHPPHHPPHHHHHPPPPPHHH
103,HPHHHPPHPHHPHPHHHHPPHPPPPPHPHPHPHPPPHPPHPPHPPPHPHH
104,PHHPPPHPPHHPHHHHPPHHPHHHPPHHHHPHHPHPPHPHPPPPPPHHPH
105,HPPHPPPPHHHPPPHPPPHPPHHHHHHHHPHPPHHHHHPPHPPHPPHPHH
106,HHHHPHHPPHPHHPHPHHPPHPHPPHHHPPHHHHPHHHHHHPHHPPHHPP
107,HPPPHHHPHPHHPPPPHHPHPPPPPHPPPPHPPHHPHHHPPHHHHHPHPP
108,PHHPPHHPHPPPHPPPPHHPPHPHHHHPHHPPPHPHPPPPPPHPPPPPPP
109,HPHPHPPPPPPPHPHHHPPHPHPHPHHPHPHHPPHPPHPHHPPPPPPHHH
110,PHHPHPPHPHHPPHPHPPHPHPPHHHHPHPPPHHPPHPHHHHHPPPPHPH
111,HHHHHHPHHHHHHPHHPHPPPPPPPPHHPPPPHHPPHHPPPPHPPPPHPH
112,HHPPHPPPHHHPPHHPHHHHHPPHHHHHPPHPHHHHPPPPHPHPHHHHHH
113,PPPPHHPPPHHPHPHPHHHHPHPHPPHPPPPHHPHHHPHHHPPHPPPPPH
114,PHPPPPPHHPHPHHPHHHHHHHPPPPHHPHPPHHPHHPPPPHHHPPPPHH
115,PHPHHHHPPHHPPPHHPHPHPHHPHHPHPPHPHPPHHHPHPPPHHPHHPH
116,PPHHPPPPHHHHHPHHHPHPPPHPHPHHPHHHPPPPHPPHHPHPPHHHPH
117,HHPPHHHHHPPHPPHHHPHHPPHHHPPHPPPHHPPPPPPPHPHPPPPPPH
118,PPPPPHHHPPHHHHPPHHHPHHHPPPPPPHPPHPHPHPPHPHPHPHHPPP
119,HHHPPPPHPPPHHHHPPHHHHHHPPPPHPPPPPHHHPHPPPHHPHHHHPP
120,HPPPHHPHHHHPHPPHHHHHPPHHPHHHPHPPPHPPHHPPHPHHPHPHHP
121,PHPPHPPHPPPPPHHPPPPHPHPHHHHHPPHHHPHPPHHHPPPPPPHPPP
122,PHPHPPHHHPPPPPPHHHPPHPHHHPPPHHHHPPPHHHPHPPHHHPHHHH
123,PPPPHPHPPPPHHHPHPHPPHHPPHPPPHHPHPHPPHPPPPHHHHPHHPP
124,PHHHHPPPHHPHHPHHPHPPPPPPHHHPPPPPPPHHPPPPHHHHPPPPHH
125,PHPHPPPHPHHHPPPHPPHPPPHPPHHPHPHPHPPPPPHPHHHHHHPHHP
126,PPHHPPHPHPPPHHPPPPHPPPHPHHHPHHPHHHPPPPPPHHHHPHPPHH
127,HHPHPPHPPPHHPPPHHHPHPHPPPHPHPHHHHPPHHPPHHPPPPPPHPP
128,PHPHPHPPHPPHPPPPPPPHHPPPHHHPHHPPHHHPHPPPPHPPPPPHHH
129,PPHHPHPHHHPPPHPHHPPHHHPPPPHHPHHHHPPPPHPPHPPHPHHHPP
130,HHPPHPHPPHPHHHPPPPPHHPHHHHHHPPPPPHPPHPPPPHHHHPPHPH
131,PHPHHPPPHPHPHHPPHPPHHHHPPHHHHHHHHPPHPHPHPHHPPHPPHH
132,PHHHHHPPPPHPHHHHHPHHPPPHPPPPPPHHPPPPPHHPPPPPPPHHHH
133,PHHPHPPHPHHPHPHPPHPHPPPHHHHPHHHHHPHHHPHHHPHHPHHPPP
134,HHHPPPPPHHPHHPPHPHHHHHPPHHPHPPHHPHHHHPPPHPPPPPPPPP
135,HPPHHHHHPHHPPPPHHPHHPPHHHHPPPPPPHHHPPHPPHHHHPPHHPP
136,HPHHPPPPPHHHHPHPPPHHPPPHPHPPHPPHHPPPHPHHHHPPHPHHPH
137,PHPHPPHPPHPHHPHPHHHHPHPHHHHPPPPPHHHHPHPPHHHHHPPPHP
138,PHHHHPHPPHHHHPPHHPHPPPHPPPHPPPPPHHPPPPHHHPHPPHPPPP
139,HHPPHHHPPHPHHPHPPPHHHHPHPHPPHPHPHPHHPPHPPPPHPHPHHP
140,HPPHPPHHHHHHHPPPHPHPHHPPHPPPHHPHHPHHPHPPHHPHHPHPHH
141,PPHPHHPHPHPHPPHHHPHPPHPPHHPHHHPHHPHHHHPPHPPPPHHPPP
142,PHPHHPHPPHHHHPPPHPHHHHHPHHHHPHPPHPPPHHPHHPPHPHHHHH
143,HPHPHPHPHPPPHPHPHHHHPHPPHHPHPHPHPPPHPPPHPHHHHPPPPH
144,HPPHHHHPHHPPHHHPHHPHHHHHHPHPPHHPHHHPHPPHPPPHPHHPHP
145,PHPHPPPHHPHPHHPPPPHPPPPHHPHHHHPPHPHHHPPHHHHHHPPPHP
146,PHPPPPPHHHHPHHPHHHHHHPPPPHHHPHPPHPHPPPPHHPPPHPHHPH
147,HPPHPPPPHHPHHHPPHPHHHPHPHPPHPHPHHHHPPPPPPPPHPHPHPP
148,HHHHHHHPPHPPHHHPPPHHHHPHHPPHPPHHPPHPHPPHPHPHHPPHHP
149,HPPHPHPHHPHPHPPPPPHPHHPHPPHHHHPHPHPPHHHHPHHHHPHPPH
150,HHPHPHPHPPPHHPHPPPHHHPHHHHPHHPPPHPHPHPHPHPPPHHHHHP
151,HPHHHHPPPHHHHPPPPPPHHPHHHPPHPHHHHPPHPPPPPPPPPPHPHP
152,HPPPPHPPPHPHHPPPHHPHHHPHHPHPHPHPHHHPHHHPHPPHHPHPPP
153,PPHPPPHHPPHHHPHHPHPHPPHHPPPPHPHPHPHHHHPHPPHPPHHHHP
154,PHPPHHHPPHHPHPHPPHPPPHPPHHPPHPHPPHPPPPPPHPPPHHPPPP
155,HPHHPHHPHPPPHHHPPPHHPPHPHPPPPHPPHHPHHPHPPHPHPPPHPH
156,PPHHHPPHHPHHHHPPPHPPPPPHPPHHHPHHHPPHHPPPHHPHHHPHHH
157,PHHPPHHHPPPPPPHPPHPHPHHPHHHHPPHHPHHHHPPPPPHHPPHPHH
158,PPHHPPPPHPPHHPHHPPPPPHPPHHPHPHPPHPPHHHHPPPPHPPHHPH
159,PPHPHHHHPPPPPPPPHHPHHPHPHPPHHPPHPPPHHHHHPHHPPPPPPH
160,HHPHPPHHPHPPHHPPPHPHHHPHPPHHHHPPPPHHHHPHHHHPPPHHHH
161,HHPPHPHPHPHPHPHPHHPPHPHHPPPPHHHHPHPPHHHPPHHHHPHHHH
162,HPPPHHHPHHHPPHPPPHHPPHHHHPHPHPHHPHPPPPPPPPHPPHPPHP
163,PHHPPHPPPPPHHHPPHPHHHPHPHHHPHHHHPHPHPHHHPPPPPPHHHP
164,PHPPHPHHHPHPPHHHPHPHPPHPHHPPPHPPPPHPPPHPHPPPHPHHHP
165,HPHHHPHPPHHHPHPPHPHPPHHPHHHPHPPPHHPHPHHPPPHHPPHPPP
166,HHPHHHPPPPHPPHPPHPHPHHHPPPPPHHPPHPHPHPHHHPPPPPPPPP
167,PPHHPPHHPHHHPPPPPHPHPPPHPHPPPHHPHHHHPPHHHHHPHPHPHP
168,HHHPHPHHHPPPHPPPPHPPHHPPPHHHHPPHPPHPPPPHHPHHPHPHPH
169,PPHHPHPHHPPHHHPPPHHHPPHPPPPPHPHHHPPPPPPHPHPHPHPPHH
170,PHHPHHPHPPHPHPHHPHHPPPPPPHPHPPPHPHHHHPPHPHPPPPPPPH
171,PPHHPHPPHPHHPHPHHHHHPPHPHHPHPHPHPPPPHPPHHHPPHPPPHP
172,HPHHPPPPHHPHHHHPPHPPHHPPHHPHHPHPPPPPHPPPPHPPHPPHHH
173,PHPPHHPPPHHHHPHHHHPHPPHHPPPPPHHPHPHHHPHHPHPPHPPHHH
174,HPPPPPHPPHPHPHPPHPPHPPHHHPHHPHHHHHPPHPHPHPPPPHHHPH
175,HPHHHHPPPHPHHPPPHHHPPHPHPHPHPPPHPPPPHHHHPHHPHPHHHH
176,PPHPPHHHPPHHPPHPHHPPPPHPHPHPHHHPPHPHHHHHPPPHHHPPPH
177,PHHPHPHHHPPHHPPHPHPPHPPPPPPPHHHPHHHPPPPPPPPHHHHHHH
178,HPHHHHHHPPHHPHHHHPHPPPPHPPPHHPHHPHPHPPPHPHHHHHPPPP
179,PHPPHPHHHPPPPHPPHHPPPPPPHPPHHPHHPPPHPPHHPHHHPPPHPP
180,PPHPHHPHHPHPHPPPHPHPHHHHHPHPPHPPHHPPPHPPHHHHHPPPPH
181,PPHPHHPPHPPHHPHHPHHHPHHPPPPHPHHHPPPPHPHPHPHHHPHPPH
182,PHHPPHPHPPPPHPPHPHHPHHHHHHHPHPPHPHPPPPHPPPHHPHHPPP
183,PHPHHPPHHHPHPHHPHHHPHPHHHPHHPPPPHPPHPPHHPPPHPHHPPP
184,PPPHHHPHPPPHHPPHHHHPHPHPPPPHHPPPHPHHPPPHPHPHHPPPPH
185,PHHHPHPPPPPHHPPHHHHHPPPHHHPPHPPPPPPHHPHPHHPPPPHHPP
186,PPPPPHPHPPPPHHPPHPPPHHPPHHHHPPHHPHPPPPPHPHPHHPHPPP
187,HHHHPPHHPPPHHPHHPPHPPHPHHPHHHPPPPPHHPHHPPHPPPPPHPP
188,HPHHHPHHPHPPPHPHHPPPPPPHHPHHHHHPHHPHPPHHPPHPPPHHPH
189,PPHPHPPHHPPPPPPHHHPPPHHHPHHPPPHPHPPHHPHPPPHHHPPHPH
190,HPPPPHHPHHPPPPHPPHPPPPHHHHHPPPHHHPPHPPHHHPHHHPHHPP
191,HHHPPHHHPHPPHPHPPPHHHPHPPPPHHPPPPHHPHHPHPPHHPPPPHP
192,PHHPHPPHPPHPPHHPPHPHHHPHPHHHPHHPPHPHHHPPHHPPHHHHPH
193,PPPHHHHPHHHPPHHHPPHPHPHHPPPPPHHPHPPPHPPPHPPHHPPPHP
194,HPHHPPPPPHHPPHHHHPPPHPPPPHPPPHHHPHPPHHPHHHHHPPPHHP
195,PHHPHHPPHPHHHPPPPPPHHHPHPHPPHPPHHPHHPPHPPHPPHHPHPH
196,PPPPHHPPPPHPHPPHHHHHPPPHHHPPHHHPHPHHHPPHPPHHHPPHHP
197,PHPHPHHHHPPHHHHHHPPHHHPHPPHHPPPHPHPHHPHHHHPHPHPPPH
198,HPPHHPPHHPHHPPHPHHHPHPPPHPPPHPPHPHHPHHPHPPPPPHPPPP
199,HHPHPHPHHHPPPHPHHPHHPPHPPHHHHHHHPPPHHPHHPPHHHPPPHH
200,HPPHPPHHPPHPPHHPHPHPPPPHPPHPPHHPPHHPPPPHHPHHHHHHHH
201,HHHPHPPHHPPHPHHPPPHHHPPHHPPHHPHPHHHHHHPPHPPHPPPPHH
202,PPPPHHPPPHHPHPPPHHPHPPHPPHHPPPPHHPPPPHHPPPPHPHHHHP
203,HHPHHPHPPPHPHPHHPPPPPHHHHPHHPPHHPHPPPPHPHHHHPHPHHH
204,HPHPPHHHHHPHHPPHHPPPHHHPHHHHHHPPHPPHPPPHHHPHHPPPPP
205,PHPPHPHPPHHHHPPHHPPPHPHHPHPPPHHPPHPHPHPHHHPPHPPPPH
206,HPPPPHHPPPHHHHHHHHHHHHHPPPPPHHHHPPPPPHHPHHHHPPHHHP
207,PPPHPHPHPHPHPPHHPPPPPPPPPPPPHPHPHHHHPHPPHHHPHPPHHP
208,HPPHHPHHPHHHPHHPHPHHHHHHHHHHHHHPPHPHHPHHPHHHPHPHPH
209,PHPPPPPPPHPPHHHHHPPHHPPHPHHHPPHPPHPHHHHHHPPHPPPPHH
210,HPPPHPPHHHHPHHHPPPHHPPPHPPHPHHPHHHPHPHHHHPHHPPPPPP
211,PHHHHHPHPPPHPHPPPPHPHPPPPHHPPPPHHPHPPHHPPHPPPHPPHP
212,PHHHPPHHPHPPPHHPHHPPPPPHHPHHHHPHPHHPPHHPPPHPHHPPPP
213,HPHPHPPPHPPHPPHPHPPPPHPHHPHPHPPPPHPHHPHPHHHHHPHHHP
214,PPPPPPPPHHPHPHPPHPPHHHPPHHHPPPPHHPHHHHPHHHPHPPPPHP
215,PHPHHHPHHHPPPHPPHHHHPPPHHPHHHPPHPPHHHHHPHHPPPPHHPH
216,HHHPHHHHHPHPHPPPPPHHPHPHHHHPHPPPPPPPHPHHPHPPHHHHPH
217,PHHPPPPPPHPPHPPPHPPHPPHPPHHPPPHHPHPHHHPHPPPPPPPHPH
218,HHHPPHHHHHPPPHHPPHPHHPPPHHHPPHHPHHHHHHHHHHHPPPHPHP
219,HPPPHPHHPHHHPHHHPHHHHHHPHHPPHPHHHPHPHPHHPHPHPPPPHH
220,HPPHPPHPPHPPPPPPHPPPHHHPPPHPPPPHHPHPHPPPHPHHHHHPHH
221,PPHPHPHPHPHHPHPPPHPPPHHPHHHPPPHHPPPHHHPHPHPPPHHHPH
222,PPPPPHHPHPPPPHPPHHHHPPHPHPPPHPHPHPPHHHHPHPHHPHHHPH
223,HPHPPPPPHHPHPHHHHPPHHPHPPPHPPPPPHPHHPHPHPHPPPPHHPH
224,PHPPHPPHHPHPPHHHPHHPPHHHPHPPPPHHHHPPHPHPPHHPPHHHPP
225,PPPPHHHPPPPPPPPPPHHHHHHPPHPHHHHHHHPPHPPHHHHPPPHPPP
226,HPPPPPPHHHPPHHPHPHHPPPPHHPHPHHPHHPPPHPPHHHPHHPHPHP
227,PHPHPHPPHPHPPHHHHHHHPPPHHHPHHHHHHHHPHHHPHPHPPPPHHP
228,HPPHPHPPPPPHHPPHHHHPHPPHHHHHPHPHHHHPPHPPHHHPPHPPPP
229,PPPPHPPHHPPPHHPPPPHHHHPHHPHPPHPHPPPHHHPPPHHPPPHHHP
230,PPPPPHPHHPHPHPPHPHPHPPPHHPPPPPHPHHPHHHHHPHHPHHPHHH
231,HHHHHHPPHPPPHHHPPHPHPPHPPHPPPPHHHPPHHPHPPPPPPPPPPH
232,HHHPPPHHPPPHPPPPPPHHHHHPHPPHPPHPHHHHHPHPHPHHHPPHHP
233,PHHPPHPPHHHHHHHPPHHPPHPHHPPPHHPHHHHHPHPPPPPHHHHHPP
234,HHHHHPPPPPPHHPPPPPHHHPHPHHHHPPPHPHPHPPHHHHPPHHHHPH
235,PHPPPHHPPHPPHPHPHHHHHPHHHPPPHHHPPHPPPHPPPPHPPPHHPP
236,HHPPPHPPPPPPPHPPHHPHHHHPHHHPHPHHPHPPHHPPPPHPHHHHPH
237,PPPPHHPPHHHHHPPHPHHPPPPPHHHHPPPPHHPPPPPHHHHHHHPPHH
238,HPHPPPPPPHHPPPPHPPPPPPHPHPPPPPPPHPPPPPHPHHPPHHHPHP
239,PHHHPPHPPHPPPPHHHHPHHPPPHPHHPPHHHPPHPHHPPPHHPPPPHH
240,HHPPHHHPPHHHPPHPPHHPHHPPPHPPHHPPPHPPPPPHHPHHHHHHPP
241,PPPHHHPPHPPHHPPHHHHHPPHPPPPHPPPHHPPPPHHPPPHHPPPPPH
242,HPPPHPPPHHHHHHHHPPHHHPHPPPHHPPHHHHHHHPPPPPHHHHPHHH
243,HHPHHPPHHPPPPPPPPPPPPHPHHPPHPPHHPHPPHPHHPPHHPPHPHP
244,HHPHHHPHHHHHPHHPPPPPPPHPPHPPHHHHPHHHHHHPHHHPPHPHPP
245,HPHHPHPPPHHPPPHPPPHHHHHPHHHHHPHHPHHPHHHPHPHPPPPHHP
246,PPPPPHPHHHHHPPHHPPHHPPPHPHPPPHPPHHHHHHHPHPHHPPHPPH
247,PHHHPPPHPPPPPPHHHPPPPHPPHHHHHHHHPPPHHPPHHHHHHHHPPH
248,HPPHHPPHPPPHHPPHHPHPHHHPPHHPHHHPHHHPPPPHPPHPPPPPPP
249,PHHHPPPHHPHHPPPPHHHHHPHPHHPHPHPHHPPPHHPHHPHHPPHHPP
