id,sequence
0,PPPHHPPHPHPPPPHPHHHHHPPPPHPHPPHHPPPHHPHPHPPPPPHHPPPPPHP
1,PHHPHHHPPHHHHHHPHPPHPPPHHPPHPPPHHHHPPPPHPPHPHHPHHPPPPHP
2,PHHPPPPHPHHHPHPPPPHPPHHHPHPHPHPHPPPPHHPHHHPHPHHPPHPPHHP
3,HHPPPPHPHPPHPPPHPPPPPHPPHPPPHPHHPHHHHPPHPPHHHHHPHHPHHPH
4,HPHPHHHHHPPPPPPPPPHPPPHHPHHPPHHHPPPPPHHHHPHPPHPPHPHPPPH
5,HHPPPPPPPPHPPPHHPPHPHPHHPPHHPPHPHPHPHPHPHPHPPPPPPPHHHHH
6,PPHPPHHHPPPHPPHHHHHHHHHHPHHHHHHHPHHPHHHPHPHHHPHPPHHPHHH
7,HPPPPPHPHPHPPHHHHHPHPHHPPPPHHHPHPPPHHHHHHPPHHHPHHHHPPHH
8,PHHHPHHHPPHPHPPHPPHHHPPPPPHPHPHPHHPHPHPHPPHHHHPPPPPPHPH
9,PPPPHHPHPHPPHPHHHHPPHPHHPPHPPPPPPPHPHHHPHPPHHPHPPHHHPHP
10,HPHPHHHHHPHPPHPPHHPHPPPPPHPPPPHHPPHPPHHHPPPHPPPPHPPPHPP
11,HHPHPPPPPHHPPPHPHHPPHHPHHHHHHPPHPPPPHPHPHHPPPPPHPPHPPHP
12,HPPPHPHPHPPHPPPHHHHHPHPPPPHHPPHPHHHPHPHHHHHHPPPHPHPHHPH
13,HHPHPPPHHPPPHHHPHPPHHHPHPHHHPHHHPHPPHPPHHPPPPPPHPHHHHHH
14,HPPHHHHHHHHPHHHPPPPHHHHHHPPPPPHPPPHHPPHPPHHHPPHHPHHHHHH
15,HHHHPPHPHPHPHHHPHHPPHPHPHPHPPPPHPHHPPPHPHPPHPPPHPHPPHPH
16,HHPHHPHPHHPHPPHHPHPPHHHHHPHHPPHHPHPHPPHPHHHPPHPHHHHHHPP
17,HHPPHPHPPPHHHHPPHPPHPPHPPPHPPPHPHPHHHHHHHPHHPHPHHHPHPHP
18,PPPPPHPHHHHPPPHPHPHHHPPHPHPHHPHPHPHHHHPPPPHHHHHHPPPHHHH
19,PPHHHPPPHPHPPPHHHHHHHPPPHHHHPPPPHPPPHHPPPHHPPPHHHHPHHPH
20,HPPPPPPHPPHHPHHPPHPHHHPPPPHPHPPHHHPHHHPHPHHPPHPPHPPPPHH
21,HHHPPPPPHHHHHHPHPHHHPPHHPPHPPHHPHHHPHHHPHPPPPPHHHHHHHPH
22,HPPHPHHPHPPHHHPPPHPHPHHPPHPHHHPPHHHPHHHPPPHPHHPPHHHHHPH
23,HPPHHHPHHPPHHPPHHHPPHPHHPPHPPPHPPPHHHHPHPHHPHPPPHPPPHPH
24,PPPPHPHHPPPPPHPPPHHHPHPPPHPHHPPPHHPPHHHPHPPPHHHPPPHPPPP
25,PPPHPPPHPHHHHPHPHHPPPHPHPPPPHHPPPPHPPPPHPHPPPHPHHHHPHHP
26,PPHHHHHPPHHPPHHPHHPPHPHHPHPPHHHPPPHHHPHPPPHHPPPPHPHHPPH
27,HHHHPHPPHPHPHPHHPHHHHPHHPHPPPPPPPHHHPHHPHPPPHHHHHHHPPHH
28,HPHHPHPPHPHHHHPHPPHHHPHPHHHPPHPHHHHPPPPPPPPHHPHHPPPHHPP
29,PHHHPHHHPHPPPHPPPHHHHHPPPPHPHPHHHPHPHPPHHPPHPPPHPHPHHHH
30,HHPHPPHPHHHPHPPHPHPPPHPPPHHPPHHPPPPHHHHHHPHHHPHPHHPHHHP
31,PPPPPHPPHPPPHHHHPPPPPHHHHPHHHHHPPHPHHPPHPHHHPHHHPHHPPPH
32,PPPHPPHHHHPPHHPPPPPPHHPPPPHPHHHHHHHHHHPHHPPHPHPHPHHHHHH
33,PPPHPPPPHHHHHPHHHPPHPPPHHPHHHPPHPHHHPPHPHPPPHPHHPPPHPPH
34,HPHPPPPPHPPPHPPPPHHHPPHHHHHPPHHHHPHHPHPHHPHPPPHHPPPHHPP
35,PPPHPPHPPHHHHPHPPHHPPPHPHHPHHPHPPHHHPHPPHPPPHHHPHPHHHPP
36,PHPHPHHHPHPHHPPPPHPHHPPPPHHHPPPPHHPHPHPPPHHPHPHPPPPHPPP
37,PHPPHHHPPPPHPPHPHHHPPPPHHPHHHHPHHPPPHPHHHPHPHPPPPPPPPHH
38,HHPHPPPPPPPHPHPHPHHHHHPPHPHHHHHPPHPPPHHHPPHPPPPHPPHPPHH
39,PPHHPHPPPHPPHHPHPHPHPHHHPPHPHPPHPPPPHHPHPPPHPHPPHPPPPHH
40,HHPHPHHPHHPHHPHHHPHHHHHPPPPPPHPHHHHHPHPHPHPHHHPPPPHHPHP
41,PHPHPPPPHHHPHPHHPPHPHPPPPPPHHPHHHPHHPPPPPHPPPPPHPHHPHHH
42,HPHPPPPHPHHPHPPPHHPPHPPPHHPPPHHPHPHPHPHHHPHPPHHHHPHPPPH
43,PPPPHHPPHHHHHPPPPHHPPPHHPHHHPPPHPPHPPPPPHPPHPHHHHHHHPPH
44,PPHPHHHPHHHHHPHPHPPHPPPPHPPHPPHPHHPPPHHPPPHPPHPPHHHPPPH
45,PHPHHPPPHHPPHPHPHHPPHHHPPHHHHHPHHHHHHPPHHHHHPHHHPPHPPHH
46,PPPPPPPHPPPPHPHPHPPHHPHHPPHHPPPPHPHPHPHHHHPHHPHHHPPPHHH
47,HHPPHPPHPHPPPHHHHHPPHHHPHPHPHPHPHPHHHHHPHPHPPHPPPHPPPHH
48,HPPPPHHHPHHHPHPHPHHHPPHPPHHHPHPPPPHHHHPHHPPPPHPPPHHPHHP
49,HPHHPPHHHPPPPPHHHHPHPPPHPHPPPHPHHHHPHHHHHHHPHHHPPPHHHHH
50,PPHHHHHHPHPPHHHPPHPHPPPHPHHPHPHPPHHHPPPPHPHPPPPHPHPPPHP
51,PHPHPHPPPPPPPHPHHPPHPPPHHHPHHPHPHPPHPHPHPPPHPHHPHPHHPPP
52,HHHPPHPPPPPHHPHPPHPHHPPPPPHHPHPPPPPHHPPPPHPHHPHHPPHHPHP
53,PPPPPPPHPPPHHHHHPHPPPPPHHHHHPHHPHPPHHPHPHPHPPHHPPPHPHPH
54,PHHPHPHHHPHPPHHPPPHHHPPHPHPHPPPHHPHHHHPHHHHPPHPHHPPPPHP
55,HPPPHHHHPHPHHHPPPHPPPHPHHPHHPPPPPHHPHHPHPPHPHPPHHHHPHHH
56,PPPPHHPPPHPHPPPHHHHPHHPHHHHHPPHPHPPHPHHPPHHPPPHHHHPHPPP
57,HPHPPHHHHHHHPHHHPHHHPPHPPPPPHPHPHPHHPHPHPPPPHHPPPHHHHHP
58,PHHHHHPPHPPPHPPHPHHPPPHHHHHHPHPPHHPHPPPHHHHPHHHHPPHHHPP
59,PPPHPHHHPPHPHHHPHPHHHHPHHHPHHPHPHHHHPPHHPPHPHHHHPHPPPPP
60,PPPHHHHPPHPPPPHHHPPHPHHHHHPHPHPPPPPPHHPPHPHHHPPPHPPPPHH
61,HPHPHHHHHHPHPPHHPHHPPPPHPPPHPPHPHPHPHPPPHPHHPHHHPPPHHPP
62,PPPHHPHHPHHHPPPHPHHHHHPPPHHPHHPPPHPHHHPHHHHPPHHHPHHHPHH
63,PPHPHPPHHPHHPHPHHHPHPHHPHPPPHPHPPHPPPPHPPHPPPPHPHPHPPPH
64,HHPPHPPPPHHPHHPHHHHHHPHPPHHHPHPPHPHPPHPHHHPPPPHHHHPPPPH
65,PHHPHHHHPPPPPHHHPPHHHPHPHPPHHHHPPPHHHHPPPPHHPHPPPHPHHHP
66,PHHHPPHPHPHPHPHPHHPHPHPPPHHPPHHHHPPPHHHHPHPPHHPPPPHHHHP
67,PHPHPPHHPPPPHHHHPHPHPHPPPPHHHPPHPHHPPHHPHPHHHPHHPHHHHHP
68,PPPHPPPPPPPPPHPHPHPHHHPPHHHHPHHHHHPPPPHPPPPPHHHHPPHHHPH
69,HPHHHPPPPPHPHPPPPHPHHPPHHPHPHHPPPHHHPPPHHPPHHPHPPPHPPHH
70,HHPPHPHPHHPHPHHHPPHPPPHPHPHHHPPHPHHHHPPHPHHHPHPPHPHPPPP
71,HPHPHPPPPHPHHPPHHPHPPHHPHHPPPPHHHPHPHPPHPPPHHPPPHPHPHHP
72,PPPPHPHHHHHHPHPHPPHPHPHHPHPHPPPPPPPPPHPHPHPPPPHHHHHHPPH
73,HPHHHPPHHHHPHHPPHPHHPPHHPHPHPPPPPPPPHPPHHHPPPHPHHPHPHPP
74,HPPHHPHHPPHPHPHPPHHPPHHHPPPPPHPPPPPHPPHPPPPHPHHPHHPHPPP
75,PPHHPPPHPHHPHPPHPHHHHHPPHHPPPPPPHHPHPPPPPHHPPPHHPHPHHPP
76,HHPHPHHHHPPPHPHHPPPPPPHHHPHHPHPPPPHHHHHPHHPHPPHPHPPPPHP
77,HHHHHHHPPHPPPHPPPHPHPPPPHPPPPPHHPHPPPHHPPHPHPHHPPPHHHHP
78,HHHPHPPHPPPHPPPHPHPHHPPPPPPHPPPHPHHHPHHPPPPHHPPPHHHHHPH
79,PPPPHPHPHHHHPPPHHPPPPPPPPPPHHPPPHHPPPPHHPHHHPPHHPPPPHHH
80,HHHHPPPHHHHPHHPHPHPPPPHPHPHPPPHHHHHPHHHPPPHPHPPHHHPPHHP
81,PHHPHPHPPPPHPHPHPPPHPPHHPHPHHPPPPHHPHPPHHPHPPPPHPHHHHHH
82,HHHHHPHHPHPHPHPHPHPHPHHHPHPPHPPHHPPPHPHPHHPPPPHPPHPHHPP
83,PPPPPHPHHHPPHHPPPHHHPPHHPHPHPHHHHHPPPPHPHPHHHPHPPHPHPPH
84,PPPHHHHHPHPHHHHPPHHHPHHHPHPPHPPPHHHHHPHPPHHHPPHPPHHPPHP
85,HHPPPPPHPHHHPPHHPPPHPHHHHPPPPHPPHHPHPHHPHHPPHPPPPPHPHHH
86,HPPHHPHPPPHPPHPPPHHHHHPPHPHPPHPPPHHPHHHPPPHPPPPHHHPPHHH
87,PHPPPPHHPPHHHHPHPPPHPHHPHPPPPPPHHHHPPHHPPPHHPPHHPHHHPPH
88,HHPHPHHHHHPPPHPHHHHHPHPPPHPHHPHHPHPPHHHHHPPHHHPHHHHHHHP
89,PHHPHPHPHPHPHPPHPHHHHHPPPHPPPPPHPPHHHHHHHPPPHHPHPPHPPPP
90,HPPPHHPPHPHHPPPHPHPHHPPHHHHPPHPPPHPPPHPPHPPHPPPPHHPPPHH
91,HPHHPPHHPPPPHHHHHPHPPPHHPPHHHPPPHHHPPHPHHPHPHHPHPHHHHPH
92,HHHPPPPHHPPHHPHPHHHHPPHHPHPPPPPPHHHPHPPHPHPHHHPPPPPHPHH
93,HHHPHPPPHPPHPPPHPPPPHHPHPHPHHHPPHHPHPPHPHHPHPPHPPPPHHPP
94,HPPPHHPPPPHPHHHHHPPPHPHPPHHPPHPHHPHPHPPHPHPHPPPPPPPHPPH
95,PHPPHPHPPPHHHPHHPPPHPPPPPPPPHHPHHPPPPHHPHPPPHHHPPPPHPHP
96,HHPHPHHPHHPHPPPHHHPHPHPPPHHPPPHHPPHPHHPHPHPHPPPHPHPHHPH
97,HPPPHPHHHPPPPHHPPHHPHHHHPPPPHPPPPHPHPHHPHPPPPHHHPHHPPPH
98,PHPPPHHHPPPHPHPHHHHPHHPPHPHHPHHPHHHHPHPPHPHPPPHHPHPPHPP
99,PHPHPHPPHPHHPHPHPHPHHPHHPPPPPPHPPHPPPHPPHPPHHHPPPPHHHPH
100,PHPPHPPPPHPPPHPHPPHHHHHHHPHPHPPHPHHHPPHHHHPPPPHHHPPHHHP
101,PHPHPPPHHHHPHPHPPPPPPHHPPPPHPPPHHPPPPPPHPHPPHPPPHHHPHPP
102,HPPPPPHPHHPPHHHPHHPHHHPHHHPHPHPHHHPHHHPHPHHHHPPHHHHHHHH
103,PHPHHPPPPPHPPHPHHHPPHPHHHHHHPHPPPPPHPHHHHPPPPPHPPPHPPHH
104,HPPHPPHPPPHPHPPPPPHPPPHPPPPPHPHHPPPPPHPPHPPHPPPHHPHPHHP
105,PHHHPPHHPPHPHPHHHPHPHPPHHHHPPPHPPHHHHPHPPHHHHPPPPHHPPPH
106,HHPHHPPHHPHPHPHHHPPPHHPHHHPPHHPHHHHHHHPPPPPPHPHPHHHPPPP
107,HHHHHPPPHPPHPHPHPHPHHHHHPHHHPPHHPHHPHPHHHHPPPPHPHPHHHHH
108,HPPPHHPHPPHPPHHPHPPHPHPHPPPPPHPHHPHPHHHPHPPHHHPPHPHHPHH
109,PHPHHHHPHHPHPPHPHPHHHPPPPHPPPPHHPHHPHPPHHPHPHHHPPHHHHHP
110,HHHHPPPHPHHHPPPPPHHPPPHHPHPHHHPPPPHHHHPHHHHHPHHHHPPPPHH
111,PPPHPHPHPHHPPHPPHHHHPPHHHHPPPHPPPHPHHHPPHHPPHPHHHPPHHPH
112,PPPHHHPPHPPHHPHPHPHHPHPPHPPPPHHHHPPPPHHPHHHPPHPPPHPPPPP
113,PHHHPHPPPPHPHHHHHHHPHPHPHPHHHHPPPHHHHPPHPHHPHPPHPPPHPPP
114,PHPPHHHHHHPPHHHHPHPHHHHPPPHPHHHPHPPPPHPPHHPHPPHPPHHHPHH
115,PHHHPPPPHPPHPHPHHPHPHPPHHPPPPHHHPPPHHHPPHPPPPHHHPHHHPPH
116,HPPHHHPPPHPPPHPHPHPHPHHPPHPPPHHHHPPHHPPHHPHPPHHPPPHPPPH
117,HHPPHPHHHHHHHPHHHHPPHPPPHPPHHHHHHHHPPPHHHHPPPHHHPPPHPHH
118,HHPPPPPPPPPHHHPPHPHHPHHHHHHHHPHPPHPHHPHPHPPHPPHPPHHPHPP
119,HPHHHPHPPHHHPHPHPPPHHPPHPHHHHHPHHHPPPPPPPHHPHPPPPHPPPPH
120,PPHHHHPPHPPPHPHHPHPPHHHHHPHPPHPHPPPHPPPPPHHHHPPPHHPPHPH
121,HPHHHHHPPHPPHHPPHPHHHPHPPPHHPPHHHHHHHPHPHPHPHPPHHHPHHPP
122,PHPHPPPPPHPHPPPHHHHHPHPHHHHHPHPHPHPPHPHHHHHHHHHPHHHPPPH
123,PPPPHPPHHHPHPHPPHHPHHPHPPPPPPHHPPHPHHPPHPPHPPPPHPPHPPPH
124,PPHPPHHHPPPHHPPPHPPPPHHHHPHHPHHPHHHHPPHPHHPPPPHPHHPHHHH
125,PPHHPHHPPPHHHPPHHPPPPHPHHHPHPPHHHPHHPHHPHHHHPHPPHHHHHHH
126,HPHHPHPHHHHPHPHHHPHPPPPHHHPHHHPHPPPPPHPHPPHHPPHPHPHPPPP
127,PPPPPHHPPHHHHPHHPHPPHHPHHHHPPHHPHPHPHHHHHHHHPHHPHPPPPHH
128,PHHHHPPHPHPHPHHPHPHHPPPHPHPPHPHPPHHPPHPHPHHPHPPPPHHHHHP
129,PPHPHPHPPHHPPHHPHHPPPHHPHPPPHHPPPHHHPPPPHHPPPHPHPPHHHPP
130,PPHPHPPHHPPHHHPPPPHHPHPHPHHPPHHHHHHPHPHHHHHPHHHPPPPHPPH
131,PPPHPHHPHHPHHHPHHPPPPPHHHPPPPHPHHPPHPPHHHPHHHHPPPPPPPHP
132,PPPPHPPPPPPPHHPHHHHPPPHPHHPPPHPHHPHPHHPPPPHHHPHHHPPHPHP
133,HPPPHPPHPPPHHPPHHPPPHPPPPHPHHHPPPPPPHHHPPPHPHHPHPHHPHPH
134,HPHPPHPHPPHHHHHHPPPHPPHHHHPPHPHPPPPHHPPHHPPPPHHPHPPPPHH
135,HHHHHHPHHHPPPPPPHHHPPHHPPPPPHPHPPHPPPPPPHHHHHPHPPHHPHHH
136,HHHPPHPPHHPPPPHHHHPHPHPHPHHPHPPHHPHHPHPPHPHHHPHPHPHHHHH
137,HPPHPHPPHHPPPHHHHPHHHHPHHPPPPPHPHHHPHHPHPHPHHHHPPPPHPHH
138,PPPHPPPPPPHPPHHPPHHHPPPHHPPPHHPPPHPPHPPHPHHHHHPHHPPPHHP
139,PPHPPPHPPPPHPPHPPHPPPHPHHHHHPHHPPPPHPPPPPHHHHHPPPHHHPHH
140,HPHHHPHPPPPPHPHPPHPPPHPPPHHHHHHHHHHPPPHHPPPPHHHPPPHHHHP
141,PHHHHHHHPHPPHHPHPPHHHPHPHHHPHPPHHPHHHPHPHHHHPHPHHPHPPPP
142,HHPHHHHPHHPHHHPPHPHHHHHPHHPPPPPHHPHPHPHHPHHHPHPHPHPPPHH
143,PPPHHPHHHPPHHPPHPHPPHPPPPPPHHHPHPPPPHHPPHHHHHHHPPPHHPPH
144,PPHPPHHPPPPHPHPHHHPHHHPPHPHPPPPPHHHHHPHHHPPPPPPHHPPPPHP
145,PHHHHPPPHHHHPPPPHHPPHHHPPPHPHHHPHPPHPPPHPPPHHPPPPPPHPHP
146,PPPPHHHPHPPPPPPHHHPHHHHPPHPPHPPHHHHHHHPHPPPPHHHHPPPHHPH
147,HHPPPHPPHHHHHHPPPPHHPPPPPHHPHHPHHPPHHPPHHHHHHPHPHHHPHHH
148,PHPPPPPHPPPPHPHHPHHPPHPHHPPHPHHPPPHHHHPHPPPHPPHPPHPPPPH
149,PHHHPHHPHPPHHHPPPHPHPHHHHPPHHPHPPHHPHHPPHPPHHPPHHPHHPPH
150,HPPPHPPHHHPPPPHPHHHHHHPPHHPPPPHHHPPPPHPPHHHHHPHHPPHHPHH
151,HHHHPHPPPPPHHHHPHHPHHPPHPHHHPHPHPHPHPPPPHHHHHPPPPPPPHPP
152,PPHHPPPPPHPPHHHPPHHPHHHPPPHPPHHPHPHHHPPPHHPPHHPHHPHHPHH
153,PPHHHHPHPPHHPPHHPPPPHPHPHHPPHPHPPHPPHPPHHPPPHHHHHHPHPPH
154,PHPPHHPHPPHHPPHPPHPPPHPPHPPHHPHHPPHHHHHHPHHPHHHHHPPPHHP
155,PPPHHHHHHPPHPPPHHPHHPPPHPHHPHPPHHHPHPPHPPPHPPHHPHPHHHPP
156,PHPHHPHPHHHHHPPHHHPHHPHHHPHPPHHHPHHPHPPPHPPHHPPPHPHHHPP
157,PHPPHHHHHHPHHPPPHHHPPPPPPPHHHHHPHPPPHPHHPPHHHPPPPHPHHHP
158,HHPHHPHHHPHPPHPHPPPPHHHHPPPHPPPHHHHPHPHHPHPHHHHHPPHHPPH
159,HHPPHPHPPPHHPPHPPPHPPPHHPHPPPPPHHHHHPHHHHHHPPPPPPHHHPPH
160,HHPHHPPPHPPHPPHHPHPPPHPHPPHPPHHHPHHHHPPHHHHPPPHHHHPHPPH
161,HPPPHHHHPHHHHPHPPPHHHPHPHPHPPHHPHPHHHPPPPPHPPHPPPHHHHHP
162,HPPHHHPHPHHHPPHPHPPHPHPHPHPPPHHPPPPPHHHHPHHPHPPPHHPHPPH
163,HPHPHHPHHPPPHPPHHHHPHHPHHPPHPPPPHHPPPPPHPHHHHHHHHHHHPHH
164,HPHHPPPHPPHHPPPHPPPPPHPPHPHPPPPHHHPHPPHPPPHPHPHPPHHPHHH
165,PPHPHHPPPPPHPHPPHPPHHHHPHPPHHPPPHHHHHPHHHPPHPHPPHHHPHHH
166,PPHHPPHPHPPHHHHPPHPPHHHPHPHHPPHPHHPHHHPPHPHPPPHHHPHPHHH
167,HPPHPPHPHHPHHHPPPHHHPPHPHHHPPPHPHHHHPHHPPPHPPHPHHPHPPHP
168,PHHPHHPHHHPHHPPHHPPPHPHPPHHHHHPHPPPPHHHHHPPHHPPHHHPHHHH
169,PPHPPPHHPPPHHPPHHPPPHHPHHPHPHPPHPPHHPHHHHPHHHPPHHHPPPHP
170,PHHPHHHPPHHHHHPHHHPHPPPPHPPHHPHHHHPPPHPHHHPHPPPPHHHPHPH
171,HHPHHHPPPPHPPPPHPPHPPHPPHHPHHPHHPHHPHPPHPPPHPPHHHPHHHHP
172,PHPHHPHPHHHHPPHHHHHHHPHPHPHHPPHHHHPHHPPPPHPHPHHHPHHHHPH
173,HHPPPHPPHPHPHPHHHPHPHPPHHHPPHHHHHHHPHPPPPPHPHHPPPPHPHPH
174,PPHPPPPHPPHHPPPHPPPPPHPPPPPPHPPPPHPHHHPPHHHPHPHHPPHPPPP
175,PPPHPPPPHPPPPHPHHHHPPHHHHHHPPPPPHPPHHHPHPHHPPHHPPHHPHHP
176,PPHPPHPPPPPHHHHPPPHPHPPPPPPHPHPPPPPHHHPHPHHHPPPPPHPPPHH
177,HHPPHHPPHHPHPHHHPHHHHHPHPPHHPPHPHHPPPPHHPPHPHHPPHPPHHPP
178,HHHHHPPHHPHPPPPPHPPPPHPHHPHHPPHPHPPHPHHHHPPPPPPHPPHHHHH
179,HPPHHHHHHHPHPHHPPPHPHHPHHHPPHPHPPPHPHHPPPHHHPHHHHPPHHHH
180,PPHPHPHPPHPHHHPPPHPHHHHHPPPHPHHPHHHHHHPHHPHHPHPHHHHHHPP
181,HPPPPHHHHHHPHHHHHHPHPPHPHPPPHPHPPHHPHHHHHHPHHPHPPPHPPPP
182,HHPPPPPHPHHPHPHPPPPPPHPPPHPHPPPHHPPPPPPHHHHHPPPPPHPHHPP
183,HPPHHPPPHHHHHHHPPHHPHPHPHHPPHPHPHPHHPHPPPHPPHPPHHHPPHPH
184,HHPPPHPPHHPPHPHHHHHHPPHPHPPPPPPHPHPPHHPHPHPHPPHPHPHPHPH
185,PHPHHPHHPPHHHPPPPHHHPHPHPHHPHPPHPPPPHPPHPHHPHPHPHHPHPHH
186,PPHHPHPHHPHHHHPPPPPHPPHHPHHHPHHPHPPHHPPHPHHPHPPHHPPHPHP
187,HPPPPHPHHHHHHPPPPHPHPPHPHHPPPPPPPPHHHHHPPPHPPPPHHPHHHHP
188,PPHHHHHHHPHHHPHHPHPHPHPPPPPHHHHPHPPHHPPPHPPPHPHPHHPHHPP
189,PPHHPHPPHHHPPPPPPHHHHPPPPHPPHHHHHPHHPPHPPPPPPHPHHPHPHHH
190,PHHHPHHHHHHPHHHPHHPPHHHHPPHHHPHHPHHHHHPHPHPPPHHPPHHHHPH
191,HPHPPHHHPHPHPHPHHHHHPPHPHPPPHPPPHPHPPHHPPHPPPPHHPHHPPPP
192,HPHPHHHPPHHHHPPHPHPHPPHPHPHPPHHPPHPPHPHPHHHPHPHPPHPHPPH
193,PHHPHHPHHPPHHPPHHHHHPPPPHHPHHPHHPPPPPPPPPPPPHHHPHHHPPHP
194,HHHPPHHPPPHPHHHHPPHHHPPPPHHPHPHPPPHHHHHPHPHHPHHPPHPPPPP
195,PPPPPPPHHHPPPHPHPHHPPHPPHPHPPPHPHPPHHHHHHHPHPHPPHPHPHHP
196,PHHPHPPPHPPPHPPHHHHPPPHPHHHPHPPPHPPHHPPPHPHHHPPPHHHPHPH
197,PHPPHHPPHHHHPHPPHPHPHHHPPPPHHHHHHHPPPHPPHPPPHHHPPPPHPHH
198,PPPHPPPHHHPHPPHHPPPHPPHPHHPPPHPHHHPHPHPHPPHPHPPHHPPPHPP
199,PHHPHHHHHPHPHHPPHHPPPHHHPPPPPPHPHHHPHPPHHPPHPHPHPHPHPPH
200,HPHHHPHPHHPPPHPHPPHHHHPPPHHHPPHHHPPPHHHHHPHHHPPHHPPPHPP
201,PHPHPHHHPHHHPHPHHHPHPPPPPPPHPPHPPPPPHHPHPHPHPHPPPHPHHHH
202,HPPHPPHPPHHHHHHHPPPPPHHHHPPHHHHPHPPHHHPPHPHPHPHHHHPHPHH
203,PHHHHPHHPPPPHHHHHHPPHHHHHPPHPHHPPPHPPHHPHHHPHHPPHPHPPPP
204,PHPPHPHPHPHPHPPHHHHPHPPHHHHHHHHPHHPHHPPHPPHPPHHPPHPHPPH
205,HHPHHHHHHPHPHPPPPHHPHHPHHPPHPHPHPHPHHHPHHHPHPPPPPHHPPHP
206,HHPPPPHPPPPPHHPHPHPHPPHPHHPPHPHHPPPPPHPPPPPPHPPPPHPPHHH
207,HHPHPHHHHHHPPHPHPHHHPPHPHPHHHPHPPHHHPHHHHHPPHHPHPHHHPPH
208,HPHPPHPPPHHPHHHPPPHHHHPHPHHPPHPPPHHPPPPHHHPPPHPPPPPPPHP
209,PHPPPPHPPPHHHHHHHHHHPPPPPPHPPHHHHHPPHHPPPPHPHPHPHHPPHHP
210,PPPHHHPHPPHPPPHHPPPHHPPHHPHPHPHHHHPPPHPPPPHHHPPHPPPHPHP
211,HPPPPPPPPPPHPPHHPHPHPPHHHPHPPPPPHPPHPHHHPHPPHHHHPHPPHPP
212,HPHHPPHPPPPHPPHHHPPPHPHPHPPPPHHHPPPHPPPPPPPHHHPHHPHPPHP
213,PPPHHHHPHPPPHPHPPHHPHHHPHPHHPPPPPPHHPHPHPHPPHHPPHPPPHHH
214,HHPHPHPPHHPPHHHHHHHHPPPHHHPPHPHHHHHPPPHPHPPHPPHHPHHHHHH
215,PHPPPPHHHPPPHPPPPPHPHPHHHPPPHPHHHPPHPHHHHPPPHPHPHHPPPHP
216,HHPPHPHHHPPHPHPPPPPHHHHHHHHPHHPHPPPPPPHHHPHPHHPPPHHPPHP
217,PPHHPHPHPPHPPHHPPPPHPHHHPPHHPPHHPHHHPHPHPPPPPPPPHHHHHPP
218,HPHHHHPHPPPHHPHHHPHHHPPPPPHHPHHHPHPPHHPPHHHHPPHHPHPHHHP
219,PPHHHHHHHHHHPHPHPPPHPHPHHPHPPPHPPHPPHPHPPHPPHHHHPPHHHHP
220,PHHPHPPPPPPHPPPHHPPPHHPPPHPHHPHPPPHPPPPHHHPHHHHHPHHHPHH
221,PHHHPPHPHPPPPHHPHPPPPPHPPHHHPPHPPPHPPPPHPHPHHHHHHPHPHPP
222,HPPHPHHHHPPHPPHPPPPPHPHHHPHHPPHPPHHHPHPPPHHPPPHPPPHHPHH
223,HHPPHPHPPHHPPHPHHHHHPPHHHPPHHHPPPPHPHHHHHHPHHPPPPHPPPPH
224,HHHHHHHHHHPHPHHHHPPPPHHHHHHPPHPPHPPHHHPHHPPHPHHPHHPPPPP
225,PHHHPHHPHPHPHPPPPPPPHHPPPPPHPHPHPPHHHPHHPHHPPHPHHPHHPPH
226,HHHPPHHHHPHHHPPHHHHHPPHHHPHPPHHHHPHPPHHHPHHHHPPPHHHPHHP
227,HHPHPHHPHHHPPHPHHHHPHPPPHPHPHHHPHHHHPPPPPHHPHHHHPPPPHPH
228,PHPHPPHHPPPHHPPPHPPPPPPHPHHHHPHHPPHHHHHPHPPPHPPPHPHPHPH
229,PPPHPPHHPPPPHHHPPPHHHPPPPPHPPPHPPHPHHPHHPHHPPHHHPPPHPHH
230,PPPHHPPHHHHPHHPHHHPPPHHPPPPHPPHPPHHHPPHHPPPPPHPPPHPPPHP
231,PHPPPHPPPHPPPPPPHPPHPPPHPPPHHHPPPHPPHPPHPHPHHHPPHPHHPHP
232,PPHHPHHPPHHPHHHHHPPPPHHHHHHHHHPHHHHHPPHHHHHHHPHPHPHHPHP
233,HHPPHPPPPPPPPHPHPHHPPHPHHHHHPPPHPPPHHHPPPPPPPHHHPPHHPHP
234,PPHHHHHPPPHHPPHPHPHPHPPPPHPHPPPHHHHHHHPHPPHHPPPHPPPHPPH
235,PHHPPHHPHPHPPHPPPHHPPHHPHHPHHHHHHHPPHPHHHPPPPPPHPHPHPHP
236,PPPHHPHHHHHHPPPPPHHHPHHHPHHHPPHHPPPPPHHHPHHHPPHPHPHPPPP
237,HHPPPHPPPHHPPHHPHPPHHHHHHPPPPPHPPPPPHPPPHHHPPPHPPHHPPHH
238,HPHHHPHHPHPHHHHPPPHHPHPHPHPHHHHHPPPHPPPPHHPHHHHHHPHPHHH
239,HPPHPPHHHHHPHPHHHHPPPPPHHPPPHPHHHPHHPHPHPHHHPHPHPHPPPPP
240,HPHHHPHHHHPHHPPHHPPHHPHPHPHHHPHHHHHHPPPHPPPPHPPPHHPHHHP
241,HPHPHHPHPHPHHHPPHHHHPHHPPPPHPPPPHPHPHPPPPPHHPHHPPHPPHPH
242,HPHPPPHHPHPPHHPPHPPHHPHHHHPHPPPPPPPHHPPHHPHHHPHHHPPHHPP
243,PHHHHPPHPHPHHHHPPHHHPPHHPPPPHPHHHHPHHHHHPPHPHPHHHPHPPPP
244,PPPHHHHHPHHPPHHPPHPHHHPPPHPHPPPPPPPPPHHHPHHPPHPPHHHPPHP
245,PHHPPHPPPHPHHHHHPHHPPPHPHHPHPPPHPHHPHHHPHPPHPHHPPHPHHHP
246,PPPHHPHHHHHHHPHHPHPPPHHHPPHPPHHHHHPPHHHPPPPHHHPPPHHHPPP
247,HPPPPHHPPHHHHPHHPHHHPPPPPPHPPPHPPHHPHHHPHPHHPPPHPPPHHHH
248,PHHHPPHPPPPHHPHPHHHHHPHPPPPPHHPPPPHHHPHPPHPPHHHPHPHHHHH
249,HPPPPHPPHHPPHPHPPPHPHHHPPPHPHPHHPHHPHPPPPHPPHPPHHHHPPHP
