id,sequence
0,HPHPHPPPPP
1,PPPHHHHHHH
2,HPHPHPPHHH
3,PPHHPHHHHP
4,HPHHPPHHPH
5,PHHHPHPHPP
6,PPHHHPHPPH
7,PPPHPPPHPH
8,PPHPHHPHHP
9,PPPHHHPPHP
10,HHHHPHHPHH
11,HPPPPHHPHH
12,HHHHHHHHHH
13,PHPHPHPPPP
14,HHHHHHPPHP
15,HPPPPHPHHH
16,PHPHHPPHHP
17,PHPPHPHPPH
18,HPPHHPHHPH
19,PHPPPPPHHH
20,HPPPPHPPHP
21,HHHHPPHHPH
22,HHPHHPHHHH
23,PHHPPHHHHP
24,HPHPPPHHPP
25,PPHHPHPPPH
26,HPPPHPHHPP
27,HPHHPPHHHP
28,HHHPPPPHPH
29,PHHHPHPHHH
30,HHHHPPHHHP
31,HPHHPPHHHH
32,HHPPPHPHHH
33,HPHPHPHPPP
34,HPHHPPPPPH
35,PPHPHHHHPH
36,HPPPPHHPPH
37,PHPHPPHHHP
38,HPHHPHPPPP
39,PPHHPHHPHP
40,PPPHPHPPPP
41,PHPHHHHPPP
42,HHPHHHHPHH
43,PPHHPHHHPP
44,PPPHPHHHPP
45,HPHPHPPPHP
46,HHPPHPHHPP
47,HHHPHPPPPP
48,PPPHHPHHHH
49,HPHPPHHHHP
50,PHHPHPHPPH
51,HPHPPPPPPH
52,HHHHHPHHPP
53,PHHPPPPPPH
54,PPHHHHHPHP
55,PHHPHPPPHH
56,PPHPHPPPPP
57,PHHPHPPPHP
58,PHHHPHHHHP
59,HHHHHPPPHP
60,PPPPHPPHPH
61,HHHPPPHPPH
62,PHHHPPHHPH
63,PHHHHHHPPP
64,PHHHHPPHHP
65,HPPHPPPHPH
66,PHPPHHHHHP
67,PPPHPHHPHP
68,PHPPHPPPPP
69,PPPHPHPHPH
70,HPPHHHPPPH
71,HPHPHPHHPP
72,PPPHHHPHPH
73,HHHPPPPHPP
74,HPPHPHHPPH
75,PPPPPPHPPH
76,PHHHPPHPHP
77,PHHHHHPPPP
78,HHHHPHPPPP
79,PPPHHPPPPP
80,HPPPHHHPHP
81,PHHHHHPPPH
82,HHPPPPPHPP
83,PHPHHPHHPH
84,PPHHPPPHPH
85,HHPPPHHPHP
86,HPPHHPPPPH
87,PPHHPHHHHH
88,HPPHPPHPHH
89,PPPPHPHPPP
90,PPHHPPHHHP
91,PHPHHHHHHP
92,PPPHHPPPHH
93,PPPHHPPHHP
94,HHHPHPPHPP
95,HPPPHHHHHP
96,PHHPPHPPHH
97,HPHHPHPPHP
98,PPPPPHHHHH
99,HPPHHHPHPH
100,HHPHPPPPHP
101,HHPPPHPHHP
102,HHPPHPPPHH
103,PPPHPPHHHH
104,HPPPPHPHPH
105,PPHHHHPPPP
106,HHPPPHPHPP
107,PHPHHHHHPH
108,PHPPHHPPHP
109,HPHHHPPHPH
110,PPHPHHHPHH
111,PPPPHPHHHH
112,PPHHPPHHPH
113,HHPPHPPHPH
114,PHHPPPHHPP
115,PPHPPPHHPP
116,HHPPHHPHHH
117,HPPPPPHHHP
118,PHHHPPPPPP
119,HPHPPHPHPH
120,HHPPPPPHPH
121,PPPHPHPPHP
122,PHPHHHPHHP
123,HPHHHHHPPP
124,HHHHPPPPHH
125,HHPPHPPPHP
126,HHPHHHPPHP
127,PPPPPPPHPH
128,PHHPHHHPPH
129,PHPPPPPHPH
130,HPHHPPPHHH
131,PHPPPPHPHH
132,PHHHPPHHHH
133,PHHHHPHHHP
134,HPHPHHPHPP
135,PHHHHHHPHH
136,HHPPPHPPPP
137,PHPHPHHHHH
138,PHHPPPPHHP
139,HPHHHHHPPH
140,HHHHPPPHHP
141,HHPHHPPHPP
142,HPPPPHPPPH
143,PHHHPPHHPP
144,HPHHPHPHHH
145,HHHPHHPHHH
146,PHPHHHPHPH
147,PPPPHHHHHH
148,HPHPHHPPHH
149,PHHPHHHHHP
150,PPPHPPPPPH
151,PHHPHHHHHH
152,HHPHHPPPHP
153,PPPPHHHPPH
154,HHHPPPPHHH
155,PPPHPPPHHH
156,HPHPHHPPHP
157,PHPHPPHPHH
158,PPHPHPPHPH
159,PPHHHHPPHH
160,HHPPPPPHHP
161,PHPHPHHHPP
162,PHHHPHHHPP
163,HPPPHPHPHP
164,HHHPHHPHPP
165,HPHPPPPPHH
166,HHHHHHHPPH
167,PHHPPPPPPP
168,PHHHPHHPPH
169,HPPHPHHPHP
170,PHPPPHHHHH
171,PPHPPHHHPP
172,HPPHHPPHPH
173,PPPPPPHHPH
174,HPHHPPHPHH
175,PPPPPHHPHP
176,HPHHHPPHPP
177,PHPHPPHHPH
178,HPPHHHHHHH
179,PPHHPPPPPP
180,PHHHHHPHHH
181,HHHPPPHHPH
182,HPPHPPPPPH
183,HPPPPPPPPH
184,PHPPPPPPHH
185,HPHPPHPPHH
186,PHHPPPHPHP
187,PHHHHHHPPH
188,PPPHHHHPPP
189,HPHHPPPHPP
190,HPPPPPPPHP
191,HHPHPHPHPH
192,HHPHPHHHHH
193,HPHHHHHPHH
194,HHHPHHPPHH
195,HPPPHPHPPH
196,HHPHPHHHPP
197,PPHPPHPPPP
198,PPHHHHPHHH
199,HPHPPPHHHP
200,PHPPPPHHHP
201,PPPPPPPPPH
202,PPPHPPHPHH
203,HPPPHPPPHP
204,PPHHPPPPHP
205,PPHHPPPHHP
206,HPHPHHHPHP
207,HPPHPPHPPP
208,HPPPHHPPPH
209,PHHHPHPHPH
210,HHHHPHHPPH
211,HPHHPHPPHH
212,PHPPHPPHHH
213,HPPPHPPPPH
214,HHHPHHPPPP
215,PPHHHPPHPP
216,PPPPHHHHPP
217,PHPPHPPPPH
218,HPPPHPHPPP
219,PHHHHPHHHH
220,PPHPHPHHPP
221,HHHHPHPHPH
222,HHPPHPHHHH
223,HHPHPHPPPH
224,PPHHHPHHHH
225,PPHHHHHHHH
226,PHHHPHHHPH
227,HHHPHPHHHP
228,HHPHPHHHPH
229,PPPHPHPHHH
230,HPHPHPPHPH
231,HPPPHPHHHP
232,PPPHPPHPHP
233,HHPHHHHHPP
234,PPHPPHHPPH
235,PHPPHHHHPH
236,HPHHHPHHPH
237,PPHHHPHHHP
238,HHHHHPHHHH
239,HHPHPHPHHP
240,PHHPHPPHPH
241,HPPPPHHHHH
242,PPPPPPPPHH
243,PHHHPHHHHH
244,PHHPHHHPHH
245,PHPPPHPPPP
246,PHHPPHHPPP
247,PPPHHHPHPP
248,HPPHPPHHHH
249,HHPHPHHPPH
250,PHHPPPHPPP
251,HPHPPPPPPP
252,HPPHHHPPHH
253,HPPHHPPPHP
254,HHHPPPHPPP
255,HHPPPPHPHH
256,HHPPHPPHPP
257,HPPHHHHPHH
258,PPHPPHPHPP
259,HHPHPPPHPP
260,HPPPPHPPPP
261,PHHHPPPHHH
262,HPPHPHHHPH
263,PHPPPHPHPH
264,PHHPHPHPHP
265,PHPPHHPHPP
266,HPHPHHHHPP
267,HPHPPHPHPP
268,PPPHHPPHPP
269,HHPPHPHPHH
270,PPPHPHHPHH
271,HPPHHPHHHH
272,PHHHPPPHPP
273,HHHPPHPPHP
274,HPHPHHHHPH
275,HPPHHPPPPP
276,PPPPPPPHHH
277,HHPHPHPPHH
278,HPPPHHPPHP
279,PPPHHPHHPH
280,HHHPPPHHPP
281,PHPHHPPPHP
282,PHPHPHHPPH
283,HPHHHPHPHP
284,PPHHHPPHHH
285,PHPHPPHHPP
286,PHPHHPHHHP
287,PPPPHHPPHH
288,PPHPHHPHPH
289,HHPPPHHHPP
290,HHPHHHPHHP
291,HHPPHHPPHP
292,HPHPPHPPPH
293,HHHHPHPPPH
294,PPPPHHPPPP
295,PPHPPHPPHH
296,PHHPHHPPHP
297,HPPHPHPHHH
298,PPPPHPPPPP
299,PHPHHPHPPP
300,HHHHHHPPPP
301,HHPHHPHPHP
302,HHHHPHPPHH
303,PHHPHHPHHH
304,PPHHHPPPHP
305,PHPPHHHHPP
306,HPPHPHPHHP
307,HPPPHPHHHH
308,HPPHHPHHHP
309,PPPHPPHPPP
310,HPHHHPHHPP
311,PHPHHPHHHH
312,PHPHPPHPHP
313,HPHPHHHHHP
314,PHPPPPHHPH
315,PPHHPPPHPP
316,HHPPHHHHHH
317,PHHHPPHPHH
318,HPPHPHHPPP
319,HPPPHPPHHP
320,PPHHPHPPHH
321,HPPHHPPHPP
322,PHHHPPHPPP
323,PPHPPPHPPH
324,PPHPHPPHHP
325,HHHHPPPHPH
326,HHHHHHPHHH
327,PHPPPPPPPH
328,PPHPHPHPHH
329,PHPPHPHHPP
330,HHPHPPHHPP
331,PHHHPHPHHP
332,HHPHPPHPPH
333,HPPPPPHPPH
334,PPHHHPHPHP
335,HHHHPHHHHH
336,HHHPPHPHPP
337,PHHPPPHPHH
338,HPHHHPHPPH
339,PPPPHPHPHP
340,PHHHHPHPPP
341,PHHPHPHPPP
342,HHPHHPHHPP
343,HPPHPPPHHH
344,PPPPHHPHPH
345,HPHHPHPPPH
346,HHHPHHPHHP
347,PPHHPHPHHH
348,HPPPPHPHPP
349,PPPHPPPHHP
350,HPPHPHPHPP
351,HPPPHHPHPP
352,PHPPHPHPHH
353,HHPPPPPHHH
354,HPPHPHPPPH
355,HPPHHHPPHP
356,HPHHHHHHPP
357,HHPPHHPPPH
358,HHPPPHHHHP
359,PHHPHPHPHH
360,PHHHPHPPPP
361,HHPPPHPPHH
362,HHHPHHHHPH
363,HPPHPPPPHP
364,HPHHHPPPHH
365,PPHPHHHPPP
366,PHHPHPPHHH
367,PPPPPHPHHP
368,HHHPPHPPPP
369,HHPPHHHPHP
370,PHPPHHPPPP
371,PHPPHPPHPP
372,HHHHPHHPHP
373,HPPPPPHPPP
374,HHPHHPPHHH
375,PHPHHPHHPP
376,PPHHHPPPHH
377,PPHHPHPHPP
378,PPPHHHPPPH
379,PPHHPHHHPH
380,PPHPHHPPHH
381,HPPPHHPHHP
382,PHPHPHPHPP
383,PHHHHHHPHP
384,PHPHHHPHHH
385,PHHPHHPHPP
386,PPPPHHPPPH
387,PHHHPPPHHP
388,PHPPHHPPPH
389,PHHPPPHHHP
390,HPHHPHHHHP
391,PPHPPPPPHP
392,HHPHPPPPHH
393,PPHPPPHPPP
394,PPPHPPPPHP
395,PHPPPHHPPP
396,PPHPPPPPHH
397,PPPPPHPHHH
398,HHPHPPPPPH
399,HPHPPPHPPP
400,HHHPPPHPHH
401,PHHHHHPPHP
402,PHHPPPPHPH
403,PHPPPPHPPH
404,HHPPHHPHPP
405,HHHHPPPPHP
406,PPHHPHHPPH
407,HHHPPPPPPP
408,HHHHPPPHHH
409,HPHPPPHPPH
410,HHPHHPHHHP
411,PHPHHPPHHH
412,HHPHHHPHPP
413,HPHHPHHHPP
414,HHPPHHHHHP
415,HPPPHHPPHH
416,HPHPHPHHHP
417,HHPHHHPHHH
418,HPHHHHPHHP
419,HHHHHPPPPP
420,HHPHPPHPHH
421,PHPHHHPPPH
422,HPPHHHPHHH
423,PPPHPHHHHH
424,PHHHHPPPHP
425,HHPPPHPPPH
426,PHHPHPHHPH
427,PHPPPPHHHH
428,HHPPPPHHHH
429,HPPHHHHHHP
430,PHPHHPPPHH
431,PPPHPHPHHP
432,PHPPPPHPPP
433,HPPHPHPPHH
434,HPPPHHHPHH
435,HHHPHPHPHH
436,PPPPPHHPPP
437,PHHPHPPHPP
438,HHPHHPHPPH
439,PHHPHPPPPP
440,PHHHHHHHPH
441,HHHPHPHPHP
442,PPHPPHPPHP
443,HHHPHPHPPH
444,HHHPHHHPPP
445,PPHPPHHPHP
446,PHHHHHHHPP
447,PHHHHPHHPP
448,HHPHHHHHHP
449,PPHPHPPPHH
450,HPPHHPHPHH
451,PHHHPPPPHP
452,HPHHHHPHPH
453,PHPPHPHHPH
454,PHHHHPPPPP
455,HHPHPHHPPP
456,HHHPPHHHPH
457,PHPHPPHPPH
458,PPPHHHHHHP
459,PPHPPPPPPH
460,HPPHHHHPHP
461,HHHHPPHPPH
462,PPPHPPHPPH
463,PHPPPHHPPH
464,HPHHPHPHPH
465,PPPPPPPPHP
466,HHPPHPHHHP
467,PPPHHPPHPH
468,PPHPPHPHHP
469,HHPHPHPPHP
470,HHHPPHHHHH
471,PHHHHHPHPP
472,PPHPPHHHPH
473,PPPPHHPPHP
474,HHHHPPHPHH
475,PPPHHHHPPH
476,PPHHPHPHPH
477,PPPPPHPPHH
478,HPPPHHPHHH
479,HHPPHHHPPP
480,HPHHPPPHHP
481,PHHHPHPPHP
482,HPPHPHPPPP
483,HHHPHPPHHH
484,PPPPPHPPPP
485,HPHPHHHPPP
486,PPHPHPHPHP
487,PHHPHHPPPH
488,HHHHPHPHPP
489,PHHPPPHPPH
490,PPHPHPHHHP
491,PPHHHHPPPH
492,PPPPHPPHHH
493,HPHPPHPPHP
494,PPPHPPPPPP
495,HHHPHPPPHH
496,HHHPPPPPHH
497,HPPHHPHHPP
498,PHPPPPPHHP
499,PPPHHHPHHP
500,PHPPPHHHPP
501,HHPHHHPPPP
502,HHPPHHPPHH
503,HHHPHPPHPH
504,PPPPPHPPHP
505,HPHPPPPHPP
506,HPHHPPPPHH
507,PPHPHHPPPH
508,PPPHPPPPHH
509,HPPHPPPHHP
510,HPPHPHHPHH
511,HHPHPHHHHP
512,HHHPPPPHHP
513,HPPHHHPPPP
514,PHPHHPPPPP
515,HPHPHHPHPH
516,HPHPPPPHHH
517,HPPHHHPHPP
518,PPPPPPPHPP
519,HHPPHHHPPH
520,PPHPHPHHHH
521,PHHPPHPHHP
522,PPHHHHHPPP
523,HHHHPPHHPP
524,HPHHHPHHHH
525,PHHPPHHPPH
526,HHPPHHHPHH
527,HPHHHHHHPH
528,HPPPPHHHPH
529,HHHHHHHPHH
530,HPHPHHHHHH
531,PHPPPHPPHH
532,HPPPHHPHPH
533,HPHHHHPPHP
534,HPPHPPHHPH
535,HPHPHPHHHH
536,PPPHPHHHHP
537,HHHHPPPPPH
538,HHPPHPPPPH
539,HHPPHPPHHP
540,HHPHHPHPHH
541,PHHHPPHHHP
542,PPPPHPPPHP
543,HPHPPHHHPP
544,HPPHHHHPPP
545,HHHPHHHHHH
546,PPPHPHPPPH
547,PPPHHPPHHH
548,HPHHHPPHHH
549,PHPHPHPHHP
550,PHPPHPHHHH
551,HPHPHHHPHH
552,HPHHHPHHHP
553,PHHHHPPHHH
554,HPHHPHHPHP
555,HPPPPHHHHP
556,HHPHHPPPHH
557,HHHHHPPHHP
558,HHPHPPHHHH
559,HHHPPHHPPH
560,PPHPPHHHHH
561,PHPPPHHPHH
562,HPPPHHHPPH
563,HHHHPPPHPP
564,HPPPPPPPPP
565,HPPHPHPHPH
566,PHPHPHPHPH
567,HHPHPPHHPH
568,PHHPHPHHHP
569,HPPPHPPHPP
570,PHHPPHPPPH
571,HHPPPPHHPP
572,PPPPHPPPHH
573,PPHPHHHHHH
574,PHHPPHPPHP
575,HHPPHPHHPH
576,PHHHHHHHHH
577,HPHHHPHPHH
578,PHHHHPPPHH
579,HHHPPPHHHH
580,HHHHPPHPHP
581,PHHPHHPHPH
582,PHHPPPPPHP
583,PHPHPPPHHH
584,PPHPPHHPPP
585,PPPHHHPPHH
586,PHPHHPHPHH
587,HHHPPHPHPH
588,HPPHPPHHPP
589,HPHHPPPPPP
590,PHPPPHHPHP
591,HPHHPHPHPP
592,HHHHPHPHHP
593,HPHPHPHHPH
594,PHPHPPHPPP
595,PHPHPHHPHH
596,HPHHHPPPPH
597,PPPPPPHHHH
598,PHPHHHPPHH
599,PPHHHHHHPP
600,PPHPHHHPPH
601,PHPHHPHPPH
602,HPHPPPHPHH
603,HPHPHPPPPH
604,PPHPPHPPPH
605,HPHHHHHPHP
606,HPHPPHHPHP
607,PHHPPHHPHH
608,PPHHHPHHPH
609,HPPHPPPHPP
610,PHHPHHPPHH
611,HPPHPPHPPH
612,HPPPHPPPPP
613,PPHPHPHPPH
614,PPPHHHPHHH
615,HPPHPHHHHH
616,PPPPHHPHPP
617,PPHHHHPHPH
618,PPPHHHHHPH
619,PPPHHHHHPP
620,PHHHHPPHPP
621,HHPHPPPHHP
622,HPPPPPPHHH
623,HPHHPPHHPP
624,HPHHHHHHHH
625,HPHPPHHPHH
626,HPHHHHPHHH
627,HHPPPPHPPH
628,HHPPPPHPPP
629,HPHPHHPHHP
630,PPPPHHHHPH
631,PPPPPPHHHP
632,HPHPHHPHHH
633,PPHPHHPPPP
634,PHHPHHPHHP
635,HHHHHPPHPP
636,HHPPPHHPPH
637,HHHHHPHHPH
638,HPPPPPHPHH
639,PHPPHHHHHH
640,PPPPPHHHHP
641,PHPPHHHPHP
642,PPPPHHPHHH
643,PPPPHPPHPP
644,PHHPPPPHHH
645,HPHHPHHHPH
646,PHHHHPPHPH
647,PPHPPPPHPH
648,HHHPPHPHHP
649,HHHPHHHHPP
650,PPPHHPHHHP
651,PPPHPHHHPH
652,HHHPHPHHPP
653,PHPHPHPPHH
654,PHPHPPPHPP
655,HHHHPPPPPP
656,PHPHHPHPHP
657,PPHPPPPHHP
658,PHPPPPPPPP
659,PPPPPPPHHP
660,PPPHPPHHPP
661,HHPPPHHPHH
662,PHPPPPHPHP
663,PHPPHHPHHP
664,HHPPPPPPHP
665,PHHPPHPHHH
666,PPHHHHHPHH
667,PPHHHPHPHH
668,PHHHHPPPPH
669,PHPHHHPPPP
670,HPPPPHPHHP
671,HPHPPPPHPH
672,PPHPPPHPHH
673,HHHHHHHPHP
674,HPPHPHHHPP
675,PHPPHHPPHH
676,HHHPHPHHPH
677,PPPPHHPHHP
678,HPHPHHPPPP
679,PPHHPHHPPP
680,PHHPPPHHHH
681,HHPHHPPPPP
682,PHHPPHHHHH
683,PPHPHPHHPH
684,PPPHHPHPHH
685,HHPHHHHPPH
686,HPHPPHPHHP
687,HPHPHPHPPH
688,HPHHPHPHHP
689,PHPHHHPPHP
690,PPHHPPHPPH
691,HPHHPHHPHH
692,PHPHHPPHPH
693,PPHHHHHHHP
694,HHHPHHPPPH
695,PPHHHHHPPH
696,PHHPPHHHPP
697,PHPPPHPHHP
698,PHHPHPHHHH
699,HPPHHHHHPH
700,PPHPHPPHPP
701,PPPHHHHPHP
702,PPHHPHPHHP
703,PHPPPHHHPH
704,HPHPPPPHHP
705,PHHPHHHHPH
706,PPPHPHPHPP
707,HHPPPPPPPP
708,HHPHPPHHHP
709,PHPPPHHHHP
710,PHPPHPPPHP
711,PHHHPPPPPH
712,PHPPHHHPPP
713,HPHHHPPHHP
714,PHPHHHPHPP
715,PPPPHHHPHH
716,PPPPHPPHHP
717,HPPPPPPPHH
718,HHHHPHHHHP
719,PHPPHPHPPP
720,HHHHPHPHHH
721,HHHPPHHPPP
722,PHPHHHHHPP
723,PHPPHHPHHH
724,PHPPPHPHPP
725,HPPPHHHHHH
726,HHHPPPHPHP
727,HHHHHHHHPP
728,PPHHPPHHPP
729,HPPHHHHHPP
730,PPPPPPHPPP
731,PHPPPHPHHH
732,HHHPPHHPHH
733,PHHHHPHPPH
734,PHPHPPPPPP
735,HPHPPPHPHP
736,PHPHPHHHPH
737,PPPPHPPPPH
738,HPPPPPPHPH
739,HHPPPHHPPP
740,HPHHPHHPPP
741,HHHHPPHPPP
742,PPPPHPHHPH
743,PHHPPPHHPH
744,PHHHPHHPHH
745,PPHPPHPHPH
746,PHHPHHHPPP
747,PPHPPPPHPP
748,PPPHHPHPHP
749,HHPHHHPHPH
750,HHHPPPPPHP
751,HHPPHHHHPH
752,HHHHHPHPHP
753,PHPHPHHHHP
754,PPHPPPHHPH
755,PPPPPHPHPH
756,PPPHPHHPPH
757,HPHHPPPPHP
758,HPPPHPPHPH
759,PHHHPHHPHP
760,HPPPPPPHPP
761,PHHPHHHPHP
762,PPHPHPHPPP
763,PHHHHHPHHP
764,HPPHHPPHHP
765,PHHHPHHPPP
766,HHHPPPPPPH
767,PHPPPHPPHP
768,HPPPHPHPHH
769,HPPPPPHHPH
770,PHPPPPPPHP
771,PPHPPPPHHH
772,HHHPHHHPHP
773,HHHHHHPPHH
774,HHHPPHHPHP
775,PHPPHPPPHH
776,HPHHHHHHHP
777,PHHPPHHHPH
778,HHPHHPHHPH
779,PPPHPHPPHH
780,PHPHPHHPHP
781,HPPPHHHHPP
782,PHHPPHPHPH
783,PPHHPHPPPP
784,HHPHPHHPHH
785,HHPHHHPPPH
786,HHPPPPPPHH
787,HHHPHPHPPP
788,HPHHPHHHHH
789,PHPHHHHHHH
790,PHPHHHHPPH
791,PHPHPPPHPH
792,HHHHHHPHPP
793,PHPHPPPPPH
794,HPHPPHHPPP
795,HHHHHPPPHH
796,HPHHPPHPPH
797,HHPHPHPHHH
798,PHHHPPHPPH
799,HHPPPHHHPH
800,PHHPHHPPPP
801,PPHPHPPPHP
802,PPPPPPHHPP
803,HPPHHHHPPH
804,HPHPHPPHPP
805,HHPHHHHHPH
806,HHHHHHHHHP
807,HHHHHPHPPP
808,PPHPHPPHHH
809,HHPHPPPPPP
810,HPPHHPPHHH
811,PHHPHPPHHP
812,PPPHHPHPPH
813,PPPHHPHHPP
814,HHHHPHHHPH
815,PPPHPHHPPP
816,HPHPPPHHPH
817,HPPPPPHHHH
818,HHHPPHPPHH
819,PPHPPPHHHP
820,HHHHHHHPPP
821,HHPPHHPPPP
822,HHPHPPPHHH
823,HPPPHPHHPH
824,HHPPHHHHPP
825,PPPPHHHPHP
826,HHPHHHHPHP
827,HPHHHPPPHP
828,HPHPHPPPHH
829,HPPPHPPPHH
830,HHPPHPHPPH
831,HPHPHPPHHP
832,PPHHHPPHPH
833,PPHHHPPHHP
834,HHPHPPHPPP
835,PPPPHPHHPP
836,PHHPPPPPHH
837,PPPHPPHHHP
838,PHHPHHHHPP
839,PHPHPHPPHP
840,HPPPHHHHPH
841,PHPPHHHPPH
842,PPPPPHHHPP
843,PHHPPHPPPP
844,HHHHPHHPPP
845,PPPPPHHHPH
846,HHPPPHPHPH
847,HHHHHHHHPH
848,PHPPPPHHPP
849,HHHPHHHPPH
850,PHPHHHHPHP
851,HHHHHPPHHH
852,HHHHHHPPPH
853,HHPPHHPHHP
854,PPHPPPHPHP
855,HHPHHPPHPH
856,HHHPHHHPHH
857,PPPPHPHHHP
858,HHPPPPHHHP
859,PHPPHPPHPH
860,PHPHHHHPHH
861,HHPHHHHPPP
862,PHPHPPPPHP
863,PPPHHHHPHH
864,PPPHHPHPPP
865,HHPPPHPPHP
866,HPPHHPHPHP
867,HPPHPPPPPP
868,HHPHPPHPHP
869,PPPPPHPHPP
870,PHPPHPPHHP
871,HHPPHPPHHH
872,PHPHPPPHHP
873,PPPPHHHPPP
874,PPHHHPPPPH
875,HHHHHPHHHP
876,PHPPHHHPHH
877,HHPPPPHHPH
878,PPHHHPHHPP
879,PPPPPHHPHH
880,PPPPPHPPPH
881,HPHPPHHHPH
882,HPPHHPPPHH
883,HPHHHHPPPP
884,HHPPPPHPHP
885,PHHPPPPHPP
886,PPHPPPHHHH
887,HPPPPPHHPP
888,PHPPPPPHPP
889,PHHHPPPPHH
890,HPHHHPHPPP
891,HHPPPHHHHH
892,PPHHHPPPPP
893,HPPPHHHPPP
894,HPHHHHPPPH
895,HPPPPHHPHP
896,HPPPPPHPHP
897,PHPHHPPHPP
898,PPPPHPHPPH
899,PPHHHHPHHP
900,PPHPHHHPHP
901,PHHHPHPPHH
902,HPHPHPHPHH
903,HPPPPHHHPP
904,PPHPPHPHHH
905,PPPPPPHPHH
906,HHHHHHPHPH
907,PHPHPHPPPH
908,PHHHHHPHPH
909,PHHHHHPPHH
910,PHHHHPHHPH
911,HPPHHPHPPP
912,PHHHHPHPHH
913,HHPPHPHPPP
914,PHPHHPPPPH
915,PPHHHPHPPP
916,HHHPPHHHHP
917,HHHPHHPPHP
918,PPPHPPHHPH
919,HHHPPHPPPH
920,HHHHPPHHHH
921,PPHHPPPHHH
922,HPHPPHHPPH
923,HHHHHPPPPH
924,PPHHPPHPHH
925,PPPPPHHPPH
926,PPPHHPPPHP
927,HHPHPHHPHP
928,HHPHPHPHPP
929,HHPHPHPPPP
930,PPPHHPPPPH
931,HHHHHPPHPH
932,PHHPHPHHPP
933,HPHPHHHPPH
934,PPHPPHHPHH
935,HHPPHPPPPP
936,HPPHPHHHHP
937,HHPHHPPPPH
938,PPHPPPPPPP
939,PHPHPPHHHH
940,HHPHHHHHHH
941,PPPPPPHPHP
942,HPHHHPPPPP
943,HHHPHPPPHP
944,PPHHPHHPHH
945,PPHHPPHPHP
946,HPPHHPHPPH
947,HHPPHPHPHP
948,PPHHHHPPHP
949,PPHHPHPPHP
950,PPPHHHPPPP
951,HHPHHPPHHP
952,HPPHPPHHHP
953,PHPPHHPHPH
954,HPHPHHPPPH
955,PHPPHPHHHP
956,HHPHHHPPHH
957,HHHPPHHHPP
958,HHPPHHPHPH
959,PPHHPPPPPH
960,HHHHHPHPPH
961,HPHPPHHHHH
962,HPHPHPHPHP
963,PHPHPHPHHH
964,HHHPPHPHHH
965,PPHPHHPPHP
966,HHHPHHHHHP
967,HPHHPPHPHP
968,HPPHPHPPHP
969,PPHHPPHPPP
970,HPHHPPHPPP
971,HPHHHHPHPP
972,HPHPPHPPPP
973,PHHHPPPHPH
974,PPHPPHHHHP
975,HHHPHPPHHP
976,HHHHPHHHPP
977,HPPHPPPPHH
978,HHPHHPHPPP
979,HPHHPHHPPH
980,PPPPPPPPPP
981,PPHPHHHHHP
982,HHHHHPHPHH
983,PHHHHPHPHP
984,HPHHHHPPHH
985,PHHHHHHHHP
986,PPPPHHHHHP
987,PHHPPHPHPP
988,PPPHPPPHPP
989,PHPPHPHPHP
990,HPPHPPHPHP
991,PPHHHHHHPH
992,PPHPHPPPPH
993,PPPPHPHPHH
994,PHPHPHHPPP
995,PHHPPHHPHP
996,HPPPPHPPHH
997,PPHHPPHHHH
998,PPHPHHPHHH
999,HHHHHHPHHP
