id,sequence
0,PHPHPHPHPHPHHPH
1,PPHPPHHPPHHHPPH
2,HPHHHHHHPPHPHHP
3,HHPPPHPPHHPPHPP
4,HHPPHPHPPPPHPHH
5,HHHPPHPPPPHHHHP
6,HHHPHHPPHPHPHHH
7,HHHPHHHHHHPHHPH
8,PHPHPHPHPHHPHHH
9,HHHHHPPHHPHHHPP
10,HPHPPPHHHPPPHHH
11,HPPPHPHPPHPPHPP
12,HHHHHPHHHHHHPPH
13,HPHHHPPPPHPHHPH
14,HHHHHPHPPPPPHPH
15,HHPHPPHHPHHPPPH
16,PPHPHPHHHHHHPPH
17,PPPHPPPHPHHPHPH
18,PHPHPPHPHPPPHHH
19,PPHPPHPPHPHPHHH
20,HPPPPHHPHHPPPPH
21,HHHPPHPHHPPPHPP
22,PHPHHPHPPPPPPPH
23,HPPPHPPHHPPPHPP
24,HPPPHPHHHPPHHPP
25,HPHHPHPPHHPPHPH
26,HPHPPPHHPHHHPPP
27,PPPHPPHPHHHHHPP
28,HHPHHPPPPPPPHHH
29,PHHPHPPPHPPPPPH
30,HHHHPPHPHPPHPPP
31,HHHHHPPHPPPPPHH
32,HHPHPPPHPPHPPPP
33,HHPHHHPHPPHPHHP
34,PPPPPHPHHPHPPPP
35,HHPPHHHPPHPPPPP
36,HPPHPPHHPHHHHHH
37,HHHPHPHHHHPHHPP
38,PHHHHPPHHHPPHHP
39,PHHHHHPHPPPHPPH
40,HPPPHPPHPHPPHPH
41,PPPHHPPPPHPPHHH
42,HPPHPHPHPHPHPHP
43,PPHPPHHHPPHPPHP
44,HPHPHHPPPHPPPPH
45,HPPPPPPPPPHHHPP
46,HPHHPHHPHPPPHPH
47,PPPPPHPHPPHPPHP
48,HHHPHHHHPHHHPHH
49,HHPPHHPHPPPHPHP
50,HPHPPPPHPPPPPPH
51,PPHHHHPHPHPPHPP
52,HPPHHPPPHPHHPHH
53,PPHPHHHHHHHPHHH
54,HHPHPHPHPPHPHHP
55,HHPPHPPPPPPPPPH
56,HHPPHPPHPPHHPHH
57,HPHPHHHHHPPPHPH
58,HPPPHPHHPPPHHHP
59,HPPPHPPHHPPPPHP
60,HHHHHHHPPHHHPPP
61,PPPHHHPHHPPPPPP
62,HPHHPPHHPPHHHHP
63,HHPHHPHHHHPHPHP
64,HPPPHHHPHHHPHHP
65,HPHHHHHHHHPPPPP
66,PHHPHPHPHHHPHPP
67,PPHHPPPHHHHHHPP
68,HHPHHHPHPPHPPHP
69,HHHPPPPHHHHPPPP
70,HHPHPPHPPPHPPPH
71,HHPHHHPHPPHHHPH
72,PPPHPHPPPHHHHHP
73,HPPHPPPHPPPPPHH
74,PPPHPPHHHHHHHPP
75,HHHHHPHHHPHHHHH
76,PPPPHHHHHHHHPPP
77,PHHHPHHHPPPPHHH
78,PPPPPPPPHPPPPPP
79,PPHHPHPHHPPHPHP
80,HPPPHPHPHHPHPPP
81,HPPPHHHHHPHPPPP
82,PHPPPPHHHPHHPHH
83,HPHHPHPHHHHPPHP
84,PPPHPHPHHPHPHPP
85,HHPHPPPHPPHPPHP
86,HPHHPPHHHHHHHHH
87,HPHHHPPHHPPPPPP
88,PHPPPPHHHPHHPHP
89,HPHPPHPPHHHHPPP
90,PPHHPHHHHHPHPPH
91,HHHHHPHPHHHPHPP
92,PPHHHPPHPHPPPHP
93,PHPPPPPHPPPHPHP
94,PPPPPHHPHPPHHHH
95,HHHPHHHPPPHHHPH
96,PPPHHHHPHHPHPHP
97,HHHPPHHPHHHPHHH
98,HHHPHPPHPPPHPPH
99,HPPPPHHPHHPPHPP
100,HPHPHPHHPHPPHHP
101,HPPPHHPPHPPHPHP
102,PPPPPHHPHHPPPHH
103,HPPPPPPPPPPPHPP
104,HPPPPHHPPHPHHPP
105,HHHHHPHHPPPHPHH
106,PHPPPHHPHHHPHPP
107,HPPPPPHPHPHPPHH
108,PPPHPHHHHHPHPPP
109,HHHHHHPHHPHPPPH
110,HHPHPHHPHPPHPPH
111,HHHHHPPHHHHHPPH
112,PHPPPPHHPPPHHPP
113,PHPPPPPPHHHHPHP
114,HHHHPPHHPHPPHPH
115,PPHHHPPPPPPHHPP
116,HPHHHHPHPHHHPHP
117,PPHHPPPPPHHPHHH
118,HPPPHPPPHPPPPPH
119,PHHPHHPHHHPPPPP
120,PPHHHPHPHPPHHHP
121,HPHPPHHHPHPHHHP
122,PPHPHHPHHPHPPHP
123,HHHPPHHPPHHPHPH
124,PHPPPPHPHPHHHHH
125,PHPPHPHHHHHHHPP
126,PHPPHHPPPHPPHPP
127,HHHPPHPPHHHHHHP
128,HPHPHHPPPPPPPHH
129,HHHHHHPPPPHHPPH
130,PPHHHHPPPHPHHHP
131,HHHPPPHPPHHHPPP
132,PPPHHPPPPPPHPPH
133,HHHPPHHPHPHPHHP
134,HHPHHHPHPPPPPHP
135,HPHHHPHPPPHPPPH
136,PHPHHPPPHHPHPHH
137,PPPPPPHHHHPPHHP
138,PPHHPHPHHPPPPPH
139,PPPPPHPPHPHHHPP
140,HHHHHHPPHHHPHPH
141,PHHPPPPHHPHHHPP
142,HHPHPPPPHPHPHPH
143,PHHHPPHHPPPHHHH
144,HHHHHHPHHHHPPPH
145,HHPHPHPPHHHHHPP
146,PHHHHPPHHHHHHHP
147,HPPHHHHPPPPHHHH
148,PHPHHHHPHPHHHPP
149,HPHHHPPHPHHPPPP
150,HHHHPHPPPPHHPPH
151,PPHPHHHHHPHPHPP
152,HHPPHPPHPPPPPPH
153,PPPPHPPHHPHPPPP
154,PPHPHHHPPPPPHHP
155,PHHPHPPHHPHHPPH
156,HPPHHHPPPHHHPPH
157,HPPPPPHPHPPHHPH
158,PHPPHHPPHHHPHPP
159,PHPHHHPHPHHHHPH
160,PPHHHPPHPHPPPHH
161,HHHPPHPPPPHHPHH
162,HHPPPHPHHHHHHHH
163,PPHPPPPPPHPHPPP
164,HHPPPPHHPPHPPPP
165,PHPHPHHPHHHPPHP
166,PPHPPPHPHHHHHPH
167,HHPHHPHHPHHHPPP
168,PPHPPHPPPHHHPPH
169,HPPHHHHPPHHHPHP
170,PHPPHHHHHHHPHPH
171,HHHHHHPHHPHPHPH
172,HHPHHPPHHPHHHPP
173,PHHHPHHPPHHPHPH
174,PHPHPPPHPHPHPPP
175,PHPPPPHHHPPHHHH
176,PHHPPHHHPHPHPPH
177,HPPPHPHPPPPHPPH
178,PHPPPHHPHHHPPPP
179,HPHPPPHHHHHHPHH
180,HPPPHPHHPHHHPHP
181,PPPPHPPHPHHPHPP
182,HPPHHHHPHPPPPPH
183,PPHHPPPHPPPPPPP
184,PHHHHHHHPHPHHHP
185,HHHPHPPPHPPPHHH
186,HPHHPHPPPHHHPPP
187,PPPHPPHPPHPHPPH
188,HHHPPHPPHHHPPPH
189,HPHPPHHPHPPPPPP
190,PHPHHPPHHPPPPPP
191,PPHPHPPPPPPPPPP
192,HHPHPPPPPHHHHHP
193,PPHHPHPPHHHPHPP
194,PHPPHHHPHPHHPPH
195,HPHHPPPHPHHHPHH
196,HPHHPPPPHPPPHHH
197,HPPPPHPPHPPHHPP
198,HHHPPPHHHPHHHPP
199,PPPHPPPHPPPHPHP
200,PPHPPPPHPPHHHHH
201,PPPHHHPPPPHHHHP
202,PPPHHHHPPPPPPPH
203,PHHPPHHPPHHPHPP
204,HPPPHPPPHPPPPHH
205,PHHPPHPPPHHPPHP
206,HPHPHHHHPHPPHHH
207,HHPPPHHHPHHHPPH
208,HHHHHHHPHPHHPPH
209,HHHHPPPHPHPHPHH
210,PPHPHHHHHHPHPPH
211,PHHHPHHPHPPPPPH
212,PPHHHPPHPHPHPHP
213,PPPPHPPPPPHPPPP
214,PPHPHPPHHPPPPPP
215,PPPPHPHHPPPPPPH
216,PHHHPPHPHHHHPHH
217,PHHHPHHHPPHHHPP
218,HPPHPPHPHPHHHHP
219,PHHPPPHPPHPHHPH
220,HPHHPHHHPHPPHHH
221,HHPHHHHHPHHHHHP
222,PHPPHHPHPHHHHHH
223,HHPHPHHHHHPHHPH
224,HHPHPHPPHPPPHPP
225,PPHHPPHHHPHPHHP
226,PPHHHPPPHHHPHPP
227,HHHHHHPHPHHPHHP
228,PPHHPHPPHPPPHHP
229,PPHPPHPPPHHPPHH
230,HPHPPHHPPPPHHPH
231,PHHPHPPPHPHHPHH
232,PHPHHHPHHHPPPPH
233,PPHPPHHPPPPHPPH
234,HHHPHHPHHHHPHPH
235,PHPPHPHPPPHPPHP
236,HPHHPPHHHPHHPPP
237,PHHPPHHPPPPHHHP
238,PHHPHHPHPHHPHHH
239,HHPHPHHPPPHPPPP
240,HPPHPHPHPPHHPPH
241,HHHPHPHPHHHPHHP
242,PHHHPHPHPHHPHHH
243,PHHPPPPPPHHPHPH
244,HHPHHPPHHPPHPPP
245,PPPHPHHHPPPHHHP
246,PHHPPPPPPPHPHPP
247,PHPPPPHPHPHHPPH
248,HHPPHHHPHHPHPPP
249,PPPHPHHHPHPHPPH
250,HHHHHHHHPPPHPHP
251,PHPPPPHPPHPHHPH
252,PHPHHPHHHPPPHPH
253,PPHHHPHHPPPHPPP
254,HPPPPPPHPHHHPHP
255,PPPHPPPPHPPPPHP
256,HPHHHPHHHPPPHHH
257,PPPHHHHPPHPHPHH
258,HHHPPPPHPPPHHHH
259,PHHHHHPPHPPPPHP
260,HPHPHPHPHPPPHHP
261,HPHPPPPPPPPPHHP
262,HPHPPHHHHHPPHPP
263,HHPPPPPPPHHPHHH
264,HHHHPHHHHHHHPPH
265,HHPPHHPPPHPPHPP
266,HHHPPHPHPPPHHHP
267,PPHHPHHPPHHHPHH
268,PPHPHPHPPPHPHPH
269,PHPPHHPPHHHHPPP
270,PPPHPHPHPPPHPPP
271,HPPPHPHPPPPHPPP
272,PHHPPHPHPPPPPHH
273,PHPPHHPPPPHPPHP
274,PPPPHPHHPPHHPPH
275,PPPHHPHPHPPHHPP
276,HPPHHPHPHHPPPHH
277,HHPPHHHPPPHHHPH
278,HHPHHHPHPHHHHPH
279,HPPHPPPHHPPPPHH
280,PHPPPHHPPPPPPPP
281,PPHHHHPHHHHPHPH
282,HHHHPPPPPHPPHHH
283,PPPHPPHHPPHPHHP
284,PPPPHHHHPPPHHHH
285,PPHHPPHPPPPPPPH
286,HPPPPPPHPPHHHPH
287,PHHHHHPPPPHHPHP
288,PPPHPPHHPHPPPPH
289,PPHPPHHPPPHHPPH
290,HPPPPHHHPPPPHHP
291,PHPPHPPHHHPPPHH
292,PHPPPPHHHHPHHPP
293,HPPPPHHPHHPHPPP
294,PHHHHPPPPHHHPHP
295,PPHPHHHHPHHHPPP
296,HPHPPPHPPHHPPHH
297,PHHHHHPHHPPPPHP
298,PPPHHHHPHHHHPHP
299,PHPPHPHHHPPHHPP
300,HPHPPHHHPPPPPHH
301,HPPHHHHHPPHPHHP
302,HPHHHPPHHPHPPHP
303,PHPHHHHPHPPHPPP
304,HHPHPHHHHPHHPHP
305,HPPPHHHPPHPHPPH
306,PHPPHHHPHPPPPPH
307,HPPHPHHPHPPHPHP
308,HPPPPHPPPHPPPPH
309,HHPHPPPHPPHHHPH
310,HPPPHPHHPHHHPPP
311,HHPPHPHHPPPPPHH
312,HHPPPHHHPHHHPHP
313,PHPPPHPHPHPHPHH
314,HPPHHPHHHPHPPPH
315,PHHHPHPHHPHHHPP
316,PPHPPPPPPHPHPHP
317,PPHPHPPHPHPPPPH
318,PHHPHPHHPHPPHHH
319,HHPHHHHHPPHHPHP
320,HPPPPHPPHPHHHHH
321,PHHHPHHPPPHPPHP
322,HPPPPPHPPHHHHPP
323,HHPPPPHPHPPPHPH
324,HHHPHPPPPHPPPPP
325,PHHPPHHHPHHPPPH
326,HHPPPPHPHPPHPPP
327,HPHHHHHHHPPHPPH
328,PHPHPHHPHPHHHHP
329,PPHPHPHHPHPPHPH
330,HHPPPPPPPPHHHHP
331,HPHHPHPHHPHHHHH
332,PHHPPHHPPHPHPHH
333,HHHHHHHHHPHPPHP
334,PPHHPHPPPHPHPPH
335,HPPHPHHHPPHHPHH
336,PPHHPPHPHHHHHHH
337,HHPHPPHPHHPHHPP
338,HPHHPPHPPHPPPHH
339,HPPHPHPHHHPHHHP
340,PPPHPHHHPPPPPHP
341,HHHHHHHPPPHHHPP
342,HHPHPHHPPPPHHPP
343,PHPPPHPHPPHHPHH
344,PHHPPPHPPPHHPPP
345,HHHPPHPHHPPHPHH
346,PPPPHPPHHHPPPPP
347,HPHPHHHPPHPPHPH
348,HPHHPHPPPHPHHPP
349,HPPHHPPPHHHHPPH
350,PPPPHPPHPHHHPPP
351,PHPPPPPPPPHHPPP
352,HHHHPHPHHPHHPPH
353,HHHPPHPPPHHHHPP
354,HHHHPPHHPHHPHPP
355,HHHHHHHPPHPPHPP
356,HPHHPHHPPHPHPPP
357,PPPPPHPHHPPHPPP
358,PHHHPHPHHPHHPPH
359,HPHPPHHHHHPHPHH
360,HHPPHPPPHPPHPHH
361,HPPHPHHHPHPPPPH
362,HHHHPHPPPPPPPPH
363,PPPHPHPHPHHPHPH
364,PHHHPPPPPHHHPHH
365,HHPHPHHPPHHPPPH
366,PHHPPHHPPPPHPHP
367,HHHPPHHHHHHHHPP
368,HPPPHPHHHPPPPHH
369,HPPHPPPPPHPHPHP
370,HHHPHPPPHHHPHHP
371,HPHPHPPHHPHPPHH
372,HHHHHPPPPPPHPHH
373,HPPHPHHPPPPPPPP
374,PHHHHHPPPPPPHHP
375,HPPHPPHPHHHHHHH
376,PHHHPHHHPHPHHPP
377,HPPHPPHPPPPHHHH
378,PHHHHHPPHPPHPHH
379,PHHPHHPPHPPHHPP
380,PHPHHPPHHPHHHPP
381,PPHHPPPHHHHHPHH
382,PPPHHHHPHPHHPHP
383,HPHPHHHPPPPPHPP
384,HPPPPHHHHPPPHHP
385,HHHHPPHPHPHPPHP
386,HPHPPPHHPPHHPHP
387,HPHHPHPHPPPHHHH
388,HPPPHPPHPPPHPPP
389,PPPHHHHPHPHPHPH
390,PHPPPPPPPPHPHPH
391,PHHPPPPPPPHHHPP
392,PPHHPPHHPPHHPPP
393,PHHPPPPPPHPHHHH
394,HPPHHHPPPHHHHHH
395,PHHHHHPPPHPPHPH
396,PPPHPHPPHHPHHPP
397,HHHPPPHHHPHPPHH
398,HHPPPPHHPPHPHPP
399,HHHPHPHPHHPPPPP
400,PPHHPHPHHPHHHPP
401,PHHHPHPPHPHHHHP
402,HHPPPHHHHPPHPHH
403,HPHPHHPHPPPPHHP
404,HPHHPHPPHPPHPHP
405,PPHHPHPPPHPPPHP
406,PHHHHPPHPPHPHHP
407,PPHPPPPHPHHHPPP
408,PHPPPHPPPHHHHHP
409,PPHHHPHHPHPPHHP
410,PPHPHPHPHHHHPHH
411,HHPHHHPHPHHHPHP
412,PPPHPPPHHPHPHPH
413,HHHPHPPHPHHHPHP
414,PPHHHHPPHPHPPPP
415,HHHPHPHPHHPHHPH
416,PHHHPPHPPPPPPHP
417,PPPPHHHPPHHHPPH
418,HHHPPHPHPPHPHPH
419,PPPPHPPPHHPHHPP
420,HPHPHPPPHHPHHHP
421,HPHHHPHPHPPPHHH
422,HPHHHPPPHHPPHHP
423,HHHPPPHPHHHHHHP
424,PPPPHHHHPPHPPPH
425,PHHPHHHHHPHPHPP
426,PPPHHPHHHHHPPPH
427,PPPHHHPPPPHHPHP
428,PPHHPPPPPPPPHPH
429,HPPPHPPHPPPHPHH
430,PHHHHHHHPHPPHHH
431,PHHPHHHPPHHHPPP
432,PPHPHHHPPPPPPHP
433,HHPPHPHHHPHPPPP
434,HPHHHPPHPPHPPHP
435,HHPHPHHPHPPPHPH
436,HPPPPPHPPHPPHHH
437,PHPPHHPHPHHHPHH
438,PHHPPPHHPHPPPPH
439,PPHHPHPPHPPHPHH
440,PHPHHPHPPPHHPHH
441,PHHHHPHHPHPHHHP
442,HPHHHHHPPPPPHHH
443,HPPHPPHHPHPHPPH
444,PPHHHHPPPPPPHHP
445,HHPHPPHHPHHHPHP
446,HPHHHPHHPHHHPHP
447,PHPHHHHPHPPPPPP
448,PHPPPPHHPHPPHHP
449,HHHHHHPHHHHHPPP
450,PHHPHPHHHHPPHHH
451,PPPHHHHHPHHPHHP
452,PHPPHPPPPPPPPPP
453,PPHHPHPPPHPHHPP
454,HHHHPPHHHHHPPPH
455,PPHPPPHHPHHPPPH
456,HPHHHPHPHHHHPHH
457,HPHPPPPHPPHHPHH
458,PPPHPPPHPPHPHHH
459,HPPPHHPHHHHPPPP
460,PPPPHPHPHHPHHPH
461,PHHHHPPPPPHHHPH
462,HPPHHPHPHHPPHPH
463,PPHPPPPPPHPPHPH
464,PHPPPPHHPPPHHHH
465,HPHHPHPHPHPPHHH
466,PPHPPPPHPPPPHPP
467,HHHHPHHHPHPPHPH
468,HPHHPPHPPPHHPPP
469,HHPHPHHPHHPHPHH
470,PHHHPPHPHHPPPHH
471,PPPHHHPPHPHHHHP
472,HHPPHHPHPPPPHPH
473,PPHHHHPHHPHPPHH
474,PPHPHHHHHHHHHPH
475,PPPHHPHHHPHPPPH
476,PHHHPPHPPHHHHHH
477,HHPPHPHPHHPHHHP
478,PPPPPHPPPHHPHPP
479,PPHPPHPPHPHPHPH
480,HHPHPHHHPHPPPHP
481,PPHPHPPPHHPPHPP
482,HPHHPPPPPHHPPHH
483,HHHPPHHHPPHHPPH
484,PPHPPPPHHPPHPPH
485,HPPPHHHPPPPHHHP
486,HHHPPHPHPHPHHHP
487,PHHPPPPHHHPHHPP
488,PHPHHHHHPHPHHPP
489,HHHPPPPPHHHHHHP
490,PHHHPHPHPPPPHPP
491,HPPPPPHHHHPHPPH
492,PHPHPPHHHPHHHHH
493,PPHPPHPHHHHPHHH
494,HPHHHHPHPPHPPHP
495,PHHHPPPHHHPPPPH
496,PHHHPPHHHPPPHPP
497,PPHPPPPHPPPPPHP
498,PPPHHPHPPHPPPHP
499,HPHPPHPPPPPPHPH
500,HHPHHHPPHPPPHHP
501,HHHHHHHHHPPPHHH
502,PHPPHHPHPHHHHPP
503,PHPHPHHHHPHPPHP
504,HHPPHPHHHPHPHHH
505,HPHPPPPPHPHHHHH
506,HPPPHPHPHHPHPPH
507,HPPPHPPHHPPPHPH
508,HHPPHHHPHHHHHHP
509,HHPHPPHPHPHHHHP
510,PPPPPPPPHPHPPHH
511,HHHHHPHPHHHHHHH
512,HPHHPPPHPHHHHHP
513,PPHPPPHPHPHHPHH
514,HPHHHPPPHPPHPHH
515,PHPPPHPHHPHHPHH
516,HHHPPPPHPPPPPHP
517,HHHPPHHHPHPHHPP
518,HPPPPHPHPPHHPHP
519,HPHPHHPHPHPHHHP
520,HPPPPPHPPHHHPHH
521,HPPPHPPPPPPPHPH
522,PHHPPPHPPHPHPPH
523,PPHPPHPHHPPPPPP
524,PHHHHPHPPPPHPHP
525,HHHHPPHPPHHHPHP
526,HHPHPPHPPPPHPPP
527,PHHPHHHHPPPPHHH
528,PPHHHHHHPHPPHPH
529,HHHPPHPHPHHPPHP
530,PHPHHPPHPHPHPHP
531,HPPPPHPPPPPPPHP
532,HHHHHHHPPPPHPPP
533,HPPPPHHHPHPPPPH
534,PPHHPHHHPHHHHPH
535,HHPPPHHHPHHPPPP
536,PPPPHHHPPHPPHHH
537,PPPHPHPHPPHHHPP
538,PHHPPPHHHPHHHPH
539,HPPPHPHHPPHHHPP
540,HHPHHHHPHHHHPHH
541,HPHHPPHPHPHHHHP
542,HPHPHPPPPPHHPHP
543,PPHHPPHHPHHHHPH
544,PHPPPHHPPPHHPPP
545,PHHHPPHHPPHHPPH
546,HPPHHPPPPHPHHHP
547,PHPHHPHPHPHPHHP
548,HHHPPHHPHPPPPHP
549,HHPHPHPPPPHHHHH
550,HPHPPPPHHHHHPHP
551,PPHHPPHHPHHHPPP
552,HPHHPPPPHPHHHPH
553,PHPPPPPHPHPPHPP
554,PHPPHPPPPPHHPPP
555,HHPHHHPHHPPHPHH
556,HHPPPPPPHHPPPHP
557,HHHHPPHHPHPHHPH
558,PPHPPHHPPHPPHHH
559,PPHHPHHHPPHPPHH
560,PPPPHPHHHPPHPPH
561,HHPPHPPPPPHHPPH
562,HPHPHPHPPPPPHHH
563,HPPHPHHHHPHHHPH
564,HPPHHHPPHPHHHHP
565,HHHPHPPHPHPPPPP
566,PPHPPPHHPHPPHHP
567,PPPPHPPHHPPHPHH
568,HHHPHPHPHPHHPHH
569,HHHHHPPHHPHHHPH
570,PHHHHHHHPHPPHPP
571,HPHPPPPHPHHPHPP
572,PHPHHHHHHHHPHPH
573,PPPPPPHPPHHHHHP
574,HPPHHHPPHHPHHHH
575,HHHPHHHPPHPHPPH
576,HPPPHPHHHHHPHHP
577,PHHPPHHHHHPHPHH
578,HPPPHPPHPPPHHPP
579,PPHPHPPPPPHPPHP
580,HHHHHPHHPHHHPHP
581,HHPHPHPPHPHPHPH
582,PPHHPHHPPHHHHHP
583,PPHPPPPPPPHPHHH
584,PPPHHPHHPHHHPHP
585,PPHHHHHPHPPPPPP
586,HPHHHPHPHPHHHHP
587,PHPHPHPHPHPPPPP
588,PHPHPPHHHPPHPPP
589,HHHHHPHPHPHPPPP
590,PPPPPHHHHHPHPHP
591,PPPHHHHHPPPPHHH
592,PPHPHHPPHPPHPPH
593,HPHHHHHHPPPHHHP
594,HPPPPHHPHPHPPHP
595,PPPPHHHHPPPPPHH
596,HPPPHPHHHHHHPPP
597,PPHHHHHPHHPHPHP
598,HHPHHPPHPHHPHHH
599,HPHHHHPPHHHHPHH
600,HHPHPHPPHPHHPPH
601,PPPPHHPPPHPHPPP
602,PHPPPHHHPHPPHHP
603,PPHPPPHHPPHHPHP
604,HHHPPHPHHHHPPPP
605,HPHPPPHPHHPHPHP
606,HPHPPHHHHPPPHHH
607,HPHHHHPPHHPPHHH
608,PHHHPPPPPPHHPHH
609,PPHPPHPHHHPPHHP
610,HPHHHPHHPHHPPPH
611,PPPPHHPPPPHPPPH
612,PHPPPHHPPPHHHHP
613,PHHPPPPHHHPHPHP
614,HHHPHHHPPPPHHPP
615,HHPPPHHPPHHPHPH
616,PPPHHPHHPHHHHPP
617,PPHPPHHHHPHHHPH
618,HHPPPHHPHHPHPHP
619,PPPPHHHHHPPPPPH
620,PHPHPHPPHHHPHPH
621,HPHHHPPPHPHPPPP
622,PHPHHPPPHPHHPPH
623,HPPPHHHHHPHPPHH
624,PHPHPHPHPPHPHPP
625,PHHPHPPHPHPHHPP
626,PPHPHHPPHPHHPPH
627,HPPPPHHHHHHPHPH
628,HPHPHPPHHPHPPPP
629,PPHHHPHPPPHPPHP
630,HPHHPPHHPHPPPPH
631,HHHHPPPPPPPHPPH
632,HHPPPHPPHHHHHPH
633,HHHHPHHHPHPHHHH
634,HHPHPHHPHHHHHHP
635,HHPPHHPPPHPPPPH
636,HPHHPHPHHPPHPPH
637,HPPHHHHHPHHHHPH
638,PHPHHHPHHPHHPPH
639,HHHHPHHPPHHPPHP
640,HHHPPHPHHHPHHPP
641,HHHHPHPHPHPPPPH
642,HPPPHHPPPHPPPHH
643,HHPPHHPPHHHPHHH
644,PPPPHPHHPPHPHPP
645,HHPHPPPPPHPPPHP
646,HHPHHPPHPPHHHHH
647,HHPPPPPPPPHPPPP
648,HPPHHHPPPHPPHHP
649,PHPPHPPPHHPPHPH
650,HHPPPPHHHHHPPHH
651,HPPPPHPHPHPHHHH
652,HPPPPHPPHHPHHPP
653,PPPPPPPHHHHHHHH
654,HPPHHPPHHHPHHPP
655,PHHHPPHHHHPHHPP
656,HPHPPHHHPPPHHPH
657,PPPPPHPHPPPHPHH
658,PPPPPHPPHHHHHPH
659,HPHHPPHPPHHHHHH
660,PHHHHHPHHPPHHPP
661,PPHHPPHHPHPPHPH
662,PHHPHPHPHPPPPHP
663,PHHPHHHPPHPHHHH
664,HHHPHPPPHPHHPPP
665,HPPHPPPHPHPHHHH
666,HHPPPPHHHHPHPHH
667,PPPPPHPHPPPPHHP
668,HHPHPPPPHPHHPHP
669,HHHPPPHPPHPPPHH
670,PPHHPPPHPHHPHHH
671,PPPPHHPPHPHPHHP
672,HPPHPPPHPPPPHHH
673,PHHHHPPHHPPHHPP
674,PPPPHHPHHHHHPPH
675,PHHHPPHPHHHPPPH
676,PHHPPHHPHHHPHHH
677,HHHHHHPHPPHPHHH
678,HHPHHHPPPPPPPPH
679,PPPPPPHPHHPHHHP
680,PPHPPPPPPHHPHHH
681,HPPHPHHHHPHPHHH
682,PHPHHPPHPHPPPPH
683,HPHHPHPPHHPPHHH
684,PPHPHHPPHPHPHPH
685,HHPHPHHHHHHHPPP
686,PHPPHPPHHPPHPPH
687,HPHPHHPHPPHPPHH
688,PHHPHPHPPHHHPHH
689,PHPPPHHHHPPHPPP
690,PHHHHPHPHHHHPPP
691,HPPPPPPPPHHHPHP
692,HHPHPHPPPPPPHPP
693,PHPPPHHPHPHPHPH
694,HPPPPPHPPPHHPHP
695,HHHHPPHHPPHPPHP
696,HHPHHPHPPPPHPHH
697,PHHPPHPPHPHHHHH
698,HPPPHHPPHPHHPPH
699,HHHHHHHHPPHPHPP
700,PPHPHHPPPPHHPHP
701,PHHPPHPPPHPHPHH
702,HPHHPPPHHHHHHHH
703,HHPHHPPPPPHPPHP
704,HHHPPPPPPHPPHHP
705,PPHPPPHPPPPPPHP
706,HHPHPPPPPPHPHHH
707,HHHHHHHHPHPPHPH
708,HPPPPPHHHPPPHHH
709,HPPHPPPPPPPPHPH
710,PPPPPPHHHHHPHHP
711,HPHPHPHPPHPPHPP
712,PHHHPHHHHHHHPPP
713,PPHPPPHPPPHPPHP
714,PPPHPPPPHPHPPPP
715,HHPPPPHPHPHPHPH
716,HPHHHHPHPHPHHPP
717,HHHPHPHHPHHHPPP
718,PPPPHPHHPPPHHHP
719,HPPPPHPHHPHHPPP
720,HPHHHHHHPPHHHHP
721,PHHHHHPPPPPPPPP
722,PPPHHHPPHPPHPHP
723,PPHPPHHPPHHPHHH
724,HHPPHHPHPPHPHHH
725,HHPHPPHPHPHPPHP
726,HPHPPPHPHHHHHHH
727,HHPPPPHPHPPPHPP
728,HHHPPHPPHHPPHHP
729,HPHPHPPPHPPPHHP
730,HPPPPPHPPPPHPPH
731,HPPPHPPPPPPPHHH
732,HHPHPPHHHHPPPPH
733,HHHHPHPPHHPPHPH
734,PPPHHHHPHHHHHPP
735,HHHHHHPPPHPHPHP
736,HPHPHHPPPHHHHPH
737,PHPHPHPPHHHHHPP
738,PHHPHHHHHHHHHHH
739,HHPHPPHPPPHHPHP
740,HPPPHPHHHPHPHPH
741,PHHHHPHPPHHHHHP
742,PPHHPPPPPHHPPPP
743,HPHPPHHPPHHHHHH
744,HPHPPPHHHHHPHPH
745,HPPHPPPHPHHPHPH
746,HHHHPHHPPHPPPPP
747,PPHHHPHPPHPPHHP
748,PHPPHHHPPPHPPPH
749,PHPHHPPPHHPPHHP
750,PHPPHHHPPPHHHPH
751,PPHPHHPHPHHPHHP
752,PHPPPHPPHHPHPHP
753,PPPHPHPPPHHPPHP
754,PPPPHPPPHHHHHPP
755,HHPPPHPHHHHPHPP
756,PHHHHHPPHHHHHPP
757,PPPHPHHPHPHPHPP
758,PHHHPHHHPHPPHPH
759,PHPPHPPPPHPPPHP
760,PPHPHHHHHPPPHHH
761,HPHPPHPPPPHHHPH
762,PHHPPHHHHPPPPPP
763,HHHHPHPHPHHHHHP
764,PHPPHPHPHHHPHHH
765,PHHHPHHHHPPPPHH
766,HHHHPHHHHPPHPHP
767,HPPHHHPHHHHPHHH
768,HHPPPPPPPHHHPPP
769,PPPPHPPHPPHPPHH
770,PHPHHPHHPHPPPHH
771,PHHHHPHPHHPHHPP
772,PHPPPHPHPHHHHHH
773,HPPHHPHPPHHPHPH
774,HHHHPPPPPPHHHPH
775,HPPHHHHHHPHHHPP
776,HPHPHHHPPPPHHPH
777,PHHPHHHHHPHPPHP
778,HPPHPHPHPHHPPHH
779,PHHHHHHHPHPPHHP
780,PHPHHPHPPHHHHPH
781,PHHPPHPPHPPPPPH
782,PPHHHPPPHHPHHPP
783,PPHHPHPHHPHPPHH
784,HPHPHPPPHPHPPHP
785,PHPPHPPHHHHPHPP
786,HPHPPHPPHPPHHHP
787,PHPPHHPPHPHHHPH
788,HHPPPHPPHHHPPHH
789,PPHPHHHHHPPPHHP
790,HHHPPHHPPHHHHHP
791,HPHHHHHPHPPHHHP
792,PHHHPPHPPPPHHPH
793,HHPHPHPHPHHPHHH
794,PPPPHPPHHPHHHPP
795,HPPPHHPHHHPPPPH
796,HPHPHHPHHHPPPHH
797,PHHHPHHHPHPPHHH
798,HPHPPPHHHPHPPHP
799,HPHHPHPHHPPHHHH
800,HPPPHHPHPPHPPPP
801,HHHHHHPHPPPHHPH
802,PHPPHPHHHPHPHPP
803,HHPPHPPHPHHPHHH
804,PPPPHPPHPHHPHPH
805,HHPHPPHPHHHHPHH
806,PPHPHHPPHPPPHHP
807,HPPPHPHHHHPHPHP
808,HHHPHHPHPHHPHPH
809,PPHHPHHPPPPPPPP
810,PHHHPHPPPHHHPPP
811,PPPHPHPHHHPHHPH
812,HPHPHHHPHHHPPHH
813,PPHPHHPPHHPPPHP
814,HHPPHHHPHPHHHHH
815,PPHHHPHPHPPHPHH
816,HPHHPHPHHPHHHPP
817,HHPHHHHPPHPHHPH
818,HHPHPHHPHHHPPHP
819,PPHPPHHPPPHHPHH
820,HPHHPPPHHHPHPPH
821,PHPHPPPHHHPPPHP
822,PPPHHHPHPHPPPHP
823,PHHPHHHPHHHPHPH
824,HHHPPPHPPPHHPHH
825,PPHHPPHPHPHHPHH
826,HPHHPHPPHPHPPPH
827,HHPPHPPPHPHHHHH
828,PHHPPPPHHPPHPHH
829,HPPHHHPHHPHHPHH
830,PPHHHPHHHHHPPPH
831,PHPHHPHHHPHPHPP
832,HHHPHHHPHPHHHPH
833,PHHPPPPPPPPHHPH
834,HHHPPPHHHPHHHHH
835,HPPHHHPPHHPPPPH
836,PHPHPPPPHPHHPHP
837,HHPHHHHPPPHPPHH
838,HPHHHPPHHHPPHPH
839,HPPPPPHPPHHPHPH
840,HPHHPHHHPHHPHHH
841,PPPPPPHPHHHPHPP
842,HPPHPHHPHPHHHHP
843,PPHPPPHPPHHPPHP
844,HHHHPPPHHPHHHPH
845,HHPHHHPHPPPPHHH
846,HHHHPPHHPHPPHHP
847,HPHPHHHHHPHPHHH
848,PPPHPHPHPPPPHHH
849,PHHPPHHHHHPHPHP
850,HHHPHPPHHHHHPHH
851,PPPPHPPHPHHPPHH
852,PHPHPHPHPPPPPPP
853,HHPHPHPHHPPPPPP
854,PHPHHPHPPHHPHHP
855,PPHHPPPPPPPHPHP
856,PPPHHHHPHPPHPPH
857,PPHHPHHHHHHPPHP
858,HHPPPPHHPHHHPPH
859,PHHPHHHHHHPHPPH
860,PPPHPPPHHHPHHPH
861,HPPPPHPPHHPPPPP
862,HPPPHPHPPPHPPPH
863,PPHHHHPPPHHPPHH
864,HHHHHPHHHPHPPPP
865,HPPPHPHPHPPHPPP
866,HHPPPHHHPPPHHHP
867,PHPHHPPHHHHPPHP
868,HHPHPPHHPPPHHHH
869,PHPPPPPPHHPPHPP
870,PHHHPPPPPPPPPPP
871,HPHPPHPHHHPHPPH
872,PHPPHPPPHPPPHPP
873,PHHPHHPHHHHPHHP
874,HHHPPPHHPPHHHHH
875,HHHPHHPHHHPHPPH
876,PPHHHHHPHHPPPHP
877,HHHHHPHHPHHPHPP
878,PPPHHHHPPPHHPPP
879,PHPPPPPPPPPHPHP
880,HPHPPHHPHHPHHPH
881,PPPHPHHHPHHHHPP
882,PHPPHPPPHPPHPPH
883,HHPPHHPPHHPHPHH
884,PPPHPPHHHHPHPPH
885,HPPPPPPHHPHHHPP
886,PHHHPHPPPPPPHPH
887,PHHHHHHHHPPPPHH
888,PHHHHHPHPPHPPPH
889,HHPHPHHHHPPPPHH
890,PHHHPPPHPPPHPPH
891,HHHHHHHPPHHHHHP
892,HHHHPHHHPPHHPPP
893,PPHHPHPHPPHPPHH
894,PHPPPHHPPHPHHHP
895,PPHHHPHPHHHPPHP
896,HHPHHPPHHPPPHHP
897,PHPHHPPHPPHHHHH
898,HPPHHPHPPHPHPHP
899,HPPHPPPPPHHHPHH
900,HPPHPHHHHHPHPPP
901,PPHHHHPPPHPPPHP
902,HHHHPHHHPHPHPHP
903,PPPPPPHHHPPPHPP
904,HHPHHHHHHPPPHPH
905,PPPHHHHHPPHPPHP
906,HHHPPHHHHHPPHHP
907,PPPHPHHHPPHPPPH
908,HPHHPPPHPPHPHPH
909,PHPHPPPPPPHPHHP
910,PHPPHPPPHHPHPPH
911,HHHPPPHPHPHPHHP
912,HHHHHPPHHPHHPHP
913,HHHHHHHHHPHHHHH
914,PHPHHHPPPPHHHPH
915,PHHPHPPPPHHHHPP
916,HPHPHPHHPPPPHPP
917,HHHPHPHPHHPHPHH
918,HHHHPPPPPHPPHHP
919,PPPHHPHPPHPPHPH
920,HHHHHHHHHPHPHHH
921,HHPPHHHHHPHHHPH
922,PPPPHPHPPPHPHHP
923,HHHPPPHHHHPHHPP
924,PHHHHHPPPHHHHPP
925,PPPHPPHHPHHHHPP
926,HHHPHPPPPHPHHHH
927,HPPHPPPHHPPHHHP
928,HHHPPHHPHPPHPHP
929,PHHHPPHPHHHPPPP
930,PHPPPHHHPHHPHPH
931,HPHPHPHPPHPPHHH
932,PPPPHHPPPPHHPHP
933,HHHHPHPHHHPHPPH
934,PHPHPPPPPHHHPHH
935,HPPHHHPHPHHHHPH
936,PHPHPPPPHHPHPPH
937,PPPHPPHHHPPHHHH
938,PHPPPPHHPHPHHHH
939,HPPPPPHHHHPPPPH
940,PPHHHPPHPHHHHHH
941,PHPPHPPHHPHHPPP
942,HHHHPPPHPPHPPHP
943,HPHPPHPHPPHHHPP
944,HHPHPHHHHPHHHPH
945,HPHPHHPHPPPHHHP
946,HPHPHHPPHPPPPPP
947,HPHHPHHPHPPPPHP
948,PPHPPPHHHPPHHPH
949,HPPPHPHPPPHHHPH
950,PHHPHPPPHHPPPPP
951,HHHPHHHHHPPPHHH
952,PPHPPPPPPHPPPHH
953,HPHPPPPPPHHPHPP
954,HPHPPPPHPHHPPPP
955,PPHHHHPHPPPPPHH
956,PPHHHPPPPPPPPPH
957,HPPHHPHPPPHHPPP
958,PHHPHPHHHPHHPPP
959,HPPHHHHHPHHPPPP
960,HHHPHPHPPHHHHHP
961,PPHHHHHHHPPPPPP
962,PHPPPPHPHPPHPHP
963,HPPHHPHHPPPHHHH
964,HPPPPHHHHPPPPPP
965,PPHPHHPPPPHHHHP
966,HHHPHPPHHHPPHHP
967,HHHPPHPHPPPPPHH
968,HPPHPPPHPHHPHHP
969,PPHHHHPPHHHPHPP
970,PPHHHHPHPPHHHPH
971,HPPPPHPPPPHPPPP
972,HHHPHPPHHPHHHPH
973,HPHHHHHHHHPPHPH
974,PPPPHHHPHPPPHPH
975,PPPPPHPPHHPPPHH
976,HHHPPPPHPHPPHHH
977,HPPHPPHPHPHHHPH
978,PPPPHHPPHPPHHPH
979,PHHPHHHHHHHPHPH
980,HPPPHPHHHHHPPPH
981,HPPPHPPPHPPHHHP
982,PPPPHPHPHPHPHPH
983,PPHPHPPPPPPHPHP
984,PPHPHPPHHPPPPHP
985,PPPHPPPPHPPHPHP
986,HPPPPPPPPPPPPPH
987,PHPPPHPPPPHHPPH
988,PHHPPPHHPHPHHPH
989,PPPPPHHHPPHPPPH
990,HPHPHHHPHPHHHPP
991,PHHPHHPPHPHHPHH
992,PHHHHHPPHPPHHHP
993,HPPPHHPPHHPPHPP
994,PPPPPPPHPPHPPHH
995,HPHPPPHPHHPPHPP
996,HPPPHHHHPHHPPHH
997,HPPPPHHHHPPHHPH
998,HHHPPHHPHHHHPHP
999,PHHHPPHPHPHPPPP
