id,sequence
0,HHPHPHPHPHPPHPHPHPHH
1,PPHHHPHHPHPHPPPHHPPH
2,PHPPPHPHPHHPPPPHPPPP
3,HPPHHHHPHHHHPPPHPHPH
4,HHPPHPPPHHHPHPPPHPPH
5,HPPHPHHHHHHHPHPHPHHH
6,HHHPPHHPHPPPHHHHPPPP
7,PPPPHPPPHHPHHPHHHPHP
8,HHHHPPHPHHHHPPHHHPHH
9,PPHPHHHHHPHPHHPPPHHP
10,PHPPHPHPPHHHHHPHPHHH
11,PHHHHPPHHHHPHPHPHPPH
12,PHPHPPHPHHPHPPHHPPPH
13,PHPPHPPHHPHPPPPHHHHH
14,HHPPPPPHHPHHHPPHHHHP
15,HPPHHPPPHPPPPPPHPPHH
16,HPPPPPHHHPPHPHPHHPHH
17,PPHPPPHPPHHPHPPPPHHH
18,PHHPPPPPHHHHHHHPHHPH
19,HPPHPPHPHPHPPPPPPPPP
20,PHHHPHHHPPPPHPPHPHPP
21,HHPHHHHHHPHPHPHPHPPH
22,HPHHHPPHHPHPHHHPPHPH
23,HPPHHPPHHPHPHPHHHHPH
24,HPHHHHHPPHHPHHHPHHPP
25,HPHHHPPPPHHPHPHHPPPH
26,PPHPHHPHHPHPPHPPHPPP
27,HHPPHHHPHPHPHPPPHPHH
28,HHPPHPHHHHPHPPHPHPHP
29,HHHPPPPHPHPHPHPHPPPH
30,HHPHPPHPPHHHHHHPHHPP
31,HPHHPPHHHHHHPPPPPHHP
32,HPPHPHPPPPHPHPPHPHHP
33,HPHPHHHPHHPHHHPHPHPH
34,PPPHHPPPPHPPPPHHHHHP
35,HPHHPPPPHHHHHHPHHPPH
36,HHHHPPHHPHPPPPPPHHHP
37,HHHHHHPHHPPPHHHPHHPP
38,PHHPPPHHPHPPHPHPPPPH
39,HPPPPPHHHHHPHPHPHPPH
40,PPPHHPPPPHPPPPPPHHHH
41,PHHPHHPPPPHPPHPPHPHH
42,PPPPHPPPHPHPHHHHHHPP
43,PHPPHHPHHPHPHPHPPHHH
44,HPPPHHHPHHPHHPPHHHHH
45,HHPPPHPPPPHHPPHHPPPH
46,HPHHHHPHPPHPPPPHPPHH
47,HPPPHPHPHPPHHHHPPHHH
48,PPPPHHHHPHPHHHPPPHHP
49,PPPPHPHHPHHPPPHPHHHH
50,HPPHPPPHHHHPHHPPPPHP
51,PHHHHHPPHHHHPPHHHHHH
52,HHPPPPPPHHHHHHHPPHHH
53,PHHHPHPPPHHHHPHPHHHP
54,HPHHHHPPHPHHPPHPHPPP
55,PPPHHHPPHPHHHHHHPPPP
56,HHHPPPHHHPPHHPPHPHHH
57,HHPPPHPPHHHPPHPPPHPH
58,PPHHPHPPPPHPHPPHPHPH
59,PHPHPHHHHPPHPPPHPHPP
60,PPHPPHPPPPHHPHPHHPPH
61,PPPHPPPHPHHPPHHPHHPP
62,PPPPPPPPHPPHPPPHPHHH
63,PHHHPPPHHHPHHHPPPHHP
64,HPPHPPHPHPHHPHHPHHHP
65,PPPPHPHPHHHPHHHHHPPH
66,PPPPHPHHPPPPHPPPHHPH
67,HPPHPPPHHPPPHPPPHPPP
68,PPHPHPPPHPHHHPHHPPPP
69,HPPHPPPHPPPPHHPHPPPP
70,PHHPPHHPHHPPHPHPHHHH
71,PHPPHHHPHPHHHPPHHHPP
72,PHHPHHHPHPHHPHPHPPPP
73,PPPPHPPHHPHPHPPHHHPP
74,PHPPPPPPPPPPHPHPHPPP
75,PHPPPPHPPHPHPHPPPPHP
76,HHHPPHHPHHHHPHHHHHHP
77,PPHHPHHPPHPPPHPPPHHP
78,PHPHPPPPHPPHPHPHHHHH
79,PPPPHHPHHPHHPHPHPHHP
80,HHHHHHPHPHPPHPPPPPHH
81,PPPPHHHPPHHHPPHHHPHP
82,HPPPHHHHPHPPPHPHHHHP
83,PHHHPHPHPPHHHHPPPHHH
84,HPHPPHPHPHHHPHPPPPHH
85,PHHHHHHHPHPPHHPHHPPH
86,PHPHPHPHPHPPHPPPHPHP
87,HHPHPPHHHHHPPHPPPHPH
88,PHPHPHPPPHHPHPPPPPHP
89,PPPPPPPPHPPPHPHPHPHH
90,PPPPPHHPHPPPHHPHPHPP
91,HPHPHHPPHHPHHPHPHHHP
92,HHPPPHHHPHHHPPHPPPHP
93,HHHHPHPPHHPPHHHPHHHH
94,PHHHPHHPHHPHHPPPPPPH
95,HHHHHPPHPHHPHPPPHHHP
96,HPHHHHPHHHPPPHPHHPHH
97,HPPHHPPHHHHPHPHHHHPH
98,PHHPHPPPPHHPHHPPPPHP
99,HHHPHPPHHHHHPHPPHHPP
100,PHHHPPPPPHHHHPHHPHPP
101,HPPHPPPPHPHPHHHHPPPP
102,HPPPHHPHHHPPPPHHHPPP
103,HHHPPHHPHHPHHHHPHHPH
104,HHPHHHHPPPHHHPPHPPPH
105,PHHPHHPPPHPHPHHHPHHP
106,HPPPPHPHHHHPHHHHPPHP
107,HPPHPPPHPHHPHHPPHHHP
108,PPPPPPHHHHHHPHPPHHPP
109,HHPPPHPHHPHHPPPHHPPP
110,HPPPPHHHPHPPHHHHPPPH
111,PHHHHPPHPPPHHPPPHPHP
112,HHPHPPHPPPHPHHPPPPPH
113,HHPHHPHPHPHPPHHPPPHP
114,PPPPHHPPHHPHPHPPHHHH
115,PHHHPPHHPHHPHPPPHHPP
116,PPPHPHPPPPHHHHHHPPHP
117,PHHPHHPHPPHHPPPHHPHP
118,PHHPPHPHPPHPPHPHHHPH
119,HHPPPPHHPHPHPPPPPHHH
120,PPHHHHHHPHPPHPPPHPHP
121,HHHPHPHPHHHHPHHHHHPH
122,PHPPHPHHHPPPHPPPPHPP
123,HPHHPPHHHPHPPHPPPHHP
124,HPPPHPHHPHHPPPPPHPPH
125,PPPPHPHPHPHPHHHHPHPH
126,PHPHHHPHPHPPHHHHHHPP
127,PHPPPPPPHHPPHHHPHHHH
128,HHHPHHHHPHHPPHHHHHHP
129,PHHHPPPPHPHPHHPHHPHP
130,PHHPHHHHPPPPPPHPHPPP
131,HPHHPPPPHPPPHHPPPHHH
132,PPHHPHHPPHPPPHPPPPHP
133,PHPPHHHPPHPHPHPHHPHH
134,HPPPHPHHPHPHPHHPHPPH
135,HPHHPHHPPPHHHHHPHPHP
136,PHPPHHPPHPPHPHPHPHPP
137,PPPPHPHHHHPPPHPHHHHP
138,PPHPHPHPPHHHPPPPPPPP
139,HPPPPPHHPPHPPPHPHHHH
140,HHPHHPHHHPPPPHPHHHPH
141,HHPPPHHPPHHHPPHPPHPP
142,HPPHHHHHHHPPHHHHPHPP
143,PPPPPPHPPHHPPPPHHHPP
144,HHPHPHHPPHPPHHPHPPPP
145,PPHHHHHPHPPHHHHPHPPP
146,PHPHHHHPPHHPPHPHHHPP
147,HHHHPHPHPHPHHHHHPPPP
148,HHPPHPHHPHHPHHPPPHPH
149,PHHHHHPPHPPHHHHHPPPP
150,HPHHPHHHPHPPPPHPPHPP
151,PHPPPPHPHHHHPPHPHHHP
152,PHPHPHPPHPHHHPPPPHPP
153,PPPHHHPPHPHPPHPPHHPP
154,HHHPPHPHHPPHHPPHPPPP
155,HHHPHPHHHHHPHPPHHHPP
156,PHHHPHPHHPHHHHHPPPPH
157,HPPHHHHHPPHHPPPHPHPP
158,HPPHHPHHHHPHHHPHPHHH
159,PPPHPHHPHHHHHPHPHPPP
160,HHPPPHHHPPPPPHPHPPHH
161,HPPHHPPPPHPHHPHHPPHP
162,HPPPHPHHHHPPHPHHHHPH
163,HPHHHPHHHPHHHHHPHHPH
164,HHHHHHHPPHHHHPHPHPPP
165,PHPHHPPPPHHPHPHHPPHP
166,HPPPHHHHPHHPHHHPPHHH
167,HHHPPPHHPPPPHPPPPPHH
168,PPHPHPHPPHHHPHHHHHHH
169,HPHHPHHPHPPHHPPHHPHH
170,PHHPHPPPPHPHPPPHHPHH
171,PPHHPPHHPPPHPPPPHPPP
172,PHPPHPPPHPPPPHHPHPPP
173,HHHPHPPPHPPHHHPHHPPH
174,PPPHPHPHHHHPPPPPHPPH
175,PPHHHPPHHHHPPPPHPHPH
176,HHHHPHHHHHPHHHPHPPHH
177,HPHHPPHPHPHPHHHPPHHH
178,PHHPHPHHHPHPHHPHHHPH
179,PHPPHHPHHPHPHHPPHHHP
180,HHHPHPHHHHPPPHPHPHPP
181,HPHHHHPPHPPPHPPHHHHP
182,HPPHHHHPPHPPPHHPPHPH
183,HPHPPHPHHHHHPHHHHPPH
184,PHHPHHHHPHHHPPHPHHHH
185,HPHHHPPHHPHHHPPPPPPP
186,PPHPHPPHHPPPPPHHPHHH
187,PHPHHHPHHHPPPPHPHPHP
188,PPPPPHPHHPPPPHHHHHPH
189,HHPHHHHHPPPHHPPHHHHP
190,PHPPHHPPHHHHHPPPHHPH
191,PHHHPPPHHPHPPHPPPHPH
192,HPHHPPPPPPPHPPHHHHPH
193,HPPPPPPHHHHPHHHHPPHH
194,PHHPPPHPHPHPPHHPHHHP
195,PPHPPHHHHPPPPPPHHHHP
196,HHHPPPHPPPHHPHHHHHPH
197,PHPPHHHHHPPHPPHPHHPH
198,PHHHPHPHPHHHHPPHHHPP
199,PPHPPPHHPPHPPPPPHHHP
200,PPPPPHHHHHPPHHPHPHPP
201,PHPPPHHHHHHPPPHPPPPP
202,PPPPHHPHHPHHHHPPPHHH
203,PPHPPHPHPPHPPHPHHHHH
204,HHHPHHHHPHHPHHPPHHPP
205,HPPPPHPPHHHHHHPHPPHP
206,PPPPHHHHPHHPPPPPHPPP
207,HHPHPHPPHPHHPPHPPPHP
208,HPPPHHHPHHHPPHHHPHHH
209,HPHHPHHHHPPPHHPHPHPP
210,HHHHHPHHPPHPHHPHHHHP
211,PHPHPPPHHHPPHPHPHHPP
212,HHHPPHPPHPHPHPHHHPPP
213,HPPHPPPPHHPPPPHPPHPP
214,HHPPHHHPPHHPPPPPHHPP
215,HPPPHHPPPPPHHHHPHHPH
216,PHPHPHPHHPHHHPPPPPPH
217,HHHPHHPPHPHHHHHPHPPP
218,PPPPHHPPHPHPHPPHPPPP
219,HPHPHHHHPHPPHPPPHPHP
220,HPHPHHHPPPPHHHHPHHHH
221,HPHHHPPHPHPHHPHPPPPP
222,PHHPHHHPPPPPHHHHPPHP
223,HHPPPHHHHPPPHHPHHPHP
224,HPHPHPPHHHHPHHPPPPHP
225,HHHPHHHHPHHPPPPPPPHP
226,HPHHHHHPPHPHHPHPHHPP
227,PPPHPPPHHHPPPHPPPHHP
228,PHPPPHHPHPPHHPHPHPPP
229,HHPPHPPPPPPHPPPHHPPH
230,HPHPHPHHPPPPHPPPPPHP
231,HHPPPPHPPPPPHHPHHHHP
232,PPHHHHPHHHPHPPPHHHPP
233,HHPHHHHHPPHHHHHPHPPH
234,PPPHHHPHHHPHHPPPPPPP
235,HHPPPPHHPHHHPPPPHPPP
236,PPHHPPHPHHPHPHPPPHPP
237,PPPHPHPHHHPHPPHPHPHP
238,HHHHHPHHHPHPHPPHHHHH
239,PHPHHPPHPPPPHPPPPHHP
240,HPHPPHPPPHPHPHPPPHHH
241,PPPHHPHHHHPHPPHPPPHP
242,PPPPPPHPPHHHPPHPHPPP
243,HHPHPPPHPPPHHPHPPHPH
244,PPHHPPPPPPPPHHPHPHHP
245,HHPHPHHHHHPPHPHPHHPH
246,HHPHPPHHPHHPHPHPHHPP
247,HPHHHPPHPHPHHHHPPHHP
248,HHHHHPHPPHPPPPPPPPHP
249,PHPPPPHPPPHPHPPPPPPH
250,PPPPHHPHPHHHHPPPHPPH
251,HHPPHHPPHHHPPHPHPPPH
252,PHHHPHHPHPPPHPPHPPHH
253,PHHPHHPHHHPHHHHHPPHH
254,HPPPHHHHHPPHPPHPPHHH
255,HPHPHHHHHHHHPHHPHHHP
256,HHHHHPPPHPHPHHPPPPPP
257,PPHHPHHPPPHHPHHHHPHH
258,PPHHHHPHHHHPPPHPHHPP
259,PHHPHPHPHHPHHPPHHPPP
260,PPPPPHPHPHHPHPHPHHPP
261,HPPPHPPPHHPPHPHHHHPP
262,HPPPHPHPPPHPPHPHPHPP
263,HHPPPPPHHPPHPHHHHHHH
264,HPPPPHHPHPPHHPHPPPHP
265,PHPPPPPPHPPPPPHPHHHP
266,HHPPPHPPHPHPHHPPHPHP
267,PPPPPPPPPPHHHPPHHPPP
268,HPHPPPPHPHHHPPHHHHHP
269,PHPHHHPPHHHHPHHHHPHP
270,HHHPPHHPHPPHHHPPPHPP
271,HHHPPPPHPPPPPHHPHPHP
272,PPHPPPHHPHPPHPPPPHHH
273,HPPHHPPPPPHPHHHPHHPH
274,PHHHPPHHPHPPHHHPPHHH
275,HHHPHHPPHPHHPPHHHHPP
276,HPHHPHHHPHHPHPPPHHPH
277,PPPPPHHPHPHHPPPHHHHP
278,PHHHPHPPHPHPPHPHPPHP
279,HPPPHHPHHHPHHPPHPPPP
280,PPHPPPHHHPHHHHHHHPHP
281,HHPPHHPPPPHHPPHPPHPH
282,PPHPHHPHPHHPHHHHHHHP
283,PPHPPPHPPPPHHHPPHHHP
284,PHPPPPPHHHHHHHPPHPHH
285,HHHHHHHHPHPPPHHHPPPP
286,HPPPPPHPHHPHPPHPHHPH
287,HPHPHPPHPHPHPHHPHPPP
288,HHPHHPHPHPPHHPPPHHHP
289,HHHPHHPHPPPHHHPHHPPP
290,PPPPHHHHPPPHPHHHPHHP
291,PHHPPPHPPPHHPHPHPHHP
292,PPHHHPPHHPHHPHPHPPHH
293,HPHPHPHHHPPHHPPPPPHP
294,PHHPPPPHPHHPPPPHPPPP
295,PHHPHPHPPPPHHPPPPPHH
296,PPPPHPPHPPPPPHPPHPPP
297,HHHPPHHHPPHPHHPHPHPH
298,HPPPPPPPPHHPHHPPPHPP
299,HPPHHHHPHHHHHHHPPHHH
300,PHPHHHPPPHPHPHPHHPPH
301,PHHPHHHHPPPPPHPPPHHH
302,PHHPPHPPPHHPHPPPPPPH
303,HPPHPHPPHHPHPPHHHPHH
304,PHPHPPHPPHPPHPPHHPPH
305,HPHPPPPPHHHHPPPHHPHP
306,HHHPHHHPHHHHPHPHHHHP
307,HPPPHHHHPPPHHHPPPHPP
308,HPPHHPHHHPHHPHPPPPHH
309,HPPHHHPPHHHPPPPHPHHH
310,PPHHHHHPPHHPPHPPPHPP
311,HPPHPHPPPPPPHPPPPPHH
312,HHPHHHPHPHPHHHPPPHPH
313,HPHHPPHPHPPHHPHHHHPH
314,PPHHHHPPPHHHPHHPPHHH
315,PHHPHHPHPPPPPHHHPHHP
316,PHPPPHHPPHHPHPHHHHHH
317,HHPHHHHHHPHPPHHPHPHP
318,HHHHHPHHPHHPHPPPHPPH
319,HPPPPHPHHPHHPHPPPHPP
320,HHPPHPHPPPPPPHHPPPPP
321,PPHPPHPHPPPHPHHPHHPP
322,HHHHPHPPPHPHPPHPPHPH
323,PPHPPPHPPPPPPHHPHHPP
324,HHHHHHPHHHHPHHHPHPHP
325,HPPHPPHPHHHPPHHPPPPP
326,PPHHHHPPHHHPHHHHHHHP
327,HPPHPHPHPHHHHHHPPPPP
328,PHHHPHPHHPHHHPPHHHHP
329,PPPHPHHHHHPHPHPPHPHH
330,PPPPHHPPPHHHPHPPPPHP
331,PHHHHPHHHHPHHHHPHHPH
332,PHHHHPHHPPPPHPHHPHHP
333,PPPPHPHHHHPHHHHHHHPP
334,HHHPPPHPHHHPHPPPHHPP
335,HPHHPPHHPPPHHHHPHHHP
336,HPHPPPHHPHPPPPPHPPHH
337,HPHPHHPPPHPPHPPPHHPP
338,HPHHHPPPHPHHHHPHHPPH
339,PPPHPHHHPHPPHHPPHPPP
340,HPHHPHHPPPHHPPPHHHHP
341,HPHPPHPHHPHHPPHHHPPH
342,PHPHHPPHHHHPPHHPPPHP
343,PPPPPPHPHHPHPHPHPPPH
344,HPPPHPHPPHPHHPPPPPHP
345,PHHHHHPPPPPHHHHPHHHP
346,HPPPPPPPHHHPHPHPPPHH
347,HPHPPHHPHHHHPPHHPPPH
348,PHHPPHHPHHPHHHHHHHPP
349,HPHPPHPPHHPHHHPPPPPP
350,PHPPPPPHPPHPHPPPPPHP
351,PPHPHPHPHPPHPPHHPPPP
352,PHHPPHHPHHPPHHHHPPHP
353,HHPPHPHHPPPHHPHPPPHP
354,PPHPHPPHPPHPPHHPHPPP
355,PHHHPPPHPHPHHPHPHPHP
356,PHPHHPHHPPPPPHPPHPPP
357,PHPPHPHHHPHHPPPPPPHH
358,HPPPHHPPPHPHPHHHPPHH
359,PHPHPHHHPHPPPHHPHPPP
360,HPHPHPPPHHHHPPHHHPPP
361,PPPPHHPHHPPPPPHHHPPP
362,HHHHPPPPHHHHHHPHPHPP
363,HPHHPPPPPPPPHPPPPHPH
364,HPPHPPHHPHPHHPPPPPPP
365,HPPHHPPPPHPPHHHPHPPH
366,HHPHHHPPPHPHPPHHPPHH
367,PHPPHPPPHPHPHPPHPPPP
368,PHHPHPHPPPPHHPHHPPHP
369,HPPPHPPPPHHPPHHHPHPP
370,PHHPPPHPPPPHPHHHHPHP
371,PHPHPPHPHHPHPHHHPHHH
372,HPPPPHHPHHPPPPHHPHPP
373,PHPPHHHHHPHPPHHPHHHP
374,PHHHHPPPHPHHPPHPHPPP
375,PHPHHPHHPHPHHPHPHHHP
376,PHPPHHPHPPPHHPHPPHHP
377,PHPHHPPHHHPPHHPPPPHH
378,HHPPPPHPHPPHPHHHHHPP
379,HHHHHPHHPPPPHPPPHPHH
380,HPHHPPPPHPPHHHHHHHHP
381,HPHHHHPHPHHHHHPHHPHP
382,PPHHPPPPHHPPPPHHPPHH
383,PHHPHHHPHHHHPHHPHPPP
384,PPHHHPPHPPPPPPHHHHHH
385,PPPHPPHHHPHPHPPHHPPH
386,PHPHPPHPPHHPPPHPPPPP
387,HHPPPHHPHPHPPHPPPPPH
388,PHPPHHPHHHHPHPHHHPPP
389,PPHPHHHPPPHPPHPPHPHH
390,PHPHHPPPPHHHHHHPPHPP
391,HPHPHPPHHHPHPPPHPPHP
392,PHPPHPPPHHHHHHHHPPPP
393,HPHHPHPPHPHPPHHHHHPH
394,HHPPHHPPPPPHHPHPPHHH
395,HHHPPPPPHPHHHPPHPHHP
396,PHPHHHPPPHPHHHPPPPHH
397,PPPPPHPHPHPPHPPHPHPH
398,PHHHHPPHPPPHPHPPHPPP
399,PHPPPHPPHPPPHPPHHPPP
400,HHHPPHHHPHPHPPPPPHPH
401,HPHPPHHHPHPHHPHPHPHH
402,HHPHPHHPHHHHPHHPHHPH
403,HHPPPHHHHHHHHPPHHPHP
404,HPPPPPPPHPHPPHPPHPHP
405,HHHHPPHPHPPHPHHHHPHP
406,HHPHHHPPHPHHHPHPHPHP
407,HHHHHHHHHPPPHPPHHPPP
408,PHPPHPHHPPHPHHPHPPHH
409,PPPHPPHHPHPPHPPPPHHP
410,HPPHPHPPHHHPHPHPPPHH
411,PHPHPHHHPPPHHPHHHHHP
412,HHHPPPPPHHHPHPHPPPPH
413,HPHPPHHPPPHPPPHPPHPH
414,PHHHHHPPHHPPPHPPPPHP
415,HHHPPPPPPHHHHHHPPPHP
416,HHPPPHPPHHPPPHPPHPHP
417,PHHHPPHHPHPPPPPPPHPH
418,PHPPPPHPHPPHHHPPPHPP
419,PHPHHPHHHPPHHHPPHPPH
420,HHPPHHPPPHPHPHPHHPPP
421,HPHHHPHHPHHHPPPPHHHP
422,PPPHPHPPPPHPPHHPHHPH
423,PPHPPHPPPPPHPPPHPPPP
424,HHPHPPPPHHHHPHPHPHHP
425,HPPHHPHPPHHPPHHHPPHP
426,HHPHPPHPHPPPPPPPHHPP
427,HHPPPHHPHPPHHPHHPPHP
428,PHHHHHPHPPHPHHHPPPPH
429,PPPHPHHPHHHHPHHHPPPH
430,PPPPHPHHHPPHHHHHPHHP
431,HHHHPPHHHHHPPPPPPPHH
432,PHHPHPPPHHPPPPPHHPPH
433,HPHHPPPPHHHPHHPPHPHH
434,PPPHHPHHPPPPPPPPHPPP
435,HPPHPHPHPPPPHHPPPPHH
436,PPHHHHPPHPPHHPHPPPHH
437,HPPPPPPPPHHHHPHHHHPH
438,PHPHHPPHPHPHHHHHHHPP
439,HHHPPPHHPPPHHPHHHPHP
440,HHPPPHPHPPPHPPHHPHHH
441,HPPHHHPHPPHPPHHHPPHP
442,HPHPPPHHHPHHPPHPHHPH
443,PPHHPPHHPPPPHPPHPPHP
444,HHHPHPPHPHPPPPPHPHPP
445,PHPHPPHPPHHHHPHHPPHP
446,PHPPHHPHHHPHHHHPHPPH
447,HPHPHPPHHHPPHPHPHHHP
448,HPPHPHHPPPPHHPHPHHPH
449,PHPHHPPHHPPHPPHPPPPP
450,HPHPHPHHHHHPHPHHHPPP
451,PHPHHPHHHPPHPPHHHPHP
452,HPPPPPPHPHPPHPHHPPHP
453,PHPHPHPHHHPHPHPPPHPH
454,PPPPPPPHPHHPPPHHPPHP
455,HPHHHHHPHHPPPHPPHHHH
456,HHHHHPPPHPPPPHHPPHPP
457,HPHHPHHPHHHPPHHHHHPH
458,HPPPPHHPHPPHHPPHHPPP
459,HHHPPPHHHHPPPPPPHHPP
460,HPHPHPHHHHPPHPPPPHPP
461,PPPPHHHHPHHPPHHPPPPH
462,HPPPPHHPPPPHHHPPPPHP
463,PPPHPHHHPPHPHPHPHHPH
464,PPPHHPPPPPHHHHHHHPPH
465,PPPPPPPPPHHHPHHPPHHH
466,HPPHPHHHPHPPPHPPHPHH
467,PPHPPHHHPHHPHPHPHHPP
468,HHPHHHHPHHHHHPPHPPHH
469,PHHPPPPHHPPHHHHHPHHH
470,PHHHPPPHPPPHPPHHHPHP
471,PPPHHHPPPHHPHPHPPHPP
472,HPHHHPPPHHHHPPPPHPPP
473,HHPPHHPHHPHHHHHHPPHH
474,PPHPHHHPPHHHHHPHHPHH
475,PPHPHPPPHPHHHHPHHHHH
476,PHPHPHHHPPHPPHPHPPPH
477,PHPHHHPPPPPPHPPPHHPH
478,PPPPPPHPPHPHHPPHPHHH
479,PPPPPPPHPPHHHHPHPHHP
480,PPPHHPPPPHPHHHPPPPPH
481,HPPHPHPPHPPPPHHPPHHH
482,HHPPHPHHPPHHPHHPPHPP
483,HPHPHPPHHHPPHPHPPHHH
484,PPPPPPPHPHPPHHPPPHHH
485,HHPPPPHPPHHHHHHPHPHH
486,PHHHPPPHPHPPHHPHPHPH
487,HHPHPPPHPHHPHHHPHPPP
488,PHPHHPHHPHHPHPPHHPPP
489,PPHPPPPPHPHPHHPPHPHP
490,HHHPHHHPHHPPPHPHHHPH
491,PHPHPHPPHHPPHPPPPPPP
492,PPHHPPPPPHHPHHPHPPHP
493,HHHPPHHPHPPHHPHHHPHP
494,HPPPHPPHPPHHHHPPHHHP
495,HPPHPHHPHHHPPPHPPHHH
496,HHPPPPHHHHHPHHHPPHHH
497,PHHPPHPHPHPPPPHPPPHH
498,PHPHHPPPHPPPHHHPHPHP
499,PPHPPPPPPPHHPPPPHPPH
500,PHPPHPHPHHHPPPPPHHHP
501,HPHPPPPPHHPHHPPPPPHP
502,PPHHHHPPHPHHHHPPHPHH
503,PHPPHPHHPHPHPPHPPHPH
504,PPHHPHPHHHHPPPPPPPPP
505,PPHHPHPHPPPHPPHPPPPP
506,HPPHHPPPPHHPHHHHPHHH
507,HHPPHHHHPPPHHHHHHHHH
508,PPHHPHHHHHHPHHPPHPPP
509,PHHPPHPHPPHHPPHHPHPP
510,PPPHHHHPHHHHHHPPHHHH
511,PHPPHHPHPHPHPHPHHPPP
512,HHHHPPPPPPHPHPHPHPPP
513,PPPHPHHPHPHHPPPPHPPP
514,PHPPPHPHHHHPPHPHHPHP
515,PHHHHHHPHPHPPHHPHPHP
516,PPHHPHPHPHPPHHPPHPHH
517,HPHHPHHHPPPHHPPHHHPP
518,HPHPHPPHPHPHHHHPPHHH
519,PPPHPHHPPPPPHPHPPHPP
520,PPPHHPPHHPHPHHHPHHPH
521,HPPHHHPPPPPHHHPPHPPH
522,PPHHHHHPHHPHPPHPPHPH
523,HPHPHHPPPPHPHPPHPHPH
524,HHPPPHHHPHPHHHHHPPHH
525,PHHHPPHHHPPHHHPHPHHH
526,HHHHHHPPHPPHPHHPPHHH
527,PPHHHPHPHHHPHPPHPHPP
528,PPPHHPHHPPPPPPHHHHHP
529,HPHHPHHPPHPPPPPPHPPP
530,PPPPPPHHPPHPPPHHHPHH
531,HHPPPHHHHPHPHPPHHHPH
532,HHHHPPHPPHHHPPHPPPHP
533,PPHPHPHPHHHHPHHPHPHH
534,PPPPHPHHPPPHPHPPPPPH
535,HHHPHPHHHHHPPPHPPHHP
536,HPPHPHPHHPHHPHHPPPPH
537,PPPHPHHHPHHHPPPHHHHH
538,PHHPHHHPHPHPPPHPHHHH
539,PPPHHHPHPHHPPHPHPHHP
540,PPPHHPHPHPHPPPPHPHPP
541,PPPHPHHHPHPHPHHHPHPH
542,PPPPHPHPHHPHPPPHHPHH
543,HHPHHHPPHPHPHPPPHPPP
544,PHHHPPHHHPPPPPHHPHPP
545,HHHHHPPPPHPPHPPPHHHP
546,PPHPPPPHPPPHHHPPHPPH
547,PHHHPHPHHHPHHHHPHHPP
548,PPPPPPHPHHHPHPHPPHPP
549,PHHHPHHHHHPHHPHHPPHH
550,PHPPHHPHPHPHHPHHPHHH
551,PPHPHHHHHPHPPPPPPHPP
552,HPPHHPHHHPHPPPHPHPPP
553,PHPPPHHPHPHPHPHPHHPH
554,HHPPPPHHPHHPHHHHPHHP
555,PHPHPPHHHPHPHPHHHHHH
556,HPHPHHPPPHPPHHHPPHPH
557,PPPPPPHHPPPPPHHPHHHP
558,HHHHPPPHPPPHHPHHPHHP
559,HPHHHHPPHHHPPHHHPHHH
560,HHHHPPHPHHPHPPPPHHHH
561,PPPHPHPPHHPPPHPPPPPH
562,PPHHPHHHPHHPHHHPHPHH
563,HHPPPPHHPHPPHHPPHPHP
564,PPPPPHPPPHPHPPPHPHHP
565,HPPPPHHPHHPPHPHHHHHP
566,PPHPPHPPHPPHPPHHPHPH
567,HPPPHPHPPPPPHHPPHPHH
568,PHHPHPPHHHPPHHPHPHPP
569,HHHHPPPHPPPPHPPPHPPH
570,HPPHHPPPHHHPPHHPPHPH
571,HPPHPHHHHPHHPHPHHPHH
572,HPHHHPPPHPPPPHHPHHHP
573,HHPPPPHPHPPHHPHHPHPH
574,PHPPPHHPHPHPHHHHPHHP
575,HPPPHPHPHHHHHPPPHHHH
576,PHHPHHHPPHPHHHPHPHPP
577,PHHPHHHHPPHHHPHHHHPH
578,HHHHHHHPPHHHHPHHHPPP
579,HPHPHPPHPHPPHHHPPPPH
580,HHHPHHPPHHHHHPHPHPHH
581,HPPHHHHHHPHHPHHPPPHP
582,HHPPPHHHPHPPPPPHPPPH
583,PPHPPPPPHHPHPPPPPPHP
584,HPPHPHPHHHPPHPHHPHPP
585,HHHHPPHHPHPPHPHPPHPH
586,PPPPHHHHPPPPHHHHHPPH
587,PHHPHHPHHPPPHPHHHPPH
588,PHHPPPHHHHPPHHPHPHHH
589,PHHPPPPPPPPHPPHPPPHH
590,HHHPHHPPPPHPHHPHHPHH
591,PHPHHPPHPPPPPHPHHHPP
592,HHPHHHPPHPPPHHHPHPPH
593,HPHHPPPHPHPHPHPHPHPP
594,HPHPHHPHHHHPHHHPHHHP
595,HHPPHHPPHPPPHHHHPHHP
596,HPPPPPHPPHHHHHPPHHPH
597,PPPHPPHHPPPHPHPPHHHH
598,HHPHHHHPHHPPPHHPPHPH
599,PPHHHHPHPHPHPPHHPPHP
600,PHHPPHPPHHHHPPHHPHHP
601,PPHPHHHHPHHHPPHHPPHH
602,PPHPPHHPHHHHHPHHHHHP
603,PHHPHHHHHPHPHPPHPHHP
604,HHPHHHHHHHHHPPPPPPHH
605,PHPHHPHPHHPHHHHPPHPH
606,HHHHHHPPHHHPHHPPHPHH
607,HPPPHHHHHPHHPPPPHHHP
608,HHPPPHPPPPHPHHHHPHHH
609,PPPHPPHHHPPHPPHPHHPH
610,PPPPHPPHHPPPPHHPHPHH
611,HHHHHPPPHPPPHPHHPHHH
612,HHPPHPPHPPHHHPHHHHPP
613,PHHPHHPPPPPHHHPPPPPH
614,PPPHHHHPHHPHPHPPHHHH
615,HHHPHPPHPHHHHPHHPHHP
616,PPPHHHPPPPHPPPPPPHPP
617,HHHPPPHHHHPPHHHHHPPH
618,PHHPPHPPHHPPPPPHHHPP
619,PPPPPHHHPPPHHHPPHPPP
620,PHPPPHPPHPPPHHPHPHHP
621,HHPHHPHPPHPHHHHPHPPH
622,PPPHHHHHHHPPHHHPPHPH
623,PPPHPPHPPPHHHPHPHPPP
624,HHHHHPPHPHHHHHPHPHPH
625,PPPHHHPHPHPPHHHHPHPH
626,PPHHHHPHPPHHPHHPHHHH
627,HPPHPPPPPHHPHHPPPHHP
628,PHPPHHPPHPHHPPPPHPPP
629,PHPPPPPHHHHPPHHHPPPH
630,PHHHPHHPHHHPHPHPPHPP
631,HPHHHHPPPPPPPPHPPHHP
632,PPHHHPHPPHHHHHHPHPHP
633,PPHPHPPHPHHHPHHPHHPH
634,HHPPPHHHHHHPHHPPHHHH
635,PHPPPHPHHPHHHPPHPHHP
636,PHHPPHPPPHPHHPPHPPPP
637,HPHHHPPPHPHPPPPPPPHP
638,PHPHPPPPPPPHPHHPPPHH
639,PPHHPHHHPHPPHPHHPHPH
640,HPPHHHPPPHHHPHHHHHHP
641,HPHHPHHHPPHHPHHPPPHP
642,HPHHHHPHPHHHHHHPPHHP
643,HPHHPHHHHPHPPPHHHHPP
644,PHPHHHHHPPHPPPPHHPHP
645,PPPHHPHHHHPHPPHHPHPH
646,HHPPPPPHPPHPPPPPHPPP
647,PPHHPPHPHHPHHPPHPPHP
648,HPHPHPPPPHPPHHHPHPPH
649,HPHPPPHHHHPHPPHPHPPH
650,HPHHPPPHPHHPHPPPPPPH
651,PPPHPHPHHHHPHPPHPHHP
652,PPHHHHHHPHHHHHPPHPHP
653,HHHPPPHPHPPHHHHHPHPH
654,PHPHHHHHPPPPPPPPPPHP
655,PHPPPHPHHHPHHHHPHPPH
656,PPPHPPHHPHPHHHHPPHHP
657,PPPHHPHHHPPHPHPHPHHP
658,PHHHHHHPPPPPPPHHHHHP
659,HHHHHPHPPHPHHPHHHHHP
660,PHHPPHHPPHPPHPPHPPPH
661,HPHPPPHPPPHPPHHPPPPP
662,PHPHHHHPPHPPPPPHPHPH
663,HHPHHHHPPPHPPHPHHHHH
664,HPPHHPPPPHPHPPHHPHHP
665,PHPPHHHHHPPHHHHPPHPH
666,PHPPHHPHHPPHHHPHHPHH
667,PPHHPPPHPHHPHHPHPHPH
668,HHPHHPHHPPPPHPHPPPPP
669,PPPHPHPHPPPPPPPPPPHH
670,HHPHHPHPPHPPHHPHPHPH
671,PPPHHPHPHHPPPHHPHPHP
672,PHHHPPPPHHHPPHPHPPPH
673,HHPPPPHPPPPPPPHHHPHP
674,HPHHHHPPPPPHHPHPHPHH
675,HHPHHHPPHHHHPPPHHHHH
676,PPPPPPPHPPHPPPPHHHPP
677,PHHHPHHHPPHHHHPHPPPP
678,HHHPHPPHHHHHPHPHPPPH
679,HHHHPHHHPPHHHPHPPPPH
680,HPHPHHPHHPPHHPHPPHPP
681,HPPPPHPPPHPPHHHPHHPH
682,HPPPPPPPHPPPHHPHHHPH
683,PHPHPHHPHPPPHHHHHPPH
684,HPHPHHHHHHPPHHPHPHPP
685,HHPPHHHPPHHHPPPPPPHP
686,PHPPHHPPHHHPHHPPPHPP
687,PHPPPPPHPHPPPHHHHPHH
688,PHHPPHHPHHPHHHHPHPHP
689,PHHPHHPPPHHPPPPPPPHH
690,HHHHPPHPHPHPPHPPPHPP
691,HHPPHPPPPPHPHHHPPPPP
692,PPPPPPHPHPHHHPHHHPHP
693,PPHHPPHHPPPPPHPHPPPP
694,PHPPPPHPPPPHHHPPPPHP
695,HHPHHPPPHHHHHPPHHPPH
696,HHHHPPHHPPHPHPPPHHHH
697,HHPPPHPPHPPPHPPHHPHP
698,HPHHHPPHHHHPPPHPHHHH
699,HPPHPHHHHPPPPHPHPPHH
700,HPPPHPHHHHHPPHHPHHPP
701,HHPPPPHPHHPPPPHHPPHP
702,PPPHHPHHHPPPHHPPHPHP
703,PPPHHHHHHHPPPPPPPHHP
704,HPPHPHHHPHPPHPHHPHHH
705,PHPHPHPHHHHPPPPPHPPH
706,HPPPHPPPPHPHHPPPPPHP
707,HPHPHHHHHHHPHPHPHHHP
708,HHPHPHPPHHPHHPHPPHPP
709,PHPPHHHPPPHPPHHPHHPP
710,HPHHHHPPPPHHPHHHHHPH
711,PPPHHHHHPPHHPHPHPPPH
712,HHHPPPHHPPPHHHPHPHPP
713,HHPHPHHHHHPPPHHPPHHP
714,HPHPHHPHPHHPPPHPPPPH
715,HHHPPPHHHHHPPHHPHHPP
716,HHPPPPHHHPPPPPPPPPPH
717,HHPHHPPHHHHPHPHPHPPP
718,HHHHPPPHPHHHPPHPPPPP
719,HHHHHHPPPPPHHPPHPHPP
720,PPHPHPHPPHPPHPHPPHPH
721,HHHHPPPHPPPHPPPPHPHP
722,PPPPHPPPHPPPHPPPPHPH
723,HPPHPPPPHPPPPHPPPHHH
724,HHPPHPHHPPHPHPPPHPHH
725,HHPPHPHPPPHHHHHPPPPH
726,HHPHPHPPHHHPHPHPPHHP
727,PHPHHPPHPPPHPHHPHPPP
728,PPPHPHHHHPPHPPHHPHPP
729,PPPPPHPPHPHHPHPHPPPP
730,PPHHPPPPHPPPHHHHPHHH
731,PHPPHPHPHHPPHHHHPPPH
732,PHPPHPPHHHPHHHHHHPPH
733,HPPHPHHPPPPHPHPPHPPH
734,HHPHHHHHHPPHPPHPPPPP
735,HHPHPHHPHHHPPHHPHHHP
736,HHHPHHPPPHHHPHPHHHHP
737,PHPHHPPHHHHHHPPHPPHP
738,HHPPPHPHPPPHPHHPPHHH
739,PPPPPHPPHHHHHPPHPHPH
740,PPHPHPHHPPPHHHHHHHPP
741,PPHPHHHPPHHHPHPHPPPP
742,HHPHPPHPPHPHHHHPPPHH
743,HPPPHHPHHPHPPHPPPHPP
744,PPPHHPPPPPHHPPHPHHHH
745,HHPPHHHPPPHHPHHHHPPP
746,HHPHPHHPHHPPHHPHHHHH
747,PPHHPHPPHPPHPHPPPHHH
748,HHHPHPPHHPPPPHHHHHHP
749,PHHPHHHPHHPHPHHHHHHP
750,HHHPHHPHHHHPHHHPPPPP
751,PHPHHPHPPHPHHPHPHHHP
752,PHHHPHHHPHHHHHPPPPHH
753,HHPPHPPPHPHHPHHPHHHH
754,HHPHHHHPPHPPHPPPPHPH
755,HPPHPHHPHHHPPPPPPHHP
756,HHPPPPHPPPHPPHPHPPPP
757,HPPHPHPPPHPPPHHHPPHP
758,PPPHPPHHHHPHPPPHHPPH
759,HHHHPPHHHPPPHPHHPHHH
760,HPHPPHPHPPPHPHPHPHHH
761,HHPHPHPPHHHPHPHPPHHH
762,HHHPHPPHPPPHHHPHHHPP
763,PPHPHHHHHPPHPHPPPPHH
764,HHPHHPPPPHPPPHHPPHPP
765,PPHHHHPPPPPHHHHHHPHH
766,PPPPHPHPPPHPPHHHHPPH
767,PHPPHPHHPPHPPHPHPPHP
768,HPHPHPHHHHPHPPPHPHHH
769,HHPHHHPHPPHHHPHPHPHH
770,PPHHHPPHHPPHHHHPPPHP
771,PHHPHHHPHPPHPPPHPPHP
772,HHHPPPHHHHPHPHHPHHPP
773,HPHHPHPPPPPHPPPPPHPH
774,PHPHHPPHHHHPPPPPHPPP
775,HHHHHHPPHPPPPPPPPHPH
776,PHHPPPHHHHHHPHPHHHPH
777,PPPPHHHPPPPPHPHHHHPP
778,PHHHHPHHPPPPHPHHPPPP
779,PHPPHPHHPHPPPHHHPPPP
780,PPHPHPPPPHHHPHPPPPPH
781,PPHPPPHHPHPPPPPHHPHP
782,HHHPHHPPPHHPHPHPPHHH
783,HPHHHPPPHPHPPPPHPPPH
784,HHPPPHPPHHHHPPHPPHHH
785,PHPHHPHHPHHPHPPHPPPH
786,PPPHPPHHPPPPPPHHHHPH
787,PHPHHHHPPHHPPPHPPHPP
788,HPHHPHHHPHPHPPHPHPPH
789,HHHHHHHPHHPPHHHPPHPP
790,PPHHPHPPPPPHHPHPPHHH
791,PHPPHPHPPPHHHPPPHPHH
792,HHHPPPHHHPHHPHPHPHPH
793,HHHHHHHPHPHPPPHHPPPP
794,HPPPPPHHHPHHPHHHPPHP
795,HHPPPHPPPPPHPHHHPHHP
796,HPPHHPPHPHHPPPHPPPHP
797,HHPHPPHHHPHHHHPHHHHH
798,PHPHHHHPPHPHHPHHPHHH
799,PHHPHHPPPPPHHPHPHPHP
800,HHHHPHPHPPPHHHHPHPHP
801,HHPHHPHHHHPHPPPPPPPH
802,HHPPHPHHPHPPHHPPPHHH
803,PPPHHPHPPPPPHHPPHHHH
804,PHHHPPPHHPHHHPHPPPPH
805,PHPPPHPHHPPPHHHHHHHP
806,PPHHHHHHHPHPPPHPHPPP
807,HPHPPHHHPPHHPHHHPPHP
808,HPPHPHPHHPPHPPHPPHHP
809,PPPHHPHPHHPPHPHPPHHP
810,PPPPHPPPHPHHHPPHPHPP
811,PPPHHHPPHPPHPPHHHHHP
812,HPHPHHPPPHPHHPHPHHHP
813,PHPHHHPHPPHPPHHPPPPH
814,HHPHHHPPHPPHHPHPPPHP
815,HPHHHPHPPHHHPPPPPHPP
816,HPHPPHHPPPPHHHPHPHHP
817,PPPHPHHHPHHPPHHHPPHH
818,PHHPPPHHHPPHPHHPPHHP
819,HHHPPPHHPHHPHHPPPPPP
820,PHHHPPHHPHHPHHHHHHHH
821,HHHHPPPHHPPPHHHPPPPP
822,PHPHPPHHPPPPHHPPHPPH
823,HHPHPHHHHHPPPHHHHPHP
824,HPPHHPPPPHPPHPHHPPHH
825,PPHHHPHPPHHPHHPPHPPP
826,PPHPHPHHHHHHPHHPHPPH
827,HHPHPHHHHPHPPHPHPPPH
828,HHHHPPHHHPPHHPHHPHPP
829,PHHPPPHPPPHPHHHHPHHH
830,PPHPHHHPHHPPPPPPHHHH
831,PPHHHPHHPHHPPPHPPHHH
832,PPPHPPPHPHHHHHPPPPHH
833,PPPHPHPHPHPPPPHHPHPP
834,PPPHPHHHHHPHHPHPPHPH
835,PPPHPHPPPHPPPHPPHHPP
836,PHHHPPHHHPPPHHPHHHHH
837,HHPPHHPPHHPPHPPPPPHH
838,HHPHHPPHPPHPPPPPHHHP
839,HHHHPHPPPPPHPPHHPPPH
840,PPPHHPPHHPHHHPPHPHPP
841,PHPPHHPPPPHPPPHHPHHH
842,PPPHPHPPPHHPPPPHHPPH
843,PHHHPPHPHHHPPHPPHPHP
844,PPHHHHPPHHHPPHHHHHHH
845,PPPHHHHHHPHHHPHHHHPP
846,PHPPHHPHHHPHHPHPPHPP
847,PHHHHPPHHHHPHPHPHPHH
848,HPHHPPPPHHPPPPHPPHPH
849,HPPPPPPPPHPPHHPPPPHP
850,HPPPPHHHHPHPPHPHHHPH
851,HHPPPHPPPPHPHPPHPHPH
852,HHPHPHPPHHPPHPPPPHPP
853,PPPPPPHPPPHPPHHHHHHH
854,PHHHHPPPHPPPHPPPHHPH
855,PPPPHPHHPPPPPHHHHPPP
856,HHPPHHPPHPPPHPPPHHPP
857,HPHHPHPPHPPHHHHPPHPH
858,PHHPPHPHHPHPPPHHHHHH
859,HPPPPHPHHHHHHHPHHHHH
860,HHPPHHHPPHHPPHPPHPHP
861,PPHPHHHHHPHPPHHPPPHH
862,HPHPHPHPPHPPPHHHPPPP
863,HHPPPHPHHPHHHPPHHHPH
864,HHPPHPHPHHHPHHHHHPPH
865,PPHPPHHPPPHPPPHHPPHH
866,PHHHHHPHHHPHHPPPHPHP
867,PPPPPPPPHHPPHHPPHHPP
868,PPHHHHHPPHPHHHPHPHPP
869,HPHHHHHPPPHHHPPHHPHH
870,HHPPPPPPHPHPPPPPHHHP
871,HPPPPHPHHHPHHHPPHHPH
872,PPHHPPHPHPPHPPHPHHHH
873,PPPPHPPHPHPHHPHHHPHP
874,HHPPPHHHPPHHHPPHPHHH
875,HHPHHPPHHPPHPPPHHHPP
876,PPHHPPPHPPPHPHPHHPPP
877,PPHHHPHPPHPPHHHPHHHP
878,PHPPPPPPPHHHPHHPPHHH
879,PHHHHHHHHPHPPPPPHPPP
880,PHPHPPHHHPHHHPHHHPHP
881,PPPPHPHPPHPHHHHHPHPP
882,HPHHHPPPPHHHPPPPHHPP
883,PPHPPHHPPHPHHHPHPHPP
884,PHPPPHPHHPPHHHPPPPHH
885,HHHHPHHPPHHPPPHHPHPP
886,PPPHPPPPPPPHHHPPPPPH
887,HPPHHHHPHHHPPHHPHPPH
888,PPHHHHPHHPHHHHPHHHHP
889,PPPPPPHPHHHPPPHHPPPP
890,HHPPHPPPHHHPPHPHHHPH
891,HHPPPHHHHHPPPPHHPHPP
892,HPHHHHPHPPHHPPPPHHPH
893,HHHPHHPHPPPHPHHHHPPP
894,HPHHHPHHHHHPHHPHPHHP
895,PPHPHHHPPHPPHHPPPPHP
896,HHPHPPHPHHHPHHPPHHHH
897,HPPHHHHHPPPPHPHHHHHH
898,HHHPPPPHHPHPPHPHHPHP
899,HPPPHPHHHPPPHPPHPPPH
900,HHHPHPPPHHPPPPPPPPHP
901,PHPHPHPPPPHPPHHHHHHP
902,PPHPHHHHPPPPPHPPHPPH
903,PPHHPPHHHPPPPPHHPPPH
904,PHHPPHPHHHHPPPHHHPPP
905,PHPPHPHPPPHPPHHPHHPH
906,PPPHPHPHPHHPPPHHHHPH
907,PPHHPHHHHHHPPHPPPPHH
908,PHHHPHPPHPHHHPHHHPHP
909,PHHPPPPPHHPHPHPPHPPP
910,PHHHHHHPHPPPPHHHPPPP
911,HPHHHPPHHPPPHHHPPPHH
912,HPHHHPHHPPHPPPHPHPPP
913,PHHHPHPHPHPPPHPPPHPH
914,HHPPHPPHHPPHPHHPHPHH
915,HHHHHHPPPPPPHPPHHPPP
916,HPPPHHHHHPHPHHHHHPPH
917,HPHPPPPPPHHPHHPHHHPH
918,HHPPHHHHPHPHHPPHHPHP
919,PPHPHHHHPPHHHPPPPPPP
920,HHPPPHPHPPPPPPHHHPHH
921,HHPHPPHHPHHHPHHHHHPH
922,HHPPPPPHHHPPHHPHHPHP
923,HHHHPHHPPPHHHPPHHPPH
924,PPHHPPHHPHHPHPHHHPHP
925,HHHHPPPHHPHHHPPHPPHH
926,HPPPPHHHHHHPHHHPPHPH
927,HPPHHPPHPPPPHHPHPHHP
928,PPPHHPPPHHHPHHPHPHHH
929,HPHHHPPPPHPHPPHHPPHH
930,HHHHHPPHPHPHHHHPPHPH
931,HHHPPPHPPHHHHPPPPHPH
932,PPHHHPHHHHHPHHPPPPPP
933,PHHPHHPHPHHPPPHPHPPH
934,PHHPPHHHPHHHPPPHPPPH
935,PPHHHPHPPPPPHPPHPPPH
936,PHHPPHHHPHPHHHHPHHHH
937,PHPHPHPHPHHPPPHHHHPH
938,HHHPPPPHHHPPPPHPHPPH
939,PPHHPPHHPHHPPPPPPPHH
940,PHHHPPHHHHHPPPPHPHHP
941,PHHHHHHHHPHHPHHHHPHP
942,HHPPPHPHPPHHPPHHPPPH
943,PHPHPHPPHHPPPPPPHPHH
944,HHHHHPHHHHPHPPHPPHPP
945,HHPPHPHPPPPPPHPHPPHH
946,PHPHHHHHHHHPPPPPPHHP
947,HPHHPHHHHHPPPHPPPHPP
948,PHPHPHHHHHHHHHPHHHPH
949,PPHHPHHPHHHHPPHPHHPH
950,PHHPPHHHPPPPHPHHPPHH
951,HPHPHPPPPPHHHHHPPHHH
952,PHHPPHHPPPPPHHPPHPPH
953,PHPHHPPPHPHPPPHHHPHP
954,HPHPHPPHPHPPHPPHHPHP
955,PPPPPHPHPHHHPHPPHPHP
956,PPHPHHPPHPHPPPPHPHPH
957,HPPPPHHPHPPPHHHHPPPP
958,PHPHHPPHPPHPPHPPHPHH
959,PPHPHPPHPHPHHHHHPHPP
960,HPHPHHHPHPHPHPPHHHHP
961,PHHPHHPHHHHHPHPHHPPP
962,PPHPPHHPHPPPHPHHHPHP
963,HHHPHPPPPPPHPPHPHHPH
964,HPPPHPHHPPHPHHHPPPHP
965,PPPHPHHHHHPPHHHPPPHP
966,PPHPHPPHHPHHHHHHHPHH
967,PPPHPPPPPPPPHPPPHHHH
968,HHPPHPPHHHPPPPPHHPPH
969,PHPHHPPHHPPPPPHHPHPH
970,HPPPPPPPPPPHHHPHHPPH
971,PHPHHHPHPHPHPPPHHHPP
972,HHHHHPPPHPPHHHHPPPHP
973,HHHHHPPHPHHPPHPHHPHP
974,PHPPPHHHHHPPPPHHPPHP
975,PHPHPHPHHHHHHHPPHHPH
976,PPHPPHPHHHPPHPHHHHHP
977,PPHPPHPPHHHHHHHPPHHH
978,PHPHPPPPPPPPPHPPPHPH
979,PPPHHHPHHHPPPHPHPHPH
980,PPHPHHHHHHPPHHPPPPPH
981,HPPHHHPHHPHHPPHPHHHH
982,PPPPPHPHHPHHPPPHHPHH
983,HHPHHHPPPHHPPPHPHPHP
984,PPHHPPPHHHHPPHHPPHHH
985,HPPHHHPHPPPHHHHHHPPH
986,PHPHPHPHHPPPHPHPPHHP
987,HPHPHPPHPPPHHPHPHHPH
988,PPHPHPHHPPPPHPPPHHPH
989,PPPPPPPHPPHPPPHPPPPP
990,HPHPPHHHHHHPHHHHPPHP
991,PPHPHHHPHHHHHHHHPPPP
992,HPPPPPPHPHHPPHHHPPHH
993,PPHHHHPPPPHPPHPHHPPP
994,PHHPHPHPHPHPPHHPPHPH
995,HPHHPHPPPPHHPHPHHPPP
996,HPPPPPPHPPHPHPHPPHHP
997,PPHHHPHPPPPPPPPPHHPH
998,HHHHHPPHHHPHPPHHPHHH
999,PHHPHPPPPHHPHHHHPHPH
