id,sequence
0,HHPPPPHPPHHHHHPHPPHHHPHHH
1,HHPHPHPPPHPHHHPPPPPPHPPPH
2,PHPPPHHHHPPHPHHHHHHHHHHPH
3,HPHHPPHPHHHPHHPPHPHHPPHPP
4,PHPHHHHHPHPPHPPHPHPPPHPPH
5,PPHPHHHPPPHPPHHPHHHHPPPPP
6,PHHHHPPPPPHPPHHPPHPPHHPHH
7,PHHPHPPHPHHHPPPHPPHHHHPPH
8,HPHHHPPHHPPPHPHPHHHHPHPPP
9,PPHHHPPHHHHPHHHPHHPHHHPPH
10,PPPHPHPHHPPHPHPPPHHHHHPPH
11,HHPPPHHHPHPPPPHPPHHHPHPPH
12,HHPPPHHHHPPHHHPHPPHPHPHPH
13,HHHHHPHHPPHPHPHPPPHHHPHHH
14,PHPHHHHPHHHPHHPPHHHHHHPHH
15,PPPPHPHPHPHPPHHPHHHPPHHPP
16,HPHPPPPPHHHHPHHHPPPHHPPPP
17,HPPHHHHHPPPHHHHPHHHPHPHPH
18,PPPHPPHPPPPPHHHHHPPHPHPHP
19,PHPPPHPHHPHPPHHHHHPHHHHPH
20,PPHPPHPHHPPPHHHPPPHHHHPHH
21,PHPPPHPHHHHPHHHPPPPHHPHPP
22,HPPHPHHHHPPHPPHPPPHPPHPPH
23,HPPPPHPHHHPHPHPPHPPHPHPPH
24,HPHHHHPPPHPPPPPPPPPPPHPPH
25,HHHHPHPPPHHHHHHPPPHPPPHHH
26,PPHPPHHPHPHHPHHPHPHPPPPPH
27,HHHPPPPHHPPPHHHPHPHHPHHPH
28,PHHPPHHPHHHPHPPHPPPHHPHPP
29,PHPPPHPPHPPPHHPPPPPHHPHPP
30,PHPHPPPHHHPPPPHPPHPHPHPHH
31,HPHPHPPPHHPHHPHPHHHHPPHPP
32,HPHPPHPPHPHHPPHPHPHHPPPPH
33,PHHHHPPHHPPHHPPHHPPPPHPHH
34,HHPHHHHHPPHPPPPHPHHHPHHPP
35,HPPHPPHPHHHHPHPPHHPHPHHPP
36,HPPPPPHHHHHHPHHHPHPPHPPPP
37,HPPHPHHHPHPPPHPPHHHHPPHHP
38,PHPHPHPHPPHPPHHHPHPPPPPHP
39,HPPPHPHPPHHPPPHHPPPHHPPHP
40,PHHPPHPHHPHPHPHHPPPPPPHPP
41,HPHHHPPPPPHPHHHPPPHPPHHPP
42,PHHHHHHPHPHPHHHHHPHHPPHPH
43,PPPPHPPHPHPPPPHHHHPPPPHHP
44,PHHHHHHPPHHHPPPHPPHHHHPHP
45,PPHPPHHHPHPHHHPHPHPPPHPHP
46,HPHPPHPPHPPHPHHPPPHHHPHPH
47,HPHHPPHHHHPPHHHHPPPHPPHHH
48,HHHHPHHPHHHHPHHHHHHHPHHHH
49,HHHPPPPHHHHPHPPPPPHPHHPHH
50,PPHPPHHHHHPPHHHHPPHPHHPHH
51,PPPHHPPPHHHPPHHHPHPHHHHPP
52,HPPPPHHHHPPHPPPPHPHHHHHHH
53,PPHHHHPHHHPHHPHPHPHPHHPPH
54,HPHPPPHHPHHPHHHHHPHHPPHPP
55,PPHPHHPHPHPHHPPPHPHPPHPPH
56,HPHPHPHPHHPHPHHHPHPHHPPHH
57,HHPHPPHHPPPHPHPHPHHHPPHPH
58,PHPPPPPPHHPHPHHHHPPHHPPHH
59,PHPPPHHPHPPHHHPHPHHHHHHHP
60,PHPPHPPHHHPPPHHHHPPPPPPHP
61,HPPHHPHPHPHHHHPHHPHHHPHPH
62,PHPPPHPPPHPPPHHPPHHHHHPPH
63,HHHPPHHPHHPPPPPHHHHPHPPPH
64,PHPPHHHPHHPHHHPPPHHHPHPPP
65,PHPPPHHHPPPPPHHHPPPPPPHHH
66,PHPHHHPHPPPPHPPHPPHPHHPPH
67,PPHHPHPHHHPHPHPPHPPPPPPPH
68,PHPPHPHPHPPHPHPPPPPPPHPPH
69,HPPPPHPHPPPPPHPHHPPHPPPPP
70,PPHPHHHPHPPHHPHPHHHHPPHPP
71,HPPPHHPPHHHPPHHPPHHPHHPHP
72,PHHPPHHPPPHPPHHHHPPHHPHPH
73,HHHHHHPPPHPPHHHPPPHPHPPHP
74,HPPPHHHHHPHPHPPHPPHPHPPHH
75,HHHHHHPHHPPPPHHPHHHPHPHPH
76,PPPHHHPHHHHHHPPPHPHPPHPPP
77,HHPHHHPHHPHHPHHHHHPPPPPPP
78,PHPHPPPPHHHPPHPPPHHPHPHPP
79,PPPPPPPHPPHHHPHPHHHHPPHHH
80,HPPHHHPHPHPHPPHPPPHPPPPPH
81,HHHHPPHHHHHHPPHHHHHHPPHHH
82,PPPPHPHHHHHHHHPHPHPHHPHHP
83,PPPPHPPHPHHPHHPHHHHHHHPHP
84,PHHPHHHPHPHPHPHPPPHHPPPHP
85,HHHHPHPHHHHPHHPHPPPPPPHPP
86,HHPPPPPPHPPPPPPHPHHHPHPHP
87,HHHPHHPPPHHHPHPHPPHHPPHHH
88,HPHPPPHHPPHPPPHHHHHPHPHPH
89,HPPPHHPHHPHHHPPHPPPHPHPPH
90,PHHPPHPHPPPPHPPPHHPHHPHHP
91,PPHPHPPPPHPHHPPPPHPPPHPPP
92,HHPPPHHHPHHPHHPHPHHPHPPPP
93,PPHHPHHPHHPPHHPHHHPHHHPHH
94,HHPHHHHHPPHPPHHHPPHPPHPHH
95,HHPHHPHHPHPPPHHHPHHPHPHPP
96,HPPPHHHPHPHPPPPPHHHHPPPHP
97,PPHPHHPPPHHHHHPPPPHPHHHPP
98,PHHPHPHHPHPPHPPPHPHHHPHHH
99,HHHHPHPHHHHPPHPPHPPPPPPPP
100,PPHPHHHHHPHHPHPPPPPHHPHHH
101,PHHPHPPPHHHHPPHPHPPPHPHHP
102,HHHHPPPPHPHHHPPHHHPPHHPHP
103,HPPHPPHPPPHHHPPHPHHPPPPHP
104,PHPHHPPPHPPPPHPHHHHPHPPHH
105,PHPPHHHPHPPHHPPPHHPPHHPPH
106,HPPPPPPPPHHPHHPPHPPHPHPHP
107,HHHPPPHPPHPHHPHHHHHHPHPHH
108,PPPHPPHPPPHHHPPPPPHHPPHPP
109,HHPPHHHPHPPHHPPPPHPPPPHHP
110,PHPPHHHHPPHHPPPPHPPHPHHPH
111,HPPPHPHHPHPHHPPPPPPPPPPPP
112,PHPHPPHHHPPHHPPHPHPPHHHHH
113,HHPPHHHPPHHPPPHPPPHHHHPPP
114,HHHHPHHHPHHPPHPHHHPHHPHHH
115,PPHHPPPHPHPPPHHPHPHHPPPPH
116,PHPPPHPHPPPPHPPHPPHPHHPHH
117,PHPPHHHHHHHHPPHHPPPPHHPPP
118,HPHHPHPHPPPPHHHHPHHHPHPPH
119,PPHHHPPPPPPPPPPHPPPPPHHHH
120,HHHHHHPPHPPHPHPHHPHHHPHHH
121,PPPHHHHPPPHHHPPHHPHPHPPPH
122,PHPPPPPHHPPPPHHHHHHHPHHPP
123,PHPHPHPHPPPHPHPPPPPHHHHPP
124,HHPHPHPHPPHHHHPPHHPPHHHPH
125,PHHHPPHPPPHPPHHPHPHPHPHHH
126,PPPPHPPPHHHPHHPHPHHPHHHHP
127,PHPHPPPHHPPPPPHPPHPHHHPHH
128,HHPPHPHPPPHPHHHHPPPPPPHPH
129,PHPPHHHHPHPHPHHHPPHPPHHHP
130,HPPHPPHPPPHPPHHPHPPPHPHHH
131,HPPHHPPPPPHHPHPPPHHHPPPHH
132,PPHPPPPPHHHPHHPHPHPPHHHPP
133,PHHHPPPHHPHPPPHPHHHPHHPPP
134,HHHPHHHPHHHHPHHHPHHHPHPPH
135,PPPHPPHPHHHPHPHPPPHPHHPHP
136,HHPHPHHHHHPPHHPPPHPHPHHHP
137,HPPHHHHPHPHPPPPPPPPPPHHPH
138,HPHPHHHHHPHPHHPHHHPPHPHHP
139,PPPHHHPPPPHHHHHHHPHHPPHPP
140,PPHHPPPHHHPPHHPHHPHHHPHHH
141,PPHPHPPHHPHHPPPHPPPHPHHHP
142,HPHHHHPHHHHHPPHHPPHPHHPPP
143,HHPHHPHPPPHHHHPPPPHHHPPPP
144,PHPHHPHPHHPPPHHPHPPPHPHPH
145,PPHHHHPHHPHPPHHPPPHPHHHPP
146,HHHPHPPPHPHPPHPPHHHPHHHPP
147,HPPPPPHHHHHPHPHHPPPHPHHHH
148,PPPHPPPHHPPHHHHPHPHPPPHHP
149,HPPPHPHHHHPHHPPHPHPHHPHHH
150,HPPPPHPHPHHPHPPHHHPPPPHHH
151,HPHPHHPHHHPPPPHHHPHHHPPHP
152,PPHHPHHPPPPPHHPHPPPHPPPPH
153,PPPPPHHPPHPHPPPHPPHHHPHPH
154,HHHPHHPPPPHHPPPHHPPHPHHHH
155,PHPHPPPHHPHPHPHHHPPHHHHPP
156,PHPHHHHHPPPHPPPHHPPHPHPHP
157,HPPPHHPHHHHPHHPPHPHPPPPPH
158,HHHPPPHHPPPHHPHPPHHPHHHHH
159,HPPHHPHPPPPHPPHPHHHPPPPPP
160,PPPPPHPPHHPPPPHPPHHPPHHHP
161,PHHPPHHHHHHPHPHHHHPPPHPHH
162,HPPPHPHPPHHPPHPPPPHPPPHPH
163,HHHPHPPPHPPPPHPPPHPHPHPPP
164,HHPPHHHHPHPPPPPPPHHHHPPPH
165,PPPHHHHHPPPHHHPHPHPPHHHPH
166,HHHPHPHHHHPPHPHPHPPHHPPPP
167,HHHPHHHPPPHPHHPPHPPHPHHPH
168,HPHHPPPPPHHHPPHPHPPPPPHHH
169,PPPPPPHPHPHPHPHHHPPHPPPPH
170,HHPHPHPHHHHHPHPPHHPHHHPPH
171,PPHHHPHHPHPHPPPHHHHHHHPPP
172,PPHPHPHPPPPHPHPHPPPPPPPHH
173,PHHPHHPPHHHHHHHPHPHPHHHPP
174,PPPPPHHPPHPPHPPPHHHHPPPPH
175,HHPHPHHHHPPPHPHPPHPHPPPPP
176,HHHHHPHPPPPHPHHPPHHPHPPPP
177,HPHPPPPHHPHHHPHHPPPHPPHHH
178,PHHHPPPHHPHHPPHPHHHHHHPPH
179,PPHHHPPPHPHHHHHPHPPPHHHPH
180,PPPPHHHHPHHHHHPPPPPPHHHHH
181,PPPHHHPPPPHHHHPHHHPPHPHHP
182,HPPHHHHPPHPPHPHPHHPPPPHHP
183,PHHPPHPHPHPHHPHHHHHHPPPPH
184,PPHHHHHHPHHPPHPPHHHHPHHPP
185,HHPHPPPPPPHHHPPHPHPHPHHPH
186,HPHPPHPHHHPHHPPHPPHPPHHHP
187,PPHHHPHHHHHPPPPPHHHHHPHHP
188,HHPPHHPPPPPPPHPHPHHPPHPPH
189,HPHHHPPPPPPHHHPHHPHPHPPHH
190,HPPPPPHHHHPPHHPPHPPPHPPHH
191,PHPPHHPPPHPHHPHHHPPPPHHPP
192,HHPHHPHHHHPPPHPHPPHPHHPPP
193,HHHHPPPHHHHHHHPHHPPPPPPPP
194,HPPHHPHPHPHHPPHHPPPHPHPHP
195,HHPHHPPHHHHHHHPPHHPHPPPPP
196,HPPHPPHHPHHHPHPPHPHPHPPPP
197,PPPHHHPHHPPPHHPHHPPHPPHPP
198,PPPPHPHPHHPPPHHHPHHHPHHPH
199,HPHPPHHHHPPPPHPHPPPHPHPHH
200,PPHPHHPHPHPHHHHHHPHHPPPHP
201,HPPPPHPPHHPPHHHPHPHHHHPPP
202,PHHHPHHPPPPHPPPHHPPPPHPPP
203,HPPPHPPHHPHPHHHPPHHHHPHPP
204,PHHPHPHPPPPHHPPHPHPHHHPPH
205,HPPPPPHHPPHHPPHHPPPHHPHPP
206,PPPPHPPPHPPPHPPPHHHHHHPHP
207,HPPHPHPPHHHPPHPPPHHPHPPPP
208,HHPHPPPHPPPHPPPHHHPPPPPPH
209,HPHHHHHHHPHPPPHPPHHHHPPHP
210,PPPPPHHPPHPPHHHHHHHHHPHPP
211,HHHHHPPHPPHHPPPPHHHHPPHHH
212,HHHHHPPPPPHHPPPHHHHHHPPHH
213,PHHHPHPHHPHHPHPHHPHHHPPPH
214,HHHHPHPHPHPPHPHHPPHHPHHPH
215,PHPHPPHPHPPPPPHHPHHHHPPHH
216,HPPHPPPHHHHHPHHPPHPPHPHHP
217,HPHPHHPPHHHPHPPHPHPHPPHPP
218,PHPHPPPPPPPPPPPHHHHHPHPHP
219,HPPPPPPHHPPPPHHHPHHHPHPPH
220,HHPPPPPPHPPPHPPPHPHHPPHHH
221,HPPPPHPPHHPHHHPPHHHHPPHHP
222,HPPPPPHPHHPHHHHHPHPPPPHPH
223,PHPHPHHPHPPPHHHHHPPPPHHPP
224,PPHHHPPHHHPPHPHHPPPPHHHHH
225,PHHPPPPHPHHPPHPHPHHHHHHPH
226,HHHHHHPPPPHPPPHHPHHHPPPPP
227,HHPPHHPHHPPHPPPHHHHHHPPHH
228,HHHHHHPPHPPPHPPPPPPHHHHPH
229,PHPPHHPHHPPHPHHPPPHHHHPHP
230,HPHPHPPHHPPHHPPHHPHPPHHHH
231,PHHHHHHHHHHHPPHPPPPHHPPPP
232,HPPHPPPPPPHPHHPPHPHHPPPPP
233,PHHHPHHHPPHPHPHPPHHHHPHPP
234,PHHPPHPHHHHPHHHHHHPPPPHPH
235,HPHHPPHPHPPPPPPPHHHHPPPHP
236,PPPPHHHPPHPHPHPPPHPPPHPHH
237,HHHHHHPHPHPPHPHHHHPPHHPPH
238,HHHPPPPHPHHPHPPHPPPHPPHHH
239,HHHHPPHHHPHPHPPPPHHPHPHHP
240,PPPHPHHPHPHHPHPPHHPPPHPHH
241,PPPHHPPHPPPPPHHPPHHPHPPPH
242,PHPHPPHPHPPPPPPHHPHPHHPHH
243,HHHHHPHHHHHHPPHHPPPHPHPHP
244,HHHHHPPHPPHPPPPHHHPPPHPHP
245,HHPPPPHHHPPHPPPHHPPHHPPPP
246,HHHHHHHHHPPHHPPHHPPHHPPHH
247,HPHHHPHPPPPHHPHPPHPHPHHPP
248,PPPPPPPPHHPPPHPHHHPHHPPHH
249,HHHPHHHPPHHPHPPPPPHHPHPPH
250,PHPPPHPPPHPHHHPPPHHHPPPPH
251,PHHPPHHHHHPPHPPHPHHPHPHHH
252,HPHPHHHPHHPHPHPHPHPPPPHPP
253,HHPPHHHHPPHPHPHPPHPHPPHPP
254,PPHHPHHPHPPHHHHHHPPHHHHPP
255,PHHHPHHHPPHHHPHHPPPPPHPHH
256,PHPPPPHHPPHHHHPPHPHPHPHPH
257,HHPHHHHHPHHPPPHHHHPHHHHHP
258,HPHPHHPPPPPPHPPPPHPPHHHPP
259,HPPHHHPPHHHPPPPHHHHPPPHHH
260,PHPHHPPHPHPPPHPHPPHHHPPHH
261,HPHPPHHHPPPHHPHHPHPPHPPHP
262,PHPPPHPHPHPPPPPPPPHHHPHPH
263,PPPHPPPPHPHPHHHHHPHPHPHHH
264,PHHHHPHPHPPPHPPHHPPPHPHHH
265,HHPPPHHPPPHHHHHPPPHHPHHPH
266,PHHPPHHPHHPHHPPHHPHHPPHHP
267,HHPPHHHHPHHPPHPPPPPHPHHHP
268,HHPPPHHPPHPHHHPPPHHHHHHHP
269,PPHHHHHPPHHHPHPPHPHHPPHPP
270,HHPPPPHHPPPHHHHPHHPHHPHPP
271,PHHHPHHHPPPHHPPHPPPHHHPHP
272,PHPPPPPHHPHPHHPHHHPHHPHHH
273,PHHPPPPPPPHHHHHPHPHPHPHPH
274,HHHHHHHPHPPPPHPHHHHHPHPPP
275,PPPHHHHHPPPHHPPHHHHHHHPHH
276,HPHPPHHPPPPPPHPPPPPPHHHHP
277,HHPPHHHPPPHPHPPHHPPPHHHHH
278,HHHPHPHPPPHPHPHHHPHHPHPHP
279,PHHHPPPPHHHHPPHHPPPPHPPHP
280,PHPPHHPPPHPPHPHHPPPPHHHPP
281,PPHPPPPHHPPHPPPPHPPPHPHHP
282,PPHHHPHHPHHPPPHPPPHHHHHPP
283,PPHHPPHHHHHHPPHPPPPHPPPPP
284,PPPPPHHHPHHPPHHHPHPHHHPHH
285,PHHPHPHHPHHPPHPHPPPPHPHHH
286,HHPHPHHHPPPPHHPPPPHHPPPPH
287,HPPPHPPPHPPPHHHHHPHHPHHPH
288,PHHPHHPPHHHHPPHPPPHPHHPHH
289,PHPHHHHHPPPPPPPPPPPPHHHHH
290,HPPHHHHPHPPHPHPHPHHHPHPPH
291,PHPHPPPPHHPHPPPHHPPPHHPPH
292,HPHPHPPPHPHPPPPPHPHHHHHPH
293,HHPPPPHPHHHPHPHPPPHPHHPPH
294,HPPHPPHHHHPHPPHHHHHHHPHPH
295,HHHPPHPHHHHPHHPPPHHPHPPHP
296,HPHHPHHPPPPPHPHPHPHPHHPPH
297,PPHHHHHHPPPPPPPPPHHPPHHHH
298,PPPHHHHPPPPPHHPHPHHPPHHHP
299,HHPHHPPPPHHHHHPHHHPPHPPPH
300,HHPPPPHHPHHPHPPHPHHHHHPPP
301,HHHHHHHPPPHHHHPHHPHPHHPHP
302,HHPHHHPHHPHHPHPHHHHPHPHHP
303,HPHPHHPHPPPHHHPPHPHHPPPHH
304,HPHPPPHHPPPPPHHHHHPHHHHPP
305,PPPHPPPHPPPHPHPPPHHPPHPHP
306,PPPPHHHPHPHHHPHPPPPPPHPPP
307,PHPPHHHPPPPPHHPHHPHPHPPHP
308,PHHPPHHPPHPHPPHHHHPHHHPHP
309,HHPPHPHPHPPHPPHPHHPHPHHHH
310,PPPHHPHPPHHPHHPHHPPPPPHHP
311,HHPHPPHPPHHHHPHHHPHHHHHHH
312,HPPHPPPHPHHPHPPHPPPHHPPHP
313,PHPPHPPPPHHHPPHPPPPHPHHPH
314,HPHHPPHHHHPHHHPPHPHHPPHPP
315,PHPHHHPPHPPPPPHHPPHPHHPHH
316,HHPPHPPHPPPPPHPHPHPHPHHPP
317,PHPHHPPHPHPHHPPPHPHPPPHHP
318,PHPHHPPHPPPHPHHHHPHHPHHHP
319,PHPHPHPPPHPHPPHPHPHHHPHPP
320,HPHPPPHPHHHHPPPPPHPHPHPHP
321,HPHHHPPHPPPHHHHPPPPHPPHHP
322,HHPPPPPHPPHPHPHPPPPHHPHHH
323,PHPPHPPHPHHPPPHPHPPHHPPHH
324,HHHPHPHHPPHHHPHHHPHHHPHPP
325,PPHPHHPHPHPPHHHHPHHHPPHHP
326,HPPHPPPHPPHHHPHPHPHPHPPPP
327,HPPPHHHHHHPPHPPHHHPPPHHHP
328,HHPPPHHPHHPPPHHPPHPHPPHPH
329,PPHPHHPPPPHHHPHPPPHHPHPPH
330,HPPHPHHHPPPPPPHHHHHHPHPHH
331,HHHPPHPHPHPHPPPHPHHPPHPPP
332,PHPHPPHPPHHPPPHHHPHPHHHPP
333,HPHPPHPHPPPPPHHHPHPHHPPPP
334,PPPPPPHPPHPHPPPHPPHPPHHHP
335,HPPHPHPPPPHPHPHHPPPHHHHHH
336,HPPHPHHHPHPPHHPPHPHPHPPHP
337,PPPHHPHPHHHHPHPHHHHPPPHHH
338,HPHPHPPHHHHPHHPPPHHHHPHPH
339,HPHPHPHPPHHPPPPHHPPHPPPHP
340,PPPPHHHHPHHPPPPPPHPPHPPPH
341,PHHPHPPHPPHHHHPPHHHPHPPPP
342,HPHPPPPPHPPPPPHHHPPPPHPPP
343,HPPPHPPHHHPPHHPPPPHHPPPPP
344,HHHHPHPPHHPHPHPPPHHHPPHPP
345,HPHHPHPPPPPHHHHHPPHPPHPPH
346,PPPPPHPPPHHHHPPHPHPHHPHPP
347,HHHHHHPHPHPHHHHPHPHPPPHPH
348,PHPPHHPHPPHHHPPHPPHHHPPPH
349,HHPHPHPHHPHPHHPHHPPPHPPHP
350,HPPPHHHHPHPPPPHHPPHHHHPPH
351,HPPPPHPPHPPHHHPPPPPHPHHPH
352,HPPPHHHHPHHPPPHPPPPPPPPPH
353,HPHPPHHHHPHHPPHPHHHHHHHPP
354,PPHPHPHPPPHHPPHHHHHPPPHPP
355,PHPPHPPHPPPPPHPPHPHPPPPPP
356,PPPHHPHPHPPPHHHHHPPHPPHHP
357,PHHPPPPPHHPPPPHHPHHPHPHHH
358,HPHPHHHHPPHHHPHHPPHPHPHHH
359,PPHPPHPPPPPHPPPHHPPHPPPPP
360,PPPHHHHHPPHPPPHHHHHHPHHHP
361,PPPHHHHHHPHPPPHHPPHPHPHHP
362,HPPHPHHPPPHPPHPPPHPHHHPPP
363,HHHHPPHPHPPHHHPHHPHPHPPPH
364,PPPHPHPPHPHHPHHHHPHPPPPPH
365,PHHPPHPHHPPPPPHHHHPHHHPPP
366,PHPHPHHPHPHPHHHHPHPHPPPPP
367,PPHPHHPHPHHHHHHPPHPPPPPPP
368,PPPPPHPHPHHHPHPHHPPHPHHPH
369,PPPHPHPHHHPHHPPPHPHHHPPPP
370,HHHPPHHPPHHHPHPHHHPPPHPPH
371,HHPHHHPPHHPPHHPPPHPPPHPHP
372,HHHPHHHPPHPHPPPHHPHPHHHHP
373,PHHHPPHPPHHPHHHHPPHPHHHPP
374,HPPPHPPPHHHHPHPPPPPHHHHPP
375,PHPPHPHHHPHPHPPHHHPPPHPHH
376,HPPPHHHPPHHHPHHHPHPPHHHPH
377,HHHPPPHHHHHHHHHHPPPHPHPHP
378,HHHHPHPPPHHHPPHHPHPPHPPHP
379,PHPPPPPPPHHHHPPPPPPPHHPPP
380,HPPHHHPHHPHHHHPHHPPHHPPHH
381,HHHHHPPHHHHHPPPPPHPHHHPPP
382,PHHPPPHHPPPHHHPPPHHPHPPPH
383,PPHHPHPPHPHHHPHPHPHPHHHPP
384,HPPHPHPPHPHHPHHPHHPHHPHHH
385,PPHPPHPHHPHHHPPHPHPPHPPPH
386,HHPHPHPHHPHPHPHHHHPHPPPHH
387,HHPPPHPHPHPHHPHPPHHHPHHHH
388,HPPHHPHHPPPPPPHPHPHHPPHPH
389,PPHPPHPPHHPPPPPPHPHHHPHHP
390,HHPPHHPHHPPHHHPHPHHHHHHPH
391,HPHHHPHPHPPPHHHPPPHHPPHPH
392,HPHHPPPPPHHPHPPHHPPHPPPHH
393,HHHHHPHHPPPPHHHPHHPPPPHHP
394,PPHHPHHHPPHPHHHHPPPHPPHPH
395,PHHPHPHHPPHHPPPHPPHPHHPPP
396,PHHHHHHHHHPPHPHHPPHPPPPHP
397,PHHHHHPPPHHPHHPHPPPPPPHHP
398,PPPHHPPPPPPPPPPHHHHHHHHPH
399,HHPPPPPPPPHPHHHPPHHPPHPHH
400,PHHHPHHPPPHPPPHHHPPPPHPPP
401,PPHHHPHHHHHPPHHHPPPHPHHHH
402,PPHHPHPPHHHPHHPPPHHPPHHHP
403,PPPHPPPPHHHHPHPHPPPPPPPPP
404,PHPPPHPHHPHHPPPHHHPPHPPPH
405,HHPPPHHPPPPPHHHHPPHPHPHPH
406,PHHHHHPPPPHHHHHHHHHHPHPPH
407,HHHHHPHHPHHHPPPPHHHPPHHPP
408,HHPPPHHHPPHHHHPHHPPPPHHHP
409,HHHHPHHHHPHPHPPPPPPPHPHPP
410,PPHHHHHPHHHPPHPPHHHPHPPPH
411,HHPPHPPHPHHPHPHHHPHHPHHPH
412,HPHPPHPHHHHHHHPPHHHPHHHPP
413,PPPPPPPPHPHPHPPHPHHPHPHPP
414,HPPHHPHPHHHHHPPPHPHPPPHHP
415,PPPHPHHPHPPPHPHHPPPHHPPPH
416,HPPPPPHPPHPHPPPPHPHHHPPPP
417,HHHHHPHPHPHHPHPHPHHPHHPHH
418,PHPPPHPHPPHHPPPPPPHHPPHPP
419,PHHPPPPHPHPHHHPPHHHHHHHPH
420,PPHPHHHPHHPHPHPPPPPPPHPHH
421,PHHHHHHPHHPHPPHHHPPPPPPPP
422,HPPPPHPHPHPHHHPHPPPHPHPHP
423,PPHHPHPPPPPPPPPHHHHHHPPHH
424,HHHPHHPHPPHPPPHPPHHPHHHHP
425,PHHPPHHPHPHHPHPHPPHPPPHHH
426,HHPPPHHPPPHPPPPPHHHHPPHHP
427,HPHHHPHHPHHHPPHPPHPHPPPPH
428,HHHPHHHPHPHHHHHPHPPHPPHPH
429,PPPPHHPHHHPPPHHPPPHPPHHPH
430,PPHPHPPPPHPHPPPPPHHPPPPHP
431,PHPHHPPPPPHHHPHHHHPHPHPPH
432,HHPPHPPHHPHHHHHHHPPHHHPHH
433,HPPHHPHHPHHHHHPHPPPPPPHHH
434,HPPHHPPHPHHHHHHPPPHPPHPPH
435,PHHHPPPHPHPHPHHPPHHPPHPPH
436,PHHHHHHPPPPPHPPHHPPHHPPPH
437,PHHPPPPPPPHPPPHHHPHPHHPPH
438,PHHPHHHPPPPHHHHHHPHHHHHPH
439,HPPHPPPPHPPHPHPPPPPHPPHPH
440,HHPPHPPPHHPHPHPPPPHHPHPHP
441,HHPPHHPHPHPHHHHPPHHPPHPPH
442,HPPHHHHPPPHPHHHPHHPPPHHPH
443,HHPHHPHHPHHHPHHPHPHPPPHPH
444,PHHHPPHPPPHHHHHPPHHPHHPPP
445,HPHHHPPPHHPPHHHPPPHHPPPPP
446,PPPPHHPPPHPHHPHHHPHPHPPPP
447,PPPHPHHPHHPHPPHPHPHPHHPHP
448,HPHHPHHHHPPHPHHPHHHPHPHHP
449,HHHHPHHHPPPHPHPHHHPHHHPPP
450,HHHHPHPPPHHPHHHPHPHPPPHHH
451,PPHPPHHPPPPHPPPHPPHHPPPPH
452,PPHHPPPPPPPPHPPHPPHHHPHHH
453,HPPPHPPHHHHHHPPHHHHPPHPPH
454,HPPHHHHHPHHHHHHHHPHHPHPPP
455,PHHPPPHHHHPPPPPPPHPHHPHHH
456,HPPHPPPHPPPHHHPPPHPHHHPHH
457,HHPPPPPPPHPPHHHPPPPHHHHPP
458,HHHPPHPPPPHHHHHHPPPHHHHHP
459,PPHHPHHHPPPHPHPPHPHHPHPPP
460,HHPHPPPPHPPPHHHPPHPPPPHPH
461,PPHHPPHHPHPPPPPHPHHHPHHPP
462,HPPPHHHPHHHPHPPHPHHHPPHPP
463,HPHHPPHPPPHPHHHHHPHPPHPHH
464,HPHPPHPPHHHHHHHPHHHPHPHHP
465,HHPPHHHHPHHHHHPHPHHPHHPPH
466,HHHHHHHPPPHHHHHHPHPHPPPHH
467,PPPPPPHPPPHHPPPPPPPPPHHPH
468,HPHPHPPPHHHHPHPPHPPPPHHHH
469,PHHPHPPHHHPPPHHHHPPPHPPPP
470,HPHPHPHPPHPPPHPPHPPPHHHPP
471,HPHPPPPHPHPPHPHHHPHPPPPHP
472,PHHPHPHPHHHPHHPHPHHPPHPHH
473,PHHHHHPPPPHHHHPPHPPHPPPHH
474,HHHHPHPHPHHHHPPPHPPPPPPHP
475,PPHHPPPHHHPPHHHHHPHHPPPHH
476,HPPHPHHHHPHPPHPHHHHPPHPPP
477,PPPPPHPHPHPPPPPHPHHHPPHPP
478,HPPHHPPPHPPHHHPHPPPHHHPHP
479,HHHPHPPHHHHPHHPHHPHHPPHPH
480,HHHHPHHHHPHPPPHPHHHHPPPHP
481,HHHHPPPPPHHHPHHHPHPHPPPHP
482,HHPPHHHHPPHPPHPHHPPPPPHPH
483,PPHHPHHPPPPPHPPPHHPPPPHHP
484,HPHHHHHPHHPHHHPHPHPHPHPPP
485,HHHPHPHHPPHHHHHHHPHPPPHHP
486,HHHPPHPPHPPHPPHPHHHPPHPPP
487,HHPHPPPPPPHHHHHPHHHHPPPHP
488,PHHHPPHHPPHPHHHPHPPPPHHPP
489,PPPPHHPHPHHHPHHPHHHHHPPHH
490,PHHHPHHHHPPHPPHPPHHPPPPHP
491,HHHPPPHHHPPPHPHHPPPHHPHHP
492,PPPPHPHHPHPHPPHPPPPPPPPPH
493,HPHHHPPPHHHPPHPHPPHHHHHHP
494,HHHHPPHHPPHHHHHPPPPHPHHPH
495,HHHPHHPPHPHHPPHPHHPHPHPPH
496,HHHPPPPHPHHHPPHHHPHPPHPHH
497,PHPHHHHPPHHHHPHHHHHHHPHPP
498,PPPHPHHPPHHHPPPHHHHHHHPPP
499,PPHHHHPHPPHHHPHPPPHPHPPPP
500,PHPHPPPPHHPHHHHHPHPHPPPHP
501,PHPHHPPPHPHPPHPPPPHPPHHPH
502,PHHHPPHPPHPPPHPPHPPPPHPHH
503,HHHPHHPHPPHHHPHHPHPHHPPPP
504,HHPPHHPPPHPHPHPHHPHPHPHPP
505,PPPPHPPHPPPPPHPPHHHHPPHHP
506,HHPHPHPPPHHPPPHHHHHPHPHHP
507,PHHPHHPPPHPHHHPPPPPHPHHPP
508,PPHPHPPPHHPPPPHHHPHHPPPHH
509,HPPPPPPPHPPPHHHHPPPHPPHHP
510,HHHPHPPHHHPPPHHPHHPPHHPPH
511,PHPHHHPPPHHPHPPHPHHPHHHPP
512,HPPHPPPHPHHPPHHHHPPHHHHPH
513,HHHPHPPHPPHPPPHHPPPHHHPPH
514,HHPPPHHPHHHPPHHPPHPPPHHHP
515,PPHHHPHHPHPHPHHHPHHPHHPPH
516,PHHHHPPPPHPPHHHPHPPHPPPPH
517,PPPPHHHHHPPHPHHHHPHPHPPPH
518,HPHPPHHPPHPHPHHPPPPHHHHPH
519,HHHHHPHHHPPHHPPHPPHHPHHHH
520,PHPPPPHPHPHHPPHPPHPHPHHPP
521,PHHPPPPPPHPHHHHHHHPHPPPHP
522,PPPPPPPHPHPPPHHHHHPPPPHPH
523,HHHHPHPHPHHHHHHPPPHPPHPPP
524,HPHHHHHHHPPPPPHHHPHPHPHPP
525,PPPPHHHHHHPHPHHHHPHPHPPPH
526,HPHPHHPPHHPHPPHPHPHPPPPPH
527,HHPHHPHHPPHHPHPPPPPHHHPPP
528,HPHPPHPPHHPHPPHPPPPHHHPPP
529,HHHHPHPHHHPHHHPPPHHHHHHHH
530,PHHHHPHPPPPHPHHHHPPHHHHPP
531,PPHHHPPPPPPHHPHPHPHPHPPPP
532,HHPPPHHHPPHPPPPPHPPHPPHHP
533,HHPHHPHPPHHPHHHPHPPPPHPPH
534,HPPPPHHHPHHPPHHPPHPPHPHHP
535,HHPHPPHHHHHHHHPHHHPHHHPHP
536,HPHPPPHPPHPPPPPPHPPPHHPHH
537,HPHHPPPPPPPPHHHHPHHHPPHPH
538,HPPPHPPPPPPPPHHHHHPHPPHPH
539,HPHPHPHPHHHPHHPHHHPHPPPPP
540,PHPPPHPHPHPHPPPPHPHHPHHPH
541,HPHPPHHHHHHPHPPHPHHHPPHHH
542,HPPHHPPHHHHHPPHPPPPPPPHPP
543,HPPHPHPHHPHPPPPHPPHPPHPHH
544,PPHHPHHPHHPHHHPHHPPPHPPHP
545,HPPPHPPPHPHHHHHHHPPHHPHPP
546,HHHPHPPHPPHPHHPHPPPHHPHPH
547,HHHPHPPPHPHHPHPPPHHPHPPPH
548,HPPPPHHPHPPHHHHPHHHHPHHHP
549,HHPHPHPHHPHPPHPHPPHHPHPHH
550,PPHHPHHPPPHHPPPHHPHPHPHHP
551,PHPPHPHPHPHHHHHPPPHHHHHHP
552,PHHPHHPHPPHHPPPHPHPPHHPHP
553,HHHHHHHPHHPPPHPPHPPHHPPHP
554,HPPPPPPHHHPHPPHHPHHPHHHPH
555,HHPPHHHPHPHHPHPHPHPHPPPHH
556,PPPPHHHHHHHHHPHPPHHPPPPHP
557,HHHPPHHHPPPHHPPHPHPHHPPHH
558,HHHPPHHHHPPHHHPPPHPPPHHHH
559,HHHHPPHPPPHPHPPHPPPPPHHHH
560,HHHPHPHHPHPHHHPHHHPPHPHHH
561,PPHPPPPPHPHPHPPHPHPPHHPHP
562,PHHHPHPPHPHPHHHHPHPPHPHPP
563,HHPPPPHPHHPPHHHPPPPHPHPPH
564,HPPPPHPHHHHPHHPHPHPHPPHHP
565,PHPPHPHHPPPHPHPHPHHPHPHHH
566,PPHHHPHPHHPPHHHPPPPHHHPPH
567,PPHHHHPPHHHPPHPPPHPHPHHPH
568,HPPHHPPPPHHHHHPPPHPHPHPHH
569,HHPHHPHPHHPHPPHPPHPHPHHHH
570,PHHPHPPPHHPPHPHHPHHHHPHHH
571,PHHHHHPPHPHPHPHPPPHPHHPHH
572,PPHHPPHPPPPHHPHHHHHHPHHHP
573,PPHHHHHHPPPHHHHHPPHPPPHHP
574,PHPHHPPPPPPPPHPPHPPPPPPPP
575,PPHHPPPHHHPPPPPPHHHPPHHPH
576,PHPPHHHHHPHHPHHHPPHHPPHPP
577,HPHPHHHHPHPHHHPPPHPPPPPHH
578,HPPPHHPPHPPPPPPPHPPPHPPHP
579,PHPHHPHHHPHPHPHPPHHHPPHPP
580,HHPHHHPPHPPHPPPPHHPPHPPHP
581,PHHPPPHPPPHHPHPHPPHPHPPHP
582,HPPPHHPHHPPPHHHPHPHHPHPPP
583,HPPPPHHPPHHPPPHHHHHHHHHHH
584,PPPHPHPPHPHHHHPHPPPPPPPHH
585,HPPHHPPPHHHHHHHPHHHPHHPPH
586,PHHPPPPHHHHHPPPHPPPHHPHHH
587,HHPHHHPPHHHHPPPHPHPHHPPPH
588,PHHHHPHHHPHPHHHPHHHPHHHHP
589,PPHPPHHPHHHHHHPPPPPPPPHHH
590,HHHPHPPHPHPPHHPPHPPPPHPHH
591,HHHPPPHPPPPHPPPPPHPPPPHHH
592,PPPHHHPHHHPHPPPHPPHHPHPPH
593,PHPPPHHHHHHPHPPHHHHHHPHPH
594,PPPPPPPPPPHPPHHPHPPPHHHPP
595,PHHPHPPHPHHHPHHPPPHHHHHPP
596,HHPPPHHPPHPPHPPPHPHHHHHHP
597,PHHHHPHPPPPPHPPHHHPHHHHHH
598,HHHPHPHPHHHHPHPHHHPHPHPPH
599,HHHPPPPPHPHPPPPHHHHHHHPPP
600,PPHHPHHHPHHHPPHPHPHPPPPHP
601,HHPHHHHHPHPPPPHPHHPHPHHHH
602,HPHPPPPPPPHPPHHPPPPHHPPHH
603,PPPPHHPPHHPPPHHPPHHHHPHPH
604,HPPPHPPHHHHHPHHPPHPPHHHPH
605,PPPPHHHHHHHHHHHHPPHPPPHHH
606,HHHHHPHPHPHPPPPHHPPHHPPPH
607,PHHHPPHPPPHPPPHHHPHHHHHPH
608,PPPHPHPHPPHPPHHPHPPPPPHPP
609,HPPHPPHHPPHPHHPHPPHHPPPPH
610,HPHHHPPHPPHPHPPHHHPHPHHPH
611,HHPHPPHPPHHPPHHPHHPPHHHPP
612,PPHPHPHHPHPHPHPHPPPPPHPHP
613,PHHHPPPPHHHPHHPPHHPHHPPPP
614,HPPPHPHHPPPPHPHHPHHHHHHHH
615,PPHPPPHPHPPPPPHHHHHHHHPPP
616,HHPHPPPPHHPHPPHPPPHHPPPPP
617,HPHHHHHHPPHPPHPHPPHPHHPHP
618,PPPHPPHHHHHHHHHHHHPHHHHPH
619,PPPHHHHHPPPPPPPHHHPPPHHHH
620,PHHHHHPPHHHPHPPHHHPHHHPHH
621,PPHPHPHPPHHHPHPPHPHHHHPHP
622,PPPPPPPPPHHPHHHPPPHPHHHPP
623,HPHHPHPHHHPHPHPPPHPHHPHPP
624,HPHPPHHPPPHPPPHHPPPPPHHPH
625,PPPHPPHHHHPHHHPHPHHPHPPHP
626,HPHPHHPHHHPHPPPPHPPHHHPPP
627,HPPHHPHHPHHPPPHPHHPHHPHHP
628,HPPHPHHHPPHPPHHPHPHHPPPHP
629,HHPHPPHPHPHHHHPPHPHHPPHHH
630,PHHPPPPPPHPPPHHPPHHPPPPHH
631,PPHPHHHHHPPPHHPPPPPHHHPHH
632,HPHHHHHHPPHHPPPHPPPPHHPHP
633,HPHHHPHHPPHHHHHHHHPHHHHPH
634,HHHPPHPHHHHHPHHPHPPHPHPPH
635,HHHHHHHHHPPHHHHPPHPPPHPPH
636,PHHHHPPPHPHPPHPPHPPPHPHPH
637,HPPHPHPPPHPHPPPPHPPHHPHPP
638,PPPPHPPPPPPPHPPHPPPPHPPHP
639,HPPPHHHHPHPPHPPHHPHHPPHHH
640,PHPPPHPPHHPHHHHPHHHHHHPHH
641,HPHPHHHHPPPHHHPPHPHHPPHHH
642,PHPPPHPPPHPPPHHPHHPPHHPPP
643,HPHPPPHHPHHHPHPPPHHHHPHHH
644,HHHPHPHPHPHHHPPHPHPPPPHHP
645,PPPHHHHPHHPHHPHPPHHHHHPHH
646,PHPHHHHHPHPHPPPPPPPHPPPHH
647,PPHHHPPHHPHHHPPPHHPHPPPPP
648,PHHPPHPPHPHPHPPPHHHPHPHHP
649,PPPHHPPPPPHHPPPPPHPPHHPHH
650,PHHHHPPHPHPPPHHHHPPHPPHHP
651,HPHHHPPHHHPPPPHPHPPPPPPHP
652,HHPPHPPPHHHPHHHHPHHPHHPPP
653,HHPPHHHPHPHHPHPPPHPHPPPPP
654,HHHHPHPHHHPPHHPPPHHHHHHHP
655,PPHPHPHHPHHHHPHHHHHHPPHHP
656,HPHPHPPPPPPPHHHPHPPHPPPHH
657,PHPHHHHHHPHPPHPHPPPPHPPPP
658,PPPHHHPHPHPPHPHHHHPHPPHPH
659,HHPPHPPHPHHPPPHHPHHPHHPPP
660,PPHHHPPHPPPHPPHPPHPPHPPPP
661,HHHHPPPHPHPHHPHHHHPPHPPPH
662,PHHPHHHPHHPPHPHPHHPHPPHPH
663,HPPHPPHHHPHPPPPPPHPHPHHHP
664,PPHHHHPPPPPPHHHPHPPPHPPHP
665,PHPHPHPPHHPHPHPHPPHHPPPHH
666,PPHPPHHHPHPHPHHHHPPPHHHPP
667,PHPHPPHHHHHPHHPPPHPHPPHHP
668,PHHHPPPHHPHHPHPPPPPPPPPPP
669,PHPPHHPPHPPPPPPPHHHPPHHPP
670,HHPHPPPPPHPPPPPPPHPPPPPPP
671,PHHHPHHPHPPHPPHHHPHPHPPPP
672,PPPHPPHHHPPHPPPPPHPHPPHPP
673,PHPHHPPHHPHHHHHHHPHHPHHPH
674,PHHPPPPHHPPHPHPPHHHHPPHHP
675,PPHHHHHPHPPPPHPHHPPHPPHHP
676,PPPPPPPHHHPPPHPPPPHPPHHHP
677,PPHHPHPHPHHHPPPPHPPPPPHHP
678,PPPPPPPHHPHHPHHHHPHPHPPHP
679,HHHHHHPHHHPPPPHPHPPPHHPPP
680,HHHHHHHPPHPPPHHHPHPPPPHPP
681,PPHPPHHHPHPPPPHHPHHHPPPPH
682,PHHHPPHHHHPHHPPPHPHHHHHPP
683,HPPHPHPPPPPPHPPHHPPPPHHHP
684,HPPHPPHHPHPHHHHHHPHPHHHPP
685,HHPPHHPPPHHPHPPHPPHPHPHPP
686,HPPPHPPPPHPPPHHPPPPPHPHHP
687,PHPHHPHHPPHHPHPHPPPHHPPHP
688,HPPHPPPHPPPPHHPPHHHHHPPHP
689,PHPHHPPHHHPPHHPPPPPPHHHPH
690,HPHHPPPHPHPPHPHPHHPHPHHHP
691,PHHPPPHHPHHHPPHHHHPHHPHHH
692,HPHHHPPHPPHPHPHPPPHHHHHHH
693,HHPPHHHHHHHPPHHPPHHHPPPHP
694,HPHPHPPHHPPPHHPPPHHHHPPPH
695,HPPHPHHHPHHHHHPPHHHHPPPHH
696,HHHPPPPPPHPPHPHPHPPPPHPPP
697,PHPPHHPPHPHHHPHPPPPHPPPPH
698,HHPPPPPHPHHHHHPPPPPHHHHPH
699,PHPPPHHPPHPPHHHPHPPHPPPPP
700,PPHHHHHHHPPPPPPPPHPHHPPHH
701,PPHHHHHPPHPHHPPHHHPPHPHPH
702,PPHHPPHPPPHPHHHPPPPPHPHHP
703,PHHPHPHPPPPPHHPPPHPHPHHPP
704,HPPHPHPHHHPHPPPPPHHHHHHPH
705,HPPPHPHHHPPHHPPPPPPPHPPPH
706,HPPHHHHPPPPHPPHPHHHPPPHHH
707,HHPPHHPPPHHPPPHPPPHPPPHHH
708,PPPPHHPHPPHPPPPPHHHHPPPHH
709,PHHPPHPHHPPPPPHPHHPPHHHPH
710,PPPPHHHPHPHPHHHPPHHHPPHHH
711,PHPHPHPHHPPHHPHPHPPPHHPHP
712,PPHHHHHHHPPPPPHHHHPHPHHHP
713,HPPHPPPPHHHPHPHHPHPHHPHHP
714,PPHPPHPHPHHPHHHPPHPHHPHPP
715,PHPHPHPPPHHPPPHHPPPHHHPPP
716,PPPHHHPPHHPHPPHPHHPPHHPHH
717,HPHPPPPHPHHHHPPHPHPHPPPPP
718,PHHPHPHHPPHPPPHHHHHHHPHPH
719,HPHPHHHPHHPPPHHPHHPPHHPPH
720,HPPPHHPPPPHPPPHHHPPHPPPHH
721,PHHHHPPPPPPHPPHHHPPHHPHPH
722,PPPPPHPHPPPHHPPHPPHHPHHHH
723,PHHHPPHPPPHHPPHPHHHHHPPHP
724,PHHPPPPPPPPHHHPHHPHPHPHHP
725,HHHHHHPPPHHPHPPPHHPPPPHPP
726,HHHHHHHHPPHHHPHHPHHPHPHPH
727,PHPHHHPPHHHHHPHPPPPPHHPPH
728,HPHPHPPHPPPPHHHPPHHHHPPHP
729,PHPHHPHHHHPPPHPHHPHHHHHPP
730,PHHPHHPHPPHPPHPHHHPHHHHPH
731,HPHHPHPHPHHPHPPPPPHHPPHHP
732,HHHHHPPHHHHHPPHHHHPPPPPHP
733,HPPHPPPPHPHHPHPHHPPPPHHPP
734,PHHHPPHPPHPHHPPHPPPHPPPPP
735,PPHPHHHHPPHHHHPHPHPPPPPHP
736,PPPPHHHPHPPPHPPPHHPHHPPHH
737,HPPHPHPHHPHHPPPHHPPHHPHHP
738,PHPPPPPHHHHHPPPHPHHPHPPHH
739,PHHHHPPPHPPHHPHPPHPPHPPPP
740,HHPPPHPHHHHHHPHHPHPPHPPHH
741,PHPPPHHHHPHPHHHHHHHHHPPHH
742,PHHHHHHHHHHPPHPHPHHHPHPPP
743,HPPPHHPPPPPPPPHHHHPHHHHHP
744,PPHHHPHHHHPHPHPPPHPPHHHPH
745,PHHPHHPPHHHPPHHHPHPHPHPHH
746,PHHHHPPPHPPPPHPHPPHHPPHHP
747,HPPHHHHPHHHPPPPPHHHHPHPPP
748,HPPHHHHPHPPPPPPHHPHPPPHPP
749,PPPPHPHHHHPHHHPHPHPHHHPHP
750,PHPPPHHHPPHHPHPHHPPHHPPHH
751,HPPPPHHHPPHHHPHPPHPPHHHPP
752,HPPHHHPHHPHPHHHPHHPHHPPPP
753,PHHPHHHPPHHHHPHPPHPHPPHPP
754,HPHPPPHPPPPHPPPPHHHPHHPHP
755,HPHPHPHHPHPHPPHHPHPPPHHHP
756,HHPHPHPPPHHPPHPHHHHHHHPPP
757,HPHPHHHPPHHHPPPPPPHPPHHHH
758,PPHPPHPPPHHPHHPHHPPPHPPHP
759,PHHPPPPHPHPHPHPPHPPPHPHHH
760,PHPHPHPHHHHHHHHHPHPHPHPHP
761,PHHPPHPHPHHHPPPPPHHPPPHPP
762,HPPPPPPHHPHHHPHHHHPPHPPPH
763,HPHHPPPPPPPPHHHPHPPHPHPPP
764,PPPPPPHHHHPHPHHHPHPPPHPHP
765,PPHPHHHHPHPPHPHHHHHPPHHPP
766,HPPPHPHHPPPHHHHHHHPHPPHPP
767,PHHHHHPHHPPHHPHHHHPHPHPPH
768,PHHPPHPHPHPPHPHHHPPPPHHPP
769,PPPHPPPPHPPPHHPPHPPHPPHPH
770,HHPHHHHHHPPHPPPHHPHHHHHHP
771,PHPHPHPHPHPHHPHPHPHHPPHHP
772,HHPPPHHHPHPPHHPHHPPPPPHPH
773,HHPPHPPHHPPPHHHPHPPHPPPHH
774,HPHPPPPHHPPHHHHHHPHPHPHHH
775,PPHPPHHPHHPPPPHHHPPPHHPHP
776,HPPHPPPHPPHHPHPPHHHHPHHHH
777,HHHPHPHPHPPHHPHPPHPPPHPHH
778,PPHHHPHHPHHPPPPPPHHHPPHPH
779,PHHPPPPPPPHHPHHHHHPPHHHPH
780,HHPHPHHHHHHPHPPHHHPPHHPHH
781,PHPHPPHPHPHHPHHHPPPHHHHHH
782,HHPHPHHHPPHHHHPHPPPHPHHPP
783,HPPHPPHPHPPPHPPHHPPHPPHHP
784,HHHHPHHPPHPPPHPPPPPPPHPHP
785,PPHPHPPHPHHHHPHPPPHHHHPPH
786,HHHPPHPPHHHHHHPHHPHHPHHHP
787,PPHPHPPPPPHHPPHPHPHHHPHHP
788,HHHPHHPPPHPPHHPPHHHPHPPHH
789,PPPPHPHPPPHHPHPPPPHHPHHHP
790,HPHHHPPHPHPPPPPHPHPHPHPHP
791,PPPPPHHPHPPPPPHPHHPPPPPHP
792,HHHPPHHHPPHHPPHPPPPPPHPHP
793,PHHPHHPPPHPPHPHPHHHHHPPHH
794,HHPPHHHPPHHPPHPHHHPPHPHHP
795,HHHPHHPPHHPHPPHPHHHPPPPPH
796,PPHPHHPHHPHPPHPHHHHPHHHHH
797,PPHHHPPPPPPHPPHPPHHPHHPPH
798,HPPPHHPPPHHPPPPHHPPPPHHPH
799,HPPHHPHHHHPHHPPPPHHPHHHPH
800,HPHHHHPHHHPHPPPPPPPPPHPPH
801,HPHPHHPPPHHPHPPHPHHPPPPPP
802,PPHHPHHPPHPHHHHPPHPHHPHPP
803,HHPPHHHHHPHHPPPPPPPPHPPPP
804,HHHHHHHPPHPPPPHPHHPHHPHHH
805,HHPHPHPHHHHPHHHPPPHHHHPPH
806,HHHPPPHPPHHHPPHPHPHPHHPHP
807,HHPPHHPHPPHHPPPHPPPPHHHHP
808,PHHPPHPPHPPPHHHHPHHPPHPPH
809,PPHHHPHHHPPHHHHHHHPPPHPHH
810,HPHHPHPPHPPPHHPPPPHHPHPHH
811,PHHHHPHHPPHPHHHHPHHHPHHPH
812,HPPHPPHHHPHHHPPHHHPHHHHPH
813,PPPPPHHHHPPPPPHPPHPPPPHPH
814,PPHPPPPHHPPPHHPPHPHHHPHPH
815,HHHPHPPPPHHPHPHPHHPHHPPHH
816,PHPPHHHHHHHPPHPPHHPPPHHHP
817,HPPHPHHPPHHHPHPHPHPPPHPPH
818,HHHHPHPPPHHPHPHHPHHPPHHPH
819,HHHHPHPHHPPHPHPHPHHPHHPHH
820,HHPPHPPPHHHHHPPHHPHPHPHHH
821,PHPHPHHPHPPHPHHHHHPHHPHHP
822,PHHHPPPPHHPHPPHHPHPPHHHPH
823,PHPHPHHPPHPHPHHHPPPPHPPPH
824,PHPPPHPHPHHHPHPHPHHPHHPPH
825,PPHPPPHHHPPHHHHPPHHHPPPPP
826,HPHPPHHPPPPHHPPPHHHPPPPHH
827,HPHPPHHPPHPHPHHPHPHPPHHPP
828,HHHPHPHPHHHHHHHHHHHHPPHPP
829,HHHPPPPPHPHHPPPPPHHPPHHPH
830,PPPPPPPHHPPPHHHPHHHHPHHPP
831,HPHPHHPHHPPHHPHHPHHHPPHHH
832,HPPPPPPPHPPHHPPPPHHPPPHHP
833,PPPPHHPPPPHPHPHHPHPHPHHHP
834,HPPHPHHHPHPPPHPPPPHHHPPHP
835,HHHHPPHPPPPPPPHHHHHPPPPPP
836,HPHPHPPPHHPPPHPPPHHPPHHHH
837,HPHHPHHPHHPHHPPHHPPHPHHPP
838,HPHHHPHPPHPHHPPHHHHHHPHHP
839,PPPPHHHHHHHPHHHPHHPPHHHHP
840,PHPHHHPHHHHPHPHHPHPPPPHPH
841,HHHHPHHHPPHPPPHPPHHHHHHHH
842,HPHHHPHPHHHPHHHPPPPPHHHHP
843,PPPPPPHHHHHPHPHPPPPHPPHHP
844,HPPHPHHPHHPHPPHHHPHHHPHPH
845,PPHHHHPPHPPHHHHHHPPPPPPHH
846,PHPPPPPPHHPPHHPHHHPPHHPPH
847,PHHHHHHHHPHHHPHPHPPHPHHPP
848,PPPHHHHPHHHHPPHHHHHHPHHHH
849,PHPHPPPHHPHHPPPHPHHPHHPHH
850,HPHPHHHPPHPPHHHHPPHHPPHPP
851,PHPPPHPPHHPHPHHPPPHPPPPPH
852,PPHPPPHPHHPHPHPPHPHPHHPHH
853,PHPPPHPHPHHHPHHPPPHHHPPHH
854,PPPHPHPPHHHPPPPHHHHPPPHPH
855,PPPHHPPHPPHHPPHPHHPHHPHHH
856,PPPHPPHPHHHHPHHPPPPHHPPHH
857,HHHHPHHHPHHPPHHPHHPPPHPPP
858,HPHPHHPPHPHPPPPHHPPHPPHPH
859,HPHHHPPPHPPHPHPPPPHHHPPHP
860,HPPHPPPHHHPHPHHHHPHHPPHHP
861,HPHPHHHHHHPHPHHPPHPHHHPPH
862,PPPPHPHHPPPHPPHPHPPPHHPPH
863,HPHHPHHPPHHPHHPPPPHHPHPHP
864,PHHPPPHHHPHHHPPHPPPPHHHPH
865,PPPHHHHPHPHHHHPPPPHPHPHHH
866,PHPPHHPHHHHHHPPHPHPHPHHPP
867,PHPHHHPHPPPHPPPHHPHPHPPPH
868,PHHPPPHHPPPHHPPPHPHPHHPHH
869,HPPPHPHHPPPPHHPPHPHPHHPHP
870,PHHHPHHHPPHPHPPHHPPPHPHHP
871,HHHPPPHHHHPPHPHPPHHPHPHHH
872,PPHPPHHHPHPPPHPHPHPHPPHHH
873,HHHHPPPHHPHPPHPPPPPHPHHHH
874,HPPPPPHPPPHPHHHPPPHPHPPHP
875,HPPHPHHPHPHPHHHHPPPPHHPHH
876,PHHPPPHPPHHHHHPPHPHPHPHPH
877,PHPPPHHHPHHHPPHPPPPPPPPHP
878,HPPHPPHHHPPHHPPPHPHPPHHHH
879,HPPPHPHHHHPPPPHPPHPPHPHHH
880,PHPHHPPPHHHHHHHHHHHPPPPPH
881,HPPPPPPPPHHPPPPPHPPHPHPHP
882,HHHHHPPHPHHPHHPPHHPPPHHPH
883,PHPHPPPHHPPPHPPPHPHHHHHHH
884,PHPPPPPHPPPHHHPPHPHPPHHHH
885,PPPPPHHPPPPHPHHHPHHHHHPHH
886,HPPPPHPHHPPPHPPHHPHPPHPHH
887,PHPHHPHHPHPPPPHPHHPHPHPPH
888,HPHPHPPPPPHPHPHPPHPPHHPPH
889,HHPPHPHHPPPPHPHPHPPPPPPHH
890,HPPHHHPPPPHPPPHPHHHPHHPHH
891,PHHHPPHPPPPHPHPHPPHHPHHHP
892,PHHHPHPPPHHHHHHPPPPPHPHPP
893,PPPHHHPHHHHPHPHPPHHPHPHPH
894,PHPPHPHHHHHHPHHPHPHHHHHHH
895,HHHPHPPPPPPHHHPHPHPHPPPHP
896,PHPPHHPPHPPPHHHHHHPPPPPHH
897,PPHPHPHPPHPHPPPHPPPPPHPHH
898,HPHPHPPPHHHPHHPHPPHPHPPHH
899,PHPHPHHHHHHPPHHPPHPPPHPHH
900,HPPPHPPHHHPPPPHHPHHHHPPHH
901,PHPHPPPHPPHPPPHPHHPPHHPPP
902,HHPHHHHHHPHPPPPHHPPPPPPPP
903,PHPPHPHPHHPHPPHPHPPPHHPHP
904,PPPHHPPPHPHHHPHHHHHPHHPHH
905,HHHPPPPPPHHHHHHPPHHHPHPHP
906,PHPHPPHPHHPHPHHHHHHPPPPHP
907,HPPPHPHPPPHPHHPHHHPPHPPPH
908,HPHHHPPPHPHPPHPHHHPHPPHHH
909,HHPPHPPHHPPPHPPHPPPPPHHHP
910,HHHPPHHPPPHPPHHHPPHHPHHHH
911,PPHPHPHPPHHPHHHPPPPPPHPHH
912,PPHPPHPPPHHHHHHHHHPPHHHPH
913,PPHHHPPPHHHPPHHPPHPPHHPPP
914,PHHHHHHHHHPPHPHHHHHHHHHHH
915,HHHHPHHPPPHHPHHPPHHPHPPPP
916,HPPHHPHHPPHHPHPPPPPHPHPPP
917,PPHPHHPPPHHHHHPHPPPPPHHPH
918,PHPPPHHPPPHHHPHHPHHHHHPHP
919,PHHPPPPHPHPPHPPPHPPHHHHHP
920,HHHPPPHHPHPHPPPHHPHHPPHHH
921,HPPPHPPPHPHHPHHHPPPHPHHHH
922,HHHPPPPHHPPPPPHPPHHHHHPHP
923,HPPHHHHHHHHPPHHPPHPHPHPHH
924,HHPHHPHPHPHPPHPPHPPHPPHHH
925,HPHPPPPHPPPPHHHPPPHHHHPPP
926,HPHPHHPHHPHHHHHPHPHPPHPHH
927,HHPHPPHPHHPHHPPHHHPHHPHPP
928,PHHHHPPPPPPPHPHHHPHHPHPHH
929,HHPPPHPPPHHHPHHHPHHPHHHPH
930,HPHPPHPHPHHHHPPPPHPPPPHPH
931,HPPHPPHHHPPHPHHPPHPHPPPHH
932,HPPPHPPPHPHPHHHPHPPHPPPPP
933,PHPHPHHPPPPPHPPHPHPPPPHPP
934,HHPPPPPHPPHHHPPPPPHPPPHPP
935,HHHPHHPHHPPHPHHHPPPHPPPHH
936,HPPHPHPHPHPPHHHHPPPHHHPHH
937,HPHHPPHHPPHHPPHPHHHPPHHPP
938,PHHPHHPPPPPHHHPHHPPPPHPHH
939,PPPPHPPPPPHHPPPHPPPPHPPHP
940,PHPPHHHPPPPPHPHPHHPPPPPPP
941,PHPPPHPHHHHPPHHPHPHHPHPHP
942,HHHHHHHPHHPHHHPPPHPPPPHPH
943,HHPPPHPPHHPHPHHHPPHPPHHHH
944,HPPHHHPHHPPPHHHPHPPHHPHHP
945,HPPPHPHHHPHPHPPHHHPPHPPHH
946,PHHHHHHPPPHHHPHHPHHPHHPPP
947,PPHPHPHHHHHHHHHPPPHHPPHPH
948,HHHHPHHHPPHPHHPHHPHPHHHPP
949,PHPHHPPHPPPHHPHHPHHPPPPPH
950,PHPHPPPPPPPPHPPHHHPHPHHHP
951,HHHPHPHPHPHPHHHHPPHPPPHPP
952,HPHPHHHHHPPHPPHPHHPPHHHPH
953,HHPPHHPPPPHPHHHHHPHHHPHPH
954,PHHPHHPPPHHPHPPPPHPHPPPPP
955,HHHHPHHPPHHHHHHHPHPPHPPPP
956,HPHPHHPPHHHHHPPPHPHPPHPPH
957,PPPPPPPHPHPPPHPPPHPPHPHPH
958,HPHPHPPHHPHPPHHHHHPHHPHPH
959,HHHPHPPPHPPHPPHPHHHPPPPPP
960,PPHHHPPHHHPPPHHPPHHPHHHPH
961,PPPHHPHHPHPHPPPHPPHPHPPHP
962,PHHPHHPPHPPPHPHHHHPHPHHPH
963,PPPPHPPPHHHPPPHPHHPPHPPHH
964,HHHPHPHHPHHHPPPHHPPHHPHHP
965,HPHPHHHHPPHHPPPPPPPPPPPHH
966,HHHPPHPHHPPPHHPPHPHPPPPPP
967,PPHHPHHHPHHHPHPPPHPHHHHPH
968,HHHHHHPPHHPHHHPPPHPPPPHPP
969,PHPPHHHHPPHPPPHPPHPHPPPPH
970,PHPPPHPHPHHPPPHPHPPHHHHHP
971,PHPPPPPHHPPPPPPHPHPHHHPPH
972,PHPPPPPHPPPHPHPPHHPPHHPHP
973,HHPPPHHHPHPHHPPHPHPPHPPPP
974,HPPHHHHPPHHHPPPHPHPPHHHHP
975,PPHPHPPHPPHPHHHHHHPHHHHHH
976,HHPPPHPPPPPPPPPHPPHPPPHHH
977,HHHPHHHPPPPPPPHHHPPPHHHPH
978,HPHPHPPHHPPPPHPHHHPHPHHHH
979,PHPHHHHHPPPHPPPHPPHHPHPPP
980,PPPPHPPHPHHPPHHPPHHHPHPHH
981,HHHHHHPPPPPHHHPHHPHPPPHHH
982,PPPPHPHHPHHPHPHHPHPPHHHHP
983,PPPPPHHHHHPPPHHPHHPPHPPPP
984,HPHHPHPHPPHHPHHHPHHPPHHHH
985,PPHHHHHHPHPPPHPPHPHPHPPHH
986,PPPHPHPHPHHPPPPPPHPHPPHPP
987,HHHHHHPPHHHPPPPHHHPHPHPPP
988,PPPPPHPPPHPPHHPHHPHHPHPHP
989,HHPPHHHHHPHPPPPHHHPPHPHPH
990,PHHHPHPHHPPHPPPPHHPHHHPHP
991,HPPPPPPHPPPHPHHPPHPPHHPHP
992,HHPPHHHHPHHHHPHHHPPHPPPHH
993,HPHPPHHPPPPPPHPPPHHPPHPHP
994,HPPHPPPHHHHPPPPPPHHHPPPHP
995,PHPPPHPHPPPPPHPHPPPHHPHPP
996,PHPHHHHHHHHHHPPPPHPHHPHPH
997,PHHPPPHPPHHPPHPHHPHHHPPHP
998,PHHHPHPHPHPHPPPHPPHHPPPPP
999,PHHHPHPHPPHPPHPHPHHHHPHHP
