id,sequence
0,PPHHPHHPPPHHHPPHHPHPPHHHHHPPHP
1,PHHHHHHHPPPPPPHHHPHHPPPHPPHHPH
2,PHPPPPHPHPHPPPHPPPHHHPHHHPHHHH
3,HHPHPPHHPPHHHHHHHHHPHHPHPPHHPH
4,PHHPPPHPHHHHHPHHPHHPPHPHPHHHHH
5,PPHPPPHPPPHHHPHHHHHHPHHHHPPPPH
6,HHPPPHHPHPPPPHPHPPHHHHPHHHPHHH
7,HHHHHHHPPHHHPPHHPHPPHPPHPPHHHH
8,HHPPPPHPHPPPHHPHHHHPPHPPHHHHHP
9,PHPPPHHHPPPHPHPHHPHPPPPPHPHPHH
10,PPHHPHPPHHPPPHHPPHHPHPHPHPHPPH
11,PHPHPHHHPPHPPHPHHPHHHHPPHHHHHP
12,HPHHHPHPHHPHPPHHHPHPHPPPPPPPPH
13,PPHHPHPPPHHPHPHPHHHHHPHPHHPPPP
14,PHPHPPHPHPHHHHPHHHPHHPHHPHPHPP
15,HPPHHHHHPHHPHHHPHPHHHHPPPHHHHP
16,PPHPHPPPHPHPPHPPPHPHHHHPHPHHPP
17,HPHPPPPPPPHHPHHPHHHPHPHPHHHPHP
18,HPHPPPHHHPPPPHPHPHPPPHPPPPHPHP
19,PPHPPHPPHHPPHPPHHPPPHHPPHHHHHH
20,HHHHPHHPPPHPHHHPPHPHPPHPPHHHPP
21,HHPHPPPPHPHHHHPPHPHPHHPHHHPPPP
22,PHHPHHHPPPHHHHPHPHHHPPHPPPHHHH
23,PHHPHHPHHPPHPPHHHPHPHHHPHHPHPP
24,HHHHHPHHPPPPHHHHPPPPHPHPPHHPPH
25,HPHHHHPHHPPHHPHHPHHHPPHPHHHPHP
26,HHHHPPPHHPHPPHHPPHHHPHPPHHPHPH
27,HHPPPHPPPPPPPHPHPHHHHPHPHHHHPH
28,PHPPHPHPPHPHPHHPPPPHPPPPHPPPHP
29,PPHPHHPPPPPHHHHPPPPPHPPPPHHHPH
30,PPPPHPHPPHHPHPPPPPPHHHHPPPHHHP
31,PHHHHPHPHPHPHHHPPPHHHPHHPHPPHH
32,HHHHPPHPPHHHHPHPHPHHHPHPHHHPPH
33,PHHHHPPHHPPPPPHHPHPHHHHPHPHPPP
34,PHHHPPHPHPHHHHPPPPHPHHHPPHHHHP
35,PHHHHPHPPPPPHPPPHPPHHPHHHHPHHP
36,PPPHPPPPPPPPPHHPHPHPHHPPHHHPPH
37,PPPPPPPPPHPPPHPHPHPPPPPHHPPPHH
38,HHPPPHHPHHPPHPPHPHHHHHHHPHPPHH
39,HPHPHPHHHHHHPPPPHHPPHPHHPPHPHH
40,PPHHHPHPPPPPHPHPHHPPHPHPHHPPPP
41,HHHPPPHPHPPHHHPHHPHHHHHHHPPPHP
42,HHHHPHHHPHPHHHHHPHPHPPHHPHPHPP
43,PHHPPPHPHPHPPHHPPHHHHHPPHPPPPH
44,PPPHPPHPPHHPHPHHPPPPPPHHPPPPHH
45,PHHPHHPHHHHPHPHPHHHPHPPHHPHPHP
46,HPHPPPPPPPHHPPHHPPPHPHHHHHPPHP
47,PPHHPHPPPPPPHHPPPPPPPHPHPHHHHP
48,HHPHPHPPPPHHPPPPHHPHHHHPPPHPHP
49,PHHHHHPPPHPPPHPHHHPPPPPHHPPHPP
50,PPPHPPPPPHPPPHPHHPPHHHPPHHPPHP
51,PPHPHPPPHHPHHPPPPHHPPPPPPHPPHH
52,HPPPPPHPHPHHHHPPHPPPPPPHHPHHPP
53,PPHPHPPHPPHPPHHHPPHHHHPHHHPPHP
54,HHHHPPHHHHHHHPHPPPPPHHPPHPPHHP
55,HHHHHHPHHHPPPPHHPPHHPPPPPHHHPP
56,HPHHHPHHPHHHHHPPPHPHHPPPPHHHHP
57,HPHPHPHHHHHPHPPHPHPPHHPPPPHPPH
58,PPPPPPHHHPPHPHPPPHPPHPPPHPHHHH
59,PPPPPPPHPHPPHHPHHPPHHHPHHPPHHH
60,HHPPHPHPPPHHHHPHPPHHPPPHPPHHPH
61,PHPHPPHHHPHPPHPPHPHHHHPPPPPHPP
62,PHPHPPPPPHPHPHHHPPPHPHHHPPPPHP
63,HHPPPHPPPHHHPPPPPHPHHHHPPHHPPH
64,PPPHHPPHPHPHPPPHPHHPPHPPPHPPHH
65,PPPHHHPPHHHPPPHHHHPPHHHPHHPHHP
66,PHPHHPPPPPHPPHHPHHHHHHHHHPHPHP
67,PHPPPPHPHPPHHPHHPHHHHHHHHHHPHP
68,PPPHHPHPHPPPPPHHPHHPPHPPPPPHPH
69,PHPHHHHHHPPHHHPHHHHPHPPHHPHHPH
70,PPPPHHHPHHHHPHHHPHHHPHPPHHPHHH
71,PHPPPHHPPPPHPHPPHHPPHPHHHHHHPH
72,PPPHHPHHHHPPHHHHHPHPPHPPPPHPPP
73,PPHPHPPHPPHPPHPPHPHPPHHHPHHPHH
74,HHHPPPHPHPPPPPHHHPPPHPHHHPHPHP
75,HPPPHPHPPHHPPHPHHPPPPPPPHPPPPH
76,HHHPHPHPPHHHPHHHHHHPPPPHPHHHPH
77,HPHPPPHHPPHHHHHHPPHHPHPPPHPHPP
78,PHHHHPPHHHHHHPHPPHHPPHHHPHPPPH
79,HPHHHPPHPPPHHHPPPHHHHPHPHHHPPH
80,PPPPHHPHHPPHHHHPHHHHHHPPPHPHHP
81,HPHPHPPPHHHHHPHPHHPHPHHPHPPHPP
82,PHPPPHPPHHPPHPHHHHPPPHPPPPPHPH
83,HHHHHHPHPPHPPPPHHHPHHHHPHHPPPP
84,HHHHHPHHHPPHPHHHPHHPPPPHPHHHPP
85,PPPPPPHPHHPHPHHHHHPPPHHHHHHPPH
86,PHPPHPPHPPHPHHHHHHHHPHPHHHHPPP
87,HPHHPHHPPPPHPPPPPHPHPHHHHPHHPH
88,PHHHPPPPHPPPPPHHHHHPPPHHHHPHHP
89,HPHHHPHPHHPHHHHPHPHPHHHPHHHPPH
90,HHHPHPHPPHPHPPHPPPPHPHHPPHPPPP
91,HHHHPPHHPPHHHPHHPHPHPPHPHHHHHH
92,HHHPHHPHPHPPPHPHHHPHHPHPPPHPHH
93,PPHHPHPHPPHPHPPHHPPHHPPPHHPPPP
94,PPHPPPHHPPPHPPHHHPHHHHPHPHPPPH
95,PHHHPHHPPHHHHPPHHPPHPPPHPHPPPP
96,PPHHHPPPPHHHPHPHPPHPHPPHHHHHPP
97,PHPPHPPPPPHPPPPHHPPHPHHPHHPPPH
98,HPHHHPPPHPHPHPHHHPPHPHHPPPHPPP
99,HPPHHHPPPHPHPPHPPPPHHPPPHPPHPP
100,PPPPPHHPPHHHHHHPHHPHHPHPHHHHHP
101,HHPPPPHHHPPPPPPPPHHPHHHHHPHPPH
102,HHPHPPPPHPPPHPHHHHPHPPHPPPPHHH
103,PPHHHHHHHPPHHHHPPHHPPPPHPPHPPH
104,PHPHPHPHHHHHPPPPHPPPPPHHHHPHHH
105,PPPHPPHHHHHHHHHPHPPHHPHPPHPHPP
106,HHPHHHHPPHHPHHPPHHPPHHPHPHHPPP
107,HPPPHHHHHHHPPPPHPHPPPPHPPHHPPH
108,PHHPPPHPHHHHHHPHPPPHHPHHPHHPPP
109,PPPPHPPHPHPHHHHPPHHPPHPPHHPHPH
110,PPHPPPPPHPHPHHHHHHHHPHPHHHPPHP
111,PPPHHHHPPPPHHHHPPPPHHPPHHHPHPP
112,HPPPPPPHPPPPHPPHPPPPHHHPPHPPPH
113,HPHPHPHHHHPPPHHHHPPPPHHPPHPHPP
114,HPHHPPPPHPHPPPHPHHHPHHHHHHPPPP
115,HPHHHHHPPPPPHHPHHHPHHPHHPHHPHP
116,PHPPPHHPPHPPHPHPPHPHHPHPPHPHPH
117,PHHPHPHPPHHPHHHHPPHHHHHPPPPPHP
118,HPHHPHHPPPPHPHHPPPHPHPHHPHHPPH
119,HHPPPHPHHPHHHHPHPHPHPPHHPHPHHP
120,PPPPHHPPHHPHPHPPHPHHHHHHPPHHHH
121,PHHHHHPHPHHPHHPHPHPHPHHHHHHHHP
122,PPHPPHHHPHPPPHHPPPHHPHPHHPHHHH
123,PHPPHPHPHPPHPPHHHHHHPPPHHHPPPP
124,PPPPHHPPPHHHHPHHHPHHHPPHHPHHHP
125,HPPHHHHPPPPHHPPHHHHHHPPPPHHPPP
126,HPPHHHPPPPPPHPPHPPPPHHPHHHHHPH
127,PPPHHHPHHHHPPPPHHHPHHPPHHHHHHP
128,PPPPPHHPHPHPHHPPHHHHHPHHHHHHHP
129,HPHPHHHHPHHPPPHHPPPPHPPPHPHPHP
130,PPPHHPPHPPPPPHHHPPPPPPPPPHHHHP
131,HPHPPHHPHHHHHHPPPHPHPHPPPHHPPP
132,PHPPHHPHPPPHHPPPHHHPPPPHPHHPPH
133,PPPPPPHPPPHPPHHHHPHHPHHPPPHHPH
134,PPHPPHHHPPPPHHHPPPHHPPHHHHPPHH
135,PHHHPPHHHPPHHHPPPHPPHPHPPPPPHP
136,HPHPHPPHPPPPPPHHPPHPPPHHPHHPPH
137,HHHHPPHHHPHPPHHHHPHPHPHPHPPHHP
138,PPHPPPHPHHHHPHPPPHHPPPHPHHHPPH
139,PPHPPPHPPPPPPPPPHHHHHPHPHPHHHH
140,PPPHHPPPHHHHHHPPPHPPPHHPPHPHHH
141,PPHPPPPPPPPPHPHHPHPHPHPPPPPPPH
142,PHPPHHPPPPPHHHPHPHHHPPHHPPPPPP
143,HPPHPPPHHHHPHHHPHHPHHHHPHPHHHH
144,PHPPHHHHHPPHPHHPPHPPPPHHPPHHPP
145,PPHHHHPPHHPPHPHHHPHHPPHHHHHHPH
146,PHPHHHPHPHPPHPPHPPHPHHPHPPHHPH
147,HPHHHHPPHPPPPPPHHHHPPPHPPPHHPH
148,PHHPPHPPPHPPPPHHPPPHHHPPPHHHHH
149,PPPPHPPPHPPPHPHHPPHPHPHHPHPHPH
150,PHHPHHHHHPHPPPPHHPPPPHPPHPPHHH
151,HHPHPPPHHHPPHPHHHPPHPPPHHHPPPH
152,PHHHPHPPHHPPPHPPHPHHPPHPPHHPPH
153,HPHHHHHPPPPPPHPHHHHHPHHHPHHHPP
154,PPPPPPPPPPPHHHHHHPHPPHHHHPHHPH
155,HHPPPPPPHHPHPPHHPPPPPHPHPPHPPP
156,PHPPPPHHHHHPPPPHPPPHHHPPHHHHPP
157,HPPHPHPHHHHPHPHPPHPHHHPHPHHPHP
158,HHPPPPPHPHPHPHHPHPHPPHPPPPHHHP
159,PHPHHHPPPPHHHHHHPHHPHPHHPPHHPP
160,HPHHPPPPHPPPHPPPHHHHPPPHHHHPPP
161,PPPHPPPPPHPHPPPHHPPHPPHPPHHPHP
162,PPHPHPPHPHHPHPPHPHPHHHHPPPHPPH
163,HPHHPHPPHPPHPPHPPPHHHPPHPPPPHH
164,HHPHPHPPPPHHPPPHHHHPPHPPHHHPPP
165,PHHPPPPPPPPHPPPHHHHHPHPPHHHHHP
166,HPPPPPHHPHHPPPHHHPHPPHPPHHPPHH
167,PPHPHHPPHHPHHPPPHPHPPPHHPHHPHP
168,HPPHHHHPPPPHHPHPPPPHPPPPPHPPPP
169,PPPHPPPHHHHPPHHPPHPPHPPPHPPHHH
170,PPHHHPPHPHHHHPHPPHHPHHHHHPHPPH
171,PHHPPPHHPHPPHHPHPHPHHPHHPHPHHH
172,HPPHPPPPPPPHPHPPHHHPPHPPHPHPPP
173,HPHHPHHHHHPPPHHHHHPHPHHPHPPPHP
174,HHPPHHPPPHPPHHPPPHPHHPHPPHPHHH
175,HHPPHPPPHHHPHPPHHPPPHPPHHHPHPP
176,HPPPPHHPPPPPHHHHPPPPHPHPPPHPHH
177,HHPPPHPPHHPHPHPHHPPHPPHPHPPPPH
178,PPHPHPHHHPPPHPHPHPPHPPHHPHPHHP
179,PPHPHPPPPHHHPHHPHPPPHPHHPPHPPH
180,PHPHPPHPPPHHHPHPPHHPPHHHHHHPPP
181,PPHPHPHHHPPHHHPHPHHHPHPPPPPHHH
182,PPPPPPHPPPHPPPHHPHPHHHPPPHPHPH
183,PHPHPPPPPPHHHPHHHPHPPPHHHPHHPH
184,PHHPHPPPHHPHPPPPHPHHPHPPPHHPHH
185,HHPPHPHPPHPHPHPHHHPPPPHPPHHPHH
186,HHHHHPHHPHPHHHPHPHHPPHHPHHPPPP
187,PPPHHPPPPPPPPHPHHPPHPPHHHPHPPH
188,HPHPHHHPPHHPPHPHPPPPPPPPPHHPHH
189,PPPPPHHPPHHPHPPHPHHPPHPHPPHHPH
190,PHPPHPPPHPPHPHHHHHPHPPPHPPPHHP
191,PPHHPHHHPPHPPPPHHHPHPHPHPPHHPH
192,HPHPHPPHPPHHHPPHPPHPHHPPPHHPPH
193,HHPHPHPHHPPHPHPHHHHHHHHHHHHHPP
194,PPHHHHPPPPHPPHHHPHPPPHHHHPHHPP
195,PHHPPPPPHPHPPHPHPHHPHHPPHPPPHP
196,HHHPHHHHHPPPHPHPPPPHHPHPHPHHPP
197,HPPPPHHPPHHHPPHPHPPHHPHPPHPHPP
198,HHPPPHPHPHPPHPPPHHHHHHPPHPPHPH
199,HHPPPHHPHHPHHHPPHPHPHHPHPPHHPP
200,PPHHPHHHPPPHHPHPHHPHHPHHPPHHPH
201,PHPHPHPPPHPPPPPHHHPPPPPPHHHHPP
202,HHPPPHHHHPHPPHPPPHPPHPPHPPPHPH
203,PHPPHPPPPHPPPPHPPHHHPPPPPHHPPP
204,HPHPPHPPPHPPPHHPHHPHHPPHHHHHHH
205,PPHPPPPPPPPHHHHHPPHHPHHPHHHHPH
206,HHPHPPHPPPPHHPHPHHPHHHPPHPHPPH
207,PPHHHHHPPPPHHHHPPHHPPPPPHPHHPP
208,HHPPPPHHPHPPPPHPHPHHPHPPHHHPPH
209,PHPHHPHPPPHPHHPPHHPPPPHPPPPPPP
210,HHHPPPHPPHPHPHPPPPPPHHPHHHHPPH
211,HHPHPPHHHHPPHHHHPPPPHHHPPHPHPP
212,HHHHHPPHPPPHHPPPHHHHPPHHHHPHHH
213,HHPHHHPHHPPHHHHHPPHPPHPPPPHPHH
214,HPPPPHPHPPPPHPPHPPPHHHHPHHHHHH
215,PHHHHPPPHHPPPHHPHPPPHPPHHPPPPH
216,HHHPHPHHHPHPPHPHPHPPPHPHPPPHHP
217,PPPPHHPHHHHHPPHHHHPHPPPPPPHHHP
218,PHHHPPHPPHHPPHPHHHPHPPHPPHHPHP
219,HHPPHPPHHPHHPHHPHPPHPPPHPPHHHH
220,PHHHHHHHHHPPPPHHHHHPPHHHHHPHHP
221,HHHPPPPHPHPHPHHHHPHPPHPHHHPPPP
222,HHHPHHPHHHHHPPHHHPHPHPHPPHPHPP
223,PHPPPPPHPHHHHHPPPHHHPHPHHHPHHH
224,PPPHHHPHPPHPHPPPHPHPHHPPHHPPHH
225,HPPHHHPHHPPPHHHPPHHPHHHPHHHPPP
226,HHHPHHHPHHHPPHPPPPHHHPPHHHHPHP
227,PHHPPHPHPPHPPHPHHPPPHPPHHHPPHP
228,PPPPHHHHPPHPHPHPPPPHHPHPHHHHHH
229,HPHPHPPHPPHHHPPPHPPPPPHHHPHHPP
230,PPHPHHHPHPHHHPPPHPHHPPPPPPHHHH
231,HPPPPHPPHPHHPHHPHPPPHHPPHHPHPH
232,PHHPHPHHHHPPHHPPPPPHHPPPPHHPPH
233,PPPHHPPHPHPHHPPPPPPPHHPHHPPPHP
234,PPHHPPPHPPPHHPPPHHPHPHHPPHPPPP
235,HPHPPHPPPPHHHPPHPPPHPPPPHHPHPP
236,HPPHPPHPHHPHPPPHPHHPPPHHHPPPPP
237,HHPPHHPHHHHHPPPHPHPPHPHPPHHHPH
238,PHHPPHHHHPHPHPPHPHPPPHPHHPPPHH
239,HPPPPPPPPPPPHPHPPPPPHPHHPHPPPH
240,HPHHPPHHPPPHPHHPPPHPPPPPPHPHHH
241,PPHHPPPHPPPHPHPPPPHPHPPPHHPHPP
242,PHPPPHHHHHPHPPHPHPPPHHPHHHPPHP
243,HPHHHPPPPPPPHPPPPPHPHPPHPHHPHP
244,PPHHPHHHPPPPHHHHPPPHPPPHPHPHHP
245,HHHHPHPHHHHHPHPPPHPHHPHHHPPPHH
246,PPPHPHHHHHHHHHPHHPHPPPHPPPHPHP
247,PPPPHPHPHPHPPPPHPHHHHPPHPHHPHP
248,HPHPPHPHPPHPPHPHPHHPHHHHHHPPPP
249,HHPPPPHHHPPPPPHPHPPPHHPHPHPPHH
250,HPPPPPHPPPPHHPPHHHPPPPPPHHHPHP
251,HPPPPHPHHPPHHHPPHPPPHPHPPPPPHP
252,PHHPPHHHHHPHHPHHPPPHPPHHPPHPHH
253,HHPPHPHHHPPHHPPHHPHHHPHPPPHHHP
254,HPPHPHHPHHPHPPHPHPHHHHHPPHPPHP
255,HPPHHHPHPHHHHPPPPPHPHPHHHPPPHP
256,PHPHPPHPPHHPPPHHPHPPHPHPPHPHPH
257,HHPPPPPHPHPPHHPPPPPHPPPPPPPPPH
258,HPPHHHPPPHPHPPPPPHHPPPHHHPPHHP
259,PHPPPPPPPPPHPHHPHHPHPHHHPHHHHP
260,PHHHHHPPPHHPHPPPPHHHHHHPHPPPPH
261,HPHHHPHHPHHPPPPPHHHHHPHPPHHPPH
262,PPPHPPHPPPHHHHPHHPPHHHHPHHHPPH
263,PPPHHPPHPHHHPHPHPHHHHPPHHPHHPP
264,PPPPPHHPPPPPPPHHHHPPHPHHPPHPHP
265,PPHHHHPHPHHHHPHPHHHHHHHHHHPPHP
266,PHPHPHHHHPPPPPPHHPPPHPHPHPHPPP
267,HHHHHPPHPPPHHHPPPHHPHHHHPPPPPP
268,PHHHHPHHPPPPHPPPPPPHHPHHPHPHHH
269,HHHPPHHHPPHHPHPPHHHHPPPPHHPPPH
270,HHPHHPHPPPPPPHHHPPPHHPPPHPPHPP
271,PHPPHPPPHHPHHHHHHPHPHHHHPPHHHP
272,PHHPHHHHHHHHPPHHPPHPHPPPHHPPPP
273,PHHPPHHHHHPHPPHPHHHPPPPPHHHPPP
274,PHPPHPPPHHPHHHPPHPPHHHHHPPHHHP
275,PPHHPHPPPPPPHPPHPHPHHHPPHPHHPP
276,HHPPPHHHPHHPPHHHHHHHHPPPPPHHHP
277,PPHHPHHHHPHPPPHPPHPPHPHHPPHPHP
278,HPPHPPHPHHPPHHHPPHHHPHPHPHHHPP
279,HHHHHHHPHHHPHHPPHHHPHPPPPHHPHH
280,PHPPHHHPPPPPHHHHPHPHHPPPHPPHHH
281,PHHPHHPHPHPHHPPHPPPHHPHHPPPHPP
282,PPPPHPPPHHPHPPPPPHHPHPHPHHPHHP
283,HPHHHHPHPHHPHHHHHHHPHPPHPHHPHH
284,HPPHPHPHPPPPHHHPHPPHHHPHPHPPHP
285,PHPHHHPPHHHHHPHPPPHPHHPHPPHPPP
286,PPHPHHPPHHHHHPPPHHHPPHPPPHHHHP
287,HHPPHHHHPPHHHPHHHPPHHPHPHPHHHP
288,HHHHPPHPPPPPHHPPHPPPPPPHHHHHHH
289,HPHPHHPPPPPHHPPPPHHHPPPPHHHPHH
290,HHHHPPHPPPPPHHPHPPPPPPPHPHPHHP
291,PPPHPPHPHHHPPPPPPHPPHPHPPPHHHH
292,PHHHHPPPHPHHHPHHPPHPHPPPPHHPHH
293,PPHHHHHHPHPHHHHPPHHHPPPHPHHPPH
294,PPHPHPHHHHHHPPPPPHHPPPPPHPHPHH
295,PPPHPPHHHHPPHHHPHPHHPPHPPHHPPH
296,HPHHHHPPHHPHHPHPPPPHPPPPHPHHPP
297,PPHPPPPHHHHPHHPHPHHPPPPHPPPHPP
298,HPHHPHPPHPPPPHHPPHPPHPPPPHHPPP
299,PHPPHPHPHHPPPPPPPPPHPHHPPHPHHP
300,PHHHPHHHHHPPPHHHHHHPHPHPPHHHHP
301,HPHPHPHPPPPHHPPHHPPPHHPHHHHHHH
302,PHHHHHPHPHPPPHPHHPHHHHPHPPHPHH
303,HHPPPPHPHPHHHHHHHPPPHHPHPHHHHP
304,PPPPPHPHHPHPPPHHHPHPHPPPHHHPPP
305,PHHPHHPHHPHPHHPPHPHPHHHPHPPPHP
306,HPPHPPHPHHHHPPHHPHHPPHPPHPHPHP
307,PPHHPPPHHHHPPPHHPPHPPHPPHPPPPP
308,PPPHPPPPPPPHPPPPPPHHPPHHHPHHHP
309,HPHHHHHHHPPHHHPPPPPHHPHPHHPHPH
310,PPPPPHPHPHHHHHPPHHPPHHHPHPPPHH
311,HHHHHHPHHPPPHPPPHHPHPHPPPHPHPH
312,HHHPPHPPHHHHPHHHHHPPPPPHPHHHHP
313,HPPPPPPHHHHHHPPPHPPHPHHHPPPHHH
314,PHPHHHPPPPHPPHPPHPPPPHPHHHHPPP
315,PPPPPHPHHHPHPHPPPPPHHHHPHHHHPP
316,PHHPHPPPHPPHHHHHHHPHHPHPHPHPPH
317,HHHPPPPHPPHHPPPPHHPHPHHHHHPHHH
318,HPPHPPPPHPPPHHHHPPHHHPHHPHPHHH
319,HPPHHPPPPHHPPPHHHHPPHHHPHPPPPH
320,PPPHHPPPHHPHPHPHHPPPPPPHPPHPHP
321,HHHPPHHHHPHPPPHHPHPPPPHHHPHHPH
322,PPHHHPHHPHHHHPPHHHPPHPHPPPHHHP
323,HHHHPHHPHHPPHPPPPHHPPHHPPHHHHP
324,HHPPPHHHHPHPHPPHPPPPPPPHPPPHHH
325,HHHPPPHHPPPHPHHPHPPHPPPHPHPHHH
326,PHPHHPPPHPPPHPHHPPHHPPPHHHPPPH
327,PHPPHHHPHPPPHPHHPHPHPPHPHPHHHP
328,PPHHHHPHPHHHPPPPHPHPPHPPHHHHHP
329,PPPPHPHHHHHHPHHPPHHHPPPPPHHPHP
330,HHPPPHHPHHPPHPPPPPPPPHPPPPPHPP
331,HPPHPHPPHPPHPPPHPPHHHPHHHPPHPP
332,PHHHPPHHPHPHPHPPHPPHPHPPPPPHPH
333,PHPHHPHHPHPHHHPPHHHPPPHPPHPPHP
334,PHHPHHHPHHHPPPHPPHPPPPHPHPPHHP
335,HPHHPHHHPHHHPHHPPPHPHPHHHHHHHH
336,PHHPPHHPHHHHPHPHPHHPHHPPPHHHPH
337,HPHHHPPPHPHPPPPPHHHHPHHHHHHHPP
338,PPHHPPHPHPPPPPHPPHHHPHPHPPHHHH
339,HHPHHPPHPHPPPHHHHPHPHPHPHPHPPH
340,PPPPPHHHHHPPHHPPHPPPHPHPPPPPHH
341,PPHPHPHHHPPPPHHHHPPPPPHHPPPHPH
342,PPHPHPPHPHPHHHPPPPHPHHPHHPHHHP
343,HPHHHPHHHPHHPPHPHPHHHHPPHPPHPH
344,HPHHHPHHPPHPHPHHPHPPHPPPHPHPHH
345,HHHHPHPPHHPHHHPPHHPPPPPHHPHHHH
346,PPHHHHHPPHPPHPPHPPPPHHHHPHHHHH
347,HHPPPPHPPHHHHHPPHHHPPHPHHPHHPP
348,HHPPHPPHPHHPHHHHPPPPPHHPPPPHHH
349,HPHPHPPHPHHPPPPHPPHHHHPPPHPHPH
350,PHHPPHHHHPHHHPHPPPPHHHHPHPPHPP
351,HHHHPHHHHPHHHPPHPHHHHHHHHHHPHP
352,HPHPPPPPPPPHPPHPHPPPPPHHHPHPHP
353,PHPPHHPPHPPPHPPHPPHPHHHPHPPPHH
354,HPHPHPPPPPPPHPPPHPPPHHHHHPPHPH
355,HHHHPPPPPPHHPHPHPPPHPPPPPHPHPP
356,PPPHPHHPHPPHPPHPPPHHHHHPPHHHPP
357,PPHHPHHHHHHHHHPHPPHPHPPHPPHPHP
358,PPPPHPPPPHHHPPPHPHPPHPPPPPPHHH
359,PHHPHHPPPPHPHPHHHPPPPHPPHPHHHH
360,PHPHHPPPPPHPHHHHHPHHHHHHPPHHHH
361,PPHHHPPPHHPPPHHPHHPHHHHPPHPPHP
362,PHHHHHPHHHPHHPPHPPPPHPHPPPHHHH
363,PHHPHHPHPHPHHPHHPHPHPPPHHHHPHP
364,HHPHPPPPPHPHHPHHPPPHHHPHHHHHHH
365,HPHHPPHHHHHHPHPPHPHHPHPPPPHHHH
366,PHPPPPPPPPHHHPPPHPPHPHPHHHHHPH
367,HPPPPHPHHHHHHPPPHHHPHHHPPHPPHH
368,PPPHHPHPHPHPPPPHHHHPPHHHPPPPPH
369,PHPPHHHPPHPHPHPPPHHHHHPPPHPHHH
370,HHPHPPHPHHHHPHPHPHHPPHPPHHPHHP
371,PHPHHPPPPPHHHPPHPPPHPHPHHPHPPP
372,PPPHHHPHHPHHHPPPPHPHPPHPPHPHPH
373,HHHHHPHHHHPPHHPHPPPHHHHHPHPPHH
374,PPHPPPHHHPPPPPPHPHHHHPHPPHHPPH
375,HPHPPHPPPHPHHPHHHPHHHHPHPPHPHP
376,PPPHHPPPPPHPHPHHPHHPHHPHHPPHPP
377,PHHPPPPPPHHHHHPPPHPPHPPHHPHPPP
378,PHHHHHPHHPPHHHHPPHPHHHPHHHHPHH
379,PHHPPHHHHPHPPHPPPPPPPHPHHHPHPH
380,PHPHHPPHHPHPPPPPHHPPHHPHPHPHPH
381,HPPHHPPPPHPHHHHPHHPHHPPHPHHPHP
382,PHHPPHPHHHPPPHHHHHPHHPPHPPHPHH
383,HPPPPHHHPPPPPHHPHHHHPHPPHHPPHP
384,HHHHPHPHHPHHPHPPPHHHHPPHPPHHPH
385,HHPHPHPHHHHPPHHHPPHPPHPPHHHPPP
386,HPPPPHPHHPHPHHPHHPPPPHHHHPHPPP
387,PHPPHHPHPHHHHHHHPHHHHPPHPPHPPH
388,PHPPPHPPHPPPHHHHHPHHHPPHHPPHHP
389,PPPPHPPPHHPPPHPHHHHPHPHPPPHHPH
390,HHPPPPHPHPPHHHHHPPHHHPPPHPPHPP
391,PHPHPHHPHPHPHHHPHHHHPHPHPPHPHP
392,PHHPHPPHPHHHHHPPHPPPHHHPPHPHHP
393,PHHHPPPPHHPHPPPHPPPPPHPPHHHHHH
394,PHPHPHHHHHPPPPHPPHHHPPHHHHPHHH
395,PHPPHHPHHPPPPHHHPHPHPPPPPPPPHP
396,HHHPHPPPHHHHPPHPPHHHPHPPHPHHHP
397,HPPPHPPHPHHHHPHHPHPHPPPHHHPPHP
398,PPPHHHHPHHHHPPHHPHPHHHPPHHPPPH
399,PPHHHHPHHHPPHPPHPPHHHHPPHPPPPP
400,PPPPHPPPHPPHHPPHPHHPPHHPHHPHHH
401,HPHHHHPHHHPPPHHPPPHHHHPPPHPPPP
402,PPPPPHHPHHPPPHHPPPHHPPPHHHPHHH
403,HHHHHHHPHHHHPHPHPPPHPHHPHPPPPH
404,PPHPPPPPPHHHHPPPHHPHPPHHPHPHPH
405,PHPPPPHPPPHHHPPHPHHHHHPPHHHPPP
406,HHPHHHHHPHHHHPPHHPPHHPHPHHPPPP
407,PPHHHPPPHPHHHHHHPPHHPPPPHHHHHH
408,PHPHPHHHPHPHHPPHHHPHHHHPPHHPHH
409,HHHHPHHHPHPPHHPPPHHPPHHHHPHPHP
410,PHPHHHPHPPHHPHPHPHHPPPPHHPPHPP
411,PHHHPHPHPPHPPPHPPHPHHHPHPHHPHP
412,PHHHPPPHHHPHPPPHPPPPHPPHPPHPPP
413,HHHHPHHHHPPPHHPHPHHPHPPHHPPPHH
414,PPHHPPPHHPHHPHHPPPPPHPPPHPPPPP
415,PHPHHPHPHHHPHHPHHHHHHPHHHHHPHH
416,PPHPHPHHHHHHHPPHHHPPHPHHHHHPPH
417,HPPPHHPHHHPHHPHHHPPPHPHPPHPPPH
418,PPHHPPPHHHPHPPHPHHHPHPPHPHHPPP
419,PPPPHHHPHPPPPHPPHPHHPHPHHPHHPP
420,HPPPPHPPPHHHPHHHHHHPPHHHPHPHHH
421,HHHPHHPPPPPHHPPPHPHPHPPHHHHHPH
422,HHHHHHPPPHHPPPHHPHPHPHPPPHHPPP
423,PPPHHPPPHHHPPHPPHHPPHHPHHHPPHP
424,PHPHPHHPPPHHHPHPHPPPHPHHPHPHPH
425,PPPPPHHPHHPHHHHPPHHPPPHPHHHPPP
426,HHPPHHPPHHHHPHHPPPPPHHPPPPPPHP
427,PPHHHHPPPPPHHPPHPPHHPPHHPHPHHH
428,PHHPHHPHPPPHHHPPHHHPPPHHPPPHHP
429,HHHPPHHPHPPHHPPPPHPHPHHPHPPHHH
430,HPHPHHPHHHPHHPHPPHPHHPHHPHPPPH
431,PHHHHPHPPPPPHHHHHHPHPPPHHPPPPH
432,PHHHPHHPPHHHPPHPHPPHHPPPPHPPPP
433,PPHHPPPHPPHHHPHPPHHPPPHHPHPHPH
434,PPHHPPHPPHHHPPPPPPHHHPHHHPPPPP
435,HHHHPPPPHHPHHHPPHPPPPPPPPPHPHH
436,HPPHHHHHPHHPPPPPHPHPPPPPHPHPPH
437,PPHHPPPHHHPPPPHPHHHPPHHPHHPPPP
438,HHHHHHPHPPHPPHHHPHPHPHPHHPHHPH
439,PHPHHHPPHHPPPHHHPHPHHPHHHPHPHH
440,HHPHPPHPHPHPPPPHHHPPHHHPHHHHPH
441,HPPPHHHPPHHHHPHPPPHHPPPHHPHHPP
442,PPPPHHPPHPHHPPHPPPHHHHHPPHPHHH
443,PPHPHHPHPPPPPHHHHPPPHPPHPHHPHP
444,HHHHHPPHPHHHHPPPPPPPPPHPPPPHHP
445,HPPHHPHPHHPHHHHPPHPPHPHPHHPPPH
446,HHPPPPHHPHPHHHPHHHPPPPHHHHHPHP
447,HHHHHPHPPPHHHHHPPPHPHHHHPPHHHH
448,HPHPPPPPPHHHHHPPHPPHPHHHHPHPPH
449,PHPHPHPHPHHHPHHHHPHPHPHPPHPHPH
450,HPHHPPHHPHPPPHPHHHPPPHHPHHHPHH
451,PPHHHHPPPPPPHPPHPHPHPHHHHHHPPH
452,PHPPHPHPPPPPHPHHPHHPPHHHPPHHPP
453,HPHPPPHPPPHHPHHPPHPHPPPHHHHPPP
454,HHPHPPPHPHHPHPHHHPPHPHPPHHHPPH
455,HPHPPPPPHHHPHPHHPPPPHHPHHHPHHH
456,HHPHPPPPPPPPPPHPHHPPPPHPPPHPHP
457,PPPHPHHPHPHPHPPHPHHPHHPHHHPPHH
458,PPPPPPPPHHPPPHHHHPPHPHPHPHPHHH
459,HHHPPPPPHPPPPHPHPHHHHPHPPHPHPH
460,HHHPHHPHHHHPHPPHHPPPPHHPPPHHHP
461,HHHPPPPPPHPHHPHHHHHPPPPPPPPPHH
462,HHPHPPHHHHHPPPHHPPPPHPPPHHPPHP
463,HHHHPHPHHPPPPHPHHHPPHPHHPPHPPH
464,PPPPHPPHPPPHHPPPPPHHHPPPHHPHHP
465,HPPHHHHPPPHPHPPHHHPHPPHPPHPPPP
466,HHHPPHHPPHPPPPPHHPHPHHHPHPPHHP
467,PHPHPPHHPHHPPPHPHHHPPPPPPHHPPH
468,HPHPHHHPHHHHPHHPPPPPPPPPHPPPHH
469,HPHPPPHHPHHHHPPHHPPHHHHPHHPPPP
470,PPHPPHPPPPHPHPPPPPPHPPHPHPHHHP
471,HPPHHHPHHPPPPHPHPHPPPHPHHPHPPP
472,PPPPHPPPHPHPHPPHHPHHPPHHHPHPHH
473,HPPPHHPHPPPPHHHPPHHPHPPHPHHPPH
474,HPHPHHPHPPPPHHPHHPHHHPPPHPPPHP
475,HHPHPHPPPPHPHPPPPPPHHHPPPHPPPP
476,HHHPPPHHPHHPHHHPPHHHHPHHHHPHHH
477,PPHPHPPHPHPPPHHPHHHHPPPHPHPHPH
478,HHHHPHHPPPPPPHHHHPHPHHHHPPHHPP
479,HPPHHPPHPHHHPPHPPHPPPHPHHHPHHP
480,PPPHHHHHHHPPHPPPPHPHPPHPPHPHPP
481,PPHHPHHPHPHHPHHHPPPPHHHHHPHHHH
482,HHPPHPPPPPPHPHPHHHHPHPPHHPHPHP
483,PPHPHPHPHPHHPHPPHHHPPHPHPHHHHP
484,HPHHHHHHHHHPPHHPPHHHHPHHHPHHHP
485,PHPHPHPHHPPHHPPHPPPHPHPHPHHHPP
486,PHHPHPHHPHHHHHPPHHPHPHHHPHPHPP
487,PPHHPPPHHPHHHPPPPPHPPPHPPPPHHP
488,HHHHHHHPPPHHHHHPHHPHPPHHHPHPPH
489,PPHHHHPHHHHHPPPHHPHPPHPHHPPHHP
490,PHPHPHPPPPPPHPPHHPHPHHPPHPHHHH
491,PPPHPHHHHPHHHPPHPHHHPHPPHHPHPH
492,PPHPHPHHPHHPHHHHHHPPPHHPHPPHPP
493,PHPPPHHPPHPPHPPHHPPPPHPPPHHPHH
494,PHHPHHPHHHHHPHPHHHPHPHPPPPPHHH
495,HPHPHHHPHPPHPPPHHPHPHHPHHPHPPP
496,HPPPPPPPPHPHHHPPPPPPHPPHPHPHHH
497,PHHPHPPPHPPHPPHHHHHPHPHHHPHHHH
498,PPHPHPHHPPHPHPPPPPPPHPPHHHHPPP
499,HHPHHHPPHHHHPPHPPPHHHHHPPPPHPP
500,PPHHHHHPPPHPHPHPPPPHHHPPPPHPPH
501,HPHPPHHHPHPHHPPHPPPHHHPPPHHPHH
502,HPPPPPPPHPHHPPHHPHPHHHPPPHPPHH
503,PHPPPHPHPHPHPPPPPHHPPHHPHPPPPH
504,HHHHHHPPPHHPHHHPPHPHHPPPPHPHPP
505,HHHPPHPHHPHPPPHHHPPHPPPPHPPPHP
506,PHPPPHHPPHHHHPHPPHHHHPPPPHHHHH
507,HPPPPHPPPHHPHPPHPPPHHPHHHHPHPH
508,HHPPPPPPPHHHPHHPHPHHHPPHHPPPPP
509,HHPPPHPPPHHPPHHHPPPHHHHHHPPPPH
510,PPHPHPPPPHPPPHPHHHHPHHPHPPPHHH
511,PPPHPHPPPPHPPHPPHPPPHHPHPHHPPP
512,PHHHHPPPHPHHPHPPHHPPPPHPPHHPPP
513,HHPHHPPPPHHHHHPPPHHPHHHHPHPPPH
514,HHPPPPHPHHPPPPPPHPPPHHHHHHPHHP
515,HHPHPPPPPPPPPHPHHPPPPHPHHPPPPH
516,PHHHPPHHHPPPHPHPHPHPHHPHHPPPHP
517,HHHPPPHPHHHPPPPHPPHHHHHHPHPHHP
518,PPPHPPHHHPHHHPHPPHHHHPHHPHPHHP
519,HHHHPHPHPHPPHHPPPHHHHHHHHPPHHH
520,PPHPHPHPHHHPPPPPHHPHPPPHHPPHHP
521,HHPPHPPPPHPPPHHPPPHHPHPPPHHHPP
522,PPPHHPPPHHHPPPPHPPPPPPHHHPHPPH
523,HPHHHPPHHPPHPPHHHHPHHPHHHPPPPH
524,HPPPPHHPHPPHHHHHHPHHPHHPPPHPPP
525,PPPHHPHPHPPPHPHHPHHHPHPHHPHPPP
526,HHHPHHHHHPHPHHHPHPPHPHHPHHPHHH
527,PPPPPHPPPPPHPHPHPPHHHHPHHPHPHH
528,PPHHHPPPHPHHPPPPHPHHPPPHHHPHHP
529,PPPPPHHHHHPHPHHHPHHHHHHPHPHHHH
530,HPPHHHPPHHHHPPPHHHHHHHHHPHPHHH
531,PHHHHPPPHPHPHPHHPHPHPHHPPPPPHH
532,PHPPPPPHPPHHPHPHPHHHPHHHPHHHPP
533,PHHPPPPHPPPHHHPHHPPPHHPHPHHHHH
534,HPPPHPHHPPHHPPHPHPPHHHPHPPPHHH
535,PHPHHHPPPHHHHHPPPPHHHPHHHHHPHP
536,PHPPPPHHPPHPPPPPHPPPHHHPHHHHHH
537,PHPHHHPHHPHPHHHPHPHHHPHHPPPPPP
538,PPHHPPPPPPPPPPPHPPHPPHPHHPHHPH
539,HPHHHPHPHHHHPPPHPPPPPPPPHHHHHH
540,HHPHHHHPHHHPPPPHHHPPHHHHHHHPPH
541,HHHPHPPHHHHHPPPPHHHPPPPHHPPHPH
542,PHPHPHPPPHHHHPPPPPPPHPPHHPHPPP
543,PHPPPPPHHHHHPHPPPPHHHPPHHHPPHP
544,PPPPHHPPHHHPPHHPPHPPHPPHPPPPHH
545,HHHPPPPHHHHPHHPPHPHPHPHHPHHPPP
546,PHHPHPHHPHPHPHHPHHHPHHPPHHPHHP
547,PPHPHHHHHPPPHPHHPHPPPPHPPPHHPH
548,PHHPHHPHPPPHHPHHHPHHPPHPHPHPPH
549,HPPHPPHHPPHPHHHPPHHPPHHHHPHHPH
550,PPPPHHHHPHHHHHHPHPPHHPPPHHHHPH
551,PPHPPHPPHPHPHPPHHPPHPHHHPPPHPP
552,HPHHHHPHHHHPHHPHPPPHPHHPPHHPPH
553,HPHHHHPPPHPHPHPHPHHPHPPHPPHPHP
554,HHPHHHHPPHPHHHPPHPPHHHPHHHPHHH
555,HHHPHHHPHHPPPPHHPHPHPHPHHPPPPP
556,HHHHHHPPPPHPPHPHHHPHPHHHPPHHPP
557,PHHPHPHHHHPPPHHHPHHPHPHPHHHPHH
558,HHHHPHPPHHHPPPPHPHPHPPHPPPPPPP
559,PHHHHHHHPPPPPHPPHPHPPHPHHPPPHH
560,PPPPPPPPHHPHHHHPPPHPHPPPPPHHHH
561,HHPPPPPPPHPHHPHHHHHPHPPPPPPPHP
562,PHPHPHPHHPPHPPPPHHHPHHHHHHHPHH
563,PHHHPPPHHHPHPHHHPHHHHHPHPHHHPH
564,PPHPPHPHPHPPHHHPHPPPHPPHPPPPHH
565,HPHPPHHHPHPPPPPHHPPPHPHHPHHPHP
566,HPHPPPPHPPHHPHPPHPHHPPPPPPPPPH
567,PPHPHPPHHHHHPHPPPPHPPHPPHPHPHP
568,PHPHHHPHHPHHPHPPHPPPHPPHHPHPHH
569,PHPPPPHPHHPPHHPHHHPPHHPHPHPPHH
570,HPPHHHPPPPHHPPPHPHHHPPHHPHPHPH
571,HPHHHHPPHPPPHPHHPPHPHPPHHHPPHH
572,HHPPHPHPPPPHHPHPPPPHHPHHHPHHPH
573,HPHHPHHPPHHHPHHHHHHHPHHHPPPPHH
574,PHPHPPPPHHHHPPPHHPHHPPPHHHHHPP
575,PPPHPHPPPPHHPHPHHHPPPHPHPHHHPP
576,PHHHPPHHPPHHPPPPPHHPPHHHHPHPHP
577,HHPPPHPHPHPPHPHHHPPPPPPHPPPHHP
578,HHPPHHHHHPHHPPHPHPPPHPPHPHHHPH
579,HPHHPHHPPPPHPPPHPHHHHPHHHHPPPH
580,PHPHHHPPPHHHPHPPPHPPHPPHPPHPPP
581,HPHPPHHHHHPHPHPPPHHPHHPPHPHPHH
582,PPPPPPPHPPHPHPHHPHHHHPPPHHPPHH
583,HPPHHHHPHPPHPHPHHHPHPHHPPHHPHH
584,PPPHHPHPHPHPHHHHPHPPPHHPHHPPHH
585,HPPHHPHPHPHHPHPHPPHPPHPPHHPHPH
586,PHPPHPHPPHPHPPHPHPHPPPPHHHPPHP
587,PPPHHPPHHPPHPPHPPPPHHHHHPHHHPP
588,HHPHPHHPHPPHPPHPHPHHPPHPHHPHHP
589,HPHPHHPHPPPPPHHHPHPHHHPHPHPHPP
590,HPPHPHPHPHHHPHPHPPPPHHPPPHPHHH
591,HPHHPHPHHPHPPHPHPHPPHPHPPHPPHP
592,HHPHHPHHHHPHPPHHHPHHPPHPHPPPPH
593,HPPPPHPHHPHPHPPHHHHHHHHPPHHPPP
594,HHHHHHHHHPPHHHHPPPHPPPPHHPPPPH
595,HPHHHHHPPHPHHHPHPPHPHHPHHPHPPP
596,HHHPPHPPPPHHHHHPPHHHHPPHHPHHHP
597,HHPHHHPPPPHPPHHHHHHHPPHPHHHHPP
598,HPPPHHHHHHHHPPPPHPHPHPPHPHHHHP
599,PHPPHHHHHPPHPHPPHPPPPPPHHHPHHP
600,HPPHHPHPHHHHHHHHHPPHHPHHPHPHHH
601,HPHPPHHHHPHHHPHPPPHHHPPHPHHPHP
602,PPPHHHPPPPPPPHHPHPPHPPHPHHPPPH
603,HHPHPPPHPPPHHHPPPPHPPPPPPHPHHP
604,HPHHHHHHPPHHPPHPPHHPPPPPHPHHPP
605,PPHHHHHPPHPPHHPHHHHPPPHPPPHHPP
606,PHHHPPHHHPHHPPPHPPPHPHHHPPHHHP
607,HPHPPHHHHPPPPHPPPHHPPHHPHPPHPH
608,PPPPHPPPHHHHPPPHHPPPPHHPPHPPHH
609,HHHPHPPHPPPHHHHHHPHHPPHPPHHPHP
610,PPHHHPPHHHHPPPPHHHPPHPPHPPHHHP
611,PPPHHHPHHHPPHHPPPHPHPHPHPPHPPH
612,PPPHPHPHPPPHHHPHHHHPHPPHPHPPHH
613,HHHHPHPHHHPHPHPHPPPHHHHHPPPPPH
614,PHHPHHPPHPPHPHHHPHPPPHHPHPPPHP
615,HPHHHHHHHPHHHPPHPPPPPPPPPHHPPH
616,HPHHHHHPPHHHPPPPHHPHPPPHPPHPHP
617,PPHPHHHPPHHPPHPPHHPPHHPPHPPHHH
618,HHHPHHHPHPPHPHPHHHHPPHPHHHHHHH
619,PHHHHHHPPPPPPPHHHHHPPHPHHPHHHP
620,HHPHHPHHPHHPPHHPHHPPHHPHPPHHHP
621,HHPPHPPPHPHHPPPPPPHPPPHHHPHHHH
622,PPPPPHPHPHHPPHPHPHPHPHPHPHPHHP
623,HHPHHHHHPPPPPHPPPHHHHPPPPHPPHH
624,PPHHPHHPHPHHHHHPPPPHPPPHPHHHPH
625,PHPPPHHHPPHPPPPPHHHHPHPHPHPHHP
626,HPHPHPHHPHHPHPHPHPHPPHPPHHPHPP
627,PHPPPPHHHPHPHHPPPHHPPHPHHHHHPP
628,PHPPPPPHPHPHPPPHPHPHPHPHHPPHPP
629,HHHPHHPPHHPPPHHHHHPHHPHHPHPPPP
630,PHPPHPHHPPPHHPPHPPPPHHHPPPHPPP
631,HHHPHHPHHPHHPPHHHPHHHHHHHHPPHH
632,HHPPHPPHPPPPHHHHHPPPHHHPPPHHPP
633,PPPPHPHHPHPHHPPHPPPPHHHPHPPPPH
634,HHPHPPPHHHHPHHHPPHHPHHHPPPPHPH
635,PPPHPHHPHHPHHPPHPHPPHHHPHHPPPP
636,HPPPPPHPPPPHHPPPPPHHPHPPPPPPPP
637,PPPPHPPPPHPPHHPPPHPHHHPHHPHPPH
638,PHHHPHHPPHHPPPPHPPPPPHHPHHPPPP
639,HHPPPHPPHHPPPPHHPPHHHHHHHPPPPP
640,PPPHPHHPHHHPHPHHPHPPHHHPHHHHPH
641,HHHHPHPPPPHPHHHPPPHPPHHPHPPPHH
642,PHHPPPHPHPHHPPHHPPHPHPPPHHHHHH
643,HHHPHPHHPPHPPPHPPPHPPPHPPPHHHP
644,HHHPPPPPHHHHHPPHHHPPHPHPPPHHPP
645,HHPHHHHHPPPPPPHHPPHHHHPHPPPHPH
646,HPPPPHPPPPHPPPPHPHHHHHPHPPPPPP
647,HHHPPHHPPPHPPPHHPPHHPPPHPHHPHP
648,PHPPPHPHHHHHPPPPHPHHPPPPPHPHPP
649,PHHPPHPPHHHPPPPPHPHPHHPPHPPHPP
650,HHPPHPHPPHHPHPPPPHHPPHHHPPPPPH
651,PPHPHPHHHHHPPHHHPHHHHPHHPHHHHP
652,PHHPPPPHPHHHPPHHHPHHHPPPHPHPHH
653,PPPHHPPPHPHPHPHHHPPHPPHHHHPPHP
654,HPHPHHPPPPPPPHPHHHPHPHPHHHPPPP
655,PPPHPPHHPPHPHHPHPPHPHPHPPPPHHH
656,HHPHPPHHHPPPPPPPPPHHHPHHHPHHHH
657,HPPHPPPPPHHPHHHHHPHHPPPHPHPHHP
658,HHHPPPPHHHHHPPHPPPPHHHHPPPPPPH
659,PPHPHPPHPHPHHHPHPHHHPHHHPPPPPP
660,HHHHHPPPHHHHHHHHHHPPHHPPPPHHPP
661,HPPHHPHHHHPPPHPHHPHHPHPHHHHHPH
662,PPHHHHPPPPHHPHHPHPPPPHPPPHPHHH
663,PHHPHHHHHPPPHPPHPPPPPHHHHHPPPP
664,HHPPHPHPHPPPPHHPPHPPPHPHHHPHPH
665,PPHHHPPPHPPHHHPHHPHHHHHPPPPPHP
666,HPPPPPPPHPHHPHHHPHHHPPPHHHHPPH
667,HHHPHPHHHHPHHHHPHPPPHHPHHHHPPH
668,HPHHHPHHHHPPHPHPHHPHPPHPHHPPPH
669,HPHHPPPHPHPPHHHPPHPHHPPHPPHPHP
670,HPPPPHHHPHPPPHPPPPPHHPPHHPHHPH
671,HHPPPPPHPHPHPHPHPHHPPHHPPHHHPH
672,HHPPPPPPHHHPHHPHPHHHPHHHPPHHPH
673,HHPPPPHHPPPHHPPHHHPHHPPHPPPHPP
674,PHHPHHPPHPHPPHPHPPPPPPHHPHHPPP
675,HHHHHPPHHPHHPPHHHPHHPPPHHPHPPP
676,PHHHHHPHPPHHPHHPPPHPHHHPHPHPHP
677,HHHPHHPHPHHPPPPPHPHHPHHHPPHPPP
678,PHPHPHHPHPPPPPHHHHHPPHPPHHHHHP
679,HHPHHPPHHPPHHPHHHHHHHPPPPPPHHH
680,PHPHHPHHHHHHPPHHPHPHPHHHHHPPHP
681,HHPPPPHHPHPHPHHHHPPPPHHHPPHPHP
682,PPHPPHPPHHHHPHPPPPPPHHHHPHHHHH
683,PPPHHPPHHHHPPHPPPHHHHPHHHHHPHH
684,HPPHHPPHPHHPHPHHPPPPPPPHPHHPPH
685,HPHPHHPHHHHHHPPHPHPPHPPHHPPHPP
686,PPPPHPPPHPPHHPHHPPHPHHPPPHHHPP
687,PHPPPPPHPHHHHPPPPHPHPPHHHPHPPH
688,HHPHPPPPHPPPPPHHHHPHHHHHHHPPHH
689,HHPHHPHHPHPHPPPHHPPHPPHHPPPHHH
690,HHHPPHHHPPHPHHPHPHHPHPHHHHHHHP
691,PPPPPHPHPHHPPPHHPPPPPPPHHPHPHH
692,HPPPPHPPPPHHPPHPHHHHHHPPPPPPPP
693,HHHPPHHHHPPHHHHPPHPHHHPHPHPPHP
694,PPHHHPPPHHPPPPHHPHHPPHHHPPHHHH
695,PHPPPPPHHPPHPPPHHHPHHPHPHPHPPH
696,PHHPHPHHHHPPPPHPPPHHPPPHHHHHPH
697,HPPHHHPHPHPHHPPPPPHPHPHHPHHPPH
698,HPPPHHPHHPPHHHHPHPPPPPHPHPPHHH
699,HHHHHHHHHHHHHPPHHPHPPHPHPPHPPH
700,HHHPPHHPHHHHPPHHHPPHPPHPHHHHPH
701,HPHPHPPPPPHPHHPHHHPHHHPPHHPHHP
702,HPHHPHHHHPHHPPPPHHPHHHHPHHPHHP
703,HPHHPPHPHHPPPPHPPHPHHPPHHHPPPH
704,PHPHPPHHPPPHHHHPHPPPPHHHHHPPHP
705,PPHPHHPHHPHPHHHPPPHPPHPHPPPPHP
706,HPPHPPPHHPHHPHPPHPPHHHPHHHPPHP
707,HPPPHPPPPHHPHPPHHPPHHPPHHPPHPH
708,HHHPHPPPPHHHHPHHPHHPHHHHPPPPHH
709,HHPPHPPPHHHPHPHPPPPPPPHPPHPHHH
710,HPPHPHHHHHHPHHPHPHPHPHPHPHPPHP
711,PHPHHHPHHPHPHPHPPHPHHPPHHHPPHP
712,HPPHPHPPHPHHHPPHHPHPPPHHPHPPHP
713,HHPHHPPPHPHHHPPHHPPPPPHHHPPHPH
714,HHPHPPPHHPHHHPPPPHPHHPHHHPPPHP
715,HHHHPPHHHPHPPPHPPHPHHHPPHPPHHH
716,HHHPPPHHHHHPPHHHPPPHPHPHHPPHHH
717,PHPPHHPPHHPPHPHPPHPPPHPPHHHHPH
718,PHPPPHHHPHHPHPHHPPPPHPHPPHPPPP
719,PPHPPHHPHPPPHPHPHPHHHPHHPPPHPH
720,HHPPHHPHPPHPPPPPHHHPPPPHPPPPPP
721,PPHHHPPPHHPHPHHPPPPHHPHPHHHPPH
722,HHPPPPHHHPHPHPHPHPHPPPPHPPHHHH
723,HPHPHPPPHPPHHPHHPPHPPPHPPPPPHP
724,HHPPPHPHPPHHHPHHHHPHHPPHPPHPPP
725,HPHHHHHPPHPHHHHPPPPPPHPHHHHHHP
726,PPPHHHHPHHHPHPHPPHPHHPHPPPHPHP
727,PPPHHHHPHHHPPPHPHHPHHPPHHPHPPP
728,PHPPPPHHHPPPPPHHHPPHHHHHHPPHHH
729,PPHHPHPPPPHPHPPPPHHHHPHHPHPPHH
730,PHHHHPHHPPPPPHPHHHHPPPHHPPHHHH
731,PPHPHPPHPHHPPPPHHHPHPPPPHHPHPP
732,PPPPHHHHPPPHPPHHPPPHPPPHPPPHPP
733,HPPPHHPHHPPHPHHHHHPHPHHHPHPPPH
734,PPHPPHHHPHPHHPHHPPHHHHPHHHPHPH
735,PPHPHPHHPPPHHPPHHHHPPPHHPHHHPP
736,HPPPHHPHPHPHPPPHHHPPPHHHHHHPPP
737,HHHHPPHHHPHHHPHPPPHHHHPHPPHHHH
738,HHPHPHPPPPHPPHHPPPPHHPPHPHPPHP
739,PHPPPPPPPPPHHPPHPPPHHHHHHHPHPP
740,PPPHPPHPHPHPPHHHPPHPPHHHPPHHHH
741,PPPHHHHHHPHHPHHPHPHPPHHHHHPHPP
742,HHHPPPHHPPHPPPHPPHHHHPPHHPHPPH
743,PHPHHPHPHHHPHPPHPHPHHPHPHHPPHP
744,HPPHHPPPPHHPHPHPHPPPHHHHHPHHPP
745,HHHPPPPPHHPHPHHPHHHHPPHHHPPHPP
746,PHHPPPPHHPPHPHHPPHPPPPPPHPHPPP
747,HPPHHHPHPHPHPPPPHPHPPHPHPHPPPH
748,PPHPPHHPPPPPPHPPHHPPPHPPHPPPHP
749,PPHPHHHPPPPHHHPPPPPHHPHPPHHHPH
750,PPPHHPHHPPHPPHHPHPHPPHPHPPHHHP
751,HHPPPHHPHPHPPHPPPHPPHPPPPHHHPP
752,PPHPPPPPHHHPPHHPPPHPHPHHPHPPHP
753,PHHPHPPHPHHHHPPHHHHPHHPPPPHHHH
754,HPHPHHPHPHPPHPPHPHPHPHHPHPPPPH
755,HHHHHHHPPHPPPPHHPPHHPHPPHPPPPH
756,HHPHPHPHHPHPPPPHHHHPHHHPHPPHPH
757,HPPHPPPHHHHHPHHPHHPPPHPPPPHHHH
758,PPHPPPHHPPHHPPHPHHHHHHHHHHHHHP
759,PPHHHPHHHHPPHHHPHHHPPHHPHPPHPH
760,PPHPHPPPPPPHHHPPPHHPPHHPHPPHHP
761,PHHHPPHPHHPPHHPHPHPHHPPHHPHHHH
762,PPHPPHHPHHHPHPHPHPPPPHPPHHPPPP
763,HPHHHPHPPHPPHPPHPPPHHPHHHPHPPH
764,HHPHPHHPHPHPPHPPPHPPPHHHPPPHHH
765,PHPPHHPPHHPHPHPHPHHHPPPPPPPPPH
766,HPPPHHPHPHHHPPHHHHPPHHHHPPHPHP
767,HHPHHHPHPPPHPPPHHHHHPPPHHHPPPP
768,PHHHPHPPPHHPHPHHHPPHPHPHPPHPPH
769,PHPPHPPPHHPHHPHHHPHHHPPHPPHPPP
770,PPHHHHHPPHHHPPHHPPHHPHHPPPHHHP
771,HHPHHPHHHPHPPPHPHPHHPHHPPPPPHP
772,PPPHPPHHPPPHHPHHHPPHHHHPPPPPPP
773,HHHHPHHHPHPHPPPHPPPPPHHPPPHPHP
774,HHPHPHHHHPPPPPHHHPHPPPPHPPHPHH
775,PPHHHPHHPHPPPHHPPPPPHPHPHPHPPP
776,PPPPHPHPPPHHPHHHPHPHPHHPHPPPHH
777,HPPHHHHHPHHHPPPPPHHHHHHPHHHHPH
778,HPPHHPHPHHHPPHPPHPHHHPHPHHPPHP
779,PPHHPPPPPPPHHPPHHPPHHHHHPHHHPP
780,HPPPPHPHPPHPHPPHPHPPHHPHHHPHPH
781,HPHHPPPHPPPPPPHHPPHPPPHHHPHPPP
782,HHPHHPPPPHPPHPPHPHHPPPHPPHHPPP
783,HPPHHHHHPPPHHPPPPHPPPPPHHPPHHH
784,PPPPHHHHHPHPHPHHPPPHHPHPPHPPHP
785,PHHHHPHPPPHPHPPHPPHPPPPPHHHPHP
786,HHPHPPHPPPHHPPPHPPPPPHPHHPPPPH
787,PHHHPPHPPHPPPPHPPPHPHHPHPPHHPP
788,HPHHHHHPHPPHHHHPPPHPHPHPHHHPHH
789,PHHHPHHPPHHPHHPHHPPPPPPHHPHHHP
790,PHPHPPPPPHPHPHHHHPPHPPHPPPHHHP
791,PPPHPPPHHHHHHHPPPPPPPHHHHHPHHH
792,PHPPHHHPPHPHPHPPPHHHPPHHHHPHPH
793,HPPPHHHPHPPPHPPHPPPPHPHPPPHPPP
794,PHHHHHPPPPHPPPPHHPPHPPHHPHHHHP
795,HHHPPPHPPHHHPPPPHHPHPPPPPPHPPP
796,HPPPHPHPHHHHPHHHHHHPPHHPHPPHPP
797,HPHPPPPPHPPPPHPHHPPPHHHHHHPHHP
798,PHPPHHPPPPPPHPPPPHPHHHPPHPPHHH
799,HPPHPHPHHPPPPPPPHHHPPHPHHHHPPH
800,HHHHHHPHHHPPPPHHHPPHHHPHPHHPPH
801,HHPHHPHHHPHHPHPHPHPPHHHHPHPPHP
802,HHHHPPPHHPHHHHPHHPPPHHPHPPHHHH
803,HHHHPHHPPHHPHPHHHHHHHPPHPPPPHH
804,PHHHPHPPHHPPPPHHHPHPHHPHPPHPPP
805,PHPPPPPPHPPPPPHHHPHPHPPHHPPHPP
806,PHPHHPPPHPPPPPPHPHHPHPPHPHHHPP
807,HHHHPHHPPPPHHHPHHPHPHHHHHPPPHP
808,PHPHHPPPPPPHHPHPHHHPPPHHHPHHPH
809,HPHPHPPPHHPPHHPPPPHPHPPPPPPPHP
810,HHHPHPPPHPHHHHHHPPPHHPHHPPPHHP
811,HHPPPPHHHHHHPPPPPHHPHHHHPPPHPP
812,PPHHHHHHPHHHHPPHPHHPPPHHHPHHHH
813,HPHHPHHHPHHPHPHHHHHPHHPPHPPPPH
814,PHHHPHHPPPPHHHHPHHHHPPPPHHPPPP
815,HPHHPPPPHHHPHPHPHPHPHHPHPHPPHP
816,HPPPHPHHHHHHPHPHPHHHHPPHPPPPHH
817,HHPPHPPPPHHHPHPHHHHHPPPPPHHPPH
818,HPPPHHPPPHHPHHHHPHPHPPHPHPPPHH
819,PPHHHHPHHPPHHHPPHHPPHPHHPHPHPH
820,PPHHPPPHHPPPHHHPPPHPPPHPPPPHPP
821,PPPPHPPPHHPHHHHHPHPHHPPHHPHHHP
822,PPHHPHPHHHPHPHPPHPHPHPHPPHHHPP
823,PPHPHPHPHHHHHPHHPHHHHHPHPHHHHH
824,PHPPHHHHHHHHPPPHHPHHPHHHHPHHPP
825,HPPPHHHPHPPPPPPHPPHPPHPPPHHPPP
826,PHPPPPPHHPPHHHHPPPHPHPPHPHPPPP
827,HPHPHHPHPPHHHHPPHPHPPHPHPPHHHH
828,PHHHPHHHPHPHPHPHPHHHPHHPHPHHPP
829,HPPPHPPHHHHPPPHHPPPHPPHPPHPPHH
830,PPPHHHPHPPPHHPPPPHPHHHPHPPHHPP
831,PHHPHHPHPPHPHPHHPHHPPHPHHPHHHH
832,HPHPPHHPHPPPPHHHPHPHPPHHPHHPHP
833,HHPHHPHHPHPHHPHHHHPHHPHPPHPPPP
834,PHHHPHHHPHPHHPHHHPHHHHPPPHPPPH
835,HPPHHPPHPPPPHHHPPHPPPPHPHPHPPH
836,HHPPPHHHHHPHHHPHPPHPHPPHHHHHHP
837,HHHHHPHHPHPPHHHPPPPPHHPPPHHHPP
838,HPPHPHPHPPPPPPPHPHPPHPHPHPHPHH
839,HPHPHHHPHPPPHHHHHHHPPPPHHPHPPP
840,PHPPHPPPHPHPHPPHHPHHPPPHHHPPHH
841,HPHPPHHPHHPPPPHPHPPPPHPPPHPPHP
842,PHHHHHHPPPHPPHPPHHHHHPPHPPHPPP
843,PHHHPHPHPPHHPPHHPHPHHHHPHHPHHH
844,PHPHPHHPPPPPHHHPHPHPPPHPPHHPPH
845,PHHHPHHHPPHHHHPPPHPHHPHHPPHPHP
846,PHPHHHHPPHHHPHHPHPPHHHHPPHPPPP
847,HHHHHPPHHPPHPHPHHHHPHHPHHPPHPH
848,PHHPPPHPPHPPPPPHHHPHHPHHHHHHHH
849,PHPHPPPHPPPPPHHPHHPHHPHPHPHHPH
850,PHHPHHPHPPPHHPPHHHPPPPHHPPPHHP
851,HHHPPPHPPHHHHHPPPHPPPHHHPPPPPH
852,HPHHPPPHPHPHPPHPHPPHPHPHPHHHHP
853,PHHPPHHHPPHHPHHPHHHPHHHHPHPHPP
854,PHPPHPHPPHHPPPHHHHPHHHPPHPPHPP
855,HHPHPHHHPHHPPHPHHHHHHHPHPHHHPH
856,PHHPHPPHHPPPPPHPHPHHHPPHPPHHHP
857,HHHPHHPHHPHHHPPHHHHPHPHHPHPHHH
858,PPPPPHHPHPHPHPPPPPHHHHHHPHHHHH
859,PHPHHHPPHHPPHHHPHPPHHHPPHHHHHP
860,HPPPPPPPPPHPPPPHPHHPPPHPHPPPHP
861,HHPHPHPHHHPPHPPPPPPHHPPHHHHPPP
862,PHHPHPHPHPHHHPHHPHPPPHPPHHHHHP
863,PHPHPPPHPHPHHHPPHPHPHPPHPHHPPH
864,HHPHPPPHHHHHHHPHHHPHHHHHHHPPHH
865,PHHPPPHHHPHHHPHPHHHPPHPPPPPPHP
866,HPPPPHHPPHPPPPPHPHHHHPHHPHHHPP
867,HPPHHPPHPHHPHPHPHHHHPPPHPPPHPH
868,HPHPHPHPHPPHPHPHPHHHHPHHHHPHPH
869,PHPHHHPPHHHPHPHHPHPPHHHPHPPPPH
870,PPHPPHHPHHPHPPPPHHHHPHHHPPHHHP
871,PPHHPHHPPHHPHPHPPPPPHHPHPHPPPH
872,PHHPHPPHPHHHHHHPHHPHPPPPPHHHPH
873,HPPHPHPHHHHPHHPPPHHHPHHHPHPHPP
874,PHPPPHHPPPPHHPPPHHPPHPPPHHHHHP
875,HPHPPPPHPPHHHPPHPPHPHHHPPPHHHP
876,PPHPHPHHHHHHPHPHPHPHHHHPPHPPPH
877,PHHHHPHPPPPHPPHPPHHHHHHPPPPPPP
878,PPPHHHPHPPPHPHPPPHHHPPHHPPPHPH
879,HHPPPHPHPHPHPPPPPHHHHHHPPHPHHH
880,HPPHPHHPPHHPHHHHPHHPHPHHHPHHPP
881,HPPPPHHPPHPPHHHPHHHPPHPPPPPPHH
882,HHHPHHHHHPPHHHHPPHHHPPPPHHPHHH
883,HPPPHPHHPHHPHHHPPPPHHPHPHHPPPH
884,PHPPPHHHPHHHHHHPHPHPPHHHPPPPHP
885,PHHHHHPPHPHPHHPHPPHHPPPPHPHPHP
886,HHHPPHPPHPHPPPHHPPPPPHPHHPHPHP
887,HPPHHHHHHHPHHHHPHHPPHPHHHHPPPP
888,HPPPPPPPHHHHPPPPPHHHHPHHPHHHHH
889,PHPHHHHPHHHHHHHPHPPHHHPHHHPPPP
890,PPHPPPPPHHHPPPPPPPPHPPPPHPHPPH
891,PPPPPPPHHHHHPHHPPPHPPPPHHHHPPP
892,PHHPHHHPHHHPHPHHPHHHHHPHPHPHPH
893,PHPPPPHHPPHPHPHHHHPHHPHPPHPPHP
894,HHHHHPHHPPPPHHHHHHPPPPHPHPPPPP
895,PPHHHPPHPHHPHHPPHHHPPHHPPHHHPP
896,HHPPPPHHPHPHHPHHHPHHPHPPHPPHHH
897,PHPPHPHHHPHPHPHHHPHPPHHHPHPPPP
898,HPHHPPPPHHHHPHPHHPHPPHPHPPHPHH
899,PPHHPPPHHHHPHPHHHHHHHPPPHHHHHP
900,HHHPPPHHHPPHPPPPHHHHPHHHHHPPHP
901,HPPHPPHHHPHHHPHPPPPHPHHPHPHHHH
902,HPHPPPHHHHHHPPHHPHPHPPPHHHPPHH
903,HHPPHHHPHHHPPPHPHHHPHPHPPPHHHH
904,HPPPHHPPHHPHPHHHHHPHPPHPPHPHPH
905,PHPPPHPPPPPHPHPPPHPPPPHPHHPPPP
906,PHPPPHHPPPHHPHHHHHHPHPPPHPHHPH
907,HHPPPPHHHHPHPPPPPPHHPPHPHHPHHH
908,PHPHHHPHPPHPPHHHHPPHHHHPPPHHHH
909,PHPHHPHPPPHHPHHPHHHHHHHPPHPPPH
910,HHPPPPPPHHHPPHHPPPPPHHPPHPHPHH
911,HHHHPHPPPPHPHPHHPHHPPPHHHPHPPP
912,PPPHPHPPHPPHHHPPHHHPPHHHHHPPHH
913,PPHPPPHPPHPPHPPPPHHHHHHPPPPHHH
914,HHHPHPPPHHPPHHPHPHHHPHPPPPPHHP
915,PPHHPHPHPPPHHHHHHHPHHPHPPHPPPP
916,HHPHPPPHHPPHHPPPPHPPHHPPPPHPHP
917,HHHPPPPHPPPPPPPHHPHPPHHHHPPHPH
918,HHHPHPHPPPHPHPPPHHHHPHHHHHHHPH
919,HPHHPHHPHPHPHHPPHHPPHPHPHPHHHH
920,PPPPHPPHHHPHHPHHHHPPPHPHHHPHPP
921,HPHPPHHHPPHHHHHPHHPHHHHHPPHHPH
922,PPPPPHHHPPHPHPHHPPPPPHHPPPPPHP
923,PHPPHHHPHPHPHHHPHHPPHHPPHPHHHP
924,HHPHPHHHPHHHHHPPPHHHPHHHHPPHHP
925,HHPHHPHHHHPPPPHHPHHPHPPPPPHPPH
926,HPHPPPPPPHPPHPHPPHHHPHHPHHHPHP
927,PHPPHPHHHHHHHPPHHPHPHPHHHPHPHH
928,PPHHPPHHHHPPPPHHHHHPHHHHHPHHHP
929,PHHPPHPPPHPPPHPPHPPPHHHPPPPPPH
930,PPHHHHPPPPPHPPPPHHPPHHPPHPHHHH
931,PHPHHHHHPHHPHHHHPHHPHHHHPHPPPP
932,HPHHHHPHPPHPHHPHPPPPPHHPHPHHPH
933,HHHPPHPPHPPPHPPPHHHHHPHHHPHPPH
934,HPHPHHHPPHPHHHPPHHHPHPHPPHPHHH
935,PPPPPHHPHHPHHHPPPHPPPHPPPPPHHP
936,HHHHHHPPHHPHHHHPHPHPHPPPHHPHPP
937,PHPHHHPHPHPHHHPHPPHHHHPPHHHHHP
938,HPHHHPHPPHPPHHHPHPHPHPHPPHPHHH
939,PPHHHPHPPPHPHHHHPPPPPPPPPPPPHH
940,PHPPPPPHHHPPHPHPHPPPHPHHHHPHHH
941,HPHPHPPPHHHHPHHHHPPPHHHPHPPPPH
942,HHPHPHHPHPPHPPPPHPHHPPPHPHHPHH
943,HHHPPPPPHHPPHHPHPHPHPPPHPHHHHP
944,HHPHHPHPPPPHPHHHPHHHHHPHHPHPHP
945,PHHHPHHHHPPPPHPPHPHPPHHHPHPPPH
946,PPHPHHHHHPHPPPPHPHPHHPPPPHPPPH
947,PHPHPPPPHPPHPHPPPHHPPHPPPPPPHH
948,HPPHPPPHHPHHHHPHPPHPHHHPHPPHPH
949,PPPHPPHPHHPHPHHPPPPPPHPHHHPHHP
950,HPHHHPPHPHPPPHHHPHPPHPPPPPHHPH
951,HPPPHHHPPHHPPPPHPPHPHPPPPHPHHH
952,PPHHPHPPPPPPHHHHPPPHHHPPHPPPHH
953,PHHHPHHPPHHHHPPPHPPHHPHPPPHPPH
954,HHHPPHHPHPPHHPPPPPPPHHPPHHHHHH
955,HHHPPHHHHPPHHPHHHPPHPHPPPPHHHH
956,PPPHPHHHHPHPPPPPHHPHPPPPPHPPHP
957,HHHHPHHHPHHHHHHHHPHHPHPPHPPHHH
958,HHHPHPHPHPPPPHHPHPHHPHHHPPPPHP
959,PHHPHHPPHHPPPHPPPHPHPPPHHPHPPH
960,HHPPPPHPPHPHPHHPPPPHHHPPHPPPPH
961,HPPHPHPHPHPPHHHHPPPHHHPHHPHPHP
962,PPHPPPPHPHHHPHHPPHHHPPHHPPPHHP
963,PHPHPHHHHHPPHHHHPPPHHHHPPPHPPP
964,HPHPHPPPHHHHPPHPHPPHPHHHPPHHHH
965,PPHHHHPPHHPPHHHPHPPHHPHHHHHHHH
966,HHHPPHHHPHPHHPHHHPPHHPPHHPPHHH
967,HPHHHHHHHHPHPHPHHHPHPPPHPPHPHH
968,PHHPPPPPPPHHPHPHPHPHHPPPHPPHPH
969,PPPHHPHHHHPPHPHPPHPPPPPPHHPPPH
970,PPPPHHHPPHHPPHHPHPPHPHHHHPPPPH
971,PPPPHPHPHPPPPHHHHHPHHHHPPHPHHH
972,HHHHHHPHHPHPPHPPHHPPHHPPPHHPHP
973,HHPPPPPPHPPPHHHPHHHHHPPPPPPHPP
974,HPHPHPHHHPPPHPHPPHHPPPHPPPHPPP
975,PHHPHHPHPHHHPHPPPPHPPPHPHPPHPH
976,HHHHPPPHPHHPHPHPPPPHHPHPHHPHHP
977,PPPPPPHHPPHHHHPHHPPPHPPHHHPHHH
978,HHPHPPPHPHPPHPPHPPHPPPHPHHPHHH
979,PPPHHHPPPHHPHHHHPPHHPPHPHHPPHP
980,HHPHHPHPPPHPPHPHHPPHHPPHPHPPHP
981,HHPHHPPPPHPPPHPHPPPPPPHHHPHPHH
982,PPPPPPPHHHPHHHHPPHHHHPHHPPPPPP
983,PHHPPHPPPPHPPHPPHHHPHHHHHPHPPP
984,PPPPHHPHPPPPPPPPPPHHPPHHHPHPHH
985,HHPPPHHPHPPPPHPPHHHHPHPPHHPPHP
986,HPPPHPHHPPHHHHPHPPPHPHPPPPPHHH
987,HHPHHPPHHHPPPHHHPPPHHPPHPPPHHH
988,PHHHPHPHHPHHPHPHHPPHPPPHHPPHHH
989,HHPPPHPHHPPPPPHHPHPPPPPPHHHHPP
990,PPHHHPHHHPPHPPPHPHPPPPPPHHPPPH
991,HHHHHPPHHPHHHHPHHHPPPHPHHPHHHP
992,PPHPHPHPPHPHPHHPHPHPHPPPHPHHHH
993,PPHPPHHPHPHHPPHPHPHHHPHPPHHPHH
994,HHPHHPHHPHHHPPPPHPPPPHHPHHPHPP
995,HPHPHHHHHHPHPPHPHHPPPPPHHHHPHH
996,PPHPPPHPPHHHPPPHHHHHPPHPHHPHHP
997,PHHPPHPHPHPHPHHPPPHPHPHPPHPHHP
998,HHHHPPPHPPPHPHHHHPPPPPHHPPHPPH
999,PHPPPPHHHPPPHHHHHPHHPPHPPPPPHP
