id,sequence
0,PHHPPPPHPPHPPPHHPPPPPPHPPPHPHPHPPPH
1,PPHHPPHPPPPHPHPPHHHHPHPPHHHHHHPHHHH
2,HHPPPHHHPPPPHPHPHPPHPHHPPHPHPPPHPHH
3,HHPHPPPHHHHPPPHHHPHPPHHHHHHHPHPHHPP
4,PHHHHHPHHPHPPPHPHPHHHPHPPHPHHHPPHHH
5,HHHPHHPHPPHPHHHHHPPPPHHHHHPPPPHPHHH
6,PHPHPHPPHPPPHHHPHPHPHPHHHPPPPHPPHPH
7,HPPHPHPPHHHPPPHPPHPHPHPHHPHHPHHHHHP
8,HHHHHPPHHPHHHPHHPPHHHHPPHHHPHHHPPHP
9,HHHPHHPHHPPHHPHPHPPHHHPPHHHHHHPPPHP
10,PPHHHHPHHHHPHHPHHPPHPHHHHPHPHHHPHPP
11,PHPHHPPHHPHHHPHHPHPPPPPPHHHPHHPHHHH
12,HPPHHPHPPPPPHPPPHHHPHHPHHPHHPPHHHHP
13,HPPPPPHHHPPHPHHPHHPPHHPHHPHPHHPPHPH
14,PHHPPHHHHHPHPHHPHPPHPHHHPHHHPPHHPPH
15,HPHPHPPPHPHHPPPHHHPHHHPPPPHPPHPPHPP
16,PHHHHPHHHHPHHPPHPPHHPHHPPPPPPHHPHHH
17,PHHPHPHHHHPPPPHHPPHHPHHPHPPPPHPHHHH
18,HHPHHHHHPPHPPHPPPPHHPPHHPHPPPHHPHHP
19,PPPPPHHHPPPHHPPHHHPPPHPPPPPPPPPHHHH
20,PHHPHHHPPHHPPPPPPHPPPHPPHHHPPPPPHPH
21,HPPHHHHHPPHPPPHHHPHHHPPHPPHPHPPPHPH
22,PHHPPPPPPPHPHHPPPHHHPPPPPHPHPHPHHPP
23,HHHHPHPHHHHPHPHPHPHPHPHHPPHPPPHPPPH
24,HHHHPPHPPHPHHHPHPHPPHPHPPPPHHHHHPPH
25,PPPPHHHPHHPPHPHPPPPHHPPPPPPHPPHPPPH
26,PHHHPPHPHPHHPPHPPPPHPHPPHHHPPPPHHHH
27,HPPPPHHHHPHPPHPPHPHPPHHPPHPPPPHHPHH
28,HHHHPHHPPPHHHPHHPPPPPHPPPPPHPPPHHHP
29,PHPHPPPPHPPPHPPHPPHPHHHPHPHPHHPHPHH
30,PHHPHPPHPPHHPHHHPPPPHPPHPPHPPHPPHHH
31,HPHHHHPPHPPHHHPHPHPPHPHHPHPPPHPPPPH
32,PPPPHPHPHHPHPPHHPPHHHHPPHHHHHPPHPHP
33,HPHHPHHPHHHPHPHPHPPHPPHHPHPHPHPPPHH
34,PHPHHHPHPPPPHPHHHHHPHHHHPPPPPHHPHHP
35,PHHHPHPHHHHHPHPHHPHPPHHPPHHPHPPPHPH
36,PPPHPPHPHPPPHPPPHPPHHHPPHHHPPHPPHHP
37,PHHHPPHHPPPPHHPHPPHHPPHHHPHHPHHHHHP
38,HHPPHHPPHHHHHHPHPPPHPHHPPHPPHHPHHPP
39,PPPPHHHPHHPPPPPHHPHPHPPHPPHHPPPPPHH
40,HPPPHPHPPHPPHPHHPHHPHHPHHPPHPHPPHHP
41,HHPHPHPHHPHHHHPHHPHPHPHHPPHPPHHHHHH
42,PPHPHHPPHHPPPHHHHHPPHPPPHPPHHHHHHPP
43,HHPHHHPHPHHHHHHHPHPHHHPHPPPPPHHPPPH
44,PHPPHPPHHHHPPPPHHHPHPPPPHPPPHHPHHHP
45,HHPPPPPPPHPHHPHPPPHPPPHHPHPPHPPHPHP
46,PHPPHHPPPPHHPHHPHPHPHPPHHPPPPHHHPHH
47,PPPPHHHPPHHPHHHHPPPPPHPPPPHPHPHHHHP
48,PHHPHHPPPPPPPPPPHHPPPHPPPHHHPPHPHHP
49,HPPHPHHHPHHHPHPPHPHPHHPHPHPPHHHPPHP
50,PPHHHPHHPHHHPPPPPPPHPPPPHHPHHPPPHHP
51,PPPPHHPHHHHPHPPHHPPPPHHPPHHPHPPHPHH
52,HHHPPPPHHHPPHPPPHPPHPPPHHHPHHPPPHHH
53,HPHPPPHHHHPPPPPHHHPHPPHPHPPHHHHHPPP
54,HHPHPPHHPHPPHHPHHPPHHHHHHHPHPPPHPHH
55,HHPHPPHPHPHHHHPHPPHHHPHHPHPPHPPPPHH
56,HHHPHHHPPHHPPHHHPPPPPPHHHHPHHHHPHHH
57,PPHPHHHHHHPHHHHHPPPHHHHHPHHHPPHHPPH
58,HHPHPHHPPHPPHPHPHPPHHPPPHPHHPPHPHHP
59,HPPHHPPPPHHHHPHHHHHHPPPPPPPPPPHHHHH
60,HPHHPPHHPPHPHPPPPPPPHPHPPHHPPPHPHPP
61,HPHPHHHPHHHPPPPPPPHHPPHPPPHHHHPPHHH
62,PHPPPHHHPHPPPPPPHHHHHHPHHPPHPPHHHPP
63,HPHHHPHPHHHHHHHHHPHHHPPPHHHHPHHHHHP
64,HHPHPPPHHPPHHPHPPPHHPHHHHHPPPHPHPPH
65,HHHHPPPHPHPHPPPPHHPHPPPHHPHHPPHHHPH
66,HHHHPPHPHHPHPHPPPHPPHPHHHPHHHHPPPPP
67,HHPHPPHHPPHHHHPHPHPPPHPHHPPHHPPPPHP
68,HHPHPHPPPHHPHHPHPHHPHPHPHPHPPHPHPPP
69,PPPHPHPPPHHPHHPPPPHPHPPPHPPPHHPPHPH
70,HHHHPHPHHPHHPHHHHPPHHPPHPPPHPHHHPHH
71,HHPPHHPHPHPPHPPPPPHHHPHPPHHPHPHHPPP
72,HHPPPPPPHHPHPPPHPHPHHHPPHHPPPPPPHHH
73,HPHPHHHHPHPHHHPHHHHHHPHPHPHPPHHHPHP
74,HHPPHHHPPPHPHHHPHPHHHPHPPPPHPPPPHPH
75,PPPPPHHHHHPPPHHPHHPHPPPPHHHHPHPHHPH
76,HPPHHHHPHHHHHPPPHHPHPHHHPPPHHPHHPPP
77,HHPPHPHPPPPHPHHPHHPHHHPPPHPPHPHHHPP
78,HPHPHHPPPHPPPPHHPPPPHHHPPHHHHPPPHPH
79,PHHPHHHHPPHPHPPHPHHHPPHPHPHPHPHHHPH
80,PHHHPPPPHHHPHPHHHHPHPHHHHPHHHPHHPPH
81,HHHHPPHHHPHHPPHHPPPHPHPHPHHPPHHHPHP
82,PHPPPHHPPPHHPHHHHHPHHPPHHHHPPHHPPPP
83,HPPPPHPPHPHPHPPHPHPPHPHHPHHHHPPHPPH
84,HPPHHPPHHPHPPPPHHPPHPPPPPPHHHPHHPHH
85,HPHPHHHHHPHPHPHHPPPHHPPPPHHHHPHHHHP
86,PPPHPPHPHHHHPHPPHPPPPPPHHPHPPHPPPHH
87,PPHPHPPHPPPPHPPPPPHPPPPHPPHHHHPPPHP
88,HPHHPPPHHPHHHHHHPPPPPPPPPPHHPHHPPPH
89,HPHPPHHHHHPPHPHHPPPPPHPPHHPHPPPHHPH
90,PPPPPPPPHHPPPHPHPHPPHHPHPHHPPPHPHHH
91,PHHPPHPHPPPPPPHHHHHHHPPHPHHPPHHPHHH
92,PHPHPHHHHPPPPHPHHPHPPHHPPPHHHHHPPPP
93,PPPHPPPHHPHHPPPHPPPHPPPPHPPHHPHHPPH
94,PHHPPHPHHPPHHPPHHHPHHHPHHPHPPPPHPPH
95,PPPHPHHHPHHHHPPPHPHHHPPHHPHHHPHPHPH
96,PHHPPPHPHHPPPHPPPPPHPPPPPHHPPPPPHPH
97,PPHHPPHPPPHHPHPPPHPPHHHPHPHHPPHPPHP
98,HPHPHHPPPPPPPHPPPHPPPPHPPPPPHHPPHPP
99,PHHHHPHPHHPHHPPPHHHHPHHPHPHPHPPHPHP
100,PHPPHPPPHHPPPHPHPPHHHHPPPPPHHHPHPPH
101,PPPPHHHPPPHPPHPHHHHHPPPPHPPHPHHPHPH
102,HHHPPHHHHPPPPHHPPPHPHPPHHHHPPHPPHHH
103,HHHPHPPHPPHPPPHHHHHPPHPHPPHPPHPPPHP
104,PPHPHPPPHPHHPHPHPPHHHPHHHPHHHPPPPPP
105,PPHHHHHHHPHHHHPHPHHHHPPPHPPPPHPPHPH
106,PHPHHPHPPHPHPHHHHPPPHHHPPPHPHHPPHHP
107,HHHHHHPHHPPHHPHPHHPHHPHHHHHPHHPHPPH
108,PPPPPHHHHPHHHHHHPHHPPPHHPHPPPPPHHPP
109,PPHPHHPPHPHHHHPPPPPHHHHHPPHHHPHPHHP
110,HPPHPHPHPPPHPPPHHHPHPPPHHPHPHHHHPHP
111,HPPHHHPHHHPHPHHHHPPHHHHHPPPPPPHHPHH
112,PHHPHPHPHHHHHHHHHPHHHHPHHPPHHPPHHPP
113,HHPPPHHHHPPPHHHPHPPHPHPPHPHPHHHHPPP
114,PPPPPHPHHHPPHHPPHHHHPHHPPHHPPHHHHHH
115,PPHHHPHPHHPPPPHPHHPHHPPHHHHPHPPHPHP
116,PPPPPHHHHHPPPPPPPHPPHHPPPHPHPHPPPPP
117,HHHHHPHPPPHHHPPHHPHHHHHHPPPPHHPPHPP
118,HHHPPPPHHPHPPPPPPPPPPPPPPHPHHPPPHHP
119,PPPHPPPPPHHHHHPHPPPHHHPPHHHPHPHPHPH
120,PPPPPHPPHHPPPHPPPHPPHHPPHHPPHHHPHHH
121,PPPHHPHPPPHPPHHPHPHHHPPPPHPHHHPPHHH
122,HPHHPHPHPPHPPHHPHHHHPHHPPHPPHPHHHHH
123,HPPPPHHHPPPHHHHPPHHPHHHHHHHHHHHPHPP
124,PPHHHHPPPPPPHPPPHPHHHPPHHPPHHHHHHPH
125,PPPHHPHHHPPPPHHHPPPPPPPHPPHHHHHHHPH
126,HPPHHPPPPPPPPPPHHHHHHPPHHPHHPHHPHHH
127,PHPPPPHPPPPHHHHHPHPHHHHHPHHPHHHHHPP
128,PPPHHHHHPPPPHHPHPPPPHPPPHPHHHHPHPPH
129,PHPHPHPHPHHPHHHHHPPHPPHHPPHPPPPPHHP
130,PPHPHHHPHHHPHHHPPPHHHHHHHPPPPHHHPHP
131,HHHPPHPPHHHHPHPHPHPHHHPPPHHHHHPPPPH
132,PPHHHHPHPHHPPHHHPHHPHHHHPPHHPHHPPPH
133,HPHPPHPPHHHHPHPPHHPPHPPHHPHHPPPHPPH
134,HHPPHHPPPPHPHPPPPHPPHHPHHPHPHHHHHHP
135,HPPHPHHPPPPPHHPHPHHPPHPHPPHHHHPHPPH
136,PHPPPPPHPHHPPHHHHHPHHPPHPPPPPPHHHPH
137,HPPHHPPPPPHHHPPPHPHPHPHHHPPHPHPPHPH
138,HPHHPPPPHHPPPPPPPPHPHHHPHPPHHPHPHHH
139,PPPPHPPHPPPPHHHHHPPHHPHPHHHHHHHHHHP
140,HHHPPPHHPPHPPHPPPPPHHPHPHHHHHPPPPHH
141,PHHHHHPPHHHHHHHHHPPPHHPHHHHHPHHHHPH
142,HPPHPPHPPPPPPHHHHHPHPHHHPHPPPPPHHPP
143,PPPPPPPPPHPPHHPHHPPHHHHPPHHHPPPHPHH
144,PPPHPHPPPPHHPPHHPHHHHHHHPPHPPPPPPHH
145,HPHHPHHHPPPHPHHPHPPPPPHHHPHHPHHPPPH
146,PPPPHHHHHPHPHPPHHPHPHHPPHPHHPHHPHPH
147,HPPHPHHHPPPHPPPPPHHPHPPPHPPHHPPPHPH
148,HPHPHHHPHPPPHHHHPHPHHPHPPPHPHPHPPPP
149,HPPPPHHPPHHPPHHHHPHPPPHPHHHPPHPHPPP
150,HPPHHHHPPPPHHPPPHHPPHPHHPHPHPPHPPPP
151,PHPHHPHHPHHPPPPPHHHHHHPPPPPHPPPHHHP
152,HPHPHPPHHHHPPHHPPHPHPHHHPPPHPHPHHHH
153,PPPPPHPPHPHHPPHHHPHHHPPPHPPHHHHPHPH
154,HHPHPPHHPHHHPPPPPHHHHPHHHHPHPHHPHPP
155,PPHHPPHPPPPPPPHPPPPHHPPHPHPPPPPPPHH
156,PHPPHHHPHHPPPHPHHPHPPHHHHHPPHHHHPHP
157,PHPPPHHHPPHHHPPHHPHHPPPPHHPPPHHHHHP
158,PPHPPHHPPPHPHPPPPHPPPHHHPPHHPPPHPPP
159,HHPPPHHPHPPHHPPPPPPHHHHPHPHHPHHHHHH
160,HPPHPHHPPHPHPHHHHHHHPHPHPPPPPPHPPHP
161,PHHHHPPPPHHHHPHPHPHPPPPHPHPHPHPHPHP
162,HHHHHHHHHPHHHPPPPPPHHHPPPPPPHPHHHPH
163,PHHHPPHHHPHPHPPPPHPHHHPPHHPHPHPHHPP
164,PPPHHHPHPPPPPHHHPPPPPHHHHHPHHPHPPPH
165,HHPPHHHPHPPHPHPPPHPPHPPHPPPHPPHPPHP
166,PPPHPHPPHHHHHPPHPHPPHHPHHHPPPPHPHPP
167,HPHHHHPPPHPPPPHPPHHHHHHHPPPHHHPPHPH
168,PHPHPHPPHHPHPHHHPHPPPHHHHPHPPHPHHPP
169,HPPPPHHPPHPHPPHPPPPHPPPPPPHHPPPPPHH
170,HHHPHHPHHHHPHPHPPHPHHPPPHHHPHHPHPHH
171,PPPPPPPHPPPPPHPPPHHHPHHPHPHPPHPPHPP
172,HHHHHPHHHHPHPHHHHHHHHHHHHPPHPHPHHPP
173,PPHHPPHHPHHPHPHHPHHPHHPPPPHHPPPHPHH
174,PHHPHHHHPHHPPHPHPHHHPHPPHPPHPPPHPHH
175,PPHPPPHPHHHPPHHPHPHHHHHPPHPHPPPHHHP
176,PHPPHHPPHHPHHPPPPPHPHPHPPHPHHPHPPHP
177,PPPPHHHPHPPPHPHPHPHPPPPPPPHPHHPHHHH
178,PPHPHPHPPPHHHHPPPPHHHPHPHPPHHPHPHHH
179,PHHHPHHPPPHPHPHPPPHPPHHHHHHHPHHHPHP
180,HPHPPHHPPPHHPHPHHPPPHPHPPHHHPHHHPPP
181,PHHHHHPPHPHHHHHHPPPPHHHPHPPHHPPPPPP
182,HHPHPPPPPPPHPPPHHPHPHHPPHHHHHHHHHPP
183,PHHHPHHHHPPPHPPHHPPHPHHHPHPPPPHHPHH
184,HPPPHHHHPHPHHHPPPHHHPHHPHPHHHHHPHHH
185,PPHHHHPPHPPHPHPHPPPPPPHHPHHHHHHHHHP
186,HHPHPPHPPHPHHHPPPHPHHHPHHPPPHHPPHHH
187,HPPHPHPHPHPHPHPHHHHHPHPHHHHPPPHHPHH
188,PPPPHPHPHHPPPHPHPPHHHPPHPHHPPPHHHHP
189,PPHHHPHHPHHPPHHHHHPHPPHPHHPPHPPPHHP
190,HHHHHPHPPPHHHPPPHPHHHPPHHHHHPPPHHHH
191,HPPPHHHHHPHHHPPHHPPHPPPPPPPHPPPHPHH
192,HHPHHPHPPPPPPHHPPHPPHPPPPPHPPPHHHPH
193,HHHPPHHHPHHPHHHHPHHHHPHHHPHHHHHHHHH
194,HHPHHHHPPPPHHPHPPPPPPHHPHHPPHHHPPPP
195,HHHHPHHHPHHPHPHPHHHHHPPPHPPHHHPPHPP
196,HHHPPPPHHPPPPHPPHHHHPPHHHHPHPPPPPHH
197,HHHHPHHHHHPHPPPHHPPHPPHHPPPPPPPPPPP
198,HPHHHHHHHHPPHPHPPPHPPPPPHPPPPHPPHHH
199,PHHHHPPPHPHHHHHHPPHPHHHPHPHHHPHHHPH
200,PPPHPPHHHPHHHPHHPHHHPPPPHPHHHHHPPPH
201,PPPHHPPPHHHPHPHHHHPHHHPHHPHPHHPPHHP
202,HHPPHPPHPPHPHPHHHPPPHHHHPHHPHPPHHHH
203,PPPPPHHPPPHPPPHHHPHPPHPPPHHHHHHHHPH
204,PHHPHHHHPHPHHHHHHPPPPPHHHPHHHHHHHHP
205,PHHHHPHPHPPPPHPHHHPPHHPPPPHHHHPPPPP
206,PHHHHPHPPHPPPHHPHPPHPPPHPPHHPHHPPHH
207,PHHPPHHHPHPPHHPPHHHHPHHPPHHHHPPHPPP
208,HHPPHPPHHHPPPHPHPPHHHPHPHHPHHPPHPPP
209,PPPHPHPPHPPPHHHHHPPHHHPPHPHPPHPHHPH
210,HHHHHHPHHHHPPPPPHHHPPPHPPHHHHHPPPPH
211,PPPHPPPPPPPHPPPPHPHHPPHHHPPPPHPPHPP
212,PPHHHHHHPPPPPPHPPHHHHHPHHHHPHPPPPHP
213,HHHPHPHPHPHPPHPPHPPHPPHHPHHHPHPHPHH
214,HHHHHHHHPPPHHPPHHHPPPHHHHPHPHHPHHHH
215,HHHPHPPPPPHHPPPHHHPPHPHPPHPPHHHPHHP
216,PHHHPHHHPHPHPHHPPHHPHPHPHHHHHHPHPPP
217,HPPHPPPPHHPHHPHHHPHHPHHHPHHHHPPPHPP
218,HHHPPHHHPHPHHHHPPHPHHHPHHPHHPHHHHHH
219,PHPPHPPPHPHHPPPHPHPPHPHHPPHHHHPPHPH
220,HPPPPPHHPPHHHPHHPPPPPHHPPPHPPHHPHHP
221,HHPHHHHPHHHPPPPPPHHPPPHPHHPPHHPPPHH
222,HHHHPHHPHPHPPHHPPHHPPHHPHHPPPHPPPHH
223,PHHPPHPPPPHHHHHHHHPPHHHPPHHHHPPHHPH
224,PPHPPHPPPHPPHPHHPHHPPHHHPPHPPPHHPPH
225,PPPHHHPPPHPPHPPPPHHPHHHPPPHPPPPPPPP
226,PPPPHHHPHPPHHHHHPPHPPPPHHHPPHHPPPPP
227,PPPPPHPPHPHPPHHPHHPHPPPPPPHHPHHHHPH
228,PPPHHPHPHHHPHHPPHPHHHPPPPPHPPHHHPHH
229,PPPPPPHHPHPPPHHHPHPHHHHHPPHPPHHPHHH
230,PHHHHPPPPHHPHHHHPPPHPPHHHHPHPHHPHPH
231,PPPPHHHPPPPPHPHPPPHHHHHPHPPPPPHPPHH
232,HPPHPPPHHPPPHPPHHHHHHPPHHHHHPPHPHHP
233,HPPPHPHHHPHHHHHPHHPHPHHHHHPHHPHPPPH
234,HHHHPHHPPPHHPPPPPHPHPHHPHPPPHPHHPHP
235,HPPHHPHPPPPPPPPPHHHPHHHHHHHHHHPHHHH
236,HPHPHHPHPHPHHPHPPHHPPHPPPPHPPHPPHPP
237,HHHPHHHPPPHHHPPHHPPPHPHHPHHPPPHHHPP
238,PHHPHHHPPHPPPPHPHPHPHHPHPHPHHPPPPHH
239,PPHHPPHPPPHPPPHHHHPPHPHHPPPPPPHPPPH
240,HPHHHHPPPHHPPPPPHHHHPPHPHPHPHPHPPHP
241,HPPPPPHPPHHHHHHPPHHPPPPPHPPHPPPHHPH
242,HPPHHPPHHPHHHHPPHPHHHHHHPPPPHPPPPHH
243,PPPPHPPPHHHHPHPPHPHHPPHPHHHPPHHPPPP
244,HPHHPPPHHPPHHHHPHHHPPHPPPHPHPPPPPPP
245,PPPPPHPHHPPHPPHPPHPHHPHPPPPHHPPHPPP
246,PHHPPHPPPHPHPPHHPPHHPHHPHHPPPPHPPHP
247,PPHPHHPHHPPHHPHPPPHPPPPPHHPPHPPHHPP
248,PPPHHHHPPPHHHHPPPHPPPHHHHPHHPHPPHHP
249,HPPPPPPHHHPHPHPHHPPHPPHHPPPPPPHPPHH
250,PHHHPPPPHHPPPHHHHPHHPHPPPPHPHPHPPPH
251,PPHPPPPPPPPPHPHPPPPPPHPHHPHHPHHHPPP
252,HPHPPHPHHHPPPHPHPPPHHPPHHHHPHPPHPPH
253,HHPHHPHHPPHHHHPHHHPPPPHHHPPHPPPHPPP
254,PHPPPHPPHPPPHHPPPPHPHHHPPHPPHPPHPPH
255,PHPPPHHPPHHPPPHPPPPPHHHPPPHPHPPHHHP
256,PHHHHPHHHPPHPPPHPHPPPPHHPHHHHPPPPPH
257,PPPPPHHHPHHPHPHHHHPPHPPHPHPHPPHPPPH
258,PPHPPPHPHHHHHPHHHHPHPPHHPPPPHHHPHPH
259,HPHPHPHHHHPPHPPHPPPHHHPPPHPPPPHPPPP
260,PHHPPHHPHPHPHPPPHHHPPHPPPHHPPHHHHHP
261,PPHHHHHPPHHHHPPPPPHHPHHHHPPPHHPPPHP
262,PHHHHPPHHPHPHPHPHPHHPHHHPPPHHHPPHPP
263,PPPPHHHPHPHHPHHPPPPPHHPHPPPPHPHHHHP
264,HHPHPHHPPHHHPPPHPHHHPPPPPHPHPHPPPPP
265,PHHHPHHPPHPHPHHPHPPPPHHHHHPHPPHPPPP
266,HHHPPHHPHPPHPHPHHHHPPHPPPPPHPPHHHHP
267,PHPPPHPHPPHHPPHPPPHPPHHPHPHHPPPHPPH
268,HPHPPPHPHPPPPPHHPHPPPHPHHHPPHPPHPPH
269,PHPPPPHPPHHPHHHHPHPHHPHHHPPPHHHHPPP
270,HPHPHHPHHPHHHPPHHPHPPHPPHPPPHHPHPHH
271,PHPPPPHHPHHHHPPPPPHPPHHHPPPHPPHPHHP
272,PHPPPHPHHPPPHHHHHPHPPHHHHPPPPHPHPHH
273,HHPPPPPPPPPPPPPPPHHHPPHPPPPPHHPPPHH
274,PPHHPHPHPPPHHPPPHPHPPHHHPPPPHHHPPPP
275,HHHHHHHPHPPPPPPHPPPHPPHPHHPPHPHHHPP
276,PHPHHPHPPHPPHPHPPPHHPHHPPHHPHPPPPPH
277,PHHPPHPPHPHHHHHHPHPPHPPPPPPHPPPPPPP
278,PPPPHPPPHPHPPHHHHHPPHHPPHPHHHHHPHHP
279,HPPPPPHPHPHHHPPPHHPPPHPPHPHHPPHHPHP
280,PPHPHPHPHPPHPHPPHPHPHPHPHPHHHPHPPPP
281,HHPHHPHPPPHHHHPPHHHPPHHPPHHHPPPHPPP
282,HHHPHHHHHPPHPPHHPHHHPPPPHHPPPHPPHHP
283,HHPHHPPHPHPHHHPHHPPHPHHPHHPHPHHHPPH
284,PHHPHHHPPPHHHHPHPHPPPPHPPHPPHPPPPHP
285,PHHHHHPPHHHHHPPHHHHHPPHPHHPPPPHHPPP
286,HHPPPHHPHHPHHHHPPPHHHHPPHHHPPHPPPPH
287,PHHHPPHHHPHHPPPPHHPPHHHPPPHHPPPPPHH
288,PPPHHHHHHPHPHPHPHHHHHPHHPHPHPHHHHHH
289,PPPHHHPPHPHHPHPHPHPHPPPHHHPHHPPHHHP
290,HPHPPPPPPHHPPHHPPHHHPHPHHPPHPPPHPPP
291,PPHHHPHPHHPPPHPPHHHPPHHPPHPPPPHHHPH
292,PHHPPPPPPPPPHHPHHPHPHHHPHPPHPPHHHHP
293,PPPPHPPPPPPHPPHPPHHPPHPPPPHHPHHHHHP
294,PHPHHPHHHHHPHHHPPPPPPPHHPPHHPHHPPHH
295,PPHPPPPHHHPHPPHPPPHPHHPHPHHPHHPPHPP
296,PPHHPHHPHPHPHPPHHPPPPHPPPHHPHHPHHHP
297,HPPPHHHPPHHPHPHHHHHHHPPHPHPPHHHHPPH
298,PPPHHHPHHPHHHPHHPHPPHPHHPPHHPHHHPHH
299,PHPHHHPPHHHHHPPHHPHHPPHPHHPHHHHPHPP
300,HPHPHHPHPHHHHHPPPPHPHHPPPPHPPPPPPHP
301,PPPPHHPHPHHPPPPPPHPPPPPHHHPHHHPPPHP
302,HPHHHHPPHPHHHPHHPHPHHPHPHHPPHHPPHHH
303,HHPPPHHHHHPHPHPPPPHHPHPHHHHHHPPPPPP
304,PHPPHHHPPPHHHPPHHHHPHPPPHHHHHHPPHHP
305,PHPPHHHPPHPPHHPPHPPPHPHHPHPHHPHPHPH
306,PHPPHHHHPHHPHPHPHHHPPPHPPHHPPPPHHHP
307,HPPPHPHPHHPHHHPHHPPHHPHHHHHPPHHPPPH
308,HHHHHHPPHPPPPHPPPHHHPPHPPPPHPHHHHHH
309,PPPPHHPPHPPPPHHPPHPHHHPHHHHPPPHHHPH
310,HPPPHHPHPPPPPPHPPPPPHHHHHPPHHPHPPHH
311,PPPHHPHHHHHHPHHHPPPHHHHPHHPPPPPPHPH
312,HHPPPPHPPPPHHPPHPHHPPHHPPHPHHHHHHPP
313,HHPPHPHHHHHHPHHPPPHPHHHPHHHHHPPPHPH
314,PHPPPHPPPPPPHHHPPPPHHHPHHHPHPPHPPPP
315,HHPPHHHHHHHHPHHPPPPHHHHHHHHPPPHPPHH
316,PHPPHPPHPHHHHPHHHHHPPHPPHHPHHPPPPPP
317,PHPPHPPPPHHPPPHHHPHHPHPHHHHHHHHPHPH
318,PHPHPHPHPPHPHHPPPPPHPHHHPHHPPPHHPHH
319,HPHHHPHHHHHHHPHHPHHHHHHHPPHPHHPPHHH
320,PPPPHHHHHPPPPHHHPHHPPPHHHHHHHHHPPHP
321,HPPPPHHPHPHHPPPPPHPPPHPHPPHPHPPHHHP
322,PPPHHPHPPPHPPPPHPPPPHHHPPHPHHPPPHHH
323,PHHPPPHHPPPPPPPHHPHHHPPPHPHPPHPPHPH
324,HPHHPHPHPHHPPHPHHHHPPHPPHHHHPPPHHHH
325,PPHHPHHPHHHPHPHPPPHPPHHPPPHPHPHHHPH
326,HPPHPPPPHHHPPPPHPPHHHHHHHPHHHHPPHPP
327,HPHHPHHHPHHPPPHHPHHHPPPPHPPPPHPHHHP
328,PHPHHPHHPHPHPPPHHPPPHPPHHHPPHPPHPPP
329,PPPPHHPHPPHHPPPPPHHHPHPPHPPHHPPPHHP
330,PPHHPPPPPPHHHPPHPPPHHHHHPHPHHPPPHHH
331,PHPHPHPHPHHHPPHHPHHHHPPPHPHHHPHHHPP
332,PPPHPHHHPPHHHPHHPHPPPPHHHHPPPPPHPHP
333,PHHHPPHHPHHPPHHPHHPPPHPPHPHPHPHHHPP
334,HPHPPPPHPHHPPPPPPPHHPPHPHPHHHPHPPPP
335,PPPPPHPPHPHHHPHPHHHPHPHHPPHHPPHPHPH
336,HPHHPHPHPPPHHPPPPPPHPPPHPHHPPHHPHHH
337,HPHPHHHPPHPHHPPPPHPPPPHHPPPPPHPHHPP
338,PPHHHHHPPPPHPHPHPPPPHHPHPHHHHPHHHPP
339,HHPPPPHPPPHPPHPPPHHPHHHPHHHPPHPPHHP
340,PPHPPHHHPPPHHHPHHPPPHPPHHHPPPPHPHHP
341,HHHHHPHHPHPPPPPHPHHHHPPHHPPHHHPHHHP
342,HHPHHPPPPPHPPPPPHHHPPPPHPHHHPHHPHHH
343,HPPPPHPHHPHHHPHHHHPHPHPHHHPPPPHHPHP
344,HHPPHPHPPHPPHHHHPPHPHHPPHPHPHPPPPPH
345,PPHPPPPHPPHPPPHPHHPPHHPHHPPPPPHHHPP
346,HHHHHPHHHPPPHPHPPPHHPHHHHHHPPHHPPPH
347,PHHPHHPPPPPHHHHPHHHHPHPHPHPPHPPPPHP
348,HHHPHPHHPHPHPPPPPHPHHHPHPPPPPPPPHHH
349,PPHHPHPPHHPPHPHPHPPPPHHHPPPPPHPPPPP
350,HPPHPPHPPPPHPHHPHHPHHPHPHHHHPHHPHHH
351,PPHPPHPHPPHPHPPPHHPPPHPHHHHHHPPHPHP
352,PHPPPHHHPPHHPHHPHPPPPPHPPPPPHPPPPHH
353,HHHHHPHHPPHPPHHHHHHPHHHHPHHHHHPHPHH
354,HPHHPPPHHHHPHPPPHPHHPPHPPHPHPPPPHHH
355,PPPHHPHHPPPPHPHPHPPPPPHHPHHHHHPPHHH
356,HHHHHHPHHHHHHHHHHPPPPPHPHHPHPHPPPHP
357,PHHPHHPPPPPHPPHHPPPPPPPHPHPPHPPPPPP
358,HHHPHPPPHPHHPHPHPHPPHPHHHPPPHHPPHPH
359,PHHPPHHHPPPHHPHHPHHPHPHHPPHHHHPPPHP
360,HPPPPPPHPHPPPPHHHPPHPPPPPHPPPHPHHHP
361,PPHHHPPPHPHHHHPPHHHPHHPPHHPHHHPHPHP
362,PHPHHPPPPPPHPHPHHHPHHHPPHHHPPPHPHPP
363,HPPPHHPPPHPHPHHHPHHPPHPHHPPPHPHPHHH
364,HHHHPHPPHPHHPPPPPHPHPPPHPPPPHHPHPHH
365,PHPHHPHHPHHHHPHPHHHHPPPHPHPPPPPPPHH
366,HPPHPHPHPHPHPPHHPHPHPHPPHPHHHHPPHHH
367,HHHPHPPHPHHPHHHHHHPHHPPPHHPPHPHPPPP
368,PPPPPPPHHHPHHHPHPHPPHHPPHHHHPPHHPHH
369,PPHHPPPHPPHPPPHHHHHHPPPPPPHHPHPHHPP
370,PPHHPHHPPPPHPHPHPHHPHPPPHHPPHPHHHHH
371,PPPPHPHPHHPHPHHPHHHPHHHHPPPHPPPPHPH
372,HPHHPPHPPPPPHPPHPPHPHHPHPHHPHHHHHHH
373,HHHHPPHPPHHPHPPPHHHHHHHHHHPHPHHPHPP
374,HHPHHHHPHPHHPPPPPHHHHHPHPPHPPHPHHPP
375,PPHPHPPPPPHPPHPHPHPPHHHPHHPHPPPHHHP
376,PPPHHPPPHHHPPHPHPHPPHHPPHHHHPPHPHPP
377,HHPPPPPPPHHPHPPHHHHPHPHPHHPHPHPHPHP
378,PHPHPHHHPHPHPHHHHPPPPPHPHHHPPPHHHPP
379,HPPPHPHPHHHHPPHHHHPPPPPHHHHPPHPHPPH
380,PHPHPHHPPPHPHHHPPPPHHPPPPPPPHPPPPHP
381,HPPHHHHHPHHHPPPPPPHPHPPHHHHHPHPPPPP
382,HPPPPHHHPPHHPPHHPPPPHPPPHPHPHHHHPHP
383,HPHPPHHPHPHHPHHHPPHHHPHHHHHHHPHPPHH
384,PPHHHHPHPHHHHHHHHPHHPHHPPHPPPHPPPHH
385,HPPHPHPPHHHPHHPPHPPPHHHHPHHHPHHHHHH
386,PPPHHPPPPHPHPPPHHHPHPHHHPPHHHPPPHPP
387,PPHPPHHHHPHPHPHPHPHHHHPHHHPPHHHHHHH
388,PHPHPPHPHHPHPHPPPPHHPPPPHPHPHHHHHPH
389,HHHPHPHHPHHHPHHHPPHHPHPPPPPHPHHPPPH
390,PPHHHPHPPPHPPPHPPHPPPHPPPHPHHHPPPHH
391,HPPPPHPHPHPPHPHPPHHPPHPPHPHPPHHPHPP
392,PPHPHPPHPHHHPPPHPHPPPPPHHPHHPHPHHPP
393,PPHHPHHHHPHHPHPHHHHHPPPPHPHPPHHPPHP
394,HHPHHHHPHPHPPPHPHPPPHHHPHHHPPPPPHPH
395,HHPHPPPPHHPPPHPPPPPHPPHHPPPHHHPHHHP
396,PPHHHPPHHHPPPPPHHHPHHHPHHPHHHHHPPPP
397,HPPHHPHPPPHHHPHHPHPPHHHPPPHPHHHPHPH
398,PHPPHPPPPPHPHHPHHHPHHHPHHHPPHPPPHPP
399,HHPPPPHHHHPHPPPPPPHPPHPHHHHPPPHHHPP
400,PPPPHPHPHPPHHPHPHPPHHPPHPPHPHPHPPHP
401,PPPHHHHPHPHPPPPPPHHPPPHHPHPHHPHHPPP
402,PHPHPHHHPHPPHPHPHHPPPPHPPPHPHPPPHPH
403,PPPHHHHHPHHPHHHHHPHPPPHPPHPPPPPPHHH
404,HPPPPPPHPPPPHPPHHPHHHHPHPPPPHPPHPPH
405,HPHHHPHHHPPHPPPHPHPPPPHPHPPPPPHPPHH
406,PPHPHPHPHPPHHHPPPHHPHHHHHHHHHHPHHPH
407,HHHPPHPHPPHPHHPHHHPHPPHHHHPHHPPHHHP
408,PHHPPHPHPPHPHHPHPHPHPPHPHHPHHHHHPPP
409,HHHHHHPPHHHHPHPPPHPPPHPHHPPPHPHHHHH
410,PHPHHHPHHPPHPHPPHPHHHPHHPPPHPHPPPPH
411,PPPHHPPHHPHPHPHHPPPHPHPHHHPHHHPPHPP
412,PPPPHHHHPHPPHPHPPPHPHHPPPPHPPPPHPHH
413,PHHHHHHHPPPHHPPHPHPPHHPPPPPPHPPPPHP
414,PHPHPHHPPPHHHHHHHHPHHHPPPPHPHHPPPPP
415,HHHPHHPPPPPPPHPHPHHPHHHHPHPHPPPPPPP
416,PHPPHPHPPPHHPHHPPHPHPHHPPHPPPHHHPHH
417,HHHHPHHPHHPHHHHPPHPPPHPHPHHHHHHPHPH
418,PHPHHHPPHPPPPPHPHPHPPPPPPPHHHPHPHHP
419,HHPHPPPPPHHHHPPPPHPPHPPHPPHHPHPHPHH
420,HHPHHPPHPHHPPPPPPPPPPPPPPHHPHPHPHPH
421,HHHPPHPPPHPPHHPPHPHPPPHHPHHPHPPHHPH
422,HPPPPPPHPPPHPPPHPPPHHPPPPPPPPPHHHPP
423,HPPHHPHHHPHPPHHHPHHHPPHHHPPHHPPHPHP
424,HPHPHPPHPPHHHHPPHPHHPHPPPPHPPHPPHPH
425,PPPHPPPHPHHPPHPPHPPHPPHPPPPPHHHHPHH
426,HPPHHHHPHPPHPHHPHHPHHHPHHHPPHPPPPHP
427,PPPHHPHPHPHHPHHHHHPPPPHHHPHPPHPPHPP
428,HHPPPHHPHPHHPPHPPHPHPPPPPPHHHHHPPHH
429,HPHPPPPPPPPHHPHPHPHPHPPHPPPHHPPHPPH
430,PHPPHHPPPHHHHHHHPHHPPPHHPHHPPHHPHHH
431,HPHPHPHPPHHHHHHPHPPHHHPHHHPHHPPPHPH
432,HPHHPHPHHHPPHHHPHPPHHHPHPHPPPHPHPPH
433,HPHPHHPHHHHPPHPHPHHHHHPPHHHHPHHHHPP
434,HHHHHHPHPPPPPPPHHHPPPPPPHHPHHPPPPPP
435,PPHPPHHHPHHHPPPHHHPPHHPPPHPHHPPHHPP
436,HPPHHPHHHPPPHHPHHPHHPPHPHHHHPHPHPHH
437,HPHPPHPHPPHPHPPPHHPHHPHHPHHPPHPHHHP
438,HPHPHPPHHHPHPHPHPHHHPHPPHHPPPPPHPHH
439,PHPPPHHPPPHHPPHPHPPPHHHHHHHHPHHPPPH
440,PHPPHPHPPPPHHPPHHPHHHPPPPHPPHHPHHHP
441,HHHPHPHPHHHPHHHPHPPHPHPHHHPHPHPPHHP
442,PPPPHHPHPPPPHPPHPPPHPPPPPHPPPPPHPHP
443,HPHHPHPHPHHHHPPPPPPPPHHHHHPPHPPPPPH
444,PPPHPHPPPPHPPHHHPPHHPHHPHPPPHPHHHPP
445,PHPPHPHPPPPPHHPHHHPHPPPPPHHHPPPHHHH
446,HHPPHPPPPPHHHPHHHPPHHHPPPPPPHHHPPPH
447,PHHPPHHPHHPPHHPPPHPHPPHPHPPHPHPHHPH
448,HHHPHHPPPPPHHHPHHHHHPPPHPHHPHHPPHPH
449,HHPPPHHHPPPPPHPHPPHPPPHHPHPHPPHPPHP
450,HPPPHPHHHHHHHHHPPHHPHHHHHPPHPHHHPPH
451,HHPHPPPHPHPPPPHPHHPPPHPPHPHPHHHPPPP
452,HHPPHHHHPPHPHPHPPHHHPPHPPHPHHHHPPPH
453,HHHHHHPHHPHPPHPPPHHPHPHHHPPPPPHHPHP
454,HPPPPHPPHHPPPHPHHHPPHHHHPPPHHPPPPHP
455,HHPHPHHHPHHPHPPPHHHHHPHPPPPHHPHHPPH
456,PHPHHHHHPPHPHHHHHPHHHPHHHPPPHHPHPHP
457,HHPPPPHHHHPPPHHHHHHHPHHHHPHHHHHHHPH
458,HPHPPPPPPPHPPHHPHHPPPPPPHHHHPHHHPHP
459,HHHHPPPHHHPHPPPHHHPHHPHHPPHHPPPPHHH
460,PPHHHHPHPPHPPHPPPHPHPPPPHHHHHHPPPPH
461,HPHPPHHHHHHPPHPHPHHPHPPPHHPHHHHHHPP
462,HHHPHHHHHHHHHHPPPPPHHPHPHPPHPHPHHHH
463,PPHPHPHPPPPPPPHHHPPHHPPHHHPPPPHPPPH
464,HPPHHPHPHPPPHHHHPPHPHHHHPHHHPPPHPPP
465,PPPPPHPHHPPPPPPHPPPPHPHHHPPPHHPPPPH
466,HPHHPPHPPPPHHHHPHPHPPHPPHHHPHPPPPPH
467,HPHPHHPPHPHHPHHPPPPPPHPHPHHPPHPPHHH
468,HHPHHHPHHHPHPPPHPPPHHPPPPHHHPPPPHHP
469,HPPHPHHHHHPHHPHPPHPPPPPHHPHHPPHPPPP
470,PHHPHHHHHHPPPHPPPPPHHPHPHHPHHPHHPHP
471,HPHPHHPHPPPHHPPPHPPPPHPPHPPHPPPHPHP
472,HPPPHPHHPPPPPPHHPHHHPHPHPHPHHPHHPPP
473,PPHPHHHPPHHPHPPPPPPPPHPHHHPHHHHPPPP
474,PPPHHHHPHHPPHHHHHPPPHPPHHPHPPHHHHHH
475,HPHPHHPPPHPPPHPPPHHHHPHPHHPPHPPPHPH
476,HHHPPHHPHHPHPPPPPHPPHPPHPHPPPPHPHPP
477,PPHHPHHHPHHHHPHPPHHPPHHPHHHHHHPPPPP
478,PPPPHHHHPPHPPHPPPHPPHHPPHPPHHPPPHHP
479,PHHHPPHHPPPPHHHPHPHHHHPPPHPPHPPHHHH
480,PPHHPPPHHPHPHHPHPHPPHPHHHHPHPHHPHPP
481,PPHHPPPPHHHHPPPPHHPPHPPHHPHPHHHPHHP
482,HHPPPHHPPHHHHHHPPHPPHPHHHPHHHHHPHHH
483,PPPPPHPPHHHPPPHHHHHHHHHHHHHHPPHHHHP
484,PPHHHPHHPHPHPHHHHPHHPHPHPPHHHHHPHPP
485,PPHPHHHHHHHHHPPPHPPHPPHHHPHHPPHHHHH
486,PHHHPHHPHHPPHHPPHHPHHHPPHHPPHHHPPPP
487,PHPPHPPHPPHHPHHPHPHHHHHHHHPHPHHPHPH
488,PPHPHHHPHPPHHHPHPHHPHHPHHPHPPHPHPHH
489,PHHHPPHHPHPPPPHHHHHHHHPPPPHPPPPPPHP
490,HPHHHHHPPPPHPPPHHHHHHHHPHPPHPHPHHHP
491,HPHHHHPPHHHHPPPPPPPHPHHHHHPHHHHPHHP
492,HPHPHHPHPHPHPHPPHPHHHPPHPHPPPHHPHPP
493,PPHPHPPHHHHHPPHPHPHPPPPHPPPHPHHHPPP
494,HPPPPHHHHHPHPPPHHPPPPPHHHPPPPHPPPHP
495,HHHPPHHHPHHPPHPHPPHPPPHHHHPHPHHHPHP
496,HPPHPHHPPPHHPHPHHPPPHPPPPHHHPPPHHPP
497,PPPPPPPHPHHHPPHHPHPHPHPPHHHHPHHPPPH
498,PHHHPHHHPHPPHHHHPHPHPPPPHHHHPHPPPPP
499,PPPPPHHHPHPPHPHPPHPPPHPHPHPHPHHPHPH
500,HPHHPPPHPPPHPPHPHPPPHHPHHPHPHHPPPHP
501,HHPHPPPHHHPHHHPPPPPPHPPHHHHPHPPHPHP
502,PHHHPPHHPPHHHPHPHPHPPPPPPHHHHHHHHHH
503,PPPHHPPHPPHPPHPHPHHPPPPPPPHHPHHHPPH
504,PHPPPHPHPPPHPHHPPPHPPPPPPPPPHHPHPHP
505,PPPPPHPPHPPPPHPHPHHHHHHPHHHPPHPHHPH
506,PPHHHPHPPHHPPHHHHHPPHHHHPPHHPPPHPPP
507,PPHHHHPHHPHPPHHPPPPPPPPHHHPHPPPPPPH
508,HHPPHHPHPHPPPHPPHHPHHHHPHPPPHHHPPPH
509,PHPPPPPHHPHHHHPPPPHPPPHPHPHHPPHPPHH
510,HHHHPPPHHHHPPHPHHPPHPHPHHHPHHHHHHHP
511,HHPPPPPHPHHHHPPPPHHHPHHPPHHPPHPPPPP
512,HPPPHPHPHHPPHHHPHPHPHHHHPPPPPHHHPPH
513,HPPPPPHPHHPHPPHHHPPPHHHHHPPPHPPHPPP
514,HHHHHPHHHHPPHHPHHPHHHPPPHPHPHPHHHHH
515,HPPPHHPPHPHHHPHPHHHPHHPPPPPHHPHHHPH
516,HHHHHPPPPPPHHPHHPPHHHPHHPHHPHHPHPPP
517,PHHHPPPPPHPPHHHHHPPHHPPPHHPPHPHHPHP
518,PPHHHPHPPHPHHPHHPHPHPHPPHPPHHHHHPPP
519,PPPPPHPHHPPHHPHPHPHPHHPHHHPHHPHPPPH
520,PPPPHPHPHPHHHHHHHHPPHHPHPHHPPPHHHHP
521,HPPPHHHHHHPHHPHPHPHHPPPPPPPHPPHPHHP
522,PPHHHPHPPPPPPPHHHPPHPHPHPPHHPPPHHHP
523,HPHPPPHPHHPPPPPPHPHHHHHPHPHPHHHPPPH
524,PPPHPPHPHPHHHPHPPPHHPPPHHPHPHPPPHPP
525,PHHPHHHHHPPHPHHHPPHHHHPPHHPPPHHPHPH
526,PHPPPHPPHPHPPPPHHHPHHHPHHHPPHPPHHPH
527,HHHPHHHHHHHPHPHHHHPHPPHPPPHHHHPHPHH
528,HPPPPHHHHPPPHPHPHPPHHHHHPPPPPHHPPPH
529,PPHPHHPPPHHPPHPPHPHHPPHHHHHHPPPHHPP
530,HHHPHHHHHPPPHPHHPHHHHHPHPPHPHHHHPPH
531,PPHHHPHPPHHHHHHHPPHHPHPHPPHPHPPHPHP
532,PHPHHHHPHPHHHHHPHHHPPPHPPPHPHPHHPPH
533,HHPHPHPPPPHHPHHPHPPHPPPPHHPPPHPPHPP
534,PPHPPPPHHPPPHHHHHHHPPHPPPHHHPHPHHHH
535,HPPPHHPPHHPHHPPPHPHHPPHHHPHHHPPHPHH
536,HPHPHHPPHHPPHHHHPHHHHHPHHPHPPHPHHPP
537,HHPPHPHPPPPPHHPPHHHPPHPHPPHPHPPHHPP
538,HPPHHHPPPHHHPPPHPPHPPHPPPHHHHPHHHHH
539,HHPPPPPPPHHHHHHHPPHPPHPPHPHPPHHHPHH
540,HPPHHHPPPPHHPHPHHHPHHPPPPPPHPPHPHPP
541,PHHPHHHPPPHHHHHHHPPHHPPPPPHHPPHHHHH
542,HHHHPHHPPPPPPHPPPPPHPPHPHPPPPHHHPHH
543,HHHHHHHHPPHHPHPPPPHPHPPHPHPPHHPPHHH
544,HHHPPHPHPHHPPPPHHHPHPHPHHPPPPPPHHPH
545,PHHPHHHPPPHPPHPHPHHHHHHHPHHHPHHPPHH
546,PPPHHPHHHHHPHPPPPHPHPHPHPPPPHHPHPPP
547,HHHPHHHPPHPHHHPPHHHPPHPPHPHHPPPPPPP
548,HPHPHPHPHHHPHHPHPHHHHHPHPHHHHPHPHHH
549,HHHHPPHHHPHPPPPPHPPHHPPHHHHPPPPPPHP
550,HHHHPPPHHHHHHPPHHHHPHHPHPPHHHPPHHHH
551,PPHHPPPHHPHHHPPPPHHPHHPPHHHHHPHPPHP
552,PPPPHHHPHHPPPPPHHHPPHHHHHHHPPHPPHPH
553,HHHPHPHHPHPPHHPHHHHPPHPPHHHHHHPHPHP
554,HHHHHHPHHHHPPHHHPPHPHPHHPPHHPHHPPPH
555,PPPPHHPPHHHPHHPPHPHHHHHPHPHPHPPPHHP
556,PHHPPHHHHHPHPPPPHHHHPPHPPHHHPPPPHPH
557,PHPHPPPHHPHPPHPPHPHHPHHPPPPPHPHHHHP
558,HHHHPPHHPPPPHPPPPPPPPHPPPHHPPHPPHPP
559,PHHPHPHHPHPPHPPPHHPHPHPPHHHHPPPHPPP
560,PPHPPPPHHHHPHHHHHHPHPPPPHHPHHHHPHHH
561,HHPPPHHPPHPHHHPPPHHPPHHHPHHPHPPPPHP
562,HPHHHPHPPHHHPPHHHHPPPHHPPPHPHPHHPPP
563,HHPHPPPPPPPPPPHHPPHPPPHPHHHPHHHPPPH
564,HHPHHHHHHHHHPHPPHHHHPHPHPPHHHHHHHPH
565,HHPHPHHPPHPHPHHHHPPHHHPPPHPPHPHHPPP
566,HHPPPPPHPHPHHPPHPPHPHHHPPHPPPHHHPPH
567,PPHHHPPPHHPHHPHPHPHPHPPPHPHPHPHHHPH
568,PPHPPPPHHPPPHHPPHHHHPHHPHPPHPPPPHPH
569,HHPPHHPPPPPHPHPPPHPPHHPPHHPPPHHHPHP
570,PPPHPPHHHPHPPPPPPPHHPPHHPPHHPHHPHHH
571,PHPPHHHHHPHPHHPPHHHPHPHHPPPPHPPHPPP
572,HHHPPHPPPHHPHPPPPPHPHPHHHPPHPHHPHPH
573,HPPHPPPPHHHHPPPPHPPHPHPPHPPHHPHPPHP
574,PPHPHHHPPPHPPHPPPPPHPPHHHPHHPHPPPPH
575,HHHHPPHHPPPHHHHHHPHPPPPHPPHPHPPPHHP
576,HPHPHPHPHPPPHPPHHHPHHHPPPHHHPHPHPHH
577,HHPPPPPHPHHPHPHHPPHPHPHPPPPPHPHPPHH
578,HHHPHHHPHPPHPHPPHPHHHHHHHPHHPPHHPPP
579,HHPPPHHPHPHPHHPHPHPHHHPHPHHHPHHPHHH
580,PHHPHPHPHHHPHPPHPHPHPPPHHHHPPPHPHHH
581,PPPHPPHPPHPHHHHHHHPHHHPHPHHPPHPPPPP
582,PPHHHHPPPHPHPPPHHHHPHPPHHHHHHPHHHHH
583,HPPPHPHHHPPHHHPPPPHHPHPHHHPPHPHHHHP
584,HHPHHHHPPPHPHPHHHHPPPPHHPPPHHHPPPPP
585,HPHPPHHHPPHHHHPHHPPHPHPHHHPHHHHHHPP
586,HHHPHHHHPPHPHPPPHPHPHHHPPPHHHHHPPPH
587,HPHHPHHHHHPHPPHHHHPPHHPPPHPHHPPPHHP
588,PHHHPHPHHPPPPPPHHPHPHPPHPPPPHHPHPHP
589,PHHPPPHHHHPPPHHHHHPPPHPHPHHPHPHHPPP
590,HPPPPHHHPHPPPHHHPHPHHHPHHHPPPPHPHPP
591,PPHPPPHPHPHHHHHHHHPHHPHPHHPHHHPPHPP
592,HPPPPPPHPHHHHHPPPPHHHPPPPPHPPPPHHPH
593,PHPHPHHPPPHPPHHHPPHHHPPHHHPPHHHHHPH
594,HPPHPPPHHPHHHHHHPPHPPPHPPPPHHHHHHPP
595,PPHHHHPHHHPHPPPHHHPHHPHHPPHPPHHHPHP
596,HPHHHHPPHHPPPPHHPPHHPPHPPPHPHPPPPHH
597,HPHPPHHHPPHPHHPPHPHPPHPHPHPPHHPHPHP
598,PPHPPPPPHPPHPPPPHPHPPHHHPPHHHHHHHHP
599,HPPHPHHHHPPPHHPPHHPPPHHPPPHPHPHHPPP
600,HHHHHHPPPPHHPPPPHPPHPHHHPHHPHPPPPHH
601,PPPPHPPHHHPHPHHHPHHPHPHHHPPHPPHPHPP
602,PPHPHHPHPPHPPPHHPHPHHPHPPHHPPHPHHHP
603,PHHHHPPHHPPPHHPPPHHHPHHHHHPHPHHHPHH
604,HHHHHHPHHHPPHPHPPPPHHHHHHPHPPHPHHHP
605,PPHPPPHPHPPPHHHHPHPHPHPPHHHHPHPHHHH
606,HPHPPHHHHHHHPHHPPPPPPPPHHPPHPHHHPPP
607,PHHHHHHHHHHPPPHPPHHHPPHHHPHPPPPPHHP
608,PPPHPPPHPHHPPHHPHPPHPPPPHHPPPPHPHPP
609,PHPPHPHHPPPPPPHHHPPHHHHPPPPPPPHHHPH
610,PPHPHPPHPPPHHHHHPHHHHHPHPPPPPHHPPHP
611,PHHHPPHPHPPPPHPPHPHHPPHHPPPPPPPPHHP
612,HHHHPHHHHHHHPPHHHHPPHHPHHPPHPHHPHPP
613,HPPPPHPPPPPHHHPHHHHHHHPPHHHPPPPHPPH
614,HHHHHHHPHHHPPPHPPHHPHPPHHPHPHHPHPPP
615,PPPHPPPPHHHPPHPPHPPPHPPPHHHPPPPHPHP
616,PHPHHHPPPPPPPPHHHHHPPPHPPPHHPPHPPPH
617,HPPPPPPPPHHPPHPPHHHPPPHPHPPPHHPHHHP
618,HHPHHHPPPPHHHPPHHPPHPHPHHHHHHHPHPPP
619,HHHPHPPPPPHHPPPPPPPPHHPHHPHPPPPHPPP
620,HHHPPHHHPHPHHHHHHPPPPPPPHPHHHPPPPPH
621,PPPPPPHHHHHPPPHHHHHPPHHHPHPPPHHPHHP
622,PPHHHPPPPPHHPHPHPHPHHPPHPHPPHPHPPHP
623,HHPPHHPHPPHHHPHPPHHPPPHHHHHHHHPHHPP
624,HPPPHPHPPHHHPPPHHPHPHHPPHHPPHPHHPHP
625,HPPHPPPPHPHHPPPHHPHHPHPHHPHPHPPPPPH
626,HHPPPHHPPHPHPHPHHPPPHHPHHPHPPPPHPPH
627,HHHHPPHPHHPPPPPHHHPPPPHPHPPPHPHPHHH
628,HHPHPHPHHHPHPPHHHHHPHPPPHPHHHPPHHHP
629,HHHPPPHPPHHPPPPPHPHPPPHPHPPHPPPPPHH
630,PHPHHHPPPHHPPPPPHPPPHPPPHHHPHPHPPPH
631,HHPPPPPHHHPPHPPHHPPHHHPHPPPHHPHHHHH
632,PHPPPHHHHHHHHHHPHPHPPHHPPPPHPPHHHPP
633,HHPHHPPHPPHPHHPPPHPPHHPPPPHHHPHHHPP
634,HPPPHHHPPPPPHHPPPHPHPHPHPHPHPHHPPPH
635,HHHPPPHPHHHHPPPPHHPHPPPHHPPHPHHHHHH
636,HHHPPHHHHHPHPPHHPHPPPHPHHPHHPHHHPHH
637,PPPPHPPPHPPPHHHPHPPHHHHPHHHHHPPHHPH
638,PHPPPPHHHHHHPHHPHPPHHPPPHPPHPHPPHPP
639,PPPPPHHHPHPPPPHHPPPHHHHPPPPPPHPHHPP
640,PHPPHHHHPHHPHHPPPPHPPPPPPPPPHHHHHHP
641,PHPHPHPPPHPHPPHHHPHHPHHPPHHPHHHPPHP
642,PHHPPPPPPHHPPPPHPPPHPHPPPHPPPHPPPPH
643,HPHHPHHHPPHPHHHPPPPPPPPHPHPHHHHHPHP
644,HPHPHHHPPPHHPPHHPHPPHHHHPPHPPHPPPHH
645,PPHPHPPPPPPPHPPHHHPHPHHPHHHPPHPPHPH
646,HPHHPPHPHHPHHHPPHHHHPHPHPPHHPPPPHHP
647,PPPHHPPHPPHHPPHPHHPHHPPPPPPHPHHHPPP
648,PPPPPHPPPPPHHPHHPPPPPPPPPHHHPPPPHPH
649,PPPHHHPPPHHPHPPPHHPPHHPHHHPHPPPHPPP
650,PPHPHPHHHHHPHHPPPPPHHPHHHPPPPHPHPHP
651,PPHHHPHHPHPPPHPPPPHPHHPPHPHPPHHPPHH
652,PPHPHHHPHHHHHHPHPHPPHHPPHPHPHPPPHPH
653,PHPPPHHHHHPHPPPHHHHHPPPPHPPPHHHPPHH
654,HPHHHPHPPHPPHPHHHPHHPHPPPHPPPHPHHPP
655,HPPPHPHHPPPPHPPHHPHPHHHHHHHHHHHHHHH
656,HHHPPPHPHPHHHHHHPHHHPPHPHPPHPPHHPHP
657,HPHPPHPHPHPPHHHPHPHHPHPPPPHPHPPHPHP
658,HHPPPHPPPPPPHPHHPPPPHPHPHHPPPHPHPPH
659,PHPPHPPHPPHHPPPHPPPPHPPPPHPPPHPPPHP
660,HHPPPPPPPPPHPHPHHPHHPHHPPHHHHPPPHHH
661,PPPHPHHHHHPPHPPHHHPPPPHPHPHPPPPPPHP
662,PHHPPHHPPHHPPPHPHPPHHPHHPHPPHHPPHPP
663,PHHHPPHPPPHPHPHHPPPHPPPHHPHPHHHPPPP
664,HPPHPHPHPPPPHHHPPHHPPPHPHHHHHHPHPHH
665,HHHPHHPPHPHPHHPHPPHPPPPHPHPPPPHHPPP
666,HHHHHHHHPPHPPPPPHPPHPHHPHHHHHHPHHHH
667,PPHPHPPHHPPHHPHPPHHPHPPHPPPHHHHPPPH
668,HPPHHPHPPPHPHHHHHHPHHHPPPHPHHPPPPHH
669,PPPPPPHHPPHPHHHPHHPHHHPPPPHPHPPHHHP
670,PHPPHHPHHHPPPPHHPHHHPHHPPHHHHHHHPPH
671,HHHHPPHHHHHPPPHPPHPPPHHPPPPPHHHHPPH
672,PHPPHHHHHHHPHPPPPHHHHPHHPPPPPPPHHHP
673,HHHPPPHPHHHHHHPHPHHPHHHHPPHHHHPPHHH
674,HPHHPHPHPPHHPHPPPHHHHPPHHPPHPPPPPPH
675,HPPHPPHPPHPHHPPPPPHPPHPPHPPHHPPPHPH
676,PHHHHHPHHHHPPPPHPPPPPHPPHHPHPHPPPPP
677,PPPPHPHPPPPHHHPHHPHHPHPPPPPPHHPHPPP
678,HPHHPPHHPHHPPPHHPPPPPHHHPHPHPHPPHHH
679,PPPPHHPPHPHHPHPHPPHHHPHPPPPHHPPPPPH
680,PPHPHHHHHPHHPPPHPPHPHPPHHHPHHPHPHPH
681,HHPHHHHHHPHPHPPHHHPHHHPHHHHHPHPHHPH
682,PHPHHPPPPPPPHHPHHHPHHPHPHHPHPPPPPHH
683,PPHHPPPHHPHHPHHHPPPPPPPHHPPPPHHHPPH
684,PPHPHPPPPHHHPPHHHHHHPPPHPHPHHHPHHPP
685,PPPHHHHHHHHPPPHHHPHHHPHPHPHHPHHHPPP
686,PHHPHHPPPHPPPPPPHHHPPPHHPPPHHHHPHPP
687,PHHPHHPPHHHPPHHHPPPHPHHPHPHHPHHHPPH
688,PHPHPHPHPPHHHPHHHHHPPPPHHPPPPPHPHPP
689,HHPPHPHPPHPPHHHPPHPHPPPPPPHPPHHPHHP
690,PPPHHHPHHPHHHHPPPHPHPHPPHHHPHPHHPHP
691,HPHHPPHPHHHPHPHHPPPHPPPPHHPHPHPHPHH
692,PPHPPPPPPHPPPHHPPPHHPPHHHHHHPPHHPPH
693,PHPPPPPPHHHHPPPPPHPPHHPHPPHHHHHHHPP
694,PHPHHPHPPPPHPPPPPPPPPHPHHPPHHPHHHHP
695,HHPHPPHPHPPHPPHPPPHHHPPHHHPPHPHPPPP
696,PPHPHHPHHHHPPPPHHHPHHPPPPHPHHHHHHHH
697,HHPHHHPHHPPHHHPHPHPHPHHHHPPPHPPPHHH
698,HHPPHHPHHPHHPPPHPPHPHPHHPPHPHHPHPHP
699,HHHPHPHPPPHHPHHHHPPHHHHHHHPHHHHHHPP
700,HPHPHPHPPPHPHHPPHPHPPPPPHPHHHPHPHHH
701,PHPPPHPPPPHPPHPHPPHHPHPPPPHPPPHPPPP
702,HPPHPPPHHHPPHHHHHPPPPPHHHHHHHPHPHPH
703,HPPPPPHHPHPPPHPHHHHPPPHPPHPPHHHHPPP
704,PPHPHPHHPHPPHPHHPPPHHPPHHHHHHPHPHPH
705,PPPPPPHPPPHHHHPHHPPHPHHHPHHHHPHHPHH
706,PPHPHPPHHPPHHHHPHHHHHHPHHPHPHPPHHPH
707,PPHHHPPPPPPHPPPHHHHHHPPPPPPPHPHPPHP
708,PPPHPHHPHPHHHHHPPPPPPHHHPHHHPPPHHPH
709,PHHPHHHHPHPHPPPPHPPPPHHPPPPHHPHPHHP
710,PPHHHPPHHHPHHPPHHHHHHPPPPHPHPHHPHPP
711,PPHPPHHPHHPHPPHPPPHPHHPPPPPHHHPHPPH
712,PPHHHHPPHPPPPHHPPHPHPHHHPPPPPPPPPPP
713,PPHHHPPPHPPPHHPHHPPPPPHHPHPHPHHPHPP
714,PHPHPHPPHHPHPHHPHPPPHPHHPPPHHHPHPHP
715,HPHHHPHHHPPHPHPHHHPPPHPHPPHPPPHPHHP
716,HHHHHHPHHPHPHPHPHPHPPPPPPHPHHHHPHPP
717,PHPHPPHHHHPPHHPHPPHPHHHPHPHPPHPHPHH
718,HPPPHPPPPPPHHHPHHPHHPPHHHHHHHPPPPHH
719,HPHHPHHPPHHPPHHHPHPPPPHPHPPPPHPPHHH
720,PPHPHPHHHHPHHPHPPPPHHPHHHHPHHHHHHHP
721,PPHPHHPPHPHPHHHHPPHHHHPHPHPPHPHHPHP
722,PHHPPHPPPHHPHPHPPHHPPHPPHHPPHPPHPPP
723,HPPPPPPPPHPHPPPHHPPHPHHPPHPHHPHHPPP
724,HPPPPHPPHPPHPPPPPHHPPHPHPHHPPHHHPPH
725,HPHPHPHHPPPHPHPHPHHPPHPHHHHHPPHHHPP
726,PPPHHHPHPHHHPPHHHHHPHHHPHPPPPHPPPPP
727,PHPHHPHPHPHHHHHPHHPHPPPHPHPPPHPHHPH
728,HPHPHPPPHHHPHPHHHPPHHPPHPHPHHPHHHHP
729,HHPHHHPPHHPPHHPHHPHHPPPHPHPHPHHHPPH
730,HHPHPPPHPHHPPPHHPPHHHPHPHHHPHHHHPHH
731,HHHHHPPHPHHPHHHHHHHHPHPPPHHHPHPHHHP
732,PHHPPHPHPPPPHHHHPPHHPPHHHPPPPPHPHHH
733,PPHHPPHPHHHPHPHPHPHHPHPHPPHPHPPHHHH
734,PPPPPHHPHHPHPHHPHHHPHHHHHPHHHPPPPPH
735,PHHHPPPHPHPPHHPHHHHPPPHPPPPHHPHHHPP
736,HPPHPPHPPHHPHPPPHHPHHPHHHHPHHHPHHPP
737,PHPPHHHHPHPHHPHHHHPHPHHPPPPPHHHHHPP
738,HHPPPHHPPPPHHHPPHPHHPPPHPHHPPHPHHHP
739,PPHPHPPPHPPPPHHHHPPHPHHHHHPHHHHHHHH
740,HHPHPHPHHHPPPPHHHPPPPHHHHPHHPHHHPHH
741,HPPHPPHHHHPHPHPPHHPPPPPPHHPHPHHHHPP
742,HHPHHPHHHPPHHPPHHHPPHHPPHHHHPHPPPHP
743,HPPPHHPHPHHPHPPPHHHPPPHHHPHHHPPHPHP
744,PHPHPHHHHPPPPPPPHHPHPPPPHPHHHHPPPHP
745,PHPHPPPPPHHHPPHPHHPHPPHPHHHHPPHPPPP
746,PPPPHHPHHPHPPPHHHPPHHHPPPHPPHPHPPHP
747,HPHPPHPHPHHHPPPPPHHPPPHHHHPPPHPPHHP
748,PHHHHHHPPPHPHPPHHPPPHPHPHPPHPPHPHHP
749,HPHPHHPPPHPPHPHPPPPPHHHHHHPPPPHPPHP
750,PPHPHHPHHHHHPPPPPHHHHPPPHPHPPPPPHPH
751,HPHPHPPPHPHHHPPHPHHHHPHPPPPHHHPPHPP
752,HPHPPPHHHPPHPPPHHHPHHPHHHPHHHPPPHHH
753,PPHHPPHPHHPHPPHPHHPHHHHHHHPHPPHHPHP
754,HPHPPHHPHHPPHHPHPPHPHPHHHPPHPPPPHHH
755,PPHPHHPHPPPPHPPPPHPPPHHHHHHHPPPPPHP
756,HHPPHPHPPHHPPHHHHHHHHPPPHPPPHHPHHHP
757,HHHHPHHHHHHHPPPHPPPHHPHPHPPPPPPHHPH
758,HHHHHHHHHHHHHPHHPHPHHHPPHPHPHPHPHPH
759,HHHHPHPHHHHPHPHPPPHPHPHHPHHPHHPHPPH
760,PPPHPPHHPHHPHPPHHPHHHPPPPPPPHHHHHPP
761,HPPPHHPHHPHPPPPHPHPPPHPHPHHPHHPPPHP
762,PPPHHPHHPHPPPHHHPPHPHPPHHHHPHHHHHPH
763,PHPPHPPPHHPHHPHPPHHHPPHHHPHHHHHHHHH
764,PPHHPHHPPPHHHPPPPHHHPPHHHHPHHPPPHHH
765,HPPHPPHPPHHPHPPHHPPHHPHPHHPHPPHHPPP
766,PHPHHPHPPHPPHPPHHPPPPHPPHPPPHPHHHHH
767,PHPPPHHPHPPHPHHPHHHPPHPPHHHPPPPHHHH
768,PHPHHPPPHPHPPHHPPHHPPPHHPPHHPPPPHHP
769,HHPHPHHPPHPHPPHHHPPHPPPHPPPHHPPPHPP
770,HPPPPHPPHPPPHPHPHPPPHPPPHPPHHPHHPPH
771,PPPPHHHPHHHHHPHPHPHHPPHPPHPHHHHPHHH
772,HPHPPPPHHHPHPHHHHPPHHPPPHPHHHPHPPPP
773,PHPPHHHPHHHPPHHPHHPPPHHHPPHHPPHHHPP
774,HPPPHHHHPHPHHPPPHHHPPHPPPPHPHPHPHHH
775,PPPPPPPPPPPPPPHHHPHPHPPPPPHHHHPHPPP
776,PHHPPPPHPPHHHPHHHHPPHPHPPHHPPHHPHPP
777,PPPPHPHHPHHHHHHHHHPHHPHPPHHPPPHHPPH
778,HHHPHHHHPHPPPPPHHHPPPPPPPHHPHHHHHHH
779,PHHHHHPPHPPHHHHPPHHHPHHPPHPHPPHHHPP
780,HPPHPHPHPHHHPHHPHHPPPPHHHPHPPPPHHHH
781,PHHPHPPPHPPHPHHHHPHPHPHPPHHPPHPHPHH
782,PPPHHPHPPHHPHPHHHHHPHHHPPPPPHPHPPHP
783,HHPHPHPPHHHPPPPHHPPHHHHPPHHPHPHPHHP
784,HHHPPHPPHHHPPPHPHHPHPHHHPHPPHHPPHHH
785,HHPPHPPPPHHPHHHHPHHPPHHPPHHHPHHPHHH
786,PPHPPPPHHPPPHPHPHPHHPHHHHPHHHPHPHHH
787,PHPHHHHPHPPHHPHPPHPHHPPHHHHHHPHHHPP
788,HPHHHHHHHPHPPPHHHPHHPHPPHHPHHPHPHHH
789,PPHPHPPHHHPHPHPPPPHPPPHPHHPHHHPPHHH
790,HPPHPHHPHHPHPPHPPHHHPHPPPPPPPHHPHHH
791,PPPPPHHPHPHHHHHHPPPPHPHPHHPPPHHPHPH
792,HHHHHHPPHHPHPHPPHPPHPPPHHHHPPPPPHHP
793,HPPPPHHPHPHPPHHHPHHHHPPPHHPPHHPPHHH
794,PPHPHHPPPPHPPPPPHPHPPHPHPPPHHHPHHPH
795,HPHHPHHHPHPPPPPPHHPPPPPPHPHHHPPHHPP
796,PPHPPHPHPHHPHPHHPHHHHPHPHHHHHHPPPHH
797,PPPHHPHHHPHHPPHPPHHPHHPHHPPHPPPHHPP
798,HHHPHPHPHHPPHPHHPHHPHPPHHHPHPPPPHPP
799,PHPPHPPHHPPHHPHHHHHPHPHHHPHHHPPHPPH
800,HPPPPHPPPPHPPPPPPHPHPPPHPHHHPHHPHHP
801,HPPPHPPHPPHPHPPPPPPPPHHHHPHPPPPPHHH
802,HPHHPHHHPPHHPHHPHPPPPPHPHPHHHHPHPPH
803,PHHPHHPPPPHPHPPHHPHPHHPPHPHPHHPPPPP
804,PPHPPHHHPHPPPPHPPHPPPPPPHPHPHPPHPHH
805,HHHPPPPHPHHPPHHHHPPPPHPHHHPPHHPHHPH
806,HPHHHHPHHPPHPHHHPHPPHHHPHPPHPHPHHHP
807,PHPPPPHHPHHHPHHHPHPHPPHHHPHPPPPPPHH
808,PPHHPHPPHHHPPHHHPHPHHHHPHPHPHPHHPHP
809,HHPHPHHHPPHHHHHPPPPPPPPHHPHHHHPHPPP
810,PHPHPHPHPPPHPPHHHHPHPPHPHPHPHPHPHPH
811,HPPHHPPPPPPPPPPHHPPHPPPPHPHPPHPHHPP
812,PPPHPPPHHHHHHPHPPPPHHPPPPPHHPPPPPHH
813,PPPPPHHPHPHHHHHPHHHHPPHHPHHPHHPPPPP
814,PPHPHPPHPHHPPPPPHPHHHHPPHPPHHPPHPPH
815,HPHPHHHPHHHPHHPHPPPPPPPPPPHHHHHHPPP
816,HPHHHPPHHHPHPPPPPHPHHPPHPPHHPPPPPHH
817,HPHPPPPHPHHHPPHHPHPHHHHHPHHHHHPPPPP
818,PHHPPPHPHHHHPPHHHHHPPPHHPPPPHHHHHPH
819,PHPHHPHHPPPHPPPHPHHPPHHPPPPHHHPHHPH
820,PPHHPHHHHHHHPHHHPHHPHPPPPPHHHPPPHPP
821,PPHHPPHHPHHHHHPPHPPHHHHHHPPHPPHPHPH
822,PPHPHHHHPHPHHPHPPHHPPPPHHPPPHHPHHPH
823,HPPPPHPHHPHHHPPHPHHHPPPHHHPPHPHPHPP
824,HHHPHPPHPPHPHHPPHPPPPPPPHPPHPHPPPPP
825,HPPHPPHPPPHPPPHHHHHHPHPHPPHPHPHPHPH
826,PHHPPPHHHHHPPHHPPPPHPPHPPPPPPHPPPHH
827,HHHPPHHHHHHPHPHPHPPPHPHHPPPHHPPPHHP
828,PPPHHHHHHHHHHHHHPHHPPHPHPHPPHHPPHPP
829,HPHHPHHPHPPPPHHHPPPHPHPHHHPHPHHHHPH
830,PHHHHHPPHHHPHPHPHHPPHHHPPHHHHPHHHHH
831,PPPPHHPHHPHHPPPPHHPPPHHHHPPPHPPPHHH
832,PHPPHHHHHPPPHHHHPHHPPPPPPHHPHPPHHPP
833,PHPPHHPHPHPHHHHHHHPPPHPPHHHHHHHPPPH
834,PPPHPHPPHHHHPHPPHHPHPPPHHPPPPPPHPHH
835,PPPHPPPPHPPHPHHHHHHPHPHHPHPPHHHHHHP
836,PPHPPPHPPHPHPHPPHHPHPPHPPPPHHHHPHPH
837,PHPHHHHHHHPPPPPHPHHPPHPHPHPHPPPPPHP
838,PHPHPPHHPHHPHHPHPPHPPHHPHPHPHHPPHPP
839,PPHPHPHHHPPPHHPPPHHHHPHHPHHHHHHHPHH
840,HHHHPPHHHHPPHPPPHHPHPHHHHHPPHPHPHPP
841,HHHPHHHPPPHPPPHHPPHHPHPHPHHHHPPHPPP
842,HPHHHPHPHPPHPHPHPPHHPPPPPPHHPPPPPPH
843,HHHPPPPHPHPHPHPPPPPPPHHPHHPPHHHHPHH
844,PHPPHPHPPHPPPHHPPPHHHPPPPPHHHPPPHPH
845,PPHPHHPHHPHHHHPPHPHHHPPHPPPPPHPHPPP
846,PHPHHHHPHHHHPHHHHHPHHHPHPHPPHPHPHPH
847,PPPHPPPHHHPHHHHPHHHHHPHHPHHPHHPPPHH
848,HPHHPHHHHHHHHHHHHHHHPPPHPPHHHPHPPHH
849,HHHHHPHPPPPHPHHPPHHHHHHPPHHPPHHHPHH
850,HHHPHHPPHHPHHPPPPPPPHPHHPPHPPPHHHHP
851,HHPHHHPPHPHPHHHHHHPPHPPPPPPHPPPHHPH
852,PHHPHHPPPHHHPHPHHHPPPHHHPPHHPPPHHHH
853,PHPHPHHPHPPHHHHPHHPHHPHPHPPHHHHHPPH
854,HHHHHPHHPHPHPPPPPHPPHHPHPHHHPPHPHHP
855,HHHPPPPHHHPHPPPHPPHHHHPPPHPPPHHHHPP
856,HPHHPHPHHHPHHHPHPPPPHPPHPPPHHHPPHPH
857,HHHHHHHPPPHHPHPPPPPHHPHHHHPHHHHHPHH
858,HHPHPHPPHPHHHPHPHPPPHPPHPPHHPHPHHHP
859,HPHHHPHHPPPPHHPHHPHHHPHHPPPPPHPHPHP
860,PHHPPHHPHPPPPHPHPPHPPPHHPPHPPHHHHHP
861,HPPPHPPHHHHHPHPPPHPHHHPHHHPPHHPPPHP
862,PPPHHHHHPPHPPPHPPPPPHPPPHPHHHHHPHHH
863,HPPPPPHPPPHPHPPPHPPHPHPHPPHHPPPHHHP
864,HPPPPHPHHPPPPHPPHHHHPPPPHHPHPPHPPHH
865,HHHHHHHHPHHHPHHPHHHPHPHPPPPHHPHHPPH
866,PPHHPPHHPHHHHHPPPPPHPPHPHHPHPHPHHPP
867,HPPHPPHPHHHHPHHHPPPHHHPHPPHHHHPHPHP
868,PPHHHPPHHPHHPHPPPPPPPHHHPPHPPPPPHHP
869,HHHHPPPPPHHPPPHHHHPHPHPHPPHPHPHHPPP
870,PPHPHHPPPPHHPHPHPPHPHPPHHHPHPHHPPHH
871,HPHPPPPHPPHHPPPPPPPPPPPPPPHHPHPHHPP
872,PPPPHHHPPPPPPPHHPPHPHHHPPPPHPHHPPHH
873,HPPPHHPHPHHPPHPHPPPPPPPPPHHHHPPHHHH
874,HHPPHHHHPPPPPHHPHHPHHPPHHPHPHHHHHHP
875,HPPHHPPHHPPPPPHPPPPPHPHHPHHHPHPPPHP
876,HPPHHPHHHPPPHPHPHPHPHHHPPPHPPHPHHHP
877,PPPPPPHHHPPPPPPHPPHPHHHPPPHPHHPPPPP
878,PPPPHHPHHPHHHHPPPPPHHPPHPPPHPHPHHPP
879,PHPHHHHPHHHPPPPHHPHPHPPPHPPPHHHHHHP
880,HPHPPHHPHPPHHHHPPPPPPPHPHHHHPPPPPHH
881,PPPHPPHPHHPPPPHHHHPPHHPHPPPHHHHPHPH
882,HPPHPHPHPPHHPHHHPHHPPPHHHHHPPHHHHHH
883,PHPHPHPPHHPHPPHHPPHPPHPPPPHHPHHHHHP
884,PPHHPHPHHPPPPPPPPHHHHHPHHPHHHPHHHHH
885,HHPHPPHHHHHHHPPHPPPHPHHPHPHHHPPPPHP
886,HPHPPPHPPPHPPHPPHPHHPHHHHPHPHHPPHHH
887,HHHHHPHHHHHHPHPPPPHPHHHHPPHPHHHPPHH
888,HPHPPPPPPHHHPHPPHHPPPPHPHPHHHHPHPPH
889,HPPHPHPPHHPHPHHPHHPPPPHPPPPHHPHPHPP
890,PHPPHPPPPPPPPPPHPHHHPPPPPHPHPPPHHHH
891,PPPPHPPHPPHHHPHHHPPHHHHPPHPPPPPPHPP
892,HHHPPHHPHPPPHPHHHPHHPPHHPPPHPHPHHPP
893,HPPPHHPPPHPPPPHHHHPPHPPHHPPPPHPPPHH
894,PPPHHHHHPHHHPPPPPHHHHPPHHPHHPHPPPHP
895,PHHHHPHPHHHPPHHHPPPPHPPPPHHHHPPHHHP
896,HPPHHHHPPHPPPHPHPHPHPPPHHPHHPHHPPPP
897,HHPPPPHHHHHPPHHPPHPHPHHHHPPHHPPHPHP
898,HPHPPHPHHHPPPPPHHHPHHPPHHHPHPPHHPPH
899,HPPHPPPHPPHPPHPHHHPHHPPPPPHHPPPHPPP
900,HPPPPHHHPHPHPPHHHHPPPHPHHHHHPPHPPHP
901,PPPHHHHHPPHPPHHPPPPPHHHPHPPHHHPHHHP
902,HHPHHPPHHHPPPPPHHPPHPPHHHHHHPHPPHHP
903,HPHPHPHPPHHPPHHHHPHHPPHPHHHPPPHHPPH
904,PHPHPHHHHPHPPPHPPHPHHPHHHHHHHHHHPPH
905,PHHPHPHHHPPPHPHPHHHPPHHPPHPHPHPHHPH
906,HHPHPHHPPHPHHPPHPPHPPPHHPHPPPHPHHHP
907,HPHHHHPHPPPPPHHPHHPPPHHHPPPPHHPPHPP
908,PHHHHPHHHHPHHPHHPHHHHHPPHHPPPPHPPHP
909,HPHPHHHPPPPHHPHHHHHPHPPHHHPHPPHPPHP
910,PHPPHPPHPPPHPHPHHHPHPPPPHPHHHHHPHPH
911,PPPPHHHPHHPPPPHHPHPPHHHHHPPHHHPHPPH
912,PPPHHHPHPHPHHPPPHPPPHHHHPPPPHHPPPHH
913,PPPHPHHPPPHHPPHPHHPHHHPHHHPHHPPHPHP
914,HHHHPHHPHHHPHPHPHPPPHPPHHHHPPHPHPPP
915,HPPHHPPHPHHHHHHPHPHHHHPHPPHPPHPPHPP
916,HHHPPHPHHHHHPHHHPHPHPHPPPPPPHPHPPPP
917,HPHPHHHHPPHHHHHPPPPPPHHHPPPHPHHPPHP
918,HHPPPPPPPPHPPHPHHHHHHPHPPPPHHPHPHPH
919,PHPPHPPPHPHPHPHHHHHHHHHPHPPHHPPPHPP
920,PHPHHHPPPPPPHHPPPPHHPPPHPHHPHPPPPHH
921,PHPHPPHHHPHPPHPPPPHPPPHHPPPHHPPPPHP
922,PHPHHPHPPHPPPHPPHPPHHHPHHHPPPHPPPPP
923,PPHPHHPHPHPHHHPPHHPPPPHHHHHPHPPPPHH
924,HHHPPPPPPHPPPPHPHPHPPHHHPHPHHPHHPHH
925,HPHPPPHPHHHHPPPHHHPHHHPPHHHHHPHPHPH
926,PPPHHHHPPPPHHHPHHHHHHHHHHHPHHHHHHPP
927,PHPHHPHPHHPHPHHHHHPPHHHPPPHHHHPPPPH
928,HHHPHPPPPHHHPHHHPHPPPPHHHHPPHHPPPHH
929,HPPHPHPHHHPPPPPPHPHPHHHHPHPHHPPPPPH
930,HHHHPHPHHHPHPPHPPHPHPHHPHHHPHHHPHHH
931,HPPPPHPPHHPPHPHHHPPPHPHHHHPPPHHHHPH
932,PPPPPPPHPHPHPPPPPPHPHHPHHPHPHPPHHHH
933,PPPHHPHPHHHPHHHPPPPPHPPHHPHPPPHHHHP
934,PHHHHHPHHPPHHPHHPPPPPPHPPHPPHPPPHHP
935,PPPPHHHPHPHPPPPHHHHHPHPPPPPHPHHHPHP
936,HHHHPPPHPHPHPHHHHHHPPPHHPHHPPPPPHPH
937,PHPHHHPPHHPHHHPPPPPPPHPHPPPHHPPPHHH
938,HPHPHHPHPHPHPPPHHHPHPPHHHHPPPPPPPHP
939,PHHHPPPHPHHHHPHPHHHHPPHPPPHPHPHPPPH
940,HPPHHPPHHPPHPHHHHPHHPHPPPHHPHPPHPPP
941,HHPHHHPHPHHPPPPPPPPPHHPHPHHHHHPHPHH
942,HHHHHPHPHPPHHPPPHHPPHPHPHPHHHHHHHPH
943,PHPPHPPPPPHPPPPHPHPPPHHPHHPHPPPHPPH
944,PHHPHHPPPHPHPPHHPPPPHHHHHHPHHHPPPHP
945,PHPPPPPHPPHPHPHHHPHPHHHPPPHPPPHHHHP
946,PHHHHPPHHPPHPPPPPPPPHHHPHHHHPHHPPPP
947,HPHPHPPPHHPPHPPHHHHHPHPPHHHHPPPPHPP
948,PHPPHHHPPHHHPHHHPPPHPPPPHPPHPHPHHHP
949,HHHPHPPHPPPHPPPPHHPPPPHHPHPPPPPHPPP
950,PHPPHHHHPHPHHPPHHPPPPPPPPHPHPPPHPPP
951,PHPHHPHHPPPPHHHPHPHPHPPHHPPPPPHPPPP
952,HHPHHHPPPHPPHPPPPHPHPPHPHPHPPHPHHHH
953,PHPPPHPHPHHHHHPPPPPHHPPHPHHPHPHPHHP
954,HPHPHHPPPPPPPPPPPPPHPHPPHHPHHHHHPPH
955,HHHHHPPPHPHPPPPHPPHHHPHPHPHHPHHPPPP
956,PPHPPHHPHPPPPPHHHPPPHPPHPPHPPHPHPPP
957,PPPPPPHPHPPHPPHHPPPHHPHHHHPPHPHPHPH
958,PHPPHHPHPHHPHHHPHPHHPHPHHHHPHHHHPHH
959,PPPHHPPHPPPHHPHHHHPHHHHPPHPHHPHHHPH
960,HHPPPHPHHPHPPHHHPHHHHPHHHHHPPPPPHPH
961,PHHPHHPPHHPHPPPPHHPHHHPHPPPPPHPHPPP
962,HPHPPHHPHHHPHHPPHPPHHHHPHPHPHPHPHHH
963,PHPPPHHPHHHPPPPHPPHHHHHPPHHHPPHPHPP
964,PHPPHPHHHPHHPHPPPHPHHHHHPHPPPHPPHHP
965,HHHPPHHPPPPPPPPPPPPPHHPHHHPHPPPPPPP
966,HPHPPHHPPHHHHPHPPPPHHHPHHPPPHPHHPHP
967,PPPPPHHHPHPHHHPPPPPHHHPHHPHPHHPHPHH
968,HHHPPPPHHHPPHPPPPPPPHPPHHPHHHHPHHPH
969,HHHHHPHPPHPHHHHHHHHHHPHPHPHPPHHPPPP
970,PPPHPHHPHPPHHPHHHHPPPPPPHHPHHHPHHHP
971,HHHHHHPHHPHPHPPHHPPHHHHPPHPPPHPHHPH
972,PHPPHHHHPPPHHPHPPHPPHPHPHPPHHPPHPHP
973,PPHHPHHPPHHHPPPPHPPPPPHPHHHHHHPPPPH
974,PHPPPPHPHPHPHPHPHHPPHHPHPPPPHPHPHPP
975,PPHHPPHHHHHPHPHPHHHHHPHHPHHPPPHHPPH
976,PPPPHHPPHHHHPHHPHPHHPHHPPPPHPHPHHPH
977,HPHHHHPHPPPHPHHHHHPPPPPPHPHPPHPPHHP
978,HPPPHPPHHPPPHHHPPPHPHHPHPPHHHPHPPHP
979,HPPHPPPPPPHHPPPPHPHPPPPPPHHPHHPPHHP
980,HHHPHHHPHHHPPHPPPHHHHHHHHHHPPPHPHHP
981,HPHPPPPHPHHPHPHPHHPPHHPHHHPPHHHPPHP
982,PPHHHPPHPPHHPHPHHHHPPHHPPPHPHHHPPPH
983,PHHHHHPHPPHPPHHHHPHPHPHHHPPPPPHHPHH
984,PHHPPPPHHHPHHHPHPHPPPPPPHPHPHHHHPHP
985,HPHPPHHHPPPPHPPPHPPPHHHHHPHHHPPHHPH
986,HPPPHHHHPPPHPPHPPHHPPPHHHHPHHPPHHPH
987,PPHHPHHHPHHHPPPHHHPPPHPHHPPPHPHHPPH
988,PHPPHHPHPHHHHHHHPPHHHPHHPHHPPHHHPHP
989,HHPHHHPHHHHPHPPHHHHPPHHHPPPHPHHPHHH
990,HPHHPPPHHPHHPHPPHPHPPHPHHHHHHPHHPPP
991,HPPPPHHHPPPPHHHPHHPPHHPPPHHPPHPPPHH
992,HPHPPPHPHHHPHPHPHPHHHPPPHPHHHHHPPHH
993,PPPHPPPPHHPHPHHHPHHPPHHPHPPHHHPPPHP
994,HPPHHPPHHHHHPPPPHHHHPHPHHPPHHPHHHHH
995,HHPHHPHHHHHPHHHHHPHPPHHHPHPHHHHHHPP
996,HHPPPHHPPPHPHHHHHHPPHPPHHHPPPPHPPPH
997,HHPHPPHHPPHPHHHPHHPHHPPPPHHPPPPHPPP
998,HHHPHHHHPPPHPHHPPPHPHHPPPHPHHHHPHPP
999,PPHPHPPPHPPHHHHHPPPHHPHHPHPPHHHHPPP
