id,sequence
0,HPPHHPHHHPPPPHHPHPHPHPPPHHHPHPPPHPPHPHPH
1,HPHPPPHHHHHPHHPHHPHHHHHHHHHHHPHHHPPPHHHP
2,HPPHPPPPPHPHHPPPHHPPPPHPHHPHPPPPPPHPHPPH
3,PHHHPHPHHPPHHHHHPPPHPPPHHHHPPHPPHHPPHPPP
4,HHPPHHPHHPPPPPHHPPPPPHHPPPPPHHPPPPPHHPPH
5,HHPHHHHPHPHPHHHHPHHPPHPPHPHPPPPHHPHPHHHP
6,HHPHHHHHPPPPPPHPPPPHPHHPPPPPPHHPPHPHPPHP
7,HPPPHHHHHPHHPHPHPPPHPHPHHHHPHHPPPPPHPHHH
8,PHHPHPHPHPHPPPHPHPHPPPPPPPHHHPHHPPPHPPPH
9,PHPPPPPPPPPHHPHHPPHPHPPHHPPHHHHPPHHHHHHH
10,HHHHPPHHPHPHHHPHHPHPPHHPHPHHPPPPPPHPPPHH
11,PHPPHHHHHPHPPPHPPPPHPHPPHPPPHHPHPHHPHHPP
12,HPHHPPPPHPPPHPPHPPPHPHPPPHHHPHPHPPHPHHHH
13,HPPPPPHHHPHHPHHHPPPPHHPPPPHPHHPPHHHHPPHH
14,PPPHPPHPPHHHPHHPPHHPPHPHPPPHHHPHHHPHHPPP
15,HPHPPPHPPHPPHPPHHHHHHHHHPHHHPPHPHPPHHHPH
16,PHPPHPHHHPHHPHPHPPPPHHPHPPPPHHPPHHPPPPPP
17,HHHPPPPPHHHPPHHPHPHPPHPPPHPPHHHHPHPPHPPP
18,PPPHHPPHHHPPPPPPHPPHPHHPPHHPHPPPHPHHHPHP
19,PHHPHPPPHHPHHHPHHPPHPHPPPHHPHHHHHHHPPHHP
20,HHHHHHHPHPHPHPPPHHPPHPHPPHPHPPPPHHPHHHPP
21,PPHPHPPHPPPHPPHHHPHHHPHHPPHPPHPHPPPHPPHH
22,PPPPHPPPHHPHHPPHHHPPPPHHHHHHHHHHPPHHHHPH
23,PPPPHPHPHHHHHPPHHPHPPHPHHPHPHHPHHHPPPPHP
24,HHPPHPHHHHPPHHHPHPPHHPPHHPPPPHHHHPPPHPPH
25,PPHPPHHPHHHPPPHPPPHHHPHHHHHHPHPPHHPPPHHP
26,HPPHHPHPPHHHHHPHPPPHPHHHHPHHHPHPPHPHPHHH
27,HHPHHPPPPHPHPHPHHHHPHPHHPHHHPPPHHPHPPHHP
28,PPPPHPPHPHPHPPPPHHHHHHPPHPHHPPPHHHPPPPPP
29,PPHHPHHPHHPHPHHPHHHHPPPPHHPPPHHHHPPPHHPP
30,PPPPPHHPPPHHHHPPHHHHPPPHHPPPPPHHHHPPPHPH
31,HPPPPPHPHHHPPPHHPPHPHPHHPPHPPPPHHPHHPHHH
32,HPHPHHPHPHHHHHPPHPPHPPHPHPPPHHPHPHPPPPHH
33,HHPPPHHPHPHHPHHPPPPHPPPPPHPHPPHHHHHHPPHP
34,HHPHHPPHPPHHHPPHHPHHHPPPHPPHPHPHPPHPHPHP
35,PPPHHHPPHPPHHHHHHPHHPPPHHPHPHHPHHPPPHHPP
36,PPPHPHHPPHHPHPHPPPHHHPHPPHHPPHHPHHHPHPPH
37,HPHPHHHPPHPPPHHPHPHHHHHHHHPPPPHHPHPPPHHP
38,HPPPPHPHPHPHHHHPHHPHPPHPHPPHPHPPHPHPHPPP
39,PHHHHHHPPPHPHPHHHHPPHPHPPHHPHPPHHHHPPPHH
40,HPPHHHPPHHHHHHHPPPHHPPHPPPPHPHHPHPHHPHHH
41,PHPPPPPPHHHPHPHHHHHPHPHPPHHHHPPPHHHHPPHP
42,HPHPPPPHPPHHHHHHHHPPPHPHHHPPHHHPHPHHHHHH
43,HHHPPHPPPHPHHPHPPHPPPPPHPHPHHPHHPHHHPPPH
44,HHHHHPPPPHPHPPPPHHHHPPHHHHHPPHHPPPPPPPPH
45,HHPHHHPHHHHPHPPPHPPHPPPPHPHPPHHPHPHHHHHH
46,HHHHPHHHPPHHPHPPHPPPPHPHHHPHHPHPPPPHHHHP
47,PPHHHHHHPHPHHHHPHPPHPHHHPPHPHPPPHPPPHPHP
48,PPPHPPHPHPPPHHPHPHPPHHHPPPHPPHPPHHHHPHPP
49,HPHHPPPHHHPPHPPPPPPPPPPHPPHHPPHHPHPHPHPH
50,HHHHHHHPHPPPPHHPPPHPPPPHPHPPHPPPPHPPHHHH
51,HPPHHPPHPPHPHHHHHHHHHPPPPPHPPPPHPHPPPHPP
52,PPPHPHHPPHHHHHHHPPPHPPHPHPPHPHHHPHHPHHPH
53,PPHPHPHPPHPPHPHPHHHPHPPPHPPHHHHPHPPPHHPP
54,PPPHHHPHHPHPHHHPPHPPPHHHHPHPHHHHPPPHPHPP
55,PPHHPPHPPPPPHHHHHHHHHPHPPHPPPHPHHHHHPHPH
56,PPHPPPPPPPPHHHPPHHPPPPPHPHPPHHPPPHHPHHPH
57,PPHPPHPHPHPPHPPPPHHPHPPHPHHPHPPPHPPPPHHH
58,HHPPPHPHPHHHHPPHHHPHHHPHHPHPHPPPHPHPPHPH
59,HPHHPHPPPHHHPPHPHPHHHPPPPPPPPHPPPPPPPPPH
60,HHHHHHHPHHHPHPHHHPPHHHHPPPHPHHHPHHHHPPHH
61,PPHPPPPHPHPPPPHPPPHHPHPPHPPHHHHHPPPHHHHP
62,PPPPHPPHPPPPHPHPHPHPPPHHHPPPHPPHPHPPPHHH
63,PPPHPPHHPHPPHHHPPHHPPHPPHPHHHPHPHPPHPHHH
64,PHPHHHPPPPHHPPHPPPHHPPPHHHPHHPHHPHHPPPHH
65,PPPHHHHHPHPHPPPPPPHPHPPHHPHHPPHPPPHHPHHH
66,HPPPPHHHHPHPHPHPHPHPHHPHHHHHHPHHHPPHHPPH
67,PPHPHPPPHPHHHHPPPHHHHHHHPHPPPHPPHHPPPPHH
68,HPHPHPHPPPPPPPHPHPHPPPPHPHPHHHPPPPHPPPPP
69,PHPHPPPHPPPHPPHHPPPHPHHPHHHPPPHPPPPHHPPH
70,PPPPPHPPHPPHPHHPHPHHPHHHPHPHPPHPPPPPPPPH
71,HPHPPPPHPPPHHPPPHPHHPPPHHPHHHPPHPPPHHPHH
72,HPPHHHHHHPHPHHPPHPPPHPPPHHHHHHPPHHHPHHHP
73,PHPPHPPPHHPPPPHHPHHHHPPPPHHPPHPHPPHHHPHH
74,PHPPPHPHPHPPPHPHPHHHHPPPPPHHPPHPPPHHPPPH
75,HHPHPPHPHPHHPHPPHHPHPHHHHPPPHPHPHHPHHHPH
76,HPPPPHPPPPPPPHHPPPPHPHHPPHHHHPHHHPPPHPPH
77,PPPHPPPHPHHHHPHHPPHPHPPHPHPHPHPPHHHPHHPH
78,PHHPHHHPPHHHHHPPPHHPPHHHHHHHHPHPHPPPPPHP
79,HHPPHHPPHHHPPHPHHHPHPPHHHHPPHPHPPHPPPPHP
80,HPPHHHPPPHPHHPPPPPHPPHPHHHHPHHHPHHHPPPPH
81,HHHPPPHHHPPHPPPHPHHHPPHPPPHHPHHHHHHHHPHP
82,PPHHHPHPPHPHHHPHPPPPHPPHPPPHPHPHHHHPPPHH
83,PHHHPPHHHPHHHHHHPPHPHHPHPPPPHPHHPHHHHPHP
84,PPPPPPPHPPPHHHPHPPHPHPHHHHHHHHHPHPPHHHPH
85,HHHHPHHPHPPPPHPHHHPHPHHHHHPHPPHPHPPHPHHP
86,HHHHPPPHPHPPHPPPPHHHHPHPHHPHPHHPPPHPPPPH
87,HPHPHHHPPPHPHHHPHHHPHHHPHHPPPPPPHPPPHPPH
88,PHHHHPPHPPPHHHHHHPHPPHPPPHPHPHHPPHPPHHPH
89,PPPHPPHPHPPPHPPHHHPPPHPPHPHPPHPHHHPPHHPH
90,HPPHPHHPPPHPHPHHPPHPPHHHHHPPPPPHPPHHHPHP
91,HHPHPHHHHPPPPPHHPPPHPHHHPPHPHHHPPPPPPPPP
92,PPHPHHPPPPPPHHPHPPPPHHHPPHPHPHPPHHPHPPPP
93,HHPPPHHPHPHHHPHPPPPHHPHPHHHPPPPHPHPHPHPH
94,PPHHPPPPHPPPHHHPHPHPHHHPPPHPHPHPPPHHPPHH
95,HPPHPHPPHHHHHHPHHPHPHHPHPHHHHPHHPPPHHHPP
96,PHPPPPPHHHHHPPHPPPPHHHHPHPPHHHHHHHHHHPHH
97,HHPHPHHHPHHHPHHPHHHHHHHHHHPHPHPHPPHPPHPP
98,HPHPHPPPPHPPPHPHPHPPHHHPPHHPPPHHHPPHPPPH
99,HPPHPHPHHPPPPPHHPHPPPHHHHHHPPHHPHPHHPHPH
100,HHPHPHHPHHHHPPHPPHPHPHPHPPHPHHPPPPPHHHPH
101,PHHPPHHHHHPHHPPHHPPPPHPHPHPPHPPHHHPPPHHP
102,HPHHPPHHHHHHHHPPPPHPPPHHPPHHHHHHPHPPPPHH
103,HPHPPHHHPPHHPPHHPPPPHHPHPPPHPHHHHPHPHPPH
104,PPHHPPPHHPPPPPHHPHPHPPHHHHHPHPHHPHPHHHHP
105,PPHHPPPPPPPPPPPPPPPPPHHPHPPPPHPPPPHHHPHP
106,PHPPPPPHPPPHHHPPHHPPPHHHPPHPPHPHPHPHHPHH
107,PHPHPPPPHPPHPHPPPHHHHHHPPPHHHHPPPPHPHHHH
108,HPHHPPHHHPPHHPPHHHPPHPHHPHPHHPHPPPHPHPHP
109,PPHHHPPPHHPHHHPHPPHPHHHHPHHHPHHHPPPHPPHP
110,PHHHPPPPHPHHHPPPPPPPPHHHHHHPHHHPPHPHHPPH
111,PPPPHHHHPPHHPHHHPHHPPPHPHPPPPHHHPPPPHPHH
112,HPPHPPHHHHHHHHHHHHPPPPHHPPHPHHPHPPHPHHPH
113,HPPHPHHPHHHHPHPHPHPHPPHPPHPPPPHHHPHPPPPH
114,HPPHPPPHHHPPHHHPPPHHPPHHHPHHPPPHPPHPPHPP
115,PPPHHHPPPHHPHHHHPPHHPPPPHPPHHHHPPPHHHPHP
116,HHPHHPHPPPPPPPHPHPHPPPHHHPHPHPHPHHPPHPPP
117,HPHPHHPHHPHHHHPHPHPPPHPPPHHHPPPHHHHPHHPP
118,HHHPHPPHHPHPHHPHPPHPHHPPPPHHPHHHPPHPPHHP
119,PHHPPHPPHPPPPPPPPHPPPHPHHPHHPPHHHPPPPHHH
120,HHPHHHHPPHHPHPHPPHHHHHPPPHPHPHHHPPPHHHPP
121,PHPHPPPPPPHHPPPPPHPHPPPHPHHPHPPPHHPHPPPH
122,HPPHHHPHHPHHPHPHHPPPHPHPHPPHPHPHHPHPPHPP
123,HPPPPHHPHHHHPHPPHPHPHHHHHHPHPHPHPPHPHPPP
124,HHPHHHPHPHPHPHPHHPPPPPPHPHPPPPPHPPPHPPHP
125,PHPPHPPPPPPHPPPHPPHHHHPHHHPHPPHPPHPPPHHP
126,PHPPHPPPPPPPHHHPHHHPHHPHPHPHPHHHHHHHHHPH
127,PHPHHPHPPPHPPHPHHPPPHHPPPHHPHHPPPPHHHHPP
128,HHHPHPHPPPPHPHPPHHHHPHPHPHHHPPHHPHHHPPHP
129,HHHHPHHPPPHPHHHPPHHHPHHPHHPHHHPPHHPHHPPH
130,HPPHPPPHHPPPPHHPHPHHPHHPPHHHPPHHPHPHPHPH
131,PPPHHPHHHHHPHHPHHPPPHHPPPPHHHHPPHHHPPPHH
132,PHPPHPHHHHPHPHPHHHPPPHPPHPHHHHHPPHHPPHPP
133,PPHHHPPHPPHPHHHPHHPHPHPHPHHPHPPHPHHHHPHP
134,HHHPHHHPHPHHHPHPHPPPHHHHPPHPPPPPHHHHPPHH
135,HPHHPHPHHHPPHPHPPPPPPHHPPHHPPHPHHHHHPPHH
136,HHHPPHPPHHPPHHHPHPHPPPPPHHPHPPHHPPPHHHPP
137,HHPHPPHHHHPPPHHPPHPPHPPHPHHHPPPHPPHPHHPP
138,HHHHPPPHHPPPPHHHPHPHPHPPPHPPPPPPPHPPHPPH
139,HPHPHHHHPPHPPHPPPPPHPPPPHHPPHHPPHPPHHPPP
140,PPPHHPPPPHPPHPPPHPHHHHPHPPHPPHHPHPPHPPHH
141,PPHHHHPHHPPPHPHHPPHHHHHPHHHPPPPPHPPPPPHP
142,PHHPHHPPHPPHHPPHHHHHHPPPHHHHHPHHPHHHHPHP
143,PHHHHHHPPHHPPPHHPHPPHPHHHHHHPHPHPPHHPPPP
144,HPHPHPPPHPHHPPHPHPHPPPPPPPHPPHPPPPPPHPHH
145,PHHHPPHHPHPPPHHPHPPHHHPPHPPPPHHPPPPPHHHH
146,HHHHPPPHHHHHPPHHPPPPHPHPHPPHPHHPPPPHPHPH
147,PHHHPHHPHHPHHPPPHHPPPHPPHPHHPHPHPPPPPPHP
148,PPPHPHPHHPPHPHHHPHHHPPPPPPHHHPPPHPHHPHPP
149,PHPHPHHPPHPPHPPPPHHHHPHHHPHHPHPPHHPHHPHP
150,HPPPHPPHHPHPPHPPHHHPHPPHPHHHPPPPPPPHHPHH
151,PHPPHPHPHPPPPHPPHPHHHHHPHPPHHHHPPPPPHPPH
152,PHHHPPHPPPHHPHHHPHPPPHPPHHPPPHHHHHPPHHHH
153,PHPPHHPHPHHHHHHPHHPPPPHPHPHPHHHHHPHPPHHH
154,PHPHHHPPPHPPPPPPHPHPPHPPPHHHHPPPHPPPHHPP
155,PPPHHPPHPPHPHHHPHPPPHHHPHHHHPHPHHHPHPPHH
156,PHHHPPHPPPPHHHPHHHPHPPPHPHPHPPPPHPHHPPPP
157,PHHHPHPPHHHPHPHHPPHPPHHPPPPPHPHHPPPPPPHH
158,HHHPHHHPHPPHPPHPPPHHPPHPHHHHHHPHPHPPHPPP
159,HHHPHHHPHHHHHHPPHPHPPHPHHHHPHPHHPPHPPPHP
160,PHPHHPPPHHHPPPHHPPHHPPHHPPHHHHPPPHHPHHPP
161,HPHHPHHPHHHPPHPHHPPHPHPPPPHPPPPPPHPPHHPH
162,PHHPPHHHPPPPPPPPPHPPPHHHPHHPHHHPPPHPHHPP
163,PPHHPHPHHPHHPHPHHHPHHPHPPPPPHPPHPHPHPPPP
164,PPPHPPHPHHPHPHHHPHHPHHHPHHHHPHHPHPHHPHHH
165,PPPPPHHHPHPHPHPPHPHPPPPPPHHHPHHHHHHHPPPP
166,PPHPHPHHHPPHPPPHPPPPPHPPHPHPHPHPHHPPHPPP
167,PPPPHHHHHHHHHHPHPHHHPPHHPHHPPPPPPHPPHHHP
168,PPPHHPHPPPHHHHHHHHHPPHHPHHHHPPPHPPPPHHPP
169,PHHHHHPPPPPPPPHHPPHPPHHPPPHPPHHHHHPHPHHH
170,PHHPHPPHHHHPPHHHHHHPHPPHPHHHPPHPHPHPPHHP
171,HHHPPPPPPHHHPPHHPHHHPPPPHPPPPHPHPHPPHPPP
172,HPPHHHPPPPPPPPPHHHHPHPHHPPHHPHPHHPPPPPPH
173,PPHPPHHPHPHPPPHHHHHHHPPHPHPHHPPPHHPHPHPP
174,PHHHPPHHPPHHPPHPPPPPHHHPHHPPPHPHHHHHHPPH
175,HPHHPHPHHPHHPHHPHHHHHPPPHHPPHHPHHPHPHHPP
176,PHPHHPHPHPPHPHHHPPHPPHHHHPHPHPHHHPHPHPHP
177,PPPHPPPPHHPHHHPPPPHHHHPHPHHHHHPPPPHHPPPH
178,PPHPHPPPPHPHPHHPPPHPHPHPPHHPHPPPHHPHHHPH
179,HPPPPPHHPHHPHHHPPHHPPPPHPPPHHHPPPHPHHHPH
180,HPHHPHHHPHPPPPHHPPHHHHPPHPHHPPPHHHPPPHHH
181,HPHPPHPHPHPPHHHHHPHPHHHHHHHPHHHPPHHHPHPP
182,PHPPPPHPPHHPHPPPHHPHPHPHPPHHPHPHHHPPHPHH
183,HHPHHPPPHHPHPHHPHHHPHHPPPHPHPHPHHPPHPPHP
184,PHHHPHHPHPHPHPHHPPPHHPHPPHHHHHHPHPPHHPHP
185,HHPHHPHHHHHPHHHPHHPPPPHPPPHPPHHHHHHHPHPP
186,PHPPPPHHPHPPPPHHPPHPHHHPPHHPHPHPHPPHHPPP
187,PHPHHPPHHPPHHPHPPHPPPPHHHPPHPPHHPHHPHHPP
188,HPPPPHPPPHPHPHPPHHPPHPHHPHHPPPHPHPPPPPHH
189,HHHHPPPPHHHPPPHPHHPHHHHPPPPHHHHHHPPHPPPH
190,HHPPHPHPHHPHHHPHHPHPHHPPPPHHHHPHHHPPHPHH
191,HHHPPPHHPHHPPPPHPPPHPPPHPHHHHHHPPHPHHPPP
192,PHPHPPHPPHHPPHPHHPHPHHPPPPPPHHPPHHHHPPHP
193,PPPHHPHPPPPHPPPHHHPHHPHHHPHPHPPPHPHHHPPH
194,PHPPPHPPHHHHPHPHPHPHPPPPPPHHPPHHHPHHPPHP
195,HPPPPPPHHHHHHHPHHHPHHPPPPHPHPHHHHPPPHPPP
196,HPHHPHHPHHPHPPHPHHPHPHPHHHHHPHHHHPPHPPPP
197,HPHHPPHHHHHHPPPPHHPPHHHPHPHPPHPPPHHHPHHP
198,PHHPHPHPPPHHHPPHPHPPHHPHHHPPHPPHPPHHPPHH
199,HPHPHHHHPPHHHHHPPHPPPPHHHPHPPPHHPHHHPPPP
200,PPHPHPHPPPHPPHHHPPHHPHPHPPPHPHHPPPPHPPPH
201,PHHPHPHPPPPHPHHHHHPHPHPHHPPPPHHPPHHPHHHP
202,PPPPPPHHHPHHPHPPHHPHPHHHPPPPPHPPPPHHHPPP
203,PPHPPPPHPHPHHPHPHHPPPHPHHHPPPHHPPHPHHPHH
204,PPHPHPPPHHPHHPHPHPPPPPPPPPHHHPHPHHHHHHPH
205,PHPHHHHHHPHPPPHHPPPPHHHPPPPHPPPHHHHHHPPH
206,PHPPPHPPHPPPHPHPPPPPHHPHHPHHHPPPHPHPPHHP
207,HPHPPPHHHPHHPHPPHPPHPHHPPHHPHHHPPHPHHHPP
208,PPPPPHPHHHHHHPPHHHHPHPPPPHPPHPHHPPHPPPHH
209,HPHHHPHPPHHPPHPHHHPHHPHPHPPHPPPPPPHHPPHH
210,PHPHHPHPHHPHHPPHPHPHHPHHHPHPHHPHHPPHPPHH
211,HHHHHHPHHPHHHPPHPPPPHHPPPPHHPPHHHPPPPPHP
212,HHPPPPPHPPPHHHHPPHPPHHPPHHPHPHPPHHHHPHHP
213,HPHHPHHHHPHPHPHHPHHHHHPHPHHHHPHHHHPPPPHP
214,HPHPPHHPPHPPHHHPHHHPPPHPHHHPPPHPHPPHPHPP
215,HHHHHPHHPPHHPHPHPPPPPHPPHHHHHHHPPHHHHPHH
216,HHHHPPHHHPPPHHHHHHHHPPPPPHHHHPHHHPPPPPHH
217,PHHPPHHHHPPHPHHPHPPHPPHPHHHHPPPHPPPHHPPH
218,PPHPPPHHPPPPHHPPPHPHPPPPHHHHPHHHHPPHPPHH
219,PHPHPPHHPPHPPHHHPHHHPHHPPPPPHPHPPHPPPPPP
220,PPPHHHPPPHHPPHHHHPPPHPPPPPHPPHHHHHHPHHHP
221,PHPHHPHHPHPHHHHHPHHPHHHHPPPPHPPPHPPPPHHP
222,HPPPHPHHPPHHPHHHHPHPHHPPHHHPPPPHHHPPHPHH
223,PHPPHHPHPHHPHHHPHHHPHPHHHPPHHPHPHPPHHPHP
224,PHPPHPPPHPHHHHPPHHPHPPPPPPPPPPPHPHPHPPPP
225,HHHPPPHPPHPHPHHHPPHPPHPHPPHPPHHHHPPHHHPH
226,PPHPPPPPHPPHHPPPPPPHHHHHPHHHHPPPHHHPHHPP
227,PHHHHHHHHPHPHHHPHPHPHPPHPPHPHPHPPHHPHHHH
228,PPHPHPHHHHHPPPPHPPHHHHHHPPPHPHHHHHHHHPHP
229,PHHHHHPPPPHHPHHPPPPPHPPPHPHPPHPHPHPHHPHP
230,PPHHHPPPHPPPPHHHHHHHPHPPHHPPHPHHPPPHHPHH
231,HHHHPHPHHPPPPHHPPPHPHHHPPPHHHHPPHPHPPHPP
232,PPPPHHHHHHHHPPHHPHHPHPHPPHHPPPHPHHHHPPHP
233,PPPPPHHPPPHHHHHHHPPPPHHHHPPHHHPPHPPHPHPH
234,HHPHHHHPHPPHHHHHHPPHPHPPHPHHHHHPHHHHHHHH
235,HHPPHPPPHPHPHPHPHPPHPPHPPHPPPPHPPHPHPPPP
236,PHPPPHHPPHHHPPHHPPHHHPPHHHPPPPPHHHHHPHPP
237,HHPPPHHPPHHHHPHHPHPPHHHPPPHPPHPPHHHPHHPH
238,PHPHHHPHHPHPPHPHPHPHHPPPPHHPHPPHHHHPPHPH
239,HPPHHHPPHPHHPPPPHPPPPHHPHHPHHHHHHHHHPPPP
240,HHHHPPPHHHPPPPPPHPPPPPPHPHPPPPPPHHHPHPPH
241,PHPHHPPHHPHPHPPPPPPHPHPPPPPPHPHPPHPHHPHH
242,HHPHHHPPPPPHHHHPHPPHPPPPHHPHPPHPHPHPPPHH
243,PPPHHHHPPPPHHHHHPHPPPHHHPHPPHPPHPPPPPHHP
244,HHHPHPPHHPHPPHHHHPPHPHHHPHHHPPHHHHPPPPHP
245,PPPHHHPPPPPPPHPHPPPPHPPHHHHHHPHPPPHHPHHP
246,PPPPHPHHHPPPPPPHPHHHPPHHHPPHHHHHHPHHHHPP
247,PHPHPPHPPHPPPHHHHPPHPHHPHHHPHHHPPPPHHPPP
248,HHPHHHHPPPHHPHPPHHHPPPHPPHPHHHPPHPHHHPHH
249,HHHHPHPPHHHPPHPPPPPHPPPHHHHPPPHPPHPHHHHP
250,PPPHPPPPHHHPPHHHHPHHPHHPPHHHPPPPPHHPPPPP
251,HHHHHPHHHPPHPHPPPPHHPHPHHHPHPHHHHHPPPPPP
252,PHPHPPHHPHPPHPHHHHPPPPPHPHHHPPPHPHPPHPHH
253,HHPPPHHHHPHHHHPPHHHHHHHPPHHPPHPHHHPPHHHP
254,PPHPHPPPPPHHHHHPPHHHHPHHHHPHHPPPPHHHHHHH
255,PPHHPHPPHPHHHPPHHPHPHHPPHHHPPHPPHHPHHHPP
256,HHPPHHPPPPPPHHPPPPPPPPHPPHPHPHPHPPHHHHPP
257,PPHPHPHPHPHHPHHPHPPHHPHPPPPHHHHHPPHPPPHH
258,HHPPPHPHHPPPHPPPPHHPPPHPHPHPHPPHPHHHPPHH
259,HPPPHHPPPPPPPHPHHPPHHPPHPHPHPPPPPHHHHHHP
260,HPHHPPPPPPHPPHPPPPHPHPPHHPPPPPHPPPPHPPHP
261,PPHHPHHPPPHHHPPPHHHPHHPPPPHPHPHHPHHHHHPP
262,PHPPPHPHPHPPHHPHPPHPPHPPHHPPPPHPHHPPHHHP
263,PPPHHPHHHHHHHHHPPPPHPPHPHHPPPHPHHHPHHPHP
264,HPPPHPPPHPPPPHPHHHPPHPHHPPPHHHPPPHPPHHHP
265,PPHPPHHPPHHHPHPPPPHPPHHHPHPHPHPHHPPHPPPP
266,PHPHPHPHPHPHPPHPPHPHPPHPHHPPPHHPHPPHHPHP
267,HHHPPPPHHHPHHHHPPPHHPHHPPHPHHHPPPPHHHPHH
268,HPHHPHPHHHHPPHHHHPPHHHHPHHPHHHPHHPPPPHHP
269,PPPPHPPPPHHPHPPPHHHHPPHHPPHPHPHHPHPHPPPH
270,PPHPPPHHHPPHHPPHHHHHPPHPPPHHHPHHHHPHHHHH
271,HPHHHHHHHHHHPHPPHPPPHHPHHHHHPPHPPPHPHPPH
272,PPPHPPHPHPPPPPHPPPHPHPPPHPPHPHPPPHPPHHPH
273,PHHHHHHHPPPHPPHPHPPHHHHHHHPHHHPHHPPHPPHH
274,HHHPPPHHPPHHHHHHPHPPHPHPHPPHPHPHPHHPHHPP
275,HHPHHPPPHHPPPPHPPHPHHPHHPPHPPPHHPPHPHPPP
276,PPPPPHHHPHHPPHPPPHPPPHPPPHPHPHPHPHPPPHHH
277,PHHHHHPPHHPPHPHHHPHHPPHPHHPPHHPHHHPHPPPP
278,HPHHHHPPHHPPHHPPHHPHPHHPHHHPHHHPHPHHPHHP
279,PHPHHPPHPPHPHHHPPPPPPPHPHHHHHPHPHPHPHPPH
280,HHPPPHPPPHPHHHHHPHPHHPPHPPPPPPHPHHHHPPPP
281,HPPHHPHPHPHPPPHPHHPPPPPPPHHHPPHPHPHHPPPH
282,PHHHHPHPHHPPPHHPPPHPHPHPPPPPHHHPPPHHPHHH
283,PPPHPPPPHPPPHHHHPPHPHPPPHHHHHPHHPPPHHPHH
284,HHHPPPPHPPPHHHPHPPPPPHHHHPHHHPPPHPPHPHHP
285,PPPPPPPHHPHPHHPHHPPPHPHPPPPHPPPPHPHHHHHH
286,PPHPPPPHPPHHPPPHHHHHPHHHHPHHPPPHHPPHPHPH
287,HPPPPPPHHPHHHHHHPPPPHHPPHPHHHHHHHPPPPHHP
288,HHPHPPPHPPHPHPHPPPHPHHHPHPPPPHHHHPPHHPHH
289,PHHPPPHHHPHPPHPPPPPPHHHPPHHPPPHPHPPPPPHH
290,PHHHPPPPHPHPHHHPHHPHPHPPPPPHPPPPPPHHHHPH
291,PPHPPHHHPPHPPPPPHPPPHPHHPHPPHPPHPPHHPHHP
292,PHHHPPHHPPHHPPPHPPPPHPHPPHPHHHPHHPHPPHHP
293,HPHPPPHHPPPPPHPHPHHPHPHPHPPPHPHHPHHHPHHH
294,HHPPHPPHPPPHHPHPPPHPHHHPHHPPHPHPPPHHPHHH
295,HHPPPHPPPHPPHHPPPHHPPPHPPPHPPPPHPHHPPPHH
296,PHPPHPHHPHHHPHHPPPPHPPPPHPHPPHPHPPHPPHPH
297,PPHHPHPPPPPPHHHPHPHPHPPPHHPPHHHPPHHHHHPP
298,HPHHHHHPHPPPHPPHHHPPPPPPHHPHHPHHPHHPPHPH
299,HPHHHPPPPPHPHPPPPHPHPHPPHPPHPHPPHHPHHHPP
300,HHHHPHPPHHHHPHHPPHHHHPPHPPHHPPPPPPHPPHHH
301,PPHHHPHHHPHHHHPHHHPHPPPPPHPHPPHHPPHPPPHP
302,PPPPPPHHHHHHPPPHPHHHHHPHHHPHPPPHHHHPPHHP
303,PHHPPHHPPPHHHPHPHPPHHPPPPPHPHPHHPPHHHPHP
304,HHPPPPPPHPPPHHPPPPHPPHPPPPPHHHHPPHHHPPHH
305,HHHHPHHHHHPPPHHPPHPPPHHPPHPHPHHPHPHPPHPH
306,HHPPPHHPHHHPHHPHHHHHPPPPHPHPHHHHPHHHPPPP
307,HHHPPPPHPHHHHHPPPPHPPHPPPPPHHPPHHPPHHPPP
308,HPHHHHHPPHPHHHPPPHHPPHHPPPHPHPPPPPPHPPPH
309,HHPPPHPHHHPHHHPPHPPHHPPHPPHHHHPPPPHHHHHP
310,PPPPPPHPHPHPPHPPPHPPPPHHPPHPHPPPHPPPHHPH
311,PPPPHHHHHHPHHPHPHHPHPPHHHHHPPHPHPPPHHPPP
312,PHHPHPHHHHPHHHPHHPPHHPHHPHPHHPHPHPPHPPHP
313,PPPPHPPPHHPHPHPHPHHPHPPHHPHHHPPHPHPPPHHH
314,PHPPPPHHPHPHHPHPPPPHPHHPHPPPHPHPHPHPPHPP
315,HPHHPHHHHHPHHHPPPPPHPPPPPPPPPHPHHPHHPPPH
316,PPPHPPHPPPPHHPPPPHPPHHPHPHPPHPHPHHPHPPPP
317,PHPHPPPHHPHHPPPHHPPPPHHPPPPPHPPPHPHHHPHP
318,HHPHPPHPPPPPHHHPPPHHPHHPHHHPHPHHHHPHHPHH
319,HHPHPHPPPHPPPHPPPHHHHHHPPHHPHHPPPPHHPHPH
320,HHPHPPHPPPPPPPPPHHPPPHHPHPPPPPHPPHHPPPHH
321,HPHHPHHPHPHHHPHPHHHPHHPHPHHPHPHPHHHHHHHH
322,PPHPPPHHPHHPHPHHPHHPPPPPHPHPHPHPHPPHHPPP
323,HHHPHHHHHPHHPPHHHPHHHHHPPHHPHHPHPPHPPHHH
324,HHHHHHHHPHPPHHPHHHPHPPHPPPHHHPPHHHHPHHHH
325,PPPPHPHPPPPPPHPHHHHPHPHPPPPHPPPHHPHPHPPP
326,HHHPPPPHHPPPHPPPHPHPHPHPPHHPPPPPHHHPHPHP
327,PPHPPHPHHHHHHHPHPHHHHHPPPHPPPPHHPPPHPPHP
328,HPHPHPHHPPPHHPHHHPPHHPPHPHPHHHPPHPPPHHHH
329,PHHHHPHHHPPPHHPPHPPPHHPPHPPHHHPPPHHPPPHH
330,PHPPPHHHPHPPHHHPHHPPHPHHHPHPPPHPPHHPPHHP
331,PHHPPHHHPPPHHHHHHHHHHHPHHPHHHHPHPPHPHPHP
332,HPHHPHHHHPPPHHHPHPPHHHPPPHPPHHHPPHHHHPHH
333,PHPHHHPHHHHPHHHPHPPHHPPPPHHPHHHPHHPHHPPH
334,HHPHHHHHPHPHHHPPPHPHHPPHHPHHPHPHPPHHHPPH
335,PHHPHPHHPHHHHHHPPPPPPPPPPHHPHPHPPPPHHHPH
336,HHHHHHHHPHHPPPPHPHPPPPHPPPHHHHPHPHPHPPHP
337,HHHPPPPHHHPPPHHHPHPPHPHPHHHPPPPPPPHPHHPH
338,PHHPHPPHHPHHPHPPHPPHPHHPPPHHHHHHPPHPHPPH
339,HHHHHPHHPPHPHHHHHPHPHHPHHHHPPHHHPPPPHPHP
340,PHPHHHPPPPPHHPHPHPHPPHHPHPHPHPPHPHPHHPPH
341,PHHHHPPHHPPPHPPPHHHPHPPPPPHPPPHPHHHPHHPH
342,HHHHPHPHHPPHHHPHPPPPHPHPHHHPPHHPHHHHHHHP
343,PHHHHPPPHPPHHPHPPPHPHHHPPHPPHPPHHPHHHHHH
344,PPPHHHHPPPHPPPPPPHPPHHHHHPHPPHHPPHHHHPHH
345,HPPHHHHHHHHHPHHHPHHPPPPPPHPHHPHPPHHPHPPP
346,PHHHHPPPHHPPPHHHPPHHPHHHPHHPHHHHHHPPPPPH
347,HHHHHHPPHPHHHHPPHPPHHHPPHHHHPHHPPPPHPHHH
348,PPHPPPPHHPPHPPPHHHPHHHPHHPPHPHPHHHPPHPHH
349,HPHHPPPHPPHHPHHPHHHPPHHHPPPHPPHHHHHHPHPP
350,HPPPHPHPHPHHHPHHPPHPHPHHPPPPPPPPHHHPPHPP
351,PHPHHPHPHPHPPPPPPHHHPPHPPPHPPHHHPPHPHPPH
352,PPHHHPPHPPHPPHPPPPPPHPPPPHHPHPHPHPPPHHHH
353,PHPHPHPHPPHPPHPHPHHHHHPHHPPHHHPPPPPPPHHH
354,PHHHPHPPHHPPPPHPHHHPHPHHHPHHPHPPPPHPPHPP
355,HPHPHPPPPHPHPPPPHPHPHPPHHPHHPHPPPPPPHPHH
356,PHHHPPHHHHHHHPHHHHHHHHHHPPPPHHHHPHPPPPHP
357,PPPHHHHHPPHPHPHHPPHPHPHHHHPHHPPHHHPHHPHP
358,PHPHHHHHHHPPHPHHPHHHPHHHPHHHPPHHHPHPPPHP
359,PPHHHHHPPHHPPPPPPPPHHPHHHPPPHPHHHHHPHPHH
360,PPPHPHHPPHHHHPHPHPPHHPPHPPPHPPPPPPHPHHHH
361,HHHHPHHHPHHHHHPHHPHHPPHPHPPHHHPPPPPHPHHP
362,PHHHHPHHHPHHPPPPHPHHHHPHHPHHHHPHHHPPHHPH
363,PPHHPPPHHHPHHHPHHPHPHHPHHPPPPPPPHPHHHPPP
364,PPHHPHHHHPHHHPHPPHHHHPHPHPHPHPPHHHHHPPHH
365,PHPHHPPPHHHHPHPHHPHPHHHHHHHHHHHPHPHHPPHH
366,HHPPPPPHPHHHPPPHHPHHPHHPHHHPHHPHHHPHHHHH
367,PPPHPHPHHPPPPHHHHHHPPPPPHHPHPPHPHPHHPHHH
368,PPPHPPHPHPPHHPPHPHHHHPHPHPPHPHPHPHHHHHPH
369,HPPPPHHHPPHPPPPHPPPHHHHPPHHHPHHHHPPHHHPP
370,PHPPHPHPPPHHPPPPPPPPPHHPHPHPHPPPHHPHHHPP
371,PPPHHPHHHHPPPPPPPPHHHHHPHPHHHHHPHHPHHHPP
372,HHHPHPHHHHPHPHHPHHPHHHHHPPPPPPHHPHHHPPHH
373,PHHPPHPPHHHPPHPPHHHHHPHHPHPHHHPPHHHHHPPP
374,HHPHHHHPHPHPHPPPHHHHHHHPHPPPPHHPPHPPHHPH
375,PPPHHPHHHPPHHPHPHHHPPPHPHPHPHPHPPHPPHPPP
376,PHHHPPHHPPPHPPHHPHHHHPHHPPPPHPPHHPPPHHPP
377,PHHHPHHHPPHPPPHHHPPPHHHHPPHPHPHHPHPPHHHH
378,PHHHHHHHHPPPPHHPPHHPHPPPPHHPPPPPPHHHPPPP
379,PHHHHHPPPPPPHHHPPPHPHHPPPPPHPPPHPPHPPHPH
380,PHPPPHHPPHPPHHHHPPPPPPPPHPHHHPHPPHHHPPPH
381,HPHPPPHHHPPPHPHPHPPHHHHHHHHPHHHHHPPPPHHH
382,PPPPHPPHHPHPHPPPHPHHHHPHPHHPPHHPPPPHPPHP
383,PPHPPHPPPHPHPPPHHPHPHPHPHHHHHHPHHPPPHHHP
384,PHHHPHHPPPPPPHHHPHPPPHHHPPPPHPHHPPHHHPHH
385,PPHHPPHPHHPHPPHPHPHPPPHPPPPHHHPHHPPPHPHH
386,PHHPHHPHHPPHPHPHHPPPHPHHPPPHHHPPPPPHHPHH
387,PHPPHHHHHHHHHPHHHHPPHHPPPPPPHPPPPPHHPPPP
388,HPHHPPPHPPHPHPPHPHHPPPPPPHPHPPHPHHPHPHPH
389,PHPPPPPHPPPHPHPHHHHPHPPPPHHHHHPHHHPHPHPH
390,HHHPPPHPPPPPPHPPHPHPPPPHHPHHHHHHPHHHHHPP
391,HHPPPPHPHPHHHHHPHPHPPHPHHHPHPPPPPPPHHPHP
392,HHPHHPPHHHPHPHPPPPPHHPHPPPHPHPPPHPHHHHHH
393,PPHHPPHPHPHPPHPPPHPHPPPHPPPPPPPHHPPPHHPP
394,PPPHHPHPPPPPPPPHPPPPPHPHHPPHHHPHHPPHPPPP
395,HHHPPHPHHPPPPHHHHHHPHHHPPPHPPPHHHPHHPPHH
396,HPHHPPPPHPHHPPHHHPPHHHPPHPHPHHPPHHHPPPPP
397,HHHPHPPHPPPPPHPPPHHHHPPPPPHPHPHHHPHHHPPH
398,HHHHPHPHPPPPHPPHPHHPHHHPHHHPPHPHHPPHPHHP
399,HPPHPHHPHHPPPHHPHHHHPHPPPPHHPHPPPHPPHHHH
400,HHPHHHHHPHHPHHHHPHHPPHPPPPPPHHHPHPPHHHHH
401,HPHHPPHHPHPHHHHPHPPPPPHHHPPPHHHPPHPPPPHH
402,HHPPPPPPPHPHHHPPHHPHPHPHHPHHPPHHHPHHHHHP
403,PPHHPHHHHHHPHHHPHPHHHHHPPPHHHHHPPHHHPPHP
404,HHHPPPPPHHHHHHHHHHHPPHPPHPHPHPPHHPHPHHPH
405,PPPHPHPPPPHPHPHHHHPPPHPHHHPPHPHHHPPHHHHH
406,HPPHPPHHHHHHPPPHHPPPHHHHPHHHHPHPHPPHHHHP
407,PHPPHPPPPHPPHPHHHPPPPPHPHHHPPHHHPPHPPHPH
408,HPHHPHHHPPPPHPHPPPPHHPPHPHHHHHPHHPHPHHPP
409,HHHPPPHHHHPHPPHPPHPPPPHHHHHPHPPHHPPPPPHP
410,PHPHPHHPHHPPHPHHHHPPPPHPHPHHPHHHPHPPHHHH
411,PPHHPHHHPPHPPHHHPHPPPHPPHHPHPHHHPHPPHHPH
412,PPHPPHPHPPPPHHHHHPHPPHHHPPPPPPHPHPPPHPPH
413,HPHPHHPHHPHHHPHPHHHHHPHPHHHHHHPPPPHHHHPH
414,HPPPHPHPHHHHHPPHPHPPPHPPPPHHPHHPPHHHPPPP
415,PHPHPPPHPPHHPHHHPPPPHHPHHPPHHHPPHPHHPHPH
416,HHPHPPHPPHPHHPHPPPPPPHHPPHPHHHHPHPHHPHPP
417,HPPHPHPHHHPHHPPHHPHHPHHHPHHPHPHPHPHPHHHP
418,PPPHPPPHPHPPHHHPHHPPPPHPHHPPPHHPPHHHPHHH
419,PHPHHHHPHHHPPHHHPHPPPHHPPHPPHHHHHPHHHHHP
420,HPPPHHPPHHPPHHHPHPHHHPPPPPPPPPPHPPPHPPPP
421,HPPHHPHHPHPHPHPHPPHPPPPPPHHHHHHHPPHPPPPH
422,PHHPPPPHHPHPHHHPPPHHHHHHPPPHHPHPHPHPHHPP
423,PPHPPPHPPHHPPPHHHPHPHPHPHPHPPHHPHHHHHHHP
424,PHPHHHHPPPHHPHHHHHHHHPHHHPHPHHPHPPHPHPHP
425,PPPPPHHPHHHHPPHPPPHPHPHHHHPPHHPPPHHPPHHP
426,PPPPPPPPPPPHPHHHHHHHPHPPPPPPHHPHHPHHPHPH
427,HHHPPHHHPPPPHPHHHPPHHPHPHPPHHPPPHHPPHHPH
428,HHPHHPPHPHHHPHPHHPPHHHHPHPPPHPPPHPPHHPHH
429,PPPHPPPHHPPHHPPPPPPPPPHPPPHPPHHHPHHHHHHP
430,HPPPHHPPPHHHPHHPHPHPHPPPPPPPHHPPPHHHHHPH
431,PPPHPPHHPPPPHPHHHHHPPHHHPPPHHHHHPHPHHPHP
432,HHHHPHHHHHPPPHPHPPPHHPHPPPPPPPPHPPPPHHHH
433,PPPPHPPHPPPHHHHPPHPHPPPPPPHPHHPHPPPPPHHH
434,HHPHHPPHHHHHHHPHHHHPPPHPHPHHHPPHHHHHHHHH
435,PPHHPHHHHPHPPHHPHHHPHPPHHHPPPHHHHHPPPHHH
436,PPPPPHPPPPHPPPPPHHPHHHHPHPPPHPPHPPHPPPHP
437,PHPPHPPPHPHPPPHPPPPPPHHPHPHHPPHHHHPHPHHP
438,PPHPPHPHHPPPPPPPPPPPHPHHPHPPHPHPHPPPPHPP
439,PPHHHHHHHPPHPHHPPHPHPHHHHPPPHPHPHHPHPPHP
440,HPPHPHHHPPHPHPPHPHPHHHPPPPHPHPPPPPPHPHPP
441,PHHHPPPHPPHHHHHHPPHPHPPHHHPPHPHHHHHHHHPH
442,PHPPPPHHPHPPPPHHHHPPPHPHHHHPHPHHPHPPPPPH
443,PHPHHPPPPPHHHHPHHPPHPHHHHPHHHPPHHPHHHPHP
444,PHPHPPHPPHHPHHHPHPHPHPHHHHHPHPPHPPPHHPHH
445,HHPPHHHPPHHHHHPHHPHHPHPPPHPHHHHPHHHPHHPH
446,PPHPHPHHHHPHPPPPPPPHHHPPPPHHHHHHHHPPPPHH
447,PPHPHPPPPPHHPPHHHHPHHPHHPHHHPPPPHHPHHPPP
448,HHPPPPPPHHPPPHHHPHPPPPPPHHHPHPPPPPHPPHPP
449,PPPPPHHPPHHPHPHHPPPHHHHPPPPHHHHPPPPHPPHH
450,PPPHHHPPPHPPPHPHHHPPPPHPHPPHPPHPHPPHHHHH
451,HHPPPHHHPPHPHHPPPHPHPPPPHPPPPPPHPHHHPHHP
452,PPPHHPHPHHPHPHPHHPPPHPPPPPHHHPPHPPHHHPHH
453,PHHPPHHHPHHPHPPPPHPHHHPPHPHHHHPPHHPPPHHP
454,PHHPPHHPHHHHHHPPPHHHHPHPHHHHPPHHPHPHHHHP
455,PPPHHPHPHHHHPHHPHPHPHPPHHHPHHPHPPPHHHHHH
456,HHHHPPHPHPPPPHPPHHPHHPPPPPPPHHHHHPHPHHPH
457,HHPPPPHHHPHPPHPPPHPPPPHHHPPPPHHHPPHPPHHP
458,PHHPHHHHPHPHPHPPHPHHPHPHPHHHHHHPPPPPPPHH
459,HHPPPPPPPPPHHPHHHPPPPHHPHHPHHPHHHPHPHPPH
460,HHPPPHPPHHPPHPHHHHPPHHHPHPPHPHHHHHHHPHHP
461,HPHPPPHHHHPHPHHHHPHPHPHHPHPHHPHPHPPHPHPH
462,HPPPPPPPPPPHHPPPPHHHHPPHPPHPPHPHPPHHPHPP
463,PHPHHPHPHPPHHPHHHPHHPPPHPPHHPPPPHPHPHHHH
464,HPHPPHPHHHPPPHPPHHPPHHHHPPPHPPHPPPHHPHPP
465,HPHHPHHHPHPHHPHPPHPPHHPHHHHPPPPPHHPHPHPH
466,HPHPPPHPPPHHHHPHPPHHPHPPHPPHPHPHHHHPPHHP
467,HHHPHHPHPHHHHHPPPHHPHHHHHHHPHPHHHHPHHHHH
468,HPHHPPPPHHHHHHHHPPHHHPPHHPPPPPHPPHHHPHHH
469,PHHHHHPHHHPPPHPHHPHPPPPHHHPHPPHPPPPPPHPP
470,HHHHHHPHHHHHHPPPHHHHHPHHPHPHPHPPHHPPPHPP
471,PPPHPPPPPPHPHHPHHPPPPPPHHPHPHHPPHHHPHPHP
472,HHHPHPPPPHPPHHHPPPPHPHPHHPPPHHHHHPHHPHHH
473,HHPPPHHPHPPPPPHHPHHHHHHHPHHHHHPHHPPHPPHH
474,HHPPHPPPPPHPPHPPPHPPHHPHPHHPHHPHPHPHHPHP
475,HPPHPHHPHPHPPPPHHHHHHHPPHHHHHPPHPHPPPHPH
476,PPHHPHPPPHHHPHHHHPHPHHHHHHPHHPHHPPHHHPPP
477,PHHPPHPPPHHHHPHPPHPPHHHHPHHPPHPHPPHHPPPH
478,PHHHHPPHHHHHPPPPPHHPHPPPHPPPHPPPHHPHHHHP
479,PPHPPPPHPHPPHHHPHHPPPHHHHHPPHPHHPPPHHHHH
480,HPPHHHPHHHHPPHHHHPHHPPHHHPHPPHPPPPPHPPPP
481,PHHPPPHHPPHHHHHHHPPPPPPHPHPPPPPPPHPHPPHH
482,PHPPHPPPPPPHHHHHHPHPPPHPHPHPPPPPHPHHPPHH
483,PHPHPPHPPHPPPPHPHPPHPHHHHPHHPPHHHPPPHPPH
484,PHHPHPHPPHHPHPPHPHPPPPPPPPHHHHPPPPPPHPHH
485,PPHPHPPPPPPPHHPHHPPPHHPPPPPHHHHHPHHHPPHH
486,PHHPPHHHPPPHHPHPPHPPPPHHHHPPPHHHPHPHPHHP
487,HHHPHPPHPHPPPHHPHHHHPPPHPHPPHHHPHHPHPPPP
488,PPPPPPPHHPHHPPHPPPHHHPPHPHPPHHPPHPPHPPHH
489,HHHHHHPHHPHHHHHHHPHPHPPHPPPPHPHPHPHHPPPH
490,PHPHHHPPPPHHPHHPHPPPHPPHPHPPPHHHPHHPHHHP
491,HPPHHPPHHHPPPHHHHHHHPHHPPHHPHPHHHPPHHPHH
492,PPHPHPPPPPHHHPHHPPHPHHHPPHHHHHHPHPPHHPHP
493,PHPHPHHPHHHHPPHPPPHHHPPHPHHHHPPPHHHPHHPP
494,HPHPPHHHHPPPPHPPHHHHHPPHPHHHPHHHPHPHPHPH
495,PPPHPPPHHHHPPHPPPPHHPPHPHHHPHHHPHHHHHHPP
496,HHPPPPHHHPHHHPHPPPPHHHPHPPPPPHPHHPPPPPPP
497,HHHHHPPHPPHPHHHPHHHHHHHHPHHHHHPPHHPPHPHH
498,HHPHPPHPHHHHHHPPPPHHHPPHPHPHPPPPPHPHPHHP
499,PPHPPHPPHHPHPPHHPPPPPHPHPHPPHHHHPPPHPPPP
500,HHPPHPPHPHHPPHPPHHPHPHPPHPPHHPHHHHPPHHPH
501,HHPHHHPPPHPPPHHHHPPPPHPHHPHHPHHPHHPPHHPH
502,PPPPPHHHHPHHHPHHPHPPPPHPHPPHPPHHPHHPHPPP
503,PHHPPPHHHPPPPPPHPHHHHHPHHHPPPPHPPHPPHHHP
504,PHPPHPHPPPHPHHHHPPHHPPPHHHPPHHPHHPHPHPHP
505,HHHHHPPPHPHPHPHHPPPHHHHPPPHPPPHPPHPPPHHH
506,HHPPHPHPHPPHHPPPPHPPPPPHHPHPHHHPPPHHHHPH
507,HHPHPPHPPHPPPPPHHPHHPPPPHHPHHHPPHHPHHHHP
508,PHHPPPHPPPHPPHHPPPHPPHPHPPHPPHPPPPPPHPPH
509,HPPHHPPPHHPHHPHPHPPPPPPHPPPPPHPPPPPPHPPH
510,PHPPPHHHPPHPPHHHHPPHHPHHHPHPHHHHPPHHPHPP
511,PHHPHHHHPHHPHPPHHPHPPPPPPHPHPPHHPPHHHPPH
512,PHPHHPPHPHHPHHPPHPPPHPHHPPPHPHPPPPHHPPHH
513,PHHPHPHHHPPPPHHPHHHHPPPHPHPHHPHPHPPHPPPP
514,HPHPHHPHPHPHHHPHHPHHPPPHPHHHHPPPPPPHPHHH
515,PHPHPPPPPHPHPHHHHPPPPPPHPHPPHPPHHPPPHPPH
516,HPHHHHPHHPPPHHHPPHPHPPHHPPPHHPHHPPPPHPPH
517,HHHHHHPPHHHHHPPHHPPHHHHPHPHPPHHHHHPPHHHP
518,PHHPPPPPPPHHPPPHHPHPPPHHPHHPPPPHHHHHPHHH
519,HHPPHPHHPPHPPHHHHHHHHPHHPHPPHPHPPHPHHPHP
520,HPHHHHHHPHHHPPPPPHHPHPHHPPPPHHHHPPPPHHHH
521,PHPPHPHPHPHHHHPPPPHPHPHHHPHPHHPHHPHHHHHH
522,HHHHHHPHPHHHHHPHPPHPPPHHHHHHPPHHPHPPPPPP
523,HHHPPHPPPHHHHHHPHPHPPPPPHHHHPPPHPHPPHHHP
524,HPHHPHHHHHPPHPHPPPHPHHPHHHPHHHHPPHHPPHHP
525,HPHHPPPPHHPPHHPHPHHPHPPHPPHHHPPHHPPHHPHP
526,PHPHPHHHPPHHHHHPHHHHHPHPHHHHHPPPHPPPPHPH
527,PPPHPPHHHHPHPPPPHPPHPPPPPHHPHHPHPPHPPHPH
528,HHHHPHHPPPPPPHHHPHHHHPHPPHHPHHPHHHHHPHPP
529,HHPHPPPHPHHHHPPHPHHPPHHPPPPHHPPHPHHPPHPH
530,PPPHHPHHHHHPHPPHPHPPHHHHPHHPHPHPPHHPPHPP
531,HHHHHHPHPPHPPHPPHPHHPPHPHHHHHHPPPPHPPHPH
532,PHPPPPHHHPHPHHPHHPHHHHPHHPHHPHPPPPHHPHHP
533,HPHPHPHHPPPHHPHPPHHHHPPPHHPHHPPPPPHPPHPP
534,HHPPHHHHPHPPPPPHPHPPPHPHHHHHHPPHPHPHPPHP
535,HPPPHHPPHPPPHHPHPHHHPHHHPHPPPHPPHPHPHHPP
536,HHHPPHPPHPPPHHHHHHPPPPHPHPPHHHHHPPHHPHPH
537,HHPHPPPPPPHHHHHPHHHPHHPHPHHPHHHHHHPPPPHH
538,PHHPHPHHPHPHHHHPHPHHHHHHPHPHHHPHPHHPHPPP
539,PPPPPPHHHPPHHHHPHHHHHHHHHHHHHPHHPHHPHPPP
540,PHHHPHHHHPPPPPPHPPHHPHPHPHHHHPHPHHHPPHPP
541,PPHHPPHPHHPHHHHHHPPHHHPHPHPHPHHPPPHHPPPH
542,PPPHPHPHHPPPPHHPHHPPPHHHPPPPHPHHHPHPPHHP
543,PHHPHHHPHHPPHHHPPHPPHHHHHPHPPPPHPPHPPHPP
544,PPHPPPPPHPPHPPPPPPHHHHPPHPHHPPHPHHPHHHHP
545,HHPHPPHPHHHHHPHPHHPHPHPPPPHPHHPPPHPHPPPP
546,HPPHPHHHHHHHPPPHPPHHHPHHHHPHPPHPPPHHHPPP
547,PPPPHHHPHPPHHPHHPPPHHPPPHPHHHPHHHHHPHPPH
548,PHPPHHPPHHPHPPPPHHPHHHHHPPHPPPHPHHHHHPPH
549,HPPPPHPHPHPHHPHHHHHPPPPHHHPHPPHPHPPPPPPP
550,HPPHPPPHPPPPHPPHPHHPHHPHPHHPHHHHPPHPPHPP
551,HHHHPHHPPPPHHHPHHHHHHHPHPHHPHHPHPPHPHHPH
552,PPPHPPHHPHPHHPHPHPPPHPPHPPHHHHPHPPPPPHPH
553,PPHPHHHPHPHPPPHHPPPPHHPPPPHPHHPHHHHHHPPP
554,HPPHHPPHPPPPPPPPPHPPPHPHPPPHPHPHPHHHHPHH
555,PHPPPHPHHHPHPPPPPHHHHHPPPPPHHHHPPPHPHPPP
556,HHPHHHPPHPPPHPHPHPPHHHPHHHPPHPHHPHPHPPPH
557,HHPPPHPPHPHHHHPPHHPPPPHHPHPHHHPPPPHHHHHH
558,HHPHHHPPPHHPPPPHPPHPPPPHHHHPHPPPPPPPHPPH
559,HPHPPPPPHHHPHPPPPHPHHHHPHPPPPHPHHPHPPHHP
560,PPHPPPPHPHHHPHHPHPHHPHPPHPPPHPHPHHPPHPPP
561,HPHHHHHHHPPPPPPHHPHPHHHPPPPHHHHHHHPHPHHP
562,PHHHHHPPHPPPPPPPPPPPPPPPPPPPPPHHPPHHHHPH
563,HHPHPHPPHPHHHPHPHPPPHHPHPPHPPHHPHPPPPHHP
564,PPPHHHPHHPPPHPHPHHPHHPPPPPPHHHHPPPHHHHPP
565,PPPHPHPPHPHPPHPHPHHPPHPPPPPHPHHPHPHHHPHH
566,PPHPPHPPHHHPPHPPHHPPHPPPPPPPHHHPPHHHHHHH
567,HPHPPHPHHPPHPHPHHHHHHPPHPHHPPPHHHHPPHPPP
568,PPPHHHHHPHHPPPHHPHHHPHHHHPPHHPPHPHPHPHHP
569,HPPHHHPHHPHPHHPHHPPPPPHPPHHPHPHHPPHHHHHH
570,PPHHPHPPHHPHHHPPHPPHPHHHHHHPPHHPHHPHPHHP
571,HHPPPPHPPPPPHPPHHPPHPPPHHPPHPHPHHPHHHHHH
572,HPPPPHHPHPPPHPPPPPPPPPHHHPPHHPPPPHPHHPPH
573,HPPPHHPPHHPPHPHHHHPPPHPPPHPHHPHHHPHHPPHH
574,HPPPHPPHHHHPPPHPPHHHPPPHHHPPHHPPHHPPPHPP
575,HPHHPHPHPPPHHPPHHHPHPHHPHPHPHHHPPPHPPHHH
576,HHHPHHPPPHPPHPPHPPHHPPHPPPPPHPPPPHPPHHPH
577,HPPHPPHHHPHPPPPPPPHPHHPHPPHPHHHHHPPPPHHH
578,HPHPHPPPPHHHHHPPPHHPHPHHPHHHPPHHHPPHHPPH
579,PPHHPPHHHHHHPPPPHHHHPPPPPPPPHHHPPPHHHPHP
580,PPPHPPPPHHHHHPHPHHPPPHPHPPPPHHHHPHHPPPPP
581,PHHPPPPPHPPPPHHPPHPHHHHPPPHHPPPPHPHPPHHH
582,PPHHHHPPHPHHPHHPHPHHPHHPPPPHPPPPHPPPPHPP
583,PHPHHHHPPPHPHHHHPHHHHHHPHPPPPPHHPPPHPPHP
584,HHHHHPPHHHHHHHHPPHPHPHHHPHPPHPHHHHPHPHPH
585,HHPHHPHPPHHPPPPHPPHPHPPHHHPPHHPHPPPPHPHH
586,PPPPPPPPHHHPPPHPHPPPPHHHHPHPPPHPHPPHHHHH
587,PHPHHPPHHHPPHHPPHHPHHPPPHPHHPHHHPPHPHPPH
588,HHHPHHHPPPHPPPPPPPHHPPHHHPPPPHPHPHPPPHPP
589,HPHPPPHHHHHHHHHHPPPHPHHPPPPPHPHPPHHHHHHH
590,PHPPPPHHHHPHHPHHHHPHPPPPPPHHPHHPPHPHPHPP
591,PHPHPHPHHPHPHHHPHHPHHHPHPPPPPPHHHHPHPHHP
592,HPPPHHPHHHPPPPPPPPPHPPHPPPPHPHPPPPHPHPHP
593,HPPHPHPPHPPHHPPHHHHPHPPPHHPHPPPPHPPPHPPH
594,PHPPPHHPHHHHPHPHHPPPPHPHPHPPHHHHPPHHHHPP
595,PHPHHPHPPPPHPHPHHPHPPPHHHHPPHPHHHPHHPHPH
596,PHHHHHHHPPPPPPHPPPHHPHHHHPPPHPPHHPHPHPHP
597,PHPHHPPHHHHHHHHPPPPPPHPHHPHPHHHPHHHPPHHP
598,HPHPPHHPHHHHHPPPHPHHPHPHPPHPHHPPHPPHPPPH
599,PPPHHPHHHPHHPPHHHPHHHHPHHPHPHPPHHPHPPHPH
600,HHPPHHPHPHHHHHPHPPPHPHPPPHPPPHHHHPPHPHPP
601,HPPHPPHHPHHPPPHPPHHPHPHPPHPPPHHHPHPHPPPP
602,PHHPPPHPHPPHPPPPPHPPHPHHPPPHPPPHPPPHPHHP
603,PHPHHPHHHHPHHPPPPHHHHHPPHHPPPHHPHPPPHHHP
604,HHPHPHPHPPHPHPHPHPPPHPHPHHHPPHHHPPPPPHPH
605,PPPPPPHPPHHHPHHHPHPPHHPHPHHPPHPPHPPHPHPP
606,PPHPHHHPPPPPHHHPHPPPHHPPPHHHHPPPHHHHHPHH
607,HPHPHPHPHPHHHPHHPHHPHPPPPPHPPHHPHHPPHPHP
608,HHHHHHHPHHHPPHPHPPPPHHHHPPHHPHHHPPPPHHPH
609,HPHHPPPHHHHPHHHPHPPPHPPHPHHHPPHPHPHPPHHH
610,PHHPPHPHPHHPHPPPPPPPPHHHHHPHPHPPPPPHHPHH
611,HPHHHHHPHPPHHPHPHPPPHHHPPPPHHHHPHPPPHHHP
612,PPHHHHHPPPHPPPHHHPPPHHHHHPHPHHPHPHHPPPPP
613,PPPPHHHHPPHPPPPHHHPPPPHHPHPHPHPHHHPPHHHH
614,PHHHPPHHPPHPPPHHPPPPHPPPPPPHHPPHHPHHHPHH
615,HPPHPPHHPHHPPPHPHHPHHPHHPHHPHPHHPHPPPHHH
616,HHHPPPHHPPPHHHHHPHHPPPHPHPHHPHPHHHPHHPPP
617,HPPHPPPHHHHPHHHPHPHHHPHPPHPHPHPPHHPHPPHH
618,PPPPHPHPPHPPPPPPHHHHPHHPPHHHHPPPPHPPHPHP
619,PPHPPPHPPHHPHHHHHPHHHPHHPHHPHHPHPPHHPPHP
620,HPPPPHPHPHPHPHHPPPHPPHPHHPHHHHHHPHHPPPPP
621,PHPHPHPHHHHHHPHHPPHPHPPHHPHHPHHPPPHHPHPP
622,HPPPPPPHHHPHPPPHPHHPHPHPPPHHHPHPHHHHHHHP
623,HHHHHPPHHPPPHHHPPPPHPPPHHPHPPHHHPHHHPPPP
624,HHPPHHHHHHHPPHPPPHPHPHPHHHHHHPHHPPHHHPHH
625,HPHHHPHHHPPHHHPPPHPPHPHPPPPPPHPHHPHHHHPH
626,HHPPHPHHHHHHHPPHPPHPPPHPHHPPHPPPHHHHHHPH
627,HHPPPPPPPHHHHHPHPPPPPPHPPHPPPPHPHHPHPPHH
628,HHPHHHPHPHHPPPPPHPHPPHPHHHPPHHPPPPHHPHHP
629,HPPHHPPHPHHHHHPHPPPHHHHPHPHHPPHHPPPPHPPP
630,HHPHPHHPHHPHPHPHHPHHPHHPHHPHHHHHPPPPPPPP
631,HHHHHPPHPPPHHPHHHPPPPPPHPHHHPPPHPPPHPPPP
632,HPHPHPPHHPPHPPHHHPPPPHHHPHHHPHHHPPPPPPPH
633,HHHHPPHHHPHPPPPHHHHHPPPPPHPPPHHPPHPPHHHH
634,PPPPHHPPHPHHPPHHHPPHPHPHHHPHPHHPHHHPPPHP
635,HHHPPPHPHPHHHPPPHHHPPPPPHHHHPHHPPPHHHHHH
636,HPHPPHPHPHHPPPHPPPHPHHPPHPHHPPPPHPHHHPPP
637,HHHHHPPHPHHPPHHPPHHHPPHPPPHHPPPPHHHHHPPP
638,HPHPHHHHHHHPHPHPPHPPPPHPPPPPPHHHPPPHHPPP
639,HPHPHHPHHHHPHHHHPHPPHPHPHHHHHHPPHHPHHHHP
640,HHPPHPHPPPHPHPPHHPPPPHHPHHHHPPPPPHPPHPHP
641,HPPPPPPHHPHHHHHHPHPPPHPPPHHHPHHHHHPPPHPP
642,HPPPPHHPPHPPPPPPHHHHHHPPPPHHHHHPHHPHHPPP
643,HPPHHHPPHHHPHHHPPHPPHHPHHPPPHHPPPHHPPHHP
644,HPPPPHHPPPHPHPPHPPHPHPPHHPPHHHPPPHPHPHPP
645,PPPPHHPPPPHPHHHHHHHHPHPPHHHHHPHPHHPHHPHH
646,HPHPHPHHPHHHPPPHPHHPHHHHHPHPPHPHPHPPPPHP
647,HPHHHPPPPPPHPPHPHPHPPHPHPPHHPPPPHPPPPHHH
648,PHHHHHPHHHPPPHPPPHPPPHPPHHPPHHPPHPPPPPHP
649,HHHPPPHHHHHPHPPPHPHHPHHHHPPHHPHPPPHPPHHP
650,PHPPPPPHHPPHHPHPPHHPPHHHPHHHPHPPPHHHHPHP
651,PPHHHHPHPHHHHHPHHHPHHPHPPHPHHHHPPPHHHPPP
652,HPPHPHPPPHPPHPHPHPHHPHHPHHHPHPPHHHPHHPHH
653,PHHHPHPHHHPPPHPPPHPHHHPPHPPPHPPPHHPHHHPP
654,PPHPHPPPHHHPPPHHPPPHPHPPPHHPPPHPPPPPHHPP
655,PPPPHHPPHHPPPPPPHPPHPPPHPHPPPHPPHPPHHPPH
656,HHHHPPHPPHPPHPHHPHHPPHHPHPPPPHPPHPPHHPHH
657,PHPPPHPHHPPPPPHPPPHHHHPPPHHPPPPHPHPPPHPH
658,PHPHPHHPHPPHHHHHPPPHPHHPPPHPHHPPPHPHPPPH
659,PHHHPHPHHHPHHHHPPPPPHPHPPHHHPHHHPPPHHPPP
660,PPHPPPHPPHHHHHHHHPHPPPHPHHPHHHHPHHHPPHHP
661,HHHHHHHHPHHHPHPPHPHHPPHPHPHPPHPPPPHPPPPP
662,HHPHHHHHPPHHHPPHPHPHPPHPHPPPHPHHPHHHPPPP
663,HPHPPHPHPPHPHHHHHHHHHPPPHHHHHPHHPHHPHHHH
664,HPPHPPHPPPPPPPPPHPHHHHPHHPHHHPHHHHHPHHHP
665,PPPHPHHPPPPPHPPHHPPHPPHHPHPPPPHHHHPHPHHH
666,HHPHHHHPPHHHPHPHPHPHPHPHPPHHHHHPPPPHHPPH
667,HHHHHPPHHPPHHHPPPHPHHHHHPPPPHHPPHHHHPHPH
668,PPPPPHHPPHHHHHHPPPPPPHPHPPHPPHPHHPPPPHPP
669,HPHHPHHPHPPHHPHHPPHHHHPHHHPPPHHHPHPHHPPP
670,PPHHPPPHHHHPPHHPHPPHHPHPPHHPHHPPPHHHPPPP
671,HPPHPPHPPHPHHPHPHPPHHPHHHHPHPPHPHHHPPHHP
672,HPHHHHPHHPPPPPPHHPPPPHHPHPHHHHPPPHHHHHHP
673,HPPHHPPHHPHHPHPPHHHPHHPPHPPHPHHHHPPPHHPP
674,HPPPPHPPPPHPHPHPPPHPPHPHPPPPPHHPPPPPHPHH
675,HPHHPHPPPHPHPPPHHPPPHPPPPPPPHPHPPHPPPHPP
676,HHHPHHHPPHPPPPHPPPHHHPPHHPPPHHPHPHHHPHPP
677,PHHHHHHPPPHPHHPPPHPHHHHHHHHPPHHHPPPPPHPP
678,HHPHHHHHPHPHHHPPHHPPHPHHHHHHHPPPHPPHPHHP
679,PHPPPPHPPHHPPHHHPPPPPHPHHPHPPPPHPPPHHPPP
680,HHPHPHPPPPPPHHHPHPPHPPHHPPHPPPHHPHHHHHPP
681,PPHPHPHHHHHHPPHHPPHPPHHPPPPPHPHPHHHPPHHH
682,PPPHHPHHHPPHHPPPHHPPPPPHPPPHPPPPHPPHHHPP
683,PHHPHHPHHHHHPHPHHPPPPPHHHPPPPPHPPHPHPHPH
684,HPPHHPHPPHHHPPPPHPPPHPPPPPHPHHHPHHPHHPPH
685,PPHHPHHPHHPPHHPHHHPPHPPHPHPHPHHHHHHHHPHP
686,HPHHHPHPHPHPPPHPPPPPPPPHPPHPPPHHHPHPPHPH
687,PHPPPPHPPPPPPPPHPHHHHHHPHHHHHHPHHHPHPPPH
688,HPPHHPPPHHHHPPHHPHHPHHHPPHHHHPHHHHHHHHHP
689,PPPHHPPPHHHPPPPPHPHHHHPPHHPHPHHHPHPHHPHP
690,HPHHPPPHPPHHHPPPPHPHPPHPHPPPHHPPHHPPHHPP
691,HPHHPHHHHHPHHHPHPHHPHPHHPHHHHHPPPHPHPHHP
692,HPHHPPPHHPPPHPPPPHPPHHHPPHPPPPPPHPHHHPHP
693,HHPPPPPHPHPHHHHPPHPPHPHPPHPHHPPHHHPHPHPP
694,PPHPPHHPHPPHHHHPHPHHPPPHPHPPPHHPPHPHHHHH
695,HPHPHPPHHPPHPPPHPPHPPPHHHPHPHHHPHPPPHHHH
696,HPHPPPHHPHHPHHPPPPPHPPPPPPPPHHHPHHHPHPPH
697,PHPHHPHHPHPHPPHHPPHHPPHPHPHHPPHPPHPHHHHH
698,HPHHPHPHHPPPHHHHPHPPHHPPPHPHPPHHPPHPHPPP
699,HHPHHPPHPPPHPPHPHHHPHHPHHPPHHPPPHPHPHHPH
700,PHHPPPHHHHPPPHPHPHHHPHPHPHPHHHHHHHPHHPHP
701,PPPHPPHPHHPHHPPHHHHHPHHHHPHPHPPHHPPPPPPH
702,HPHPPHHHPPPHPHPHPPHPHPHPPHHHPPPHPPHHPPPP
703,HHHPPPPPPPPPHPHHHPPHHHPHPPHPPHHHPPHPPPPH
704,HHPPPHPPPHPPHHHHPPPHHHPPHPPPHHPHHPHPPPHH
705,HHPHHHPPPPHPPPHHHPHHPHPPHHPPHPHPHPPHPPHH
706,HPPHHHHHPHHPHPHHHHPPHHHPPHHHHPHPHHPPPPHP
707,PPPHHPPPHPPPPHPPHPPPHHPHHHPHHHPPHHPHPPPP
708,HPPHHPHHPPHHPHHHHHPPHHHHHHPHHHPHPPHPPPPP
709,HPPPPPHHPPHHHHPPPHPPPHPPHHHHHHHHHPHPPPHH
710,PHHHHPHPPHHHPHPPPHPHHHHPPHPHHPHPPPHHPPPH
711,PPPHPPPPHHHPHPPHPPHPHPHHHPPPPPPHHHHPPPPP
712,HPHPPHPPPPHPHPHPPPHPPPPPPPPHHHPPHHPPPPHH
713,PPHPHHPPHPHHHHHPHHHHHHPHHHPHHHPPHPHPPPPH
714,PPPHHPHHHPHPPHPHHPHHPHPHHHPPHHPHHHHPPPPP
715,HPPHPPHPPHHPPPPHHHPHPPHHHPPHPHPPPPHHPHPH
716,PPHPPHPHPPHPHPHPHHHPHHHPPPHPHHHPPPHPPPHH
717,PPHHPHHHPHPHPHPHHPHHHPHPPHHPPPHPHHPHHHPH
718,HHHPHPPPHHHHHHHHHHPHPPHPPHHHPPPPPHPHPHHP
719,HHPPHPPHHPPHHPPHHPPPHPPPHHPHPHPHPHPPHPPH
720,PHHPPPPHHPHPPHHHHHHHHHHPPPHPHHHHHHHHHPPH
721,HHPPPHPHPHHPPPHHHHPPHPPHPPHPHPHPPPHPPHPH
722,PHHHPPPPPPPPHPHHHPPPPHPHPHPHHHPPHHHHPHHH
723,PPHHPHHHPPPHHHHHPPPPHPHPPHPPPHHPPHPPPPPP
724,HHPPHPHHPHHPPPHHPPHPHHHPPHPPHPPHPPHHHHPP
725,HHPHPPHHHHHHHHHPPHPHPHHHPPHHHHHHPPPPPPHH
726,PHPPPHHPPPHPPPPHHPPHHHPHHPHPHHPPPPPHPHPH
727,PPPPPPHHHHHHHHPHPPPPHPPHPPHPHPHHPPPPHPPH
728,HPPPPPPPPPPHPHHHHPPHHHHPHPHPHPHPPPPHPPHP
729,PHPPHPHPHHHPHPHPHHHPHPPHHHPHPPHHPPHHHPPP
730,HPHPPPHPPPPHHHPHHHHHPHHHPHPPHPHHPPHHHHHP
731,PHHPPPHHPHPHHHHPPHPHPPHHHHPHPHHPHPPPPHPP
732,PHHPPPHPHHPPHPPHHHHPPHPHPHHPPHHHPHHPPHPP
733,HPPHPPHHHHPHPPHHPPPPHPPHPHHPPPPPPHHHHPHH
734,PPHHHHPPPHHHHHPHHPPHPHHHPPHPPHPHHHPHPPPP
735,HHHHHPPPHPHPPHHPPHPHPPHHHPPHPPHPPPHPPPHH
736,PHHPHHHHHHHHPHHHPPPPPPPPPHPHPHHPHPPPHPHP
737,HHHHPHHPHHPHHPHPHPHPPPPPPHPHPPPHHPHPPPPP
738,PPPHPHHHPPHPHHPHHPHPHPHPPPPPHHHPPHPPPHPP
739,HHPHPHPHHPPPHHPHHHHPHHHPPPPHPHHHPPPHPHPP
740,PPHHHHHPPPPHHPHPPPPHHHHPPHPPPPPHPHHHHPPH
741,HPPPPHHHHHHHHHPPHHHHPPPPPHPPPPHHPHPPHHPP
742,PPPPPHPHPPPHHPHHPPHPPPHPPPPHHPPHHPHPHHPH
743,HPPPHPPHHHPPPPHPPPPHPPPHPHPPHPHPHPHPHHHH
744,PPPPHHPPPPHPHPPPHPPHPHPPPHHPPPHPPHPHHPPH
745,PHPPPPHHHHPHHHHHHHHPHPHHPHHPHHPPHHHPPHHP
746,PPPPHPHHPHHHHPPHHPHPHPHPHHPHPHHPHPHPPHHP
747,HPHHPPPHPPPHPPPPHHHHHPPPHHPHHHHPPPHPPPPP
748,HHHPPPHPPPHPHPPPPHHPPPHHPPHPPHPPPPPHHPPP
749,HHPPHPPPHPPHPHHHPHHPHPHHPPPHHPHPPHPPPHHP
750,PPHHHPPPPPHHPPHHPPHPPHPPHPHHPHPHHHPPHHPP
751,HHPHPPHHPHPHPHHPPHPHPHHPHHHPPHHHPPPPPHHH
752,PHPHHHHHPHHPHPHPHHPPHHPPHHPPPPHPPPPHHHHH
753,PHPPHHHHHPPPHPPPPHPPHPPPPHHHPPPHPPHPPPHP
754,PHPHPHPHPPHPPPPPHHHPPHHHPHHHPPHHHHHPPPHP
755,HPHHPPHHHPHPHHHPPPHPHPPPPHPHHHPPPPPHPPHP
756,HPHPPHHHPPHHPPPPHHHHHPPPPHPHHHHPPHPHPPHP
757,HHPPPPHPHHHHHHHPPPPHHHPHPPPHPPHHPHHPPHHH
758,PHHHPHPPHPHHHHHPHPHPPPPHHHHHHPHHHHHHPHPP
759,PHPHHPHHPHHPHHPPPPHPPPHPHPPHPHPHHPPHHHPH
760,HHPHHHPPHPHPPHPPHPHHPHPPHPPPPHHPHPPHPPHH
761,HPHPPPHPHHPHPHHHHHPPHPHPPHPHPHHHPHHPPHPP
762,HPPPPHHPPPHHPPHHHHPPHHHPPPPPHHHPPHHPHHHH
763,HPPHHPPHPPHPHHPHPPPPPPPPPHHPHHPHPHPPHHPP
764,PPPHPPPHHHPPHPHHHPHPPPPPHHHHPPPHPHPPHPHH
765,PHPPPHPHHHHPHHPPPHPHHHPPHPPPPHPHPHHHHPHH
766,HHPHHHPHHHHHPPPPPHHPHPHPPPPPHHHHHPHPPPPP
767,PHHPHPPPPPHHHHHHPHPPPPHPPPPHPPPHHHPPPHHH
768,HHHPHPPHPHHPPHPHPHPHPPPPHPHHPPHPHPHPPPHH
769,PHHPHHHPHHHHPPHHPPHHHPHHHPHPHPHPPHHPHHPH
770,PHPHPPHPHHHPHHHPPHHPPHPHPHHHPPHPPPPHHHPP
771,PHPPHPPPPHHHHHPPHPPHHHHPPPHPHHHPHPHHPHHP
772,HPHHHPPHHHHHHPHPHPHHPPPHPPHPHHPPHPHHHHPP
773,PPHPHPPPPHHPHHPPHHPHPHPHPPPPPPPPHPPHHHPP
774,HHHHHPPPPPPPPHPHPPHPHHPPPHPHPPHPPPPPPHHH
775,HHHPPPHHHPHHPHPHPHHPPPPHPHPPPHHHPHHHHHPP
776,PHHHHPHPHPPPPPPPPHHPPPPPHPHHHHHPHPHPPHHP
777,HHPHPPHHPPPPPPHHHHHHHPPHHPPPPHPHHHPPPPPP
778,PPHHPPHHPPHHHHPHHHPHHPPHPPPPHPHHPHPHHPPH
779,PPHPPHHHPPHHHPHHHHHHPHPHPHHHHHPPHPHHPPPP
780,HPHHPHPPHHPHHPPHHPPPPHPPPHHHHPPPHHHHPHPH
781,PHHPHPHPPPPPHPPPHPPPPPPPPHPPHPHPHHHHHPHH
782,HHPPHHPHHHPHPHPHHHPHHPPPHHPHPHPHPPHPHHHH
783,HPPHPHPHPPPPHPPPHPPPPPHPHHHHHHHPPPPHPHPH
784,HPPPHHPHHHPPPHHPHHHHHHPHHPHHHHHHPPHPHHPP
785,PPPHHPHPPHHPPPPPPPHPPPHPHPHHHHHHHHHHPHPH
786,HPPPHHHPPPHHPPPHPHHHPPPHHPPHHHHPPPHPHPHH
787,PPPHHHHPPHPPHPPPHHPPHHPPHPHHPHPHHPPHHHHP
788,HPPPHHPPHHPPHHPPPPPPPPHHPHHHPPHHHHPPPPPH
789,PPHHPPHPHPPHPHPHHPPHHHHPHPHHPPPPPPPHPPPP
790,HPHPPPHHPHHHHPHPHPPHPHHHHPHPHHHPHHHHHPHH
791,PPHPHHHPHHPPPPPPPPPHPPHPPHPHHPPHPHHHPHHP
792,HHPPHPHPPHPHHHPHPPPHPHPHHPPPHPPHHPHHPHHH
793,PPPPHHPHPPPHHPHPHPPHHPHHPHPPPHHPHHHPPHHH
794,PPHPPPHPPHHHPPHHHPPHHHPHHPPPHHPHPPPHHPHP
795,PHPPHPHHHHHPPHPPPHHHHPPPPHPHHHPHHHHPPPHH
796,HHHPPHPHPPPPHPPHHPPPHHPHHPHPHPHHPPPHHHPH
797,PHPPHPHPHHHHPHHHHHPHPHPHPHHPPHHHHPHHHHPP
798,HHPPHHPHPPPHHPHPHHPPPHPPPPHPPPPPPPPPHHPP
799,PPHPPHPPHPHPHPPPPPHPHHHHPPHPPPHHHPPPHPHP
800,PHPHHPHHHHPPHHPPPPPHHHPHHPPHHPPHHPHHHHPP
801,HHPPPPHHHHHHHHPHPPHHHHHPHHHPHHPHPPPHHHPH
802,HPHHPPHPHPPPPPPPHPHHHPPHHPPPHPHPPPPPPPPH
803,HHHHHHHHHPHHHHHPHPPHPPHPHHPHPPPPHHHHPHPH
804,HHPHPPHPPHPPHPHPPHPHHPHPPPPHPHPHPPHHHHHP
805,PHPPHHHPHHPHPHPPHPPPHPPPHPPPPHPPHHPPHPPP
806,PHPHHPPPHPPHHPHPPPHPHPPHHPHHPHPPPPPPPPPP
807,PPHPPPPHPPPHPPHPHHHPPPHPPPPHPHPPPHPPPPHP
808,HPPPHHPPHPHPPPPHHPHHPPHHHPPPHPPHPPPPPHHH
809,PPHPPHPHPHPHHHPHHHHHHPPHPPPPPHPHHHPPHHHP
810,PPPPPHPPHHPPPPPHPPPHPHHHHPPHPPHPPHPHHPPH
811,HHHPPHHPHHPHPHPHPHHHHPHPPHHHHPPPHPPHPPHH
812,PPPHHHPHHPHHHPPPHHPPHPPPPPHHHHPHHPPHHPPH
813,PHPPPHHHPPPPHHPHPPPPHHPPPPPPHHHPPPHPPPPH
814,PPHHHPPPPPPPPHHHPPHPHHPHHHHPPPHPHPPHPHPP
815,HPHPHPPHHPHPPHHPPPHHHPPPPPHHHPHPPPPPPPHH
816,PHPHHHPHHHPHHPPPPPPHHHPPPPHPPPHPPHHHHPHH
817,PPHHHPPPHHPHHHHHPHHHHPHPPHHPHPPPHHHPHPPH
818,HPPHHPHPHHHPHHHHPPHHPHHHHPPPPPPPHPPHHHPH
819,PPPHHPPPPHPPHPPPHPHHHPPPHPPHHHHPPPPPPPHP
820,HPHHHPPHPHHPHPPHHHPPPPPPPPPPHHHPPHHPHPPP
821,HHPPHPPHHPHPHHHPHPHHPHPPHHHPHHPPPPPPHHPH
822,PPHHPPPPPHPPHPPPHHHPHHHHPHPHPHPHPPPPHHHH
823,PHHPHHHPHPHHPPPHPPPHHPHPPHHHPPPHHHHHHPHP
824,PHPHHHHPPPPHHPPPPHHHHHHHHHPPPPPHPHHPHPHH
825,PPHPHPPPPPPPPPHHHPHPHPHHPHPHHPPHPPHHHPHP
826,PPHPHHHPHPHHPPHPPHHHHPHHPPPHPPPHPPHHPHHP
827,HPPHHHPHPPPHHHHHHPHHHPPPHPHHHHPHHHHHPPPH
828,HPPPPPHHPHHHHPPPHHPHHPPHHPHHHPHHHPPHPPHH
829,HHPPHHPHHHPHHHHHHHPPPPPPHHHPHHHHPHPHHPPH
830,HPHPHHHHPPPHHHHHHPPHPPHHHHHPPPPPPHPHPHHH
831,HHHHHHPHPHHPHHHPPPPPPHHHPPPHPPHPPPPHHHHP
832,PPHHPHHPHPPHPPPHHHHHPHPHHPHPPHHHHHPHPHPP
833,PHPPHHHHHPHPPHHPHPHPPHPHHHHPPHHHHPHPPHHH
834,PHPPHPPHPHPPHHHHPHHHHHHPPPPHPPPPHHHHHHPH
835,PHHPPPHPHHHHPPHHHHPPHPHHPHHHHPPPHPHPPHHH
836,PPHPHHPPPPPPPPHHHHPHHPHHHPHPPPPHHPPPHPPH
837,HPHHPHPPHPPPHHPPPPPHHPPPHHHPHHHPPPHHHPPP
838,HPHHHHHHHHPHHHPHPPPPPPHPPPHPPHPHHPHPHHPP
839,PPPHHHPHHHPPPPPPHHPHHPPHHPHPPPPPPPHPHPHH
840,PPHHHPPHHHHPHHHHHPPHHHHPPHHPPHHPHHHHPHPH
841,PHPHHHHPPHHPHHHPHHHHHHHHPHHPPHPHPHHHPPHH
842,PHPPPPHHHHHPHHHHHHPHHHPHPHHHPHHPHHHHHPHH
843,HHPPHPHPPPPPPPHHPPPPHPHHHHHPHPHHPPPHPPPH
844,HHHHPHPHHHHPPHHPPPPPHPHPPPHPHHPHHHPHHHPP
845,PPHPPPPHPHPHHPPPHPPPPPHPPHPHPPHPHPHPPHPP
846,PPPHPHHPPPHPHPPHHHHPPHHHPPPHPPHHHPPPPPHH
847,HHHPPPHHHPPPPPPPPHPHHHHPHPHHPHHHPHHPHHHH
848,HHHHPPPHPPPPPPHHPHHHPHHHHPPHPPPHPPHHPPPH
849,PHHPHPHPHHPPHHHHHHHPHHPHHHPPPHHHHPPPPHHH
850,PPHPHHHPPHHPPHPPHPPHHHHPHHPHPPHHHPHPPHPH
851,PHHHHPHPHHHPPPPPHHPPPHHPPHHPPPPPPHPHHHPP
852,PHPPHPHHHPHPPHHPHPHHPHPPHHPHPHPPPPPPPPPH
853,PPHHHHPHHPPPPHHPPPHHPPHHPHPHHHPPPHPHPPHP
854,PPHPHHPPPHHPHHPHPHPPHPHPPPPHPPPHHHHHHPHP
855,PPHHPPPHPHHPPPPHPPHPHHPHPHHPHHPHPPHPPHPH
856,HPHPPPPHHHHHHPHHHPHPPPHPHHHPPHPHPPPPPPPH
857,HHHPHPPPHHHPPHPHPHPHPPHPHHHHHPHHPHPHPPHP
858,PPHPPHHPPHHPHHHHPHPPPHHPPPPHPPPHPHHHPHPP
859,HPPPPHPPHPPHPPPPHPPHPPPHHPPPHHPHPPPPHPHP
860,PHPHPPPHHHHHPPHHHHPPHHHHHHHHPPPPHHHHHPPP
861,PPHHHPPPPPHHHPHHPHPHPPPPHHHPPPPPHPPHPHHH
862,HPHHPHPPHHPPHHPPPPHHHPPPPHHHPHHHHPPPHHHP
863,HPPHPPHHHHPHPHHHHHPPHPPPPPHPHHPHPHPHPPHP
864,PHPHPPPPHHPPPPPPPHPHHPHPPPPPHPPPPPHPHPPH
865,PHHHHPHHPPPPHPHHPPHHPHPHHHHHHHHHPPHHPPPH
866,HPPPPPPPPHHHPPPPPPHPHPPPHHPPPHPHHPHHHHHH
867,PHPHHPHHPHPHPHHHHHPPHHPHPHPHPHHHHPHHHHPH
868,PHHPHPPPHHHPPHPHHHPHHPPPPPPPPPPPHPHHPPHH
869,HPHHPHHPPPPHHPHHPHPHHPHHPHPPHPPPHPHHHHHP
870,PPPHHPHHPPPPPPHPPPHHPHHHPPHPHHPPPHHPHHHH
871,PPHHPHPHPPHHPPPPPHPPPPPPHHPPHPPPHHPHHPPH
872,HPHHHHHPPPHHPHPPHPPPPHPPHPPHHPPPPHPHHPPP
873,PPPHPPPHPPHHHPPHHPHHPPPPPHPHPPPHPHHPPHPP
874,HPPHHHHHHPHPPHHHPHHHHPHPHPHHPPHPPHPHPPPP
875,HPHHPPPPPPPPPPHPPPPPHHHHPPPPPHPHPHHPPPPH
876,HHHHPHPHPHPHPHHPHPHHHHPPPPHPPHHHPPPPHPPP
877,PPHPHPHHHPHPPHPHPPPHPHHHHPPHHHHPHHHHHHPP
878,HHPHPHPHPPPPPPHHPHPHHPPPPPHHHPHHHHPHPHHP
879,HPHPHPHHPPPPPHPPPHHHHPPHHHHHHHPPPHHHPHHP
880,HPHHHHHHHHHPPPPPHPPPHHPHPPHPPPHPHPHHHPHP
881,HPPHHPPPPPPHHPHPPHPPHHHHHPHPHPHPHPHPPHPP
882,PPPHHPHHPPHHPHHPPHPHPPHHHPHPHHHHHHPHHPPP
883,HPHHPHPHPHHHPHHHHPHHPHPPPHHPHPHHHPPPHHHH
884,PPHPHHHHPPPHHPHPPHPPPHHPPPHPPPHHPPHPPHPH
885,PPPPPHHHPHPPPHPHHPPPHHPPPPPHPPPPPHHHHHPP
886,PPPHPPPPPHHPPHHPPHHHHHHHHHPPPPHHHPPPPPPP
887,PHPPPHPHPPPHPPHHHHHHPHPHHPHHPHPHHHHPHHPH
888,HPPHHHHHPPHPPPPHPPHPHPPHPHPPHPPHPHPHHHPH
889,PPPHPHHHPPHHPHHHPHHHHPPPPPHPHPHPPHPHPHPP
890,PPHHPPPHHPHPHPPHHHHHHPPHPHHHPPPHHHPPPPHP
891,PHHHHPPHPHHPHHPHPHPHHHHPPHHPPPPPPPHHPPPP
892,HPPPHHPPHPPPHPHPHHPHPHHPPHHPHPHPPPHPHHHP
893,PPHPPPHHHHHPHPHPHHPPHPPHHPHPPPHPPHHPPPPP
894,HHPPPPHHPPHHHPPPHPHPPHHPPHHPPPPPPHHPPHHH
895,PPHHPPPHPPPHHPPPHHPHHPPHPPHHHHPPHPPHHPHH
896,PHPPHPHPPPPPHHHPHPHHPHHHPHHHHPHHPPHPHHHH
897,PPPPPHHPPPHHPHHPHPHHPPHPPPHHHPHHPHPHPPPH
898,HPHPHPPHHHHHPHHPPHPHHPPHHHPPHPPHPPPPHHHH
899,PHHPPHPHHPHPHPHPHHPPPPHPPHPHPHPPPHPHPPPP
900,PHHHHPHPHPHHPHHHHHPHHHHPPPHHPPHHHPHPHPHP
901,PPHPHPHHPHPHPPHHPPHPPPHPHHPPHHPPHPPHPHPH
902,HPPPPHPPPHPHHHHHHPPHPHHHPHHHHHHPPHPHPHPP
903,HHHHHHPPHHPHHPPPHHHHHHHHHPPHPPHHHHHPHHPH
904,PHPHHPHHHHHHHHPHHHHPHPHHHHHPPPHPPHPPPPPP
905,HHPPHHPHHHHHPHPHHHHHHHHPHPHPHPPHHPHHHPPH
906,PPHPPPHPHPHHHPPHPPHPHPPHHHPHHPPHPPPHPPPH
907,PPPHPPHHHHPPPPHPPPHPHHPHHPHHPHPHHPPHPHHP
908,HPHPPHHPPHHHPPPHPHPHPPPHHPHHPHHPPHHHPPHH
909,HHHPPPPHPHPHHPHPHPPPPHPHHPHHHHHPPHPHPHHH
910,HHHHPPPPHHHHPHPPHPHPHHHPHPPPHHPHPPHPPHPH
911,HHPPHPHPPPHPHPPPPHHHHHPHPHHHPHPPHPHPHHPP
912,PPPPPPPHHHPPPPPHHPHHPPHHPHPPPHHPHHHPPPPH
913,HHPHPHHHPHHHPHPPHHPHPPPPPHHHPPHHHHPPPPPP
914,HHPPHPPHPPPHHPPPPPPHHPHHHHPHPHHHPPHPPHHP
915,PHPPPPPPHPHHHHHHPHHHPPPPPPPPPPPHPHHHHPHH
916,PPPPPHHHHHHHPPHHHHHHPPPHPPPPPHPPHPPPHHPH
917,PHPHHHPPPPHHPHHPPHHPPHPPPHPPPPPHHPHHHPPP
918,PHPPPHPPHPHHPPPPPHPHHHPPPPPHHHHHHPPPHPPH
919,PPHHHHPHPHPPPPPPPHHHHHHPPHHPHPPPHHPPPHHH
920,HPHPHPPPHPPPPHHHHPHPPHHPPPHHHPHPHHPPPHPH
921,PPHHPHHHHPHHPHPHPPHHHHPPPPHPHHHHPHHPHPPP
922,PPPHPHHHPPPHHHPPPHHHPPPHPPHPPHPPPPPHPPHH
923,HHHPPHHPHPPHPPHHHHPPHPHPHHHPPHHPPPPHHHPP
924,PHPHPHPHPPPHHHPPPHHHHHHHHPHHPPPHPPPHHPPH
925,HHPHHHHHHPHHHPPPHPHHHHHPHPHHHPHPHHHHHHHP
926,PHHHPHHPHHPPHPHPPPHPHPPHPPHPPHHPPHPHPPPH
927,PHHPPPHPPHPHHHPHHPHPPPPHPPHHPHHPPHPPPPPP
928,HHPHHPPPHPPHHHPHHPPHPHHHHHHPHHPHPPHPPPPP
929,HHHHHHPHPHPPHHPPHPPHHHPPPHHPHHPHPPHHHPPH
930,HHPPHPHHPPPHPPPPHHPHPHPHPHHHPHPPPPPHPHHP
931,HPHHPHPPPPHHPPPHHHHHHHHPPPPPPPPPPPPHHHPP
932,PPHPPPPHHPPHPPHPPPPHHHPHHHHHHPPPPPPPHPPH
933,HHHHHHPHPPPHHHHHHHHHHHHHHHPHPHHPHHPPPPPP
934,HPHPHHHPPPHHHPHHHHPPHHHPPPHPPHHHHPPPPHHP
935,HPHPHPHHHPPHPPPPPPPPHPHPHHHPPHPPPHPPPPHH
936,PHPHHHHHHHHPHPPPHHHPHHPHPPPPPPHPPHPHPHHP
937,PHHHPHPPPHPPHHPHPHHHPHHHHPHPHHPHPHHPHPPH
938,PPPHPPHHHPHHHHHPHHHPPHPPPHHHHPHPHHPHPHPP
939,PHPHHHPHPPHHPHHPHPHPHHHPHPPHHPHHPPPHHPHP
940,HPHPHPPHPHPPHHHHPHHHHHPHHHPHHPHPHPPPPHPH
941,PPPHPHPHPPPPHPHPHHPPHPHHHHHHHPPHPPPHHPHH
942,HHPPPHHPHPPHHPPHPHHHPHPPPHPHHHPPHHPPPHPP
943,HHHHPHHHPPHPPPHPHHHHHHHPHPHHPPPHPHHPHPHH
944,HHHPPHPPHPPPPHPHPPPHHPPHHHPPPHPHHHHHHPHP
945,HHHPPHHPPPPHHPHHPPHPPPPHHPPHHPPHHHPHHHPP
946,PHPPPHHHHHHHPPHPHPHHPHHPPHPPPPHHHHHPHPPH
947,PPHHHPPHPHHHHHHPHPHHPPHPHPPHPPHPHPHHPPPP
948,HHHPPPPPHHPHHPHPPPHPHHHPHPPHPHPPPHPHPHHP
949,HPPHHHHPHPPPPHPHHPHHHPPPPPPPHHHHPPHHHPPH
950,HPPHPPPPPPHPPHHHPHHHHHPHHHHPPHHPPPHPPHHP
951,PPPPPPPHPPHHHHPHHPHPPHPPHPHPPPHPPHPHPPHP
952,HPPPHPHHPPPPPHPPPHHHHPPPPPPHPHHPHHPHPPPP
953,HHPPPHHHPPHHPPHHPPPPPPPPPHPPPHHPPHPPHPPH
954,HPHHPHPHHHHHPHHPHPPHPHPPHPPHPPHHPHPHPPHH
955,HHHPPPHPHPHHHHPHPHHHHHHPPHPPPPHPPHPHPHHH
956,HHPPHPPPPPHHPPPPPHHPHPHPPHHPHPPHHHPPHHHH
957,HHHPHHPPHPHHHPPPPHPHHHHHHPHHPPPHPHPPHHPP
958,PPPHPPHPPPPPHPPHPHPPPHHHHHPPHHHHHHHPPHPP
959,HPPHPHPHHHPHPHPPPPPPPHHPPPHHPPHPHHHHHPHP
960,HPPHPHHHHPPPHHPPHPHHPPHHHHHPPPPPPHPHHPPH
961,PHPHPHHPHHPHPPPPPHHPHHHHHPHHPPHPPPPPPHPP
962,HHPHHHPPHPHHPPHPHHPPHHPPPPPHHPPHHHPPPPHH
963,PHHHHHHPHPHPPHPPPHPHPHPPPPHHHPPPPPHPPHPH
964,PHPPHPHPHHPHPHHHPHPPPPPHHHPPHPPHHPHPHHHH
965,PHHPHHHPHPHPHHPHHPPPPHHHHPPPPPHHHPPPPHPP
966,HPHPPHHPPPHPPPHHPPHHPHPHHHPHPPHHPPPPPPHH
967,HPPHHPPHPHPHPPPHPHPHHPPHPPPHHHPHHHPHHHHP
968,PPPHPPHHPPPPHHHPHHHPPPPPPPHPHHPHHHPHHPHP
969,PPPHPPHHHPPPHPHPPHPHHHPHHHHHHPPPPPHHPHHH
970,PPPPPHPPPHPHHPPHPHPPHHPHHHPHPPPPHPHPHHHP
971,PPPHHPPHHHHHHPPHHHHPPPHHHHHHPHPPPHHHPHHH
972,PHHPHHHHHPPPHPHPHPHHPHHPPHPPHPPHPPPHPHPH
973,HPPHPPHHPHHPPHHHPHPHPPPHPHPHPPPHPHHHPPPH
974,PHHPHPPHHPPPPHPHHHHPHHHHPPHPPPHHHHPHPHHH
975,PPHPHPHHPPHHHHHHPPPPPHPPPHHHHHHHHPHPPPPP
976,PPHPHPPPHHPHHPHPHHPHPPHPHPPHPHHPPPHPHHHP
977,PPPHHHHHHHPPPPHPPHHHHPPPPPHPPPPPHPHHHHPP
978,PPPPHHPPPHPHPPPPHHPPHHHHPHHHPPHPHHPPPPPP
979,HHPHHPPHHHHHHHHPPHPPPHPPPPPHHPHPHPPHHPHP
980,PPHPHPPHHPPPHPPHPPHHPPHHHPPPHHHPPPHPPHPH
981,HHPPPPPPHHPPHPPHPPHHHPPPHHHHPPPHHHHHHPHH
982,HHHPHPHHPPHHPPHPPPHPHHHPPHPPHPHHHHHHPHHH
983,PPHPHPHHPPHPHHHHPPPPPPPPPHPPPPPHPPHPHPHP
984,HPPPPHPPPPPPPHHHPHPPPHPPPHHPHPPHHPPPHPPP
985,PPHPHPHPPPHPHHPHPHPPHHHHPPHPPHPPHHPHHPHH
986,PPPPPHHHHHHHHPHHHPHHPHPHHPHHPPPPHHPHHHHP
987,PHPHHHPPHHHHPHHHHHHPPHHPPPPHPHHHHPPHPPPH
988,PPHPPHHPHPPPHHHPPPPHHHHPHPHPPPPPPHPPPHHH
989,HHHPPHHPPHPPPHHPHPHHPPPHPPPHHPPPPHPPHHHH
990,PHPPPHHPHHHHHPPHPHPPPPPPHPHPHPPPPHPHHPPP
991,PHHPHHPPHPPHHPPHHHPHHPHPHPHPHPPHHHHHPHHP
992,HPPHHPHHPPHHHPPPHHHHPPHPHHHHPHPPHPHHHHHH
993,PPPPHHHPHHHPHHPHPPPHHPHHHHHPHHHHHHPPPPPH
994,HPHPHHPPPHPHPHPPHHHPPHPHPPPHHHHHPPPHPPHP
995,PPHPHHHPPHHPPPHPHHPPHHPPPPPHHPPHHPHPPPPP
996,PHHHPHPPHPPPHPPPPPPPHHHHHPPPPHPHPPPHHHHH
997,HPPPHHPHPPHPPHHPHPHHHHPPHHPPPPHPPHHHHHPH
998,PPPHPPPPPHPHPHPPPPHHPHHPHHHPPHHPHHHHHPHP
999,HHPPHHHHPPHHPPPHPHHHHHPPHPPHHHPHHPPHHPHH
