id,sequence
0,HPHPHPPHHPHHPPPPHHHHHPPPPHHPPHPHPHHPPHHHHPHHH
1,PPHHPPPHPHPHHHHPPPHPPHHHHHHPPHHPHHHHHPPHHPPHP
2,PPHPHHHPPPHHPHHHPPHPPPHHPHHPPHHHPHPHPHPPHHPPH
3,PPPHPHHHHPHPHHPPHHHHPPHPPHPPPPPPPHHHHPHPHPPHP
4,HPPPHPPPHHHHHHHHPHPPHPHPPPHHPPHHPHPPHHPHHPHHH
5,PPPHPPHHHPHHPHHPHHHHHPHHPPPPPPPHHPPHPHHHPPPHH
6,PPPHPHPPPHHPPPHPPHPPHHHPHPHPPPHHPPPHPHPHHPPHH
7,PPPPPHPPPPPPHPHPPPPPHHHHPHPPPPHPHHPHPHHPPPPPH
8,HHPHPHPHHPHPPPHHPHHHPHHHHHPPHHHHHHHHHPPHHHHHP
9,HHPHPPHPPHHPPHPPHHPPHHHPPPHPPPHHHPPHHPPHHHPPH
10,HHPPPHHPHHHPHPPHPPPPHPHPHPPHPPHPPPHHPHPPPHPPP
11,PHHHPHPHPHHPHPHPHHPHPHHHHPHHHHPHPHPHPHPHHPHHH
12,HPPHPHPHHHHPHHPPHHPHPHPHHPHHHPHHPHHPPHPHPPPHH
13,HHHHHHPPPHPHHPHPHPHPPHPPPHPHHPHPHPHHHHPPPPHHP
14,PPPPPPHPPHPPHHHPHPPHHHHPPHPPHHPHHHHHPHHHPHPPH
15,HHHHHHPHPPPPPPHHHPPPPPHHHPHHPHPHHPPHPPPPPHPHP
16,HPPHHPPPPPHHPHHHPPHPPPHHPHPHPHPPPPHPHHPPHPPPP
17,PHPHPHPPHHPHHPHHHPPPPHPPHPHPHPPHHHHHHHHPHPHHH
18,HPPPPHHPHPHHPHHHHHHPPPPHHPPPPHPHHHPHPHHPPPHHH
19,HPPPHHHHPPHHPHPHPPHHHPPPHPHPHHHPHPPPPHPHPHPHH
20,PHHPPHHHHPPPPHPHHHHHPHPPPPPPHHPPHHPHHPPHPHPPH
21,PPHHHHPHPHPPHPHPHPPPHPHPPHHHPHHPPHPHHHPPHPPHP
22,PHHPHHPHHHHPPPPPHPPHPPHPPPHPHPPHHPPHHHPHPHHHH
23,PPPHHHHPHPPHPPPPPPPPHHHPHPPPHHHPHHHPHPHPHHHHH
24,HHPHHHHHHHPHHPHPPPPPHHHHHPHPPHHPPPPPPPPPHPHPH
25,PHPHHPPPPHPPPHHHHPHHHPHPHPPHHHPHPHHPHPPHPPPPH
26,HPPPPPPHPHPPPHPPPPPPPPHHHPHPPPPHHPPHPPPHHHPHH
27,PPHPHPHHPPHPPHHHHPPHPPHHHPPPPHPHHHHHPPHHHHPHH
28,PHPPPHPPHHHHHPPPHPHHHHPPPPPHPPPHHPPPPHPPHPPPP
29,HPHPPHPHPHPPPPPPHHHPHPHHPHPHPHHPPPPHPHPHPHHPH
30,HPPPPPPHHHHHHPHPHHPHHPHPHPHHHHPPPHPHHPHPPPPHH
31,HHHHHPHPHPHHPHHPHHPPHPHHPHPHHHPHHHPPPHPPHPHPH
32,HHPHPPPHPPHPPPHHHHPPHPHHHHPPHHHPPPPPPPPPHHPHH
33,HPPHHHPPHPHHPHPPPHHPHHHHPPHPPPPPHPPPHHPHPPHPH
34,PPHPHPPHPPPPHHHPHPPPHPPHHPPHHPPPPHPPPHPPHHHHP
35,PPPPHHHHPHPPHHHHHPHPPPPHHHPPHHHPHPHHHPHHPPHHH
36,PHPPPPHPPPHHHHHPPHPHHHPPHHHHHHHPHPPPPPHHHPPHP
37,PPHPPHPPPHHPHHHHHPHPHPHPHHPHPHPHPHPHPPPPPHHHP
38,PHHPPHPHHPHHPPHPPHPPHPHPHPHHHHHHHPHHHHHPPHPPH
39,HPHPHHHHHHPHPPHPHPPHHHHPHPHPPPPHHHPHPHPPPHPHP
40,PPHPPPPPPPPHPPHHHPPPPPHHHPHHPPHHHPPPPPHHPHHPP
41,PPHPHHPHHHPHPPHHPHPHPHPPHPHPHPHPHPPPHHHPHPHPP
42,PPHPPPHHHPPHPPPHPHHHHPHPPHPHHHHPHHHHPHHPHPPPH
43,PPHPHPHHPHPHPHHHHPHPHHPHHPPHHPHPPHPHHHHHHHHHP
44,HPHPHHHHHPPPHHHHHPHHHHHHPHHPHHPHPHPPPPHHPPHHH
45,HHPPHHPPPPPPHHPPPHPPPHHHPHHPHPPPHPPPHHPHHPPHP
46,PPHHPPPPHHPHHPHHPHHPHPHPPPHHPPPPHHHHHHHPPHPPP
47,HHHHHHHHPHPPHPPHPPPPHHHHHPHHHPHHPPHHPPHPPHPPH
48,HHPPPHPPHPHHPPPPPPPHHPHPPPHHPHPPPPPPHPHHHHPPH
49,PPPPHPHHPPHHHHHHHHPPPHHPPHHHHPPPHPHPHPPHHPPPP
50,PPHHPPHPHPHPHPHPHHPHPPPPPHHHHPHHPHHPPHPHPPPPP
51,PHHPPHPPPHPHHHPHPHPHPHPPPHHHHHHPHHPHPHHHHHHHH
52,HHHHHHPPPPPHHHHPPPPPPHPHPHPHPHHHPHHPHHPPPPPPH
53,PHPPHHHPHHPPPHPPPHHPPHPHPHPPHPPPHHPPHPPPHPHHH
54,HHPHPHHHHPPHPHHPPPHPPHHPPHHHHPPPPPPPHPPPPHPHP
55,HHHHHHHPHPPPPHPHHPPPPPHHHHHHHHHPPPHHPPPPHHPHP
56,HPHHPPHHHHHHPHPPPPHHHPPPHPHHPHPPPPHHHHPHHPHHP
57,PHPPHHHHHPPHHPHHPHHPHHHPHHHPHPPHPPPHHPHHHHHHP
58,HPHPPHHHHPHHHPHHPHPPPHHHHHHHPPHHPHPHPHHPHPHPP
59,PPPPPPPPHHHHPPHHPPHPPHHPHHPHPHHPHPHHPPPHPPPPP
60,PPHPHPHPHHHPHHPPPHHHPHHHPHHHPHHPPHHPPHPPHHHPH
61,HHHHHHPHHHHPHPHHHPHPPHHHPHPHHPHPHPHHHHPHHPPPP
62,HHPHHHHHPHHHHHPPPHHHPHPHPHHPHPPHHPHHHHHHPPPPH
63,HPHHHHHPHHHPHHHHHPPHHHPHPPHHHPHHHPPPPHPHPHPHH
64,PPPHHPHPPHHHHHPPHPHHHHHPPHHHHPHHHHHPHHHPPPPPP
65,PHHHHHPPPHHPPHPHPPHHPPPPPHHHPPPPHPHPPHHPHHHPP
66,PHHHHHPPPPHHPHHPPHPPHPPPPPPPHPPPPHPPHPPPHHHPH
67,PPPPPPHPHHPHPPPPPHHPPHPPPHPHHHPHHHHPPHPPPPPPP
68,PPHPPPHPPHPHPPPHHPHHHPHPHPHPPHPHHPHPHPHHPPPHH
69,HHHPHPPPHPPHPPPHHHPHHHHHPHPHPHPPPHPHPPHHPPPHH
70,HPPHHHPPHHHHPPHHPPHHPPPPHPHHHHHPPPHHPPHHHPHPH
71,HHPPHHHHPHPHPPPPHHHPPHHPHPPHHPHHPHHPHHHPHPHHH
72,PHPPHPPHHPHHPHHPPPPPHPHHHHPHHPPHHHPPHHHPHPHHH
73,HPPPPHHHHPHHPHHPPPHHPHPPHHPPPPHPHHHHPHPHHPHHH
74,HHPHPPPPPHHPHPHPPPPPPPHPHPPHHHPHHPHPPHHHHHHPP
75,HHPPHHPPHPPPHHHHPHHHPHHHPHHPPPPHPPPPHHHPPPPPH
76,PHHPHHHHHHPHHHHHHPHHPPHPHHPHPPPPPPHHPHHHPPPPH
77,HPHHHHPPHPPPPPHPPHPHHHHPPHPPHHPHPPPHPHHPHHPHP
78,PHHHHHHPPHHPHHHHPPHHPPPPPPPHHHHHHHHHHPPHPPPPP
79,HPHHHPPHPPPPPPPPPPPPHHPPPHPPPHHPPHHPHPHPPPHHH
80,HPHHHHHPPHHPPHHPHHHHHHHPPPHPHPPHHPPHPPPHHPHHH
81,PPPPHHHPHPHHPPHHHPHHHHPPPPHHHPHPHHPPHPPPPHPHH
82,HHHPPHPPPHHPPPPHPPHPPHHHHHPPHPPHPHHHPPHPPHPPP
83,PPHPPHHHPPPHHPPHPPHPHHPPHPHHPHPHPHPPHPPPHPPHP
84,HPPPPHPHPHHPHHHPHHHPHPPPHHHHHPHHPPPHHPHPHPPPP
85,PPPHHPPHHHHPPPHPPPHPHPHHHPHPPHHPPHHHHHHHHPHHH
86,HHPHPHHPHPHPHHPHPPPHHHPHHPHPHHPHHPPHHHPHHPHPP
87,PPHHHHHPPHHHHHHHPPHHHPHPHHPPHPHPPHPPPHPHPPHPP
88,PHPPPHHHHHPHPHHPPHPPPHHHHHHPHPPPPHPHHHPHPPPPP
89,PPHPHHHPPPPPHPHPHPHHPHPPPPHHHHPHPHPPPPHPPPHPH
90,PHPPPPPHPHHPPPHHHHHPPPHPPHHPPHPPPPPPHHPHPHPHP
91,PPPPPPHPHPHHHHPPPPPHPHPPHHPPHHPHHPPPHPPHHPHPH
92,HPHHPPPPHPPHPHPPHHHHPPHHHPPPPHPPPHPHPHHPHHHPP
93,PPPPPPHHHPPHHPPPHHPHPHPHPPPHPPPPPHPHPHPHPPHHP
94,HPHPPHPPPHHHHHHHPHPHPPPHPHHHHHHPPHPPPHHHHHHPP
95,PPHHPPHHHPPHHPPHPHHPHHPHHHHHPPHPHHHHPHHPPHPPH
96,HPHHHPHHPPHHPHPPHHPHPPHPHHHHHHPHPPHHPHHPPPPHP
97,PPPPPHPPHHPHPHPPPHHHPPHHPHPPHHPHPPHPHHPPHPPPH
98,HHHPPPHPPPHPPHHHPPHPPPHPPPHHPHHPPHPHHHHPPHPPP
99,PHPHPHPPHHHHPPPHHHHPHHPPHPPPPPHPHHPHPHHPPPHHH
100,HHPPHPHHHPHPPPPPHHPHPPHPPPHHHHHPPHPPHHHHPHHHP
101,HHPHPPHPHHHHHPHHPHHHPPPPHPHHPHPHPHPPPPPHPPHHP
102,PHHHPHHPHPHHPPPPHHPHPPHHPHHHHHPPPHHHHPPHHPPHH
103,HHHPHPHPPHPHHPPHPPHPPPPHPHHPPPHHPPPHHPHHPHHHP
104,PHHHPHHPPHPPHPPHPHHHPHPPHPPHHHPHPPHPPPHPPPHHH
105,HHPPPHHHPHPPPHHHPPHPHHHHPHPPPHPPHPHHPHHHPPPPP
106,HHPPPHHPHPHPPHHPHPPPHHPHHHHHPHPHHHPHHPPPHHPHH
107,PHPPPHHHPPPHHHPPHHPPPHHHHHHPPHHHPHPPPHPHPHHHP
108,PPHPHPPPPPHPHHPPHPHHHPHHPHHHHPPPPPHHHPPHPHHPP
109,PPPHHPHHHHHPHHHPHHPHHHHPPPPHHHPHPPHPPPHPHHHHH
110,HPPPPHHPHPPPPPHPPPHPPHHPPHHPHHPPHHHPHHHHHHPHH
111,HHPPPHPHPPHPHHPPPHHPPHPHPPPHHPPHHHHHHPHPHPPHH
112,PHPPPHHHPPHPPPPPHHPPPHHHPPHPHHPHPPHHPHHHPHPHP
113,HHHPPPHPPHPHPHHHHHHPPPPHPPPHHHPPPPPPHPHHHPHPH
114,PHHPPPHPPPPPHPHPHHHPHPPHHPPPPHPHPHPHPPPHPPHHH
115,HHHHPHPHHPHPPPHHPPHPHHPPPPPHPHHHHPPHPPPPHPHPH
116,PPPPPHPHPPHHHHHHHHHHPPHHPHHPPHPHPPHHPPPPPPPPH
117,HHPPHPPHHHPPPHPPPHPHPPHPHHHPPHPHHPHPHHPPPHHPH
118,PPHHHHHPHPPHPHHPPHHPPPPHPPHPHHHHPPHHPPPPPPHPP
119,PPPHHPHHHHPPHHHHPPHHHPHHPPHHHHHPHHHPHHPPPPPPP
120,HPHHPHPPHHPHHHHHPPHHPPHHPPHHPHHHHPHHPHHHPPPHH
121,HHPHPHHHPHHPHHPPPHHPPHHPPHHPHHHHPPHHHHPHPHPPP
122,HHHHHHPPHHHPHHHHPHPHPHHPHPHPPPHHHPPHHHHPPPPPP
123,PPPHPPPPPHHHPHHPHHPPHHHHHHPHHHHPPPPPHPPHHHHPH
124,HPHHHPHPPPPHPHHHHHHHHHPHPPHPPHHPHHHHHHPPPPHHP
125,PPHPHPPHHPPHPPHHPPHHPHHHHHPHPHHPPPHPHHHHPHHPH
126,PPPHHPHHHHPHHPHPPHPPPHPHPPHPHHHHHHPPPHPHHHHHP
127,PHHHHPHHPPHHHPPPPPPPHPPHPPPPHHHHPPPPHHHHPHPPH
128,HHPPHHHHPPPHHHHPHPPPPPPHPPHPPHPHPHPPPPHHPHPHH
129,PHHPPHHPHHPHPHPHPPPPHHHHHHHPPHHHHHPPHHPHHPPHH
130,HHPPHHPPHPPHHHHHPHPPPHHPPHHHPPHPPPHHHHHHPHPPP
131,PPPPHPHPHHPPHHPHPHPHHPPHPHPPPHHPHPPHHHPHHHPPH
132,PPPHHHPPPHHPPHHHHHHPPHHPPHPPPPHPHPHPPHHPHHPPP
133,PPHHHHPPPPPPHHHHHHHHPPHHPPHPPPPHPHHPPPHHPHPPH
134,PHHPHPPHHPPPHHHPPHHPPHPHHPPHHHHPHHHPHPPHHPPPH
135,HPPHPHPHPPHPHHPHPPHHPPPPHPPHPHHPHHHHPHHPPPPHP
136,PHPHPPHHHHHPPPPPHPHPHPPPHHHPHPPHHPHHHHPPHHHHP
137,HPHHHHPPHHPHHHHHHPPHPHPHPHPPPHHPHHHHHHPHPPHPH
138,PHPHPPHHPHHHHPHHHPPPPPPHHPPHPPPPPPPHPPHHHHHPP
139,PPPHPPPPHPPPHPHPPHPHHPPPHPHHHHPPHHPHPHHPPPPHP
140,PPPHHHHHHPHPPPPHHHHPPHHHPPHPPHHPPHPPHPPPPHHPH
141,PPPPHHPHHHPPHHPPHHPHHPPPPPPHPHPPPPHPPPHHHPPHP
142,PPPHPPPPHHPHHPPPHHHPPPHPPHHPHPHHPPPPHPPPHHHHP
143,PPHPPPPHHHHPHHHHPPPPHHHPHPPHHHHPPPPHHPHHHPHPP
144,PPHHPPHPHHPPPHHHPHHPPHHPHPPPHHHPHPHHHHPHPPHHH
145,HPPHPHPPHHHHHHPHPHPHPPHPPPPHPHHHPPPHPPHHHPHPP
146,PHHHHPHPPPPHHPHHHPPPHPPPPPHPPHPHHPHHPPHHHHPPP
147,PPPPHPHPPPPHHHPPHPHHHPPPPHHHPHHPHHPPHHPHHHHHH
148,HPHPPHPPPHHPPHHHHHPPHPPPHHHHHPPPHHHPHPHHPHPHH
149,HPPHPPHHPPHPHPHHPPHPHPPPHPHHHHHPHPHPPHHHHHHHP
150,PPPHHPPPHPHPHHPPPPPHPHHHHPPHHPPPHHPHPPPPPPPHH
151,HPHHHHPHHHPHPHHHPHPHPHPHHPPPHPPPPPPPPPPHHPHPH
152,PPHPPPPPPPHHHHPPPPHPPPHPPPPHHHPPPHHHPPHPHPPPP
153,PHPPHHHHPPPHHPHPHPHHHHPHHPHHHPPHHPPHPHHPHPHHP
154,PPPPPPHHPPHPHHPPPPPPPPHPHHPHPHHHHPPHPHPPHHPPP
155,PPPHPPPHPPHPPPHHHHHPPHHHHHHPHPPPPHHHPHPPHPHHP
156,HHHHHPPHPPHPHHHPPHHHHHHPPHHPPHHPPHPPHHPHHPHHH
157,HPPPHHPPHPHHPPHHHPPHPHPPHPHPPHPPHPPPPHHHHHPHP
158,HPPPHPHHHHPHHPPHPHPPPHPPPPPHPHPPHPHPPPPPHHHHH
159,PPHPHHPHHHPHPPHPPPHPPPPHHPHHPHPPHHPHHPPPPPPPH
160,PHHHPHPPPPPPHHHPPHPHHHPHPHHPPHPPHHPHPHPPHHHPP
161,PPPHPHHPHHPPPPHHPHHPPPPPHPHHHPHPHPPPPPPHHPHPP
162,HHHPPPHHPHHPHHPHHHPHHPHHPPHHHPPPHPHHPPHPHHHHP
163,HHHPHPHPPPPHPHHPPHPPPPHHPHHHHHPPPPHPPHHPPHPHP
164,HPHHHHPPPPPHHHPPHPHHHHPPHHHHHHHHPPPPPPHPPHPHP
165,PHHHHHHHHHPPHHPPHHHHPHHHHPPPPPPPHPHHPPPPPPPPH
166,PHHPHHHPHHHPPPHHHPHPHHHPPHHPPPHHPHHHHHPPPHPPH
167,HPPPHPHHHHPPPPPHPPPHHPPHHPHHPHHPHPPHPPHHPHPHH
168,HHHHHPHHPPPPPPHHPPPPHPPPHPHPPPHHPPPPPPHHHPHPH
169,HHHHHHPHHHHHPPPHHPPHPHPHHPPPPHPHPHHHHPPHHPPPP
170,PHHHHHHHHPPHHHHHPPHPPPHHPHHPPPPPHHPHHPHPHHHPH
171,PPHHHHHPHPPHHHHHHHPPHHHHHHHPHPPPPPHPPHHPPPPHP
172,PHHPPPHPPHPPPHHHPPHHHHPPHHHHHHHHHHPHHPHHPPPPP
173,HPPPHHPPPHHPPHPPPPHHPPPPHHPPHHHHHHHPHHPHHPHPP
174,PHPPPPPPPHPHPPHHPHHHHPPHPHPHHHPPPPHPHHHPHHHPP
175,PPHHHHHPPHHHHHHHPHPPPHHPHHPHHHHPPPHHPHPPHHPPP
176,PPHHHHPHPPPPPHPPHHPPHPHHHHHPHHPPPHPPPPPPPHPPP
177,HPPHHHPHPHPPHHHHPPPHPPHHHPHPPPPHHPPPHHHPPPPPH
178,PPHPPHHHHPPPPPPHHHPPPHPPHPHHHHHPPHHHPHHHPPPHP
179,PPHPPHPHPHPPHPPHHHHPHHPHPHPPPPHHPPHHPPPHPHHPP
180,HPHPHHHHPPHPHHPPPPHHPHPPPPHPHPHPPHHPHPHPPHPHH
181,PHHHHHPPPPPHPHHPPHHHHPPPHHPHPPPPPPPPPPHHPHPPP
182,PPHPPPPPHPHPPHHPPHPHPPHHPHHPPHPHHPPPHPHHPPHPH
183,HHHHHHPPHHHPPHPPHPPHHPPPHHPHHHPPPPPHHHPPPPPHP
184,HHHHPPHHPHHHPPPPPHPHPPHPHPHHPHPPHHPHHHHHHHPHP
185,HHHPPHPPPPPPPHHHHHPHPHPPHPHPPPPPHPPPHHHHHHHPH
186,HPPHHPHPHHPHHHHPPHHPHPHHHPPPPPHHHPHHPHPPHPPPH
187,PPPHPPHPPHPHPPPHHPPHPHPHPHPPPHPPHPHPHHPHPHPPP
188,HHHPPPHHPHHPPPPHPPHPPPPHPPPPPPHPHHPPPPPPPHPHP
189,HPPHHPHPHHHHPHHPHHHPPPPPPHHPHHPPPHPHHPPPPHHPP
190,HHPPHHPHPHPPPHHHHPHHPPPPPHPHPPHPHHHPPPPHPHPPH
191,PPPHPHPHPHPHPPPPHHHPHPPHPHHPHPPHPHHHPPHPHHHHH
192,PHHHPPHPHPHHPHHPHHHHPPPPHPHPPHPPPHHHPPPHPHPHP
193,PHHHPHPPPHPPHPPPHHHHHPPPPPPHHPPPPPHHPPHHHPPPH
194,HHPPHHPPPPPHPPHHPPHPHHPPHPHPPHPHPHPHHPPHPPPPH
195,PHHPPHHHPHHHHPHHHPPPPPHHHHPHHPPPHHPPHPHHHPHPP
196,HPHPPHHHHHPPHHPHPPPPPPHPPHPPPHPPPPHPPHHHPPHHP
197,PHHHPPHHHPPPPHPHHPHPPPHHPHHPHHHHPHHPPPHPHHHHH
198,HPPHHHPPPHHHHHHPPHPHPPHPHHHHPPHPPHHPPPHPPPHHP
199,HHHPPHHPPHHHHHPHHHHPPPHHPPHPPPHPPHPPHPPPHHHHP
200,HHHPPPHHPPHHHHPHHPHHPPPHPHHPHPHHHHPHHHPHPPHPH
201,PPHHHPHHHHHPHHHHHPHPHHHHHPHHPPHPHHPPHPPHHHPHP
202,HHHPHHPHPHHPPHPHHPPPHPHHHHHPHHPPHHPPHPHPPHPHH
203,HHPHHHPHHPPPPPPPHHPPPHHHPHHPPPPPHPPHHHPPPPHHH
204,HHHPPPPHHHPPHHPHHPHHHHHHPPPHHHHPPPHHHHHHHHPHH
205,HPHHHHHHHHPPPHPHPPPPPPPHHHHPHPHPPPPHPPPHPHHHH
206,PHHPHPHHHHPHPHPPPPPPPHHPPPHPPPHHPHPPPPHHHPHPH
207,PHHHPHPPPHHHHPPPPHPHHPHHPHHHHHHPHHPPHHPHPPHHP
208,HPHPPHPHPHHPPPPHPHHHPPPPHHHHPPHHPHPHHHPHHHHPP
209,HPHPPHPHHHHHPHPHPPHHHHHPPPPPPPHPHPHHHHHHHPHHH
210,PPPHHPPPPPHHPPPPHHPHPHHPHHPHPPPHPHPPHHPHPPHPP
211,HHHPPPHHPPHPPPHHPHPHHHPHHHPHPHHPPPHHPHHPHPPPH
212,PHPHPPPHHPHPPHPPPHPPHPHPPPHPHPPPPHPPHPPPPPHHH
213,HHHPHHHHPHPPHHHHPHHPHHPHPPHPPPHPHHHHHHHPHPPPP
214,PHPHPPHHHPHPPHHPPHPPPPPHPPHPHHHPHHPPPPPPHPPPH
215,HHHHPHHPHHPPPPPHHPPPPHPHPHHPHPHHPPPPPPPHPPHPP
216,PPHPPPHHHPHHHHHHPHHHHPPPPHPHPPHHPHPHPHPPHPPHH
217,HHPHPPPHPHHHPPHPPPHPHHHHPHHPHPPHPPPPPHPHHPHHP
218,HHHPHPHPPHPPPHPHHHPPPPPHHHHHHHPHPPPPHPPHPPHHH
219,HHHPPHPPHHPHPHPPPHHHPPHPHPHHHHHHPHPHHPHPPHPPH
220,PPPPPPHPPPPPHHHHHPPPHHPHPHPHPHHPPHHHPPHHPPPHP
221,PPHPHHHPHPHPPHHPHHPPPPHPHHHPHHPHPHPHHPHHPHHHH
222,PPHHHPHHHHHPHHPHPPPHHHPPHHPPPPHHPPPHHHPPPHPPP
223,HPHHHHHPHPHPPHHHHPPPPHHPPPPHPHHPHPPHPHPHPHPPP
224,PPHHHHPHHPPHPHHHHHHHPPPHPHHPPHPHPHHPHHHPPHHHH
225,HPPPPHPHPPHPPPPHPPPPHPPPHPPHHPHHPPPPHHHPPPPHP
226,HPPPPPPHPHPPPHPHHHPPHHPPHHHPPPPPPHPHHPHHHPPPH
227,HPHHHHPHHHHHHPPPHHHHPPHPHPHHPPHHHHPPHPPPHPPPP
228,PHPPHHHPHHHPHHPHHPHHPHPPHPHPHHPHPHHPHPPPHHPPH
229,HHHPHHHPHPPPPPPPHHPPHPPPPHPHHPHPHPHHHHPPHPPPH
230,HHPHPPPPHPHHHPHPPHPPPHHHPPHHHHHPHHHPHPHPPHHPP
231,PHHHHHHPHPHPPPPPHPHPPPPPHPPPPPHPHHPPHPPPHPHHH
232,PHPPHHHHHHPHHPHPHPHHPHPHPPHPPHPHPHHPPPHHPHPHH
233,HHHPHHPHPPHPPPHHHHPPPHHHPPHHHHHHHPPHHHPPPHHHP
234,HPPHHHPHHPPPHHHPPPHPPPPPPPHPPPHHPHPHPHHPHHHPP
235,PHHPPHHHPPHHHHHHPHHPHHHHHHPHPPPHHHHPPHPPHHHPH
236,HHPHHHPHPHPPPHPHPPPPHHHHPHHHHPHPHPPHPHHHHPHPH
237,PHPPPHHPHPPPPPPHPHHPHHPPHPHPHHPHPPHHPHHPHHHHP
238,PPPPPHHHHHHHHPHHPHPHPPPHHPHPHPPHHHPHPHPHPHHPP
239,HHHHPHPPPHPHHPHPHPHPPHHPHPHHPHPPHHPHPPPHPHHHH
240,PPPHHHPHHHPPPPPPPPHPHPHPPHHHPPPPPPPPPHHHHPPHP
241,HPPPPHHHPPHPHHHHPHHPPHHPPHHPPPHPHHPHHHPHHHPHH
242,PHPPPHHPHPPHPHPPPHHHHHPPHHHHPHPPHPHPHPPPPPHPP
243,HPPPPPPHPHHHPHPPPPPHPHHPPPPPPHPPPHPHPPPHHHPHH
244,HPPPPPHPPPPHHHPPHHHHPPPHPHHPHPHPPHHPHPHPPPPHP
245,HHPHHPHPHHPHPPPHHPPPPHHHPPPHHPPHPPHPPHPPHHPPP
246,PHPHPPHHHHPPPPHPPPPPPPHPHHHHHHHPHPPPPHHPPHPPH
247,HPPPHHPHHHPHPPHPPPPHPHHHHPHPHHHHPPPPHPPPPPPPP
248,HPHHHHPHPHPHPHHHPHPHHHPPHPPPHPHPPHPHHPHHHHHHH
249,HPHPPPHHHPPPHPHHPHHPPPHHPPHPHHHPPHHHHPPPPHHPH
250,HPPHHPHHHPHPHHPHPHPPHHHPPHPPPHHPPPPPHPHPHHPPH
251,HPPHHPPPHPHHPHPPPPPHPPPPPPHPPPHPPPHHHPPPHHPPP
252,PHHPHPHHHHHPPHHPPHPPPHPHHPPPHHPPHPHPPHPHPPHPH
253,PPPHPPHHHPHPHPPPPHHPHPHHPPPHHHHPHHHPPHPHHPHPP
254,PPPHPHHPHHPPHHPPHHHPHHHHHHPHPPPHPPHPHPPHHPPHH
255,HPPPHHHHHPHPPPHPPPHPHPHPPHPHPHHPPPPHPHPHHPHPH
256,HHHPPHPHHHHHPPHHHPPPHHHPHHHHHPPPHHPPPPPPHPHHP
257,PHHHPPHHHHHPHPPPHHHPPPHHPPHPPHPHPHHPPPPHPPHHH
258,HHHPHHPPHPHHHHPPPPPHHHPPPPHPPPHPHPPPPPHPPPHHP
259,PHPHPHPHHPPHHHHPHPPPHPHHPHHHHHPHPHHHPPPHHHPPP
260,PHPHHHPHHPPPHHHHHPPPPHHHHHPPHHPHHHPHHHPHHHPHP
261,PPPHHHHHHPPHHPHPHHPPHHHPPPHPHPPPHPHPHPHPPHPPP
262,HHPHPPHPPHHPPPHPHPPHPPPHPPHHPPPHHHHHHPPHPPPHH
263,HHHPPHPHHHHPPPPPPHHPHHHHPPHHPHPHPPHHHHHPPHHHP
264,HHHHPPPPPPPPHHHHPHHPHHHPPHPHHHHPPHHHHPPPHHPHH
265,PPHPPPPHHPHPHPHPPHPHPPHPPHHPHHPPHHPHPHHPPHHPH
266,PPHPPHPHHPHPPHPPPHPHHHPHHPHHPHHPHHPPHHHPPPHPH
267,PHHPHHPPHPHPHHPPHHPHPPPHPHPHPPPHHHHPPHHPPHHPH
268,HHHPPPHHPHPPHHPPPPPHPHPHHHHHHPHHHHHHPPHPPPHHP
269,PPHHPPHPPHHHPHPPPPHHHPHPPPPPPHHPPPPPHPPHHPHHH
270,PPPPPHPHPPPPHPHPPHPPPPPHPHPHPHHPPPPPPHPHPPHPP
271,PHPPHHHHPHPPHHHHHHPHPHPPHHPHPPPPPHHPHPPHPHHPH
272,PHHHPHHHPHHHHHPPPHHPHHHHHHPPPPHPPHPPPHPPPHPHP
273,PHPPPHPHPPHHHPHHPHPHHHPPHPHHHHHPHPHHPPHPPHHPH
274,PPPPPHPHHPHPPPHPPHPPHPPHHPHHPPHPPHPPPHHHPHPPP
275,HHHPHHHPPPPHHPHHPPPPHHPPHHPHHHPPPPPHPHHHPHPHH
276,PHPHHPPHPPHHHPHPHHHHHPHHHHPHHPHPPHPPHPPHHPPHP
277,PHHHHHHHPHPPPHPPHHHHHPHPPHHPPPHHPHHHHPHPHHHPH
278,PPPHPPHPHHPPPHHPPHPPHHPHHPPHPHHPPHHHPPPHHPPPP
279,PPPHPHHHHPPPHHPHHHPPPPHPPPPHPPPHPPPHHHHPHHPPH
280,PPHPPPHPHPHPHPPPPHHPHPHPHHHHPPHPHHPHPPPHPHPHH
281,PPHPPPPPHPHPHHPPHPHPPHPHPPPPPHHPHHPHHPPHPHPHH
282,PHHPHHPHPPPHPPHPHPHHPPHHPHPHHPPHHPHHHPHPPPPHH
283,HPPHHHHHPHHHHPHPPHHHPPPHPHHPHHPHHHPHHPHHHPPPP
284,PHPHHHPHPHPHPHPPHPPHPHPHPHHHPPHHPHPHPPPPHPHPP
285,HPPPPPHPHHPPPHHHPPHHPPHPHHPPHHPHPPHPHPPHHPHPP
286,HHPPPPPHPPPPPHHPHPHPHHPHHPHHHHPHHPHHHPPPHPHHP
287,PHPHPHHHPHPHHPHHPPHHHPPHPHPPPPPPHPHHPHPHHHHHH
288,HHHPHHPHHPPPPPHHPPPHHHPHPPHPPPHPPHPPPHPHPHPHH
289,PHPPHHHPPHPHPHPPPHHHPHHHPHHHPPHPPHPHPHHHHHPHP
290,HPPPPPHPPPHPPPHPHPPPPHPHHPPPHHHHHHHHHHHPPHPPP
291,HPPHPPHHHPPHPPPPHPPPPPPHPPPHHHHHPHHHHHPPPPPHP
292,HPPPHPHPHHPHHHHPPHHPPHPHHHHHPPHPPPHPHPPHHHHPP
293,PPPHHPPHPPHPPHHHHPPPHPPHHHPPHHPHPHPHPHPHHPPPH
294,HPHHHHHHPHHPPHPHPPPHPPPPPHHPHHHPPHHPPPPPHPHPP
295,PHPHPPHPHHHHHPPHHHHPPHPPPPHPPHPPHPHPHPPHHPHPH
296,PPPHPPHPHPHHHHHHHPHHHHPHHHPPPHHPPPPHPHHHHPHPH
297,PHPPPHHHPPHPPPPPPPHPPHPPHPPPPPHHHPPPHHPPHPHPH
298,PHPHHHHPHPHPHHPHHHHHPPPPHHPHPHPHHHPPHHHHPHPHH
299,HPHHHPPPPPPHHPHHPPHHHPPHHHPPPHHHPHPPPPPHPPPPP
300,HPHHHPHPPHPPHHPPPHHPHPPPPPHPPHHHHPHHPHPPHPHPH
301,HPPHHHHPPPHPPPHHHHPHPHPPPPPHPHPPHHHHPPPPPHHHH
302,HPHHPHPHHHPHHHHPHHHHHHHHPPPPHHPPPPPHPPPHHHHHH
303,PPHPHPPHHPHHHPPHHPPHHPHPPHPHPHHHHHPHHHPPHPPPP
304,HHHHPHPPPPHHPHPPPHHPPPPHPHHHHHHPPPPHPHHPHHPPP
305,HHPHPPHPPPHHHPHHHPHPPHPPPPHPPPHHPPPPHPPPPHHPP
306,PHHHPHHHPPHPPPHPPPHPPHPHHPPHPPPHPPPHPPPPPHHPP
307,HPPHHPHPHPHPHPHPPHPHPPPHPPPHHHHHPHPPHHPPPHPPH
308,PHHPPPPPPHPHPPHPHPPHPHPHHPPPHHPPPHHHPHHPHHPHH
309,HPHPPHPPHPHPHPHPHHHHPHHPPPPPPHHHHPPPHHPPPPPPP
310,PPHHHPHHPHHPHPPHHPHPHHHHPPHPPHHPHHPHHPHPHPHPH
311,PPHPPHPPPPPPHHPPHPPPHPHHHHPHPPPPPHHPHPPHPHPPP
312,HPPHHPPPHPHHPHPPHPPPPPPHHHPHPHHPHHPHHHPPHHPPH
313,PPPPHHHPHHHPPHHPPHPPPHPPHPHHPPHPHHHPPHPHHPPHP
314,PPPPPHPPHHPPPHHHHHPPHPPPHHPHHHHPHHPHPPHPPHHPH
315,PHHPPHPHPPPHHPHHHPHPPPHPHHHPPHPHHPPPHHPPPHHPP
316,PHPHHHHPHPHHPHPPHHPPPPHPPPPHHPPHHHPHPPPPPHHHP
317,PHPPPHPHPHPPPPHPHPHPPHHPHHPPPPHPHPHPHPHPPPHPP
318,HHHHPHHHHHPHPHPPPHHPPPHPPHPPHHPPHHHPHHHHPPHHH
319,PPHPHHPHPHPHPHHPPHHHHHPPPHHPPPPHPPHPHHHPHPHPH
320,PPHHPPHHHHHHHPPHHHHPPHHHHHPPHHPHPPHPPHPPPHHHH
321,HHHPPPPHHPPPHPHHPPHPHHHHPPHHPHPPPHPPPPPPPPPPP
322,HPHPHPHPPHPHPHHPPHPPPHPHPPHPPPPHPPPHHPHPPHHHP
323,HPPHPPHHHPHHHHPHHPPHHHHPHPPHPHPHHHPPHHHPPPPPH
324,HHPHHHPPHHHHHPPHPPPPPPPHHHPPHHHPHPPHHHPPPPHHP
325,PHHHHPHHPPHPHPPPPPHHHHPPPPPHHPHPPHHPPPPPPPHHH
326,HPPPHHPHPHHPPHPHPPPPHPPPPHPPPHHPHPPHHPPPHPHHP
327,HHHHPHPHHPHHHPHHPHHPPHPHHPPHPHHHPPHPHHHPPHHPP
328,PPHPPPPPPPPPPHPHHPHHPPHPPPHHPHPHPPPPPPPPHPPHP
329,HPHPHHPHPPHPPHPHHPPHHHHPHPHHPPHHPHHHHHHPPPPPH
330,PPPPPHHHHHHPPPHHHPPPPPHHHPPPPHHPPHHPHPPHHPPHP
331,HPHPPPPPPHHPPPHPPHHPPPPPPPHHPPHPHPHHPHHHPPPPH
332,PPPHHPHHHHHHHHHPHHHPPHHHPHHPPHHHHHPHHHPPPHHHP
333,PHHPHPHHHPHPHPPHPPHPPPHHPHHPHPPHPHHHHHPPPHPPH
334,PPHHHPHHPPHHPHHHPHPHPHPPPHHHHPHPHHPPHPPPHHPPP
335,PPPHPHPHHPHHPHHPPHPHHHPHPPHPHPPPPHHPPHPPHHHPP
336,HHPHPPHPHPPPHPHHPPPPPPHHHHHHHPHPHPPPHPHPPPPPH
337,HHPHPHPPHHHHPPHPHPPHHHHPPHHPHPPHHPHPHHHPPPHPP
338,HPHPPHHHPHHPHPHHPHHPPHPPPPPPHHHPPPHPPHHHHHHHP
339,PHPPPPPHPPHPPPHPPHPHHHPPHPHPHHHHHPPHPHHHPPHHH
340,PPHHPHHPPHPHHHPHPHPPPHPHPPHHPPHHPHPPHHHHPPHPH
341,HHHPPPPPPHHPHPPPHHPHHPPPHPHPPPHPHPPHHPHHPPPPH
342,PPPPHHPHPHHHPPPHPPPPPHHHHPPPPHHPPPHPHHHHPHPHP
343,PHHPHPPPPPHHHHPPHPHPPHHPPPHPPHHPPHPHPPPPPPHPH
344,HPHPHHPHHHHPHHHPHHHPPHHHHHHHPHHPHPHPPHHHHPHHH
345,HPPPPHHPHPHPPPHHPHHPPHPPPHHPHPPHPPHHHHHHPPPPH
346,PHPHHHHHHPPHPPHHHHHPHPPPHHPPHPPPHHHHHPPPPHHHH
347,HHHHHHPPPPHHPPHPPHHPHPPHHPHPHPHHHHPHHHHHHHHHP
348,HPPHPHPHHPPHHPPHPHHHHHHHPHPPHHHPHHHPHHPPHHHHH
349,HPPHPHHPPPPHPPPHPHHHHPHPHHHPHPPPHHHPHPHPPHPHH
350,HHHHHPHPHPHHPPPHPPHPHPHHHHPPPHPPPHHPPHPPHPHPP
351,PHHHPHHPPHHPPHHPHPPHPHHHPPPPHPPPHPHHHPPPHPPPH
352,HPHPPPPPPPHPPHHPPPHPPPHHPHPHHHPHPHPHHHHHHHPPP
353,HHPPHHPPHHPPPPPPPPHPPHPPPHHPPPPPHPHHPHHHHHPPH
354,HHHPPPPPPPPPPPPHPHHHHPPPPHPPPPHHPPPPPPPHPPHPH
355,PHPHPPPHHPPPPHPHPHPHHPPPPPHPPPHPHHHPHPHHPHHHH
356,HHPPPPHPPPPHHHPHHHHHHPHPHPHHPPHPPPPHHPHPPHHPP
357,HPHHHPHHHHHHHHHPPHHHPHHPHHHPHPPPHPHHPHPHHPPPH
358,PPHHPHPHPHPHPPHHHHPPHHPHHHPHHPPPHPPPHHPPPHPPP
359,HHPPPPPPPPHHPPHPHHHPPHPPPHPHPPPHPPHPPHPHHHHPP
360,HPHPHPHPHHPPHPPHHHHPPHPHPHHPHHPPPHHHHHHPHHPHH
361,HHPPPPHHHHHHPHHPPHHHHPHHHPPPPHPPPPPHHPHHPHPPP
362,PPPPHPPHPPPPHHHHPPPPHPHPHPPHPPHHPHPHHPHHPHPHP
363,PPHHHHHPHHPHHPPHPPHPHHPPPPHPPHHPHHPPHHHPHPHPH
364,HPHHHHHHHPPPHHPPPPHPPPHHHPHPHPHHHPHHHHHHPPHHP
365,PHPPHHPHPHPHHHHPHPHPPHHPHPHPPPPHPPHHPPPHHHHHH
366,PHPPPPHHHPHHHHHPPPHHHHHPHPHHPHHHHPPPPHPPPHPHH
367,HHPPPPHPPPPPPHPHHPHHPPHHHPHPHPPPPPHPPPPHPPHPP
368,HHPPHHPHPPHPPHHHHHHPPPPHHPPPHPPPHPHPHPPPHHHPP
369,PHPHPHHPHHPHHPPHHPPPHPPHHPPHHHHPPHHPHPHHPHHHP
370,PHPPHPHPHPHPHPHPHHHPHPHHPPPPHHHPPHPHPPHPPHPHP
371,PHPHHHPPHPPHHPHHPPHPHPPHHPHHPPPHHHHPPPPHPPPPP
372,HPHHHPPPPPPPHPPPHHHPHHPHHPPPHHHHPHPHHPPPHHHHH
373,PHPPHPHPPPPPHPPPHPHPPHHHPHHHHHPPHHHPHHPHPHPHH
374,PHHPHHPHPHHPPPPHPHHPPHPHPHPPPHHHHPHPHPPHHHPPP
375,PHPPHHHHHHPPPHPHHPPPHPHHPPHPHHPHHPHPHHHHPPHPP
376,HHPHPHHHPHPHHHHPPHHPPHHHPHHPHHPHPHPHPHHHHHHPH
377,HPPPHPHHPHPPHPHPPPPHPPHHPHHPHHHPPPHHHHPPPPPPP
378,PHHHHHPPHPPPPPPHPHPHPPHHHPHPHPPHHPPPPPHPPPHPP
379,PPHPHHPHPHPHHHHHPPHPHPHHHHPPPHPHHHPPPPPPHHPHH
380,PPPPHHHPHPPHPPPHHPHHHHPHHPHHPPPHHPHPPPHHPPPPH
381,HHHHPPPPPHPHHPPHPHPHPPHHPHPPHPPPPPHHPPPPPHPHP
382,HHPPPPPPPHPHHPHHPHPHHPPPPPHHPPPHHPHHPHHHHPPPH
383,PHPHPPHHPPHHHPHPHHHPHHHPPHHHPPHPHHPPPPHHPPPHH
384,PPPHHPHHPPPHPHHPHHHPHHHPHPHHPHPHHHHPHPHPHHPPH
385,HPPPPPPHHPPPPPPHHHPHPHPHHHHHPHPPHHHPHHPHHHPPH
386,HHPPPHPPPPPHPPPPHHPHPHPHPPPHPHPPPHHHPPPHPPHPP
387,HPPPPPPPPPHPPPHHPPHHPHPPPHHPHHHPPHHPPHPPPPPHP
388,PHHHHHPHPPPPPPHHPPPHHPPHPPPPHHPPPPPHPHHHPPPHH
389,HPHPPHHHHPPPPPHHHPHPPPPPPPPPPHPHHHPPPPPPHHHHP
390,PPPHPPPPPPHHHPPHHHPHHPPHHPHPPHHPHHHPPPPHPHPPH
391,HHPHPPHHPPPPHHPPPPPHPPHPHHHPPHHHHHHPHPHPHPHPH
392,PHHHPHPHHHPPPPHPPPHHPHPPHPPPPHPPHPHHHPHHHHHHH
393,PPHPPHPHHPHHHHPPPPPPHPHHPHHPHPPHHHHPPPHPPHPHP
394,HHPHHHPHPHHPHHPHPHHPPPHHHHHHPPPPPHHHPHHPPPHPP
395,HHPPPPPPPPPHHHPPHHPPPPPPPHHPPHPPPHPHPHHHPPPPH
396,HHHHPHHHHHPHHPHHHHPPHHPPHPHHPHHHHHHPHPPHPPHHP
397,HHHPHHPHHHHHHHHHPPPHPPPHPPHHPHPPHHHPHHPHHPPPH
398,HPPHPHPHHPPHPPHPHHPPPPPPPPHPPHHHPHPPHPHHHHHHP
399,HHPHHPHHPPPPPHPHPPHPPPPHHPHHHHPHHHPHHHHPHHHHH
400,HHHHPHPPPHPHPHHHPPHPHPPPHHHHHHHPPHHPPPHPPHPHP
401,PPHPPHHHHHHPHHPPHHHPPHPPPPHHPPPPPHHHPHHHHPHPH
402,HHHHPHPHPHPHPHHPPPPPPPPPHPPHHHPHPPHHHPHPHPPPP
403,PPPHPPPPHHPPHHPHHHHPHPHPPHPPPHHHPHPPPHPHPPPPH
404,PHPHPHHPHHHHPHHHHHPPPPHHPPPHHPPPHPPHPHPPPHPHH
405,PPPPHHHPPPPPHHHHHHPPHHPHPHHPHPPHHHHHPPPHPHPPH
406,HPPPPHPHPPPHPPHPHHPHHHHHPPPPPHHPPHPPPPHHPPHHP
407,HPHHHHPPHHPPHPPPPPPHHHPPHPHPPPHPHHHPHPPHPHPHP
408,PPHPHPPPPHPPHHPPPPPHPPHPPHPHHPPPHHPPPPHPHPHHH
409,PPHHPPHPPHPPHHPHHHPHHPPHPHHHPPHPHHPPHHHHHHPPH
410,PPPPPHHPPPHHPPPHPPHHPPPHPPPPHHPPPPPHHHPPPHHHH
411,PPPHHPHPPPPHPHHHPPHHPPPHHHHPPHHPPPPHHPPHHHHHP
412,HPPHHHHHHHHHHPHHHPPHHPHHHHHPPHPHHPPHPHPPHPHPP
413,HHPHHHHPPHPHHPHHHHHPPPPHPHPHPPHHHHPHHPHHHPPPH
414,HHPPHPHPHPHHHPPHHHHHPPPPHHPHHPPHHPHHHPHHPHHPH
415,PHHPHPHPPHPPPPHPPHPHPPPHHPPPHHHPPHPPPPHPPHPPH
416,PPPPHPHPHHPPPHHPPHPPPHHPHPHHPPHPHPHHHPPPPPPHH
417,HHHHHHHHPHPPHPHPHPHPPPPHPHPHPPHHPHHHHPPPPPHPP
418,HHHPHHHHHHHPPHHHHPPPHHPHPPHPHPHHPPPPPHPPHPHPP
419,HHHPHHPPPHHHPPPPHHPPPHPHHHHHPHPPHPHHPHHPHHPHP
420,PPHHPPPHHHHPPPPPPHPHPHHPHPHHPHHHHHPPPPPHHHPHP
421,HHHHPPPHHHPHHHPPHHPPPPHHPPHHHHHHPPPPPPHPPHPPP
422,PHPHHHPPPHPHPHPHHPPPPHHPPPHPHPPHHHHPPPPHPHPPP
423,PPHPHPHPHPHPHHHPPPPHHHPHHPHHPHHHHHHHHPHHHPHHH
424,PPHHHPHPPHPPHHPHPHHHHPPHHPPPPPPPHPPHHHHPHPHPH
425,HPHHHPPHHHHPPPPPHPHHHPHHPPHHHPPHHPHPPPHHPPHHP
426,HPPPHPPHHHHPHPPPPHPHPPHHHPHHHPPPPPHHHHPPHHPHH
427,PPPHPPHHPHPPHPPHPPHPHHHHHHHPPPPHHPPPPPHPHPPHH
428,HPPPHPPPPPHPPPPPPPHPHHHHHHPPHPHHHPHHHHPHHPPPH
429,PHHHHPHHPPHHHPPPHHHPHHPPPHHHPHPPHPPHHHHHPHPPH
430,HHHPPPHHPHHPHHHPPHHPPPHHPPPPPHPHPPPPHHPHPHPHH
431,PPPPHPPHHHPHHPPHPPPPPPPHHPHPHPPHPPHHHHPPHPHPH
432,PHPHPHPPPPPPHHPPHHPPPPPPHHPPPPPHHPPPPPPPPPHPH
433,HHPPPPHPHHPPHPPPPHPPHHPHHHHHPPPPHPPHPHHPPPHHH
434,HPPPHPHHHPHHPHHPHPHHPHHPHPPHHHHPPPPHHPHPPHHPH
435,HPHHHHHHPHPPHPPPPPPPHHPHPPHPPHPPPPPHPPPPHHPHH
436,HHPHHPHPPPPPPHPPPHPHHHPPHHPPHPPPPHPPPPHHHPHPP
437,HHHPPHPHHHPHHPHPPPPHHPHHHHPPHHHPHHHHHPPHPHPHH
438,PHPHPPHPPHHHPHPHPPHHHPHHHPPHHPPPPHPHPHPPHHPHP
439,PHHPPHPPHPHPPHPHHPHHHHPPPHHHPPPPPHPHPHHPHPHPP
440,PPPHPPHPHHHPHHPHHPPPPPPHPHHHPHHPHHPPHPPHPHHHH
441,HHHPHPHPPHPHPPPPPHHHHHHHPHHHHHPHHPPPHHPPPHPHH
442,HHPHPHPHPHHHPPPHHHPHPHHHHPPHPPHPPHHHHPHHHPPHP
443,HPPPPPHPHHHHPPHPHPPPHPPHPHPHHHPPPPHHHHHPPHPPP
444,PHPPPPHHHPHHPPHPPPPHPHPPPPPPHHHHHPPPPHPPHHHHP
445,PHHHHHHPHHPHHPHPPPPHPHPPHHHHPPPHHPPHHPPHHHPHP
446,HHPHPHHPHHHPHPHPPPPHPHPPPPHPPPPPHHHPPPPPPHPPH
447,PHHPHPHHPHHPHPPPPHPHPHPPPHHHHPPPPHPPHPHHHPHPH
448,HHPHPHHHHPHHHHHHHHPHPHHPPPHPHPPPPPPHHHHPPHPPP
449,HHHPHPPPPHPPHPPPPPPHHHHPPPPPHPHPPHHHPHHPPPPHH
450,HHPPHPPHPPHPPPHPHHHPHHPPHHHPHPPPHHPPHPPPHPHPP
451,PPHHPPHHPHHHPPHPPHPHPHHHHHPPPPPPHHHHHHPHHPHPP
452,PHPHHPPHPPPPHPHHPHHPHPHPPPPHPHPHPPHHHHHPHHHHH
453,PPPHHPPHPPHHHPHPHHPPHHHPHHHHHPHHHHHHHHPHPHPPH
454,HPPPHPPHHPHPHHHPHPPPHPPPHHPPPHPPHPHPHPPPPPPPH
455,HHPHPPPHHHPHPPHHHPPHPPHHHHHPPPPHHHPPPPHHPPPPP
456,HPHPHHPPPHHHHPPHHPHHPHPHHHHPHHHPHHHHHPPHPPHPH
457,HPHPPHHHHPHPHHPPHHPHPHPHHHPPPHHHHHHPPPHPPPPPH
458,PHPHHHPPHHHPHPPHPPPHHHHHPPPHPPHHHHPPPHPHPHPPP
459,PPPHPHPPHPPPHPHPHPPHHHHHPHPHPPHHHPHHHPPHHHPHP
460,PHPHPPHPHHHPPHPPPHHPHHHPHHHHPHHHPPHPPPHHPHHHH
461,PPHHPHHPPHPPPPPPHPHHHHHHPPHHHPHPHPHHPHHPHHHHP
462,PHPHHHPPPPHHPPHHPPPPHHPHHHHHHPHHPHPPHPHPPPPHH
463,HHPPHPHHHHHPPPPPHHPHPHHPHPHHHHHHPPHHHPPPPPHHH
464,PPPPHHPPPPHHHPPHHHPHHPPHHHPHHHPHHHHHHPPHHHPHP
465,PHHHHPHPPPHHPHHPHHHPHPPPHPPHHHHHHPPPPHHPPHHHP
466,PHPPHPHPHHHPHPPPPPHPPPHPHPHPPPPPHHHHPHPPPPHPH
467,HPPHPHPHPPPHHHHPHHPPPPPPHHPHHPHHHHHPPHHHPHHHH
468,PPHPHHPHHPPPHHHPPPHHHPPHPPPPHHHHHPPHPPPPHHHPP
469,PPHHPPHPPPPPPPHHPHPPPHPHPPPPHHPHPHPHHHPPHHHHP
470,HHHHHPPHHPHHHPPHHPHPPHPHPPPHPPPPHPPHPHPPPPHHP
471,HHHPPPPHPHPPHPPHPPHPHHHHPHPPPPHPHPPPHHHHHHHPP
472,PPPPHHHPHPPPHPHHHHHPPPPPPPHPHPHPPPPHPHHPPPPPH
473,HPPHHHHPHHHPPHHPHHPPHHHHPPHHPHHPHHPPPPPPPPPHH
474,PHHHHPHHPPPHPHHPPPPPPPHHPHHPPPHPPPPPHHHHPHPHH
475,PHPPPPHHHPPPHPHPPHHPPPHPPHHHHPHHHPHHPHHHPHPHP
476,PPHPPHPPHPHPPHPHPHPHPHPPPHHHPPPPHPPHHHPHPPHPH
477,PHHPHPHHPPHPHHPPHPPPHHHHPPHHHHPHHHHHHPHPPHHPH
478,PHHHPHPPHPPHHHHHHPHHHHPPPPHPHPHHPPPPPHPHPHPHH
479,HHHHPPPHHHHPHPHPPPHHHHHHPPHHHPHHHPPHPHPPPPPPH
480,HPHHPHHHPHHPHHHHHHPPHPPPPPPPPPPHPPPHHPPPPHPPP
481,HPPHHPHHHHPHPPHHPPPPPPHPPPHPPPHHHHHPPHPPPHPHP
482,PPHPHHHHPPHPPPPPPPPHHHPHHHPHPPHPHPPPHPHHPHHHH
483,PPPPPPHPHPHHHHPHHPPHHHPHHPHHHPHPHPPPPPHPPPPPP
484,HHHHHPHPPPPPPPPPHHPPPPPPPPHPPHPHHPPPPPPHHPPPP
485,HPPPHPPPHHPHPPHHHPHHPPPHHPHHPPHHPHPHPHPPHHPPH
486,PHPHHPPHHPHPPHHHPPPPPPHPPHPPHHPHPPPHHPHPHHHHH
487,HPHPHHPHHHPHPPHPHPPPPHPPHHHPHPHHHPPHPHPPHPHPH
488,HPPPPPPHPHHHHPHHHPPHHHHHPHPPHHHHHHHHPHHHPHHPH
489,HHPHPHHPHPPPPHHHHHPPHPPPPPHHPHHHPHHPPPPPPHPPP
490,HHPHPHHHPPHPHPHPHHPHPHPHPHHPHPHPHPPPPPPPHHHPP
491,HHHHHHPHHPHPHPPHPHHPPHPPPHPHHHPPHHPPHHPPHHHPP
492,HHPHHPPPPPPHPHHHPHPHPHPPHPPPPPPPHHPHPPPHHHPPH
493,PHHPHHPPPPPHHHPPPHPPPHPHPHPPHHHHPHHPHHHPHPHHP
494,PPPHPHHHHHPPPHHHHHHPPPPHHPHHPHPHPHPPPPPPHPHHH
495,HHPHPPHPHHPPHPPHHHHHHPHPHHPPPPHHPHPPPHHHHPPHP
496,HHPHPPPPPHPPPPHHHPPPPPPHHPPPHHHPHPPHPPHHHHPHH
497,HPHHPPHHHHPPPHHHHHPPHPHPPPPHHPPPPPHHPPHPPPPPH
498,HHHHPPPHHPHHHPHPPPPHPPHHPPPPHPHHHPPHPHHHHHHPP
499,HHPPPHHHHPHHHHPHPPPHHPHPPPHHPPPPPHPPPHPHHPHHH
500,PHPPPPHPHHPHPHPHHPPHPPHPHPPPPPPPPPPHHHPHPPHPH
501,PPHPPPHHPHPHPHHPPHPPHHHHPHHPHPHPPHHPPHHPHPHPH
502,HPPHPHPHHHHHPPHPHHHHPPHPHPPHPHPPHPHPPPPHHHPHH
503,HPPPHHHHHHPHHHPPPPHPHPHHHHHHPHHPPHPHHHPHHHPPP
504,PHHPHHHHHPPPHHHHHHPPHHPPHPPPHHHPPHPHHHPPHPHPP
505,HPHPHPPPHHHHHPHHHPPPPHHHHHPHHHHHPPHPPHHPHPPHP
506,HHHPPHPPPHHHPPPPHPPHHPPHPHHPPHHPHHPHPHHHPHHHP
507,HHPPHPHPHHPPHPPPPPHHPHHPPHPHPHHHPHHPPHPHPHPHH
508,HPPHHHHPHPPHPPPHPPHPPHPHHPHHPPPPHHHPHHPPHPPPH
509,HHHHPPPHHPPHPHHHPPHPHHHHPHPHHPHHHHPHHHPPPPPPP
510,PPPPHHPHHHHHHPPHPHPPPPPHPHHHHPHHPPHPPHPPHHHPP
511,HHHPPPPHHHPHPPPHHHHHHHHPPPHPHHPHHPPPHHHHPHHPH
512,PPPHPHPHPPHPHHPPPHHPPHHPHPPHPHHPPHHPPHPHHPHPP
513,HHHHHPHPHPPPHPHHHHPHHPPHPPHHHPPPPHPHPPPPHHPPP
514,PPPHHPHPPHPHHHPHHHPPPHPHHHHHHPHPPPHPPPHHHHPHH
515,PPPPHPPPPHHPHHPPHPHHPPPHHPPPHHHPPPPPHPHPPPHPH
516,HPHHPHPPPHHPPPHPPHHPHHHHPHHPPPPPPPHPPPPHHHPPP
517,PPPPPPHHPHHPPHHPPHPHHPHHHHHHHPHHHPHHHHPHPHPPH
518,HPPHPPHPHPPHPPHHPHHHHHHPHPPHPPHHHHPHHPHHPPPHP
519,PHPPHHPHPPHHPPHHHPPHHHHPPPHPHHHHPHPHHHPPPPHHP
520,HHHPHPHPHPPPHPHPPHPHPPPHPPPPHHPHPPHPHPHPHHPPP
521,PPHHPHHPPPHPHPHHPHPPHPHHPPPPHPPHHHPPPHPPPHHPH
522,HHHHHHHPPPPPHHHHHPHPHHPPPHHPPPHPHPHHHHHPHHHHP
523,PPHHHHPHHHPHPHPPHPPPHPHHPPPPPHPPHPHHHPPPPPHHP
524,HHPHPPHPHPHPPHHPPPPHPHPHHPHHPHHPPPHHHPPPPPPPP
525,HHHHPHPHHPPHPPPPHPHHPPPPHPHPHPHHHPPPPPHHHHHPP
526,HHPPHPHHHHHPPPHPPPHPHHPPHHHPPHPHPPHPPPHHPPHHH
527,HPHPPHPHHPPPHPHPHHPHHHHHPHPHPHPPHHPHHHPHPHHHP
528,HPPPPPPHPPHHHHHPPHPPHPHPPPHHPHHPPPHHPPHPPHHPH
529,PHHHHPPPPHPHPHPHHHHPPPPPPPHHPHPHHHPPPHPHPHPHH
530,PHPPHPHHPPPHPHPHHPHHPHPHHHHHPHPPPPHPHPHPHHHPH
531,PHPHPPHHHPPPPPPHPPPHHPPHPPHHHHHPPPPHHPHPHPHHH
532,HHPPHPPPPPPPHHPPHHPHPPPHPPHHHHHPPPPPPPPHHHHHH
533,PHHHHPPHHHHPHPHHPHPHPPPPPHHPHHHPHHPPHHPPHHPHH
534,PPPHPPPPHPHPPPPPPHPPPPHPPHHPHHPPHPHPHHHHPPHPP
535,HHPPPPHHHHPPHPHHPPHHHPPHPHPPHHHHHPPHHHPPHHHHP
536,PPPHPPHPHPPHHHPPHHPHPPHHPHHPPPPHPHPPHHHHHHHHP
537,HPHPHHHPPPHPHHHPHPPHHHPHHPHPPPHHPPHHPPHPHPPPP
538,HPHHHPHHHPHHPHHPHPPHPHHPPHPHHPPHHHHHHPPHPHHPH
539,PHPPHPPPPPHHPPHHPPPPHPHHPPPHPHPPHHPHHHHPHPPPP
540,PHPPHPHHPPPPHPPPHHPPPPPPPHPPPPHHPPHHPHHPHHPHH
541,HPPPPHPPPHPHPHPPHHHHHHHHHPPPPPHPPPPPHPHPPPPPP
542,PHPHHHPPHPPHPPPHPPHHPHHHHHPHPPPPPHPHHPHPPPHPH
543,HPPHPPPHHHHPPPPPPPHPPHHHHPPHHHPPPPPPPPPPPPPPP
544,PPHHPHHPHPHHPPPHHPPHPPPPPHPHHPPHPHHHHPPPHPHPH
545,HHPHHHHHPPPHPPPHHPHPHPPPPPHHHHHHPHPHHPHPHHPPP
546,PPPPHPPPHPHHPHHPHPHPPPHHPPHPHPHPPHPHPHHHHPPHH
547,HPPPPPPPPPHHPHPPPHHPPHPPPHHHPHPHPPHPHPHHPHPPH
548,PHHHPHPPHHPPHHHPPHPPPPPPPHHHHHHHHPPHHPPPHHPHP
549,HHPPPHHHPPHHHHPHPHPPHPPHHPPHPHHHHPPPHPHPHPPHP
550,PHHHPHHHHPPPHPHPHPHHPPHPHHPPHHPHHPPHHPPPHPPPH
551,PHPPHHPHHHPHPPHPPHPHPPPHHPPPPHPPPHPHHHHPPHPPH
552,PPPHHHPPHHHPPPHPPHPHHHPPPHHPHPPHHHHHPHPPHPHHH
553,PPHPPPPHHPHHHPHPPPHPHPHHPPHPPPPHPHHPHPPHHPPPH
554,HPHPHPPHHHHHPPPPPHPHHPHHHPHHHHPHHHHPPPHHHHPHP
555,HPHPPPHHPHPHHPHPHPHHHPHHPHPHHPHHPPPHPPHPHPHHP
556,HPPHPPHHPPHPHPPHPHPPHPPPHPPHHHPHHPHPHPHPPHHPP
557,HPPPHHHHPHHPPPHHPHHPHPPHHHPPPPPPHPHPHPHPHPHPH
558,HHPHPPHPPHPPHPHHPHHHHPHHPHPPHPHHHHPPPHPHHHPHH
559,HHPHPHHHHPPPPHHPPHPHHHHPHPHPPPPPPHHPPPPPPPPPH
560,HHHHPPPHHPPPPPPHPPHPHPHHHPHHHPHHPHPPHPPPHPHPH
561,HPHPHPHHPPHPHHHPPPHHPHPPPHHPHHHPHHPHPPPHHHHHH
562,HHPHPHPPPPPPPHPHHPPPHHPPHPHHPPPHHPPHPHHHHPPPH
563,HPHHHPPHPPPPHPPHPPPPPPHPHPPHPHPPHHPPPPPHPPPPP
564,PHPPHPPHHHHPPHHHPPHPPHHPHPPHHPHHPHPPPPHPHHPPP
565,PHHHPHPPHPHHPHPHHHPHPHHHHPPHHPPHHHPHHPPPPPPPH
566,HHPHHPHHHPPPPPHPPPHPPPPPHPHPPPPHHHPHHPPHHPPHH
567,HHPPPPPHHPPHHHPHHHHPPPHHPHHPHPHPPPPHHHPHPPHHH
568,PHHHHPPHPPPPPPHHPPPPHPPPPHPHHHPHPHPPHPPPHHHHH
569,PPHHPPHPPHHPHPHPHPHPHPPPHHHPPHPHPPPPHHPPPPPPP
570,PPPPPHPHPPHPPPPPPPPPHPPPPPPPPPPPHPHPHHPPPPPHH
571,PHHPPHPPHHPPPHHHHHPPPHPHPHHPHHPPHPPHHHPPHPHHH
572,PPPHHPHHHHPPHHHPHHPHHPPHHHPHHHHPHPPHHHPPPHHHP
573,PPPPHHHPHHPHHHHHPHPPHPPHHHHHHHHPHPPPPHHPPHPHH
574,HPPPHPHHHHPHHHHPPHHPPPHHPHPPHHPHHPPPHHPHPHPPH
575,PPPHPHPHPPHPPHHHPHHPPHHPHPHHHHPPPHPPPPHHHPPPH
576,PHHPHHPPHHHPHPPPPPPHHHHPHPHPHPHHPPPPHHHHHPHPH
577,PHPPPPHPHPHPPHHPPHHPHHHHHPHHPHHPHPPHPPPHHHPPP
578,PPHPPPHHPPPHPHPHHHPHPPHHHHHPPHPPPHHHHHHPPHHPH
579,HPHHHHPPPHPPPHPHPPHPHPPHHHPHHPPPHHPHHHPHPHPPH
580,HHHHHPHPHPHHPHPPHPHPPHHPHHHHPPPHHHPHHHHPHPHHH
581,HHPPHPPPHHPPPHHPHPHHPHPHPPHPPPPPPHPPHPHHHPPPH
582,HHHPPPHHHPHPPHPHPHHHHHHPHHHHPHHPHHPHHHPPPHHHP
583,HPPPHPHPHHPPPHPPHHPPPHHPHHPPPPPPHPPPPPPHPPPPP
584,HPHHHHHHPHHHPPHPHPHPHHPHHHPHPPPHHPHPPHPPPPHHH
585,HHPHHHPHPHHPHHPPPPPPHPHPPPHPHHPPHHPPHHPHHHPPH
586,PHHHHPHHHHPHPPHPHPHPPPHHPPHHPPHHPPHPPHHPHHPPP
587,PPHHHPHHPHHHPPHPHHHHHHHHHHPPPPPPHPPPHHPPHHHPH
588,HPHHHHPPPPPPHPPPPHHPPPHHPHPHPPPPPHHPPHHHHHHPP
589,PHHPPPPPPHHHPPPHHPPPPHPHHPPPPPPHPPPHPPHPPHPPH
590,HHPPHHHHHPPHPHHPHHHHHHPHHHPHHHPPHHHPPHHHHPHPH
591,PPHHPPPPPPHPPHPPPHPPPPHPHHHHPPHHPHHPHPHHHHPPP
592,PHPHHHPHHHHPPHPPHHPPHHHHPHPPHPHPHHPPPPHHPPPHH
593,HHHPHHPPHPPPHHPPHHHPHPPHPHHPHHPHHHHPHHPPHPPHH
594,HHHHHHPPPHHHPPPPHHHPHPPHPHHHHHHPHPHHHPPHPPHHH
595,PHPPHHPPHHPPPPHHPHHHPPPPHHHHHHHHPHHHPHHHHPHPP
596,HHHPHHHHPHPHHPHHPPHHHPHPPPPPPHHHHHHHHHHHPPPHP
597,HPHHPHPPHHPHHPPHPPHHHHHPPPPHPPHHHPHHHHPPPHHHH
598,PPPPPHHPHPPHHHHHPPHHPPHHHHHPPPPPHPPHHPPPHHHPP
599,PPHPPHPPPPPPPHPHPHPPPPHHHHPHPHPPPHHHPPHHPHHHP
600,HHPPPPPPPHPHHHHHPPPHPPHHPHPHHHPPHPHPHPHPHPHPP
601,PHPHHHPPHHPHPHPHPPHPHHHPHHHPPPPHPPHPPHHPHHHPH
602,HPHPPHHPHHHHPPHHHHHHHPHHHHPHHPPPPPHHHHPHPHPPP
603,PPPPPPHPPPPHHHPPPPPPHHPPHPPPPPPHPHPHPPPPPHHHH
604,PHPPPPPHPPHHPHPPHPHPHHPHHHPPPPHHHHPPHHPPHPPPH
605,HPHHHPHPPPPPHHPPPHHHPHHHHHPHHPHHPHPPPHPPPHHHH
606,HHHPPPPPPPPPPPHHPPHPHHPHPPHPHPHHPPHHHHPHHHHHH
607,PPPHHPPPHPPHPPHPHPPHPPHPHPHHPHPPPHHHPHPPHPHHP
608,PPPPHPHHPHHHHPHPHHPHPPPHHHHHHPPHHPPPHPPHHPPHP
609,PHHPPHHHPHHPPHHHHPHPPHPHPPPPPHHHPHPPHPPPHPPPP
610,PHPPHPHPHPHHPPHPPHHHPHHHPHPHHHHHPPHHPPHHHHPPH
611,PPHPPHPPPPPHHPPHPPHHHHHHHHHHHPHHPPHHPHHPPPPHP
612,PHPPPPPPPPHHPPHHHPHPPHPHPPHPHHPPHPHPPHPHHHHPP
613,PPHPPHHPPHPPHHPHPHHPHHHPHHPHHPHPHHPHHHPHHPHHP
614,PHPHHPPHPPHPHPHPHHHHHHHHHPHHPHHHPHHHHPPHPPPHH
615,HHPHHHPHPHPPHHHPPPPHPHPPPHPPPHHHPHPHPPHPPPPHH
616,PHHHHPHPPHPHHPPHPPPPPHPHHHPHHPHPHPPHPHPPHHPPH
617,HHPPPPPHPHHPPPPHHHHPHHPPHPHPHHHHHPPPPHHHPPHHP
618,HPHPHHPPHPHPHHPHHHPPHHPPHPPPPHPHHPPPPPHHPHHHP
619,HHPPPPPHHHHHHHPHHPPHHPHPHPPHHPPHPPHPPPHPHPHHP
620,HPHPHHHHPPHPPHPPPHHPHPPHPHHPPHHPPPPPHPPHPPPPP
621,HHPHPHHPPPHHHPHPHPHHPHHPHPHPHPHPPHPHPHPHPPPHP
622,PPHPHHHPPPHHPHPPPPHHHPPHPHHHHPPHHHHHHHPPHPPPH
623,PPHHPHPHPPPHHHPHHPHHHPPHHHPPHHHPPPPPPPPHHHHHH
624,HHPPHHHHPHHPPPPHPHHHPHHHPPPPPPHHHPHHPHHHPHHPH
625,PPPHPHPPHHHHHPHHHHHPHPPPHPPHPPPPPHHPPHHHHPPHH
626,HHHPHHPPPPHPPPHHHPPHPHHHPPPHPHPHPPPHHHPHPHHPP
627,HPPPPHHPPHHHHHHHPHPPPHPHHPPPHHHHPHPHHHHHHHPPH
628,HPPPHPHPPHHPPHPPHPHPPHHPPHHHPPHHHHPPPHHPPHHHP
629,HHHPHHHPPHPHHHPPPHPHPHPHHHPPHHPHPHHHPHPPPHHHH
630,HPPHHHPPHPPHPHHPPPHPPHHPHHPHPHPHPPPHPPHPPHHPH
631,HHHHHPHHPPPHPHHHHPHPHPHHHHHHPHHPHPPHHPHPPPPHH
632,HPHHHHPHHHHHPPPPPHPHHPPHHHPHHPHPPPHPPPPPPHHHP
633,HPPHHHPPPPHHPPHHPPPPHPPHPHHPHPHPHHPHHPPHPPHHH
634,HHHPPPHPPHHPHPHPPHHHHPPHPPHPHHHPHHHPHPPPPPPPH
635,PHHHPPPHHPHPPPPPHPHHHHPHPHHHPHHPHHHHPPHHHPHHH
636,HHPPHPPPHHPHPHHPPHHPPHPPPPPHPHPPPPPHHPPHPPHPH
637,HPPPHHHPHPPPHHHPPPPPHPPPHPHHPPHPPHPPHPPPHHPPP
638,HPHHHHPPHPHHPHPHHPHHPHPPPPPHPHPPPPHPHHPPHPHHH
639,HHHHPPHPHHPHPHPPPHPHHPPHHHPPPPHHHHHPHPPPPPHPP
640,HHHHPPPPHPHPHPPHPHPHHPHPHPPPPHHPPPHPHHHHHPPHP
641,PPPPHHPPHPPPPPHPPPHPPPPHPPPPHHPPPHHHPPPHPPPPH
642,HHPPHPHHHHPHHHPPPHPPPHHHHPPPPHHPHPPPHHPHHPHHP
643,HPPHHHPPPPHHPPHPPPPPPPHHPHPPPPPHPPPPPHPPHHHHH
644,HHPPPPPHPPPPPHHHPHPPPHPPPPPHPPPPPPHHHHHPPHPHP
645,PHHPHPHPHHHPPHHPPHHPPHPHHPPHPHHHPHHHHHPPPHHHH
646,HHHHPPHPHPHPPHPHHHHPHPHHHHPPPHHHHPHPHPPPPPPHH
647,PPHPHPPHHPHPPHHPHHHHPHHPPPHPPPHHPPPPPHHHHHHPP
648,PPPPPHPHHPHHHPHPHHPHHHHPHPPPPPHPHPHHHPPHHPHPH
649,HPHHPHPHPHHHPHPPPHHPHHPHHHHPPHHHPHHHPHHPPPPPH
650,PPPHPHPPPPHHHHPHHHPHPPPPPPHHPPPPPHPPHHHPPHPHP
651,PHHHPHPPHPPHPHHPPPPPPPHPHHPPPPHHPPHPHPHHHPHPP
652,PHPPPHPPHHHHHPPHPPHHPHHPPHPPPPPPPHHHPHHPPHHPP
653,HPPHPHHHHPHHPHHPHPHHPPPPHPHHPPPPPPHPHPPPHPPHH
654,HPHHHPPPHPPHPHHHHHPHPPPPHHHHPPHPHPPPHHPHPHPHH
655,HHHHHHHHPHHHPPHHHHPPPHPPPPHHPPPPPHPHHHPHHHPHH
656,HHPPPHPPPHHPHHPPHHHPHHHPHPHHHHPHPPPHHPPPHPHPP
657,HHPPHPHPPHHHHHPHPPPHHPHHHHPPHPHHHHPPPHHHHPPPP
658,PHHHPPPHPHPPPPPPPPHHPPPHHPPHPHPPPHHHHPPPHHPPP
659,HPPPHHPPHPPPHPPPPPHHHHHPPPHPPHHPPHHHPHPPPHHPH
660,PPHHHPHPPPPHPHPPHPPPHPPPPPHPPHPPHPPPHHHPPPHHP
661,PHHHHHPHHPPPPPPHPPPPHPHHPPPHPPHPPPHPHHPHPPPPP
662,HPPPPPHPHHPHHPHHHHHHHPHHPPPHPHHPHHPHHPHHHPPPP
663,PPPHHHPHHPPHPPHHPPPHHHHHHPHHHHHHHHHPPPPPPHPHH
664,HHPPPPHHPPHPPHPHPPPPPHPHPHHHHPHPPHPHHHHHPHHPP
665,HPHHHPPHHHPHPHHPPHPHHHHHPHHHHHHPPPHHPHPPHPHHH
666,PPHPPPPPHPHHPHHHPPPPHHHHHPHPHPPHHPHHHPHPPHHHH
667,PPPHHPHPHHHPHHHHHPHHPHHPHPPPPHHPHHPHPHPHPPPHH
668,PPHPHPPHPPHHPHPHHPHPPPPPPHPPHHPHPPHHPHPHPPPPP
669,HHHPHPPPHPPPPPPPHHHHHPHHHPPHHPHPHHPHPPHPPPPPH
670,PHHHPHPPHPPHHPHPHHHPHHHHHHHPHPHPHPHHHPPHHHHHH
671,PPPPPPPHHHHHHHHHPHPHPHHPPHHHPPPHHPHHPHHHPHPPH
672,PPPHPHHHHHPHHPHHHHPPHHHHPPPHPPHHPHHHHPHHHPPHP
673,HHPPHHPHPHPHHHHHPPHPHPPHHHHHHHHHHPHHPPHPHPPPP
674,PHHHPPHHPHHHPPPPHPHHPPPHHHPHHHHPHHHPPHPPPPHHH
675,HHHHHHHHHHPHHPPHPHHPPPPHHHPHPHHPHHHPPPPHPPPPH
676,PPPHHHHPPHHHHPPHHPPHHPHPHPHPPHPPPPPHHHHPHPPHH
677,PPHHHHPPPHPHPPPHHPHPHHHPHHHPHHHPPHHPHPPPHPHPP
678,HPHHHPHHPPHHPPHHHHPHHHHPHPPHHPPPPHHHPHHHHPHPP
679,HPHHHPPHPPHHHHPPHPPPPPHPHHHHPHPHHHPHPPPPPHPPH
680,PHPPPPHHPHPPHPPPPPHHHPPPHHHPHPHHHHHPPHHHHPPHP
681,HHPPPPHPPHPPPPHHHHPPPPHPHHHPHPPHHHHPHPPPPPHPP
682,HPPPPHPPPPHHPHHPHHPHHPHPHPPPHHHPPPPPPPHPPPHPP
683,HHPPHHHPHHHHHHPPHHPPPHHPPHPHHHPPHPPPPHHPPPPPP
684,PPHHHHPHPHPHHPPPPHPPHPHHHHPHPHPHPHPHPHPPPHHHP
685,HPPPPHPPPHPPHPPPHHHPPHPHHHHPHHHPHHHHPHHHHHPHP
686,PHHPHHHPPPHPPHHHHPPHHPPPPHPHHPHHHHHHHPPHHHPHP
687,PPHPPHPHHHHPHPHHPPPPHHPPHHPHHHPHHPHHPHPHHHPPP
688,PHHHPPHHPPPHPPPHPHPPPHPPHHPHPHHHPHHPHHPPHHHHH
689,HPHPHHPPPHPPHPPPHHHPHHPPHPPPPPPHPPHPPPHHPHHHP
690,HPHHHPPPPHPPPHHHHHPHHHHPPPPHPHPHPPHPPPHPHHHPP
691,HPHHHHHPHHPPPPPHHHPHPPHHHHHPPPHPHHPHPPPPPPPPH
692,PPHHPPPHHHPPPPPPHPPHPPPPHHHPPPHPHHHHHPPHHPPPH
693,PHPHPHHHHHPPHPHPPPHPHPPHPHPPPPPHPHHPPHHHPHPHP
694,PHPHPHPHHHPPHPPPHPPHPPPHPPPHPHPHPPPHHHPHPHHHP
695,PPHHPHHPHHHHPHPHHPPHPPHHPPHPPPPPHPHPPHHPPHHHH
696,PPPHHPPPPPHPPHPHHPPHPPHHHHHHPPPHHHHHPHHPPPPPH
697,HPHHHHHPHPHPHPPHPPHPPPPPHPPPHPHHPPHPPPPHHHHHP
698,PHHHPPHPPPHPHPPPPPPPPHPHPHPHPHPPHHHPPPHPHHHHP
699,PPHPHHPPHHHHPPPPHHPPHHHHHHHHPPHHHHHHHHHHHHHPP
700,PPPHHHPPPPPPPHPPHPPPPPHPHPHPHPHHHPHHHHPHPPPHP
701,PHPPHPPPPHPPPPPHHPHHHHHPPPHHPPHPPHPHPPPPPHPHP
702,HHHPHPHPPPHPHHPHHHPPPPHPHPHHPHHPHHHHHPHHPHPHP
703,HPPHHHPHHHHPPPPPHPPHPPPPHHHHPPPPHPPPPPHHHHPHH
704,PPHHHHHPPHHHHPHHPHHPHHPPHPPHPHPPPHPHHPPHHPPHH
705,PHHHPHPHPHHHPPPPPPPHHPHHHPPHHHPHHHHHPHPHPPPHP
706,HHHPHHPHHHPHPPHHPPPHPPPHPHHHHHHPHPHHHPPPHHPHP
707,HHPHHHHHHHHPPPHHHHHPHPHPPHHPHHPHHHHHPPHPHHHPP
708,HPHPPHPHPPHPHHPPPHPHPPHHPPPHHHHPPPHPPHHHHHHHH
709,PPHHPPHPPHHHPHPHHPHHHHHHPPPHHPPPPPHHHPHHPHPPH
710,PHPHPPHHHPPHPPHHPPPPHHHPPHHHPPPPPPHPPHHHHPHHP
711,PHPHPHPPPHHPHPHHHPPHPPHPPHHHHHPHPHPPHPPPPHPHP
712,HHHPPPHHPPHPPHPPPPPHPHHHPPPHPPHPHPPHHPHPHPHHP
713,PPPPPPHPPPPPPPHPPHPPPHHPHPHPPHHHPPPPHHPHHHPHH
714,PPHPHPHHPHPPPPHPPPHPHHPPPPPHPHHHHPPHPPHHPPPHP
715,HPPHHPHHPPPPHHHPPPPHPPPHHHHPHHPHHHPHPHHHHPHPP
716,PPHPHHHHHPHHHHHHPPPHHPPPHPPPPHPHPHHHHHPHHHPPP
717,HPPPHHPHHPHPHPHPPPPPHHHPPHHPHHPPHHPPHPPHHHHPP
718,PPHHHPHHHPHPHHPHHPPPHHPPPPHHPPHHPPHPPHPHPPHHP
719,HPHPPHPPPPHHPHPPHPPPHHHHPPPPHHPPHPPHPPHPHPHHH
720,HPPHPPPHPHPPPPHHPHPPHHPHPPPPPHHHPHHPPHPHHPPHH
721,HPHHHPHPPPHPHHHHPHHPHPPHPHPHHPHHPHPPHPHPHHPPH
722,HPHPPPPPPHHHHPPHHHHHHPPPHPPPPPHPPHHHPHPPHHHPP
723,PPPPHHHHHHPPHHHPHHHHPHHPPHPHPHPHHPPPHPPHHPHHH
724,PPHPHPPPPPPHHPHPPHHPPPPHPHPHPPHHHPHHHHHHPHPPH
725,PHPHPPPPPHPPPPHHHPPHHHPHPHHPHHPPHHHHHHHPHHPPP
726,PHHHPPPPHPPHHPHHHPPPHPHPHPHPHPHPPHHHPHPPPPPPP
727,HPPPPPPHPPPHHPPHPHHPPPPPPPHHPPPHHPHPHHPPHPPPH
728,PPHHPHPHPHHHHPHHHHHPPPHPPHHPHPPPPPHPHHHHHHHHP
729,PHPPHPPHHHPHPPHHHHPHHPPPPPPPHPPPHHPPPPHPHPHPP
730,PHPHPHHPHPPHPHHHHHPPHPHHHHHHPPPPHPHPPPHPHPHPH
731,PHHHHHHHHHHPHPPHHPHHPHHPHHPHPHPHPPPPHPPHHPHPH
732,HPHHHPPHHHHHPPHHPPHHHHHHPHPPHHPPHPHPPPHPPHHPH
733,PPHPPHPHHPHPHPPPHPHHHPHPHHHHPPPPPPHPPHHPHPPHP
734,PHHPPPHPHPPPPPPPHPPPHHPHPPHPHHPPHPPHPPHHHHHPP
735,PPPHPHHPHHPPPHPHPPPHPHPPPHHPPHHHHHHHPPPHHPPPP
736,PPPHHPPHPHPPPPHPHPPHHHPPHHHPHHHHHPHPHPPPPHPHP
737,HHPHPHPPPPHHPPHPPPHPHHPPPPHHHPHPHPPPPHHHPHHHH
738,PPHHHPPPHHPPPPHHPPHPPPHPPHHPPHHHPPHHPPPHPHHPH
739,PHPPPHPHPPHHPHHPPHHPPPHPPHHHPHPHPHHHHHPPHPHPH
740,HPPPPPHHHPHPHHPPHHHHPPHHHHPPHHPHPPPPHHPHPPPPH
741,PHHHPHPHPHPHPPPPPHPHPPPPHHHPPPPHHHPPPHPPHPHPP
742,PPPHHPHPPPPPPHHPHHPHHHPPPPHHHHHPPPPHPPHHPPHPH
743,PPHHPPHPPPPHHHHPPHHHPPPHPHPPPHPPPHHPPPPPPPHHP
744,PHHPPPHHPHHPHPHPHPPPHHHHHPHPPPPPHHHHHHHPHPHPH
745,HHHHHHHPPPPHHPPPPHPPPPHPPPHHPHHPHPHPHPHPHHHHP
746,HPPPPHHHHPHHPPHPPPPPHPHHPHPHHHHPHHHPPHPHPHPPP
747,HHHHHHPHPPHHHPPHPPPHPHHPHHPHPPHHHPHHHHHPPPPHP
748,HHPPPHHHHHHHPPPHHPPPHHHPPPHHHHPPHPPPHPPHHPPHH
749,HPHHHHPPPHHPPPPPPHPPHHHPHHHHHHHPPHPHHHHHPHHPH
750,PPHPPPHPPPHHHPPPHPPPPHHPPHHHPHPPPPPPHPPHPPHHP
751,PPHPPPPPPHPPPHPHHHHPHHPPHHHHPHPHPHPPPHPHPHHHP
752,HPHPPHHPPHPPHHHHPHPPHPHHHPHHHPPHPHPPPHHPPHPPP
753,HHHHHHHHPPHPHPHHHPPPPPHPHPPHHHPHHHPHPHPHHHPPH
754,HPHPHPHPPHHHPPPPPHHHHHPHPHHHPHHPPHPPPHPPPPPHH
755,HHHPHPHHHPPPPHPHPPPPPHPHHPPHPHPHHHPHPPPPHHPHH
756,PPHPHHPHHPPHPHHHHHPPPPHHHPHHPHPPHHPPPPPPHHPPP
757,PPPPPHHHHHHPHHPHHHHPHHHHPHHHHHPHHPPHPHPPPPPHH
758,HPHPHHPPHPHHPPHHPPHPHPPPHHPPHHPPPPPPHHHHPHPPH
759,HPPPHPHHPPPHHPPPPHPPPHPPPHPHHHPHHHHHPHPPHHPHP
760,HPPPHHPPPPPPPPPHPHPHPPHPHPHPHPPHPHPHPHHPPPPPH
761,HPPPHPHPPHHPPPPHPPPHHHPPPHHPHHHHHPPHPHHHPPPPH
762,HPHHHPHHHHHHHPPHPHHHPHHPHHPHHPHPHPHHPPHPPPHHP
763,PHHHPHHPHPPHHHHHPPHPHPPHHHPPPPPPPPPPPPHPPPHPH
764,PPHHPHHHPPPHPPHPPPHHHPHPPHHHHHHPHPHHPHPPHHHHP
765,HHHHHHPHHHHHHHHHHPPHPPHPHHHPPPHHPHPHPHPPHPHPP
766,HPPHHHHPHPPPHHPHHHPPPHPPPPHHPHHPPPPHHHHPPHPHP
767,HPHPPPPHHHHHPHPHHHHHHPHPPHHPPPPPHPHPHPPHHHHHH
768,PPPPPPHPPPHHHPHPHPHHHPHHPPHHPHPHHHHHHHPPHHPHP
769,PHPHHHPPPPHPPHHPHPPPHPHPHPHPPHHHPHPHHPPHHHPPP
770,HHHPPHPPHPPHPHPPPHHHHPPHHHPPPHPPPPHHHPHHHHHHH
771,PPPPPPHPPHHPHPHPPPPPPHHHPPHHHPPPHHPPPPHHHHHPP
772,HHHHHHHPPPPPHPPPPPHHHPHHPPPHPHPHPHPHPHHHPHHHP
773,PHPPHPHHPPHPHHHHPPPHHPHHHPHHPPHHPHHPHHHHPHHPH
774,HHHHPHHPHPHPPPPPPPPPHPPPPPHPHPHHPPPPHHPPPHHPP
775,HPPHPPPHPPPPHPPHHPHPHPHPHPPPPHHPPPHHPHPPHPPPH
776,HHHPPPHHPHHPPHPPPPHPHPHHPHHHPPHPPHPHPPHPHPHHP
777,HPHPHPPHHHPHHPPHPPPPHPHHHHPHPHPHHPHPHHHHPPHHH
778,PHHHHPHPHPPPPPHPHPPHPHPPHPPHHHPPPHPHPPPHHPHHP
779,HHHPPPHHHPPPPHHHHHPHHPPHHPHHPPPHHHHHHHHHPHHPH
780,HHPPHPHHPPHHHPPPPPHPPHPHPPPHHPPPPHPPHPHHPPHPH
781,HPPPHPHHHPPPHHPPPHPHHHPPPHHPHPHHHPHPPHPHHPPPH
782,HHPHPHPHHPHHPHPPHHHHHHPPHPPPHPPPHHHHPHPPPPHHP
783,PHHPHHPHPPPHPHPPPPPHPHHPPPPPPPPHPHHHPPPHPHPHP
784,PHHPPPHPHHHPHHPHHPPHHHHHHPPHHPHHPHHPHPHHPPHPP
785,HPHPPHHPPPPPPPPPHHHPPHPHPHPPHPHHPHPHPHHPHHPPH
786,PHHHPPHHPPPPPHHHHPHPPPPHHPHPPPHHHHHHHPHPHHHHH
787,HPPPHPHPPHHHHHHHHHPHPPPPPPPHHHHPPPPPHPPPPPPHP
788,PHPHHPPHHHHPPPPPHPHHHHHPHPPHPHHHHPPPPPPHPPPPP
789,PPPPHPHPPHHHHHHPHHPHPPPHHPHPHHHPHPHPPHHPPPPPP
790,PHHHPPHHHPHPPPPHPPPHHPPHPHHPPHPPPPHPPPPPPHPPH
791,HPHPHHPPHPHHPHPPPHHPPPHPHPHPPPHHHPHHPHPPHHPHH
792,PHHHPHPHPPHHHHHPPHHPPPHHHHHPHPHHHHHPPPHPPPHPP
793,PPPHHHPPHPPHPHPHHPHHPPHPHPPPHHPHHPPHHHHPHHHHP
794,HPHHPPPHHHPHPHPHHHHPHPHPPPPHHPHPHHPHHPPHPHHHP
795,HPPPPHPPHPHPPPPPHHHHPHPHPPHHHHHHPPHPPPPHPPPHH
796,HHHHPHHPHPPPHHPPPHHHHPHHPHPPHPPHHHHHPPPHPPHHP
797,HPPHHPPPHHPHHHHHPPHHHHHHHPHPHHHPPPHHHHHPHHHPH
798,HHPHHHHHPHPPHHHHHHHHPHPPPPHHPHHPPHPHPHPPHPHHP
799,PPPHPPPPHPPHHHPPPHHHPPPPPPHHPPPHPHPHHPHPHHHPP
800,HHPPHPPHPHPHHHHHPPPPHHPPPPPPPPHHHPPPHPPPPHHPP
801,PPHPPPHPPHPPPPPHHPPHPHHPHPPHPHPHPHPHHPPHPHPHP
802,HHHHHPHPHHHHHPPHHPPPPPPPHHPHHHHHHPHPPPHPHPPHP
803,PHHHPPPPPPHHHPPPPHPHHPPHHPHHPPHPHPPPHPPPPHPHP
804,PHPHPHPHHHHPPPPPHHHHPHPHHHPPHHPHPPHPHPHPPPPHH
805,PPPPHHHHHPHPPHHPHHPHPPPPHHHHHHHPPHPPHPPHHPHHH
806,HPHPPHPPPHPHPPHHPPPHPPPPPHHPHHPPHPPHPPHHPPPHP
807,HHHHHPHPPPHHPPHHPHPPPHPPHHPPHHPPHHPPHHHPPPHPP
808,HPPPPPPPHHPPPPPHPPPPPHPPPPPHPPPHHPHPPHHHPHPPP
809,PHPHHPPHHPPPPHHPHHPPHHPPHHPHPHPPHPHHHHPHHPHHH
810,HPHHHPHHPHHHHPHPHPPPPPHHHPHPPPHPPHHHHHHHHPHHP
811,PHPHPPPPHPPPHPHHHHPHPPPHHHHHHPPHHHHHPPHHPHPPP
812,HHHPHHHHHPHPPPHHPHHHPPHPPPHHHPHPPHHHHHHPPHPHP
813,PPPHPPPHHPHPHPPHPHHHHHHPPHPPPPHHPHPPPPHHPPHPP
814,HPPPHPHHPHHHPHPHHHPHPHHPHHPPHPHPHPPHPHPHHPPPH
815,HHHHHHHPPPPHHPHPPPHHHPPHHHHPHHPHPPPPPHHPHHPPP
816,PHHHPPPPPPPPHPHHPHHHPPHPHHPPHHHPHHPHHHPHPPPHH
817,HHHPPHHHHPPHPPHPPHHHPPHPHHHHHPPHPHPPPHPPHPHPH
818,PHPPPPHHHHPPHPPPHHPHHPPHPPHPPPHHPHHHHPPHPPHHP
819,HHHPPHPHHHHPHHHPHPPHHHHPPHPPPPHPPHHHPPPHHPHHP
820,HHPPPHHHPPPPPPPHPPHHHHPHPPPHPHHPHHPHHPHHPHHHH
821,PHHHPHHPHHPPPHHHPPPHHHHHHHPHHPPPPPHHHPPHHHPHP
822,HPHPPPHPPHHHHPHPHPPPHHHHPHHHPPHHPPPHHHHHPHHPH
823,HPHPPPPPPHPPHPPHHPPHPHHPPPHPHHPPPHHHPPPHHPPHH
824,PHPHPHPPPPPHHPPHPHHPPPHPHPHPPPPPPPHPHHPHPPPPH
825,PPHPPPHHHPPHHPPHHHPHHPPPPPHHPHHPPPHHHPPHPHPHP
826,PPHHHPHPHHPHPPPPPPHHHPPPPHPPPHPPHHHPHHPHPPPHH
827,PPHPHPHPPHHPHHHHPPPPPPHPHPPHPPPPHHHHHPPPPHPPH
828,HPPPHHHPHPPPPPPHPPHPHHHHHPHHHPPPPHHPHPPPHPPHP
829,PPHPPHHHPPPPPHPHPHPHPPHHHHPHHPHPHPPHPPHHPHHPH
830,PPHHHHHPPHPHHPPHHPPHHHPHPPPPPHHPHHHPHPHHHPHPH
831,HPPHPHPHPHPHHHPHPHHPHHHHPPHHHHHPPPHHHPPHPHHPH
832,HHPHPHHPHPPHPPHPPPHPHPPHPPHHPHPHPPPPPPHPHHHHP
833,HPPPHPPHHPPPPHPPPPHPHHHHPPHPPHPPPHPHPHHPHHHPP
834,HPHPHHHHHHPPPHPPPHPHHPPPPPHPHPPPHHHPHHPHPPPPP
835,HPHHHHPPPPPPPPPPHPHPHHHHHHHHPHHHPHHHPPHHPHPHH
836,HPPHPHPHHPPHHHPHPHPHHPHPHHPPHPPHPPPPPPPHPPHPP
837,PPHPHPHHHPPPHPPHHPPHPHHHHPHHHHHHHHPPHPPPHPPPP
838,HHPHHHHPPPHHHHHHHPHHHHPHPPPPHHPHPHPHPPPHHPPHP
839,PPHHPHHHPHHHPPPPHHHPPHPPPPPHHHPPHPPHHHPPPPHPP
840,PHPPHPPHHPHHPHHHPPPPHPHPPHHPPPHHHHPHPHPPHHPHH
841,PPHHHHHHHPPHHPPPHHPPHHHPPPPHPPHHPPHHPPPPHHHHH
842,PHHHHPPHHHHPPHHHHHPPHPHPPHHHHPHHPHHPHHPPPHPHH
843,PHHHHPHPPPPPHHPPHPPPHPHPHPPHPHHPHPPPPPHPHHHHH
844,HHHPHPHHPHPHHPPHHHPPPPHHPHHHHHHPPPHPHHPHHHHHP
845,PHPPPPHHHHPPHHHPHHPHPPPHPPHHHHPPPHPPHPPPPPHHH
846,PHPPHHPHHHPHPHHHPHHHHPHHPPPHHPPHHPHPHPHHHPPHH
847,HHPHPHPPPHPHHPHHPPPHPPPPPPHHPPHPHHPHPPHHHPHPH
848,PHPPPHPHHHHHPPPHPPHHHHPHPHHHPPHHHPPPHHHPPHPHH
849,HPHHHHHPPPHHHHPPHPHPHPHHPHHPPPPHPHHHPPHHPPPHH
850,HPHHHHPPPHPPHHHHPHPHPPPHPHHHPPHPHHHPHPPHPHPPP
851,PHPHHHHHPHPPHHHPHHPPHHPPPPPHHPPPPPPPHHHHHPHPH
852,PHHPPHPPHPPHPHHHHHHHPPPPHHPHHHHPPPHHHHHHHHHPP
853,PPHPHHHHHPHHHPPPPHPHPPHHHHHHHPHHPHHHHPHHHPPHP
854,PPHHHPPHPHPHHHPPHPPHHHPPPPPPHHHPHPPHHHPPHHHHH
855,HHPHHHHHHHPPHHPHHPPPPPPPPHPHHPHHPHPPHHHPHPHHH
856,HPPHPPPPPHHHPHHPHHHHHHHHPPPPPPHHPPHPHPHPPHHHP
857,HPHPHPHPHPHHPHHHPHPPPPHPPHPPPPHHHPPPPPPHPHHHH
858,HPHHHPHHHPHHHHHPPHHHHHPHPPHHPPPHPPHHHPPPPPHHH
859,PHPPPPHHHHPHPHHPHPPHPPPPPPHHHPHHPPPHPPHHHPPHH
860,PHPHPHHPPPPHPHPPHPHHHPPPPPPHPHHHHPPHPHPHHPPHP
861,PHHPHHPPHHHPPPPHPPHHHPPHPHHHPHHPHPHHPPPPHHPHH
862,HPPHPHPHPPPHPPPPHPPHHPPPHHHPPPHPHHPPPPPHHHHPP
863,PPHHPHPHHHPPPHPHHPHPPHHHPHHPHPPHHHHPPHPHPPHHP
864,HHHPHPPPHPPPHHPHHPPHHHPHHPHHHPPHPHHPPPPPPPPHP
865,HHHHHHPPHPPHHPPPHHPPHPHPPPPPPHPPPHHHHPPHHPPHH
866,HHPPHHHHPPHHPHPPHHPHPHPHHPHPPHHHHHHPHPHHHHPPP
867,HHPPPHPHHPPHHHHPPHHHPHHPPPHPHHPPHHHHPPPPHHHHH
868,PPHPHHHHPHHPPHHPHHHHHPPPHPPHHHPPPPHHHPHPPPHPH
869,PHPPPHPHPPPPPHHPHHPHPPHHPPPPPHPHHPHHPPPHPHPPH
870,HHHPPHPHHHHPPHHHHHHPPHHPPPHHPHPPHHHPPPPPPHHPH
871,HHPPHPPHPHPHHHHHPHHHPHPPHHHHHHHPHHPHPHPHPPPPH
872,PPHPPHPPHPPHPHHHHPPPPPPPHHPPHPHHPHHHPHHHPHHPP
873,HHPHHPHHHHPHPPHHPPPHHHHPPPPPPPHHHHPHPPPPPHPHP
874,PHHHHHPHPHPHPPHHPHPPPPPHHHPPPHHPPHPHHHHHHHHPH
875,PHPHHHPHHPPPHHHHHHHHPHPHPPPPHHHPPPPHPHPHHPPPH
876,PPPPPPPHHPPHPHHPPHPHHHPPPPHPPHHPPPHPHHHPPHHPH
877,HHHHHPPPHHHPHHPHHHPHHPPPHHHPHHPPPHPPPPPPPPHHP
878,HPPHHPPPPPPPHHHPPPPPPPHPHPHPPPPPHHHPHPPHPHPPH
879,HHPHHPHHHHPPPPPPHHPPHPHPHHPPHPPHHHPHPHPPPPHPH
880,HPPHPHHHPPPHHHHHHPHHHPHPPPHPHPHHHPHHHPHPPHHPP
881,HPPHHHHHPPPPPHHPHPPPPPPHPHHHHHPHPPPPHHHHHHHHH
882,HHHPPHHHPHPHHHHPPHHHPHPPHHPPPPHPPHPPPHPPHHHHP
883,HPHPHHPPPHPPPPHHPPPHPPHHPHPHPPPPHHPHPHPHHHPPH
884,PPPPPPHPPPPHPPPHPPHPHHPPHHHHPPHPPHPHPHPPPPPHP
885,PHPHHPPHPHHHHHHHHPPPPHHPPHPHHHHHPHHPPHPHHPPPH
886,PPPPHPHPHPPHHHPHPPPHPPPHHPHHPHHPHPHPHPPPHPHPP
887,PPPPPHHPPHHPHPHHHPPHHPHPPPPPHHPPHPHHHPHHPPPHP
888,HHPHHHPHHPHHHHPPPHPPPHPHPHHPHHPPPPHPPHHPPPHHH
889,HHPPPHPHPPHHPHHHPHPHHPHHPHPHHHHHHHHHPPHPHPPHP
890,HPHHPPPHPHPPPHHHPHPPPPPHPPPPHPHHPHHHPHHHHHPHH
891,PHPPHHHPHPHPHPPHHPHPHHHPHPHPHHPPHPHHPPPPPHHHP
892,PPPPHHPPHPHHPHPPHPHPPPPPPHHHHPPHPHPHHPHPHPHHH
893,PPHHPHHHHHHPHHPPHHPPHHPHPPHPPPHPPHPPPHPPPHPHH
894,HHHHHPHHPPHPPHPPPPPHPPPPHPHPHPPHPPPPHPHPPPHPP
895,HPHHPHPPHPHHHHPPHHHHHHPPPHHPHHPHPPPHPHHPPHHPH
896,HHPPPHPHPHHPPPHPHPHPPHPPPHPPHHHHPHHPPHPPPPPHH
897,HPPHPPPPHHHPPPHPHPPHPPHPPHPPPPPPPPPPPHHPHPPPH
898,PHHPPPHHPHHHHPHPPPPPPHHPHPPHPHHPPHHHPPHHHPHPH
899,HHPPPPHPHHHHHHHHHPPHHHHHHPHHHPPPPPPPPPPHHHPHH
900,PHPPHPPPPHHPPPHPPHHHPHPPPHPPPHPHHHHHHPHHPHHHP
901,HHPHHPPHPHHHHHPPHPPPPHHHPHHPHHHPPPHHHHHHPHPHP
902,HHPHPHPHPPHHPHPHHHPHHPPHHPPHPPHPPHPHPHPPPHHPH
903,PPHPPPPPHPPHPHPPHHHHPHPHHPPPHPPPPHHHPHPHHPHHH
904,HPPHPHHPPHHHPPHHPHPHPPPPPPPHPPHPPPPHPHPPPPHHH
905,HPPHPPHHPHHPHPPPHHHPHHPPHPPPHHPHPPPHPPHPPHPPH
906,HHPHPHHHHHPHPHHPPHPPHPHPHHHPHHHPPHPPHPHPPPPHP
907,PPPPHHPHPHHPPHPPPHPPPPPHHPHHPHPHHPPPHHHPPPPHP
908,PHHHHPHHPPHHHHHHHPPHHHHPPHPPHHPHHHHHPHHHPPPPH
909,HHHHPHPPHPPPHPHPPHPPHHPPPHPPHHPPHPPPPHHPPHPHP
910,HPPPPHHPHPPHPPHPHHHPHPHHHPPHPHPHPPHHHPHHPHHPP
911,PPPHPPHPHPPHPPHPHPHHPHHPPHPPHPPHPPHPPHPHHHHPP
912,HHHPHHPPHHHPHHPPPPHPPPHHPPPPPHPPPHPPHHHPHPPHH
913,HHPPHPHPHHPHHHPHPPPHPPHPPHPHHPHHPHPPPPHHHPHHP
914,HHHHPPPHHPPHPHPHPHPHHHPHPHHHHPPHHPHHPHPHPPHPP
915,PPPPHPHPHHHHHPHPHPPPPPHPHHHHHHPHPPHPPHHPPPHPP
916,HPHPHHHPPHPHHPHPHHPHPHPHPHPHPPPHHHHHHPHHPPHHP
917,HHHPHHHHHHHPPPPPPHHHPHHPHHPHPHHHHHPPHPHPHPHHH
918,HPHHHPPHPHHHPHHHHHPHPHHHHPHHHPHPPHHPHHHHHPHPH
919,PPHPPHPPPPHHHPHPHPHHHHHHHPHPPHPPHPHPPHPHHPPPH
920,PPHPHPHHPPPPPPPPHPPPHPHPPHPPPHPPPPPHHHHPPHPHP
921,PPHHPHHHPPPHHPPPPPPHHPHPPPHHHHPPHPPPHHPHHHPPH
922,PHPPHHHPPPPHHPPHPPPHPPPHHHPPPPHHHHHPPPHPPHHHP
923,HHHHPHHHHPPPPHPHPHHPPHPPPHHHHHHPPPPHHPHPHPPPP
924,HHPHPHHHPHHHHPPHPHHPPHHPHHHPHPPHPHHPPHPHPPPPH
925,HPHHPHPHPHHPHPHPHPHHHHHHPPPPHHHPPPHHHHPPPHHHH
926,HHPHHHPHHHHHPPPHPPPHHPPPHPPPHHPPHHHPHHHPPPHHH
927,PHHHHPHHPPHHHPPHPHPPPPPHHHPHHPHPHHHPHPPPHHPHP
928,HPHHHPPHHPHHHPHPHHHHPPPHHPHPHHPHHPPPPPPPPHPPP
929,HHPHHPPHHHHHHHPPPPHPPHHPPHHPPPPHHHPHHHPHPPHPP
930,PHHPPHPPPHPHHPHHHPPHHPHPPHPHHPHHHPHPPHPHHHHPP
931,PPHPHPPPPHHPHPPPPHHPHPPHHPHHHHPHPPHPHPPHPPPHH
932,HHHPPPHPHHPHPPPPPHPHHHPHPHHPPHHHPHPPHHHHHPHHH
933,PPPPHHPHHPHHPPHHHHHHPPPPPHHPHPPPPPPHPHPHHPPHH
934,HPPHHPHHHHHPPHPHPPHHHPHPHHPPPHPHHPPPHPHPHHHHH
935,PHHHHHHHHHPHHPHHHHPHPPHPPPPHHHPHPPHHHHPPHHPPH
936,PHPHPPHHHHPPPHHPHHHHPPHPHPHHPHHHPPHPHPPPHPPPH
937,HHHHPHHHHPPHHHHPPHPPPPPHHHHHHHPHHHPHPPPHPHHPP
938,PHHPPHHPPHPHPPHHPPPHHPHPHPHPHHHPPHPPHHHHHHPHH
939,HPHPHPHPHPPPHHPHHHHPPPPHHHPPHPPHPPHPPHHHHHHPP
940,HPPHPHPPHHPPHHPHHPHHHPPPPPHPPPPHHPHHPHHPPPHHH
941,HPPPPPPHPHPHPPPHHHHPPHPPHPHPPHPPHPPHPPHPPHPHH
942,HHPHPPHHPHHPHHPHHPHHHHHHHHPPHHPHHPHHPPPPPPHPP
943,PPPHHHPHPPPPHPPHHHPHHHPHPHPHHPPHHHPHPPHHPPHHP
944,PPHHPHPHHHHPPHHPPHHHPPHHHPPPPHHPHPHHHHPHPPHPH
945,PPHHPHPHPHHHPHHHHPPHPHHHPPHPHPPPHHHPPHHPPPHHP
946,HPPHPHPHHPHPPPPPPPHHHHPHPHHHHHPPPPHPPPPPHPHPH
947,HPPHHPPHHPPPPHPHHHHPPPHHPHPPPPPHHHHHHPHPHPPPH
948,HPPPPHHHHPHHPHPHPHHHPHPHHHPPHHPHHPPHHPHPPHHPH
949,PPPPPPPHHHPHHPPPHPHHHHHHHHHHHPPHPPHPHPHPHHHPP
950,PHPHPPHHPHPHHHHHPHHPPHPPHPPPHPHPHHPPPPPPPHPPP
951,HHHPHHPPPHHHHHHHHPHPHHHHPHPHHPPPPPPHHPHHHHHPP
952,HHPPHPPPPHHHPHHHPHPPHPHHPHPPPHPPHHPHHPHPPHHPP
953,HPHPHHPHHPPHHHPPHHHHHPHHHPPHPPHHPHPHHHPPHPHHH
954,PPHHHPHHPHHHPHHHPPPPHPHPHPHPPHHPPHPPPPPHHHPHH
955,HHPPHPHPPPHPPPPHHHHHHPPHPPHPHPHHPPPPHPPHHPHHH
956,HHHPPPHHPPHHPPPHHHPHHHPPPPHHPHHPPHPHPPHHPPPHP
957,PPPHPPHPPPPHPPPPPPPPHHHPHPHHPHHPHPHHHHHHHPPPH
958,PPHPPPHHHHPHHPPPHHPHPHPPPPPHHHPHPPHPHHHHHHPHH
959,PHHHHPHHHHHPPHPPPHHHPHHHPPPHHPHHHPHHHHPPHHHPP
960,PPPHPPHPHPHPHHHHHPPHHPPPPHHPHHHPPPPPHHPHPPPHH
961,PHHPPPHPHHHPHHPHHPHHPHPHHHHPHPPHHPHPHPPPPPHHP
962,HHHHHPPPHPHPPPPPPHHHHPPHHHHPPPHHHHHHPPPPHPPPH
963,PPPHPPPHPHHHPHPPPPPPPPHHPPHPHPPPHPPPHPPPHPHPP
964,PPHHHHHPHHPPPHHHHPHPHHHHPPPPHHPPPHPPHPHPPPPPH
965,PHPPPHHPPHHPHPPPHHHHHHHPPHHHHPPHPPHHPHHPHPHPH
966,PPHHPHPHHPHPHHHHHPHPPPHHPPHHPHHHPHHHHPHPHHPPP
967,PHHHHHPPHPPPHPHHPHHHPHHHHPHPHPPPPPPPPHPPHHHPP
968,HHHHHPPPHHPHPPHHPHHHHPPPHHHPHHHHPHPPPHPHPHPHH
969,PHPHPPHHPPHHPHPHPHHPPPHPHPPPHPPPHHPPHPHHHHPHH
970,HPHHHPHHPPPHPPHPHPPPPHHPHPHHPHPHHHHPPHPPPHPHP
971,HHHPPHPHHHPHPHPHPHPHPPPPPHPHHHPPHPHHPPPHHPPHH
972,PHHPPPPHPHHHPHHHPPHPHHPPHHHPHPPPHHPPHHPHPPHPH
973,HHHPHHHPHPPPHHHPHHHPPPHHPPPPPHPPPPHHPPPHHPHHP
974,PHPPPPPHPHHPPPHPHHHHPPHHHHHHHPPPHPHHHHHHPPPPP
975,HHPPPHHHPHHPPPPPHPPPHPHHHHPPPPPHHHHPPHHPHPHPH
976,HPPPHPPPHPPHHHHPHHHHHPPPHHPPHPPHHHHPHHHHHPPHH
977,HHHHPPHHHHHPPHPHPHPPPHHPHPHPPPHPHHPHHHPHPPHHP
978,PPHPPHPPPPHHHHHHPPPPPPHHPPHPHPPHPPPHPPHPPPHPH
979,PHHPPHPHPPHHPHHPHPPHPHHHPPHPPHPPHHPHHPPHPHPPP
980,PPHHPHHPHPPPHHPHHPPHPHPPPHHHPHPPHHPPPHHPPHPPH
981,PPHHPPHPHHHPPHHHHPHPPPPHHHHPPPHPHHHPPPPHHHHHP
982,PHHPPPHPHPHPPPHHHHPPHPHHPPPPPHHPPHPPHPHHPHPPP
983,HPPPHPPHHPHHPHHPPPPPPPPPPHHPPHHPHPPHHHHHHPPHP
984,HPPHHHHPHPHPPHPHPPPPPHPHPPPPHPHPPHHHHHHPHHHPP
985,HHPPPHPHPPHHHHPHHHPPPHHHPPPPHHPHPPHPHHHHPHPPP
986,PHHPHPPHPHPPPHHPPHPPPHHPHHPPPHPPPPPPHPHHPHPPH
987,HPPHHPPHHHPHPPPHPPHHPHHPHHHPHHHPPPPPHHPHPHPHH
988,PPPPHHHPHHPHHPPPHPPPPHPPPPPHPHHHHHPPHPHHPHPHP
989,PPHHPHPPHPPHHPHHHHPHHPPPPHPPHHPPHHHHHPPHHHHPP
990,PPHHPHHPPPHHHHPPHHHHPPPHPPPPHPPHHHHPPHPHPHPHH
991,HPPHHPPPPPHHPHHPHHPPHPHHPPHHPPHPPHPHHPPPHPPPH
992,PHPPPPPPPHHHHPHPPHPPHPPPHHPPHPPHPPHHHPPHHPHPP
993,HHPPPPHHHPHHHHPHHPPHHPHPHPHHPPPHPPHPHHPPHHPPH
994,PHPHHPHHPPHPPPPHHPHHHPPPPPPPHPHPPHPPHPHPHPHHP
995,PPPHPHPPPHHHHHHHHHHHPPPHPPHPPHPHPPHPPPHHHHHPP
996,PHHHHHHHHHPPHHPHPHHHHPPPPPHHPHHHHHHPHPHPHHPHP
997,HPPHPPHPHHHHPPHHPPPHHPHPHPPHHPPHHPHPHHHPPPPPH
998,PHHHHHPPHHHPPPHPPPPHHHHHPPPHPHHHHPPHPHPHHHPHH
999,HHPHPHHPHHPHHPHPPPPHHHPPHHPHPHPHPHHPPPPPHPHHH
