id,sequence
0,HHHHHHHHPHPHPHHHHHHHHHHPHPPHPHPPPPHHPHHHHHPPPHHHHH
1,PPPPPPPPHHHHHPHPPPHHPHHHHPPPPHHPPPPHHHPHHPHPPPHHPH
2,HHPPPHPHPPHPPPPHHPPHPHHPPPHPPPPHPHHHPPPHHHHPHHPHHH
3,HHHHHPHHHHPHPHHHPHPHHHPHPPHHPHHPHPHPPPPPHPPHPHHPPH
4,PHPHPHHPHHPPPPHHPPHPPPHHPHHPPHPHHHPPPHPPHPPHPPPHPH
5,PPHPPPHHPPHHPPHPPHPPHHPPHHHHHPPPPHHHPHPHPHPHHPHPPP
6,PHPHHHPPHPHHHPPPHHPPPPHHPPPHPHPHPPPPHPHPPPHPHHPPPH
7,PPHHHHHHPHHPPPHPPPPHHPHHHHPPPHPHPPPHHPHPHHPPPHPPHH
8,HHHHHPHPPPHHPPPPHHHHHHHHPHHHPHPHPPHPHHHHPPHHHHPHPH
9,HPHPPHHHPPHPPPPPHHHPHHPPPHPPHPHPHHPHPHPHHHPHPHHPHP
10,HHHHHHPPHHHHPPPPHPHPPHHHHHPPPPPHHHPHHHPPHHPPPPHHHH
11,HHHHPPHHPPHHPHPPPHPHHPPPHHPHPPPPPPPHHHHPHHHHPPHPHH
12,PHHHPPHPHPHHHPHHHHHPPPPPPPPPHHPPHHHHHPHHHHHHPHHPHH
13,PPPPPHPPPPPHPHHPHPPHPPHHHHPHPPPPPPHHPHPHPHPPHHPHHH
14,PHPPHHHHPPHPPHHPHPHHHHHHPPPHPPHPPPPHHPHPPHPPHPPPPH
15,HHPHPHHHPPHPPPPHHPHPPPPHHPPHHHHHHHHHPPHPPPPHPHPHHP
16,PPPPHPHPHHPHPPPHPHHPHHHPPPPPPPPHHHPHHPPHHPHHHPHHHH
17,HHHPHHHHHHPHHHPPHPPPHHHHHHPHHHPPHHPPPHPHHPPPHHPHHP
18,PPPHHPHHPHPPHHHPPPHHPPHPHHPHHHHHHHPPPHPHHPPPHPHHPH
19,PHPPPHHPHHHHPHPHPPHHHHHHHPPPHHPHPHHHHHHPPPHPHPPHHP
20,HHHPHHPPPPPPHHPPPHHHHPPPHHPHPHPHPPPHHHHPHHPHHPPPHP
21,HPHHHHPPPHPHPHPHPHHHPHPHPHHHHPPHPPPHPPPHHPHHPPHHPP
22,PPHPPHHHPHPPHPHHHPHPHHHHHPPPPHHHPHHHPHHHPPPHHPPPHH
23,HHPPPHPPPPPPHHHHHPHPPPHHHHPPHPPHPHPHHHPHPPHPHPPHHH
24,HHPPHHHPHHHHPPPHPPPHHPHPPPPPHHPHHPPPPHPHHHPPHPHPHP
25,HPHPHPPHPHPPPPHHHHPPPPHPPPPHHHHHPHPPHPPPHPPHHHPPPP
26,HHPPPHHPHPHPPHPPPPHHPPPPHHPHPPPHPHHHHPHHHHHHPPHHPP
27,HHHHPHHHPHPPPPHHPPPHHPPPPPPPPHPHHPHHHPPHPPPHPPHHHH
28,HHHPHHHHHPHPHPHPPPHHHHPHPHPHPPPHPHPHPHHHHPHHPHPHPH
29,PPPPHPHHHHPHPHHHPPHPPPPPHHHPPPHHPPHPHPPHHPPPHPHHPH
30,PPHPPPPPHPPPHPHHHHHHPPHHHPHHPPHPPHHPPHHPPHHHPPPHHP
31,HPPPPPHPHPPPHPHPPPPPPHHPHHHHHHPHPHPHPHPHHHPPHHPHPP
32,PHPPPHPHPPPPHHPHPHPHPPHHHHPPHPHHHHPPHPHPPPHPHPHHHP
33,HPHPHHHPPPHPPHPHHHPHHPPHHHHHHPPHPPHHHHHHHHHHHHPHHP
34,HHHHPPHHHHPHHHPPHHHHPHPHHHHHHPHHHPHHPHHHPHPPPPHHPP
35,PHHHHHPHHHPPHHPPPHPHHPPPPHHPPPPHHHHPPHPPPPHHPHPPHP
36,HHPHPHHHHPPHHPPPPPHPPPHPHHPPPPHPPHHPHPHHHHPPPPPPHP
37,PPPPPPHPHPPPHHHPPPPPPPHPPPPPHHHHHHHPPHHPHHHHHHHHHP
38,HHPPHHHPPHHHPHHPPPPHHHHHHPPPHPPPPPPHPHHHPPPHHPPPPH
39,PPPPPPHPPPHHPPPHHHPPPPHHHHHHPPHPHPHPHHPHPHPPHHPHPP
40,HHHHPHHHHPPPPPPHHHPHHHPPPPHPPHPHHPPPPPHPPHHHPPHPHP
41,HPPHPHHPPHPHHPPPHHHHHPPHPHPHHPHHPHHPPPHHHPHPHPPPPH
42,PPPPHHPHHPPPHHHPPPHPHPPHHHPHHHHPHPPHPHHPHPHHPPPPPP
43,PHPHHHHHPPPPPPHHHHHPHHPHHHPPHHPPPPPHPPPHPHPHHHPHHH
44,HPPHHPPHPPHHPPHHHPHPPHHPHPPHPPPPPHHHHPHPPPHHHPPHPH
45,PHPHPPPHPPHHPPPHHHPHHHPPPPHPPHPPPPHHPHPHHHHHPHHHHH
46,HPPHPPHHHHHHPPHHHPPHHHPPPHHHHPPHHHPPPPHHHHPPHHPPPP
47,PHHPHHPPPPHHPHPPHPHPHPPPHHPHHPPPHHPHHPHHHHHHHPPHHH
48,HHPPHHPHPPHHPHPPPPPPHPHPPHHPPHPHPPPPHHHHPPPHPHPHPH
49,HPHPHPHHHHPPPHPPPHPPPPHHHPPPHPPPPPPHPPPHPPPHPHPHPH
50,PHHHPHPHHPHHHHHPPPHHHPHHPPHPHPHPHPPHHPHPPPHHHHPPPP
51,PPHPPPPPHHHHHHPHHHPPPHHHPHPPHPHPPPHHPHHPHHHHPHPPHP
52,HHHPHHPHPHPPHPPPHPHPHHHHHPPPHHHHPHHHPHHPHHHHHHHPPP
53,PHHHPPPPHHPPHHPPHPHPHHHHPHPHHHPPHHHHPHHPPPPPPHPHPP
54,PHHPHHPHHHPHHPHHHPPHHHPHPHPPPHHHPPPHPPHPHPHPHPHHHP
55,PPHPPHPPPHHHPPHHHPPHPPHHPPHPPPPHHHPPHHHHHHHPPPHHPP
56,PHPHHPPPHPPHHHPHPHPHHHPPHPPPHPHHHHPHPHPPHPPHHHPHPP
57,HHPPPPPPPPPPHHHPPHPPHPPPPHPHPHHPPHPHPHPPPHHHHHPPHH
58,PPHHHPPPPHHHHHHPPHPHPPPPHHHPHPPPPHHPHPPHPHPHHHPHHP
59,PHPHPPHPHHPPPPHPPPHPPPPPPHHHPPPPHHHHPHPHHPPHHPPHHH
60,HPPHPPPPHHHHPPPHHHHHPHPHHPHPPHPPHHPHHHHPHHHHHPPPHP
61,PPHPHPHHHPHPPPHHHHHPPPPPHPPHHHHPPHHHHHPHPHHHPHPHPP
62,HPHHHPHHHPHHPHPHPHHHHHPPHHPHPPPPHHPPPHHHPPHPPPHHPH
63,PHHPHHPHHHPHHPHHHHPPHHHPHPHPHHPPHHHHHHHPPPHPPPPHPP
64,PHHHPHPHPPPHHHHHPHHHHPHHPHHHPPHHHHHPHPHHPPHPHHHPHP
65,HHHHHPHPHPPPPHPHHPPPPHPHHPHPHHPPHHPPPHPHHPPHPPHPHH
66,PPPPHHPPPHHPPPPHPPHPPHHHPPHHHPHHHHHPHPHPHPPHPPHPPP
67,PHHHHHPHPPHPPPHHHPPPHHPPHHHHPPPPPPPHPHPPHHPHHPHHHH
68,HPHHHHHPPHHHPPHHPPPPHHHHHPHPHPHPPPHPPHHHHHPHHPPPPH
69,HPPPHHHHPHHHPPPPHHPPHPHPPHPHPPPHPHPPPPHPPPPPHHHHHH
70,HHPPHPHHHPHHHPHHPPPHHPHPHPHHHPHPPHHPPHPHHHPHPHHHPP
71,HHPPPPHHPPPPHHPPHPPHPHHHHPHHPHHHHPPPPPHPHPPPPPPHPP
72,HPHPPPHHHHHPHHPPPPHPHHPHPPHPPHPHPHPHPHPHHPPHHPPPHP
73,PPPHHHHPPPHHHHPHPHHHHPPPPHPHPHHHHPPHPPHPPPHHHPPHPH
74,HHPHPHHPPHPPPHPPHHPPHPHHHPPHHPHHHPPHPHHHPPHPPPHHPH
75,HHPPPPHPPPHHPPHHHPPHPPHHHPPHPPPPPPPHPHHHPHPHPHHHPP
76,PHPPHHHPPHPHPPHHPPPPHHHPHHHHPPPPPPHPHPHHPPPHHPHHPP
77,PHHPHHHHHPPPHHHHPHPHPHPPPPHHPPPHHHHPPHHPHPPHHHHHPP
78,PHHHHPPPPHPPHPPPPHHPHHHHPPPPPHPPHHHHHPHHPHHPPHHHHH
79,HHHPHPPHHHPHPPPHPHPPPPPPPPPPHPHHHHPPPPHPHPPHPHPPHP
80,PPHHHPHPPPHHHPPPHHPHPHHPPHPPHHPPPHPHPHPHHPPHPPHPPP
81,HHHPPHPHPPHHPHPHHPHPHPHPHHPHPPPHPPHPHHPHHPPHPPPPPP
82,HHPPPHPPPHPHPPHPHPPHPHHHHPPHPPHHPPPPHHHHPHPPHHPHHH
83,PPPHPPHPPHPPHPHHPPHHHHHPHPHPPHHPPPHPHHHPHHPPHHHPHP
84,HPPPPHPPPHPPPPPHHHPPHHHHHPPPHPPHPPHHHHPPPPHPHHPPPH
85,PHHHPHPPHPHHHPHHPPHPPHPHHHHHPPHHHHHPHHPPHHHPHPHHHP
86,PPHPHHHPPPPHHHHPPHPHPHHHHHHPPHPPPHHHHPHHPPHPHPPPHH
87,HPHPPPPHHHPHHHPHHPPHHPPHHHPHPPHPHPHPHPHHPHHHPPPPPH
88,PPHPPPHHPHPPPPHHHPHPHHPHHHPHPHPHHPHHPPHPHHPPPPHPHH
89,PPPPPPHHPHPHPPHHPPHHPHHPPHPHPPPPPPPPPHHPHHHPPPHPHP
90,HHHHHPHPPPPPHPHPHPPPPPHHHHHPHHHHHPPHHHPHPPHHPHPHHH
91,PPHHPPHPHHPHHPPPPPHPPHPHPPHPHPPPPPPHPPPPPHPHPHPPPP
92,HHHHPHHPPPPHPHPHPPPPPPHPHHHPPPPHHPHPHHHPHPHHHPHPPP
93,PPPHPPHPHHPHHHPHPHHPHPPPHPHPHHPPHPPHPPPHHHHHPPHHHP
94,PHHPPHHPPPHHHHPPPHPHHHHPHHHHPHPHHPPHPHHPHHPHHHHHPP
95,PHPHHHHHHHHHPHPPPPHPHPPPPHHHPPHPPPPHHHPPHPPHPPHPPP
96,HPPHPHHHPHHPPHHPPHPHHPHPPHHPHPHHPHHPHHPPHPPHHHPHPP
97,HPPPPPHPHHHPPPHHPHHHHHPPHPPPPPHPPHHPPPHHPPHPPPPPPH
98,HHHHHHPHHPPHPHPHHHPPPPPHHHPHHPHHPHHPHPPPPPHHHHHPPP
99,PPHHPHPPHPPHHPPHPPHPHPPPHHPPHPHPPPPHPHPPPPPPHHPPPP
100,HPHPHHHPPPPHPHPHHHHHPHHPPPPPHHPHPPHPHHHHPPHHPPHPHH
101,HPPPPPPPPHPHPPPHPPPPPHHPHPHPHHPPPHHHPHPPHHPHPPPPHP
102,PHPPHPPPHHHPHPHPPPHHPHPPHHHHHHHPPHHPPHHHHHPPPPPHHH
103,HPHHHPPHPHHPHPHHHHPPHPPPPPHPHPHPHPPPHPPHPPHPPPHPHH
104,PHHPPPHPPHHPHHHHPPHHPHHHPPHHHHPHHPHPPHPHPPPPPPHHPH
105,HPPHPPPPHHHPPPHPPPHPPHHHHHHHHPHPPHHHHHPPHPPHPPHPHH
106,HHHHPHHPPHPHHPHPHHPPHPHPPHHHPPHHHHPHHHHHHPHHPPHHPP
107,HPPPHHHPHPHHPPPPHHPHPPPPPHPPPPHPPHHPHHHPPHHHHHPHPP
108,PHHPPHHPHPPPHPPPPHHPPHPHHHHPHHPPPHPHPPPPPPHPPPPPPP
109,HPHPHPPPPPPPHPHHHPPHPHPHPHHPHPHHPPHPPHPHHPPPPPPHHH
110,PHHPHPPHPHHPPHPHPPHPHPPHHHHPHPPPHHPPHPHHHHHPPPPHPH
111,HHHHHHPHHHHHHPHHPHPPPPPPPPHHPPPPHHPPHHPPPPHPPPPHPH
112,HHPPHPPPHHHPPHHPHHHHHPPHHHHHPPHPHHHHPPPPHPHPHHHHHH
113,PPPPHHPPPHHPHPHPHHHHPHPHPPHPPPPHHPHHHPHHHPPHPPPPPH
114,PHPPPPPHHPHPHHPHHHHHHHPPPPHHPHPPHHPHHPPPPHHHPPPPHH
115,PHPHHHHPPHHPPPHHPHPHPHHPHHPHPPHPHPPHHHPHPPPHHPHHPH
116,PPHHPPPPHHHHHPHHHPHPPPHPHPHHPHHHPPPPHPPHHPHPPHHHPH
117,HHPPHHHHHPPHPPHHHPHHPPHHHPPHPPPHHPPPPPPPHPHPPPPPPH
118,PPPPPHHHPPHHHHPPHHHPHHHPPPPPPHPPHPHPHPPHPHPHPHHPPP
119,HHHPPPPHPPPHHHHPPHHHHHHPPPPHPPPPPHHHPHPPPHHPHHHHPP
120,HPPPHHPHHHHPHPPHHHHHPPHHPHHHPHPPPHPPHHPPHPHHPHPHHP
121,PHPPHPPHPPPPPHHPPPPHPHPHHHHHPPHHHPHPPHHHPPPPPPHPPP
122,PHPHPPHHHPPPPPPHHHPPHPHHHPPPHHHHPPPHHHPHPPHHHPHHHH
123,PPPPHPHPPPPHHHPHPHPPHHPPHPPPHHPHPHPPHPPPPHHHHPHHPP
124,PHHHHPPPHHPHHPHHPHPPPPPPHHHPPPPPPPHHPPPPHHHHPPPPHH
125,PHPHPPPHPHHHPPPHPPHPPPHPPHHPHPHPHPPPPPHPHHHHHHPHHP
126,PPHHPPHPHPPPHHPPPPHPPPHPHHHPHHPHHHPPPPPPHHHHPHPPHH
127,HHPHPPHPPPHHPPPHHHPHPHPPPHPHPHHHHPPHHPPHHPPPPPPHPP
128,PHPHPHPPHPPHPPPPPPPHHPPPHHHPHHPPHHHPHPPPPHPPPPPHHH
129,PPHHPHPHHHPPPHPHHPPHHHPPPPHHPHHHHPPPPHPPHPPHPHHHPP
130,HHPPHPHPPHPHHHPPPPPHHPHHHHHHPPPPPHPPHPPPPHHHHPPHPH
131,PHPHHPPPHPHPHHPPHPPHHHHPPHHHHHHHHPPHPHPHPHHPPHPPHH
132,PHHHHHPPPPHPHHHHHPHHPPPHPPPPPPHHPPPPPHHPPPPPPPHHHH
133,PHHPHPPHPHHPHPHPPHPHPPPHHHHPHHHHHPHHHPHHHPHHPHHPPP
134,HHHPPPPPHHPHHPPHPHHHHHPPHHPHPPHHPHHHHPPPHPPPPPPPPP
135,HPPHHHHHPHHPPPPHHPHHPPHHHHPPPPPPHHHPPHPPHHHHPPHHPP
136,HPHHPPPPPHHHHPHPPPHHPPPHPHPPHPPHHPPPHPHHHHPPHPHHPH
137,PHPHPPHPPHPHHPHPHHHHPHPHHHHPPPPPHHHHPHPPHHHHHPPPHP
138,PHHHHPHPPHHHHPPHHPHPPPHPPPHPPPPPHHPPPPHHHPHPPHPPPP
139,HHPPHHHPPHPHHPHPPPHHHHPHPHPPHPHPHPHHPPHPPPPHPHPHHP
140,HPPHPPHHHHHHHPPPHPHPHHPPHPPPHHPHHPHHPHPPHHPHHPHPHH
141,PPHPHHPHPHPHPPHHHPHPPHPPHHPHHHPHHPHHHHPPHPPPPHHPPP
142,PHPHHPHPPHHHHPPPHPHHHHHPHHHHPHPPHPPPHHPHHPPHPHHHHH
143,HPHPHPHPHPPPHPHPHHHHPHPPHHPHPHPHPPPHPPPHPHHHHPPPPH
144,HPPHHHHPHHPPHHHPHHPHHHHHHPHPPHHPHHHPHPPHPPPHPHHPHP
145,PHPHPPPHHPHPHHPPPPHPPPPHHPHHHHPPHPHHHPPHHHHHHPPPHP
146,PHPPPPPHHHHPHHPHHHHHHPPPPHHHPHPPHPHPPPPHHPPPHPHHPH
147,HPPHPPPPHHPHHHPPHPHHHPHPHPPHPHPHHHHPPPPPPPPHPHPHPP
148,HHHHHHHPPHPPHHHPPPHHHHPHHPPHPPHHPPHPHPPHPHPHHPPHHP
149,HPPHPHPHHPHPHPPPPPHPHHPHPPHHHHPHPHPPHHHHPHHHHPHPPH
150,HHPHPHPHPPPHHPHPPPHHHPHHHHPHHPPPHPHPHPHPHPPPHHHHHP
151,HPHHHHPPPHHHHPPPPPPHHPHHHPPHPHHHHPPHPPPPPPPPPPHPHP
152,HPPPPHPPPHPHHPPPHHPHHHPHHPHPHPHPHHHPHHHPHPPHHPHPPP
153,PPHPPPHHPPHHHPHHPHPHPPHHPPPPHPHPHPHHHHPHPPHPPHHHHP
154,PHPPHHHPPHHPHPHPPHPPPHPPHHPPHPHPPHPPPPPPHPPPHHPPPP
155,HPHHPHHPHPPPHHHPPPHHPPHPHPPPPHPPHHPHHPHPPHPHPPPHPH
156,PPHHHPPHHPHHHHPPPHPPPPPHPPHHHPHHHPPHHPPPHHPHHHPHHH
157,PHHPPHHHPPPPPPHPPHPHPHHPHHHHPPHHPHHHHPPPPPHHPPHPHH
158,PPHHPPPPHPPHHPHHPPPPPHPPHHPHPHPPHPPHHHHPPPPHPPHHPH
159,PPHPHHHHPPPPPPPPHHPHHPHPHPPHHPPHPPPHHHHHPHHPPPPPPH
160,HHPHPPHHPHPPHHPPPHPHHHPHPPHHHHPPPPHHHHPHHHHPPPHHHH
161,HHPPHPHPHPHPHPHPHHPPHPHHPPPPHHHHPHPPHHHPPHHHHPHHHH
162,HPPPHHHPHHHPPHPPPHHPPHHHHPHPHPHHPHPPPPPPPPHPPHPPHP
163,PHHPPHPPPPPHHHPPHPHHHPHPHHHPHHHHPHPHPHHHPPPPPPHHHP
164,PHPPHPHHHPHPPHHHPHPHPPHPHHPPPHPPPPHPPPHPHPPPHPHHHP
165,HPHHHPHPPHHHPHPPHPHPPHHPHHHPHPPPHHPHPHHPPPHHPPHPPP
166,HHPHHHPPPPHPPHPPHPHPHHHPPPPPHHPPHPHPHPHHHPPPPPPPPP
167,PPHHPPHHPHHHPPPPPHPHPPPHPHPPPHHPHHHHPPHHHHHPHPHPHP
168,HHHPHPHHHPPPHPPPPHPPHHPPPHHHHPPHPPHPPPPHHPHHPHPHPH
169,PPHHPHPHHPPHHHPPPHHHPPHPPPPPHPHHHPPPPPPHPHPHPHPPHH
170,PHHPHHPHPPHPHPHHPHHPPPPPPHPHPPPHPHHHHPPHPHPPPPPPPH
171,PPHHPHPPHPHHPHPHHHHHPPHPHHPHPHPHPPPPHPPHHHPPHPPPHP
172,HPHHPPPPHHPHHHHPPHPPHHPPHHPHHPHPPPPPHPPPPHPPHPPHHH
173,PHPPHHPPPHHHHPHHHHPHPPHHPPPPPHHPHPHHHPHHPHPPHPPHHH
174,HPPPPPHPPHPHPHPPHPPHPPHHHPHHPHHHHHPPHPHPHPPPPHHHPH
175,HPHHHHPPPHPHHPPPHHHPPHPHPHPHPPPHPPPPHHHHPHHPHPHHHH
176,PPHPPHHHPPHHPPHPHHPPPPHPHPHPHHHPPHPHHHHHPPPHHHPPPH
177,PHHPHPHHHPPHHPPHPHPPHPPPPPPPHHHPHHHPPPPPPPPHHHHHHH
178,HPHHHHHHPPHHPHHHHPHPPPPHPPPHHPHHPHPHPPPHPHHHHHPPPP
179,PHPPHPHHHPPPPHPPHHPPPPPPHPPHHPHHPPPHPPHHPHHHPPPHPP
180,PPHPHHPHHPHPHPPPHPHPHHHHHPHPPHPPHHPPPHPPHHHHHPPPPH
181,PPHPHHPPHPPHHPHHPHHHPHHPPPPHPHHHPPPPHPHPHPHHHPHPPH
182,PHHPPHPHPPPPHPPHPHHPHHHHHHHPHPPHPHPPPPHPPPHHPHHPPP
183,PHPHHPPHHHPHPHHPHHHPHPHHHPHHPPPPHPPHPPHHPPPHPHHPPP
184,PPPHHHPHPPPHHPPHHHHPHPHPPPPHHPPPHPHHPPPHPHPHHPPPPH
185,PHHHPHPPPPPHHPPHHHHHPPPHHHPPHPPPPPPHHPHPHHPPPPHHPP
186,PPPPPHPHPPPPHHPPHPPPHHPPHHHHPPHHPHPPPPPHPHPHHPHPPP
187,HHHHPPHHPPPHHPHHPPHPPHPHHPHHHPPPPPHHPHHPPHPPPPPHPP
188,HPHHHPHHPHPPPHPHHPPPPPPHHPHHHHHPHHPHPPHHPPHPPPHHPH
189,PPHPHPPHHPPPPPPHHHPPPHHHPHHPPPHPHPPHHPHPPPHHHPPHPH
190,HPPPPHHPHHPPPPHPPHPPPPHHHHHPPPHHHPPHPPHHHPHHHPHHPP
191,HHHPPHHHPHPPHPHPPPHHHPHPPPPHHPPPPHHPHHPHPPHHPPPPHP
192,PHHPHPPHPPHPPHHPPHPHHHPHPHHHPHHPPHPHHHPPHHPPHHHHPH
193,PPPHHHHPHHHPPHHHPPHPHPHHPPPPPHHPHPPPHPPPHPPHHPPPHP
194,HPHHPPPPPHHPPHHHHPPPHPPPPHPPPHHHPHPPHHPHHHHHPPPHHP
195,PHHPHHPPHPHHHPPPPPPHHHPHPHPPHPPHHPHHPPHPPHPPHHPHPH
196,PPPPHHPPPPHPHPPHHHHHPPPHHHPPHHHPHPHHHPPHPPHHHPPHHP
197,PHPHPHHHHPPHHHHHHPPHHHPHPPHHPPPHPHPHHPHHHHPHPHPPPH
198,HPPHHPPHHPHHPPHPHHHPHPPPHPPPHPPHPHHPHHPHPPPPPHPPPP
199,HHPHPHPHHHPPPHPHHPHHPPHPPHHHHHHHPPPHHPHHPPHHHPPPHH
200,HPPHPPHHPPHPPHHPHPHPPPPHPPHPPHHPPHHPPPPHHPHHHHHHHH
201,HHHPHPPHHPPHPHHPPPHHHPPHHPPHHPHPHHHHHHPPHPPHPPPPHH
202,PPPPHHPPPHHPHPPPHHPHPPHPPHHPPPPHHPPPPHHPPPPHPHHHHP
203,HHPHHPHPPPHPHPHHPPPPPHHHHPHHPPHHPHPPPPHPHHHHPHPHHH
204,HPHPPHHHHHPHHPPHHPPPHHHPHHHHHHPPHPPHPPPHHHPHHPPPPP
205,PHPPHPHPPHHHHPPHHPPPHPHHPHPPPHHPPHPHPHPHHHPPHPPPPH
206,HPPPPHHPPPHHHHHHHHHHHHHPPPPPHHHHPPPPPHHPHHHHPPHHHP
207,PPPHPHPHPHPHPPHHPPPPPPPPPPPPHPHPHHHHPHPPHHHPHPPHHP
208,HPPHHPHHPHHHPHHPHPHHHHHHHHHHHHHPPHPHHPHHPHHHPHPHPH
209,PHPPPPPPPHPPHHHHHPPHHPPHPHHHPPHPPHPHHHHHHPPHPPPPHH
210,HPPPHPPHHHHPHHHPPPHHPPPHPPHPHHPHHHPHPHHHHPHHPPPPPP
211,PHHHHHPHPPPHPHPPPPHPHPPPPHHPPPPHHPHPPHHPPHPPPHPPHP
212,PHHHPPHHPHPPPHHPHHPPPPPHHPHHHHPHPHHPPHHPPPHPHHPPPP
213,HPHPHPPPHPPHPPHPHPPPPHPHHPHPHPPPPHPHHPHPHHHHHPHHHP
214,PPPPPPPPHHPHPHPPHPPHHHPPHHHPPPPHHPHHHHPHHHPHPPPPHP
215,PHPHHHPHHHPPPHPPHHHHPPPHHPHHHPPHPPHHHHHPHHPPPPHHPH
216,HHHPHHHHHPHPHPPPPPHHPHPHHHHPHPPPPPPPHPHHPHPPHHHHPH
217,PHHPPPPPPHPPHPPPHPPHPPHPPHHPPPHHPHPHHHPHPPPPPPPHPH
218,HHHPPHHHHHPPPHHPPHPHHPPPHHHPPHHPHHHHHHHHHHHPPPHPHP
219,HPPPHPHHPHHHPHHHPHHHHHHPHHPPHPHHHPHPHPHHPHPHPPPPHH
220,HPPHPPHPPHPPPPPPHPPPHHHPPPHPPPPHHPHPHPPPHPHHHHHPHH
221,PPHPHPHPHPHHPHPPPHPPPHHPHHHPPPHHPPPHHHPHPHPPPHHHPH
222,PPPPPHHPHPPPPHPPHHHHPPHPHPPPHPHPHPPHHHHPHPHHPHHHPH
223,HPHPPPPPHHPHPHHHHPPHHPHPPPHPPPPPHPHHPHPHPHPPPPHHPH
224,PHPPHPPHHPHPPHHHPHHPPHHHPHPPPPHHHHPPHPHPPHHPPHHHPP
225,PPPPHHHPPPPPPPPPPHHHHHHPPHPHHHHHHHPPHPPHHHHPPPHPPP
226,HPPPPPPHHHPPHHPHPHHPPPPHHPHPHHPHHPPPHPPHHHPHHPHPHP
227,PHPHPHPPHPHPPHHHHHHHPPPHHHPHHHHHHHHPHHHPHPHPPPPHHP
228,HPPHPHPPPPPHHPPHHHHPHPPHHHHHPHPHHHHPPHPPHHHPPHPPPP
229,PPPPHPPHHPPPHHPPPPHHHHPHHPHPPHPHPPPHHHPPPHHPPPHHHP
230,PPPPPHPHHPHPHPPHPHPHPPPHHPPPPPHPHHPHHHHHPHHPHHPHHH
231,HHHHHHPPHPPPHHHPPHPHPPHPPHPPPPHHHPPHHPHPPPPPPPPPPH
232,HHHPPPHHPPPHPPPPPPHHHHHPHPPHPPHPHHHHHPHPHPHHHPPHHP
233,PHHPPHPPHHHHHHHPPHHPPHPHHPPPHHPHHHHHPHPPPPPHHHHHPP
234,HHHHHPPPPPPHHPPPPPHHHPHPHHHHPPPHPHPHPPHHHHPPHHHHPH
235,PHPPPHHPPHPPHPHPHHHHHPHHHPPPHHHPPHPPPHPPPPHPPPHHPP
236,HHPPPHPPPPPPPHPPHHPHHHHPHHHPHPHHPHPPHHPPPPHPHHHHPH
237,PPPPHHPPHHHHHPPHPHHPPPPPHHHHPPPPHHPPPPPHHHHHHHPPHH
238,HPHPPPPPPHHPPPPHPPPPPPHPHPPPPPPPHPPPPPHPHHPPHHHPHP
239,PHHHPPHPPHPPPPHHHHPHHPPPHPHHPPHHHPPHPHHPPPHHPPPPHH
240,HHPPHHHPPHHHPPHPPHHPHHPPPHPPHHPPPHPPPPPHHPHHHHHHPP
241,PPPHHHPPHPPHHPPHHHHHPPHPPPPHPPPHHPPPPHHPPPHHPPPPPH
242,HPPPHPPPHHHHHHHHPPHHHPHPPPHHPPHHHHHHHPPPPPHHHHPHHH
243,HHPHHPPHHPPPPPPPPPPPPHPHHPPHPPHHPHPPHPHHPPHHPPHPHP
244,HHPHHHPHHHHHPHHPPPPPPPHPPHPPHHHHPHHHHHHPHHHPPHPHPP
245,HPHHPHPPPHHPPPHPPPHHHHHPHHHHHPHHPHHPHHHPHPHPPPPHHP
246,PPPPPHPHHHHHPPHHPPHHPPPHPHPPPHPPHHHHHHHPHPHHPPHPPH
247,PHHHPPPHPPPPPPHHHPPPPHPPHHHHHHHHPPPHHPPHHHHHHHHPPH
248,HPPHHPPHPPPHHPPHHPHPHHHPPHHPHHHPHHHPPPPHPPHPPPPPPP
249,PHHHPPPHHPHHPPPPHHHHHPHPHHPHPHPHHPPPHHPHHPHHPPHHPP
250,HHPPHPHPPHHHHPPPPHPHHHPHHHPHPPPHPPPPHHPHHHPPPPHHHP
251,PPPPHHHPHHPHHHPHHHHPPHPHHPHPHPHHHPHHHPPHHHPHHHHPPP
252,PPHHPHHPPHHHHHHPPPHPHHPPHPHPHPPHHHHHHHHPHPPHHHPPHP
253,HPPHPHHHHPPPHPPPPHPPHHPHPHPPPPPPHHPPHHPPPPPHHPPPHP
254,HHPHHPHPHHHPPPHPHHPHPPHPHHPHHHHPHPPHHPPPHHPPPPHHHH
255,PHPPHPPPHHHPPHHPPHHPHHHHHHPHHPHHHHPPHHHHPPHHPPPPPP
256,HPPHHHHPPHPPPHPHPPPHPHPPHHHPHHPPPHPPPHHPHPHHHHPHPP
257,HPPHHHPPPPHHPHHPPHHPPHPHHHPPPHHPHPPHPHPPPPHPPHPPHP
258,PPPPHHHHHPPHPPHPHHHHHHHPHHPPHPPPPPHHHHPPHHPHHHPHPH
259,HHPHHHHHPHHPHPHHPHHHHPPHPHHPHPPHHPPHHPHPPHPPHPHPPP
260,HPHHPHHHPPHPHHHHPPPPPHHPHPPPPPPHHHPHPHHPPHPPPPHPPH
261,PHPHHHPPPHHHHPHHHPPPPPPHPHHHPPPHHPHHHPPPPHHPHHPHPH
262,HHHPPPHHPPHPPPHHPHHPHHHHPPPPPPHPHHPHHPPPPHHPHPHHPP
263,PPHHPPHHPPHPPPHHPPPPPHPPPPHHPHHHPPHPPPHHHHPHHHHPHH
264,HHHHPPHHPPPHHPPPPHPHPPHHPHPPPHHHPPHHPPPPHPPHPPPHPH
265,HPPPHHHPPPHPPHHPHPPPHHHPHPPHHPPHHPPHHPHPPPPHHPPPHP
266,HPPPHHPHPHHHHHPPHPPPHHPPHPPPPHHHHPPHHPPHPPPPPPPHPH
267,HHHHHPHHPHPHHPHHPPHHHHPPPPPPHPHPPHHPHPPHPHPHHHHPHH
268,PHPHPHPPPPHPHHPHHHPHPPHHPHHHHHHPPPHHPPHHHHHHHHHHHP
269,HPPHHHHPPHHHPHHPPHHPPPHPPHPHHHPHPHPHPHHHHPHPHHPHPH
270,HPHPPHPHPPHHHHHHHPHHHPPHPPHHHHPHHHHHHPHPPPPHPHPHPP
271,PPHHHPPHPPPPHPPHPPPPPPHHPPHHPHHHPPPPPPPHPHPHPHPPHH
272,HPPPHHPPHPPPPHHPHHPHHPPHHHPHPPPPHPHHPPHPPPHHHPHHHP
273,HHPHHPPPPPPHPPPHPPPHHHPPPPPPHHPPPHPHHHHHHHPHHPHPHH
274,PPHHPHPHHPHPPPHPPPPPHHHPPHPHPHHHHHPHPPPPHHPPPHPPPH
275,HPHPHPPHHHPPHPPPHHPHPPPHHPHPHPHHHPPHHHPHPHPHPPPPPP
276,HPPHPPHHPHHPHPPHHHPPHHPHPHPPPPHHHHHHHPHPPPHPPPHPHH
277,HHPHHHHPHHPPHPHPHPHPHPHPHHHPHHPPPHPPPHPHHPPHHPHHHH
278,PHPHPHHHHPPHPPHHHPHPHPHPHPHHPHHPPHHPPPHHHHHPPHHPHP
279,HHHPHPPPHPPHHHHHHPHPHHPHPHPHPHPHPPPPHPHHPPHPHPHHHH
280,PHHPHPPHPPHHPPPPPHHHHHPPHHPHHHHHPHHPHPHHHHHHPPHPPP
281,PHHPHPHPHHPPPHHHPHHPPHHHPPPPHHPPPHHPHPPHHPHHPPHPHH
282,PPHPHPHPPHHHPHHHPPPPHHPPHPPPHPPHHHPHPHPPPHPHHPPHHH
283,HHHHPHPHHPPPHHPHPPHHPPHHHPHPHPPHPHPPHPHPPPHPHPPPHH
284,PHPPHHHPPPPHHHHHHPHHHHPHPHHHHPPPHHHHHHPHHPPHHHPPHH
285,PHHHPPHHHPHHHPHHHPPHHPHHPPPPHPHPHHHPPPHPHHPHHHHPPH
286,HHPHPHPPHPHHHPHHPHHPPHHHPPPHHPPPPPHHHHPPPPPHHPPHPP
287,PHPPPPPHHHHHPHPHHHPHHHPHHHPHPHHHPPPPPHPPPHPHPPPHHP
288,PPHHPHHHPHPHHHHPPPPPHPHPPHPHPHHHHHHHHPPHPHPHHPPHPH
289,HPHPPHPHHPPHHHPHHHPHHPHHPHHHHHPPPPHHHPPHHHHHPPPHHP
290,HPHHHHPPPPHPHPPHHPPHPPPPPHHHPHHHPPPHHHHHHHHHHHHHHP
291,HHHPPHHPHHPPHHHPPPPPPHHHHHPHHHHPPPHPPPPHPHHHPPPPHP
292,HPHHHHPHPPPPPPHHHHPHPHHHHPHPHHHPHPHPHPPHHHPPHHPPHP
293,HPHPHHHHHPPHPPPHPPHHPPHHHPHHHHPPPPPPHHHPHPPPPPHHHH
294,HPPHHPHHHHHHPPHPHHPHHPHHPPHPHHPPHHHPPPPHPHPPHPPPHH
295,PHPPPPPHHHPPPHHHPPPPPHPPPPPPHHHHHPPPHPHPPHHPPPHPPH
296,PHPPHHPPPPHPPHHPPPHHHPHHPPPPHPPPPHPPPPHPHPHHHPPPPP
297,PPHHHHPPPHHPPHPHHHHHHHHHPPPPPPPPHPPHHPHHPHPHPHPPHH
298,PPPHPPHHHPPPHHPHHPHHPHPHPHHPPHPHHHHHHHPPPHPPPHPPHH
299,HPPHHHPPPPPHHPPHHPHPPPHPHPPPHHPHPPHHHHPPHHHPPHPPHH
300,PPPHHPHHPHPPPPHPHPHHPPPPPHHPHHHHPPPPPHPHPHHPHPPPHH
301,PPHHPPHPHPHHPHHPHHHPPHHHPHPHHPPPHPPHHPHHPPHHPHPHPH
302,PHHHHPPPHHPPHHHPPHHHPPHPHPHHPPHPHHPHPHHHPHHHHPPHHP
303,PHHHPHPHHHHPHPHHPHHHHHPHPPPHPHHPHHPHHHHHHHPPHHPPPH
304,HPHPPPPHHPPHHPHHPHPHHPPHPPHPHPHHHPPPHPPPHPPPPPHPPH
305,HHPHPHHPPPPHPPPPHHPHPHPPPPHHPHHHHPPHPHPHHPPHHPPPPH
306,HHPHHPPHHPPPPHHPHHPHPPPHPHHPPHHHPHPPPPPHHPPPHHHPHH
307,HHPPPHHPPPPPPHHPPHHPHHHHHPHHHPHHPPHHHHPHHHPHHHHHHP
308,PPHPHHPHHPHHHPHPPPPHHPPHHHHHPHHHPHPHHPPHHPHPHPPPHH
309,PHHHPHHPHHHHPHPHPPHPPHPPPHPHPHHHPPHPHPPHHHHPHPPHHP
310,PHHPHPPPPPPHHHPHPPPHHHHHPPHPPPPHPPHPPHPPHHHHHPHPHH
311,HPPPHPPPPHPPHPPHHPHHHPHHPHHHHPHPHHHHPPPPPHHPHHPHPP
312,PHHPPHHHHPHHHHPPHPHPPPHPPPPPHPHHHPPPHPHHPHHPPPPHHH
313,HHPHHHPPHPPHPHPPPPPHPPHPPHPHHPHPPHHHHHHPHHPHPHHPPH
314,HHHPPHHHPHHPHPHHHHHHHHHHPPPPPPPHPHHPPHPPHPHPPHPHHH
315,HHHPPHHHPPHPHPPHHPPHHHHHPHPPHHHHHHHHPPHHPPHPPHHHHP
316,PHPHHHHHPHHPPPPPPPPHPHPHHHPHHHHPHHHHPHHHHHHPHPHPPH
317,HPPHHPHHHPHPHPPPPPHPPHHHHHPPPPHHHPPPPPPHHHHPHPHPPH
318,HHHPHPPPPHPHPHPHHHHPHPPPPPHPHPPHHPPPHPPHHPHHHPHPHP
319,HHPPHHHHPPPPPPPPPHHPPPHHPPPPPHPHPHPPPPHPPPPHHHPHPH
320,HPHPHHPHPHHHPHHPHHPHHHPHHHPHPHPPHHPHHPHPPHPPHPPHPH
321,PPPPPPHPHPHHPPHPHPHHPPPHHHPHPHPHPHPHPPPPPPHPPHHPHH
322,PHHPHPHPHPPHHHPHHPPPPPHPPPHHPHPPPHPHHHPPHPHPHPPPPP
323,PHPHPPPPPHPPPHPHHPHPHPPPPPPHPPHPHPPPHHPPPPPHHPHPHH
324,HPPPPHPHPHHPPHPPHHPHHHPPPHPHPHHHHHHPHHHPPHPPPHHPHH
325,PHHPHHPHHPHPHHPPPHPPHPHHHPHPHHPHPPPHHPHHPPHPHHHHPH
326,HHPHHHHPPHPPPHPPHHHHPHHHPHPHHPHHPHPPHHPPHHHHHHHHPP
327,PPPPHPHHHHHPPHPHPHPHPHHHPPPHHHHHPPPHPHHHPHHHPHPHPH
328,PPPPPPHHPPPHHHPHPHPHPPPPPHHHHPPHHPPPHPPPPHPPHHHHPH
329,PHPPHHHPHPPPPPHHHPHPPPHHPHHPHPPPHPPPHHHHHPHHPPHPHH
330,PPPHHPHPPHPHPPPPPPHPPPPPHPPPHHHHHHHHHPHPHPPPHHPPPH
331,HPHPHHPHHHPPHHHHPHPPHPHHPPHPHHPHPHPHHPHHHPHHPHHHPP
332,PHPPHHPHHHHPHPHHHHHPPPPHHPPPHPPHPHHHPHHPHPHHPPPPPH
333,PPPHPPPHPHPHHHHHHHPHHPPPHPHPPHPPHPHPPHHHPPHHPHPHPP
334,PPHHPPPHPHHPHPHPPHHHPHPHHHHHPHHHHHHHPPPHHPPPHPPHPP
335,PHHHHHHPHHHHHHPPPPPHPHHHPPPHPPPHPHHHPPPHPPPPHPHHHP
336,HHPPHPHHPHHPPPHPPHHHHPHHHPHHHPPPPPHHPPHPPPPHHHHHPH
337,PPPHPHHHPPHHHPPHHHPPHPHPHPPHPPHHPHHHPHHPPHPHPHHPPP
338,PPHPHPPPPHPPHHHHPPPHPPHHPHPHHHPPHPPHPHPHHPPHHHHHHH
339,HHHPPPHPPHHPHHPHPPPPPHHHPPHHHPHPPHHPHPHPPPPPPHPPHH
340,PHHHHHPHHPPPPPPHHHPPPHPPHPHHHPHPHPHPHHPPHPPHPPHPHP
341,PHPPPPHPHHHHHHHHHHHHPPPHPPHHPPPPPPPPHPPPHHPHHHPPPH
342,HHHPHPPPHHHHPPHHHPPHPHHPPHHPPHPPPPHPPHPPPPHPPPPHHH
343,PHPPHHHPPHPHHPHHHPPHHPPHHHPPHPHPPPHPHHHPHHPHPPHPHH
344,PPPPHHHHHPHPHHHHPPHHHHPPPPPHPHPPPHHHPHHPPHPHHPPHHH
345,HHHPPPPHHHPPHPPPHPHHHHHPPPHHPPPPHHPPPPHHPPPHHPHHPH
346,PPHHHHPHPHPHPPPPHPPPPHHPHHHPPPHPPPPPPPHPPPPPHPHPHP
347,HHHHPHPPPHPHPPHHPHHPPHHPHHHPPPHPPPPHPHHPPHHHHHPPPH
348,HPHPHHHHPPHPHHPPHPHPPPHPHHPPHPPPHHPHHHHHPPPPPPPPPP
349,PHPHHPHHPPPHPHPHPPPHHHHHHHHPHPHHHPPHPPHPHPPHHHPPPH
350,PPHHHPHHPHPPPPPPPPHHPPPPHHPHHHHPPPPPHHHHHHHPPPHPHP
351,PHPHPHPHPPHPPHPPHPPPHHHHHHHPHHHHHHPPHHPPPHHHPPPHHH
352,PPHHPPPHHHPHHPHHHPHPPHPHPPHHHPPPPHHHPPPHHHPPHHHHPH
353,HHPPHPPPPPPHPHPPHHPHPPHHPPHHPPHHHPHPPHPHPPHHPHPPHP
354,HPHHPPHPHPHPPPPPPPHPHHPHHHHHHPPHPHPPHPHPHPPHPPPPHP
355,HPPHPHHPHPPHHHHHPHHPPHHPPPHPHHPPHPPHHHPHPHPPHHHHPH
356,HHHHHPPPPPHHPHPHPPPHHPHPHHHHHPPPHHHHHHHPHHPHPPPHPH
357,HHPHHHPPHHPPPPHHHPHHHHPPPHHHPHHHHHPPHPPHHHPHPPHPHH
358,PHPPPPHPHPHPHHHPPHHHPPPHPHHPHHHHPHHHHPPPHHHPHPPHPP
359,HPHPPHHHHHHHPPPHPPPPHHHHPPPHPPHHHHHPPHHPHHPPHPHPPP
360,HHHPHPHHHHHHPPHPPHPPPPHHHPPHHHPPHHHHPPHHPPHHPHHHPH
361,HHPPPHHHHPHHHPHHHPHPPPPHHHPPPPPPPHHPHHPHHPPPPPPHHH
362,HPHHHHHHPHPPHPHPHHPHHPHPPPPPPPPHPPHHPPHPHPPPPPHHHP
363,HPPPPPPHHPHPHPPPHPHHHPPHHHPHHPHHPPHPHPHHHHHHHHHHPP
364,HHHHPPPHPPPPHPPHHHPHHPHHPHHPPHHHHHHHHHPHPPHPHPPHHP
365,PHHPPPHHPHHPPHHPPHPPPPHPPPPPPHPPHHHPPHPHPHPHHHPHPH
366,PHPHPHPPHPHPHHHHPHPPHHHPPPHPHHHPPHHHPPPPPPHPPPPHPP
367,HPPHPPHHPHPPHHPPHPHHPPPHHHHHPHHPHPPPHHPPPPHHHHHPHP
368,HHHHPPPHHPHPPPPHPPPHPPHHPHHHHHPHPHPHPHPHHHHHHHPPPH
369,HPHPPPPHPPHHHPPPPHHPHPPHPHPPHPPHPPPPPPHPPPHPHPPPHP
370,PPPHPPHPPHHPHHPPPHHPHPPHHHPHPPPHPHPHHPPPPHPPHPHHPH
371,HHHPPPHPPPPPHPPPPPPHPPHPHHPHPPHHHPHHPPPPHPHPPPPHPP
372,PPHPHPHPPPPHHHHHPPHPHPHHPHPPPHPPHPPPHPPPHPPPHHPPHH
373,PHPPHHPPPPPPHPPHPHPHHHHHPHHHPPHHPPHPPHHHPPPHPPHHPH
374,PPPHPPHPHHPHHPHPPPPHPPHHHHPPHPPPPHHHHHPPHPPPHHHPPP
375,PHPHPPHHPPHHHPHHPHPHPHPPPPPPHHPPHPPHHHPPHHHPHPHPHP
376,PHHPHPHPPHPHPPPPPPPPPPPPPHHHHPHHPHHPHHHPPPHHHHHHHP
377,HHPHPPPPHHPPHPPPHPHPHHHHPPHHPHPPHPPHPHPHPHHHHPPHHH
378,PPHHPPHPPHPHPPHPHPPPHHHHHHPHPPPHHPPPPPHPHPPPHHHPPH
379,PPPPHPHPHPPPHPPHPPPPPPHHHHPPPHPHPPHPPPHPPPPPHHPPPH
380,PPHHPHPHHHHPPPHPPHPPPHHHHPHHPHPHPHPPHHHHPHHPPPHPPH
381,PPPHPHHPPHPHPPHHHHHPPHPPHHPHHPPHPHHHHHPHPHPHHPPPPP
382,PPPHPHHHHHPHHPHHPPHHPHPPPHHPHPPPHPHPPHHHHHPHHHHPPH
383,PHPPPPPHPHPHHPHHPPPHPHPHHPPHPPPPPPHPHPPPHHPPHHHHPH
384,HPPPPPHPPHHHPPHHHHPHPPHHPPPPHHPHPHPPHPHHHHHPPHPPHH
385,HHHPHHPHHPPPPPHHPPPHHHHPHPPPHHPHHPHHPPPHPPHPHPHHPH
386,PPPHHPPHHHPHHPHPPPPPPHPPHHHPPPHPPHHHHHPPHHHHPPPPPH
387,PHHPPPPHPHHPHPPHHPPPHHHHPHHHHHHHHPPHPHPPPHPPHPPHPP
388,PHPHHPPHPHHPPPPPPHPPHHPPPPHHPPPPPHPHPPHHHHPPHPPHHH
389,PPHHHPPPPPHPHHHHHHPHHHPPHHPPHPHPPHHPPPHPPHPPHHPPHH
390,PHHPHHPPPHPHPHPPPPHHPPHHHHPPHHPHPPHHPPPHPPHPHHPPHP
391,PPHHPPHPHPPHPHPHHHPHHHPHPHPPHHPHHHPHHHPHPPHHPPHHPH
392,HPHPHPPHHPPHHPPPPHPPPHPPPPHHHHHPHHHHHPHPHHHPPHHPHP
393,HHPPHHHHPHPPHHPHPPPPPHPHHPPHHPPHPPHPPPPHHPPPPPHPPP
394,PHHHPHPHHPPPHHHPHHHPPHHPPHPPHPHHPPHPPHHHHHPPHHHHHH
395,PHPPPPHPPPPPPPHHHPPPHHHPPHPPHHHPHHHPHHHPHHPPHHHPPH
396,PPHHPHHPHPHPPPPHHPHPHPPHHHHHHHHPPHHPHHHHHHPPPHPHPP
397,HHHPPPHHHHHHHPPPHHPPHPPHPHHPPHPHHHHPHHHPPPHHPHPHPP
398,HPHHHHPHHPPHPPPPPPHPHHPPPPHPHHPHPPHPPHHPPPPHPPHPPH
399,PPHPPHHPHPHHPPPPHHHPPHHHHPHHPPHHHPPHHHHHHPHHPPHPPH
400,PHPPHPPPPHHPPPPHPHHHHPPPPHHPHPHHPPHPHPHHPHHHHPHPHH
401,PPHPPPHHPPPPPHHHPHHHHPPHHPHPHPHPHHHPHPHHHHPHPPHPPH
402,HHPPPHHHHPPPHHHHHHHPHHPPHPHPHPPPPHPHPHPPPPHHPPPHHH
403,HHPPHHHPPPHHHPPHHHPHHHHPPHPHHHPPPHHHHHHHHPHHPHHPPH
404,HPPPHPHHPPPHPHPPHHHHPHHHHPHHHPHPHHPPHPHHHPHHHHHHHP
405,PPHHHHHHHHHHHPPPPPPPHPPPHHPHPHPPHPPHHHHHPPHHPHHHPH
406,PPPPPPPPPPHHHPHPPPPHHHHPHPPPPHHPHPHPPPPHPPPPPHPPHH
407,PHPPPHPHPPPHHHPPPHPHHPHPHPHPHPPPPPPPHHHPHPHPHPHPHP
408,HPPHPPHPHPPPHHPHHHHHPPPPHPPHPHPPHPHHHPHPHHPPPHHPPH
409,HHHPPHHPHPHPPHHPPPPHPHPPHHHHHHPPPPPHHHHHPHPPHHPHHP
410,HHPPPHHPHHHHPPHPPPHPHHHPPHHPHPHHPHHPHHPHPHHPPPHHHP
411,PPPPHPHHHPHHHHPHHPPHPHPHPHPPPHPPHPHPHHPHHHHPHPPHPH
412,HHPPHPPPPHHPPHPHHHHHPPHHPPHPPHPPPHPHPPPHPPHPHPHPPH
413,HHPPHHHPHHHHHHHPPHPPPHPPPPPPHHPHPPPHPPHPPPPPHHPHHH
414,HHPPPHPPHPHPPHPHHPHHHHPHHHPPPPHHHHPHPPHHPPHPHPPHHP
415,PHHPPPHPPHPPHPHHHHPHPHHPHPPPPHHHHPHPHPHPPHHHPHPPPH
416,PHPHHHHHHHHHHPHPHHHPPPHPHPHPPHPHHHPHPHHPHPHHHHHPPP
417,PHHPHPPHPHPHHHPHPHPHPPHHPPPPPPPHPHHHHHHPPHHHPHPPPH
418,HHPPPPHPPHHPHHHHHHHPHHHPHHPHPHPPPPHHPPHHPPPHPPHPPH
419,HPHPPPHHHPPPPPHHPPHHHPPPHPPPPHPPPHPHHHPHHPPHPPHPPH
420,PPPPHPPHPPHHHHPPHHHHPPHHPHPPHHPHPPHPHHPPPPHPPPPHHP
421,HHHHPHHHPPHHPPPHHHHHPPHPPHHPHPPHPHHPPHHHPPPPPPHPHH
422,PPPHPHPPPPHHPHHPHPHPHPHPPHPPPPHPPPHPPHPPHHHPPPHPHP
423,PPHPPHHHPHPPHHHHHPHPHPHHPHHPPHPPHPPHPHHHHPPPHHHHHH
424,HPHPPHPPPHPPPPPHHHPHPPHPHHHPPPHPHPHPHHPHPHPPHHPHHH
425,HHHPPPHPHHPHHPPHHHHPPHHHHHPHHPHHHPPPPHPHPHHPHHPPHP
426,HHHHPHHPPPHHPPPPPHPPPHPHHHHPHHPPPHPHPHPHPHHPHPHHHP
427,HHPPHPPPHHHPPHHPPHPPPPPPHPPPHHHHPHPPHPHPPHHHHPPPPH
428,PPPPPHHHHPHPPPPPPHHHPPHHHHPHPPHHPPHHHHPPHHHHHHHPPP
429,PHPHPHHPHPHHHHPHPPHHPHPPHPHHHPPHHPHPPHHHPPPHHHHPHP
430,PPHPPHPPHPHPPPHHPPHPPPPPHPHHPHHPHPPPPPHPPPHPPHPHPP
431,PPHPPHPHHPPPHHPHHHPPHPHPPHPPHPHHHPPPPHHPPHPHPHHPPH
432,HPPHHHPPHPHPPPHPPHPHPHHPHHHPPHPPPPHPPPPHHPHPPPPPPH
433,HPHHPPHHHPHPPPHPPHHHHPPHPPPHHPPPPPPPHHHHHHHHHPHHHH
434,PPHHHPPHPHPHPHHPHPHHHHPPPHPHPPPPPHHPHHPHHHPHPHHHHH
435,HHHPPPPPPPHHHHPHHPPHHPPHPHPPPHHHPPPHHPPHPHPHHHHHPH
436,PPPHHHHHPPPPPHHPHHHPPPHHHHHPHHPPPPPPPPPPHHHPHPPHPP
437,HPHHPPHPPHPPPPHHHPHPHPHHHPHHPHHPPHHHPPHHPHHHHHHHHP
438,HPHHHPPPPHHHPHHHPPPPHHHPPHHPPHPPPPHHPHPHHHHHPHHPHH
439,HHPHHPPHPHPPHHPHHHHPPHPPPPPPPPPPHHPHPHPPPPPPPHPPHH
440,PHHHPHPHHHPHPPPPPHPHPPPPPHHPPHHHPPHHHHHPPHPPHHHHHH
441,HPPPPPPHPPHPHHPPHHHHHPPPHHPPHPHHPPHHHHHPHHHPPPPPHP
442,HHPHHHPHHHPPHHHPPPPPHHPHHHPPPPHHPPHHPHPHHHHHHPHPPP
443,HHPPPHPHHHPHPHPHHPPHPHHHHPHPHHPHPPPPHHPPHPPHHPHHHP
444,HHHHHPHHHHHHHHPPHPHPPHPHPHPPHPHPHHPHPHPHPPHHHPPHHP
445,PPHPPHPPHHHHHPHHHPPHPPPHPHPHPPPHPPPPHHPPHHPPHPHPHH
446,PPPHHHPHPHHHPHPHPHHHPPPPHHPPPHPPPPHHHHHPPHPPPPHPHP
447,HPHPPHPHPHPPHPHPHHPHHHHPPHHPPHHPHHHPHHPPHPHHHHPHPP
448,PPPPPHHPPPHHHPPHPPPPPPHPPPHPHPHPHHPHHHHPHHPPHPHHPH
449,HHHPPPPHPHHPPPPHHPPPHHHPPPPHPPHPHPHPHHHHPHHPHHHHPH
450,HHPPHHHPHPPHHPPHHPHPHPHHPHPHPHHPHHHHPPPPPHPHHHPHHH
451,PHHPPPPHHPHHPPHHPHHHHPPHPPHPHPHHPHHPPPPPPPHPPPPPPP
452,HPPPHPHHPPHHHPHPPHPHPHHHHPPPHHPHPPPPHHPPHPHHPHHPHP
453,PHPPPHHPHHHPPHHHPPPPPPHPPPPHHPHHPPHHHHPPPPHPHHHPHH
454,PHPHPPHPPPHPPPPPHHPHHPPHHPHHPPHHHPHHHPPPHHPPHHPPHH
455,HPPPHPPPHHPHHHPHHHPPHHPHPHPHPPPPHHPPPPHHHPHPHHPHHP
456,PHHPHPPHHHPHHHHPPPPPPPPPPHHPHPHPPPHHPHHHHHPHHHPPPP
457,PHHPHPPPPPPHHHPHPPHPPPPPHHPPHHHPPHPHHHHPHPHHPPPPPH
458,PPHHHPHHHPPHHPHHHPPPHPHHPPHHPPPPHHHHHHPPHPHPHPPPHP
459,PHHPHPHPPPHHHPPPPPPPHPPHHHPHPPHHHHPHHHPHPHHHPHPPPP
460,HPHPHPHPPPPPPPPPHPHPPPHPHPPHPPHHHPHPHPHPHPHPHPPPHP
461,PHHHHHPPHHHPHPPPHHHPHPHHHHHPHPHHHHPPPPHHHPPHHPPPHP
462,HHPPHPHPHHPPHHHHPHHPPPPHPPHHHHPHPHHHPPHPHHHHPHHPPP
463,HPPPPHHHPHPPHPPHHPHHPHHHPHHHHHPPHHPHPHHPHHPPHPPHPH
464,HHHHHPPHPPPPHHPPHHHPPHPPHPPPPHPPHPHPPPPPPPHHHHHPPP
465,PHHHHHPPPHHPHHHHHPPPPHHHPHHHPPHHPPPHHPHPPPHPHHHHPH
466,HPHPPPHHPHPHPPHHHHHPHHHPPPPHPPPHPHHPHHHPHPPPPPHHPP
467,PHHHHPPPPHPPPPPPPHHHPPHPPPPHPPHPPHHPPPPPPHPPHPPHPP
468,PPHHPPPPHHHPPHPPPPHHHPPHHHHPPHHHPHPHHHHPHPHPPHPPHP
469,PHPPPPHHPPPPHHHPHHHPPHHHHHPHHPHHHHPPHPHPHHPPPPPPHH
470,PPPPPHHPHPHPPHHHPPPHPPHPHHHHHPHPHPPPHPPHHPHPPHPPHH
471,PPPPHPHPPHPHPPPPPPPPPPHHHHPPPPPHPHPHPPPPPPPPPHHHPP
472,PHHPPHPHHPHHPHPPHHHHHHPPHPPPHHPPHPPHHPPPPPPPHPHPPP
473,HPHHHPPHHHHHPPHPHPHHPPPPHPHPHPPHPHHPHPHHPPHPHHPPPH
474,PPHHPHHHHPHPPPPHPPPPHHPPPPPPPHPPHPPPHPHHPPHPPHHPHH
475,HHHPHPPPPPPHPHPPHPHPHPHHHHPPHHHHHHPHPHHHHHPHHHPHHP
476,HHHHPHHPHPHHPPHPHHHHPHHPHHPHHPPHHPPHHHPHHPPPHPPHPH
477,PPPHPPHHPHPPHPHHHPPHPPPHHHHHPHPHPHPPHHPHPPHPHPPPPP
478,PHHPPPHPHPHPHPHPPHPPHHPHPHHPPPHPHPHHPHHPPPHHPPHHPP
479,HPHHHHPHHPPHHHPPHPPPHHHPHHPPHHHPPPHPHHHHHHPPHHHPHP
480,PHPHHPHHPHPPHPPPHPPPHHPHPHPHHPPHPPHHPHHHHHPHPPPPHP
481,PHPHPHHPHPHPHHHPHHPPHHHPPPPHHPHHPHPHPHPPPHHPPPPPPP
482,PPHPHHHHHPHPPHHPHPPPHHHPPHHPPHHPPPPHPHHPHHHPHPPHPP
483,PHHHPPPPPHPPHPPHPHHPHPPPHPHHPPHHHPPHPHHHPPPHHHPHHP
484,PHPHPPHHPHHHPPHPHHHPHPHPPPPPHHPHHHHHHHPPHPPHPHHPHP
485,HHHPPHHHPPPPHPPPHHHHPPHPPHHPPHPHHHHPHHHPPHHHHPPHHH
486,HHPHPPPPHPHHPHHPPHPPHHHHPHHPPHHPHHPPHPHPPHHPHPHHHP
487,PHPPPPPHHPHHPPHPPPHHPPHPPHHPPHHPPHHHHPHHHHPHPPPHHH
488,HPHPHHHHPPPPHHPHHPHHHPHHHPPPPHPPHHPPHHPHPHHPPPHPPH
489,PHHPHPPPPPPHHPHHHPPHHPPPPHHHHHHPPPHHPPHPPHPHPPPHHH
490,HPPHPPPHHHPPPHHPHPHPPHHPPHHPPPHHHHHPHPHPHPPHHPHPHP
491,PHPHHPPHHPHPHHHPHHHPPPPPHPPHPHHHPHHHPHPPPPPHPHHPHP
492,HPPPPHPHPHHHHHHHHPHPPHPHPHPHPHHPHHHHPPPPPPHHPPPPPP
493,HHPPPHPHHPHHHPPHPPHHHHHPPHHPHPHHHPPHHPHPPPHPHPPPHH
494,PHPPHPPPPHPPPPPPHHHPHPPHHHHHPHPPPHPPHPPPPPPPPHPPHP
495,PPHPPPHPPPHHPHPHHHHPHHPHPHHPHHPHPHPHHHHPPPPPHHPPHH
496,HPPHPHHHPPPPPHHPPPHHHPPPHPHHHPHPPHHPHPPHHHPPHPHPHP
497,HPPPHHHPHPPHPHPPHPPPPPPHPHPPPHPHPHPHHPHHPPPPHPPPPP
498,PPHPPHPHPPPPHHPPHPHPHHHHPPPHHHPPPHHPHHHPHPHPPHHPHP
499,PHHPPHPPHPHHPPPPPHPHPHPHPPHHHPPPHHHHPPHHPPHPHHPHHP
500,PHHPHPHPHHHHHHPHPPHHHPHPHPHPHHHHHPPPHPPHPHHHHPHHPH
501,HPHPPHHHHPHHPHHPPPPPPHHPPPPPPPPHHPHPHHHHPPHHPPPHHH
502,PPHHPPHPHHPHHHHHHPHHPHHHHPHHHHHHPPPHHPHHHPPHPPPHPP
503,PPPPHPHHPHHHPPPHPHHPPHHHHHPPHHPPHPPHPHPPHHPHHPPPPP
504,PHPPPPPHHHPPPPPHHHHHHHHHPPHPPPHHPHHHHHHPHHPHHPHHHP
505,PPPHPPPPHHHHPPHHHHPHHHPHHPPPHHPHHPHHHHHHPPHPPHHHHP
506,HPHPHPHHHPHHPHHPPHPHPHPHHHPPHHHPPPHPHPPHHPPPHHHPPH
507,HHHHHPHHPHPPHPHHPHHHPHHPHPPHPHPHHPPHPPPHPHPPPHPPPP
508,HHHHPPHPPHHPHHHHPHPPPHPPPHHPHHPHPHPHPHHPHPPHHHPHHP
509,PHPHPHPPHHPPPHHPPPHPHPPHHHHHPPHHPPHPPPHPHPHPPHHPHP
510,HHHHHPHHPPHPPPHPPPPPHPHHHPPHPHHHHHPPHPPPHHPHPHHPPH
511,HHHHHHHHHPHHPPPHHHPPHHHPPPPHHHHHHHPHPHHPPHPHHPHPPH
512,HHPPHHHHHHPPHHHHPHPHPPHHPPPHHHPHHHHPPPHPPPPPPHHHPH
513,PPHPPHHPHHPHHHHPHHPHPHPPHPHHHHPPHHHPHHHHHHHPPHHPHP
514,PHPHPPHHPHHHPHHPPHHPHPHHPHHPHHPHPHPHPPHPPPHPHPPPHH
515,HHPHHHPHPHPPPHHHHHHPHHHPHHHHPPPHHHPPPPHHHHPPPPPPPP
516,HPHPPHHHHPHHHPPHPPHHPPHHPPHHHPHHHPHHHHPHPHPPPHHHHH
517,PPHPHHHHHPPHHPHPHHPHHHHHPPHHHPPPHHPHPPHPHHPPPHPHPP
518,PPPPHHPPHPPHPHPHHHHHHPHHPPHPHHPPHHPPPHHPPHPPHPHHHH
519,HHHPPPPPPPHHHHHPPHHHPPHPPHPHHPHHHPHPHHPPPPHPHHHHHH
520,PPHHPPHPPPPPPHPPHHPHHPHHPHPHPPHHHPHHPPHHPHHHPPHHHP
521,PPHHPPPPPHPPHHHHPPPHHHPPPHHHHHHHHHPHHHPHHPPHPHHHHP
522,HPPHHPPPPHPHHHPPPPPPPPHPHHPHPPHPHPPHHHPPHPPPHHHHHP
523,PPPPPPPPHHPHPHPPHHHPPHHPHPPPPPPHPPPHPPPPPPHPPHHHHP
524,PPPPHHPPHPHPHPHPPPHHPHHPHPPHPHHHHPPPHHHPHPHPHHPPHH
525,HPHPHPHHPHHHPPPPHPPPHPHHHPHPPHPHPHHHHHPHPPPHPHPPHP
526,HHHHPPHPHPPHHHPPHHHPHHHPPPHPPPPHPHHHHHPPPHHPHHPHHH
527,HHPHPHHHHHPPPHHPPPHHPHHPPHPHPHPHPHHPHHHPPPHPPHHPHP
528,HHHHHHHPPPPHPHPPHPPPPPHPPHPHPHHHPPPHHPHHPPHPPPPHHH
529,HPHPPHPPPPHHHPHHHPHPHPPHPPHPHPPHHPHPPPHHPPPPHHPHHH
530,HPPHHPPHHHPHPPHPPPHHHPPHPHPPPHPHHPPPPHHHPHHHPPHPPP
531,PHPHPPHHHPPHHHPHPHPPHPPHPHHHPPHPHHHPPHPHHHPPHPPPPH
532,PPHHHHHHPPPHHPPHHHHPHHHPHPPPPPPHPPHHPHPPPHPPHHPPHP
533,HPHPPHHPPHPHPHHPPPHPHPPHHPPHPPPPPPHPHHHPHPHPPPHHHP
534,HHHHPPPPPPHPPHPHPPPPHHPPHHHHHHHPHPPHPPHPPPHHHHPPHP
535,HPHPPHHPHHHHPPPPPPPPPHPPPPPPHPHHHHPPPPPHPHPHHPPPHH
536,HPPPHHPHHPHHHHHHHPPHPHHHHHHPHPPHHPPHHHHPPPPPPHPPHH
537,PHPHPPPHHHHHHHHHHPHPHHHPPHPPHPPPHHPPPPHHHHPPPHHHPP
538,PPHHHPHPHHPPHHPHPHPHPPPHHHPPPHHHPHHPPHPPHHHPHHPPPP
539,HHPHHHPPPHHHHPHPPPHPHPPPHPHHHPHHPPHPHHHHPHHHPPHPPH
540,PPHHPHPPHPPHPPPPHHPPPHHHHHPHHPHPHPPHPPHPHPHHPPPHHP
541,HHHHHHPPPHHPHPHPHHPPPHHHPPHPHPPPHPPHPHPHPPHHPHPHPH
542,PPHPHHPPHHHHPHHHHPPHPPHHPHPPPPHHHPPPPHHHPHHHPHPHHP
543,PPPPPHPPHHPHHHHPHHHHPPPHHHPHPPPPPPPPHPHPPPPHPPHHPH
544,HHHHHHHPPHPHHPHPPPHHHHPHHHHPHHPHHPHHPPPPPPPPHPPPHP
545,HHHPPPHPHHHPHPPHPHHPPHPHPHPPHHPPHPHHPPPHHPHHPPHPPP
546,HHPHHHPPPHPPPPPHHPHPHHPPPPPHHPPHPPPHPHPHPHHHPPPHPH
547,PPPHHPHHPHPHPPPPHHHHHHPPHHPHPHHPHPHPPHHHHPPHHHHPPP
548,PHHHPPPPHHPHHHPHPPHPPPPHHPHHHHPPPHHPHHHHHPPPPPPHHP
549,HPPPHHPHHHHPHPPPHPHPHHHHPPPHHPHHPPPPPPHPHHPPHHHPPP
550,HPHHPPPHHHHHPHHHPHHHHPHPHPHPHHPHHHPHPPPPPHPHPHPHHP
551,PPHHPPHHHPHPHPPHHHPPHHHPPHHPPPHHHHPPPHPHHHPHHPPHPP
552,PPHHPHPHPHPHPPHHPPHHHHHPHHHPPHPPPPHHHHPPPHHHHHPPHH
553,PHPHPPHPHHPHPPHPPHHHPPPPPPHPHHHHPPHPHHPHPPHHHPHPHH
554,PHPHHPPPPPPPPPPHPHPPHPPPHHPHHPHPHHHPPPPPHHPHPPPHHH
555,HHPHPPHHPHHHHPPHPHHHPPPPHPPHHHPHPHHHPPHHHPPPHHPPPP
556,PHHHHPHPHPHHPHPHHHPHPPHHHHHPPHPPPPHPHPHPPPHHHPHHHP
557,PPPHHPHHPPHPPHPHPPHHPHPHPHHPPHPPHHHPHPPPPPHHHHHHPH
558,PPPHPHHHPPHHPHPPPHPHHHHPPPPHHPHPHHHHHHHHPPPHHPPHPP
559,HHHPHPPPHHPHHPHPPHHPHHPPHPHPHHHHPHPPHPHPHHPHHHPPHP
560,PHHPHHPPPPPPPPHPPHHPPPHHPPHHHPPHHHHPHPHPHPHPHHHHPP
561,HHPHPPHPPPPHHHHHHPPHPPHPPHHHPHPPHPHHHHHPPHPPPHPHPH
562,HPPPPPHPHPPPPHPPHPHPHHHPHPPPPPPHHHPPHHPHPPPHHPPPHH
563,HHHHHHPPHPHPHPHPPHHPPHPPHHPPHHHPPPPPPPPHPHHPPHHPPP
564,PHPHPPHPHHPHPHHHHPHPPHHPPPPHPPHPPHHPPHPPHHHHHHPHPP
565,HPHPPPPPPHPHPPHHPPHPHHHHHHPHPHHPHPPHHPPPPHPHPHPPPP
566,HHHPHHHHPHHHPPPHPHPHHPPPPHHHPHHPPHPHPPHPPHPHHHPPPH
567,PHPPHHPHPPPHPHPPHHHHPPPHHPPHHPHPPPHPHPHPHHPPHHPPPP
568,HPPHPPPPPHPPHPHHPPHHHHPPHHPHPHPHPPHPHPPPHPHHHHPPPP
569,PPHPHHHPHPPPHPPHPPPHPPHPPPHHHPHHHHPPHHHHPPPHPPPHHP
570,PHPHPHPPHPHHPHPPPPHHPPPHPPHHPPPPHPHPPHHPPPHPPPHHPP
571,PPPPHHHPHHPHHPPHPHPPHPPPHPPPPPPPPHPPPHHPHHPPHPPPPH
572,HHHHPHPPHHPHPHPPPPPHHHPHHPHPHPHHHHPPHPPPHPPPPPPPHH
573,PPPPHPHHHPPHHHHHHPHPHPHHPPHPHHHHHHHPPHHHPPPPPPPPPP
574,PHPHPPPPPPHPHPHHHPHPHHPHHHPHHHHPHPHHHHHPPPHPHHHHHP
575,PHHHHPHHPHHHHPPPHPHHHPPPHHPPHPHPPPHHHHPHHHHPPHHHPP
576,PHPHHHPHPPPHHPHHPHPPHHHHHHHPPPPHHPHPPHHHHHHPPHPHHP
577,HHHHPHPHHHHPPPHPHHPPHHHPHPHPPHPHPHPPHHPPPHHHHPHHPH
578,PPPPPHHHHHPPPHPPPHHHPPHHPPPPPHHPPPPHPHPHHHPHPPPHPP
579,PPPHPPPPHHHHHHPHPHPHHPHHHHPHHPHPPHPPHPPHPPPPPPPHHP
580,HPHHPPHHHPHHHHHPHPPHHPPPHPHPPPPHPPHPPPPPPPPHHHHHPP
581,PHPPPHHHHPHHHPHHPPHHPPPPPPHHPPHPHHPPPPHHHHPHPHPHPP
582,PPHHHPHPHPHHPHPPPHHPPPPHPHPHHPPPPHPHHHPPHHPPPPHPPP
583,HHPHHPHHHHPHPHPPPHHHPHPPPPPHHHPHHHPPPHPHPPPPPHPPPP
584,PHPHPPPHHHPHHHPHPPHHHPPPHPPHHHPPPPHPPHHHHPPPPPHPHP
585,PHHHPHPHPHPHPHHPPPHPHPPHPPHPPHHHHHPPPPPPHPHPHPPHHP
586,HHHPPHPHHHHPHHPPHHPPPPPPHPHPHPHHHHPHPHHPHHPHPPPHHH
587,PPHHPHHPPPPHPHPHHHHHHPPPHHHPPHPHPPPPHHPHHPPPHHHHPH
588,PHHPHPHHPPPPPPPHPHPPPPPHHHPHHHHHHHHHPPHPHHHHPPPHPP
589,HHHPHPHHHPPPHPHPHHHPHPHPHHPHPHHHPPHPHPHHPHPPPPPHPP
590,HHPHPPPPPPHPPPPPHPHPHPPHPHPPHPPHHHHHHPPPPHHPHHPHPP
591,PHHHPPPHHHPPHPPPPPHHPHPHHPHPPPPHHPHHHHHPPPHPHPPHHH
592,PHHHHPPHPHHPHPHPHPPHPHPHHPPHPHPHHHPHPPHPPPHPHPHHPP
593,HHPPPPPHHPPHPHPHHHHPPHPHHPHPHHHHHHHHPHHHHPHHPHPHHH
594,PHHPHHHHHPHHHPPHPPHPHPHHPPHHPPHPPPPHPHPPPHHHPHPHPH
595,PPPHHPHPHHHPHPPPPHPHPHPHPHHPPHHHPPHPPPHHHHHPHHPPPP
596,PPHHPPHHPPHHPHPHPPHPHPPPPPPHPHHPPPPHPHPPHPHPHPHPPP
597,PHPPHPHHHPHHHHPPHHHHPPHHHHPPHPHHHPHPHHPHHPPHHHPPHP
598,HHPPPHPPPHHPHPPPPPPHPHHHPPPHHPHHPPPHPPHPPHPHPHHHHP
599,PHHHPHPPPPPPHHHHPPHPPPHPPPHPPHHPHHPPHHHHPPHPHHHPHP
600,PHPHHHHPPHHHHPPPPPPHHHPHPPHPHHHPHHPHHPPHHHPPPPHHPH
601,PPPPHHHPHPPHPPHPHHHHPPHHPHHHHHHPPHHPHPPHPPPPHHPPPP
602,PPHPHHPPPHPHPPHHPPPHPHHHPPPPHHPPPHPHPHHPPHPPHPHPHH
603,PPPPHPHPPPPPHPPPHPPHHHHPPPHPHHHPHHHPHHPPHHHPHHPHHH
604,HHHHHPPPHPHHHHPHPHPHPPPHPPHPHPHHHHPHHPPHPHPHPHPPHP
605,PPHHHPPHPPPPPHHPPPHPHHHHPPPHPHHHPHHHHPHPHPHPPPHPHH
606,HPHHHHPHHPPHHPHPPPHHPHHHPPPPHPPHPHPPPPPHHPHPHHPHPP
607,HHHPPPPPPHPPPHPHPPPPPPHHPPHPPPPHHPHPPHPHPPHHPHHHPH
608,PPHHPHHPPPHPPPHHPHPPHPHPPHHPPPPHPHHHHHPHPHHHHHHPHP
609,PPPHHPHHHPHHHHHPHHHHPHPHHPHHHHHPPPPHHHPPHHHHPHPHHH
610,PHHPPPHHPPHHHHPPHHPHHPPHPHPPPHHPPHPHPHHHHPPPHPHPPP
611,HPHHPPPHHPPHPHPHHHHHHHPPPHPPHPHHHHHHHPPPHHPPPPHHHP
612,PPHPPHPHHHHPHPPHPPPHPPPHHHPPHPPPPHHHHHHPHHHPPPPPPH
613,HHHPHPPHHHHPPPHPPHHPHPPPPHPHHPPHPPPHPPHHHPHHHPPHHP
614,HHHPHHHHHHHPHHPPPHHHHPPPPHHPHPPPPPHPPHPHPHHHHPHHPP
615,HPPHHPHHHPPHPPPPHHHPPPPHHHHHPPHHPPHPHPHPHPPHHHHPPH
616,PPPHPPHHPPPPHHPHHPHHHHHPPPHHHHHHHHHHPHHPPHHPHHHHPP
617,HPHPPHPPHHHHHHHPHHHPPHHHPHPHHHHHHHPHPHHHHHHPHHHHHH
618,PPPPHPPHPPHPPHPPPPHPPHPHPHHPHPHPHHHHHHHHPPPPHHPHPP
619,PHHHHPHPPPHPHPHPPPPHHHHHPHPPPPPHHHHHPPHPHPPHPHPPPP
620,HPHHHPHPHHHHHHPPPPHHHHHPHHHHPHPHHPPPHPPHPHHHHPPPHP
621,PPPHPPPPHHPPHHPPHPPHHPHHPPPPPHPPPPHPPHPHPHPHHPHPPP
622,PPHHPHPPPHHPHPPHPHPHHHPHPHHPPPPPHPPHPPHHHHHPPHPHPP
623,PPHHHPPPPPPPHPPPHHHPPHPPHHPPPPHHHPPPHHPHHPPHHPPPPH
624,PHHHHHPPPHHHHPPPPPPHHHHHPHHPHHHHPPHPPPPHPHHPPPPHPP
625,HPHPHHPHHPHHPHPHHHPPHPHPHPHPPHHPHPPPPPPPPHPPHHPPPP
626,HPPHPPHPPHHHHPPPPHHPPPHPPPPPPPHPPPPHHPPHHPPPHHHPHH
627,PPPHHPHPHPPPHPHHPPPPPPPHHPPHPPPPPPHHPPHHPPPHPPHHPH
628,HPPPHPPPPHPPPHPPPPPHHHPPPHPHPHHPPPHHPPHHPPPHPPPPPH
629,HHHPPHHPHPPHPHHPHHPPPPHHHPHPPHHHHHPHPPPPPPHPPHHHHP
630,PPPPPHPPHHHHPHPHHPHHHPHPPHPHHPHPPPHHPHHPHPHHHHPHPP
631,PPHHPHHHHHHHHPPHHHHHHHHPPPHPHPHPPHPHHHHPHHHHHHHPHP
632,HHPPPPHPPHPPHPPHPHPHHHPHPHHHPPPPPPPPHPHPPHPHHPPHHP
633,PPPPHHPHPPPHHHHHPHPPPPPHPHHHHPPHPPHPHHPPPPPPPHPHPP
634,PPHHPHPHPPHHHHPHPPPHHHHHPPPPPHPPHPHPPHPHHHPHPHHHPP
635,PPHHPHHPHPPPHPHHPHHPHHHHPHHPPHHPHPPPHPHHPHHHHHPPPH
636,HHPHHPPHHPPHHHHHPHHHHPPHHHPPHPHPPHPHPHPHHPHPHPHHPP
637,HHPPPHPPPPPHHPHPHPPPPHHHHPPHHHPPPHPHPHHPHPHPHPPHHP
638,PPHHPHPPHHPHHHPHHHHPHHHHPPHHPPHHHPPPHPPPPHPPPHHHHP
639,HHHPHHHPPHPPPPHHHPHHHHPPPPHPHHPPPHPHPPPHHPPHPHHPPP
640,PHPHPPHHPHHPHHPHPHPPHHHHPPHHHPPPHHPPPPPPPPPPHHHHHP
641,HHPPPPHPPHHPPPPHHHPPHPHHHHPHPHHHPHPHHPHPPPPPHHHHPP
642,PPPPPHPHPHHPHHHPPHPPHPHHPHPPHPPPPPPPPPPHHPHHPHPPHH
643,HHHHPHHPPPHHPHPHHPHHHPPHHHPHPPHPPHHPPHPHHHPHHPPHPH
644,PPHPHPPHHPHHHPPHPHPPHPHPHPPHHPPPPHPPPPHPHHPHPPPHPP
645,PPHPHPHHHPHHPPHPHPHHHPPPPPHPHHPHPHPPPHPHPHPHHPPHHH
646,HPHPPPHPPPHPHHHHHHPPHPPHPPPPPPHHPHPPHPHHHHPHPPPHPH
647,HPPPPHPHPPHHHPPPPHPPHHPHHHHPPPPPHPHPHPHPPPHPPHHPHH
648,HPHPPHPHPPPPPPHPPHPHHPHPPHPHPHHHHPHHHPPHHHHPHPPHHP
649,PPHPPHHPHHPPHHHPPPHPHHPHHHPHHHHPPPHHPPHPHHHHPPPHPP
650,PHPHPPPHPPHHHHPHPPHPHHHPHPPPHPPPPPPPHHPPHHHPPPHHHP
651,PHPPHPPPPPPPHHHHHPHHPPPPPHPPPPPHPPHHHHHPPPHPHPPHPP
652,HHPHHHPPHPPPHPHHPHHHPPPPPPHHHHPHHHPHPHHHHHPPPPHPHH
653,PPPPPPPHHPPPHHHPHHPHHHHHHPPPHHHHHHPHHPPPPPPPPHHHHH
654,HPHHPHHHHHHHHHPHHPHPHHPPPPHHPPPPHHPHPPHHHHPHPHHPHH
655,PHPPPPHHPHPPHPHHHHHPHHHPPPHHHHPPHPHPHPHPHHPPPHHHPH
656,HHHPHPPHPPPPPHPHPHPPPPHHHPHHHPHHPPPHPHPPPPHHHPPHHP
657,HPHHPHHHPPPHPPPPPHPPHHHPPPPPHHPPHHPPPPHHHPHPPPHPPH
658,PPPPHPPPHPHHPHHPHPHPPHHHPHHHPPPHPPHPHHPPHHHPPPHHPP
659,PPHHPHHHHPPPPPHHPHHHPPHHPHHHHPPPHHPPPPPPHPPPPHHPPH
660,HPPPPHHPHHPHHPPPHPPPHPPHPPPHPPPPPHPHHPPHPPPHPHPPPH
661,PPHHHPPHHPHHHPHHHPHPHPHPPPHPPPHPPPPPPHHHHHPPHPHHPP
662,PHPHPPHPPHHHHPPPHHHPHHHHPPHHPPPHHPHHPHHPPPPPHHPHHH
663,PPHHHPHPHPPPHPHHHHPHHPPPPHHHPPPHPPHHHPPHPPHHHPHPHP
664,HHPHHHHPHPHPPPPHPHHHPHHPHPHPHPPPHHPPHHHPPHPPHPHPPH
665,HPHHHHHPHHHHPHPHHHHPHHHHPPHHHPPHPHHHHPPPPPPHHHPPHH
666,HPHHPHHHPHPPHPHPPHHPHHPPPPPHPHPHPHHPPPHHPHHPHPHPHP
667,HPHHPHPPHHHHPPPHPHHHPHHHPPHHHHPPHPPPPHPPHHHHHPHHPH
668,HPPHPHPHPPHPHHPHHHPPPPHHHPPPPHHPPPHPPPPHHHPPPPPPHH
669,HPHHPPHPPPHPPPPHHPPHPPHPPPHPPHHPPHHHHPHPPPHHPHHHPH
670,PPPHHHPHHHPHHPPPPHHHHPHPHHHPHPHPHPHHPPPHPHHHPHPPPP
671,HHHPPHPHPHHHHHPPHPHPPPPHHPPPHHPPHPPPHPHPHHHPHHHPPH
672,PPPHHPPPPPHHPPHPPPHHPHPPHHHHHHHHPHPHHHHHHHPPHHPHPP
673,HPHHPPPPPHHPPHHPHHPHHPHPPPPPHPHPHPPPHHHPPHHPHPPPPP
674,HPPHHPPHHHPHHHHHPPPPPPHPPPHPPHPPHHHHHPPPPHHHPPPHPH
675,HPHPHHHHPHPPPPHPHPPPHPPPPPHPPHPHPHHPHPPPHHHHHHPPPH
676,PPPPHPHPHHHHPPPHPHPHHHHHPHHHHHPHPPHPHPPPPPPPHHPPHH
677,PHHHPPHHHPPPPHHPPHPPPPPHPPHPHHHPPHHPPPHHHPPHPHHHPH
678,HHPPHPPPHPHHHHPPPPHPHHPHPHHPPHPHPHPPHPPPPHHPHPHHPH
679,PPHHHHHHPHPHHPHPPPPHHHHHPPPHPHHHHPHHPPPHHHHHPHPHPP
680,PPHHPHHPHHPPPPHHHPPPHHPPPPPPPPPHPPHHPPPHPHPPPHPHHP
681,PHPHHPPHPPHHPPPPPHPHHHPHHHPHPPHPPHHHPHPHPHHPPHPPHH
682,PHPPHPPHHPPPPPPPHHPPPHPHPHPHHPHHPHPPPPPPHPHPPHHPHP
683,PHHPHPPPHHHHHHHPPHPPPPHPHHPPPPPPHHHPPHHHHPHPPHHPPP
684,HHPHHPHPHHPHPHPPHPPHHHHHPHPPHHPHHHHPHHHPHHHHPPHHPH
685,PHHHHHHHHHPPHPPHPHHPHHPHHPPHPHHHHHPHHPPHPPHPHPPHHP
686,PHHPPHHHHPHHHHPPPHHPPPPHPPPPPPHHHHPHPPPHPPPPPPPPHH
687,HPPHPPPPHHPHHHHPHHHHPPPPHHHHHHHPHHHHHHHPPHHHHHHPPH
688,PHPPHHPHPHHPPPHPHHHPHHPPHPPPPHPHHHPPHPPPPHHHPPHHPP
689,PPPPHPPPHHHPPHPHPPPPHPPHHHPPHPPHPHPHPHHHHPPHPHPPPP
690,PHPPPPPHHHHPHHPPHHHHHPPPHHHPHHPHHPHPPPPPPPHPPHPHPP
691,HHHPPPHHPHPHPPHPPHPHHPHPPPPPPPPPPHPHHPPPPPHHPHPHPH
692,PPHHPPHHHHPHHPHHHHHHHHHPPPPHHHPHHPHHHHPPPHPPPPPPHP
693,HPHPPPHPHHPPPPHPPPHPPHPPPHHHHPPPPPHPHHPPHPPPHPPPPH
694,PPPPHHHHPPPPPHHHHPHPHHHHHPPPHPHHHPPPPHPHHPHHHHHHPP
695,HHHHPPPPPHHPHPHHPPHPPPPHHHHHPPPHHPHPPPHHHHPHPHHHHP
696,PHPPPPHPPHHHPPPHPPHHPHHPHHPPPPPPPHHPPPPPHPPHPHPHHH
697,HHHPHPHHPHHPPHPPPPHHHPPHHHPHPPPPHPPPPHHHHHHPPHPHPP
698,PHHPPHHPPHHHHHPHPPHPPPPHPPHHPHPHHPPPPHPHPPHHHPPPPH
699,HHPPHPPPPPHPPPPPHHPHPPPPPPPPPHHPHHPHPHHPHHPHPPPHHH
700,HHPHPHPHHPHPPPPPPPHPHPHHPHHHPPHHPHHPPPPPPPPHHPHPPP
701,PPHHHPPPHPPHPHPPHHHHPHPPPPHHPHHPPHPPHHHHPHHHPPHPHP
702,PPPPPPPPHHPHPPHPHHHPHHHPPPPHHHPPHHHPHHPHPHHPHPHPPP
703,HHHPHHPPPPPPHHHHHPHHHPPHPHPPPHPPHPPHHHHHHPHHHHPHHH
704,HHHPHPHHHHPHPPPPPHHHHPPPPHHPPHPPPHHPPPPHPHHPHPPHPH
705,PPPPHPHPHPHHHPHPHHHPPPPPPPPHHPPHHPHPPPHHHPHHHPPPPP
706,PPPPHPHPPHPHPHPHHPHPPPPPHHPPHPHPPPPPHPHPHHHPPPHHHH
707,HHHHPHHPHHPPHHHPPHHHHPPHPPPHHPPPPHHPPHPHHPPPHPPHHP
708,PHHPHPHPHPHHHPHPPPHPPHPPHHPHPHHHPPPHPPHPHPHHHHHHPH
709,HHPHHHPPHPHPHHPPPHPHHPPHHPHHPPHHHHPHPPPPPPHPHHHPHP
710,PHPHHHPHHHHHHPHPPPPPPHPPPHHPPHHPPPPPPHPPHPHHHHPHPH
711,PPHHHHHHPHHHHPHHPPPHHPHPHPHHPHPPHHPPPPPHPHPPPPPPPP
712,PPHPPHPHHHHPHHPPPHPPPPHHHHPPHPHPHHHPPHPPHHHPHPPHHH
713,HPHPPHHPHHPHPPPPPHPPHHHHHHPHPHHPHHHHHHPPPHPHHHHPHH
714,HPHHHPHHPHPHHHPPPHHPHHHHHHHPHHHHPPHHHHPHPPHHPPPHHH
715,PPPHHPPPPHHHPHHPPHHHPHPHHPPPPPPPPHHHHHHPHPHHPPHPHH
716,PPHPHPHPPHHHHHPPPHHHPHPHHHHHHHHHHHPPHHPPHHHPPPPPHP
717,HPPPHHPPHHHPHHPHPHPPHHPHHHHPPHPPHHHHPHPPHHPPHPPPHP
718,PPHHHHPPPHHPPHHPHHHHHPPPHHPHHPHPHHHPPHPPPPHPPHPHHH
719,PHHPPHHPHHPPHPHPPPPHHPPHPHPHPHHPPPHHPHHHPPHHPHHPPH
720,HPPHPHHHPHPHPPHPHHPPPHHHHHHHHPHHHPPHPHHHPPPPHHPPHH
721,HHHPPHPHHPHPPHPPPPPPPPPPPPPPHHHHHHPHHHPHPHHPPPPPHP
722,PPPHPPHHHPHPHPPPPHPPPHPHHHHHPHHPHHPHHHPPPHHHHPPPHP
723,HPHPPHHHPHHHPPHPPHPPPPHPHHHPPPPHPPHHPHPHPHPHHPHHHP
724,PHPHHHHHHPHPPPPPPPPHHPHPPPHHPHPPHHPHHPHHPHHPPHHPHP
725,HPPPPHHHHPHHHHPHHPPPHHPHPPHPPPHPHPPPHHPPPHHPHHPPHP
726,PPHPPPPHPPHHHPPPPHPHPHPPPPHHPPHPHHHPHPHHHHPHPHPHPH
727,HHPHHHPHHHPPHHHHPPPHHHPPHHPHPPHPPPHPHHHHPHPHPPHHHH
728,PPHHPPHPHHPHHPHHPPPHPPHHPHPHPHPHHPPHPHPPPPPPHPPHHP
729,HHPHPPPPHHHHPPHHHPPHHHPHHPHHHHHHPHPPPHHHPHHHHPPHPP
730,PPPHHHPPPHPHPHPHPHPHPHPPHPHHHPPHPPHPHHHPHPHHPHHPPH
731,HHPPHHHHPPPPPHHPPPHHPHHPPHHHHPPPHHPHHHPHHHPPPHPPPH
732,PHPHPPPHHHHHPPPHPPPPHHPPPPHPHHPHHPHHPHPHPPHHPHPHPP
733,HHPPHPPPHHHHPHHPPPHPHPHHPPPHPHHPHPPPPHHHHHPPHHHPHP
734,HPPHPHHHHPHHHHHPHHHHPPHPHPHPPHHPHHPHPPHHPHHHPPHPPH
735,HHPPPPHHHPPPHPHPPHHPHHHHPHPPPPHPPHPPPPPHPPHHHPHPHP
736,HPPPPHPPHHPHHHPPPPHHHPPHHHHHHHHPPPHHPHPHHHHPPHHHPH
737,HHPHPHPPPHPPHPPHHHHHPPHHPHHHHHPHHPPPHHPHPPHPPHPPHP
738,PPPHHHHPPPHPPPPPPPHPHHHPHHHHHHHHPPHHHHHPHPHPPHHPPP
739,HPHPHPPHHHPHHPHHPPPHHPPPPHPHHHHHPHPHPHHPHHPHPHHHPH
740,HPPHHPHHHPHHHPPPHPHHHPHPPPPHHHHHHHPHPPPHHHHPPHHPPP
741,PPHHPHHHPHPPPPPHPHPHPHHPPPHPHPHPPPPPPHHPHHHPPPPHHP
742,HHHPPPPPPHHHHHPPHHPHPPPPHPHPPPHHHHPHHHPPPPHPHPHHHP
743,HHPHPHHHHPPPPPHPHPHHHPPPPPPHHHHPHHPHPHHHPHHPPPHPPP
744,HHPHPHPPPPPHHHPPHHPPHHHHHHPHHPPHPPHPHHHHHPHPHHHPPP
745,PHHPHPHPPHPPHPPPPHHHPHPHHHHPHPHPPPPHPPPPHHHHPHHPHP
746,PPPPHHHPPPHHPHPHHPHHPHPPHHPHPPHHHHPPHHPHHHPPHHHHPP
747,HHHPPHPHPHHHHPPHHHPPPPPHHHPPHPPPPPPPHPPHHHHPPHHPPH
748,HHHHHHPHPPHHPHPPHHHPPHHPHHPPHHHPPHPPHHPHPHHPPPHHHH
749,HHHPPHHHPHHPPPHPHHPHHHHPPPPPPHPHHPHPPPPPHHPHHPHHHH
750,HHHHHPHPPHPPHPHHPHPPHPHHPHPHPHHPPHPHPPHHPHPPHPPPHH
751,PPPHHHHPPPPHHHHPPHPHPPPHHPPHPHPPHPHHHPHHPPHHHHHHHP
752,HHPHHPHHPHPPHHPHPHHPPPHPHPHPHPPPHHHPHPHPHPHPHHPPHH
753,PPPHPHPPHPPHHHPHHHHHPPPHPHPPPHHHPHPPHPPHHHHHPPHPHH
754,HPPPHHPHPHHPHHHHHHHHPHPPPHHHPHPPPPPHPHHPPHHPHPPPPH
755,PHHHPPHPPHHHPHPHHPHPPPPPPPPPPHPHHHPPHHHPHPHHHHPPPP
756,PPHHHPHHPPHHPHPPPPHHHHPHPHHPHPPHPHPPPHPPHPHPPHHPHH
757,PHPHHHPHHPPPPHPPHPHHHHHPPPHPPHPHPPHPPHHPPHHHHPHHPP
758,PPHHHHHPHHPHHHHPPHPHHHHPPHHHPHHPPPPPHHHPHHPHPHHPPH
759,HPHHHPHHHPPHPPHHPPHPHPHHHHPHHPHPPHPHHHPHHHPHHPPPHH
760,PHHPPHPHPHHHHPHHPPHHHPHPPPHPPPPPHPPPPHPPPHPHPPHHHP
761,PPPHPPHHPHHPHHHPPHPHPPPHPHHPPPHPHPHHPPHHHHPPHHPHPP
762,PHPPHPPPPHHPHHHHPHHHHHHHHHHPPHHPHHHPHPHHPPHHPPHHPP
763,HHHHHHPHPPPHPPHHPHPPPPHHPHPPHHHPPHPHPPPHPHPHHHHHPP
764,HPHHHHHHPHHHHPHHHHPPHPHHHPPHPPPHHPHHPPHPHPPPHHHHHH
765,HPPHHHHHHHPHHHHHHPPHHHHPPHHHHHPPHPPHHHHPHPHHPHPHHP
766,PHPPHPPPPPHHPHPHPHHPPHHPPHHPHPHHPHPHPHPHPHHPHHPHHH
767,HHHPPHPPPHHHHPPPHPPHPHHPHPHPPHPPPHPPPHHHPPPPPPHHPH
768,HPHHPHHHPPHHHPHHHPPPPPHHHHPHPPPPHHPHHPHPPPHPPPHHPH
769,HPHPHPHPHPHHHPHHPPHPHPPPHPPPPHPHPHHHPHPHPHPPHHHHHH
770,PHPHPHPPHHPHHPHHPPPHPPPHHHHPHHPHHPHPPPPPHHPHHPHHPH
771,HPHHHPHHHPHHPPPHHPHPHPHPHHHPPPHPPPPHHPPPPPHHPPHPPH
772,HPHHHHHHPPPHHHPPHHPHHHPHHHPHPPPHHPHPPPPPPHPPPHHPPP
773,HPPHHPHPPPPHHHPPHPPPPPHHPPHPPPPHHPPPHHPHHPHHPPPPHH
774,PPHPHPPHHHHHPHHHPPPPPHHHPHPHPPHPHPHPPHPHHPHPPHPHPP
775,HPPHHHHPPHPHHHHHHPHHPPHPPPPPHPPPPHHPPPPPPPHPHPPPPP
776,HPHPPPPHHPHPHHPHHHPPHPPHHPHHHPHPPPHHHHHPHHHPPHHHPH
777,PHHPPHHHPPHPHPHHHHHPHPPHHHPPHPPPPHPPHHHPPHPPHPPPHP
778,HHPHPPPPHHPHPPPPHPHPPHHPHHHHPPPPHPPHHHHHPHPPHHHPHP
779,HPPPHHPHHPHHHHHHPPHHPPHPPHHHPHHHHPPHHHPHHHHHHPHHPP
780,HPHPHPHPPPPHPHHHHPHPHPHPHHHPHHHPHPHPHHHPHPHHPPHPHH
781,PHHHPHPHHHHPPPHPPHPPPPHPHHPPPHPPHPHPHHHHHPHHPHPHHH
782,PPPPPHPHPPPPHHHPPHPPPHHHPHHPHHHPPHPPHHPPPHPPHHHHPH
783,HHHPHPHHPHHHPHPPPPPHPHHHHHHHHPHPHHPPHHHHPHPPPHHHHP
784,PHHHPHPPHPPPHPPPPHPHPHHPHPHHHPHPPHPPHPPPPHPHHHHPHH
785,PPPPHPPPHPPPHPPHPPPPPHPHPHPHHHHHPPHHHPPPHHHHPPPHHH
786,PHPPHPHHHPPPPHPHPPPHHHHHHPPHHHHHPHHPPPPPPHPHPPHHPP
787,HHHPPHHHHPHHPPHHPPHHPHPPHHPPHPPHPPHHPHPHHHPPPHPHHP
788,PPPHHHPHPHPPHPPHHHPPHPPHPPPPHHHHHPHPPPHPPHPHHHPHPH
789,HHPHHHPHPPPPPPPHHHPPPPHHHHPPHPPHPPHPHPPPHPHHHPPPPP
790,PHHHHPHHPHPHHPHHHHPHPPHHHPPHHPPPHPHHHPHPPPPHPPPHPH
791,PPPHHPHPPPHHPPPHPHPPHHPHHPPHPHPPHHPPHHPHHHHPPHPPPH
792,HHPPHPPPPHPHHPHPPHPHHHHPHHPPHHPPPHHHPPPPHPPPPPHPHH
793,HHHPHPPPHHPHPPHPHPHHHHPPPHPPHPPHHPHHHHPHHHPHHPHHPH
794,PHHHPHPHHPHHHPHHHHHPHHHHPHHPHHPPPHPPPHPPPPHPHPPPPH
795,PHHHHHPHHPPHHPPPHPPPPPHPHHHPPPPHPHHHPPHPHHHPHPHHHH
796,PHPPHHHPHPHPHPHPPHHHPHHHPHPHPHPPHPPPHPPPHPHHHHPPHH
797,HHPPPHHPPPPPHPHHPHHHHPPHPHHHPHHPHHHPPHHPHHHPPHPHPH
798,PHPPPHHPPHHHPPPPPHHPHHPPHPPPHHPHPHHPHHPHPHPPHHHPPH
799,HHHHHHHHHPPPHPHHHPHHHPHHPHPPHHHHPHPHPHPHPPHHHPHPPH
800,HPPPPPPHPHHPPPHPHHHHPPPPHPPHHPHPPPPPPHPPPHHHPPHPHH
801,HHPHHHPPHPHHHHHHPPHHPHPHHHPPHPHPPHHHPPHPHHPPPHHHHH
802,HPPHPHPHPPPHPHHHPHPPPHHPPHPHPHPHHPPPHHHHPPPPHPPHHP
803,HHPHPPPPHHHHHPHPPPPHPHHHPPPHPHPPPHPPHPHHPPPPHHHPHP
804,PPHPPPPPHPHPPHHPPPPHHHPHHPHHHPPHHHPPPHHPPHHHPPPHHH
805,PHPPHPPPHPHPHHHPHHHPHPPHPHHHHHHHHPHHPHPPPHPHHHPHHP
806,HHPPPPHHPPPHPPPPHHPPPPPHPPPPHPHHPPPPPHHHHPPPPHPHPH
807,PHHHPHPHHHPHPHPPHPPHHPPPHHPHPHPPHPHPPPHHPPHHPPHHHP
808,PHHPPHHPHHHPHPPHPHHPPPPHHPHHHPPHHPHHPPHPPPHPPPPPPH
809,PHHHHPHHPHHPPPPPHPPPHPPPHHHHHHHPHPPPHHPPPPPPHHHPHP
810,PPPPHHHHHPPHPHPPPHHPPHPPHPHHPPHPHPHPPPHHPHPPPPHHPP
811,HHHPPHHHHPPPHPHPHHHPHHHPHPHPHHPPHPHPPHHHPPPHHHHHPP
812,HHPPHPPHPPHPPHPPPPPPPPHPHPPPPPPHPHHHPHHPPPPPPHPPPH
813,PHHPPHPHHPPHPPPPPPPPHHHHPHPHPPPPPPHHPPHHPHPPPPHPHP
814,HPPHHHPPHPHHPHHHHHPPPHPPHPHPHPPHHHPHHHPPHHPPHHHPHP
815,PHPPPHPHHPHPHHHHHHHHPPHHHHHPPHPHPPPPHPHPHPHHHPPPHP
816,HHHHHHHPHHHHHHPHPPHHPPPPPHHHPHPPPPHHHHHPHHHPPHHPHH
817,PPHPHPPPHHHHHHHPPPHPHPHHHHHHPHHPHPHPPPHHHPPHHHPHPP
818,PPHHHPPPHPPPHHHPPHHHHPPPHHPHHPPPHHPPHPPHHPPPHHPHPP
819,PHPPPHHPHPHPHPPPPHPHPHPHPHHHHPPPHHHPHHHPHPHPHHPHHP
820,HPPHPHPPHHHHPPPHHHPPHHHHPHHHPHHPPHHPHPHHHPPHHPPHPP
821,PPPHPPHHHHPPPHHPPHHPHHHHPPHHHPHHHPHHHPPPHPPHHPPPHH
822,PHHHHHPHPPHPPPHPPHPHPHPHHPHHPHPPPPHHHPHHHPHHPHPHHP
823,HPHPHHHPPPHPHPPPHHHPHPPHHPPPHPHHPPPHPHPHHHPPHPPPPP
824,PPPPPHPHPHHPPHHHPHPHPPHPPHPPPPPPHHHPHPPPHHHPHPHHHH
825,HHHHHPHPPPPPHHHHHHHPPPHPPPPPHPPPHPHHPHHPPPHHPHPHPP
826,PPPHHPPHHHHPPHPPPHPHHPPPHHPPPHPHPPPHPHPHPPPPPHHHHP
827,HPHPPPHHPHHPHHPPHHHPPPPPPHPHHPHPPPPHHPPHHPHHHPHPPH
828,HPHHPHPPHPHPPPPPHHPPPPHPHHHPPPPHPHHPHPHHPHHHHPPHHP
829,HHPPHHHPPPPPHHHPHPHHPPHPPPHHPHHHHHPHHHPHPPHHPPPHPH
830,HHPHHHHPHPHHHPHHHHPPPPHHHPPHPHHPPPPHHPPHPPHHPPHPPP
831,PHPPHHPHHPHHPHHHPPPHPHHHPHPPHHPHHHPHHPHHHPHPPPPHHH
832,PPHHHHPPPPHHPPHPPHPHPHHHHPPPHPPPPPHHPHHHHPHPHPPPHH
833,PHPHHHHPHHHHPHPPPHPPHPPPPHHPHHPPPPHHHHPPHPHHPPHPPP
834,PPPPPPPHHPHHPHHHHPHHPHHHPPPHPHPPHHHHPHPHPPPHPHPHPP
835,PHHHHHHPHPHHPHHPHPHPPPHPHHPHHHPPPHPPPHPPHHPPPPHHHP
836,HPHHHHHHHHPPPHHHPPHPHHPHPHPPPPPHPPPHPHPPPHHHPHPPPP
837,PPHHHPPPPPPHPHHPPPHHHHPPHPHHPHPHPPPPHPPPHPPHHHPPHP
838,PHHPPHPHPHHPHHPPHHHHPPPPPHHHHPPPPHHPHHHHHHPPHPHPPH
839,HHHPPPPPPHPPPPHPHPHPPHHPHHPPHPPHPHPHPPHPPPPHPHHPHP
840,HHHPPPPHHPHPPHPHHPPPPHHHHHPHPHHHPHPHHPHPHPHHHPHPPH
841,HPPPHPHHHHPHPHPPHPPHHPPHHPHPHPPHPHHPPHHPHPPHHHPHPH
842,HPHHPHHPHPHHHPPHHHPPPPHHPPHHHHPHPHPHPPHPPPPPPPHHPH
843,PPPHHHPHPPPHHPPPHHPPPPPPHHHPPPPPHPPHPPHPPPHHPPHPPH
844,HHHHPHHPPHHPHPHPHPHHPPHPHHPPHHHPHPHHHPPHHPPPPHHHHH
845,PPPHHPPHHHHPHHHHPHPPPHPHPHPPHPPHHPHHPHHPPHPHPHHPPH
846,PHHHPPPPPPHPHPPPPHHHHHPHPHPPPHPPHPHPHPPHHPHHPHHPHH
847,HPPPPPHHHHPHHPHHHPPPPPPHPHPPPHPHHHPHPHHPPPHPPHPPPP
848,PHPHPHHHPPPPPHPPPPHPHPHHPPHPHPPPPHHPHPPPPPHPHPHPPP
849,PHPPHHHHHHHPHPHPHHPHHHHPHHPPPPPPHPHHPHHHHHHPHPHPHP
850,PPHHPHHPPPHHPPHHPPHHPHPPPPHPPHHPHPPPHHPPPPPHHHPHPP
851,PHHHPHHPPPHHHHPHPHPHPHPHPHPPPPHHHHHPHPHHPPHHHPPHHP
852,HHHHPPHHHPPPHHPPHPPPHPHPPPHHPPPHHHHHHPPHHHHHHHHHPH
853,PHPPPHPHHHHPPPPPPHPHHHPHPPPPHHPPHHPPHHPPPHPHHHPPPP
854,HHPHPPHPHHPHHPHHHHPHHPPHHPPHHHPHHHHPPHHHPPHPPPPHHP
855,HPHHHHPPPHPHHPPHPPPHHHPHPHPPPHHHHHPPHPPHHHPPPHPPPP
856,PPHPPHHHHPHPPPHHHHHHHHHHPHPHHPPPPHPHHPPHPPPPHPPPHH
857,HHHPPHPPPHHPPHPPPHPHPHPPHPHHHPPPHPHHHPHHPPPHHHPPHP
858,PPPPHPPHPHHPPPHHHPPHHHPPPHHPHPPHHPPHHHPPHPPHPPHPHP
859,PHPPHHPPHHPHHPHPHHPHPHPHPHHHPHHHHHPHPPHHHPHPPHPPPP
860,PHPHHHHPHPHHHHPPHPPHHPHPHHHHHPPHPPPPHHPHHPHPPHPHHP
861,PHHPPHHPHPHPPHPPHHHPPPPPPHHHPPHHHHHPHHHHPPHPPPHPPH
862,HPHHHHPHHHPPHPHPPPPPPHPHHPHHPHPPHPHHHPHPPHPHHPPHHP
863,HPPHPPPPPHPPHPPHHPHPPPHHHPPHPHHPHHPHHHHPHPHPHHHPPP
864,PPPHHPPHHHPPHHPPHHPPPHHPHPPHPPHHPHHHHHPHPPPPHHHPPP
865,HHHHPPPHHHHHHPPPHHHPHHPHPHHPHHHHHPPHPHHPPPHHPHPHPP
866,PHHHHPPHPHHPHHHPPPPHHPPHHPHHPPHPPPPHPHHHHHHPPPPPHP
867,HPHPHHPPHPHPPPHPPPHHHHHPPPPHHHPHPPPPPPPPPHHHPHHHHH
868,PPHHPHPPHPPHPPPHPHHHPHPPHHPHHPHHHPPHHPPHPPPHPPPPHP
869,PHHPHPHHHHPHHPHPHPHHPHHPHHPPHPHHHPHPPPPPPPPPPHHHHH
870,HHPPPPHPHPPHPHPHPPPHHHPPPPPHPHHHPPPHPPPHHPPHHPPHHP
871,PHHPPHPPPHPPHHPHPHPPHHPHPPHHPPHHHPHPHHPPHHHHHPHHHP
872,PHHPPHHPPPHPPPPHPPHPHHHHPPPHPPPHPPPHHHPPHPPHHHPHPH
873,PHHHHHHPHPHHPHPPHPPPHPHHPHPHPPHPPPHPPPHPHPPHPHHPPH
874,PPHHHPPHPHPPPHPPPPHHHHPHHPHPHHPHPHHHPHHHPHHPHPHPHH
875,HPPHPPPPPPPPHHPPHPPPHPPPPPPPHPPPPHPHPHHPHPHHPHHPHP
876,HPPHHPHPHPPPPPHPHHPPPPHHPPPHPPHPPPPHHPPPPPHHPHHPHH
877,HPPPHPHHPPHPPHHPPPHPPPPPHPPPPPHPHHPHPHPPHPPPHHHHPH
878,HHHPHHPPPHHHHHPHHHHHHPPPPPPPHHHHHHHPPPHHPHPHHPHPPH
879,HHPPHHPHPHHHPHPHPPPHHHPHPPPPPHHHPHHHPPHHHHHPHPPPHH
880,PPHPHPPHHPPHPHPHPHHPHHPPHPHPPPPPHPHPHHPHPHPHPPPPHH
881,PHPPPPPHHHPHHHHPHHPPHPPPPHHPPHHPHHPHPPPPHHHPPHHHPH
882,HHPPPPHPHPPHHPPHHHHPPPPHPHHHPPPHPPPPPPPPHPHPHPHPHH
883,PPPHPPHHPPPHPPHHHPHPHHHPPHHHPHHHPHHPPPPHHPPHHPPPPH
884,PPHPHPPHHHHPHHHHHPPPPHPHPHPHHPHHPPHHPHPPHHHHPHPPHP
885,HPPHHPPPHPHPPPPHPPPPHHPPHHPHPHHPPPHHPHHHHPPPPPHHPP
886,PPPPHPPHHHPHHPHPHPPPPHPPHHHHHPPPPHHHHHPPPHHHPHHPHH
887,HPHHPPHPPPPHPPPHPHPHHPHPHHHPHPPHHPPPHPHHPHPPPHPPHP
888,PPHPPHPHHPPHHHHHHPPPPPPHPPHHHPHHHHHPPPHPHPHPHHHPHH
889,PPHPHHHHPHHPPPHHHPHPPHHHPPHPPPPPHHPPPHPPPHHHHHHHHH
890,HPHPPPHPPPPPPHPHPPHPHHHPHHPPPPPHHPHPHPHHHHHPHHPHHP
891,HPPHHPPHPPHHHPPHHPPPPPHHPHPPHPPHHPHHHHPPHPHHPPPPHP
892,PHPHPHPHHHPPHHPPHHHHHHHHPHHHPHHHHHPHPHHHPPHPHHHHHP
893,PPPPHPHHHHPHPPHPPHPPHPHPPPPHHPPPPPHHPHHHHHHHPHPPHH
894,PPHPHHPPHHPHPHHPHHHPHPPPPPPHPPHHPHHHPHPPHHHHHHPPHH
895,PPHPPPHHHHHPPPPPPHHHPHPHHPPHHHHPPPHHPPHHPPPPPPPHPP
896,PHHHHHPHPPPPPPHHPPPPPHHHPPHHPPPHPHHPHHPHPHPPPHPPPH
897,HHHPPPHHHPHPPPHPHPPPHPHHHPHPPPHPPPPPPHPHPHPPPPHHPH
898,HHHHPPHPPPHPHPPPHPHHHHPPPPHPHPPHPPPHPHPHPPPPPHPPPP
899,HHHPHHHHHHHHHHHHPHHHPPHHPPHHHPPPHHPHHPHHPHPHHPHPPP
900,HHHPPHHPPHPPHPHPPPPHPHPHPHHHPHHHHHHHPPHPPHPHHPHPPH
901,PPPPPPPPPPPPHPHPPHPHPHHPHPHHHHHHHHPHHPHPPHPHPHPPPH
902,HHPPHHHPHHPHHHPPHPHHHPPHHHHPPHPHHPPPHPPPPPPPHHPPHH
903,HPHHPHHHPPPHPHHPPHHPPHPPPHPPPPHPPPPPPPPHPHHHPPHPHH
904,PHHPHHPPHPHPHHPHHPHPHPHPPPPPPPHHPHPPHHHHHHHHPPHPHH
905,HHHPPPPPPPPHPPPPPHHPPHHHPHHHHPPHPPPHHPHPPPHHHPHHPP
906,HPPPPPHPPHHPPPHPHPPHHPHHPPHHHPHHHHPHHPPHPPHHPHHPHP
907,PHPHHPHHPHHHPHHHPHPHHHPHHPHHPPHHHHPPHPHHHHHHPHHHPP
908,PHHPPHHHHPHPHHPHHHPPPHHHHHPPHHHPPHHPPPHHHPHHPHPHPH
909,PPHPPPHHPHHHHPPPPPHHPPHPHHPPPHPHHPPHHHPHPPPHPHHPHP
910,PHPPHPPPHHHHHPHPHPHHPHHHPPPHPPHHHHPPHPHPHHHPPHPHPP
911,HHPPPHHPHHPPPPHPPPPPHPHPHHPHHHHHPPPHPPHPPHPHHPPPHH
912,PPPHPPHHPHHHHPPHHHHPPPPPPHHPPHPPHHHHHPPPPPPHPHHPHP
913,HPHHPHHPPPHPPHPPHHHPHHPHPPPPHPHHPPHPHPHPPPPPPHHHPP
914,HHPHPPPHHHHHHPHHHHPPHHPHHHHPHPPPHPHHHPPHPHPPPPHPPP
915,HHHPPHPPHHPHPHPPPHPHHHHPPPHHHHPHPPPHPHPPPHPPPPHPPH
916,PHPPPHPHPPHPHPPHHPPHPHPPPHPHPPPPHPPPPPHPHPPPPPHPPP
917,PHHHPPHHPHPPHHHPPPPPPHPPHPPPPHPHHPHPHPHHHHHPPHHPPP
918,PPPPPPPHHPHPHPHPPHHPHHPPHHPPPHPPPHHHHPPPHPPHHHHPPP
919,HPHHPPHHPHPPHHPHPPHHPPHHPHPPHHHHHPPPHHPPHPHPHPPHPP
920,PPPHHPPPPHPHHHHPHHHHHPPPPPPHHHHPPPPPPPHPPPPPHHHHHP
921,HHHHPPHPHHPPPHPHHHPPHPPHPHPHHHPHHHHHHPHHHHHHHHPHPH
922,HHHPHPHPPHPHPPPPHPHPHPPPPPPHPHHPPHPHHPHPHHHPHHPHHH
923,PHPHHPPPPPPPHPPHPHHHHPPPPPHPPHHHHHPHHPHPPPPPPPHHPH
924,PPHHPHPHPHPPPPPPPPHPHPPPPHHHHHPPHHPHHHPPPHHPHHPPPH
925,HHHHHPPPHPPPPHHPPPPHHHHPPPHPHHHPPHHPPHPPPPPHPHHHHP
926,HPHHHHPHPHPHPHHHHPHHHHHPHHHPHHHPPPPPPPPHHHHHPPHPHP
927,HHPPHHPPHHHHHPHHHPHPPHHHPPPPHHPPHHHPHHPHPHPPPHHHPH
928,PPPHPHHPPHPHHPHHHPPPPPPPPPHPHPHHPHPHHHHHPPHPHPHHHP
929,PHHPHPHPHHPPPPHPPPHPPPHHHPHPPHPPPPHHHHHPPHHHHHHHHP
930,PPHPHHHHPHPHHHPHPPHHPPHHHPPPHPHPPHPHPPPHPPPHPHPPPP
931,PHHPPPPPPHHHPPHHHPPPHPPHPHHPPPHHPHPPPPHPPHPHHPHPHP
932,HHHHPPPHHHHHHHPPHPHHHPHPHPPHHHPPPPHHHPPHPHPHHPPPPH
933,HPHHPPHPPHHHHPPPPHPPHHPHPHHHHPPPPPHHHPHPHHHHPPHHHP
934,HPHHHPPPPPHPHHPHPPPPHPHHHPHHHHHPHHHPHHPPPPPPHHHPPH
935,PHHPPPPHHHPHPPPHPPPPPPHPPHHPHPPPHPPPPPHHHHPPHPHHHH
936,HPHHPHHPHHHHPPHPPHHHHPHHHHPPHPPHPHPPPPHPHHHHHPHHPP
937,PHHPPPPPPPPPHHPPPHHHPHPPPHPHHPPPPHPHPHHHHPHPPPHPHP
938,PHHHPPHHPPPPHPPHHPPPPPHPPPPHHHPPHPHPPPPPHHHHPPHHHH
939,PPPPPPPPHHPHPHPHPHPHPPHHHPPPPHHHPPHPPHPHHHHHHHHHPH
940,HHPHPHHHHPPPPPPPHHHPPPPHHHHHPPPPPPPPHHPHHHPPPPPPHH
941,PHHHPHHPHPPPPPPHPHPPPPHHPPHHPPHHPHHHPPPHHHHPHPPPPP
942,HPHPHHPHHHPHPPHHPPPPPPHPHHHPPPHPHPHPPHHHHHPHPHHHPH
943,HHHHHPPHPHPHHHHHPPPHPHPHHHPPPHPPHPHPPHHHHPPHPPHPHH
944,PPHPHHPHPPHPPPHPHPPHHPPHPHPPPHPPHHHPPPPPPHHHHPPHPH
945,HPPPHPPPHHPPHPPPPPPPHPHHHPPHPHHPHPPHPHPPPPHHHHPHPP
946,HPHHHPHPHHPHPHHHHHPPPHPHPPPHHHHHHPPPPPHPHHHPHHPHPP
947,PPPHHPHPPHHPHHHPHHHHPPPHHHHHHPPHHPPHPPHHHPPPHHHPHH
948,HPPPPPHPHPHPHHHHHPPHPPPPPHHHPPPPHPHPPHPPHHHHHHHHPH
949,PPPHHHHPHHHHHHPPPHHPPHHHHHHPHPHHPPPHHPHHHHPPHPHHHH
950,HPPPHHHHHHHPPPHPPHHPHHPPHHPHHHPPHPHPHPPPPPPPHPHHPP
951,PHHHPHHPHHPPHPPHPHHPPPHHHHPHPHHHHPHPHHPHHHPPHHHHHH
952,HHHPHPHPPHPHPHPPPHHPPPHHHPHHHPHPHHHPPPPPPHPPPHPHHP
953,PHPPHPHHHHHHPHPPPPPPPPHPHHPHHHPPPHHHHHPPHPPPHPPPPP
954,PHHHHHHPPHPHPPHPHPPPPPPHPPHHPPPPPPHHHPHHPPPHHPHPHH
955,HHHPHHPPPHHPHPHPHHPPHPPHPHPPPHHHHPPHPPPHPPHPHHPHHH
956,PHPHHPPHPPPPHHHHPPPHPPHHPHHPPPPPPPHHHPHHHPHPPHPPPP
957,HHPHPPHHPPHPHHHPPHHHHPPPHPPPPPHPHHPPPPHPHHHHHHHHPH
958,HPHPHHHPPHPHHPPPHPHPHPPPHHPPHPHHHPPHPHHPHPHPHPHHHH
959,HHHHHHHPHPHHPHPPHPHHPHHPHHHHHHHHHPPPPPHHHPHPPPHHPP
960,PHPPHPPHHHPPPPHHPHPPPPPPHHPPHHHPPPPHHPPPHHHPHPHHHP
961,HPPPHPPHHPPPPHPHPPHHPPPPHPHHPHHHPPPHHPHHPPPHPPPHPH
962,PPHPPHHHPPHHPHPPPPPPPHHHHPPHHHPPHHPPPPPPHPPPPPPHHP
963,HPHPHPPPPPPHPPHHPHHPHHHPHHPPPPPHPPHHHPHHHPHHHPPPPP
964,HPPHPHHPHPHPHPHPPPHHPHHHPPPPHPHHHPHHHPHHPPPHPPHPHP
965,PHHPPHPHHPHPHPHHHPPPHHPHHPPPHHHPHHPHHHPPHPHPPPHHHP
966,HHPPPHPHHHHHPPHHHHPPHPPPPHPHPHPPPPPPHPHPHHHHPHPHPH
967,HHPPHPHHPPHHPPPPPHHPHHHPHPPHPHHHPHPPPPHPHPPHHPPPHP
968,HPPPHPHPPPHPPHHHPPHHPPPHPHPHPHPPPPHPHPPHHPPPPPPHHH
969,HPPPHHHPHPHPHHHHPPPPPPHPHHPPHHHHHPPPPHPHHHHHPHPPHP
970,PPHHPHHHHHPPPPHPPHPHHPPHHPPPPPHHHHPPPHHHHHHHHPHHPP
971,PHPPHHHPPPPHHPPHHPHHHHHPHHHPPPPPPPPHPHHHHPPPHHHPPP
972,HPHPPPPPHHPHPPPPPHPHPPPPHHHHPPPPPPPPPPHPPHPPHPPPHP
973,HHPPHHPPHHHPPPHPPHHHHPHPPHHPPHHPHHHPHPHPHPHPPPHHHP
974,PHPPHPPPHPHHPPHHPPPPPPHPHHPPPPPPHPPHHPPPHHPHPHHPHH
975,HPHHPHHHHHHPHHHPHHPHHHPPPHHPHHPHPPPHPHHHHHPHHHPHHH
976,HPPPPPPHHPHPHHPPPPPHHPHHPPHHPPHPHHPPHPHHHPHPHPPPHH
977,HPPHPHHHPPHHPPPPPPPPHHHHPPHHPHPPPHHHPHHHHPHHHHHHPH
978,PPHPPPHHPPHHPHHHHPPPHHHHHHPHHPPPPHHHPHHHHHHPPPHPPH
979,HHPHPPPHPHHPPHHPHPPHHHHHPPHHPHHHPPHPPHPPPHHHPPPPHP
980,HHHHHPPPHPHPPPPHPPPHPHHHHPPHHHPHPHHHHPPHHHPPHHHPHH
981,PPPHPPHHPPPHPPPPPHHPHPPPPPPHPHHPPHPPPHPPPPHPHHHHPP
982,PHPPHHPPPHHHHPHPPHHHPHPHPHPPPHHPPHHPPPHHPHPPHPHPPH
983,PPPPPPPHPHHHPHPHPPPPHHPHHHPHHPPHHPPHPPHPPPPPPPPPHP
984,HPPPPHPPHHHHHHHPPPPPPPHPPHHHHHPPHHPPPHPHPHHHHHHHHH
985,PHPHPPPHHHPPPPPPPHHHPHHHHHPPPHPPPHPPPHHPHPPHHPHHPP
986,PHPPHHPPPHPPHHHPHHHHHHHHPHPPPPHPPPHPHPPPPHPHPHHHPH
987,PPPPHPPPHHHPHHHHHHPHHHPPPHHHPHPHPHHHPPHPPPHPPHHPPP
988,HPHHPPHPHHPPPPPHHPHHPHPHPPHHHPPHPHHPPPPHPPPPHHHHPH
989,PHPHPHPPHPHHPPPHPPHHHPHHHPPPHHPPPHHHHHHPHPHHHPHPPH
990,HPHPHHPHPHHHHHPHPPPPHPHHHHPHPPHPHHHHHPPHHHHPPHHHPH
991,PPHHHPPPHHHHHPHHHHPPHHPHPHPPHHPPPHPPHHPHPPPPPHPHHP
992,PPPHPHHPHPPPHHPPHHHPHPHPPPPHHPPHHHHHPHHPHHPHPPHHPH
993,PHPPPPHPHHPHHHHHHHHPHPHPHHPHHPHPHHPHPPPPHPHPPPHHHH
994,PPPHHPPPHPPHPPPPHHPHHHHHPPHHPPHPHHHPHPHHPPPHHPPHHP
995,HHPPHPPHHPHPHPPHPPHPHPHPPPHHPPHPPHPHPHHHHHHHHHPHPH
996,HPPHHHHPHHPHHPPHHPPPHHHPHHPPPPHHPHPPHHHHHPPPHPHHPP
997,PPHHPHHHPPPHHPHHHPHPHHHPPHPHHHHPPPPPPHHHHHHHPHPHPP
998,PPPHHPHHPPHPHHHHPPPPHHPPPPPPHPPHHPHPHPHPPHPPPHHPPP
999,PHHHPPHPPHHHPPPHPPPHHHPHPHPPHHHPHHPHPHPHPHPPPPPHHP
