id,sequence
0,PPPHHPPHPHPPPPHPHHHHHPPPPHPHPPHHPPPHHPHPHPPPPPHHPPPPPHP
1,PHHPHHHPPHHHHHHPHPPHPPPHHPPHPPPHHHHPPPPHPPHPHHPHHPPPPHP
2,PHHPPPPHPHHHPHPPPPHPPHHHPHPHPHPHPPPPHHPHHHPHPHHPPHPPHHP
3,HHPPPPHPHPPHPPPHPPPPPHPPHPPPHPHHPHHHHPPHPPHHHHHPHHPHHPH
4,HPHPHHHHHPPPPPPPPPHPPPHHPHHPPHHHPPPPPHHHHPHPPHPPHPHPPPH
5,HHPPPPPPPPHPPPHHPPHPHPHHPPHHPPHPHPHPHPHPHPHPPPPPPPHHHHH
6,PPHPPHHHPPPHPPHHHHHHHHHHPHHHHHHHPHHPHHHPHPHHHPHPPHHPHHH
7,HPPPPPHPHPHPPHHHHHPHPHHPPPPHHHPHPPPHHHHHHPPHHHPHHHHPPHH
8,PHHHPHHHPPHPHPPHPPHHHPPPPPHPHPHPHHPHPHPHPPHHHHPPPPPPHPH
9,PPPPHHPHPHPPHPHHHHPPHPHHPPHPPPPPPPHPHHHPHPPHHPHPPHHHPHP
10,HPHPHHHHHPHPPHPPHHPHPPPPPHPPPPHHPPHPPHHHPPPHPPPPHPPPHPP
11,HHPHPPPPPHHPPPHPHHPPHHPHHHHHHPPHPPPPHPHPHHPPPPPHPPHPPHP
12,HPPPHPHPHPPHPPPHHHHHPHPPPPHHPPHPHHHPHPHHHHHHPPPHPHPHHPH
13,HHPHPPPHHPPPHHHPHPPHHHPHPHHHPHHHPHPPHPPHHPPPPPPHPHHHHHH
14,HPPHHHHHHHHPHHHPPPPHHHHHHPPPPPHPPPHHPPHPPHHHPPHHPHHHHHH
15,HHHHPPHPHPHPHHHPHHPPHPHPHPHPPPPHPHHPPPHPHPPHPPPHPHPPHPH
16,HHPHHPHPHHPHPPHHPHPPHHHHHPHHPPHHPHPHPPHPHHHPPHPHHHHHHPP
17,HHPPHPHPPPHHHHPPHPPHPPHPPPHPPPHPHPHHHHHHHPHHPHPHHHPHPHP
18,PPPPPHPHHHHPPPHPHPHHHPPHPHPHHPHPHPHHHHPPPPHHHHHHPPPHHHH
19,PPHHHPPPHPHPPPHHHHHHHPPPHHHHPPPPHPPPHHPPPHHPPPHHHHPHHPH
20,HPPPPPPHPPHHPHHPPHPHHHPPPPHPHPPHHHPHHHPHPHHPPHPPHPPPPHH
21,HHHPPPPPHHHHHHPHPHHHPPHHPPHPPHHPHHHPHHHPHPPPPPHHHHHHHPH
22,HPPHPHHPHPPHHHPPPHPHPHHPPHPHHHPPHHHPHHHPPPHPHHPPHHHHHPH
23,HPPHHHPHHPPHHPPHHHPPHPHHPPHPPPHPPPHHHHPHPHHPHPPPHPPPHPH
24,PPPPHPHHPPPPPHPPPHHHPHPPPHPHHPPPHHPPHHHPHPPPHHHPPPHPPPP
25,PPPHPPPHPHHHHPHPHHPPPHPHPPPPHHPPPPHPPPPHPHPPPHPHHHHPHHP
26,PPHHHHHPPHHPPHHPHHPPHPHHPHPPHHHPPPHHHPHPPPHHPPPPHPHHPPH
27,HHHHPHPPHPHPHPHHPHHHHPHHPHPPPPPPPHHHPHHPHPPPHHHHHHHPPHH
28,HPHHPHPPHPHHHHPHPPHHHPHPHHHPPHPHHHHPPPPPPPPHHPHHPPPHHPP
29,PHHHPHHHPHPPPHPPPHHHHHPPPPHPHPHHHPHPHPPHHPPHPPPHPHPHHHH
30,HHPHPPHPHHHPHPPHPHPPPHPPPHHPPHHPPPPHHHHHHPHHHPHPHHPHHHP
31,PPPPPHPPHPPPHHHHPPPPPHHHHPHHHHHPPHPHHPPHPHHHPHHHPHHPPPH
32,PPPHPPHHHHPPHHPPPPPPHHPPPPHPHHHHHHHHHHPHHPPHPHPHPHHHHHH
33,PPPHPPPPHHHHHPHHHPPHPPPHHPHHHPPHPHHHPPHPHPPPHPHHPPPHPPH
34,HPHPPPPPHPPPHPPPPHHHPPHHHHHPPHHHHPHHPHPHHPHPPPHHPPPHHPP
35,PPPHPPHPPHHHHPHPPHHPPPHPHHPHHPHPPHHHPHPPHPPPHHHPHPHHHPP
36,PHPHPHHHPHPHHPPPPHPHHPPPPHHHPPPPHHPHPHPPPHHPHPHPPPPHPPP
37,PHPPHHHPPPPHPPHPHHHPPPPHHPHHHHPHHPPPHPHHHPHPHPPPPPPPPHH
38,HHPHPPPPPPPHPHPHPHHHHHPPHPHHHHHPPHPPPHHHPPHPPPPHPPHPPHH
39,PPHHPHPPPHPPHHPHPHPHPHHHPPHPHPPHPPPPHHPHPPPHPHPPHPPPPHH
40,HHPHPHHPHHPHHPHHHPHHHHHPPPPPPHPHHHHHPHPHPHPHHHPPPPHHPHP
41,PHPHPPPPHHHPHPHHPPHPHPPPPPPHHPHHHPHHPPPPPHPPPPPHPHHPHHH
42,HPHPPPPHPHHPHPPPHHPPHPPPHHPPPHHPHPHPHPHHHPHPPHHHHPHPPPH
43,PPPPHHPPHHHHHPPPPHHPPPHHPHHHPPPHPPHPPPPPHPPHPHHHHHHHPPH
44,PPHPHHHPHHHHHPHPHPPHPPPPHPPHPPHPHHPPPHHPPPHPPHPPHHHPPPH
45,PHPHHPPPHHPPHPHPHHPPHHHPPHHHHHPHHHHHHPPHHHHHPHHHPPHPPHH
46,PPPPPPPHPPPPHPHPHPPHHPHHPPHHPPPPHPHPHPHHHHPHHPHHHPPPHHH
47,HHPPHPPHPHPPPHHHHHPPHHHPHPHPHPHPHPHHHHHPHPHPPHPPPHPPPHH
48,HPPPPHHHPHHHPHPHPHHHPPHPPHHHPHPPPPHHHHPHHPPPPHPPPHHPHHP
49,HPHHPPHHHPPPPPHHHHPHPPPHPHPPPHPHHHHPHHHHHHHPHHHPPPHHHHH
50,PPHHHHHHPHPPHHHPPHPHPPPHPHHPHPHPPHHHPPPPHPHPPPPHPHPPPHP
51,PHPHPHPPPPPPPHPHHPPHPPPHHHPHHPHPHPPHPHPHPPPHPHHPHPHHPPP
52,HHHPPHPPPPPHHPHPPHPHHPPPPPHHPHPPPPPHHPPPPHPHHPHHPPHHPHP
53,PPPPPPPHPPPHHHHHPHPPPPPHHHHHPHHPHPPHHPHPHPHPPHHPPPHPHPH
54,PHHPHPHHHPHPPHHPPPHHHPPHPHPHPPPHHPHHHHPHHHHPPHPHHPPPPHP
55,HPPPHHHHPHPHHHPPPHPPPHPHHPHHPPPPPHHPHHPHPPHPHPPHHHHPHHH
56,PPPPHHPPPHPHPPPHHHHPHHPHHHHHPPHPHPPHPHHPPHHPPPHHHHPHPPP
57,HPHPPHHHHHHHPHHHPHHHPPHPPPPPHPHPHPHHPHPHPPPPHHPPPHHHHHP
58,PHHHHHPPHPPPHPPHPHHPPPHHHHHHPHPPHHPHPPPHHHHPHHHHPPHHHPP
59,PPPHPHHHPPHPHHHPHPHHHHPHHHPHHPHPHHHHPPHHPPHPHHHHPHPPPPP
60,PPPHHHHPPHPPPPHHHPPHPHHHHHPHPHPPPPPPHHPPHPHHHPPPHPPPPHH
61,HPHPHHHHHHPHPPHHPHHPPPPHPPPHPPHPHPHPHPPPHPHHPHHHPPPHHPP
62,PPPHHPHHPHHHPPPHPHHHHHPPPHHPHHPPPHPHHHPHHHHPPHHHPHHHPHH
63,PPHPHPPHHPHHPHPHHHPHPHHPHPPPHPHPPHPPPPHPPHPPPPHPHPHPPPH
64,HHPPHPPPPHHPHHPHHHHHHPHPPHHHPHPPHPHPPHPHHHPPPPHHHHPPPPH
65,PHHPHHHHPPPPPHHHPPHHHPHPHPPHHHHPPPHHHHPPPPHHPHPPPHPHHHP
66,PHHHPPHPHPHPHPHPHHPHPHPPPHHPPHHHHPPPHHHHPHPPHHPPPPHHHHP
67,PHPHPPHHPPPPHHHHPHPHPHPPPPHHHPPHPHHPPHHPHPHHHPHHPHHHHHP
68,PPPHPPPPPPPPPHPHPHPHHHPPHHHHPHHHHHPPPPHPPPPPHHHHPPHHHPH
69,HPHHHPPPPPHPHPPPPHPHHPPHHPHPHHPPPHHHPPPHHPPHHPHPPPHPPHH
70,HHPPHPHPHHPHPHHHPPHPPPHPHPHHHPPHPHHHHPPHPHHHPHPPHPHPPPP
71,HPHPHPPPPHPHHPPHHPHPPHHPHHPPPPHHHPHPHPPHPPPHHPPPHPHPHHP
72,PPPPHPHHHHHHPHPHPPHPHPHHPHPHPPPPPPPPPHPHPHPPPPHHHHHHPPH
73,HPHHHPPHHHHPHHPPHPHHPPHHPHPHPPPPPPPPHPPHHHPPPHPHHPHPHPP
74,HPPHHPHHPPHPHPHPPHHPPHHHPPPPPHPPPPPHPPHPPPPHPHHPHHPHPPP
75,PPHHPPPHPHHPHPPHPHHHHHPPHHPPPPPPHHPHPPPPPHHPPPHHPHPHHPP
76,HHPHPHHHHPPPHPHHPPPPPPHHHPHHPHPPPPHHHHHPHHPHPPHPHPPPPHP
77,HHHHHHHPPHPPPHPPPHPHPPPPHPPPPPHHPHPPPHHPPHPHPHHPPPHHHHP
78,HHHPHPPHPPPHPPPHPHPHHPPPPPPHPPPHPHHHPHHPPPPHHPPPHHHHHPH
79,PPPPHPHPHHHHPPPHHPPPPPPPPPPHHPPPHHPPPPHHPHHHPPHHPPPPHHH
80,HHHHPPPHHHHPHHPHPHPPPPHPHPHPPPHHHHHPHHHPPPHPHPPHHHPPHHP
81,PHHPHPHPPPPHPHPHPPPHPPHHPHPHHPPPPHHPHPPHHPHPPPPHPHHHHHH
82,HHHHHPHHPHPHPHPHPHPHPHHHPHPPHPPHHPPPHPHPHHPPPPHPPHPHHPP
83,PPPPPHPHHHPPHHPPPHHHPPHHPHPHPHHHHHPPPPHPHPHHHPHPPHPHPPH
84,PPPHHHHHPHPHHHHPPHHHPHHHPHPPHPPPHHHHHPHPPHHHPPHPPHHPPHP
85,HHPPPPPHPHHHPPHHPPPHPHHHHPPPPHPPHHPHPHHPHHPPHPPPPPHPHHH
86,HPPHHPHPPPHPPHPPPHHHHHPPHPHPPHPPPHHPHHHPPPHPPPPHHHPPHHH
87,PHPPPPHHPPHHHHPHPPPHPHHPHPPPPPPHHHHPPHHPPPHHPPHHPHHHPPH
88,HHPHPHHHHHPPPHPHHHHHPHPPPHPHHPHHPHPPHHHHHPPHHHPHHHHHHHP
89,PHHPHPHPHPHPHPPHPHHHHHPPPHPPPPPHPPHHHHHHHPPPHHPHPPHPPPP
90,HPPPHHPPHPHHPPPHPHPHHPPHHHHPPHPPPHPPPHPPHPPHPPPPHHPPPHH
91,HPHHPPHHPPPPHHHHHPHPPPHHPPHHHPPPHHHPPHPHHPHPHHPHPHHHHPH
92,HHHPPPPHHPPHHPHPHHHHPPHHPHPPPPPPHHHPHPPHPHPHHHPPPPPHPHH
93,HHHPHPPPHPPHPPPHPPPPHHPHPHPHHHPPHHPHPPHPHHPHPPHPPPPHHPP
94,HPPPHHPPPPHPHHHHHPPPHPHPPHHPPHPHHPHPHPPHPHPHPPPPPPPHPPH
95,PHPPHPHPPPHHHPHHPPPHPPPPPPPPHHPHHPPPPHHPHPPPHHHPPPPHPHP
96,HHPHPHHPHHPHPPPHHHPHPHPPPHHPPPHHPPHPHHPHPHPHPPPHPHPHHPH
97,HPPPHPHHHPPPPHHPPHHPHHHHPPPPHPPPPHPHPHHPHPPPPHHHPHHPPPH
98,PHPPPHHHPPPHPHPHHHHPHHPPHPHHPHHPHHHHPHPPHPHPPPHHPHPPHPP
99,PHPHPHPPHPHHPHPHPHPHHPHHPPPPPPHPPHPPPHPPHPPHHHPPPPHHHPH
100,PHPPHPPPPHPPPHPHPPHHHHHHHPHPHPPHPHHHPPHHHHPPPPHHHPPHHHP
101,PHPHPPPHHHHPHPHPPPPPPHHPPPPHPPPHHPPPPPPHPHPPHPPPHHHPHPP
102,HPPPPPHPHHPPHHHPHHPHHHPHHHPHPHPHHHPHHHPHPHHHHPPHHHHHHHH
103,PHPHHPPPPPHPPHPHHHPPHPHHHHHHPHPPPPPHPHHHHPPPPPHPPPHPPHH
104,HPPHPPHPPPHPHPPPPPHPPPHPPPPPHPHHPPPPPHPPHPPHPPPHHPHPHHP
105,PHHHPPHHPPHPHPHHHPHPHPPHHHHPPPHPPHHHHPHPPHHHHPPPPHHPPPH
106,HHPHHPPHHPHPHPHHHPPPHHPHHHPPHHPHHHHHHHPPPPPPHPHPHHHPPPP
107,HHHHHPPPHPPHPHPHPHPHHHHHPHHHPPHHPHHPHPHHHHPPPPHPHPHHHHH
108,HPPPHHPHPPHPPHHPHPPHPHPHPPPPPHPHHPHPHHHPHPPHHHPPHPHHPHH
109,PHPHHHHPHHPHPPHPHPHHHPPPPHPPPPHHPHHPHPPHHPHPHHHPPHHHHHP
110,HHHHPPPHPHHHPPPPPHHPPPHHPHPHHHPPPPHHHHPHHHHHPHHHHPPPPHH
111,PPPHPHPHPHHPPHPPHHHHPPHHHHPPPHPPPHPHHHPPHHPPHPHHHPPHHPH
112,PPPHHHPPHPPHHPHPHPHHPHPPHPPPPHHHHPPPPHHPHHHPPHPPPHPPPPP
113,PHHHPHPPPPHPHHHHHHHPHPHPHPHHHHPPPHHHHPPHPHHPHPPHPPPHPPP
114,PHPPHHHHHHPPHHHHPHPHHHHPPPHPHHHPHPPPPHPPHHPHPPHPPHHHPHH
115,PHHHPPPPHPPHPHPHHPHPHPPHHPPPPHHHPPPHHHPPHPPPPHHHPHHHPPH
116,HPPHHHPPPHPPPHPHPHPHPHHPPHPPPHHHHPPHHPPHHPHPPHHPPPHPPPH
117,HHPPHPHHHHHHHPHHHHPPHPPPHPPHHHHHHHHPPPHHHHPPPHHHPPPHPHH
118,HHPPPPPPPPPHHHPPHPHHPHHHHHHHHPHPPHPHHPHPHPPHPPHPPHHPHPP
119,HPHHHPHPPHHHPHPHPPPHHPPHPHHHHHPHHHPPPPPPPHHPHPPPPHPPPPH
120,PPHHHHPPHPPPHPHHPHPPHHHHHPHPPHPHPPPHPPPPPHHHHPPPHHPPHPH
121,HPHHHHHPPHPPHHPPHPHHHPHPPPHHPPHHHHHHHPHPHPHPHPPHHHPHHPP
122,PHPHPPPPPHPHPPPHHHHHPHPHHHHHPHPHPHPPHPHHHHHHHHHPHHHPPPH
123,PPPPHPPHHHPHPHPPHHPHHPHPPPPPPHHPPHPHHPPHPPHPPPPHPPHPPPH
124,PPHPPHHHPPPHHPPPHPPPPHHHHPHHPHHPHHHHPPHPHHPPPPHPHHPHHHH
125,PPHHPHHPPPHHHPPHHPPPPHPHHHPHPPHHHPHHPHHPHHHHPHPPHHHHHHH
126,HPHHPHPHHHHPHPHHHPHPPPPHHHPHHHPHPPPPPHPHPPHHPPHPHPHPPPP
127,PPPPPHHPPHHHHPHHPHPPHHPHHHHPPHHPHPHPHHHHHHHHPHHPHPPPPHH
128,PHHHHPPHPHPHPHHPHPHHPPPHPHPPHPHPPHHPPHPHPHHPHPPPPHHHHHP
129,PPHPHPHPPHHPPHHPHHPPPHHPHPPPHHPPPHHHPPPPHHPPPHPHPPHHHPP
130,PPHPHPPHHPPHHHPPPPHHPHPHPHHPPHHHHHHPHPHHHHHPHHHPPPPHPPH
131,PPPHPHHPHHPHHHPHHPPPPPHHHPPPPHPHHPPHPPHHHPHHHHPPPPPPPHP
132,PPPPHPPPPPPPHHPHHHHPPPHPHHPPPHPHHPHPHHPPPPHHHPHHHPPHPHP
133,HPPPHPPHPPPHHPPHHPPPHPPPPHPHHHPPPPPPHHHPPPHPHHPHPHHPHPH
134,HPHPPHPHPPHHHHHHPPPHPPHHHHPPHPHPPPPHHPPHHPPPPHHPHPPPPHH
135,HHHHHHPHHHPPPPPPHHHPPHHPPPPPHPHPPHPPPPPPHHHHHPHPPHHPHHH
136,HHHPPHPPHHPPPPHHHHPHPHPHPHHPHPPHHPHHPHPPHPHHHPHPHPHHHHH
137,HPPHPHPPHHPPPHHHHPHHHHPHHPPPPPHPHHHPHHPHPHPHHHHPPPPHPHH
138,PPPHPPPPPPHPPHHPPHHHPPPHHPPPHHPPPHPPHPPHPHHHHHPHHPPPHHP
139,PPHPPPHPPPPHPPHPPHPPPHPHHHHHPHHPPPPHPPPPPHHHHHPPPHHHPHH
140,HPHHHPHPPPPPHPHPPHPPPHPPPHHHHHHHHHHPPPHHPPPPHHHPPPHHHHP
141,PHHHHHHHPHPPHHPHPPHHHPHPHHHPHPPHHPHHHPHPHHHHPHPHHPHPPPP
142,HHPHHHHPHHPHHHPPHPHHHHHPHHPPPPPHHPHPHPHHPHHHPHPHPHPPPHH
143,PPPHHPHHHPPHHPPHPHPPHPPPPPPHHHPHPPPPHHPPHHHHHHHPPPHHPPH
144,PPHPPHHPPPPHPHPHHHPHHHPPHPHPPPPPHHHHHPHHHPPPPPPHHPPPPHP
145,PHHHHPPPHHHHPPPPHHPPHHHPPPHPHHHPHPPHPPPHPPPHHPPPPPPHPHP
146,PPPPHHHPHPPPPPPHHHPHHHHPPHPPHPPHHHHHHHPHPPPPHHHHPPPHHPH
147,HHPPPHPPHHHHHHPPPPHHPPPPPHHPHHPHHPPHHPPHHHHHHPHPHHHPHHH
148,PHPPPPPHPPPPHPHHPHHPPHPHHPPHPHHPPPHHHHPHPPPHPPHPPHPPPPH
149,PHHHPHHPHPPHHHPPPHPHPHHHHPPHHPHPPHHPHHPPHPPHHPPHHPHHPPH
150,HPPPHPPHHHPPPPHPHHHHHHPPHHPPPPHHHPPPPHPPHHHHHPHHPPHHPHH
151,HHHHPHPPPPPHHHHPHHPHHPPHPHHHPHPHPHPHPPPPHHHHHPPPPPPPHPP
152,PPHHPPPPPHPPHHHPPHHPHHHPPPHPPHHPHPHHHPPPHHPPHHPHHPHHPHH
153,PPHHHHPHPPHHPPHHPPPPHPHPHHPPHPHPPHPPHPPHHPPPHHHHHHPHPPH
154,PHPPHHPHPPHHPPHPPHPPPHPPHPPHHPHHPPHHHHHHPHHPHHHHHPPPHHP
155,PPPHHHHHHPPHPPPHHPHHPPPHPHHPHPPHHHPHPPHPPPHPPHHPHPHHHPP
156,PHPHHPHPHHHHHPPHHHPHHPHHHPHPPHHHPHHPHPPPHPPHHPPPHPHHHPP
157,PHPPHHHHHHPHHPPPHHHPPPPPPPHHHHHPHPPPHPHHPPHHHPPPPHPHHHP
158,HHPHHPHHHPHPPHPHPPPPHHHHPPPHPPPHHHHPHPHHPHPHHHHHPPHHPPH
159,HHPPHPHPPPHHPPHPPPHPPPHHPHPPPPPHHHHHPHHHHHHPPPPPPHHHPPH
160,HHPHHPPPHPPHPPHHPHPPPHPHPPHPPHHHPHHHHPPHHHHPPPHHHHPHPPH
161,HPPPHHHHPHHHHPHPPPHHHPHPHPHPPHHPHPHHHPPPPPHPPHPPPHHHHHP
162,HPPHHHPHPHHHPPHPHPPHPHPHPHPPPHHPPPPPHHHHPHHPHPPPHHPHPPH
163,HPHPHHPHHPPPHPPHHHHPHHPHHPPHPPPPHHPPPPPHPHHHHHHHHHHHPHH
164,HPHHPPPHPPHHPPPHPPPPPHPPHPHPPPPHHHPHPPHPPPHPHPHPPHHPHHH
165,PPHPHHPPPPPHPHPPHPPHHHHPHPPHHPPPHHHHHPHHHPPHPHPPHHHPHHH
166,PPHHPPHPHPPHHHHPPHPPHHHPHPHHPPHPHHPHHHPPHPHPPPHHHPHPHHH
167,HPPHPPHPHHPHHHPPPHHHPPHPHHHPPPHPHHHHPHHPPPHPPHPHHPHPPHP
168,PHHPHHPHHHPHHPPHHPPPHPHPPHHHHHPHPPPPHHHHHPPHHPPHHHPHHHH
169,PPHPPPHHPPPHHPPHHPPPHHPHHPHPHPPHPPHHPHHHHPHHHPPHHHPPPHP
170,PHHPHHHPPHHHHHPHHHPHPPPPHPPHHPHHHHPPPHPHHHPHPPPPHHHPHPH
171,HHPHHHPPPPHPPPPHPPHPPHPPHHPHHPHHPHHPHPPHPPPHPPHHHPHHHHP
172,PHPHHPHPHHHHPPHHHHHHHPHPHPHHPPHHHHPHHPPPPHPHPHHHPHHHHPH
173,HHPPPHPPHPHPHPHHHPHPHPPHHHPPHHHHHHHPHPPPPPHPHHPPPPHPHPH
174,PPHPPPPHPPHHPPPHPPPPPHPPPPPPHPPPPHPHHHPPHHHPHPHHPPHPPPP
175,PPPHPPPPHPPPPHPHHHHPPHHHHHHPPPPPHPPHHHPHPHHPPHHPPHHPHHP
176,PPHPPHPPPPPHHHHPPPHPHPPPPPPHPHPPPPPHHHPHPHHHPPPPPHPPPHH
177,HHPPHHPPHHPHPHHHPHHHHHPHPPHHPPHPHHPPPPHHPPHPHHPPHPPHHPP
178,HHHHHPPHHPHPPPPPHPPPPHPHHPHHPPHPHPPHPHHHHPPPPPPHPPHHHHH
179,HPPHHHHHHHPHPHHPPPHPHHPHHHPPHPHPPPHPHHPPPHHHPHHHHPPHHHH
180,PPHPHPHPPHPHHHPPPHPHHHHHPPPHPHHPHHHHHHPHHPHHPHPHHHHHHPP
181,HPPPPHHHHHHPHHHHHHPHPPHPHPPPHPHPPHHPHHHHHHPHHPHPPPHPPPP
182,HHPPPPPHPHHPHPHPPPPPPHPPPHPHPPPHHPPPPPPHHHHHPPPPPHPHHPP
183,HPPHHPPPHHHHHHHPPHHPHPHPHHPPHPHPHPHHPHPPPHPPHPPHHHPPHPH
184,HHPPPHPPHHPPHPHHHHHHPPHPHPPPPPPHPHPPHHPHPHPHPPHPHPHPHPH
185,PHPHHPHHPPHHHPPPPHHHPHPHPHHPHPPHPPPPHPPHPHHPHPHPHHPHPHH
186,PPHHPHPHHPHHHHPPPPPHPPHHPHHHPHHPHPPHHPPHPHHPHPPHHPPHPHP
187,HPPPPHPHHHHHHPPPPHPHPPHPHHPPPPPPPPHHHHHPPPHPPPPHHPHHHHP
188,PPHHHHHHHPHHHPHHPHPHPHPPPPPHHHHPHPPHHPPPHPPPHPHPHHPHHPP
189,PPHHPHPPHHHPPPPPPHHHHPPPPHPPHHHHHPHHPPHPPPPPPHPHHPHPHHH
190,PHHHPHHHHHHPHHHPHHPPHHHHPPHHHPHHPHHHHHPHPHPPPHHPPHHHHPH
191,HPHPPHHHPHPHPHPHHHHHPPHPHPPPHPPPHPHPPHHPPHPPPPHHPHHPPPP
192,HPHPHHHPPHHHHPPHPHPHPPHPHPHPPHHPPHPPHPHPHHHPHPHPPHPHPPH
193,PHHPHHPHHPPHHPPHHHHHPPPPHHPHHPHHPPPPPPPPPPPPHHHPHHHPPHP
194,HHHPPHHPPPHPHHHHPPHHHPPPPHHPHPHPPPHHHHHPHPHHPHHPPHPPPPP
195,PPPPPPPHHHPPPHPHPHHPPHPPHPHPPPHPHPPHHHHHHHPHPHPPHPHPHHP
196,PHHPHPPPHPPPHPPHHHHPPPHPHHHPHPPPHPPHHPPPHPHHHPPPHHHPHPH
197,PHPPHHPPHHHHPHPPHPHPHHHPPPPHHHHHHHPPPHPPHPPPHHHPPPPHPHH
198,PPPHPPPHHHPHPPHHPPPHPPHPHHPPPHPHHHPHPHPHPPHPHPPHHPPPHPP
199,PHHPHHHHHPHPHHPPHHPPPHHHPPPPPPHPHHHPHPPHHPPHPHPHPHPHPPH
200,HPHHHPHPHHPPPHPHPPHHHHPPPHHHPPHHHPPPHHHHHPHHHPPHHPPPHPP
201,PHPHPHHHPHHHPHPHHHPHPPPPPPPHPPHPPPPPHHPHPHPHPHPPPHPHHHH
202,HPPHPPHPPHHHHHHHPPPPPHHHHPPHHHHPHPPHHHPPHPHPHPHHHHPHPHH
203,PHHHHPHHPPPPHHHHHHPPHHHHHPPHPHHPPPHPPHHPHHHPHHPPHPHPPPP
204,PHPPHPHPHPHPHPPHHHHPHPPHHHHHHHHPHHPHHPPHPPHPPHHPPHPHPPH
205,HHPHHHHHHPHPHPPPPHHPHHPHHPPHPHPHPHPHHHPHHHPHPPPPPHHPPHP
206,HHPPPPHPPPPPHHPHPHPHPPHPHHPPHPHHPPPPPHPPPPPPHPPPPHPPHHH
207,HHPHPHHHHHHPPHPHPHHHPPHPHPHHHPHPPHHHPHHHHHPPHHPHPHHHPPH
208,HPHPPHPPPHHPHHHPPPHHHHPHPHHPPHPPPHHPPPPHHHPPPHPPPPPPPHP
209,PHPPPPHPPPHHHHHHHHHHPPPPPPHPPHHHHHPPHHPPPPHPHPHPHHPPHHP
210,PPPHHHPHPPHPPPHHPPPHHPPHHPHPHPHHHHPPPHPPPPHHHPPHPPPHPHP
211,HPPPPPPPPPPHPPHHPHPHPPHHHPHPPPPPHPPHPHHHPHPPHHHHPHPPHPP
212,HPHHPPHPPPPHPPHHHPPPHPHPHPPPPHHHPPPHPPPPPPPHHHPHHPHPPHP
213,PPPHHHHPHPPPHPHPPHHPHHHPHPHHPPPPPPHHPHPHPHPPHHPPHPPPHHH
214,HHPHPHPPHHPPHHHHHHHHPPPHHHPPHPHHHHHPPPHPHPPHPPHHPHHHHHH
215,PHPPPPHHHPPPHPPPPPHPHPHHHPPPHPHHHPPHPHHHHPPPHPHPHHPPPHP
216,HHPPHPHHHPPHPHPPPPPHHHHHHHHPHHPHPPPPPPHHHPHPHHPPPHHPPHP
217,PPHHPHPHPPHPPHHPPPPHPHHHPPHHPPHHPHHHPHPHPPPPPPPPHHHHHPP
218,HPHHHHPHPPPHHPHHHPHHHPPPPPHHPHHHPHPPHHPPHHHHPPHHPHPHHHP
219,PPHHHHHHHHHHPHPHPPPHPHPHHPHPPPHPPHPPHPHPPHPPHHHHPPHHHHP
220,PHHPHPPPPPPHPPPHHPPPHHPPPHPHHPHPPPHPPPPHHHPHHHHHPHHHPHH
221,PHHHPPHPHPPPPHHPHPPPPPHPPHHHPPHPPPHPPPPHPHPHHHHHHPHPHPP
222,HPPHPHHHHPPHPPHPPPPPHPHHHPHHPPHPPHHHPHPPPHHPPPHPPPHHPHH
223,HHPPHPHPPHHPPHPHHHHHPPHHHPPHHHPPPPHPHHHHHHPHHPPPPHPPPPH
224,HHHHHHHHHHPHPHHHHPPPPHHHHHHPPHPPHPPHHHPHHPPHPHHPHHPPPPP
225,PHHHPHHPHPHPHPPPPPPPHHPPPPPHPHPHPPHHHPHHPHHPPHPHHPHHPPH
226,HHHPPHHHHPHHHPPHHHHHPPHHHPHPPHHHHPHPPHHHPHHHHPPPHHHPHHP
227,HHPHPHHPHHHPPHPHHHHPHPPPHPHPHHHPHHHHPPPPPHHPHHHHPPPPHPH
228,PHPHPPHHPPPHHPPPHPPPPPPHPHHHHPHHPPHHHHHPHPPPHPPPHPHPHPH
229,PPPHPPHHPPPPHHHPPPHHHPPPPPHPPPHPPHPHHPHHPHHPPHHHPPPHPHH
230,PPPHHPPHHHHPHHPHHHPPPHHPPPPHPPHPPHHHPPHHPPPPPHPPPHPPPHP
231,PHPPPHPPPHPPPPPPHPPHPPPHPPPHHHPPPHPPHPPHPHPHHHPPHPHHPHP
232,PPHHPHHPPHHPHHHHHPPPPHHHHHHHHHPHHHHHPPHHHHHHHPHPHPHHPHP
233,HHPPHPPPPPPPPHPHPHHPPHPHHHHHPPPHPPPHHHPPPPPPPHHHPPHHPHP
234,PPHHHHHPPPHHPPHPHPHPHPPPPHPHPPPHHHHHHHPHPPHHPPPHPPPHPPH
235,PHHPPHHPHPHPPHPPPHHPPHHPHHPHHHHHHHPPHPHHHPPPPPPHPHPHPHP
236,PPPHHPHHHHHHPPPPPHHHPHHHPHHHPPHHPPPPPHHHPHHHPPHPHPHPPPP
237,HHPPPHPPPHHPPHHPHPPHHHHHHPPPPPHPPPPPHPPPHHHPPPHPPHHPPHH
238,HPHHHPHHPHPHHHHPPPHHPHPHPHPHHHHHPPPHPPPPHHPHHHHHHPHPHHH
239,HPPHPPHHHHHPHPHHHHPPPPPHHPPPHPHHHPHHPHPHPHHHPHPHPHPPPPP
240,HPHHHPHHHHPHHPPHHPPHHPHPHPHHHPHHHHHHPPPHPPPPHPPPHHPHHHP
241,HPHPHHPHPHPHHHPPHHHHPHHPPPPHPPPPHPHPHPPPPPHHPHHPPHPPHPH
242,HPHPPPHHPHPPHHPPHPPHHPHHHHPHPPPPPPPHHPPHHPHHHPHHHPPHHPP
243,PHHHHPPHPHPHHHHPPHHHPPHHPPPPHPHHHHPHHHHHPPHPHPHHHPHPPPP
244,PPPHHHHHPHHPPHHPPHPHHHPPPHPHPPPPPPPPPHHHPHHPPHPPHHHPPHP
245,PHHPPHPPPHPHHHHHPHHPPPHPHHPHPPPHPHHPHHHPHPPHPHHPPHPHHHP
246,PPPHHPHHHHHHHPHHPHPPPHHHPPHPPHHHHHPPHHHPPPPHHHPPPHHHPPP
247,HPPPPHHPPHHHHPHHPHHHPPPPPPHPPPHPPHHPHHHPHPHHPPPHPPPHHHH
248,PHHHPPHPPPPHHPHPHHHHHPHPPPPPHHPPPPHHHPHPPHPPHHHPHPHHHHH
249,HPPPPHPPHHPPHPHPPPHPHHHPPPHPHPHHPHHPHPPPPHPPHPPHHHHPPHP
250,HHPHPPHHHHHHPPPHHPPHHPHPPHHHHPHPPHHPHPHPPHPHPPPPPPPHHHP
251,HPPPHPPPHHPHPHHHHPPPPPHHHHPHHPPHPHPPHPPPPHPHPHHPPPPPHPH
252,PPPHPPHPHPHPHPHPHPHPHHPHPPPPHPHPHPPHHHPHPHHHHHHHPHHHPPP
253,HHPPPHPHPPHPHHPPHPHPHHPHHHPHPPPHHHPHHPHPPHPHPHPPPHPHPPH
254,HPPPHHHPHHHPHPPPPHHHHHHHPHPPHPPHHHHPPHHPPPHPPHHHHHHHHPP
255,PHPPPHHHPHPPPHHHPPHPHPPHHPPHHHPHPHHHHHHHHPHPHPPPPHPPHPP
256,HHPHPHHHHPHPHHHHHHHPPHHHPHPHHHPHPHHPHHHHHPHPPPHPPPHPPHH
257,PHHHPPPPPPPPPPHPPPPHPPPPHHPHPPHPPPHPPHHPPPHPHHPHPHHPPPH
258,PPHPHPHPHPPHHPPHHHHHHPHPHPPPHPPPHHHHPPHPPHHHHPPPHHHHPHP
259,HHHHHHHPPHPPPHHHHHPHPPHPPHPHHHHHHHHPHHPHPHHHPPPPPPHHHPP
260,PHHPPHHPHHPHPPHPPPHHPHHPHPHPHHPPHPHPHHHPPPPHPHHPHHHPPHH
261,HPHHPPPPHHHHPHHHPHHPHHHPPHPPPPHHHHHHHHHPPHHHPPPPHPHHHPP
262,PHPPHPPPPPPPPPPPPHHPHHHHPPPPHHPPPHHHHHPPPHPHHPHPPHHHPHH
263,PHPHPHHHPPHHPPHHPHPHHPPPHHPHHHHPPHPHPPPPPHHHHHPHHHPPHHP
264,HPPHPPPPPHPHPHPPHHPPHHHPPPPHPPPHPPPHPHPPHPPPHHHHPHPHPHH
265,HHPPPPHHPHPPPHHPHHHPPHPHHHHPHHHHHHPPHHHPPHHHHHHHHPHPPPH
266,PHPHHPPHHPHPHPHHPHPHPPHHHPHPHPHHPPPPHHPPPPPPHPHPPHPPPHH
267,HHHHHHPPPHHPHHHHPHHPPHHHPPHPHHHHHHHHHHPPPHHHHHHPHHHHPPH
268,HPHHHHHPPPPPHPHPHPPHHHHHPHPHPHHPPPHPPHPHHPHHHPHHHPPHPHP
269,HHHHPHHPPHHPPPPHHPPPPPPHPHHPPHPPPPHHHHHHHHPPPPPHPHHHPHP
270,HHPPPHHHHHPPHHPHHPPHHHHPHPHPHPHPHHHHPHHPPPHHPHPPPPPPHPH
271,HHHPHHPHHPHHPPHHPHPHHHPHPPHPPHPHHPHHHHHPPHPPHHPPPPPHPPH
272,PHHHHHPPPHHHPPPHHPHHPHPHPHPPPHPPPHHHPHPPPHPHPHPPPHPPPHH
273,PPPPHHHPHPPHPPPPPHPPHHHPHHPPHHHHHPHPPPPPHPHPHHPHHPPHHHH
274,HPHPPHPHHHPPHHPHHPPPPPHPPHPPPHPPHHPHPHHPHPHPHPPHHHHHPPH
275,HPHPHHPHHPPHHHHPHPPHPPPPPPPHHPPHHPPPPPPHPPHPPPHHHPHPHHH
276,HPPHPHHHPPPHHPHHPHPHHHHHPPHPPHHPPPPHPPPHHHPPPHPPHPPPHPP
277,HPHPPPPHHHPHHHPHPHHHHPHHHHPPHPPHPPHPPHHPPHHPHHPPPPPHHHH
278,PPPHHPHHPHPHPHHPHPHPPHHPHHHPPPPHPPHPPHHHHHHPPPPPHPPHPPH
279,HHHPPHPPPHHPHPHHHPHHHHHPPPHPPHHPHPPPHHHHPPHPPHHHPHHPPHH
280,PPHHHHPHPPPPPPPPHHPPHHPHPHHHPHHHHPHHHPHHPPPHPHPHPHHPHPP
281,PPHHPPPHPPHPHPPHPHPPHHHPPPPPHPPHPPPPHHPHPPPHHPPPPHPHPPH
282,PPPHPHHPHPPHHHHHHHHPPHHHPPHPPHHPPPPPPPPHHHPPHHPPHPPPHHP
283,PHHHPHHHPPHHPHHHHPPPPHPPHPHPPPHPPPPPHPPPPHPHPHHHPHHHPPH
284,HPHPHHPHPHPHPPHHHPHHHHPPHPPHHPPPHPPPHHHHPHHHHHPPPHHPHHH
285,PPHPPHHHHPPHHHHHHHPPPHPHPHHPPPHHPPPPPPPHHPPHHHHHHHHHHPP
286,HPPPHPPPPPPPHPHPHPHHHPPPPHPHPPHPHHPPPPPHPHHPHHHHPPPHPHH
287,PPPHPPHPPHPHHPHPPPPPHHPPPHPHHHHHPHHPPPHPHHHHHHHHHPHPPPH
288,HHPPPPHPPHHHPHPHPPHHPHPPPPPPPPPPPHPPPPPHPPPHPPHPPPPHPHP
289,HPHPHHHPHHPHHHPPHPHPHHHPPHHHPHPHPHHPHPHHHPPHHPPPPPPPPPH
290,HHPPHPPPHHPPHPPHHHHPHHPHPPPPPHHHPHHHPPPPHPHPPPHPHHHHPPP
291,PPPPPPPHPPHPHPHHPPHPHHHHHPHHPPPHHHHHPPPHHHHPHPPPPPHHHHH
292,HPHHHPPHPHHPHPPHHHHHHHHPHHPHPPHPHHPHHHPHHHPHPHHHPPPHPPH
293,PPPHHPHHPPHPPHHHHHPHHPHHPHPHHPPPPPPHHHHHHPHPHHHPHPHHHPP
294,HPPPHHHHPHHPHPHPHPHPPHHPHPPHHHPHPPHPPHPHPHHHPHHHPHHPHPH
295,PHPHPPHHHPPPHHPPPHHPPPHPPHHPPPHPHPPPHHHHPPPHPHHHPHPHPHP
296,PPHHPPHPPPPPPHHHHPPPHHPHPPHHPPPHHPHPPHHHPPHHHHHHHPHHPPH
297,HPPHHPHPHPPHHHHPPHPHHHHPPPHPPPHPPHHPHPPPPPPHPPPHPPHHHHP
298,PHHPPHPPHPHHPHPHPHPPHPHHPHHPPPPPHHPPPHHPPPHPHPHHPPPHPHP
299,HHHPHHHPPHHHPPPPPPHHPPHHHPHPPHPHPHPPHHPHHPPPPHPPHPPPPPP
300,HPPHHPPHPPHHPPHPPPHHPPPHHHPPPHHHPPHHHHHPHHHHHHHPHPHHHPP
301,PHPPHPPPHPPHHHPHHHHPPHHHHPPPHPPPHHPHPPPPHHPPPPHPHPHPHHP
302,HHHPPHPPPPPPPPPPHHPPHHPPPPPHPHPPPHPHHPPPPHPPHPPPPPHHHPH
303,PHHHPPHHHHPPHPHHHPPHPHPHPHPHPHPPPPPPPPHHPHPHHHHHHPHPHPP
304,PPHPHPHHPHHHPPHPPPHPHPHPHHPPHPPPPHPPPPPPPHHHPPPHHHHHHHH
305,PPPPHHHHPHPPPHHHPHPHHHHHPHPHHHHHHPPPHPHHHHHHPPPHHPHPHPH
306,PHPPHHHPPPHPPPPPPHHPPHPPPHHPPHHHHPPHPPHPHPHPPHPPHPHHHPH
307,PHPPPHPHHHPPPPHPHPHHHPPHPHHHHPHPHHHHPHHPHHHHPHPHHHPPPHP
308,PPHHPPPHPPPHHHHPPHPHHPPHPHHPHPHPPPPPPHHPHPHHPPHHHHPPPPP
309,HPHPPHPPPHPHHPPHPPPPPPHHPPPHHHPPPHPHPHPHPPHHHHPPHPPPPPH
310,PHPHPPPHPHPPPHHPHPHPPHHHPHHHPPPHPPPHPPPHPPPPPPHHPHHPPPH
311,HHHPHHHPHHHPPPHHPHPPHHHHHPPPHHHPHPHHPHHPPPPPPHHPHPHPHPH
312,PPHHHPHPHPHPHHHPHHHHPHPHHHHHPPPHHHPHHPHHHHHPPHPHHHPHHPH
313,HHHPPHHHHPPPHHHHHPHHHPPHPPHHPPPHPPHPHPHPPPPPHHPHPPHHHHH
314,PHHHPHPHHHHPPPHPHPHHPHHHPPHHPPPPPHHPHPPPHPPPHHHPHPPHHPP
315,PPHPHHHPPPPHPPPHPPPPPHHHPHHPPHPHHHPPPPPPHHHHPHHPPHPPHHH
316,HPPPHPHPPPHPHPHPHHHHPPPHHHPHPHHHHPHHHHPPHPHHPHHPHHPPPPH
317,HHHPPPPHPPHHPHHPHHHHHPPPHPHHPHHPHPHPHPHPHPPPHPHHHHHPPPH
318,PPPPHHHPHHPPPPHHHPHPHPHPHHHPHPHHPPHHHHPHPPHPPPHPPPPHHPH
319,PHHHPPPPPHPPPHPHPPPPPHHPHPHHPPPPHPHPHPPHHHPHHPPHHHHPPHP
320,HHPHPPHHPPHHPPHPHHHPPHPHHPPPPPHHPHPPPPHPPPPPPHHPHPHHHPP
321,PHPHHHPPPHHHHHPHPPPHPPPHPHHHPPPHPPPHPHPPHPHPPHHPHPHHPHH
322,PPHPPPHPPHHHHPPHHHPPHHHHPHHHHHHHHHPPHPPPPPPHHPPHPPPHHPP
323,HHPHHPPHHHHHHHPHPPPHHHPPHHPHHHHHHHPPPPPHHHPPPPHPHPPPHPH
324,PPHPPHPPHHHHHHHHHHHHHHHPPHHPPPPPHPPHPPPPPHHHPPPPPHPPPPH
325,HHHPHPPHHPHPHPHPPPPHPPHHPPHPPPHHHHHPHHPHPHHPHPHPPHHPPPP
326,HHPHPHHHHHHHHHHPPHHPHHHHHPPHHPPHHHPPPPPHHHPPPPHHPHPPHHH
327,PPHHHHPPHPHPHHHPPPPHPHPHPPPHHHHPPPHHHHHPPPPHHHHHPPHPHHP
328,PPHHHPPHPPPHPHHHPHHHHHPHPPHPPHPHHPHPHHPHPPPHPHPPHHPHHPH
329,PHPPPHHPHHPPHHHPPPPPHPPHPHPPHHHHPPPPHPPHPPPPHPPPHHHHHPP
330,HHPPHHPHHPPPPHHPHHHPHHPHHPPHPPPPPHHHHPPHHPHPPPHPPPHPHHP
331,HPHHPPHHPHHPPHPHPPPPHPPPHHHHPPHPHHPPPHPHPHPHPPPHHHHHHPP
332,PHPPHHHHPPHPPHHPPPHHHPHPPHPPPHHHHPHPHHHHHHPHHPHPPHHHHPH
333,PHPHHPPHPPPPPPPPHPHPPPHHPHHHHPPPHHPPPPPHHPHPHPPPPHPHHHP
334,HPHPHPHHHPPHPPPHPHPPPHHHHPHPPPPPPPPPPHHPPHPHPPHPHHPPPPH
335,PHPHPPHPHHHHHHPPHHPHHPHHHPHPPPPPHPPPPPHPPPHHHHHHHHHPPHP
336,PPPHPPHPPPHPPHHHHHHPPPHHPHPHHPPPPHPHHHPPHHPPPPPHHHHPPPP
337,HPHHHHHPPPPHHPPPHPPPHPHPPHPPHPHPHPPPPPHHPPPPPHPPPHHHPPH
338,PPPPPHHHHPHPPPHHPPHHHPPHHHHPPHHPHHPHPHHHHPPHPPHHHPHPHHH
339,PPPPHHHPHPPHHHPPPHPHPPPHHPPPHPPPHHHHPPPHPPHHHPPPPHHHPPH
340,HPPHHPPPPHHPHHPHPPHPHPHPHHPHPPPPHHHPPHPHHHPHHPPPHHHPPHH
341,PHPHPHHPHHHHPHHPHHHPHHHHPHHPPPPHHHPPPPPPPPPHPHHHPPPHPHP
342,HHHPPPHHPPHPHPPPPHHPHPHPHPHHPPPPPPHPHPHPPHPHPHPPHPPPPHP
343,HHPHPHPPHPHHPPHHHPHHHHHPPPPPPPPHPPPPHPPPHPHPHPHHPHPPPHP
344,PPPHPPHPPPPHPHHPHHPPPHHPHHHPPHPPHPHPPHHHHHPHHPPHHPPHHHH
345,PPHHPHPPHPPPPPHPHPPHPHHHHPHHHPPPHHPPPPPPHPHPPPPPPPHPHHH
346,PPHHPPHHPPHHHPPPPPPPHPHPHPPHHPPHHHPPHPHHPHPPPHHPHHPHPHH
347,HPPHPPHPHHPPHPPPHHPPPPHPPPPHPPPHPHPPPHPPHPPHHHPHPHPHHHH
348,PPHHHPHPPHPPPHPPPPPHHPPHPHPPPPHPHPHPHHPHPHPHPPPPPHHPPHP
349,HPHPHHPPHPPHPHPHPHPHHHPPPHPPPHPHPPPPHPPHHPPHPHHPPHPHPPP
350,HPHHHHHHHPHHHPPHHPPHHHPPPPPPHPPHHPPPHPHPPHHHHPPPHHHPHHH
351,HPHPHHPHHHPPPPHHPHHPHHPHHHPHPPPPPHHPPHHPHHHHHHPPHHHHHHH
352,HPPPPPHHHPPPPPHHPPPHPPHPHHHHHPHHHPHHPHHHHPPHPHPPPPHHPPH
353,PPPHHHHHHPPPHPPPPHHHPHHHHPHHHPHHPPHHPPHPPHHHHHPPPPHHHPH
354,HHPHHPPPHHHHHHPHHHHHHPHHHHHPPPHHPHPHHHHHPPHHHHHHHPPPPPP
355,HHPHHHPHPPPHPPHPHPHPPHPPHPPHHPPHPHHPPPPHHPHPPPPHHPHHHPP
356,HPHPPPPPPHHPPHHHPHHHPHPHPHHPPHPPPHPHPHPHHHHHPPPPPPHPPPH
357,PPHPPHPPPPPPHHHHPPHPPHHPHPHPPHPHHPPHPHPPHPHHPHHHPPHPPPH
358,HPPPHHPPHHPPHHPPHHPPHHHPPHPHHHHPHPPHPPPPPPPHPHHHPHHPHHH
359,PPPPHPPPHHHHPPHPPHHHHHPPPPPHHPPPHHPPPHPHHHPHPHPHHHPPHPP
360,PHHPPHHPPPPPPPPHPHHHHHHHHPHHPHHHPPPPPHHPPPHHHHPPPPPPPHP
361,HPPPHPPHPHHHHHHHHPHHPPPHHHHHHPHHPPHHPPPPPHPHPHHPPPHPHHH
362,PHHPPPHHHPPPPPPPPHHHPHHPHHPHHHHHHHPHHPPHPPPPPPHHPHPPHPH
363,PHHPPHPHPHPHHHPHHPHPPPHPHPHHPHPPPPHPHHPPHHHHPHHHPPHHHPH
364,HHPHHHHHPHHHPHPPHPHHPPHHHPHPHPPHPPHHHHHPHPPHPHPHHPHHPHP
365,HHHPHPHHPHPPHPPPHHPHPHHPHHPHPHHHHHHHHPHHPHHPPPHPHPHPHPH
366,HHPHPPHPPHHHHHHHPHHPPHHHPHPPHPPPPPHPPHPPHHHPPHHHHHHHHPH
367,HHPPHPPPPHPPPHPHPPPPHHPPPHHHPHPPHHHHPPHPHHPHPPPHHHPHPPH
368,PPPPHPHHPHPPPHPPPHPPHHHPHPPPHPHHHPHPHPHPPHHPPPPPPPHHHPP
369,HPHPPHPHPPPHHPHPHHPHPPPHPHPPPHHPPPPHHHPHHPPHPPHPHPPPHPP
370,HPPPHHHPHPPHHPHHPHHPHHPPHPHPHHPPPHPPHPHHHHPPHHHHPHPPPPP
371,PPHPPHPPHHHHPPHPPHPHPPPHPPHHHHPPHPHHPPHPHHHPPPHHPPHPHPP
372,HPHPPHPHHPHHHHHHHHHPHPHPPHPPHPPPHPPPHHHPHHPPHPPPHHPPPHP
373,PPPHHPHHPPPHHHPPHPPHHPPPPPPHPPHPHPHHPPHPHPHPHPPHPHPPHPH
374,HHHHHPHHHHHHPPHHPPHHPPHPPHHHPPPPHHHPHPHPPHPPPHPHHHPPPPH
375,PHHHPHPHPHHPPHPPHHHHHHHHHHPPPPHPHHHPPPPHPPHPHPPPHHHPHPH
376,PHPPPPHHHPPHHPPPPHHPPHHPPHPPHPPPPHPPPHHPHPHPHHHHHPPPPHP
377,PPPHPPPPHPPHHPPHPHPHHPPPPPHHHPPPHPHHPHHHHPPPPHHPHHPPPPH
378,HHHPHPPHPHPPPHHPHHPPHPHHPHPHHPPPPHHPHPPHHPHPPHPHHPPPHHH
379,PHHHPPHPPPPPHHHPHPHHHHPHHPPHHPPPPPHHPPHPPHPHHHHHPHHHHPP
380,PHPPHHPHPPPPPPPPHPPHPHHHHPHHPPPPPPPPPPHHPHPHPPHPPPPPHPH
381,PPPPHHPHHHPPHHPHPPPPHPPPHPPPHHPPHHHPHPPHPHHHPHHHPHHPPPP
382,HPPPPHPPPPHPHHHPHHPPPPPHPHPPPHPHHHHHPHPPPPPHHPHHHPPHHPH
383,PPHHHPPHPHHHHPPPPPPHHPHPPPHHPPPPPHHPPHPHHPPPHHHPPHHPHHP
384,PHHHPPHPHHPPHPPHPHHHHHPPPPPHHHHHPHHPHPPPPHPHPPPHHHPHHHH
385,HPPHPPPPHPHHPHPHPPPPHPHPPPPPPPHHPHPHHHHPHPPPHPHPHPPHPPH
386,PHPPHPHPPHHHHHPPPHPHPPHHPHHPPPHHPHHHHHPHPHPPPPPPPHPPHHP
387,PHHPPPPPPPHPPPPHHHPPHPPPPHPPHHPHHPHPHHPPHPPHPHPHPPPPPHP
388,PPPPHPPPPPHHHHHHPPHHPHPHPPPPPPHPPHPPPHPPPHPHHPPPPHPHPHP
389,HHPPPPHHHHHPPPPHHPPPHPPHHHHPPHHPHHPPHHPHPPPHPPHHHPHHPHH
390,HPPHHPPHPHHHHHHHPHPHPHHPHHPPHPHPPHPPHPHHHPPPPHPPPHPHHHP
391,PPHPPHHPHPPPHPHHHHHPHHPHHHHHHHHPPHPHPHHPPHPHHHHPHPPHPPP
392,PHHPPHHPHHPHHPHPHHHPHPHPPPPHPPHPHHPPHHHHHPPHHPPHPHHPPPH
393,PHHHPPHHHPHHHHPPPPHHPHHPHHPHHPPHHHPPHPPPHHPPPPPPHHPPHPP
394,PPHPPPPHHPHPPHPPHHHHPHHPHPPHHPPHHHPHPHHPPHHPPPHPHPHPHHH
395,PPPHHPPPPHPPPHPPPHPPHPPHPHHHHPHHPHHHPHPPPPHPHHPPHHHHPPP
396,PPHPHPPHHHHHPHHHPPHPHPPHHPHPHPPPPPPHPPPPPHHPPPHHPPPHHHP
397,HHHHHPPHHHHHPPPHHHPHHHPHPHHPHHHHPHPHHHHPHHHPPPHHPHPHHPP
398,PHHHPPPHPHPPPHHPHPHPPPHHHHHHPPHHPHPPPPPPPHHHPPHHPHHHHHH
399,PHHPHHPHHPPHHHPHPHHPPPPPPHPPPPPHPHHHPPHPPHHHHPPPHHHPPPP
400,HPPHPPPHPPHHHHPHPPPPPHHPHHPHPPHHPPHHHPHPHHHPHHHHPPPPPPH
401,HPPPPPPHHHHPPHHHHHPPPPPPPHHPHHHHPHPHPHHPHPPPHPHPPHPHPHP
402,HPPPPPPHPHPPHPPPPHHHHHHHPPPPPHPHHHPPPHHHPPPPPHHHHHPHHPH
403,HPPPHPHPPPHPPHPPPPPHPHHPHPHPHHHPPPHHHHHHHHHPHPHPPPHHPPH
404,HHPPHPHPHPHPPHHHHPHPPPPHPPHHHHPPPHPHHHHPPHHPHHPPHHPHHPH
405,HHHHHHHHPPPHPHPHPPHHHHHHPPPHPHHHHPPHPPPHHPHHPPHPHPHPHPH
406,PHPPHPHPPPHPPHPPPPHPHPHPHHPHPPHHPHHHPHPHHPPPHHPHHPPPPHP
407,HHPPPPHHHHHHPPHPHHHHPHPPHPHPHHHPPHHHPPPHHHPHPPPPHPPHHPH
408,HHPHPPPHHPHHPPPHPHPPHHPHPPHPPHHHHPHPPHHPHPHHPHPHHPHHPHP
409,PHPPPHPPPPHHHHHHHHPHHPPHPPHHPHPHPPPHHPHPPPPPPPPPPPHPPHH
410,HPPPHHPPPPHHHPHPHPHPHPHPPPHHPHPHPHPPPPPHPPPPPHHPPHHPHPH
411,HHHHHPPPHPHPHPHPHHHHPPPHPHHPHPHHHPPHPPPHPHHPHHPHHPHPPPH
412,HPPHPHPPPHPHHPPHHPHPPPPHPHPHPPHPHPHPPHHHHPHHHPHPHHPPPPH
413,HHPPHPHPHHHPPHHPHHPPHHHPPPHHPPPHPHPHHPHPHHPHHHPPHHPPPPP
414,PHHHPHHPHPPPHPPHHHPPPHPHHPHHHHHPHPHHPHHPPPPHPHHHPHHPHPH
415,HHHPPPHPHHPHHHPPPPHPHPPHPPHPHPPPHPPHHHPHPPPPPHPPHHPPHHH
416,PHHHPPHHHHHHPHPHPPPPHPPPPHPPPHHPHHPPHPHPHHHPHHPHHHHHHPH
417,HPPPHPPPPPPHHPPPPPHHHHHPPHPHHPPPHPHHHHPHPPHHHPPHPHPHPPH
418,PPPPHHHPHHHHPPPHPHHHPPPPHPHHPPHHHHPHPHHPPHPPHPPPPHHHHPH
419,PHPHHHPPHHPPPHHHHPPPPHHHPHHPPHPPHHPHPHHPHHHHPPPPHHHHPPP
420,HPPHPPHPHHPHHPHPHHHHHPPPHHHHPHPHPPPHHHHHPPPPHPHPHPHPHPH
421,PHPHHPHPPHPHPPPPHPPHHHHPHHHHHPPPPPPHHPHPPHPPPHPHPHHPHPP
422,PPPHHHPHPHHPHHHPPHPHPPHPPHHPPHHHPHPHHPHHPHPPHHHPPPPPPPP
423,HPPPHHPHHPHPHHPHPPPHPPPPHHPHPPPHPPHHHPPHHHHPHPPHHPPHPHP
424,PHPHPHHPHPHHHPHHHHHHPPHPHHHPPHPPPPHHHPPHPHHHPHHPHPHPHHP
425,HHHPPHPHHHHHHHPPPHPHPHPPPHPHPPHPPHPPHHPPHHPHPPPPHPHPHHP
426,PPPPPHPPHPHHPPPPHPHPPHHHPHHPHPPPPPHHHHHHPHHHHHHPHPPHHHP
427,PPPHPPPPPPPPHHHHHHHHPPHHHPHPHHPPHHPPHHPHPHPHPPHHHHHPPPH
428,HPHPPPHHHHPHPHHHPPHPHPHPPHHPHPHHPHPHHPHHHPPHPHHPHPHHHPH
429,HHPHPPPPHHPPPPPPPPHPHPHHHHPHPHPHPHHHPPHPPPHPPPPPHHPPHHP
430,PPPPHPHHHPPHPPPPPHPHHPHHPHPHHHHHHHHHPHPHHPPPHHPPHHHPHHH
431,PHPPHHHPHHHPPPPPPHPPHHHPHHHPHPHHPHHPPPHHHPPPPHHPHPPPPHP
432,HPHPHPHHHPHPHPHHPHPPHHHPHPHPHHHHHPPHPPPPHPHHHPPPHPPPPPH
433,HPPHPPHHPHPPHHHHHHHPHPHHPPPPPPPHPPHHHHHPPHHPHHHHHHPHPHH
434,HHHPPPPPPHPPPHHHHHPHPPHPHPHPHHHHHHPPPHHPPHPPPPPHPHPPPHH
435,PPHPPPPHPHHPHPHHHHHHHHPPHHHPHPHHPHPHHPPPHPPHPPHPHHHPHHH
436,HHHHHPHPHHHHPPHHHHHHHPPPHPHPPPPHPHPPPPHHPPPPPHHHPHHHHHH
437,HPHPHHPPHPHHHPPHPHPHHHHPHHPPPPHHHPPPHPHHPPHHPHPPPHHPPHH
438,HHPHPPPHHPPPHHHHHHHPHHHPHPHPPPHPHHPPHHPHHPPHHHHPHPHPPHH
439,PPHPHHHPHHHHPHPPHHPPHHPHHPHPPPPHPHPHHHHHHPPPPHPPHPHPHHP
440,PPPPPPPPHPPPPPPPPPPPPPHPPHPPPHHPHPPPHPHHPPHPPPPHHPPHHPP
441,PHPHPPHHPHPPHHPHHHPHPPPHHHPHHHPPPHHPPHPHHHHPHPHHHPHPHPP
442,PPHPPHHHPHPPHHHPHHPPHPHHPPPHHHHHPHHPPPHPHPHPHHHHPHHHHPH
443,HHHPPHPPPHPHHPPPHHHHPPPPPHPPHPHHHHPHHHPHHHPPPHPHPPHHPPP
444,PHPHPPPPPHPPPPPHPPHPPHPHHPHPHPHPPPHHPPPPHPHPHHHPPHHHHPP
445,PHPHHHHHPPPPPPHPHPHHPHHHPPPPHHHHHPPHPHPHPPHHHPPHPHPHHHH
446,PHHPPPPPHHHHPPPPPHPPHPPPPPHPHPHHHHHHHPHPPPHHHPHHHHPHHHP
447,HHHHHHHHPPHPPHHPPHHHHHPHHPHHPHPPHHHHHHPHHHHPHHHHHHPPHPP
448,PHPPPPPHPHHHPHHHPPHPPPHHPPHHHHHHPHPHHPHPPPHPHPHPHHHHPPH
449,PHPPHHPHHPPHPHHPPHHPHHPHHPPHHHPPHPPHHHHHPPHPHHHHPHHHPHH
450,PPPHPPHHHPPPPPHPHHHHHPPHPPHHHHPPPHPPHPHPHHHPPHHHPPHPHPP
451,HHHPHPPHHHPHPHPPHHHPPPHHHPPHHPPHHHHPPHHPHHHPPPPPPHPPPPP
452,PPHPHPPPPPHHPHPPHHHHPHHPHHPPHHPHHHHHHHPHHHPPHPHPHPHPHHP
453,HHHPPHHPPHPPPHPPHHPPPHHPPPHHHHHPPHHPPHPPPHHPPHPPHPHHHPH
454,HHHPPHHPHHHPHPPHPHHHPHPPPHHHPHHHPHPHHPPHHPHPPHPPHPHHPPP
455,PHPHPHHHPPPHHHPPHPHPPPPHPHPPHPHHPPHHHPPPHPHPPPPHHPHHPPP
456,PHPHPHHHPHPPPHPPPPHHHPPPPPPHHHHPPPPPHPHHHPHPHHPHHHPHHHH
457,PHHHPPHPHHHHPHPHHHHHHPHHHHPPHHPPPPHHHPHHHHHHPPHHHPPPPPP
458,HPHPPHPPPPHPPHPHPPPPPHPHPPPPHPPPPHPHHPPPPPPHPPHPPPHPPHH
459,HHHHPHHPPHHHPPHPHHPPHPHPHHPPHHPHPPHHHHPPPPHHPPHPPHHHPHH
460,HHHHHPHPHPPHPPPPPHHHHHPHHPHPPHPHPPHPHHPHHHPPPHPHPPPHHHP
461,HHHPHHPPPPHPPHHHPPPPPHHHHHPHHPPPPHPPHHPHPHPPPHPPHPPPPPP
462,HPPHPPPPHPPPPPPHPHHHPHPPPHPPHHHPPHPPHHHHPHHHPHHPPHPHPHP
463,HPPHPPHPPHHHPHPHHPHHPHPPHPPHPPHPHHPHPPPPPHHPPHPPHHPPHPH
464,PPPHHHHPHPHPHHPHPHHHPHPHHHPHHHPPHHPPHPPHHPPPPPPPHPHPPHP
465,PHHPPPPHHPPPPHPHHHHHPPHHPPPPHHPPHPPHPPHPHPPPPPHPPHHPHPP
466,PHHHPHPHHPPHPPPHPHPHPHPHPHPHHPPHHHHHPPHPHPPPPPPHHPHHHPH
467,PPHHPHHHHPHPPHPPPPHPPPPHHHPHPPHHPHHPHPPHPHPPHHPPPPHHHHP
468,PHHHPPHPHPPHPHHHPPPHHPHPPPPHHPHPPHHPPPPPHPHHHHHHHHPHPPH
469,HHPPHPHPHHPPHPHHHHHPPPPHHHPPPPHHHPHHPPHHPPHPPHHPPHHHPHP
470,PPPHHPPPHHHHPPPPHHHPHPPPPHPHPPHPHPPPPHHHPPPHPHHPPHPHHPH
471,PHPHPPPPHHPPHHPPHHHPHHHPPPPHPHPPPPPHHHHHHPPPHHHPHHHHHHP
472,HPPHPPPHPPHPPHHHHHPHHHPPPPPPHHHPHHHPPHPPPHHPPPPHHPPHHHH
473,PHPPHHHHHPHPPPPPHPPHHHPPPPHHPHPPHPHHPPPPPPHHPHPHPPPPPPH
474,HPHHPHPPPHPPHHHHHPHPHHPHHHHHHHHHHHHPHHHPHPHHHHHHHPPHPHH
475,PHPHHHHHPPHHPHPPPPPHHPHPHHPHPPPHPPPPPHPHPHPPHHHPPHPPPHP
476,PHPPHPPHHPHHHPPHHHPHPPHPPPHHPHPHHHPHPHHPHHHPHPHPHPPPHHH
477,HHPPPPPHPHHPPHPHHHHHPHHPPPHPHPHHHPPPPPPHHHHPPHPHPPHHPHH
478,PHHPPPPPPHHPPPPHPHHPPHPPHPHHPHHPPPPPHPPPHHHPHPHHHHHPPHH
479,HPPHHHHHPHPPPPHPPPHHPPPHHHPPPPPPPHPPHHPPHHPPPHPPPHHHHHH
480,PPHPPPHPPPHHPPHHHHPHHPPPPHPPHHPHPPHPPPPHHPHPPPPHHPPPPPP
481,PPPPHPHPPPPHHPPHHHPPPPHHPHHHPPPPHPPPHPPPHPPHHHPHHHHPPPP
482,HHPPPPHHPPPHHPPPHPHPHHHPHHPHHPPPPHPPPHHPPHPHHPHPPHPHPPP
483,PPPPHHPPHPPHPHHPPHPPPPPPPPHPPHHHHPHPPPPPPPHHPPHHPHPPHHP
484,HHPPPHHPHHHHPPPHPPPHHPHPHHPPHHHHPPHHPHPPPPPPHHHPPHPPHHP
485,HHPHPPHHHHPHPHPHPPPHHPHPHHPPPHPPPPPHHHPPHPHHPHPPPHPHHHH
486,PHPHHPHHHHPHPPHPHPHPPPHHHHHHPPHHHPPPPHPPPHPHHHHHPPHPPPP
487,HHPHPPPPPPPHPPPPPHPPPPHHHPPPHPPPHHPPHPHPHHHHPHPPHPPPPHP
488,PHPPPPHHHPHPHPPHHHHPPHHPPPPHPPPHPPHPHHHPPHHPPHHHHPPPPPP
489,HPHPHPPHPPHPPPPHPHHHHPHHPHPHHHHHHPPHPPPHPHHHHPPPPPHPPHH
490,HHHHPPPPPHHPPHPHPHHHHPHPHPPPHPPHHHPHPHPHHHPHHHPPHHHHHPH
491,HPPPPPHPHHHHPHPHPPPHHHHPPPHPHPHHPHPPPHHHPPPPHHPPPPHPPPP
492,HPPHPPHHHHHPPHPPHHPHHHHPHHPHHHHPPPHHHPPHHHHPPPPPHPHPPPH
493,PPPHPHPHPHHHPPHPHPHPPHPHPPHHPHHPPPPPPHPPPPPHHHPPHPHHHHP
494,HHPPPPPHPPPPHHPPHPPPHHHHPPHPPPPPPHPHHPHPHHPPPHPPPPPPHPP
495,PHPHHPPPPPPHHHPHPPPHHHPHPPPPHHHPPPHHHPHHPPPPHPHHPPPHPHH
496,PHHHHPPPPPHPPHHHHHHPHPHPPHPHPPHHHHHHHHHPPPPPPHHHPHPHPPH
497,PPPHHHPPPPHHPHHHPPPHPPHHHHHHPPHHHHPHPPPPHPHHHPPPPHHHHPH
498,PPHPPPPHHPHPHHHHHPPHPHHHHPHHHPPPPHHHHHPHPHPHHPHHHHHHHPP
499,PHPHHPHHPHHHHPHPHPHPPPPPHPHHHPPPPPHPPPHHHHHPPHPHHHPPPHP
500,HHHHHPPPHPPPHHPPPPHHHPHPPPPPHPPHHHHPHHPHHHHHPHPHHHHHPHH
501,HHPHHPPPPHHPHPPPPPPHHPPPPPHHPHPHPHHHHPHPHPPPPPPPPPPHHHP
502,PPPPHHHPHPPPHPHPHPPHPPPHHPPHHPHHPHHHPHPHPHPPHHPHPPHPHHH
503,HPPPHHHPHHHPHPPPHPPHPPHHPPPHPPHHPHHHPPHPPHHPHPPPHPHHPHH
504,PHPPHPHHHHPHPHHHHPPPPPHHPPPPPPHPPHHPHHHPPHPPPHHPPHHHHPP
505,HHPHHPHPPHHHHHPPPHPHPPHPPHHHHPPHPPPPHPPHHPPHPHPPPHHPHPH
506,PPHHPPPPHPHHHPHHHHHPHHPPHPHHHPPPPPHHHPHPPHPPHHHPHHPPHPH
507,HHPPHPHPPHPPPPHHHHHPHHHHPPHHHPHHHPPHPPPHHPPHHHPHPPHPHPH
508,HPPPPPPPHHHHPPPHHHHPHPHHHHPHPPHPPPHPPPPPHHHHHHPPPPPHHPH
509,HHPHPHHPPHHHHPPPHHPPHHPPHPPHHHPHPHPPPPPPHHPPHPHPPPPHPHP
510,PHPHPHPPPPHHHPPPHHPPPPHPPPPPHPHHHPHPHHPHHHPPHHPPHPHHHPH
511,HPHHPHHPHPPHPPHPPPPPHHHHPHPPPPHPPHPHHPHHHHPPPHPHPPHPHHP
512,HHPPPHPHPPPHHPPPHHHPHHHHPHPHPPHPPHHHHPHPHPHHPPPHPPPPHHH
513,PHPHHHHHPHPHPPHPPPHHPHPPPPHHPPPPPHPHPHHPPHPPHHHHPHHPHHP
514,PPHHHHHHHPHPHHPHPPHPPPPHPPHHPPHHHHHPHHHHHPPHPPPPPHPPHHP
515,PPPHHPPHPPPPHHPHPHHPPHPHPPPPPPHHPHHHPHHHHPHHHPPHHHHPHPH
516,PPHHHHPHPHPHHHHPPPPPPHHPPPHHPPHPPPHHPHHPPHPPHPPPHHHPHHP
517,HHPPPHPHHHPPPPPPPHHHHPPPPHHHPPHHHPHHPPHHPPPHHPHHHPHHPHH
518,PPPPHPPHHPPPPPPHPPHPPPPHHPHPHHHPPPPHHHPHHHPHHPPPPPPPHPP
519,PHPPHHPHPPPPPHPPPHHPHHHPHHPHHHHPHPHHHHHPHPPHPHHPHPHHHHH
520,PHHHHHPPPHHPHPHHPPPPPPPHHHHHPHHPHHHPPHHHHHPPPHPPPPHHHHP
521,HPPHHHPPPPPPHHPHPPHPPPPHHPPHHHHHPPPHPHHPPHHHHPHPHPHHPHH
522,HHHHHPHPHPPHHHHPHPHPPHPHPHHHPPHPHPPHPHPPPHHPHPHPHHPPHHH
523,HHPHHHHHPPHPHPHPHPPPHHPPPPHHPPPHHHPHPHHHHHHHHPPHPHHHPPH
524,HHHPPPHPPPHPHHHHHPHHHPHHPPPHPHPHPHPHPHHPHPHHPHPPPHPPPHP
525,HPPPHHHHHPHHPPPPHPHPPHHPHHPPPPHHHHPPPPPHPHPHPPHHPHHPPHH
526,HHHPPHPPHHHPHHHPPPHHPPHHPPHPPPHHHPPHHHHPPHPHPHHPHHHPHHP
527,HPHHHPHHHHPHHPPPPHHPPHPHHPPHHPHPHHPPPHHPHHPPPHHHHHHPHPH
528,PHPPPPHHPHPPHHPPHHHPHPHHHPHHHHHHHHPPHPPHPPPPPPPHHPHPHPP
529,PPHPPHHPHPHHHHPPHPPPHHPPHHHPHPHHPPHPHHPPHHHHHPHHHPHPPPH
530,PHHPPHHHPPPHHHPHPHHPPHPHHHPPHPHHHHPPPHPPPHPPHHPPPPPHPPP
531,HPPPPPHPHHHPPHPPHPHPHHHPPHHHHHPPHPHPPHPHHHPPHHPHPPPPPHH
532,HPHPPHHHHPPHPPHHHPHHHPPPHHHHHHHHHHPPPHPPHHPPPPHPHHPHPHP
533,HPPPHPHHPHPPHHHPPHHPPHPPPHHHPPPHHPPHHPHHPHPPPPHHHPPHHPH
534,HHHPHPHPHHHHPHHPHPHPPHPPHPPPPPHPHPPPPPPHPPHHPHHHHHPPPPH
535,PHHHPHPPHPHPHPHPPPHPHPHHHPHPHPHHHPHHHPHPHPHHHPPPPPPPHHH
536,PHPHHHPHPPPPHHHHHPPPPHPPHPPHHHHPPHPHHHHHPHHHPPPHHHHPHHP
537,HPPPHPPPPPPHPPHHHPPHHHHHPPHHHPPPHPHHPPPPPPPPHPPPHHHPHPH
538,HHHHPPPHPHHPHPHHPHHHHHPHPPHPHHHPPHPHPPPPHPHHPPPPPHPHPHP
539,PHPPHHHPPPPPPHPHPHHPHHPPPPPHPPHHHHHHHPPPHPHHHHPHHPPHHPP
540,PHHPHHPHPPHPPHPPPHHHHPHPHPHPPHHPPHHHPHPHPPPPPHPPPPHHHHH
541,PHPPPPPPHHHPHPPPPHHHHPPHPHPPHPPPHPHHPPPHHPPHHHHHHHPPHPH
542,HHHHPHPPHHPHPPHHPPHHPPPHPPPHHPHPPPPPPHHPPPHHPHHHPHPHHPH
543,PPPPPHHHHPPPPHHPHHHPHPPPPHHPHHHHHHHHHPHPPHHHHPHPHPHHPPH
544,PHHPHPPHPPPPPPHHPHHHHHHPPHPPPPHHHPHHPHPHHHPHHHPHPHPPHPP
545,PHPHHPPHHHPPHPHPPPHHHHPPHHHHPHPPHHPHPHPHHHHPPPPPHPPPHHH
546,HHHHPHHPHHPPPHHPHHPPPPPPHPHHHHPPPHPHHHHHPPHPHHPPPPPHHPH
547,PPHPHHHHHPHHPHHPPPPHPPPPHHPPPPHHHHHPHPPHHPHPHHPPPPPHPHP
548,HPHHPHPPHHHPHPPPPHPHPHPPHPHHHHHPHPPHPPHPHPHPPPPPHHPPPPP
549,HPPPHHHHHHPPHHHPPHHHPHPPPHHHHPPHPPPPPPPPPHPHHHPPPHPPHPP
550,HPHHPPPPPPPHHHHPPHPPPHHPPHHHPHPHHPHPHPPPPHHPHPPHHHHPPPP
551,PHHPPHPHPPHHPPHHHHPHPPHPPHPPPPHHPHPHPPPPPHHHPHPPHPHHHHH
552,HPPPPHHPHPHPPHHPHHHPHHPHHHHHHHHPHPHPHPPPPPHHPPPPPHPPHPH
553,HPHPPPHPPPPPPHPPPHHPPPHHPPPHHPPHPHHPPPPPHHPPHPHPPPHHHPH
554,HPPPPPPHPPHHHPHHHHHPPHHPPPPHPHHHHPHPHPPHPHHHHPHHPHPHPPP
555,HHHPHPHHHHHHPPHHHPPPHPPPPHPHPHPHPHPPHHPPPPHPHPPPPHPPPHP
556,PHHPHPPHPPPPHHPPHHPHPHHPHPHHPHPPHPHHPPHHHHPHHHPPPHHPPHH
557,PPPPHHPPPPHHHHPHHHPHPHHPHHPHHHPHHHHHHHPPPHPPPHPPHHHPPPH
558,HHPPPHHHHHHHPPHHPPHHPHHPHPPPPPPPPPPPHPHPPPPHPHPPHPHPPPH
559,HPPHHPPHHPHHPPHHHPHHPHHPHHHHHPPHHHPHPHPPHPHPHHPHPHHPPHH
560,PHPPPHPPPHPPPHPHHPHHHHPPHPHHPPHPPPPHPHPPHHHHHHHHPPHPHHP
561,HHHPHHHPPPHPHHPHPHPHHHPPHPHHHHHHHHPPPPPHHPHHHHPPHHPPHPH
562,HHHHHPHHPPPHHPHHHPHHHHPHHHPPPHPHHPPHHPPPHPPPPPPHPPHPPHH
563,HPPPPHHHPPHHHHHHPPPPHPPHHPPHHPHPHHPPPPPPHPHPPHPHPPHPHPH
564,HPHHPHHPPHPHPHHPHPHPPPHPHHHPPHPPPPHHPHHHHHHPHHPHPHPPHPH
565,HPHHPHPHHPPHPHPHPPPHHPHPHHPPPPHPPHPHPPPHHPHHPHPHHHPPHHH
566,HPHPPHPHPPPPPHPPHHPPPHPPPHHHPHHPPPHPHPPHHPHHHHPHHHHHPHP
567,PHHPPPPHHPHPPHPPHHHPHPHHPPHHPPHHPPPHPPPHHHHHPPHHHPHHHHH
568,HHPHPPPHHPPPPHHHPPHPHPHHPHHHPHHPPHHHPHPPPPHPHHPPHHHPPPP
569,PHHPPPHHHPHHPHHHPHPHHHPPPPPPHPHHHHHHHPPHHHPHPHPHPPHPHHP
570,HHHPHPPHPHPPHPHPHHHHHPHPPPPHPHHPHHPHPPPPHPPPHHPPPPHPHHP
571,HHHPPHPHPHHPHPPHPPHPPHHHPHHPHPPPPHHHPPPPPHHHPHPHHPPPHHH
572,PPHHHHPHPHPPPHPPPHPPPPHPPHPPPHHHHHHHHHPPHHHHPPPPHPHPPPH
573,HPPHHHHPHHHPHPPPHPPHHPHPPHHHHPHHHPPPPHPHHHPHPHPPPHPHPPP
574,HHHHPHPHHHPPPPHHPHHPHHPHHHHPHPPHHPPPHHHHHHHHPPPHHHPPPPH
575,HPPPPHPHPPHHHHPPHHPHPPPPPPHHPHHPPHPPHHHPPHPPHHPHPHPHPPH
576,HPPHPPHPPHPPHPHHHHHHPHPHHPPPPPHPPPPPHPPPPPHPPHHPPPHPHPP
577,HPPHHPHPHHHHHHPHHHPHPPPHHPHPHPHPHPPPHPPHPHHPPHPPPHHHHPP
578,HHPPHHHPPPHPPPPHPHHPPPHPPPHPPPHPPHPPPPPHHHPPHPHPHPPPPPH
579,PPPPHHHHHPPHPPPPHPPHPPHPHHHPHHHPPHHPPHPPPPHPHHHHPPPHHPH
580,PPHPHHHPHPPPPPPHHPHPHHHPHPHPHPHHHHPHPPPHPHPPPPPHPPPPPHP
581,HPPPHHPHHPHHPPHPHHPHPPPPPPHHPPHPHHHPHHHHHHHHHHHPHHPPHPH
582,PHHHPHHHPPPHPPPPHPHPHPPPHHHPPHHHHPPPPHHHHHHPPHHHHPPPHHP
583,HHPPHHPHPHPHPHPPHHHPHHHPHPPHHHPPPPHHPPHPPPHPPPPHHHHPHHH
584,HHPHPHHHPHHPHPPHHPHPPPHPHHHHPHHHHHHPPHPPPHHHPHPPPPPPHPP
585,PHPHHPHPPHHPHPHHPPHPHHHPHHPPHPPHPHPHPPHHHPHHHPHHHHPHPPH
586,HPPHHPHPPPPPHHHPPHPPPHHPHPHPHPHPPHPHPPHHHHPPHPHPPPHPHPP
587,PPPHHHPHPHPPPHHHHHPPHHHPPHHHPPPHHPHHPHPHPHHHHPHHHHHPPPH
588,HHHPPPPPHPPPPPHHHPHHPPHPHPPHHHHPHPPHPHPPHPPPHHPPPPPHPHP
589,PPHHPHHPPHPHPHPHHHPPHPHHHHPHHHPHPHHHPHHPHHPHHPHPHPPPPHP
590,PHPPPHHHHPHPPHPPHHPPHHPHPPPHPPHPHHHHHHPPHPPHPPPPPHPPPPH
591,HHHPPPHPHPHHHHHPHHHPPHHHHHPPPHHPHPHHHHPHPHPHHHHPHPPPHHP
592,PPPHHPHPPPHPHPPPPPHHPPHHPHHPPPPPPHHPHHHHHHHPPHPHHPPHPHP
593,HHHHHPPHPHPHPPPHHPPPHPHPHHPPHPPPPHHPHHHPHPHPHPPPHHPHPPP
594,PHHHHPHHPHHPHHHPHPHPPHPPPHPPPPPHHHPPPPPHHPPPPHHHHHHPHHH
595,PPPPHPPPPHPHPPPPPHHPPHHPPPPPHHPPHHPPHHHPPHHPPHPPHPPPPPP
596,HHPHPHHHHPHPHHPHHPPPHHPHPPHPPPPPPPPPPPHHPPHPHHPPPHPHHPH
597,PPHHHPPHPPHHHHHHPPHPPPHHHPHPPHHHPHHPPHHHPPHPPHHPPPPPHHH
598,PHHHHPHPHHPHPHPPHHPPHPPHHPPPHPHHPPPHHHPPPPHHPHHHPHHHPPH
599,HHHHHHPPHPHPHPPHPPPHPPHPPPHPPHHPHPPHPHPPHPPPHHPHPPPHPPH
600,PPPHPPPHPHPHPHHHPPPHHPPPPHHPHPHHPPHHPPPPHHHPPHHPHHHHPPH
601,HPHHHHHHHHPPHHHHHHPHPPPPPHPPHPPPHPPPPHHPHHPHHPPHHPHHPPH
602,HPPHPPHHPPHPHHPPHHPHPPHHPHHPPHHHHHHPHPHPPPPPHPHPPHPHHPH
603,HHHHHHPHHHPHHPHHPHPHPHPPHHPHHHHHPPPHHHHHPHHHHHPHHPPHPHP
604,HPHHPHPPPPPHPPHHHPHHPHPHHHPHPHPHPPHHHPPPHHPHPHPHHHPPHPP
605,PPPHHPHHPPHHHHHHHPPHHPHPHPHHPHHPHHHHPPPPPHHPHPPPHHPHHHH
606,HPHPHPHPPHPHHHHPHPHPPPPHHHHHHHPPHPHHPPPHHHHHPHPHHPHPHHP
607,PPPPHHPHPHPHHHHHHPHPHHPHPPHPHHHHPPPPPHPPPHHPHPPPHPHHHPH
608,PHPPPPPHHPHHPPHPPHHHHPPPPHHHHPPPPHPHHPHPHPHHHHHPHHPHHHH
609,HPHPPPHHPPHHHPHPHHHHPHPHPPHHPPHHPHHPHPPPHHPHHPHPPHHPPPH
610,PPPHHHPHHHPPPHPHPHPHPHPPHHHPPHPHHHHHPHHPHPHHHHHPPHPHHPP
611,PHPPHPPPPHPPPHPPPHHHHHPHHPHHPPPPHHPPPHHPPHHHHPPPPPHPHPH
612,HHHPHPHHHPHHPHPHHPHPPHHPPHHPPHHHPPHPHHHHHHPHPPHPHPHHHHH
613,PHPHHHPHHHHPPPPHPHPHPPHHPPPPHHHPPHPPPPHPHHPHHHPHHHPPHHP
614,PPHPPHHPHPPPHHHPHPPPPHHPHPPPPHPPPHHHPHHHHHPHHHHHHPHHHHH
615,HPPHHHPPPPPHPPPPHHHHPPHPPHHPHHPHHPHHPHHPHHHHHHPHHPPHHHP
616,PPHHPHPPHHPHPHHHHHPPHHHHPHPPPPPPHPHHHHHPHPPPHPHPHPHHPHP
617,PPPHPHPPHPHHPHPHHHHHHHPPHHHPPPPHHPPPHHPHPPPPHHHPPHPPPHH
618,PPHHHPHPHPHPHPHHHHPPPHPHPHHPPPHPPHHHPPPHHHPHHPHPHPHHPHH
619,HHHHPHPPPHPPPHHHPPHPPHPHHPPHPPHPHHHPPHHPPHHPPHPHHPHHPHH
620,HHPHPHPHPPPHHPPPPHPPHHHPPPHPHHPHPPPHPHHPHHHHPHHPPHHPHHH
621,PHHHHPHPHPHPHPPHPHHHPPHHPPHPHPHHHPHHHPPHPPHHPPPHPHPPHHP
622,HPPPPPPHPHHPPPHPPHHHHHPHPHPHHPHPPHHHPHPPHPPPPPHPHPPPHPH
623,HPPHHPPHHHHHHPHPPPPPHHPPHPPHPPPPHPHHHHPPHPPPHPPPHPHPHPP
624,PHHPPHHPHPPPHHPHPPHHPHHHHHHHPHPHHPPHPPHHPPHPHHPPHHHPPHP
625,PHHHPPPHHPPPPPHPPPPPPHHPPPPPHHHPPHPPHHPPHHHHPPHHHHPHPHP
626,PPHPPPPPPPPPHHHPPHHHHPHPPPPHPHPHPPHHPPPHHHHHPHPPHHHHPPP
627,PHPHHHHPHHHPPPPPHHPPHHPPPPHHPHPHHPHPHPPHPHHHHPPHPPPPPPP
628,HHPHHPPPHPPPHPPHPPHHHHPHPPPHPHPPPHPPPHPHPPHPHPPPPPHPHPP
629,PHHHPHHHPHPPPPPHHHPPHHPHPPPPPPPPHPHPPPPPPHPPPPHHHHHPPPP
630,HHHHPPHPPPPPHHPPHPHHPHHPHPPHPPHHHPHPHPPHHHPHPHPHPPHHHPP
631,HPPHPPPPHPHHHHHPHHPHPHHPPPPHHHHPPHPPPPHHHPHHPHPPHPPPPPP
632,PHPHPPPHHPHHHPHPPPHHPHHHHPHHPPPPHPPHPPPPHPPPHPPPHPPHHPH
633,PPPPHPPHHPHHPPHHHHHPHPHPPHPHHHHHPHPHHPPPPHPPHPPHPHPPPPP
634,HHPPHHHHPPHHHHHPHHHPHHPHPHHHPPPHPPPHHPPHHPHPHPHHPPPHHHH
635,HHHHPPPPHHPHPHHHHHPPHPPPPHPHHPPPHHPHHPPPHHHPHPPPPPHPPHH
636,PPPHPHHPHPHPHHPHPPHPHHPHPPHPHPPHPHPPHHHPHPHHPPPHPHPHPPH
637,PHPHHHHHPPHHHPHPHHPHHPHHPHHHPHPPHHHPPPHPHHPHHPHPPPPHHPH
638,PPPPPPHHPHPHHPHPPHPHHHHPHPPHHHPHPPPHHPHHHHPPPHHHHPHHPPH
639,PHHHHPPPPPPHHPHPPPHHPHHPHPPPHHPHPHHPHHPPPHPPPHHPHHPPHHP
640,HPHPHHPHPPHPPPHPHHHPHHHHHPHPHHHPHHHHPPHHPPHPPPPPPHPHPPP
641,HPPHPHPHHPPHPHHHHHHHPPPPHPHHPHHPPHHHPHPPHHPPPHHHPPHHHHH
642,PPHPPHPHHPHHPPPPHPPPPPHHPHPHHPHPPHPHPPHPHHHHPHHHHPHHPHP
643,HPPPPHHPHHHPPHPHPHHHHHPHPHHPPHPHPHHHHHHHPPPPHHPPPPHHHHH
644,HPPPHPPHHPPHPPHPHPHHHPHPPPHHHPPPPHHHPHHHPHHPPPHPHPHHHHP
645,PPHPHHHPHPPPPHPPHPHPHPPHHHPHHHPPHHPPHHHHPHHHHPHHPHPPPPH
646,PPHPPPHHHHPPHPHHPHPHPHPHPHHPHPPPHPHHHHHPHPHPPHHHHPPHPPP
647,HPPPHPPHPHHHPPPPPHPPHPPHHPHHPHHPPPHHPPHHHHPPHHHHHHHHPPP
648,HHPHPPPPHHHHPHHHHPPHPPHHPPPHHHPPHHPPHPHHHPHHHPPHHPPPHPP
649,HHPHHHPPHHHPPHHHPPPPHHPPHHPHPHPPPPHPPPHHHPHHPPPHPHHPPHH
650,HHPHPHPPPPPPHHPPPHHHHPHHPHHHPHHPHPHHPHHPPHHHHHPHPPPHPPH
651,HHPHHHHHHHPPPHPPPPHPHPHPHHPPHHHHHHHHPPHHPHPHHPHHPPPPPHH
652,HPHPHPPHHHPHPHHPPHPHPPPHPPHHHHHPHHHPPPPPPHPPHHHPPPPPPPP
653,PHHPPPHHPPHPHPPHHPHPPPHHPPPHHHHPHPHPHHHPHPHPPHPHHPPPPPH
654,PHHHPHPHPPPPHPHHHHPHPHPHHPPHHPPHPPPPPHPHPHHPPPHHPPHHPHP
655,PHHPHHHHHHHPPPPHHHHPPHHPPHPHPPHHHPPPPPPPHPHHHHPPHPPPHHP
656,PPHPPHHHPPHHPHPHHPHHPHHPHHPPHPPPPHPHPHPHHHHHPPPPPHHHPPH
657,HPPPPHPHHHHHPHHHHHPPHHPHPHHPPHPHHHHHHPHPHPHHPPHPPHPPHHH
658,HPPHPPPPHPHHPHPPHHHHPPPHHPPPPPPPHPHHPHPHPPPHPPHHHPPPHHP
659,HPHHPPPPPHHPHPHPPPHPHPPPPPPPHHHHHHHPPHPPPPHHHHHHHHPPPHP
660,PPPPPPHPHHHPPPHPHPHPHHHPPPHPHHHPHPPHHPHPPPHPPHPPHPPPPHH
661,PHHPPHPHHPHHPHPHPHPHHPHHHPPPHHPPHPPHHPPHHPPHPPHPHHHPHHH
662,HPPPHHPPHHHHPPHHHPPHHHPPHPPPPPHHPHPHPHPPPPPHHHPHPHPPPHP
663,PPPHPPHHPPPPPPPHPHPHHPPHHPPHHPHHHHHHPPHHHHPPHPHHPHPPPPP
664,HPHHHPHPHHPPHPHHHHHHHPHHHHHPPHPPHHPHHPHPPHPPPHPPHPHPHPH
665,HHHPPPPPPHPPHPHPPHHPHHPHPPHHHPPPHPPPHPPPPHPPPPHPPPHHHPP
666,PPPPPHPPPPPPPHHHPHHHPHHHHPPHPHPHHPPPPPPHHPHHPHPHPHHHPPP
667,PPHPPPPPPPPHHPHPPHPHPHHPHHPPHPPHPPHHPPPHPHPPHHPPHPHPPPH
668,PHPHPPHHPHPPPHHHPPHHHHHPPHHHPPPPPPPHPPPPHPPHHPHHPHPPHHP
669,HHHHHHPHHHPPHHHPHHHHHPHPHHHPPHPHHHHPPPHPHPHPPPPHHPPPHPH
670,HPPHHHPHHHPHPHHHPHHPHHPHPHPHPHPHPPPPHHHHPPPHPPPHHHHHPHP
671,HHHHHPHHHHHPHHHHHPPPPPPPHPPHHPHPPHPPHPPHPPHPPPPPPHPPHPH
672,HPHHPPPPHPPPHHHHPPPHPPHPHHHPHHHPHHHHHPPHPPPPHPHPPPHHPPP
673,PPHPPHPHPHPPHHHPHPHPHPHPHPHHHHPPPPHHHPPHPPHPHHHPPHPPHHH
674,HPPPPPPPHPHPPHHPHPHPHHHPHHHHPHPPPPHPHHPHPHPHPHPPHHPHPPH
675,HPPHHHPPPPPHPPPPPPHPHPHPPHHPPPPHPHHPHPPHHHHHPHHPPHPHPPH
676,HHPPPHHHHPPPHHPPPPPPPPPHHHHHHPHHPPHHHHHHPPPPHHPHPHPPHHH
677,PPHPHPHHHHPHPPHHHPPHHHPPPHHPHHHPPHHPPHPHHHHHHPHPHPPHHHP
678,HPHPHHHPHHHHHHHHPPPHHHPPPPPPHPHHPHHPPPPHPPHPHHPHPHPPPPH
679,PHPHPHPHHPPPHPPPPHHPHPHPPHHPHHPHHPHPHPPHPPHPPPHPPPPPHHH
680,PPHPHPPPHPPHHHHPPPHHPHHPHPHPHHHHPPHPHPPPHPPPHHPHPHHHPPH
681,PPHPPHPHHHPHHHPHPHPHHHHPPPPHPHPHHHPHPPHPPPHPPPPHPHHHHPH
682,HHPHHPHPPHHHPHHHHHPHPHHHPPPHPPHHHPPPHPPHHHHPHHHHPPHHPPH
683,HPPPHHPHHHHPPPHHHHPHPPHHPHPPPHHHHHHPPHHHPPHHPPHHHPPHHHH
684,HHHHHHPHPHHHPHHPHHHHPPHPHPPPPHHPHPHPPHPHPHPHHPPPPPPPHHH
685,PPHPHHPHHPHPHHHPPPHHHHPHHHHPHHPPPHPPPPPPHPPHPHPPPPHPHHP
686,HHHHHHPPHPPPHPPPPHPPPHHPHHPPHPHHPHPHPHHPHPPHHPHHHHHHHPP
687,PHPPHHHPPPPPHHHHHHPPPHHHPPPHPPPPHHHPPPPPHPPHPHHHHHHHHPH
688,PHHPPHHPPPHPHHHPPPPHPPPHHHHHHHPHHPHHPHPHPHPHHHHHHHPPHHP
689,HHHHPPHPHHPPPHHPPPHPPPPPPPHPPPHPPHHPHHPHHHHHHPHPPPHPPPH
690,PPHPHHPPPHPHHHHHPHHPHPHPHPPHHHHPPPHPHPHHHHPHHHHPPPPPPPP
691,HHPHPHHHHHHHHHHHPHPPPPHHHHPPPPHPHHHHPPHPHHHPPPPHPHPHPHH
692,HPPHPHHPPHPPHPPHPPPHHHHPPHHPHPPPPPHPHHPPHHPHHHPHHPPHHPP
693,HHPHHPPHPHPHPPHPHPPPHPHHPHPPPPHPPHPHHHHPPPHHHHPPHPPPPPH
694,HPPPHHPHHPHHPHPHHHPHHPHPPHPPHHHHPPHPHHPPHPPHPHHHPHHHHHP
695,HHPPPHHHPPPPHPHHHPHPHHPHPHHHHHPPHHPHHHHHHPPPHHHHHPPPHPH
696,PPPPHPHPPHPHHHHPHPPHHPHPHPHPPHPHHPHPHPHPPHPHHPHPHHPHPHP
697,PHHPHPPHHPHHPHPHPHHPHHPHPPPHPHHPPPHPPHPPHHPHHHHHPPPHHPP
698,PHPPPHHPPPHHPPPPHHHPHHPPHPHPHPPHHPHPHHPHHHHPHHHPHPHHPPH
699,HPHHPPPPPHPPHPPHHHPHPPHHHPPPHPPPHHHHPHHPHPHPHPHPHHHPHHH
700,HPPHPHHPHHPHPPHHHPPPHHHHHHHPPPPHPPHPHHPPPPHPPHPHPPPHHHP
701,HPHHHHPPPPHHPPHPHPHPHPHHPPHPHHHHHHHHPHHHHHPHHHPHPPPPPHP
702,PHPPPPHPPPHHPHPPPPPHPPPHPPPHHHHHHPHHPHPPHHHHPPPPHPHPHHH
703,HPPHPHHHPHPPPHHPHPHPPPHPPHHHPPHHHHPHHPHHHHPPPHHHPPPPPHH
704,HPPPPHHPPPPHHHPHPPHPHHHHPHHHHHHHHHPPHPHPHHHPPPHHHHPHPHP
705,PPHPPPHPHHHPPPHHPHHPHHPPHHPPPHPHHHPPHHPPHPHPHHPHPPHPHHH
706,PHPHHHHPHPPPHPHHPHHHHHHHPHHHPHPHPPPHPHHPPHPHHPPPPHPHPPH
707,PHPHHPHPPPHHHPPHPHHPHHHPHPHHPHHHHHHPPPHPPHPHPPPPHPPPHHP
708,HPHHPHHPHPPPPHHHHHHHHPHHPPPPPPPPHPHHHHPPHHHHHPHPHPPHPHH
709,PHPHPHHHHPHHHHPPPPHPPPHHHHPHPHHHHHHPHHPPHPPHPHHHHHHPPPH
710,HPHHHPPPPPPHPHPHHPHHHPHPPPHPPPPPHPHPPHPHPHPHHHHHPHPHPPH
711,HPHPHHHHPHPHHHHPPPHHPHHHPPPPHHHHHPHPPHPPPPPHHHHPPPHHHPH
712,PPPPPPPHHPHPPPHHHPHPHHPHHPHPPHPHHHPHHHHHHPPHPHPPPPHHPHH
713,HHPPHPHHPPPHPHHHPHHPPHPPHHHPHPPHPPPPPHHPHHHHHHHPPHHPPPP
714,PPHPPPHPPHPHPPHHHHPHPPHPHHPHHPHPHPPPPHHHHHPPHHHPHHHHHHH
715,PHPPPHHPHHHHHHPHPPHHPPHHHHPHHPHPHPHHPHPPHPPPPHHPPPHHPPH
716,PPHPHPHHPPPHPPPPHHHHPHPPHHPPPPHPPHPPPPPPPPHHPHPPHHHPPHH
717,HPHHPHHPPHHHHHHHPPHHPPPHHPPHPPHHPHPPHHPHPPHPHPHPPPHPHPH
718,HHPPPHHHHPHHPHHPHPHPPPPHPPHPHPHPHPPHPPHPPPPHHPHHPHHPPPH
719,PHHHPPHPPPPHHHHPPHHHPPHHPPPPPPPPHHPPPPPHPPPHHPHHPPHHPPH
720,PPPHHPPPHPPHHHHPPHHHHHPHPHHPPHPHHHPHHPHPHHHHHHPPHHPHPHP
721,PPHPHPHPHHHHPPHHHPHHHHPHPPPPHPHHHPPHHPPHHPHHPPHHPPPHHHH
722,HHHHPPHPHHPPPHHHHPPHHHPHPHHHHPHPPPHPHPPPPPHPHHPHHHHPPPH
723,HPHPHPPHPHPHHHPHPPPPHHPHPPHPHPHPHPHPPPPPHHPHPHHHPPHHPPH
724,HPHPPPHHHPPHHPHHPPPHPPHPPPPPPHHPPPHPHHPHPPPHPHHPPHPHPPH
725,HPHHHPHPHPPHPPHPHPHHHPPPPPHPHHHHHPHHHPHPPPPPHHHHPHPHHPH
726,HHPPHPHPHHHHPHHPPHPPPHPHHHPPPHPHHHHHHPPPHHHHPPPPPPHHHHP
727,PPHPPPPPPPPPHHHHHPPHHHPHHPPPHHHHHHHHPHHPPPPPHPPPHPPHPHH
728,HPHPPHHPHHPPHPHPPHHPHHPHHPPHHHPHHHHHPPHPPPHHHPHPHPHHPPH
729,PHPHHHPPHPHHHPHHHHPPPPHHPHPHHHPHPPHHPHHHPHHHHHHHPHPPPHP
730,HHPHPPPHPHHPPPPPHHHHHPHHHHPPHHHHPHHHPPHPPPPHHPHPPPPHHHH
731,HHHPHPPPPPHPHPHHHPHPHHPPPPHPPHHPHPPPHPPPHHPPPHHHPPPPPHP
732,PPHHPPPPHPHHPPPHHPPPHHHPHPPHHPPPPHHHPHPHPPHPPHHPHHHHHPH
733,PPHHHHHPPPHHPHPHHPPPPPPHHHHPPHHHHHHPPHPHPPPPHPPHPPPHHPH
734,PHPHHPHHHHPPHHHHPPPHPHPPHPHHHPPPHPPHHHPPHPHPHPPPPHHPPHP
735,PPHHPHPHHHHHPHPHHHPPPHPPHHPPHHHPPPHPPPHHHPPPPHPHHHPPPPP
736,HPHHHHPHPPPPHHPPPHHHHPPHHPPHHHHPHPPHHPHPHPHPHPHHHHHPPPP
737,HHPHPPPPPPPPPPHHPHHHPPHHPHHPPPHHPPPPHHHPPPHPPPHHPHHHPPH
738,HHPPHHHPPHHHPHPPHHHHHPHHHPPPHHHPPHPHPPHHHPPPPPHHHHPPPHP
739,PHHHHHHHPHHHPPPHPPHPHPPHHHPHPPHPHPPHHHHHPPHHHPPPPPHHHHP
740,HHPPPHPHPHHPPHHPHHPHHPPPPHHHHPHHPHPHPPHHHHPHHHPHPHHPPHP
741,HPHPHPPPPHHHPHHPHHHHHHPHPPPPPPHHHHPHPPPPHPPPPPHHHHPPHHH
742,PHPPPPHHHPHHHPPPHHPPPHHPPHPPPHPPPHHPPPPHPPHHPHPPPPHPHHH
743,PPHHPPHHPHPHPPHPPHPPHHHHHHPHPHHPPPPPPPPHHHHPPHPHHPPPPHH
744,HHPPPHPHPPPPHPPHHPPHHHHPPHPPHHPHPHPPHHHPHHPHHHPPHHPHPHH
745,PPHPPPPHHHHPHHHHPHHHPHPHPPPPPPPHPPPPPHHPPHHHPHHHHHHPHHP
746,HPPPHHPPPPHHHPHPHHPPHHPHPHPHHHHPPHPPHPHHHPHPHHPPHPPHPPP
747,PHHHPPPHPPPHHPPPHPHHHHPHHHHHPPHPPPPHPHPHPPPHHPHPPPHHHHH
748,PHPHHPPHPPHHHHPPHHPHPPPPHPHHPHPPHPPHPPHPPHHHPHPHHHPPHPP
749,PPPPHPHPPPHPPPPPPPHHHHHHHHHPPHHPHPPPHPHPPHPPHHPHPHPPHHP
750,HHHPPHHPHHPPPPPPHHHHHPHPHPHPHHHHHPHPHPHHHHHHHPHPPHHPHHH
751,PHPHHPHHHHPHPHHPPPPPHPHHHHHPPHPPHHPPPPHHPHHHPHPHPHHHPHP
752,HHPHPHHPPHPHHHPPHPHHHHPPHPHPPHPPHPHPPHPPPHPHPHPPHHHPPPH
753,HPPPPPPPPHPHPHPPHHHPPHHHPPHHPHPHHHPHHPHHPHPPPHPHPHPPPPP
754,PPHHPPHPHHPPHPPPHHPPHHPHPPPPPPPHPHPPHPPHHHHHPPPHPHPPHHP
755,HPPHHPHPHPPPPPHPHPHHHHHHPPPHPPHHHPHHPHHHHPHPHHHPHHHPHPH
756,PHHHPHHHPPPPPPPPPPPPPHPPPPHHPHHHPHHPPPHHHPHHPPPPHPPHHPH
757,HPHPHPHPPHHPHHPHPPPHHPPHHPPPHPHHHHPPHHPHHPPPPHPHHHHHHHH
758,PHHPPPPPHPPPPPPPHPHPPPHHHPPPPHPPPHHPHHPPHHHHHHHHPPHPHHH
759,PHPPHHPHPPHHPPHHPPHHHHPHPPHPHHHHPHPPPPPPPPPPPHHPHHHPPPP
760,PPPHHPPPHPHPHHPPHPPPPHPPPHPHPHPPPPHPPHHPHPHPHHHPHPHPHPH
761,HPPHPPHHHHPHPPPPHPPPHHHHPPHHHHHPHHHPHHHPPHPHHPHHPHHPHHP
762,HPPHHHPHHPHPPPHHPPHHPPPPHHHHPHPHPPHPPPHPPHPPHHHPPHPHPHP
763,HHPPHHPPHPHPHHPHHPPPHPPHHPHPPPPHHHHHPHHPPHPHHPPPHPPPPPP
764,HPPPHHHHHPHHHPHPHPPHPPHPHHPPPHPPHHHHPHHPHPHHHHHHHPHPHHP
765,PPHHHPHHPPPHHPHHHPHHHHPHPHHPPHHPHPHHHHPPHHPPPHPPHPHHPHH
766,PPPHPHPPPHHHPHHPHPPHHPHPHPHHPHPPHPHPHPHPPPHPPPPPPPHPHPH
767,PHHHPPPHHHPHPHHPHPPPHHHHPHHPPHPHHHPHPHPPPHHPPPHPHHPHHPH
768,HPHHPPHPHPHPHPHPHHPHPPHHHPHHHPPHPHPPHHHHPHPPPHHPHHPHHPH
769,HPPHHHHHHPPPPPHHPHHHHHPPHPPPHHHHPPPHHHPHPHHHPPPPPPPPPPH
770,HPPPHHPHHPPPPHPHHHPPHPPPHHHPHHHHHPPHPHHHPHPPHPPPHHPPHPP
771,HPHPPPPPHPPPPPPHHHHPPHHPHHHHPHHHPHPHHPPPPHPPPPHPHHHPHPH
772,HHHHPHPHPHHPHPPPHHHHPPHPHPPPHHPPPHHHPPHHPHPHPHPHPHPPHPH
773,HHPPHHHHHPPHPHPHPPHHHPPPPPHHHHHHHPPHPHHPHHPPHPHPHHPHPPH
774,HPPPHPPPHHPPPHHPPPHHHPHPPHPPPPPHPPHPHPHHHPPHPHHHPPPHHPP
775,PPHHHHHPPPPHPPPPPPHHPHHHPPHPHPHPHPPHHPHPPPPPHPHPHPPHHPP
776,HHHHPHPHPHPPHHHHHHHPHPPPPPPHPHPPPHPHPPHHPHPPHPPPPPPHPPH
777,PHPHHPPHPPHPHPPPPHPHHHHPPHHHHPHPHHHPPHHPPHHHPHPHHPHPPPP
778,PHHPPPPHPPHHPHPPHHHPPHHPPHHHHPHHHHHHHHPPPHHPHHHPPPHPHHP
779,HPPPHHPHHHHPPHHHHHHPHHHHPPPPHHHHPPHPHHHHHHPPHHHPHPHHHPP
780,PPPPPHPHHHPHHHPPHPHPHHPPPPPPPHPPHHHPHPPPPPPHPHHPPHPPPPP
781,PPPHPHHPPPHPHPHHPHHHPHHHPHPHPPPHHPPPHHHHPHHHHPPPPPPPPHH
782,HHHHPPHHHPHPHHHPPPHPHHPPHPPPPPPHHHPPHPHPPHPPPPHPHHHPHHH
783,PPPHPHHHPPPHHPHHHHPPPPPPPHHHPHPPHHHPHPPPHPHHHHHHHHHPPPH
784,HPPHHPPHPHHPHHHPHPHPPPPHHHHHHHHPHPPPPPPPPHPPHHHHPHPPPPH
785,HHPPHHPPHHPPHPPHHHHHHPPHHHPPHHHPHPPPHHHPPHHPHPHPPHPPHPH
786,PHPPHPPHPPHPPHPHHHPPHPPHPPPHPPPHHHHPPHHHPHHHPHPHHPPHHHP
787,HPPPHPHPHPHPHPHHHHPPHHPHPPHHHHHHPHHHHPPPPHPHHHPPPHHPPHH
788,HHPHHPPPHHPPHHHHPPPHHPHHPPPPHHPHPPPHPPPPPHPPHHPHPPHHPPP
789,HPHHHHPPHHPPHPPPHHHPPHPHHHPHHHPPPPHPHPPHPPHHHPPHHHHHHHP
790,HHPPPHPPHPPPPPPPHPHPPHHPPPPPPPPHHPHPPPHHHPPPPHPPHPHPPPP
791,HPHPHHHHHHHHPHPHHPHPHHHPHPHPHHHPHPPPHPPPPPHPHHHPHPPHPHP
792,PPPHHPHPPPPHHPPPHPPPHPPHHHPHHPPPHPHPPHHPPPHHHPHPHHHPPPP
793,PPHPPPHPHPPHPPPPPHPPPPHPPPPPHPPHHHPPPPHHHHHHPPHHPPHHHHH
794,PPPPHHHHHHHHHHHPPHHHHPPHPPPPHHHPPHPPPPHHHPHHPPHPPHPPPPP
795,PPHPHHHHHPPPPPPHPPPHPHHPHPHPPPPPPPPPHHHPPPHPHHHHHPPPHHP
796,PPHHPHPPHHHHHHPPHHPPPHPHPPPPHPPHHPHHPPHHHHPPHPPHPHPHPPH
797,HHHPPHPPPHHHPHPPPHHPPHPHPPHPPHPHPHHPHPHHPPPPHPHPPPHPPHH
798,HPPPHHPHPHHHHPPHHPPHHHHHHHHHHPHPHHPPPHPHPPPPPPPHHPPHHPP
799,PPHPPHHPPHPPHPHPPPPHPHPHPHHPPPPPHHHPPHHPPPPPPHPPHPHPPPH
800,PHPPPHPPHPHPPHPHPPPHPHHHPPHPHHHHPPHPHPHPPHPPPPHPHHHHHPP
801,PPHPPPHHPPPPPPHHPHHPHPPPPPPPPHPPPPPPPHPHHHHPHHHPHHHPPPP
802,PPPHHPHPPPPHPHHHPPHPPHPPPHHPPHHHHHPHPPPHPHPHPHHHPPHHPHP
803,HHPPHHPHHPPPPPPHPHHPPHHPPPPPHPHPPPHPPHPHPPHPPHPHHHPPPPP
804,PPHPHPHPHPHHPPHPHPPHPPPPHPHPHHHHHPPHHPPHPHHHHHPHPHPHPHH
805,HPPHHPPPHHHPHHPHHPHPHHHHHHPHPHPPPPPPPHPHPPPHPPPPHHHHHHP
806,PHHPHHHHHHHPHHPHHPHHPPHPPHPPHHHPPHHHPHHHPPHHPHPHHPPHHHP
807,PHHHHPPPPPPHPHHPHHPPPPPHHPPPPPHPPHPPPPHPHHPHPPHPPPHHPHH
808,PHHHHPHPHHHPHPPHHHHHPPHPHPPPPHPHHPHHHPPHPHPHPHPPPHPPPHP
809,HPHPPPPPPPHPPPPPPPHPHPPHPPHHHPPPHHPPHPHPPHHPPPHPPHPPHHH
810,PHHHHHPPPHPHPHHPPPPHHHHHPPHPHPPHHHPHPHPPHPPHHPPHHPHPHHP
811,HPHHPPPPPPHPPHHHPPHPHPHPPPPHHHHPPPPHHPPPPHHHPPPPHPPPHPP
812,HPPHHPHPPHHPPPPHPPHHPPHHPPHPPHPPHHHHPHPPPPHPHPHPHHHPPPH
813,HPPPPPPHHHPPHHHHPHHHHHPHHHPHHPHHPPPPHPPHHHPHPPPPHPHPHHH
814,PHPPPPPPPPHHPPHPHPPHPPHPPHHHHHHPPPPHPPHPHHHPHHPHPHPPHPP
815,PHHHHPHHHHPPHHHPHPHPPPPHHPHPPHPHHHPPHHPPPPPHHHPPPPHPHHP
816,PHHHHPHPHPHHPHHHHHHPHHPHPHPHPPPHPHPHPHPHHPHHHPPHPPPHPPP
817,PHPHPHPPHPHHHHPHHPPPHPPPPPPPHHPPHHPPPHHHPPHPPPHHHHHPHHH
818,HHHPPHHHHHHPPPHPPPHHPPHHHHPHPPPPHPPPHPHPHHHHPHHHHHHHPHP
819,PHHPPHHHHHHPHHPPPHPHPHHHHHHPPPHPPHHPPPPPPHPHPPPHPHHPHHP
820,PHHHPPPHHHPHHPHPPHHHHHPHHPHHHHHHPHHPPHPPHPPHHHHPHPPHHHP
821,HHPPPHPPPPPPHHHPHPHHPPHHPPHHHHHHPHPPHPPHPPHHHHHHHPHHPHP
822,PPPPPHHPPPPHHHHPHPPPHHHPPHHHPHHHHHHPPPPHHPPHHPHPPHPPPHP
823,HHHPHHPPHHHHHHPPHHPHPHPHHHPPHPPPHPPHPHHPHPHHPHHHPPPHHHH
824,PHHPHPPHPPHPPHPPPHPPHPHPPPPPPPPHPHHPPPPPPHPPPPPPPHHPHPH
825,HPHHHHPPHPHPHHHHHPHHPPPHPPPPPHPHHPHHHHHHPHPPPHPPHHHHPPH
826,PPPPHHHHPPHPPPPPHHPPPHHHHHPHPHHPHHPHHHHHHPHPPHHHHPHHHHP
827,HHPHHPHPPHHHPHPHPPHHHPPPPPPHPHHHHPPHHHPPHHPPPHPPHPHHHHH
828,HHHHPPHPHPHHHPHPHHHHPHPPPPHHHHPHHPHPPPPHHPPHHHPHPHPHPPP
829,PHPPHHPHHHPPPPPHHHPPHPPHPHHHHPPHHPPHPHHPHHHHPHPPHPPHHPP
830,PHHHHPPHHPPPPPPPPHPHHHHPPPHHHHPHHPHPHHPHPHPHPHPHHHHHHHP
831,HPHHPHHPPHHHPPHHPPPPPHPPHHPHPPHHHHHPPPHHPPPPHHPPPPHHHPP
832,PHPHPPHHPPHHHHHHPPHHHPPHHHPHHHPHHHHHHHPHHPHHPHPHPHPHPHP
833,HHPHHHPPPPHHPPPHHPPPHPPPPPHPHHPHPHPHHPPPPHPPPPPHHHPHHHH
834,PPHHPPPHHPPHHPPHPPPPPHHPPHPPPPPHPPPHPHHPPHPHHHHPHHPPPPH
835,PHPHHHHPPPHPPHPHHPPHHHPPPHPHHHHPHPHHPHHPHHPHPHPPPHPHPHP
836,HHHHHPHPHPHPHPHHHHPPPPPPHPPHPPHHPHHPPPPHPPPPHHPHHPHHPHP
837,HPPPHPPPPHPHPPPHHPPHHHPHHPHHHPPPHPPHHHHHPPHHPPPPPPHPPPH
838,HHHHPHPPHPPHPHHPHPPHHPHHPPPPPPHHPHPPHPPHHPPHPHHPPPHHPPP
839,HHHHHHHHPHPHPPHPPPHPPHPPPHPHHHHHHHPHHPHHPHPPPPPHHPHPPPH
840,HHHHHPPPHHPHPPHPPHHHPPPPPHPPPPHHHPHHPPHPPPHPHPPHHPPHPHH
841,PHPPPHHHPHHPPPHPHHPPHPHHPPPHHPPPHHPHHPHHHHHHPHHHHHHHPHP
842,HHPPHPHPPHPHHPHHPPPPPPPPHHHHPPHPHPPPPHHPHHPHHPHHHHHHPHH
843,HHPPHPPPPHHPHHHHPPPPHPPPHHPPHPPHPHPPHPPPPPHPHHPPPPPPPHP
844,PPPPPPHPPHHPPHPPHHHPPHPPPHHPHHHHPPPHHHHHHPPHHPPPHPHHPHH
845,HHPHPHPPPHHPHHHPPHHPPHHPPPHHPPHPHHHHPPPPHHPPPHPHPPHPPHP
846,PHHPPPHPHPPPHHHHHHHPHHPPPPPHPHHPHPHPHHHHHHPPPPPHPHPHHHP
847,PHHHPPPHHHPHHPPPHHPHPHHHPHHPHPHHHPHHPHHHHPHHPHPHHPHPPPP
848,HHHHPHHHHHPHPHPHHHHPHHPPHHPHPHPHPPHHPPHPPPHHHHHPHPHHHPH
849,HHHHPPHHPPHHPHPPPPHHPPHHPPPHPPPPPHPHHPPHPPHPHPHPHPHHPPP
850,HHPHPHPHPHPPHPHHHHPPHHHHHHHPHPHPPHPHHPHHPHPPHPHPHHHHPPH
851,PHHHHPPHPPHPPPPHHHPHPPHHPPPHHHHHHPHHPPPHHPHHHPHPPPPPPHP
852,PPPHPHPPHPHHHHPPHHPHHHHHPHPPPPPHHHPPHPPHPHHPPPHPPHHPHPP
853,PPHHPHPPPHHPPPHPPHHHPHPHPHPHPPHPPPHHHHPHHPHHPHPHPHHPHPH
854,PPHPHPHPPHHHPPHHHHPPPPPHHHPHPHPHPHHPPPPPPHHPPHPHPPHHPHH
855,HPHHHHPPPHHHPPHPPHHPHPPPHPHPHHHHHHHPHPPPPHPPPPPPPPHPHPP
856,PHHHHPPPHHHPHHHPHHHHHPHHHHHHHPHPHHPHHPPHHPPPHHPHPHPPHHH
857,HPHHPPPHPPPHPPHPPPPPPHHPPHPHHHHHHHPHHPHPHPHHPPPPHHHPHPH
858,HPHPHHPPHPHPHHPHPPHPPPHPHHPPPHPPPPHHHPPHHPPPHPPPPPPHPHH
859,HPPHPHHPHHHHHPPPHPPPHHPHPPHHHPHHHHPHPHHPPHPPHPHPPHPHHPP
860,PHHPPPPHPPPHHPHPHHHPHHPPHHPHPHPHHHPPPHPPPPHHHPPPHPHPHHH
861,HHHHHHPHPPPPPPPPPPPHPPHHHHPPHPPHPPPPPHHPPHHHHHPHPHPHHPP
862,PPPHPHPHPPHHHPHHPHHHHPPHHHHPHPHHPPPPPHPPPHPPPPHHPHHHHHH
863,HHPPPHPPPPPPHPHHHHPHPHHHPHHPPPPHPPPPHHHPHHPHPPHHHHPPPPH
864,HPHHHPHPPPPPHPHPHHPHHHHPHPPPHPPHPHPPPPHHHPHPHHHHPHHHHPH
865,PHHPPHHHPHPHPPHHPPPHHPPPHHPPPHHPPHPPHPPHPPHPHPHHPHPPHHP
866,PHPHPHPPPPHHPHPHPPPHHHHPPPHHPHHPPHPPPHHPPHPPHHHHPHHPPPH
867,PPPPHHPPPPHHHHPHHHHPPHHPPHPHPHHHPHPHHHHPHPPPHHHPPHHHPHP
868,HHPPPHPPHHHPHPHPPHHHPHPHPPPHPHHPHPHHHPPPPPHHPPPHPPPPHHP
869,HHHPPPHPHHPPHPPPHPHPHPHHHHPHHHPHPPPPPPPHPPPPHHPHHPPPHPH
870,PPHHHHPPHPPHHPHHHPHHHHHPPHPPPHHHPPHHPHPPHPHPHHHPPHHHHHH
871,PPHPPPHPPHHHHHPHHHHHPHHPPHHHPHPPPPPHPPPHHPHHHPPPHHPHPHP
872,HPPPHHPHHPPHHPPHHPPHPHPPPHPPPHHHHPPHPHPHPHPHPPHHPPPPHHP
873,PPHPHHHHPPHPHPHPPPHHPPHPPPPPHHHHPPHHHPPHPPPHHHPPHHHPPHH
874,PHHHPPHHHHHPPHPHPPHHPHPPHHPHHHPPPHHPPHHPHHHHPHHPHHHHPPP
875,HHPHHPHPHHPHHPPPPPPPHPHHPHHPHHHHHHHHPHHPHHPHPHHPHPHHPPH
876,PHPPPHPHHPPHPHPHHPPPHPHPPPPPHHHPHPHHHPHHHPHHPHPPPHPPPHP
877,HHPPHPPPPHHHHPHHPHHPHHHHPPHPHPHHPPHPPPHPHPPPHPPHHHHHHHP
878,PPPHHHHPHPPPPPPHHPHPPPPHHHHPPPHPHHHHPPHHPHHPHPPHPHHHHPP
879,PPHPHHHHPHPHPPHPPPHHPPHHPHPPPHHPHPPPHPHHPHHHPHPHPHPHHHP
880,PPPHPHHHHPPHPPPHHPHHPPPHHHHHHHHHPHPHHPPHPPPHHPPHHPHPHHP
881,PHHHHHHHHPHPHPPHHHHHPHPPPPPHHPPHPHPHHPHHPHHPHPHHHPHPPPP
882,PPHPHHPPHPHHHHHPHPPHHHHPHPHPPHHPPHPHHPPHHPPPHPHHHHHPPHH
883,HPPHHHPHPHHHHPPHHHPHHPHHPPHPHPPPHPHHHHHHHPPHHPPPHHPHPHP
884,PHHPPPHPPHHHHHPPHPHHHPHPHHPPPPPPPHHHHHPHHPPHPPPHHPHPHHH
885,HHHHPPHHPHPPHPHHHHHHHPHHHHPHHPHPPHPPHPHPPPPHPHPPPHHHHHP
886,PHHPHPPPPPHHHPPHHHPPHHHHHHPPPPHHPPHPHPPHPPPPPPPHHPHHPHH
887,PPHHHHPPPPHPHPHHHHHPPHHHPHPPHHHHPPHHPPPHHPHHPHHHPHHHPHH
888,HHPPPPPHPPHHHHPPHPPHPHPPHPPHPHHHPPPPHHHHPPHPHPHHHHPPHHH
889,PHPPHPHHHHHPHHHPPHHHPHPHHPHHHPHHPPHPHHPPPPHPPPPHHHPPPPH
890,PPHPPPHHHHPHHPPHPPPPPPHPHPPPPHPPPPHPHHPHPHHHPHHHPHHPHPH
891,PHHPHPPPPPHPPHHPHPHHPHPPPPHPHPHPPPPHHPPPPPHPHPHPPPPHPPH
892,PPHPPHHHPPPHHPPHHPPHPPHHHPPPPPHPPPPHPPHHHPPHPHHPPPHHHHH
893,PPHPPPPPHPPHPHPPHPPPHHHPHPHHHPHPHHPPPHPPPPHHHPPPHPHPPPP
894,PPPPHPPHHPHHPPPHHHHHHPHPPPPPPPPHHPPPPHPHPHHPHPHPPPPPPHH
895,PHHPPHHPPHPPPPPPPHHPHHPPHHPPPPHHHPPPHHHHHHHPPHPHPPHPPPP
896,PHPPHHPHHPPHPPHPHPHHPHHPPHPPHHPPPPHHPPPHHPHPPPHHPPPPPPH
897,PHHHHHHPHPPPHHHPHHHPHPPHHHPHPHHPPHPHHHHHPHPHPHPPPPHPHPH
898,PHHPPHPHPPPHHHPPPPPPHPPPPPPHPPPPHHHHPHPHPPPHHHPHPPPPHHP
899,HHPPHHHHHHHHPHHPHPHHPPHHHPHHPPPHHHPHPHHHPHPPPHHHPPPPPPP
900,PPPHHHHPPPPHPHPPPPPHPPPPPHHPHHHPPHPHHPPHHPPPHHHPPHHHPPH
901,PHPHHHPPHHPHPPHHHHHHHHPHHPHPPPHPHPHHPPHHPPPHHHHHPPPPPPP
902,PPHHHPPPPPHPHPPHHPPPHHPHPPPHHPPHPHPHHHHHHHHPHPHPHHPPPHP
903,PPPPHPHHPPHHPHHHPPPPPPHPHPHPPHHPHHPHPHHHPHHPHPPPPPPPPPP
904,HHPHHPPPPPPPPPPPPHPHPHPHHPPHPHHPHHPPPHHHHPHHHHPPHPHHPPH
905,PPPHPHPPPPPHPHPHHPHPHHHHPHHHHHHHHHHHHHHPHPHPPHHHHPPHPPH
906,PHPPPHPHPPPPPPPPPHHHPPPPHHPHPPPHPHPHHHPHHHHPHPPHPHPPPHH
907,PPPPHHPHPPPPPHPPHHHHPPPPHHPHHPPHHPPPPHHPPHPPHHPPHPPPHHH
908,PPPPHHHPPPHPHPHPPPHPPHHHHHPHPHHHHHPPPHPPPHPHPPHPPHPPHPP
909,HHHHPPPPPPPHHPHPHHHHHPHHHHHHHHPHHPHHPHHPPHHHHPHHHPPHPPP
910,PPPHPPHPHHPPPPHHHHPHHHHHPHPHHHHHHPHPPHHPHPPPPPHHHPPPHHP
911,PPHPPHPHPPPHHPPHHPPHPHHHPPHPPPHHPPPHHHHPPPHPPHHPHPPPHHH
912,HPPPPPPPPPHPHHHHPPHPHPPHPHHPPHPHPHHPPHHPPPPPPHHHPPHHPPH
913,HPHPPPPPHPPPHPHHPHPHPPPPPPPHPPHHPHPPPHPHHHHHPHHPHHHHPHH
914,PHHHPHHPHHHPHHPHPHPHHPPPHPPHPPHPHPHHPHPPPHPHPPHHPPPPPPP
915,PPPHPHHHPHPHPPHPHPHHPPHPPHPPHHPPPHHPPPPHHHHHHPHPHHHHHHP
916,HHHPPHHPHHPPHPPPHHPHHPHHHHPHHPHHHHPPHPHPHHPHPHHHPPPHPHP
917,HPHHHHHPHPPPHHPHPHHHHHHHPPPPPHPHHPHPPHPHPPPHHHPHPPPHPPP
918,HHHPHPHHPHPHPPHHPPHHHHPHHHHPPPPPHHPPPHPPPHHPHPHHPPHPHHH
919,HPHPHPHHHPHHPPHPHPPHPHPPPPPPHPHHPHHPPHHPPPHHPPPPPHPHHPH
920,PPPPHPPPPHHPPPPHHPHHHPPHHHHPPHHPHPHPPPHHPPPPPPHPHHPPPHP
921,PHHHPPHPPPHHPHHPPPPHPPHHHPHPHPHHPHPPPHHPHHHPPHHHHHHPPPH
922,HPPHPPPPHHHPHPPPPHPHHHPPHPHHHPPHHPHHPPHPHPHHPHPPHHPPPPH
923,HPHPPHHHPPPHHHPPHPHHPHHPPHHHHHPPPPPPHHPPHHHPPHHPHPHHHPH
924,HPHHPPPHHHHHPPPPHHHHHPPHPHPPPHPPHPHHPHPPPPPHPPHPHHPHHHH
925,HPHHPHHPPHHHPPPPHPPPPPPPHPHPHPHHHPHHHPPPPHHPHPPHPHHPPHH
926,PHPPHHPHHPPHPPHHHPPPPHHPHHHPHHPPHHHHHHPPPPPPPPHHPHPPHHP
927,HHHPPHHHPHHHPHHHHHPPHPPHHPHHHHPHPHPPPHPHHHHHHPHPHPHPPHH
928,PPHPPHHPHPHHHHHPHPPHPHHHHPHHPHPPPPHHHHPPPHPHHHHPHPHPHPP
929,HHHHPHPPHHHPPHPHHHPHHPPHHPHPPHHPHPHHPPHPHPHPHPPPPPHPHHP
930,HPPPHHPHHPPPHHHHHHPPPHPPHPHPHPPPHHPPHHPPPHHPPHHPPHPHPPH
931,HPPPPHPPPHHPPHHPHHHHHPHPHHHHPPPHPPPHPPPHPPHPPHPPPPPHHHP
932,PPPPPHPPHHPPHHHPHPPPPHPHPHHPHHHHHPPPHPHHHPPHPPHPHHPHHPP
933,HPPHPHPPPPPHPPHHHHPHHHPPPPHHPHHHHPPPPHHPHPHHHHHHPPHPHHP
934,PHPPHPPPHHHHHPHHPPPHPPHPPPHHPHPPPPHPHHHHHHPHHPHHPHPPPPH
935,PPHPHHPPHPPHPPPHPPHPPHHPHHHPHHPHPHPPHPPHPHHPHHPPPHHPHHH
936,HPPPPPPHHHHPHHPPHPHPPHHHPHHHHPHPHPHHHPPHHPPPHHHPPHPHPHH
937,PPPPPHPPHPHHHPPPHHHPHPPPHPPHHPPHPHHHPHHPHPHHHHHHHHHPHHH
938,HHHPHHPHHPHHHHPHPPPHHPHHPPHPHHPPPHHPPHHHPPPPHPPHPHHHPPH
939,HHPPHPPHHPPHHPPPHHHHPHHPPHHPHPHPPHHPHHHPPPPPPPHHPHPPPPP
940,PPPHHPHPPPHHHPHPHPHPHPHHPPHPPPHHHHPHHPPHHPPPPHPHHPHHHPH
941,HHHPPPPPPPHPHPHPHPHPHPHPHHHHHPPPHHHHPHHHPHPPHPHPHPHPHPH
942,PHHHHPPPPPPPPPHPPHHPPHHHHPHPPPHHHPPHPHHHHHHPHPPHPHHHHPH
943,PPHPPPPHPHHPHPPPPPPPHPPPHPPHHHHHPHPHPHPPPHHHPHHHPPPPHHH
944,HPHHHPHHPHHHHHHPPHHHHHPHPHHHHPHHHPPHHHPPHHPPHHHHHHHPHHP
945,HHPPPHPHHPHHHHPHHPPHPPHHHPHPPPHHPHPPHHPPPHHHPHHPHPPPHPP
946,HHHHHHPPHHHHHHPHPHPHHPPHHPPHHHHPHHPPHPHHPHPPPHHHHPPPHPH
947,PHHPHPHHHHHPPPPPPPPHHPHHPPPHPPPHPPPPHPHPPHPHHPHHHPHHHHP
948,HPPHPPPPHPHHHHPHPPPHPHPHPPPPPPPPHPPHHPHHPPPHHPHPPPHPHHP
949,PHPHPPHHPPHHHPHPHPHHHPPHPHHHPHPHPPHHHHPPPHHPHHHHHPPHPHP
950,PHHPPHPHPPHPHHHHHHPHPPHPPPPHHPHPHPHPHHPPHPPHHPHPPPHHHPP
951,HHPPHHPHPHHPHHHPPPHPPHHPPHHPHHPPPPHHPPPPHPHHPPPPHPPHHPP
952,PHPHPPPPHPHPPPHHPHPPPHPPPPPPPHPPHHHPHPHPPHHPPPHPHHPPHHH
953,PPHHHHPPPPPHPPPHPPHPHPHPHPHHHHHHHHPPPPPPHPHPHHPHHHHPPPP
954,PPHHHHPHPPPHHHHPHPHHPHHHHHHHPPHPPHHHHPHPHHPHHPHPHPPPPPH
955,HPHHPPHHHPHHHPHHPPHPHPPHPPPHPPHPPPPHPHPPHPPHPHHPHPPPHHH
956,PPPPPHPHHPHHHHHPHPPPPPPHHPHHPHPHHPHPHPPHHPPHHHHHHPPPPHH
957,PHPHPPPHPPPHHPPPHPPPHHPHHPHHHPHPHHHHHPPHPPPHPPHPPHPHHHH
958,HHHHHPPPPHHPHPHPPHHHPPPHHPHPHHPHPHHPHHHHPHHHPPPPPHHPPPP
959,PPHPHHHPHPPPHHPPPHPPHPPPHPHPPHPPPPHHHHPPHHPPPPPPHHHHPHH
960,HPPHHPHHPPHHHPHPPPPHPHHPHPPPHHHHHHPPHPPPHHHHPPPPHHPHHHH
961,PHPHHHHHPHHPPPHPHHHPHHPPHPPHPHHPHHPPPHPHPHHHHHPPPHPHPHH
962,HPPPPPHHHHHHPPPHPHHHHHHPPPPHHPPHPHPHHPHPPHPPPPPHPPPPPHP
963,PPHPPPHHPHPHPHPPHHPHHHPHHPPPPPPHPPPPPPHPHHPPHHPHPHHHHHH
964,HHPPPHPPHPPPPHPPPHHHHPPHPHHHHPHPHHHHHHHPPPHHHPPHPHPHPHH
965,PHHPHHHPPPPHPHHHHHPHHHHHPPPPHHHPPHPPPPPPPPHPPPHPPPHHHHP
966,PPHPHPHHHPHPHPHPPHHHPPHPHHPPPPHPHPHHHPHHHPHPHHPPHHHPHHP
967,PPPPHPPPHPPPPPPPHHPPPPPPHHPHPHPHPPHHHPPPHHHHPHHPPHHHHHP
968,PHHHPPPPPPPPPHHHHPHPPHPPPHPPPPHPHHHHPPHHPPPHHHPPPHPHHPP
969,PPHHHHPHPHHPPPHHHPPPHHHPPPHPHPPPPPHHHHHPHHHHPPPHPHPPPHP
970,PHHHHPPHPPPPPPPHHPHHPPHPHHHHHPPHHPPPHPPHHHHHPHPPHHHPPHP
971,PHPHPPPPHHHHHPPPHHPHHHHHHHHHPPHPPHHPPHPPPPHPPPPHPPPPPHH
972,HPHHHHPPPHHHPPHPPPHPHHHPPHPHPHPPHPPPHPPPHHPHHHHHPHHHHPH
973,HHHPHPHHHHHPPHPHHHPHPPHHPPHPPPPHHPHPHPHHHHPPPHHPPHHHHHP
974,HHPHPHPPHPPHHHHPHPPPHPHHPPPPPHHPHHPHPHHPHPPHHHHPPHHPPPP
975,PHPPPPHHPPHPHPPPPPHHHHHPHPHPPPPPPHPHPPHHHPPHHPPHPHHPPPP
976,HPHHHPPPHHHHHHPPPPHHPHHPPPPPHPHPHHHPHHHHHPPHPPPPHHPHHPH
977,HHHHPHHHHPPPPHPHHHPHPHPHPHPHPPHHHPPHPPPHHHPHPHHHPHHPPHP
978,PPHPPHPHPHPHPHHHPHHHPPPHPPHPPPPPHPPPPPPHPPHHHHHHPPPPPPP
979,HPHPHPHPHPHPHHPHPPHPPPHPHPPHPPPPPPPHHHPPHHHPPPHPHPPHPPP
980,PHHPHPHHPHHHPPPHHPPHPHHHPPPHPHHPHPHPPHHHHHHPHPHPPPPHPPH
981,PHPHHPPPHPPPHPHHHHPHHHHHPPHPHHPHPHPHPHPPHPHPPPPHPPHPPHP
982,PHHPPPHPHPHPPHPPPHPPHHHHPPPHPPHPPHHPHPHHHHPPHHPHPHPHHPP
983,HPHHPPHPPPPPHHHPHHPHPPHPHPPHHHPPHHPHPPPHHHHHHPHPHPPPHPH
984,PPHPPHHPHPPHPHHHHPHHPPHPPHHPHHHHHPPPPHHPPHPPPPPHHHPHPHH
985,PPPPPPHHPHPHHHPPHPPHHHHPPPPHPHHHHHPHPHPPPHHHPPPHPPPPHHH
986,PPPPPHPHPPHHHPPHHHHPPPPPHPPPPHPHPHPPHPPPHHPPPHHPHHHHPPH
987,PHHHPPPPPHHHHHHPHHPPHHHPHHHHPHHPHPPPPHHHPPHHHPHHPHPPHPP
988,PPHPHHPPPPPHHHHPHHPHHHHPPPHHPHHPPHHPHPHPHHPPHPPHHHPPPPP
989,PPHHPPHPHPPPHPHHPPHPHPHPPPHHHPPPPPPHHHHHPPPPHHPHHPHPHPH
990,HHPPPHPPHHHHPHHPPPHPHPPPPHHHPHHPPHHPPHPHHPHHPHPHPHPHHPP
991,PHPPPHHPHHPPPHPHPPHPHPHPPHHPHHPPHPPPPHHHHHHPPPHHPPPPPPH
992,PHHPPPPHPHPPPPHPHPHPPHHHHHPPHPPHPPPPPPHHHPHPPPHPHPPPHPP
993,PPPPPHPHHPHPHPHHPHPHPPPPHPPPPHPHPPPHPPHPPPPHHHHHHPPHHHH
994,HPPPHHPPPHHHPPPPHHPPPPHHPPPPHPHHHHPHHHPPPPHHPPHPHHHHPPH
995,PHHHPHHHHHPPPPPPHPPPPHPPPHPPHPPPHHHPPHHPHPHPPHHPPHHHHPP
996,PHHHHHHPPHHHPPHPPHHHPPPPPPHHHHHPPPPPHHHHHHHHHHPHPHHHHHH
997,HPPPPPHPHHHPHPPPPPHPHPPPPHPHHHHPPPHHPPPPPPPPHPHHHHHPHHP
998,PPHHHPHHPHHPPHHPHPHHHPPPPPHHHPPPHHPHHPPHPHPHPPPPPPHHHHP
999,HPHPPHHPHHHPPHHHPHPHHHPHPPPHPHHHPPHHHHHHPPHHPPHHPHHPPHP
