id,sequence
0,PPPPHHHPPH
1,HPPPHHPHPP
2,PPPHHPHPPH
3,PPHHPHPPHP
4,PHPPHHPPPH
5,PPHHHPPPHP
6,PPPPHPHHPH
7,HHPPPPHPHP
8,PPPPHHHPHP
9,PHPHPPHPPH
10,PPPPHPPHHH
11,PHHPPPHPPH
12,PPPPPHPHHH
13,HPHPPPHHPP
14,PPHPHPPHPH
15,PHPHPPPHHP
16,PPHHHHPPPP
17,PHPHPPHHPP
18,PPHPHHPPHP
19,HPPHPHPPPH
20,PPHHPPHPPH
21,PPHPHPHHPP
22,PHPPPHPHHP
23,PPHPPPPHHH
24,PPHHPHHPPP
25,PPHPHHPPPH
26,PPHHPPPHHP
27,HHHPPPPHPP
28,PHPPPPHHHP
29,HPPPPHHPHP
30,PPPHPPHHPH
31,HHPHPPPPPH
32,HPHPHPPPPH
33,PHHPPHPPHP
34,PHPPPHPHPH
35,PHHHPPHPPP
36,PHPPHPPHPH
37,PHPPPHHPPH
38,PHPPHHHPPP
39,HPHPPHPPPH
40,PPHHPHPHPP
41,PHPHPPPHPH
42,HPPHHPHPPP
43,PHPHHHPPPP
44,HPPPPHHPPH
45,PHPHPHPPPH
46,HHPPPHPPHP
47,PPHPPPHPHH
48,PHHPHPPPHP
49,HPPHPHPHPP
50,HHHPHPPPPP
51,PPHHPPHPHP
52,PHPPHPHPHP
53,PPPHHPPHPH
54,PPHPPHPHPH
55,PPHPPHHPHP
56,PPPHPPHPHH
57,PPHPHHHPPP
58,HHPPPHPHPP
59,PHPPPPHHPH
60,PPPPHHPHHP
61,PHPHHPHPPP
62,HPPPHHHPPP
63,HHPHPPPHPP
64,PHPPHPHPPH
65,PPPPHHPPHH
66,PPPHPHPPHH
67,PPPHPHHHPP
68,HHPPPPPHHP
69,PPPHHPHPHP
70,PPPHPPHHHP
71,PHHPHPPPPH
72,HPPPHPHHPP
73,HPPPHPPHHP
74,PPPHHHPPPH
75,HPPHPPHPHP
76,PPHPPHHPPH
77,HHPPHPPHPP
78,PHPPHHPPHP
79,PPPPHHPHPH
80,HPHHHPPPPP
81,PHHPPHPHPP
82,HPHPHPHPPP
83,PHPHPHHPPP
84,PHPPPHPPHH
85,HPHPPPPHPH
86,PHHPPPPHHP
87,HHPPPPPHPH
88,PHHHHPPPPP
89,HPHHPPPPHP
90,PPHHPPHHPP
91,PHHPPHHPPP
92,HPPHHHPPPP
93,HPPHPHHPPP
94,PHHHPPPHPP
95,PHHPPHPPPH
96,HHPPHPHPPP
97,PHHPHHPPPP
98,HPPHHPPPPH
99,PPPHHPPHHP
100,PPPPPPHHHH
101,PPHPHPHPPH
102,HPPHHPPHPP
103,HPHPPPHPHP
104,PHHHPPPPHP
105,PHHPPPPHPH
106,HPPPPHHHPP
107,HPHHPPPPPH
108,HPHPHHPPPP
109,PPPPHHHHPP
110,HPPHPPPPHH
111,HPPPHHPPHP
112,PHPPHPPPHH
113,HPPPPPHHHP
114,PPHHHPPPPH
115,HHPHPHPPPP
116,HHPPPPHPPH
117,PHPHHPPPHP
118,HPPHPPHPPH
119,HPHPPHPHPP
120,HPPHPPPHPH
121,HPHHPPPHPP
122,PPPHPHPHHP
123,PHPPHPPHHP
124,HPPPHPPPHH
125,PPHPHPHPHP
126,HPPHPPHHPP
127,HPPPPHPHHP
128,HPHPPPHPPH
129,HPHPPPPHHP
130,HPHPHPPHPP
131,PHPPPPPHHH
132,HPPPPPHPHH
133,HPPPPPHHPH
134,HPHPHPPPHP
135,PPHHPHPPPH
136,PHPPHHPHPP
137,PHPPPHHHPP
138,PPHPHHPHPP
139,PHHPPPHHPP
140,PPPHPHHPPH
141,PPHHHPPHPP
142,PPPPHPHHHP
143,PHPPPPHPHH
144,PPHHPPPPHH
145,PHHPHPHPPP
146,PPPHPHHPHP
147,HHPPPHPPPH
148,HPPHPPPHHP
149,PPPHHHHPPP
150,PPPPHPHPHH
151,PPHPPPHHPH
152,PHPPPHHPHP
153,PHHHPPPPPH
154,PPPPPHHHPH
155,PHHPHPPHPP
156,PPHHPPPHPH
157,PHPHPPPPHH
158,PPHPPHPHHP
159,PPHHHPHPPP
160,PHPHPPHPHP
161,PPPPPHHHHP
162,PPHPPHHHPP
163,HPPPHPPHPH
164,PPHPHPPPHH
165,PHPHPHPHPP
166,HHHPPPHPPP
167,HPPPHPHPPH
168,PHHHPHPPPP
169,PPPHHHPHPP
170,PPHPPHPPHH
171,HHHHPPPPPP
172,PPPHHPPPHH
173,PHPPHPHHPP
174,HPPPPHPHPH
175,HHHPPHPPPP
176,PPHPPPHHHP
177,PPPPPHHPHH
178,HPPHPHPPHP
179,PPHPHPPHHP
180,PPPHHHPPHP
181,PPPHPPPHHH
182,HPPPHPHPHP
183,HHHPPPPPHP
184,HPHHPHPPPP
185,HPPPPHPPHH
186,PPPHPHPHPH
187,HHPHPPHPPP
188,HHPPPHHPPP
189,PHPHHPPHPP
190,HPHPPHPPHP
191,PHPHPHPPHP
192,HHPPPPHHPP
193,HPPPPPPHHH
194,HHPPHPPPPH
195,PHHPPPPPHH
196,HPPPHHPPPH
197,HPHPPPPPHH
198,HHPPHPPPHP
199,HHHPPPPPPH
200,PPPHHPHHPP
201,HHPPHHPPPP
202,HHPHPPPPHP
203,PHHPPPHPHP
204,HPHHPPHPPP
205,HPPHHPPPHP
206,HPHPPHHPPP
207,HHPHHPPPPP
208,HHPPPPPPHH
209,PHPHHPPPPH
