id,sequence
0,HHHPHPHHHP
1,PHHHHHHHPP
2,HHHPHHHPHP
3,PHHHHPPHHH
4,HHHHPPHHPH
5,PHHHHHPHPH
6,HHHHHHPHPP
7,PHHHPHHHPH
8,HHPHPHPHHH
9,HHPHPHHPHH
10,HHHPPHPHHH
11,PHPHHHPHHH
12,HHHPHPPHHH
13,HHHPPHHPHH
14,PHHHPHHHHP
15,HHHPHHPHPH
16,PHPPHHHHHH
17,PPHHHPHHHH
18,HHHHPPPHHH
19,PPHHHHPHHH
20,PHPHHPHHHH
21,HPHHPHHHPH
22,HHPHPPHHHH
23,HPHHHHHPPH
24,HHPHHHHHPP
25,HHPPHHHHHP
26,HPPHHHHHPH
27,HHHHHPHHPP
28,HHHHHPPPHH
29,HHHPHPHHPH
30,HPPHHHPHHH
31,HHHPHPHPHH
32,HPHPHHPHHH
33,HHHHHHPPPH
34,PPPHHHHHHH
35,HHHHPPHPHH
36,PHHHHHHPPH
37,HHPHHHPPHH
38,HHHHHHPPHP
39,HHHHHPPHHP
40,HHPHPHHHHP
41,HPHHHHPPHH
42,HHPHHHPHHP
43,HPHHHPHPHH
44,HPHHHHHPHP
45,HHHPPHHHPH
46,HPHHHHPHPH
47,HPHHHHPHHP
48,HHPHHHPHPH
49,HPHHPHHPHH
50,PHHPHHHHHP
51,HHPHPHHHPH
52,PHHHPHHPHH
53,HPPHPHHHHH
54,HHHHPHPHHP
55,HHHPHHPPHH
56,PHHHHHPPHH
57,HPHPHPHHHH
58,HHPPHPHHHH
59,HHPHHPHHHP
60,HHHHHPHPHP
61,HPHHHPPHHH
62,PHHPHPHHHH
63,HHHHPHHPHP
64,HHHHPHPPHH
65,HPHHPHHHHP
66,PHHHPHPHHH
67,PHHHHHHPHP
68,HPPPHHHHHH
69,HHHHPHHPPH
70,HHHPPHHHHP
71,HHHPHHPHHP
72,PPHHHHHHPH
73,HPPHHHHHHP
74,HHPPHHPHHH
75,HPHHHHHHPP
76,HPHPPHHHHH
77,HHPHHPHHPH
78,HPHPHHHHHP
79,HPHPHHHPHH
80,PHHPHHHHPH
81,PHHPPHHHHH
82,HHHHHPHPPH
83,HHHHPHPHPH
84,HPHPHHHHPH
85,HPPHHHHPHH
86,PPHHHHHHHP
87,HHPPPHHHHH
88,HHPHHPHPHH
89,HHPHHPPHHH
90,PHHHHPHHPH
91,HHPHHHHPHP
92,HPPHHPHHHH
93,PPHHPHHHHH
94,HPHHHPHHHP
95,PHHHHPHHHP
96,PHHHHPHPHH
97,PHPHHHHPHH
98,HHPPHHHHPH
99,PHPHPHHHHH
100,PHHHPPHHHH
101,PHHHHHPHHP
102,HPHHPHPHHH
103,HHHPPPHHHH
104,PPHHHHHPHH
105,HHPPHHHPHH
106,HPHHPPHHHH
107,PHPHHHHHPH
108,HHHHHPPHPH
109,HHPHHHHPPH
110,PHHPHHHPHH
111,HHHPHHHPPH
112,HHHHPHHHPP
113,PHPHHHHHHP
114,HHHHPPHHHP
115,PPHPHHHHHH
116,HPHHHPHHPH
117,HHHPHHHHPP
118,PHHPHHPHHH
119,HHHHHHHPPP
