id,sequence
0,HPPPPPPHHP
1,PPPPPHHPHP
2,HPPHHPPPPP
3,PHPPHPHPPP
4,HHPPPPPHPP
5,PPPHPHPPPH
6,PPPHPPPHPH
7,PPHPPHHPPP
8,PPPPHPHHPP
9,PPPPHHPPPH
10,PHPHHPPPPP
11,HPPPPHPHPP
12,HPPPHHPPPP
13,HPPPHPPPHP
14,HPHPHPPPPP
15,HPHHPPPPPP
16,PPHHPPPPHP
17,PHHPPPPHPP
18,PHPPPPPHHP
19,PHPPHPPPPH
20,PPPPPPHHHP
21,HHPPPPPPHP
22,PHHPHPPPPP
23,PPPHPPPPHH
24,PPPPPHPPHH
25,HPPPHPHPPP
26,PPPPPHPHHP
27,PHPPPPHHPP
28,PPHPHHPPPP
29,PPPPHHHPPP
30,PPPPHPPHPH
31,HHPPHPPPPP
32,PPPHPPHHPP
33,PHPPHPPHPP
34,PPPHPHPHPP
35,PHPPPPPPHH
36,PPPHHPPPPH
37,PPHHPPPHPP
38,PHHPPPPPPH
39,HPPPPHPPPH
40,HPPPPPHPPH
41,PHPHPHPPPP
42,PPPHHPPPHP
43,HPPHPHPPPP
44,PHPPHHPPPP
45,PPPHPHHPPP
46,PPPHPHPPHP
47,PHPPPPHPHP
48,PPPPPHPHPH
49,PHPHPPHPPP
50,HHPPPPHPPP
51,PPPPPHHPPH
52,PHPPPHHPPP
53,HPPPHPPPPH
54,PPPPPPHPHH
55,PPHHPPPPPH
56,PHPHPPPPHP
57,HPHPPPPPPH
58,HPHPPHPPPP
59,PPPHPPHPPH
60,HPPPPPHHPP
61,PPPPHHPHPP
62,PPPHPPHPHP
63,PPHPPPPHPH
64,PHHHPPPPPP
65,PHPPPHPPPH
66,PPHPPHPPPH
67,PPHPPPHHPP
68,PPHPPHPPHP
69,PHPPPHPPHP
70,HPPPPHHPPP
71,PPPPPPHHPH
72,PPPHHHPPPP
73,PHPPPPPHPH
74,PHHPPPPPHP
75,HHPPPHPPPP
76,HPHPPPHPPP
77,HPHPPPPPHP
78,PPPPPPPHHH
79,PPHHPPHPPP
80,PPPHPPPHHP
81,PPPPHPPHHP
82,PPPPPHHHPP
83,PHPPPPHPPH
84,HHPHPPPPPP
85,PPHPHPPPPH
86,PPHPHPHPPP
87,PPHPHPPHPP
88,PHPHPPPHPP
89,PPPPHPHPHP
90,PPHHPHPPPP
91,PPPPHPPPHH
92,PHHPPHPPPP
93,HHPPPPPPPH
94,PPPHHPHPPP
95,PPHPPPHPHP
96,HPPPPPPHPH
97,HPPHPPPPHP
98,PPHPHPPPHP
99,PHPPPHPHPP
100,PHPHPPPPPH
101,PPHHHPPPPP
102,PHPPHPPPHP
103,PPHPPHPHPP
104,PPHPPPPHHP
105,HPPHPPPPPH
106,HPPHPPPHPP
107,HPPPPHPPHP
108,HPHPPPPHPP
109,HPPPHPPHPP
110,HHHPPPPPPP
111,PPPHHPPHPP
112,PPPPHHPPHP
113,HPPPPPPPHH
114,HPPHPPHPPP
115,PPHPPPPPHH
116,PHHPPPHPPP
117,PPPPHPHPPH
118,HPPPPPHPHP
119,PPHPPPHPPH
