id,sequence
0,PHPHPHHPHH
1,PHHPHHPHPH
2,HPHPHPHHHP
3,PHHPHPHHHP
4,HHPPPHHHHP
5,HHPPHHPHHP
6,PHHHHPHHPP
7,PPHHPHHHPH
8,HPPHPHHHHP
9,HHHPHPPHHP
10,PHHPHHHPPH
11,PPPHHHPHHH
12,PPHPHHPHHH
13,HHPPPPHHHH
14,HHPPPHPHHH
15,HPHPHPPHHH
16,HPPHHPHPHH
17,HHPHPHPPHH
18,HHPHPHPHHP
19,PHPPHHHHHP
20,HHPHHPHHPP
21,HHHHHPPPHP
22,PHHHHPPHHP
23,HHPHHPPPHH
24,HPHHHPHHPP
25,HPHHPPHHHP
26,PHPPHHPHHH
27,HPHHPPHPHH
28,HHHHPPHHPP
29,PHPHPHPHHH
30,HPHPPHHHHP
31,PHHHPPPHHH
32,PHPHHHHPPH
33,PHHHPHHPPH
34,PHHHPHHHPP
35,PHPHHHPPHH
36,HPPPHHHPHH
37,HHPHPPHHPH
38,PPHHHHHHPP
39,HPHPPPHHHH
40,PPHHPPHHHH
41,HHPHPHHPHP
42,PHHPPHHHHP
43,PHPHHHHPHP
44,HPPPHHHHHP
45,HPPPHHHHPH
46,PHHHPPHPHH
47,PPHHPHHPHH
48,PHHPPHPHHH
49,HHHPPPHPHH
50,PPHHHHPPHH
51,HPPHPHHHPH
52,HHHHPHPHPP
53,HHHPPHHPHP
54,HHPPHPHPHH
55,PHHHHHHPPP
56,HPHHHPHPPH
57,HHHPPHPHHP
58,HHHPHPPHPH
59,PHHHHPHPPH
60,PPHHHHHPPH
61,HHHPHHPHPP
62,HHHHPPPHPH
63,HHPPPHHPHH
64,PPHHHHPHHP
65,HHHPHHHPPP
66,HPPHHPHHHP
67,PHHHPHPPHH
68,PHHHPPHHPH
69,HPPHHPPHHH
70,PHHPHPPHHH
71,HHHHHPPPPH
72,HHPPHPPHHH
73,PHPHHHPHHP
74,PPPHPHHHHH
75,PHPHPPHHHH
76,PPPHHHHHHP
77,PHPPHHHHPH
78,PHPPPHHHHH
79,HHHPPHHPPH
80,HPPHHHHPHP
81,PPHPPHHHHH
82,HPHHHPPHHP
83,PHHHHHPPHP
84,HPHHHHPPPH
85,HHPHHPHPPH
86,HHPPHHPHPH
87,PHPHPHHHPH
88,HHHPHHPPPH
89,HHHPHPHPHP
90,HHPHHHPPHP
91,HPPHHHHHPP
92,PHHHPHPHPH
93,PPHHHPPHHH
94,HHHPHPHPPH
95,HHHHHHPPPP
96,PHHHHPHPHP
97,HHHPPPHHHP
98,PHPHHPHHPH
99,HPPHHHPHPH
100,HHPHPHHHPP
101,HHPPHPHHPH
102,HPHHHPPHPH
103,PPPHHPHHHH
104,HHPHHPPHPH
105,PHHPHPHPHH
106,HPHHPPPHHH
107,PHPHHHPHPH
108,HPPHPHHPHH
109,HPHHPHHHPP
110,PPHHHPHHHP
111,PPHHHHHPHP
112,HHPPHHHHPP
113,PHHPHHHHPP
114,HPHPHPHHPH
115,PHHHPPHHHP
116,HHHHPPPHHP
117,HPHPPHHHPH
118,PHHPHHPHHP
119,HHPHHPPHHP
120,HPPHPPHHHH
121,HHPPHHHPPH
122,HPHHPHPHHP
123,PHPHHPPHHH
124,HHHHHPHPPP
125,HHHHHPPHPP
126,HHHPPHPHPH
127,HHPHPPPHHH
128,PPHHHPHPHH
129,HHHPPHPPHH
130,HHHPPPPHHH
131,HPHHPHHPHP
132,PHHPHHPPHH
133,PHHPHPHHPH
134,HHPHPPHPHH
135,HHPHHPHPHP
136,HHPHPHPHPH
137,HHPPHHPPHH
138,HHHPPPHHPH
139,HPHPHHHHPP
140,HPHHHPHPHP
141,HPHPPHHPHH
142,HHPHPPHHHP
143,HPHPHHPPHH
144,PHHPPHHHPH
145,PPHPHPHHHH
146,HPHHHHPHPP
147,HPPPHHPHHH
148,HHHPHPPPHH
149,PHHHHHPHPP
150,HPHPHHPHHP
151,HPPHHHPPHH
152,HHHPHHPPHP
153,PPPHHHHHPH
154,HPHHHHPPHP
155,HPHPHHHPPH
156,HHHHPHPPPH
157,HHHHPHPPHP
158,HPHPHHHPHP
159,HPHHHPPPHH
160,HPHPHPHPHH
161,HPHPPHPHHH
162,HPPHPHPHHH
163,PPPHHHHPHH
164,HPPHHHHPPH
165,PPHHHHPHPH
166,HPHHPHPHPH
167,HHPHPHHPPH
168,HHHPPHHHPP
169,PHPHPHHHHP
170,HHPHHHPPPH
171,HHHHPHHPPP
172,PPHHHPHHPH
173,HHHHPPHPHP
174,PPHHPHPHHH
175,HHHHPPHPPH
176,PHHHHHPPPH
177,PHPHHPHPHH
178,PHPPHPHHHH
179,HHHHPPPPHH
180,PPHPHHHHPH
181,PHHPPPHHHH
182,HPHHPHPPHH
183,PHPHHHHHPP
184,HPPPPHHHHH
185,PHHPPHHPHH
186,PPHHPHHHHP
187,HHPPHPHHHP
188,PHHHPHHPHP
189,PHPHHPHHHP
190,PPHPHHHHHP
191,HPHPHHPHPH
192,PPHPHHHPHH
193,PHHHHPPHPH
194,PHPPHHHPHH
195,HPPPHPHHHH
196,HHPPHHHPHP
197,HPHHPHHPPH
198,HPPHHHPHHP
199,HPHHPPHHPH
200,PHHHPHPHHP
201,PHHPHHHPHP
202,HHPHHHPHPP
203,HHPHHHHPPP
204,HPPHHPHHPH
205,HHHPHPHHPP
206,HPHHHHHPPP
207,PPPPHHHHHH
208,HHPPPHHHPH
209,PHHHHPPPHH
