id,sequence
0,PPPPPHPPHP
1,PPPPHPPHPP
2,PPPHHPPPPP
3,PPPPPPHPHP
4,PPHPPPPPPH
5,PPPHPPPPHP
6,PHPPHPPPPP
7,PPPPHHPPPP
8,PHPPPPPPPH
9,PPPPPHHPPP
10,HPPPPPPPPH
11,PHPPPPPPHP
12,PHPPPHPPPP
13,PPHPPPPHPP
14,PPPPHPHPPP
15,PPPPPPPPHH
16,PPPPPPPHHP
17,HPPPPPPHPP
18,PPPPPHPHPP
19,HPPPPPPPHP
20,HPPPPPHPPP
21,HHPPPPPPPP
22,PHPPPPPHPP
23,HPPPHPPPPP
24,PPHPHPPPPP
25,PHPHPPPPPP
26,PPHPPPHPPP
27,PHHPPPPPPP
28,PPHPPPPPHP
29,PPPPPPPHPH
30,PPPPHPPPPH
31,HPHPPPPPPP
32,PPPHPHPPPP
33,PPPHPPPPPH
34,PPPPPPHPPH
35,PHPPPPHPPP
36,PPHHPPPPPP
37,PPPHPPPHPP
38,PPPPPHPPPH
39,PPPPPPHHPP
40,PPHPPHPPPP
41,HPPHPPPPPP
42,PPPPHPPPHP
43,HPPPPHPPPP
44,PPPHPPHPPP
