id,sequence
0,HHPPPHHPPH
1,HPHPHHPPPH
2,HPPHPHPHPH
3,HPPHPPHHPH
4,PHPPHHHPPH
5,HHPPPHPHHP
6,PHHPHPHPHP
7,PHHHPHPPHP
8,PHHPHHPHPP
9,PPHHHPHPHP
10,PHHHPPPPHH
11,PHHHPHPHPP
12,PHPHHPPHPH
13,HPHHHPPPHP
14,PPHPHHPPHH
15,PPHHPHHHPP
16,PHHPPHPHHP
17,PHHPPHPPHH
18,PHPHPPHPHH
19,HPPPHHPPHH
20,HPHHHPHPPP
21,PHHHHPPPPH
22,HHHPHHPPPP
23,PHHPHHPPHP
24,HHPHHPPPHP
25,PPPHHPHPHH
26,PHHHHPHPPP
27,HHPHPPHPPH
28,HPPHHHPPPH
29,PHHHPHPPPH
30,PHPHPPPHHH
31,PPHHHHPPHP
32,HPHPHPPPHH
33,PHPPPHHHHP
34,HPHHPHHPPP
35,HHHHHPPPPP
36,PHPHHHPPHP
37,HHHPHPHPPP
38,PPHHPHHPHP
39,HHPPHPPHPH
40,HPHPPPPHHH
41,PPPHPHHHHP
42,HPHPPHPPHH
43,HPPHHHHPPP
44,PHPPPPHHHH
45,PPHHHPPHPH
46,HHPHPPHHPP
47,HPHPPHPHHP
48,PPHPHHPHPH
49,PHHPPPPHHH
50,HPPHHHPPHP
51,PHPPHHPHPH
52,HPPPHHHPHP
53,HPHPHPPHPH
54,PPHHPHPHHP
55,PPHPHPHHHP
56,PPHPHPPHHH
57,PPHPHPHPHH
58,HPHPHHPPHP
59,PPPPHHHPHH
60,PHPHHHPHPP
61,PPHHPPHHHP
62,HPPHPHHPHP
63,HPHPPPHPHH
64,HHPHHPPHPP
65,HHHHPPHPPP
66,PHPHPHHPPH
67,PPPHHHPPHH
68,PPPHHHHHPP
69,HHPPPPPHHH
70,HHPPHPPPHH
71,HPHPPPHHHP
72,HPHPPHHHPP
73,PHHPHPPPHH
74,HHPPPHPHPH
75,PHHPPPHHPH
76,HPPPHPHHHP
77,PHHHHPPHPP
78,PHHHHHPPPP
79,PHPHHPHPPH
80,PHHPHPHHPP
81,HHPHPHPPPH
82,HHPPPPHPHH
83,PHPHPPHHPH
84,PHHPHHHPPP
85,PHHPPHPHPH
86,PPHHHPPHHP
87,HHPPHHPPPH
88,PHPHPHHPHP
89,PHHHPHHPPP
90,PHPPHPHHPH
91,HPPPPHPHHH
92,HPPHPPHHHP
93,PHHPPPHPHH
94,HHPPHPHPHP
95,HPHPHHHPPP
96,PPHHPHPPHH
97,PPHHPPHPHH
98,PPHPPHPHHH
99,HHPPPHHPHP
100,PHPPHHHPHP
101,HHHPHPPHPP
102,HHPHPPPHPH
103,HHPHPPPPHH
104,PHHPHPPHHP
105,PPPHPHHPHH
106,HHHPPHPPHP
107,PHHHPPPHHP
108,PHPHPHPHHP
109,PHPHPHHHPP
110,HHPPHHHPPP
111,PHPPPHPHHH
112,HHPHPHPHPP
113,PPHPPPHHHH
114,HPHPHPPHHP
115,PPHPHHHPHP
116,HPHPPHHPHP
117,PHPHHPHPHP
118,HPHPPHPHPH
119,HHHPHPPPHP
120,PHHPHPHPPH
121,HPHHPPPHHP
122,HPHPHPHPHP
123,HPPHPHPHHP
124,PHPPHPPHHH
125,PPHHPHHPPH
126,HPHHPPHHPP
127,PPHPPHHPHH
128,PPHHHPHHPP
129,HPHPPHHPPH
130,PPPPHHHHHP
131,HPPPPHHHPH
132,PPHHPHPHPH
133,PHPPPHHHPH
134,HPPHPHHPPH
135,HPPPHHHHPP
136,HPHPHPHHPP
137,HHPHHHPPPP
138,PPPHHHHPPH
139,HHPPPPHHPH
140,HPPPHHPHPH
141,HHHPPHPHPP
142,PPPPPHHHHH
143,PPPHHHHPHP
144,HPPPPHHHHP
145,HHPPHPHHPP
146,HHHPPPPPHH
147,PHPHHPPHHP
148,PPPPHHHHPH
149,HHPPHHPHPP
150,PHPPHHHHPP
151,PHHHPPHHPP
152,HPHHPPHPHP
153,HHPHHPHPPP
154,PPHPPHHHPH
155,PHHPPPHHHP
156,HHPHHPPPPH
157,HPPHHPHPHP
158,PHPHHPHHPP
159,HHHPPPPHHP
160,PHHHPPHPHP
161,PHHHHPPPHP
162,HPPPPHHPHH
163,HPPPHPPHHH
164,HPPPHHHPPH
165,PPHHHPHPPH
166,HPHHPPPPHH
167,PPPPHPHHHH
168,PHPPPHHPHH
169,HPHHHHPPPP
170,PHPHPHPHPH
171,PHHPHHPPPH
172,PHPPHHPPHH
173,HPPPPPHHHH
174,PPPHHPHHHP
175,HPHHHPPPPH
176,HHPPPHHHPP
177,HHPPHPHPPH
178,PHHPPHHHPP
179,HPPPHPHPHH
180,HPPPHPHHPH
181,PPHPHHPHHP
182,HPHHPPHPPH
183,HHPPHHPPHP
184,HHPPPPHHHP
185,HHPHPHPPHP
186,HHHHPHPPPP
187,HHHPPHPPPH
188,PPPHHHPHPH
189,HPPHHPHHPP
190,HPHHPHPPHP
191,HPPHHPPPHH
192,PPHHPPHHPH
193,HPHHPPPHPH
194,PHPPHPHHHP
195,PHPHHPPPHH
196,HPPHHHPHPP
197,PPHPHPHHPH
198,PHHPPHHPPH
199,HHHPHPPPPH
200,HPHPHPHPPH
201,PHPHHHHPPP
202,PPPPHHPHHH
203,PPHPPHHHHP
204,HHHPPPHPPH
205,HPPHHPHPPH
206,PHHPHPPHPH
207,PHHHPPPHPH
208,HPPHPHPPHH
209,HPPHHPPHPH
210,HHHPPPHHPP
211,PPHHHHHPPP
212,HHHPPHHPPP
213,HHPHPHHPPP
214,PHHPPHHPHP
215,PPPHPHHHPH
216,HHPPPHPPHH
217,PHPHPHPPHH
218,PPHHHPPPHH
219,HPPHHPPHHP
220,PPPHHPPHHH
221,PHPPHPHPHH
222,HHPHPPPHHP
223,PPHHPPPHHH
224,PPHPHHHHPP
225,HHHPPPHPHP
226,PPHPHHHPPH
227,HPPHPPHPHH
228,HPPHPPPHHH
229,HPHHPHPPPH
230,HPHHPHPHPP
231,PHPHHHPPPH
232,PHPHPPHHHP
233,PPPHPHPHHH
234,HPHPHHPHPP
235,HHPPHPPHHP
236,PPPHPPHHHH
237,HPHHHPPHPP
238,HHHHPPPPPH
239,PPPHHPHHPH
240,HPHPPPHHPH
241,PHHHPPHPPH
242,HHHPPPPHPH
243,PHPPHHPHHP
244,HPPPHHPHHP
245,HHHHPPPHPP
246,PPHHHHPPPH
247,HHHHPPPPHP
248,PPPHHHPHHP
249,HPPHPHHHPP
250,PPHHHHPHPP
251,HHPHPPHPHP
