id,sequence
0,HHHPHHHPHH
1,HHHHHHHHPP
2,HHHHHHPHPH
3,HPHHPHHHHH
4,PHHHHHHHPH
5,HPHHHHPHHH
6,HHHHHHPPHH
7,HHPHHHHHHP
8,HHPHHPHHHH
9,HHPHHHHHPH
10,HHHPHHHHHP
11,HPHPHHHHHH
12,HHPPHHHHHH
13,HPHHHHHPHH
14,HPHHHPHHHH
15,HHPHHHPHHH
16,PHHHHHHHHP
17,HHPHHHHPHH
18,PPHHHHHHHH
19,HPPHHHHHHH
20,HHHHHPPHHH
21,PHHHPHHHHH
22,HHHHHHPHHP
23,HHHHPPHHHH
24,HHHPHPHHHH
25,HHHPHHHHPH
26,HHHHPHPHHH
27,HHHHHPHHPH
28,HHHPPHHHHH
29,HHHHPHHHHP
30,PHHHHHHPHH
31,HHHHHPHPHH
32,HHHHHHHPHP
33,HPHHHHHHPH
34,PHPHHHHHHH
35,HHHPHHPHHH
36,HHHHPHHPHH
37,PHHHHPHHHH
38,PHHPHHHHHH
39,PHHHHHPHHH
40,HHHHHPHHHP
41,HHHHHHHPPH
42,HHHHPHHHPH
43,HHPHPHHHHH
44,HPHHHHHHHP
