id,sequence
0,HPPPPPPHHPPPHPH
1,PHPPPPHHHPPHPPP
2,PPPPHPHPHHPPPHH
3,PHPPPHPPPHPPPHH
4,PPHPPPPHPHPPPHH
5,PHHPPHPPHPPPPPH
6,PHHPPHPPHPPHPHP
7,HPPPPHHPPPPHHPH
8,PPPHPHPHHPPPPPH
9,HHPHHHPPPPPPPPP
10,PPHPPPHPHPHPPHP
11,HPPPPPPHPPHHPPH
12,PPPPHHHPPPPHPHH
13,PPPPHPPPHHHHPPP
14,PPPPHPPPHHHPPHH
15,HPHHPPHPPPPPHPH
16,HPHPHHPHPPPHPPP
17,PHHHPPPHPPPPHPH
18,PPPPPPHPHPHHHPP
19,PHPPHHPPPPPHHHP
20,PPPPPPHPHPPPHHH
21,PHPPPHHHPPPPPPH
22,HPPPPHPPPHPPHHP
23,HPPPPPHPPPHHPHP
24,HHPHPPPPPPPPHHP
25,PPPHHPPPHPHHPPH
26,PPHHPPPHPPPHPPH
27,PHPHHPHPPPHHPPP
28,HHHPPPPHHPPPHPP
29,PPHPPHPPHPPHHPP
30,PHPPHPPHPHHPPPP
31,HHPPHPPPHPPHHPP
32,PHPHHPPHPPHPPPP
33,HHPPHPHPPPHPPPP
34,HPPPHPHPPPPPHPH
35,HHHPHPPPPPHPPPP
36,PPHPPPHPPPHPHPH
37,PHHPPPPHPPPHPHH
38,PHPPPPPHHPPHPPH
39,PPHHPHHPPHPHPPP
40,HPPPHPPPHPPPHPH
41,HPPHPPPPHPHPHPH
42,PPPPHPHHPHPHPPP
43,PHHPHPPPPHPHPPP
44,PPPPPPHPHHPHHHP
45,PHHPPHPHHHPPPPP
46,PPPPHPHPPHPPHPH
47,HPHPPHPHPPPPPHH
48,PPPHPHPHPHHPPHP
49,HPHHPPHHPPHPPPP
50,PPPHPHPHHHPHPPP
51,PPHPHPHPPHPPHHP
52,PHPPPHHPPHPPPPH
53,PPHHPPHPPHHHPPP
54,HPHPPPPPHPPPPHH
55,PPHPHHHPPPHPHPP
56,PHPHHPPPPPPHPHH
57,PPPHHPHPHPPPHPP
58,HPPHPPHPHHHPPPP
59,PHHHPPPHHPPPPPH
60,HHHPPPPPPPPPHPH
61,HPPPHPHHPPPPHPH
62,HPPPPHHHPPPPHPP
63,PPPPHPHPPHHPHHP
64,HPHPPPPHHHHPPPP
65,PPHPPHPPHHHPPPH
66,HPPHHHHPPPPPPPH
67,PPHPPPHHPPPHPHP
68,HPPHPPPHHPPPHPP
69,PHHHPPPPHPPPHPH
70,HPPPPPPPHHPHPHH
71,PPPHPPPPHHPHHPP
72,HHPPPHPHPHHPPPP
73,HPPHPPPHPPHPPHP
74,PHPPHPHPHPPPHPP
75,PPHHHHPPHPPPHPP
76,HPPPPPHHPHPPPHH
77,HPPPHPPPPHHPPPH
78,PHPPHPPPHHPPHHP
79,HPPPPPHPPHHPPHP
80,HHPHPPPPHPPPPPH
81,PHHPPPPHHPPPHHP
82,HHPHPPPPPPHPPPH
83,HHHPPPPPHPPHPPP
84,PPPPHHHPHPPPHPH
85,HPPPPHHPPPPPHPH
86,PPPHPPHPPPHHPHP
87,HPHPPPHHPPPPPPH
88,HHPHHPPPHPPPPHP
89,PHPHPPHPHPPPPHP
90,PHPPHPHHPPPPHPH
91,HPPPPHPPHHPPPHP
92,HPPPHPPPHHPPPPH
93,PHPHHPHPPPPPPHH
94,PPHHPHPHPHPPPPH
95,HHHPPPPPPPPHHPH
96,PPPPHPPHPHPPPHH
97,PHPHHPPPPHPHHPP
98,PHHPPPPHPHPPHHP
99,PPPPHHHPHPHPPPP
100,PHHPHPHPPHPHPPP
101,PPHHPHPPPPPPHPH
102,PPPHPPPPHHHHHPP
103,PPPPHPPHHPHPHPP
104,PHPPHPPHPHPPPPH
105,PHPHPPPPHPHPHPH
106,HHPHPHPPPPPPHPP
107,HHPHPHPPPPHPPHP
108,HHPPPPHPPHPPPHP
109,HHHHPPPHPPPPPPP
110,HHPHPPHPPPPPPHH
111,HPPHPPPPPHPPHHP
112,PPPHPPHPPPHPPHH
113,PHHPPPHPPHPPPHH
114,HPHPHPPPHPPHPPH
115,PHPPPHPHHPPHHPP
116,PPPHHHPPHPHPHPP
117,HPPPHPPPPPHHPHH
118,PHHHPPPPPPPPHPH
119,HHPPHPPHPPPPHPP
120,PHPPHPPHHHPHPPP
121,HHPPHPHPHPPPPPH
122,PPPHPHHHPPPPPPH
123,HPPHPHPHPHPHPPP
124,PPPPPHPPHPPPHHH
125,HPHHPPPPHPHPPPP
126,PPPPPHPPHPHHHPP
127,PPPHPHPPPPHPHPH
128,HPPPPPHHPHPPHHP
129,PHPHHPHPPPPHPPP
130,PHPHPPPPPHHHPPP
131,PPPPPPPPHHHHPPH
132,PPHPPPHPHPPHPPH
133,PPPPHPPHHHPPPHP
134,HPHPHHPPPPHPPPP
135,HPHHPPPPPHPPHPH
136,PPHPPHPPHPHPHPH
137,PHPPHHHPPPPPPHH
138,HHPPHPPHPPPPHHP
139,HPHPPPPPPPHHPPH
140,HPPPPHPPHPPPHHP
141,HHHPHHPPPPPPHPP
142,PPHHPHPPPPHPPPH
143,PHPHPPHPPPPPHPH
144,PHPHHPPPPPHPPHH
145,PPPHPPPHHPHPHPH
146,PHHPPPPPPPHPPHH
147,HPPPPPHPHHPPHPH
148,PHHPPHHPPPPHPPH
149,HHPPPPHHPPPHPPH
150,PHPHHHHPHPPPPPP
151,HHHPPPPPHPPHPPH
152,PPPHPHPHPPPPHHP
153,PPPHPPPPHPHHPPH
154,PHHHPPHHPPPHPPP
155,PPPHPPHHHPPHPPH
156,HPHHPPPPPPPHPHP
157,PHPPPHPPHHHPPPH
158,PPPHPPPHPHPHHHP
159,PHPHHPPHHHPPPPP
160,PHPHHPPHPPPHPPH
161,HHPHPPPPPPHPPHH
162,PPPHPHPPHHHPPPP
163,PHHHPPPHHHPPPPP
164,HPPPPHHPHPHPPHP
165,HPHPHPPPPHHHPPP
166,PPHHPPPPPPPHHHH
167,PPPHHPHPHPPPPHH
168,PHHHPPHPHPPPPPH
169,PPPPPPPHHHPHPHH
170,PPPPPHPHPHHHPPP
171,PHHPPPHPPPHPHHP
172,HHPHPHPPHPPPPPH
173,HPPHPPHHPHHPPPP
174,PPPHPHPHHPHPPPH
175,HPHPHPPHHPPPPPP
176,HPHPPHPHPHPPPPH
177,PPPHPHHHHPPPPHP
178,PHPHPPPPPHHPPHP
179,PHPHPPPHHHPPPPP
180,HPPPHPPPHPHPPPH
181,PHHHPHPPPHHPPPP
182,PPPHPPHHPHPHPPH
183,HPHPPHPPPPPHPPH
184,PHPPPHHPPHPPPHP
185,HHPPHHPHHPPPPPP
186,PHHPHHPHPPPPPPH
187,PHHPPPHPPPPHHHP
188,PPHPHPPPHHPHPHP
189,PPPPHPHPHHHPPPH
190,PPHPHPPPPPHPHHP
191,PHPPHHHPPHPHPPP
192,PHHHPPPPPPHHPHP
193,HPPHHPPPPHPPHPH
194,PPPHHPHHPHPPPPP
195,PPHHPPPPHHPHPPH
196,PPHPHHHPHPPPPPP
197,PHPPPPPHHPHPHHP
198,PPPPHHHPPHPPPHH
199,HHPPHPPPPHHHPPP
200,PPHPHHPPPPPPHHP
201,PPPHPPHHHPHPPPH
202,HHPPHPHPPPPHHPP
203,PHPHPPHHHHPPPPP
204,HPHPPHHHPPPPPHP
205,HPPHPPPPPPHHPPH
206,PPPHPHHPHPHPPPH
207,PPPHHPHPPHPPPHH
208,PPHPPHPPHHPHPPH
209,HPPPPPHHPPPHHPP
210,HPPPPHHPHHPPPPH
211,HHPPHPPPPHPHPPH
212,HPPPPPPPPPHPHHH
213,PHHPHHPPPHPPPPP
214,PPPHPPHPPHHPPPH
215,HPHPPPPPHPHPHPH
216,PHHPHHHPPHPPPPP
217,PHPPHPHHPPPHPPP
218,HPHPHPPPPPHPHHP
219,HPPPPHHHPPPHPPH
220,PHHHPPPPHPPHPPH
221,PPHHPPHHPPPPPHP
222,HPHPPPPPPHHPPHP
223,HPHHHPHPPPPPPPP
224,PPPPHHHPHPPPHHP
225,HHPPPPHHHPPHPPP
226,PHHPHPPHPHPPHPP
227,HPPHPPHPPPHHPPH
228,PHPHPPHHHPPPPPH
229,HPPPPPPPPHPHPHH
230,PPHPPPPHHPPHPHH
231,HPPHHPHPHPPHPPP
232,PHHHPHPPHPPPPPP
233,PHHPHPPPPHHPPPH
234,PPHPHPHPHPPPPHH
235,PHHPPPPPHHPPPPH
236,HPPPHPHPHHPHPPP
237,PPHPPPPPHPPHPHH
238,HPPHPPPHPHPPPPH
239,HPHPPPHPPPPHPPH
240,PHHPPHPHPPPHHPP
241,PPPHPPHHPPPHHPH
242,PPPPHHHHPPHPPPP
243,PHHPPHPHPPHPPPH
244,PPHPPHPPHPHPPPH
245,PPPHHPPHPHHPPPP
246,HPPPPHPPPHHPHPP
247,PPHPPHPPPHPPHPH
248,PPPPHPPPHPHHPHH
249,PHPHHPHHPPPHPPP
250,PHHPHPPHPPHPPHP
251,PHPPHPPPHPHHHPP
252,HPHPHHPPPPPHPPP
253,PHPHHPHPPPPHPHP
254,PPHHPHPPPPPHHPP
255,PHPPPHHHPPHPPPH
256,PHPPHHPHPPPPHPH
257,PPPPPHPHPPPHHHP
258,HPHPPPPPHPHHPPH
259,HHPPHPPPHHHPPPP
260,PPHHPHPHPPPHPPP
261,HPPPPHHPPPPPPHH
262,HPHPHPHPPHPPPPP
263,PPHPHPPPHPPPHPH
264,PPHPHPHPHHPHPPP
265,HHPPPHPHPPPHPPP
266,PPHHHHPPPPHPPPH
267,HPPHPPPPPHPHPHP
268,PHPPPHPPHPHHPPH
269,HHPPPPHPHPHPPHP
270,PPPPHPPHPHPHPPH
271,PPHPHPHPHPPPPHP
272,PPHPPHPHPHHPPPH
273,PHPHHPPPHPPHPPP
274,HHPHHPHPPPPHPPP
275,HPPPHHPPPPHPHPP
276,PPPPHHHPPHPHPPP
277,HHPPPPHPPHHPPHP
278,HPPPHHPPPHHHPPP
279,HPHPHPPPHPPPHHP
280,PHPPPHPHHHHPPPP
281,PPPHPPPHPPHHHPP
282,HHHPPHPPHPPPHPP
283,PPPHPPHPPHPPPHH
284,PPHHPPHPPHPPPPH
285,HPPHPHPHPHPPPPP
286,HHPPPPPPPPHHPPH
287,PPPHPPPPPPHHPHH
288,HHHPPHPPPPPPPHP
289,PPPPPPHHHPPPHPH
290,HHHPPPPPPPHPPHH
291,HPHPPHPHPPPPPHP
292,HPPPHHHPHPPPPPP
293,HPPHPPPPPPPHHPH
294,PPHPPPHHPPPPPHH
295,PPHPPPPHHPHHPPH
296,PHHPPPPPHHPHHPP
297,PPHPHPPPPHHHPPP
298,HPPPHHPPHPPHPHP
299,PPPPHHPPPPHHPHH
300,HPPHPPPPHHPPHPP
301,PHPPHPPHHPHHPPP
302,PPPHPHPPHPPHPPH
303,PPHHPHPPPHPHPPP
304,HPHPHPPHHPPPHPP
305,HPPHHPPPHHPPPPP
306,HHPHPPPPPHHPPHP
307,PHHHHPPHPPPPPPP
308,HHPPPPHPPPHPHPP
309,PHHHPPPPHPPHPPP
310,HPPHHPHPPHHPPPP
311,PHPHHPHPPPHPPHP
312,PPPPPHPHPHHHHPP
313,HHHPHPPPPHPPHPP
314,PHPHPPHHPHPPPHP
315,HPPPPPPPHPHPPHH
316,PHPPPHPPHHPPPHP
317,PHPPPPHPHPPHHPH
318,PPPPPHHHPPPPHHP
319,PPPHPHPPPPPHHHP
320,PHPPPPPPPPHHHHP
321,PPHPPPHPPHPPHPH
322,PHPPHHPPPPPHPPH
323,PPHHHPPPPHPPPPH
324,HPPPPPHHPHPPPHP
325,HPPPPPHPPPHPHHP
326,PPHPHHPPPHHPPPP
327,PHHHPHPPPPPPHPH
328,PPHPHHPPHPPPHHP
329,HPPHPPPPHHPPHPH
330,PPPPPHHHHPPPHPP
331,HPPPPHHPPPPHPHP
332,PPPPPHHHHHPPPPP
333,PPPPPHPHPPPHHPH
334,PPPHHPHPHHPPPPP
335,HPPHHPPHPHHPPPP
336,HPHPPPPPHPHHHPP
337,PPPHPPHHPPHPHPP
338,PHPHPPPHPPPPHHP
339,PHPHPPPHPHHPPPH
340,PHPPPHPHHPPHPPP
341,PPHPHHPPPPHHPPP
342,PPHHPPPPHPHPPHP
343,HPPHPPPPHPHPPPH
344,PHHHPPHPPHPPHPP
345,PPHPHHHPPPHPPPP
346,PHHPHPPPPHPHHPP
347,PPPHPHHPPHPPHHP
348,PPPPPHPHHPPHHPP
349,PPHPHHPHPPPHHPP
350,PPPHPPPHHHPHPPP
351,PPPPPHPHPHPPHPH
352,HPPHPHHPPHPPPPH
353,PHHHPPPPPPPHPPH
354,PHHHPPPHHPPHPPP
355,PHPPPHPPHPPHHPH
356,PPPHPPPHPHPPPHH
357,HPHHPHPHHPPPPPP
358,PHPPPPPPPPHHPHH
359,PPPPHPHHHPPPHHP
360,PPPPPPHPPHHHHPP
361,PHHHHHPHPPPPPPP
362,HHPPPPPHHPHPHPP
363,PHPHPPHHPPHPPPP
364,PPHPPHHPPPHHPPP
365,PHPHPPPPHHHPPPP
366,PPPPPHPHPHPHPHP
367,PPHHPPPPHPHPHPP
368,PPHHPPPPPHHHPHP
369,PPHHPPPHHHHPPPP
370,HPPPPHPPHPHPPHP
371,PPHPHPHHPPPPPPH
372,PPPHHHPHPPPPHHP
373,HPPPHPHPPHHPPPH
374,PPPPPHPHHPHHHPP
375,PPHHPHHPPPPPHPH
376,HHPHPPPHPPPPHPP
377,PPHPPHHPPHPPPHP
378,HPPHHPPHPPPPHPP
379,HPPPPHPHPPPPHPH
380,HPHPPHHPPPPPPHH
381,HPPHHPPPPPHHPPH
382,PPHHPHPPHPPHPHP
383,PPPPHHHPPPPPHPH
384,PPHHPPPHHHPPPPP
385,HPHPHPPHHPPPPHP
386,PPPPHPPHHPHPPPH
387,PPHHHHPPPPHPPHP
388,HHPHPPPPPPHPHHP
389,PPHHPPHPPHHPPPP
390,PPHPHPPPHHPPHPH
391,HPHPHPPHPPPHPHP
392,HHPPPHPPPPPPHHP
393,HHHPPHHPPPPHPPP
394,HPPHPPPPPPHPHHP
395,HHPPPPHPPHPHHPP
396,PPPPPHHPPHPPHPH
397,PPHPHPHPPPHPPPH
398,HPHPHHPPHPPPPHP
399,HPPPPHPHPHPHHPP
400,PHHHPPPHPPPHPPP
401,HPPHPPPPPHPHPHH
402,PPHPPHHPPPHPPPH
403,PPPPPHHHPPPPPHH
404,HPPPPHHHPPPPPHP
405,HHPPHHPHPPPPPPP
406,PHHPHPPPHPHPPHP
407,PHPPHHHPPPHPHPP
408,HHPPHPPHPHPPPHP
409,HHPPPPPHPHPHHPP
410,PPHHPPHPHPPHPPH
411,PHHPHHHPPPPPPPP
412,PPPHHPPHHPPPHHP
413,PHHPPPHPPPPPPHH
414,PPPPPPHHPPPHHHP
415,PPPPPHPHHHPPPHH
416,HPPPHPPHPHPPPPH
417,HHPPPPPHHPPPPHP
418,HPPHPHHPHPPPPPP
419,PHPPPPHPHPHPPPH
420,PPHPPPHPHHHPPPP
421,HHHPHPHPPPPHPPP
422,PPPPHPHHPPHPPHP
423,HPPPPPPPPHHPHHP
424,PPPHPPHPHHPHPPH
425,HPHPPPHHPPHPPHP
426,HHPHHPPPHPPPHPP
427,HPPPPPHHHHPPPPP
428,HPHPPPPHPPPHPHP
429,PPPHPPHPHHPHPPP
430,HPHHHHPPPPPPPPP
431,HPPHPPPHPHHPPPP
432,HPPHHPPPPPPPPHH
433,PHHHPHPPPPPPPHP
434,HHHPPHPPPPHPPPP
435,PPPPHHHPPHHPPPP
436,HHPHPPPPPHPHPPH
437,HPPHPHHPPPPHPHP
438,PPPHHHPPPPHPPHH
439,PPPHPPPHPHHPHPH
440,HPPPPHHPPHHPHPP
441,PHHPPPHPPPHPPPH
442,PHPHHPPPPPPHPPH
443,HPHPHPPPPHHPPHP
444,HPPHPPHPHPPHPPH
445,HPPPPPHPPPPPHHH
446,HPPPPHPPHPPHPPH
447,PHHPPPHPHHPPPHP
448,PPHHHHPPPPPPHPH
449,PPPHPPHPPHPPHHH
450,PPHPHPPHHPPHPPP
451,HPHPPPPPPPHHHHP
452,HPHHPPHPPPPPPPH
453,PPHPHHPPHPPPPHH
454,HPHPPHHPPPPHPPP
455,HPHHHPPPPPHHPPP
456,PPHPPHPHPHPHPPP
457,PPHPHPPPPHPPHHH
458,HHHHPPPPPPPPPPH
459,PHPPHPPPHHHPHPP
460,PPPPHHPHPPHPHPH
461,PHPPPHHPHPPPPHH
462,PPPPPHPHHPPHPPH
463,HHPPPPPPPHHPPPH
464,HPPHPPPHHPHPPPP
465,HPHPHPPHPHPPHPP
466,PHHPPHPHPPPHPPP
467,HHPPPPPPHPHPHPH
468,HPPHHHHPPPHPPPP
469,PHHPHPPPHPHPHPP
470,HPPPHPPHHHPPPPP
471,PHPPHPHHPPPHPPH
472,HHHPPHPPPPHHPPP
473,PPHPHHHPHPHPPPP
474,PHPPHPPHPPHPPHP
475,HPPPPPHPPHHPPHH
476,PPHHPPPHHPPPPHH
477,PPHPHPPPPHPPHHP
478,HHPPPPPPHHHPPPH
479,PHHPPPPPHPPHPHH
480,PHPPPPHPPPPPHHH
481,PPHHHPHPHPPPPPH
482,HPHPHHPPHHPPPPP
483,PPHPPPHPPPPHHHP
484,PPPPPPPHHHHPPHH
485,PPHHPPPHPPPHHPH
486,HPPPHPPPPHPHPHP
487,PHPHPPPPHPHHPPP
488,HHPPPPHHPPPPPHP
489,HPPPHPPPHPPPHHH
490,HPPHHPPHPHPPPPP
491,HHPHPPPHHPPHPPP
492,HPPPPHHPPHHPPHP
493,PPPHPPPPHHPPPHH
494,PHPPHPHPPPPHHPH
495,PPHPHPPPHHPPPPH
496,PHHHPPHPPPPPHHP
497,PHPPPPHHHPPPPPH
498,PPPPHHPPPPHHPHP
499,PPPHPHHPHPPPPPH
500,PHHPHPPHPHPPPHP
501,PPHHHPPHPPPPPHP
502,HHHHHPPPPPPPHPP
503,PPPHHHPPHPPPHPH
504,HPPHPHHPPPHPPHP
505,PPPPPHPPHPPHHPH
506,PPPPHHPHPPHPPHH
507,HHPPPHPPPPPHPHH
508,PHPPHPHPPPHPHPP
509,HHPPHPPPPPPHHPP
510,PPPHHPHHPPPHPPH
511,PPHPPPPHPHHHPPP
512,PPHPPHPHHPPPHPP
513,PPHHHPPHPHHPPPP
514,PHHHHPPPPPHHPPP
515,HPHPPHPPPHPHPPP
516,PPHPPPPPPHHPPHH
517,PHPHHHPPHPHPPPP
518,PHPHHPPPHPPPPHP
519,PPPPHHPPHHHHPPP
520,PPHHPHHPPPPPPPH
521,PPHHPPPHPPHPPHP
522,PPHHPHPHPPPPHPP
523,PHHHPPPPPHHPHPP
524,HHHPPHPHPPPPPHP
525,PPHPPHHPHHPPPHP
526,PHPPPPHPHPHHHPP
527,PPHPHHHPPPPPHHP
528,PPHPPPHPHPPPHHH
529,PPHPHPPHHPHPPHP
530,PPPPHHHPPPPHHPP
531,PPHPHPPPHPHPPPH
532,PPPHPHPPPHPPPHH
533,HPPPPHPHPPPHHPH
534,PHPHPHHHPPPPPPH
535,PPPHPHPHPHPPPHP
536,HHPPHPPPPPPPHHP
537,HHPPHPPHPPPPPPH
538,PPHPHPPPPHPHPHH
539,PPHPHHHHPPPPPPH
540,PHPPHPPPPHHPPPH
541,PPPHPHPHHPPHHPP
542,PHPPHPPHPHPPHPH
543,PHHPPPPPPPHHPPH
544,PPPHPPPPPHHHPHP
545,PHPPPPHPHPHHPPP
546,HHPHHPPHPHPPPPP
547,PHHHPHHPPPPPPHP
548,PHPHPHPPPPPHHPP
549,HPHPPPHPPHHPPHP
550,PHHPPPPHPHPPPHP
551,HHPPHPPPHPPPHPP
552,HPHPPPPPPHHHPPP
553,HPPPPPHPHHHPPPH
554,HHPPPPPPHPPHPHH
555,PPPHHPPPHHPPHPH
556,PHHPPHPPHPPHPPP
557,PPHPPHPPPHHPHPP
558,PPPHPHHHPPPPHPP
559,HHHPPPPHPPHPPHP
560,HPHPPPPHHPPHPPP
561,PPPHHHPPPHHPPHP
562,HPPPPHPPHPPHPHH
563,PPPPPPPHHHPPHHP
564,HPPPPPHPHPPPPHH
565,PHHPHHHHPPPPPPP
566,HHPPPPHPPPPHHPP
567,PHPPPHPPPPHPHHH
568,PPPHHPPHPPPPHHP
569,HPPHPHHPPHPPPPP
570,PPPHPPHHPHHPHPP
571,PHHHPPPPHHPPPPH
572,PPHHPPPPPPHHHPP
573,HPHPPHHPPHPPPPP
574,PHPPHPPHPPHHPPH
575,PPPHHPPHPHPHPPH
576,HPPHHPPPHPHPPHP
577,HPPHPHPHPPPPHPP
578,PPPHHPPHPPHHPPH
579,HPHHHPPPHPPPHPP
580,HHPPHHPPPPHPHPP
581,PPPPHHPHHHPPPPP
582,PPHPPPHPHHPPPHP
583,PPHPHHHPHPPPPPH
584,PPPPHPPPHPPHHHP
585,PHPPPHPHPPPPHHP
586,PPPPPPHHPHHHHPP
587,PHPHPHPPHPPHHPP
588,PPPPPPPHPHHPHPH
589,HPPPHPHPHPPPHHP
590,HPHPPHPPPPHPPHH
591,PPPPPPPHHHHHPPP
592,PPPPPPPHHPPHPHH
593,PPHHHPHPPPHHPPP
594,PHHHPPPPHPPHPHP
595,PPPPHHHHHPHPPPP
596,PHPPPPHHPHPPPPH
597,PPPHPPPHHHHPPHP
598,HPPPHHPHPPPPHPP
599,PPHPHHPHHPPHPPP
600,HPHPPHHPPPPPPHP
601,PHPHPPPPPHHPPPH
602,PHHPPPHPPPPHHPP
603,PHPPPPHHPPPPHHP
604,PPPHPPPPHPHHHPP
605,PPPPPPHPHPHPPHH
606,PPHHHPHPHPPPPHP
607,HPHPPPPPHHPHHPP
608,HPHPHPPPHPHPPPP
609,HHPPHPPHPPPPHPH
610,HHPHPPHHPPPPPPH
611,HPHHPPPPHHPPHPP
612,PHHPHPHHPPPHPPP
613,PPHPHHHHPPPPPHP
614,PHPPHHPPPHPPHHP
615,PPHPHHPPHPHPHPP
616,PHPPHPPPPHPHHHP
617,PHPHHPPPHPHPPPH
618,HHHPPPPHHPPPPPP
619,PHHPPHPPHPHHPPP
620,HPHHHPPPPPHPPHP
621,HPPHHHPPPHPPPPP
622,PPHPPHHPHPHPPPP
623,PPHHHPPHPPHHPPP
624,PHPHPHPPPPPPHPH
625,PPHPPPPHPPPPHHH
626,PPHHPHHPPPPPPHP
627,PHPPPPPHPHHHPPP
628,PPPHPPPPHPPHHHH
629,PPHHPHHPPPPHHPP
630,PHHHPPPHPHPPHPP
631,HHHPPHPPPPHPPPH
632,PPPHPPPPPPHHHHH
633,PHPPHPPPHPPHPHP
634,PPPPPPHHPHHHPPH
635,PPPHPPHPHPHPHPP
636,PPPPPHPHPHPPHHH
637,HHHHPPPPHPPPPHP
638,HPPPPPPPHHPHHPP
639,HPPPPHPHHPPPHPH
640,HPPHPPHPPPPHPHH
641,PHPPPPHPHPHPPHP
642,PPPPPHHPHPHHPHP
643,PPPHHPHPPPHPHPH
644,HHPPPPPPHPHPPHP
645,PPPHHHPPPHPPPHP
646,PHPHPPPHPHPHPPH
647,HHHPPPHPPPHPHPP
648,PHHPPPHHHPHPPPP
649,PHHPPPPPPPPPHHH
650,PPHPPPHHPPPHPHH
651,HHPHPHPPHPPPPPP
652,PPPPHHPPPHPPHHH
653,HPPPPPHPPPPHHHP
654,PHPHPPHPPHPHPPP
655,HPPPPHHHPPHPPPP
656,PPPPHPPHPHHPHPP
657,PPHPPHPPPPHPHHP
658,HHPPPHHPPPPHPPH
659,PPPHPHHPPPHPPPH
660,PHPPHHHPPPPPHPH
661,PPPPHPHHHHPHPPP
662,PPHHHPPHPPPHHPP
663,PPHPHHPHPPPPHPH
664,PPHPHHPPPPPPHHH
665,HPPHHHPPHPPPHPP
666,HHPHHPPPPPHHPPP
667,PPPHPPHPHPPPPHH
668,HHPHHPPPHPPPPPP
669,PPPHPPHPPHHPHPH
670,PHHHPHPHPPPPHPP
671,PHHPPHHPPPPHPPP
672,HPPPPHPHPHPPPHP
673,HPPPPHHPPPHPHPP
674,HPPPHHPPHHHPPPP
675,HPHHPPPPPHPPPHH
676,PHPHPPPHPHPPHPH
677,PPPPHPPHHHHPPHP
678,HHHHPHPPPPPHPPP
679,PPHHHHPPPHPHPPP
680,HPPPHPPHPPPHHPH
681,PPHPHPPHHHPHPPP
682,PHPPPPHHPPPHHPP
683,PPHPHPPPPPPPHHH
684,PPPHPHHPPHPHPPP
685,PPPHPPPHPHPPHHP
686,HPPHPPHHHPPPPPH
687,HHPPPHPHPPHPPPP
688,PHPPPPPPHHPHHHP
689,HHPHPPHPPPPHPPP
690,PPPPHPHHPPPHHPH
691,PHPPHPHHHHPPPPP
692,PPPPHPPHPHPPHHH
693,HHPHPPPPHPHPPPH
694,PHPPHHHHPPPHPPP
695,HHPPPPPHPHPPHPP
696,PHPHPPPPHHPHPPP
697,PPPPHPHPPHHPPPH
698,PPPPHHPPHPHPPPH
699,PPPHPHHPHPPPPHP
700,HPHPPPHPHPPPHPP
701,PHPHHHHHPPPPPPP
702,PPPPHHPHHPHPHPP
703,PPPPHHHPPPPPHHH
704,PPPHHPPHPPHHPPP
705,PPPPHPHPHHPPHPP
706,HPPPPPPHHPPHPPH
707,HPHHPPHPPHPHPPP
708,PHPPPHHPHPPPHPP
709,PPHPHPPPPPHHHPP
710,PPHPPHPPHHPPHPP
711,PPPPPHHHHPHPHPP
712,PHPPPPPHPPHHHPH
713,PPHPHHPPPPPHPHP
714,HPPPHHPHPPHPHPP
715,PPPPPPHHHPPHHPP
716,HHPPPPPPPPPHHHP
717,HHHHPHPPPPPPPPP
718,HPPPHPPHHPPPPHP
719,PHPPHPPHPHPPPHH
720,HPHPPHPPHPPPPPH
721,HPHHPHPPPHPPPPH
722,HPPPPPHPPPHHPPH
723,PHPPPHHPHPHPPPH
724,PPHPHPPPHPPPHHP
725,HHPPHHHPPPPPPHP
726,HPPPPHPHPPHPPHH
727,PPPHPPPHHPPHPHH
728,HHPPPHPPPPHHPPH
729,PPPPHHPHHPPPHHP
730,PPHHPHHPPPHPPPP
731,PPPPPPPHHPPHHHH
732,PPHPHHPHPPPHPPP
733,HHPPPHPHPPHPHPP
734,PHHPHHPPHPHPPPP
735,HHPHPPHPPHPPHPP
736,PHHHHPHPPPPPPPP
737,HPHHPHPPPPPHPHP
738,PHHPPHPPPPHHPPH
739,PPPHHHPPPPPPHHP
740,PHPHPPHPPPPPPHH
741,PHPPPHPHPPHHHPP
742,PHPHPPPPHPHPPHP
743,PHPHPHHPHPPPPPP
744,PHPHPPHHPPPPPPH
745,HHPPHPPHPHPPPPH
746,PHPPPPHPPPHPHHP
747,PPPHPHPPHHPPHPP
748,HPPHHHPPPHPPPHP
749,HPHHPPPPHHPPPPH
750,PPPHPHPHPHHPPPP
751,HPPHHPPPPPPPHHP
752,PHPPPPPHPHHHHPP
753,HHHPPPPHPHHPPPP
754,PHHPPPHHHHPPPPP
755,PPPPHHPPHPHPPHH
756,HHHPHPHPPPPPHPP
757,PPPPHPHPPPPHHPH
758,HHPPPHPPHHHPPPP
759,HPHPHPPHPPPPPHH
760,HPHHHPHPHPPPPPP
761,PHHHPHPPPPPPHHP
762,PHPPHPHHPPPPPPH
763,PPPPPPHHHHPHPPP
764,PHPHPPPPPPHHPHH
765,PHPPPPHPHPPPHHP
766,PPHHPPHPPPPHHHP
767,HPPHPPHPPPHPHPP
768,PPHPPPHPHPPPPHH
769,PPPHHPPPHPHPHPP
770,PHHPPHPPPHPHHPP
771,PPPPPHHHPPPHPHH
772,PPPHHPPHPPHPHPP
773,HPHHPPPPPPPHHPP
774,HHHHPPPPPHHPPPP
775,PPHPHPHPPPPHHPH
776,PPHPPPHHPPHPPPH
777,HHPPPHHHPPPPPHP
778,HHPPPHPPPPHHPPP
779,PPPHPHHPHHHPPPP
780,PPPPHPHHPHPPPPH
781,HPPPHHPHPPPHPPP
782,PPPPHHPPPPPHHHP
783,PPPHPHPPPHPHHPP
784,PHPPPPPPHPHPHHP
785,HPPPHPPHPHPPPHH
786,HHPPPPHHPPHPPPH
787,HPHPPPHHPHPPPHP
788,PHPPPHPPHHPPHPP
789,HPHPPHHHPPPPHPP
790,PPPHHHHPPPPPPPH
791,HPHHHPHPPPPPPHP
792,PPHPHPHHPPPPHPP
793,PPPHHHPHPPPPHPH
794,PHHPPHPHHPPPPHP
795,PHPPHHPPHPPPHPP
796,PHPHPHHHPPPPPPP
797,PPHHPHPPHPPPHPH
798,PPPHPPHPPHHHPPH
799,PPHHPHHHPPPPPPP
800,HPPPPHHPHHHPPPP
801,PHPHPPPPHHPPHPP
802,HHPPPPHPPPPHPPH
803,PPHPPHHPPPPPHHP
804,HHHPHPPHPPPPPPH
805,PPPHHPPPPPHPHHH
806,PPHHPPPPHPHPHHP
807,PPHPPPPPHHPHPHH
808,PPPHPPPHPPHPHHH
809,HPPHPPPHPPHHPPP
810,PPPPPPPHPHHPHHH
811,HPPHPPPPPHPHHHP
812,HPHPPPPHPHPPPHP
813,HPPPHHHPPPPPPHP
814,PPHHHHPPPPHHPPP
815,HPPPHHPPPPPPPHH
816,HHPHHHPPPPPPPHP
817,HPHPPPHHPPHPPPP
818,PHPPPHHHHHPPPPP
819,PPPHHPPHHHPPPPH
820,PHPPPHHHPHPPPHP
821,PHHPPPHPPPHHHPP
822,HHPPPPPHHHPHPPP
823,PHHHPPPPHHHPPPP
824,PPPPHHPPPHPHPHP
825,HPPHPPPHPHPHPHP
826,PHPHPPPPHPPPPHH
827,PPHHPPHHPPPHPPH
828,HPPPHHPPHPPPPHH
829,PHPPPPPHPHPPHPH
830,HHPPPPPHHPPHHPP
831,HHPPPPHPPHHHPPP
832,HPHPPHPPHPHPPPH
833,HPHPHPPHPHHPPPP
834,PHPPPHHPPPPHHHP
835,HPHPHHPPPPPPHPP
836,PHPPPPPPHHPHPHH
837,PPHPPPPHHPPPPHH
838,PPPHPHHPPHHPPPP
839,HHHPPPHPPPPPPHP
840,PPPPPHPPPHHHPPH
841,HPPHPPPPPPHHHPH
842,PPHHPPPHPHHHPPP
843,HPPPPHPPHPPPHHH
844,PHHPPPPPHHPPHPP
845,HPHPPHHPHPPPPPH
846,HPPHPPPHPHPPHPP
847,PPPPPPHHPPHHPPH
848,PHPPHPPHPPHPHPP
849,PPPPPHPHHHPPPPH
850,PHHPPHHPPPHPPPP
851,HPPPHPHPPHHHPPP
852,PPPHHPPHPPPHHHP
853,PHPPHHHPPPHHPPP
854,HPPPPHPPPHPHHHP
855,PPHPPHPHHHPHPPP
856,HPHPPPPPPHHHPPH
857,PPHPPPPPPPHHHPH
858,HPPHPPHPPPPHPHP
859,HHPHPPPPPPPHHPH
860,HHHHHPHPPPPPPPP
861,HHPPPPPPPHPPHHP
862,HPHPPPPHPPHPHHP
863,PPPHPHHPHPPHPPP
864,PHPHPHHHPPHPPPP
865,PPHPPHPPHPHHPHP
866,HPPHPPPHHPPPPHP
867,PPHHPPPPHHPPPPH
868,PHPPPHPHPHPHPPP
869,PPHPHPPHHPHHPPP
870,HPHPPHPPHPPPPHP
871,HHPHPHPHPPPPPHP
872,PHHPHPPPPPHHPPP
873,HHHPPPHPPPHPPPH
874,PPPPHHPPHHPHHPP
875,PPPHHPHPHPPHPPP
876,PPHPPPPHPHPPHHP
877,PHPPHPPHPHHPPPH
878,HPPPHPPPPPHHPPH
879,PPPPHHPPPPPPHHH
880,PHPHHPHPPHPPPHP
881,PPPHPHHPPPPHHHP
882,PPHPPPPPHHHHPHP
883,PHPPHPHPPPHPPHH
884,PPHHPPPPHPHPPPH
885,PPPPPPPHHHHPPHP
886,PHHHPHHHPPPPPPP
887,PPHHHHPPPHPPPPH
888,HPPPPHHPPPPHHHP
889,HPPHPHPHPPPPHHP
890,HPHPPHHHPHPPPPP
891,HPPPHHPPHPHPPPP
892,PHPHPPPHHPHPPPP
893,HHHPPHHPPPHPPPP
894,PPHPPPPHPHPPHHH
895,PPPPPPHHPPHHHPP
896,HHPHPPHPHPPPPPP
897,HPHHPPPHPPHHPPP
898,PHPPPHHHPPHPHPP
899,HPPPPPPHHPPHHPP
900,PPHHPPHPPHPHPPP
901,HPPHPPPPPPHHPHH
902,PHPPHPPPHPHPHHP
903,PPPPHPPHHHPHPPH
904,HPPPPHPPPPHPHPH
905,PHHPPPPHPHPPPPH
906,HPHPHPHPPPPPPHP
907,PPPHPHPHPPPPHPH
908,HPHPPPPPHPPHHHP
909,PPHPHHHPPPPPHPH
910,HHPHPPPPPPPHPHP
911,PHPHPPPHHHPPHPP
912,HPPHHPHPHPPPPPP
913,HPPPHHHHPPHPPPP
914,HPPPPHHHPHPPPHP
915,PHHPPHPPPHPPHPP
916,PPHPPHPPHPHHHPP
917,PHPHPHPPPPPHHPH
918,HHHPHPPPPPPPHPP
919,PHPPPPHPHHPHPHP
920,PHPHPPHPHPPHPHP
921,PPPPPHPPHPHHHHP
922,HPHPPHPPHPPPHPH
923,PPHPHPPPPPHHPHP
924,HPPHHPPPPHPPHPP
925,PPHHPPPPHPHHPPH
926,PPHPPPPHHHPHPPH
927,PPPPPHHHPHPHPPP
928,PHHPPPHPPHPPHPP
929,PHPPHHHPHHPPPPP
930,HPPPPHPPPPPHHHH
931,HPPPPPHHPPPHHHP
932,HHPHPHHPHPPPPPP
933,PHHPPPPPPPHHPHH
934,HPPHHPPHPPHPPHP
935,PHPPHPHPPPHPHPH
936,PPPPHPPPHPHPHHH
937,PPPHPHPHPPHPHHP
938,PHPPPHPHHPPPPPH
939,PHHHHPPPPPHPPPP
940,PPHPHHHPPHHPPPP
941,PPPHHPPPPHHHPPP
942,PHHPPHPPPPPHHHP
943,HHPPHPHHPPPHPPP
944,HPPHPHPPPPPHPHH
945,PPPHHPPPHHPPHPP
946,PPPHPPPPHPPHPHH
947,HPPPPHPPPHHHPPH
948,HPHPPPPPPPHHPHP
949,PPHHPHHPHPHPPPP
950,HPHPHHPPPHPPPPP
951,HPPHPPPPPHHHPPH
952,PPPHHHHHHPPPPPP
953,PHPPHPPHPHPPHPP
954,HPPPPHHPPPHHPPH
955,PHHPHPPPPPHPPPH
956,PHHPHPPHPPHPPPH
957,HPHPHPHPPPHPHPP
958,PHPPPHPPPPHPPHH
959,PPPHHPPPHHPPHHP
960,PPPPHHHPPPPHHPH
961,PPHPPHPHPPPHHPH
962,PHHHPHPPPHPPPHP
963,HPPHPHPHPPHPPPP
964,PPPPHPHHPPPPHHH
965,PHPPHHPPPPHHHPP
966,PHHPPPHPHHPPPPH
967,PPPPPPPHHPHHHPH
968,PPPPPHPHPHPHHHP
969,PPPPPPHHPPHPPHH
970,HPHPPPPPHHPPPHP
971,PPPHHPHHPPHHPPP
972,PPPHPPHPHHHPHPP
973,PPPHHPHHPHPPPHP
974,HPHPPHPPPHPPPPH
975,PPPHPHHPHHPPPPH
976,PPHPPPHHPHPHHPP
977,PHHPHPPHPPHPHPP
978,PPHPPPHHHPPHHPP
979,PHHPPPHPHPPHPHP
980,HPPPPPPHHPHPPPH
981,PPPPHPPPHHPHHPP
982,PPHPHHHPPHPPPPP
983,PHHHPPHPPPPPPPH
984,PPPPPPHPPHPPHHH
985,PPHPPHPHPPPHPHH
986,HHPHPHPPPHPPPPP
987,PHPHHHHPPPPPHPP
988,PHPHPHHPPPHHPPP
989,PHHPHHPHPPPPPPP
990,PHPPHPPHPPPPPHH
991,HHPPPHPPHHPPPPH
992,PHPPPHPHPHHPPPP
993,PPPHPHPPHPHHPPH
994,PPPPHPHPPHPHPHH
995,PHPPHPPPHPPPHPH
996,PPHPHHPPPPHPHPP
997,PPPHPHPPHPHHPHP
998,PPHHPPPPPHPPHPH
999,PPHPPHHPHPPPPHH
1000,PPHPPPHHPPHHPPH
1001,PPPHPHHPPHHPPPH
1002,HHPPPPPPHHPHPPP
1003,PPHPHHPPPHPPPHP
1004,HPHHPPPPHPPPHPH
1005,PHHPHPPPPPPHPPH
1006,HHPPPPPPPHPPPHH
1007,PPHHHHPHPPPPPPH
1008,HHPHPPHPHPPPPPH
1009,HHHPHPPPPPPPPHP
1010,PHPHHHPPHPPPPPP
1011,PPPPPPPHHHHHHPP
1012,HPPHHPHPPHPPPPP
1013,HHPPPHPHPPHPPPH
1014,PHPPHPPPPPHHPHH
1015,HPPPPPHHPHPPPPH
1016,PPPPHPHPPPPHPHH
1017,PHPPPPHHPPHPPPH
1018,HHPPPPHPHHPPPHP
1019,HPPHPPHHPPHPPPP
1020,HPPPPPHHPPHPPHP
1021,PPHHHPHPPHHPPPP
1022,PPPPHPPPHPPPHHH
1023,PPHHPPHHPPPPPPH
1024,PHPPHPPPPPPHHPH
1025,PPHPHHPPHPPPPHP
1026,HHPHPPHPPPPPPHP
1027,HPHHHPPPPHPPHPP
1028,PHPHPHPPPPHPPHH
1029,HPPHHPPPHPHHPPP
1030,HPHHPPPPPHPPHPP
1031,PPHHPPPPPPPHHHP
1032,HPHPPPPPHPHPPHP
1033,PHPHHPPPPHPHPPH
1034,PPPHPHPPPPPPHHH
1035,HPPHPPPHHHPPPPH
1036,HPPHPHPPPHPHPPP
1037,PPPPPPPHHHHPHHP
1038,HPPPPPHPPHPHPHP
1039,PHPPPHPPHPHPHPH
1040,PHPPHHPPPHHPPPP
1041,PHHPPHPPPHPHPPP
1042,HPPHPPHPPHHPHPP
1043,HPPPPPPPHPHPHHP
1044,HPPHHHPPHPPPPPP
1045,PHHPHPHHPPPPPPH
1046,PPHHPHHPPPHHPPP
1047,PPHPPPPHHHPPPPH
1048,PHPPHHPPHPPHPHP
1049,PHPPHHPPPHPHPPP
1050,PHPPPPPHHHHPPPP
1051,PHPHHPHPPPPPPPH
1052,HPHPHPPHPPPPHHP
1053,PPHPHHPPPPHPPPH
1054,PHPPPHPHHPPPHPP
1055,HPHPHPHPPPPHPHP
1056,PHPHPHHPPHPHPPP
1057,PHHPPPPHPPPHPHP
1058,PPHPPHHHPPHPPPP
1059,HPHPPHHPPPPPHPP
1060,PPPPPPHPPPPHHHH
1061,PPPHHPPPHPHHPPP
1062,PHPPPHPPPPHHHPP
1063,PPPPPHPHPPHPHHH
1064,PPHHHPPHPPPPPHH
1065,PHPHPPPHPPPHPHP
1066,HPPPPPPHPHHPPPH
1067,HPPHPPPHPPHPPHH
1068,HPHPPPPPHPPHPHP
1069,PHPPPPPPPHPHPHH
1070,HPPPPHHPHPPPHPP
1071,PHPHPHHHPPPHPPP
1072,HPHPPHPPPPHPHPP
1073,PPPPPHPHPPHHHHP
1074,HPPPPPPPHPHHHPP
1075,PHHHPHPHPPPPPPP
1076,PPPPPHPHPHPHPPH
1077,HHPPHPPPPHHPPHP
1078,HPHPPPHPHPHPHPP
