id,sequence
0,HHPHPHHHHHHHHHH
1,HHHHHHPHHHPHHHH
2,HHHPHHPHHHHHHHH
3,HHHHHHHHHHHHPPH
4,HHPHHHHPHHHHHHH
5,HHHHHHHHPHHHPHH
6,HHHHHPHHHHHPHHH
7,PHHHHHHHHHHHPHH
8,HHHHPHHPHHHHHHH
9,HPHHHHHHHHPHHHH
10,HHPHHHHHHHHHHHP
11,HPPHHHHHHHHHHHH
12,HPHHHHHHHHHHHPH
13,HHHHHHPHPHHHHHH
14,HHHHHHHHHHPHHHP
15,HHHHHHHHPHHHHPH
16,HHPHHHHHHHHHHPH
17,HHHHHHHHHHHPHHP
18,HHHPPHHHHHHHHHH
19,HPHHHHHHHPHHHHH
20,PHHHHHPHHHHHHHH
21,HPHHHHHPHHHHHHH
22,HHHPHHHHPHHHHHH
23,HPHHPHHHHHHHHHH
24,HHHHHHHHPPHHHHH
25,HPHHHPHHHHHHHHH
26,HHHHPHHHHHHHPHH
27,HHPHHHHHHHHHPHH
28,HHPHHHHHHHHPHHH
29,HHHPHHHHHHHPHHH
30,PHHHHHHHHHHHHPH
31,HHHHHHPHHHHHPHH
32,HHHHHHHHHHPHPHH
33,HHHHHHHHHHHHHPP
34,HPHHHHHHHHHHHHP
35,HHHHHPHHHHHHPHH
36,HHPHHHHHHHPHHHH
37,HHHHPHHHHPHHHHH
38,HHHHHHPHHHHHHPH
39,HHHHHHHHPHHPHHH
40,PHHHHHHPHHHHHHH
41,HHHHHHHHPHHHHHP
42,PHHHHPHHHHHHHHH
43,HHHPHHHHHHHHPHH
44,PPHHHHHHHHHHHHH
45,HHHHPPHHHHHHHHH
46,PHPHHHHHHHHHHHH
47,HHHHHHPHHHHPHHH
48,HHHHHPHHHHHHHHP
49,HHHHHHHHHHHPHPH
50,HHHHHHHHHPPHHHH
51,HHHHHHHPHHHHHHP
52,HPHHHHPHHHHHHHH
53,PHHHPHHHHHHHHHH
54,HHHHHHHPHHHHPHH
55,HPHPHHHHHHHHHHH
56,HHHHHPHHHHHHHPH
57,HHHHHHHHHPHHHPH
58,HHHHHHHHPHPHHHH
59,HHHHHHPPHHHHHHH
60,HHHHPHHHPHHHHHH
61,HHHHHPHHPHHHHHH
62,PHHPHHHHHHHHHHH
63,HHPPHHHHHHHHHHH
64,HHHHHHHHHHHHPHP
65,HHHHPHHHHHHHHPH
66,HHHHHHHPHHHPHHH
67,PHHHHHHHHHHHHHP
68,HHHHHHHHHHPPHHH
69,PHHHHHHHHHHPHHH
70,HHHHHHHHHHHPPHH
71,HHHPHPHHHHHHHHH
72,HHHHPHHHHHHPHHH
73,HHHHHHHPHHHHHPH
74,HHHHPHPHHHHHHHH
75,HHHHHHPHHHHHHHP
76,HHHHHHHPHHPHHHH
77,HHHHHPHHHHPHHHH
78,HHHPHHHPHHHHHHH
79,HHHPHHHHHHPHHHH
80,HHHHHHHPPHHHHHH
81,HHHHHHHHHPHPHHH
82,HHHHHPHHHPHHHHH
83,PHHHHHHHPHHHHHH
84,HHPHHPHHHHHHHHH
85,HHHHPHHHHHPHHHH
86,HPHHHHHHHHHHPHH
87,HHHPHHHHHHHHHHP
88,HHHHHPPHHHHHHHH
89,HHHPHHHHHHHHHPH
90,PHHHHHHHHHPHHHH
91,HHHHHPHPHHHHHHH
92,HHPHHHHHHPHHHHH
93,HHHHHHHPHPHHHHH
94,HHPHHHPHHHHHHHH
95,PHHHHHHHHPHHHHH
96,HPHHHHHHHHHPHHH
97,HHHHHHPHHPHHHHH
98,HHHHPHHHHHHHHHP
99,HHHPHHHHHPHHHHH
100,HHHHHHHHHHPHHPH
101,HHHHHHHHHPHHHHP
102,HHHHHHHHHPHHPHH
103,HPHHHHHHPHHHHHH
104,HHPHHHHHPHHHHHH
