id,sequence
0,HHPHHPPHHHPHHHH
1,HPHPHHHPHPHHHHH
2,HPHPHHHPHHHHPHH
3,PPPHHHHHHHHHHPH
4,PHHPPHPHHHHHHHH
5,PPHHHHHHHHHHHPH
6,HHHHHPHHPHHHHPH
7,HHPHHHHPHHPHHHP
8,HHHHHHHHPPHHHHP
9,HHHHHHPHHPHHHHP
10,HPHHHHPPHHHHHHH
11,HHHHHHPPHHPHPHH
12,HHHPPPHHHPHHHHH
13,HHHHHHHHPHHHPHP
14,HHHHHHPHHPPHHHH
15,PPHHPHHHHPHHHHH
16,HHPHPPHHHHHHHHH
17,HHHHPPHHHPHPHHH
18,HPHHPHHHPHHHPHH
19,PPHHHHHHHPHHPHH
20,HPHHHHHHHHPPPHH
21,PHPHPHHHHHHHHHH
22,HHPHHHHHPHHHPHH
23,PHHHHPPHHHHHHHH
24,HHHPHHHPHHPHPHH
25,HPHHHHHHHHHPHHP
26,HHHHHHHHHPPHHPH
27,HHHPPHPPHHHHHHH
28,HHHPHPHHHHHPHHH
29,HHHHHHPHHHHHHPP
30,HHHHPHPHHHHHHPP
31,PHHHHHHHHHPHPHH
32,HHHPHHHHHHHPHPH
33,HHHPHHHHPHHPHHH
34,HHHHHHPPHHHPPHH
35,HHHPHPPHHHHHHHH
36,HHHHHPHHPPHHHHH
37,HHPHHPPHHHHHHPH
38,PHHHHHPHHHHHHHP
39,HHHHPHPHHPPHHHH
40,HHHPPHHHPHHHHPH
41,HHHHHPPHHHHHPPH
42,HHHHHHHPHHHPHPH
43,HHHPHHHHPHHPHHP
44,HHHHHHPPHHPHHPH
45,HHHHPPHHHPHHHPH
46,HPPHHPHHHHHHHHH
47,HHHPHHHHHPHHPHH
48,HHHPHHHPHPHHHHH
49,HHHHHHHHPHPHHHP
50,HHPHPHPHHHHHPHH
51,HPHHHHHHPHHHHPH
52,PPHHPHHHHHHHHHH
53,HHHHHHHHHPHPPHP
54,PHHHPHHPHHHHHHH
55,HHPHHHHHPHHHHPH
56,HHPHPHHHHHPHHHH
57,HPHHHHPHHHPHHHP
58,HHPPHHHHHHHHPHH
59,PHHHHHHPPPHHHHH
60,HHHHPHHHPPHHHHH
61,PHHHHHHPHHHHHHP
62,HHHHHPHHHPHPPHH
63,PHHHHPHPHHHPHHH
64,HHHHPHHPHPHHHHH
65,PHHHHHHPHHPHHHP
66,HHHHPHHHHHHPPPH
67,PHHHHHHHHHPPPHH
68,HHPHHPHHPHHHHHP
69,HHHHPPHHHPHHHHP
70,HHPHHHHPHPHHHHH
71,HPHHPPHHHHHHHHH
72,HHHHHHPHHPPPHHH
73,PHHHPHHHPHHHHHH
74,PHPHHHHHHHHPHHH
75,HHHHHPHHHPPHHHH
76,HHHHHHHPPPHHHHH
77,PHPHPHPHHHHHHHH
78,HHHHPPHHHHHHHHP
79,PHHHHHHHPHPHHHH
80,HHHHHPPPHHHPHHH
81,HHPHHHHHHHPPHHH
82,HHHHHHHPHPHPHPH
83,PPHHPHHHHHHHHHP
84,PHHHHHHHHHHHHPP
85,PHHHHHHHHPHHHHP
86,HHHHHHHHPHPHPHH
87,PHPHHHHHHHHHHPP
88,HHHHPHPHHHHHHHP
89,HHPHPPHHPHHHHHH
90,HHPPHPHHHHHHHHH
91,PHHHHHPHPHHHPHH
92,PHHHHHHHHHHHPHP
93,HHHHPPHPHPHHHHH
94,HHHPHHHPHHPHHHH
95,PPHPHHHHHHHPHHH
96,HHHPHHHPHPHHHPH
97,HHPPHHPHPHHHHHH
98,HHPHPPHHHPHHHHH
99,PHHHHHHHHHPHPHP
100,HHHHPHHPHHHHHHP
101,HPPHHHHHPHHPHHH
102,HPHHHHPHHHPHHHH
103,HHPHHHHHPHPHPHH
104,HHHHPPPHHHPHHHH
105,HPHHHHHHHHPHPHH
106,HHPHHHPHHHHHHHP
107,HPPPHHHHHHHHHPH
108,HHPHHHHHPPHHHHH
109,HHPHHHPPHHHPHHH
110,PPHHHHHHHHHHPHH
111,HPPPHHHHHPHHHHH
112,HHHHHHHHHPPPHHP
113,HPHHPHHHHHHHPHH
114,HPPHHHHHHHHHPHH
115,HHHPHHHHHHHHPHP
116,HHHHHHHPPHHHHPP
117,PHHHHHPHHHHHPHH
118,HPHHHPHHPHPHHHH
119,HPHHPHHHHHHHHPP
120,HHHPHHPHHHHPHHP
121,HHHHPPHHPPHHHHH
122,HHPPHHHHHHHPHHH
123,HHHPPHHHHPHHHPH
124,PHHHHHHHHHHPPHH
125,HHHHPHHHHHHPHHP
126,PHHHPPHHHHHHHHP
127,HHHHPHPHPHHHPHH
128,HPHPHHHHHHHHHPP
129,HHHPHHPHHHHPPHH
130,PHHHHPHHHHHPHHH
131,HHHPPHHPHHHHHHP
132,HHHPHHHPHHHHPHH
133,HPHHHHHPHHHPHPH
134,PHHHPHHPPHHHHHH
135,HHHHHHHPHHHHHPP
136,PPHHHHHPHHHHHHP
137,HHHHHPHHHHPHPHH
138,HHPHPHHHHPHHHPH
139,HHHHPPPHHHHHHPH
140,HHHHHPPHHHPHPHH
141,PHHHHHPPHHHHPHH
142,HHPHHHPHPHHHHPH
143,PHHHPHHHHHHPHHH
144,PPHHHHHHHPHHHHH
145,HHHPHPHHHHHHHPH
146,HHPHPHHHHHHPHPH
147,HHHHPHHHPHPHHHH
148,HHHHHHHPHPHHPPH
149,HHHHPHHPHHHHPHH
150,HHHHHHHPPPHHPHH
151,PPHHPHHHHHHHPHH
152,HHPHHHPHHPHHHHH
153,HPHPHHHPHHHHHHP
154,HHPHHHHPHHHHHHP
155,PPHHHPHHHHPHHHH
156,HHHHHPPHHHHHHPH
157,HHHPHHHHHPPHPHH
158,HHPPPHHHPHHHHHH
159,HPHHHHHHHPHPPHH
160,HHHPPHHHPHHHHHH
161,HPPHHHHPHHHHHPH
162,HHPHPHHHHPHHHHH
163,PPHHHHHHHHPHHHH
164,PHHHHHHHHPHHPHH
165,HHHHPHPHHPHHHHH
166,HPPHHHHHHHHHHPH
167,PHHHHHPHHHHPPHH
168,HHHHHHHPHHPHHHP
169,PHHPHPHHHHHHHHH
170,HHHPHHHHHHPPHHH
171,HHHHHHPHHPHPHHP
172,HHPHPPHPHHHHHHH
173,HHPHHHPPHHHHHHP
174,HPHPHHHHPHHHHHH
175,HPHHHHPHHHHHHPH
176,HPPHHHPHHHHPHHH
177,HHHHPPHHHHHHHPH
178,HHHPPHHHHHHHHHP
179,HHHPHHHPHHHHHHP
180,HHHHPHHHPHPHPHH
181,HHHPHHHHPHHHHHP
182,HPHPHPPHHHHHHHH
183,HHHHHHHPPHHHPHH
184,HPPHHHHPHHHHHHP
185,HHPHHHHHHPHHPHH
186,HHPHHPHHHHPHHHH
187,HHHHHHHPPHHHHPH
188,HHHHHPHHHPHPHHP
189,HHHPHHHPPHHHHHH
190,HHPHHPHPHHHHHHH
191,PHHHHHHHPHHPHPH
192,HHHPPHHHHPHHHHH
193,HHHHHPHPHHHPHHH
194,HHHHHHHPHHPPHHH
195,HHHHPHHPPHPHHHH
196,HHHHHPPPHHHHHHP
197,HHHHHPHPHPPHHHH
198,HHHHHHHPHHHPHHP
199,PPHHHHHHPHPHHHH
200,HHHHHPHPPHHHHHH
201,HHHHHHHHHPHHPHP
202,HHHHHPHHHPHPHPH
203,HHPHHHHHHHPPHPH
204,HHPPHHHHHPHPHHH
205,PHHHHHHHPPHPHHH
206,HHHPPHPHHHHHPHH
207,HHHHHHPHHHPHPHH
208,HHPHHHHHHPHHPHP
209,HHHPHHHHPHPPHHH
210,HHHPHHPHHHHHPHH
211,HPHHHHHHPPPHHHH
212,HPHHHHHHHPHHPHH
213,PPHHHHHHHPHHHHP
214,HHPPPHHHHPHHHHH
215,PHHHHHHPHHHHPHH
216,HPHHHHHPPHHPHHH
217,HHHPHHPHHHPHHHH
218,HPHHHHHHPHPHHHH
219,HHHHPHHHHHHHHPP
220,PHHHHPPHHPHHHHH
221,HHHHHPHPHHPHHHH
222,HHPPHHHHPHHHHHH
223,HHHHHHPPHHHPHHP
224,HHPHHHHHHHHPHHP
225,HHHPPHHHHPPHHHH
226,HHHHHHPHHHHPPPH
227,HHHHHHHHPHHPHPH
228,PHHHHHHHPPHHHPH
229,HHHPHPHHHHPHPHH
230,HHPPHHPHHHHHHHH
231,HHHHHHHPHHHPHPP
232,HHPHHHHHHHPHHHP
233,HHHHHHPHHHHPHHP
234,HHHPPHHHHHHHHPP
235,HHHHHPHHPHHHPHH
236,HHHHPHHPHHPHHHH
237,HHHHHHHHPPHPHHH
238,HHHHPHHHHHHPHPH
239,HHHHPHHPHPHHPHH
240,HHHPPHPHHHPHHHH
241,HPHHPHHHHHHHPHP
242,HHHHPHPHPHPHHHH
243,HHHPPPHHHHHHHHH
244,HHHHPHHHHPHPHHH
245,HHHHHPHHHHHHHPP
246,PHHHHHPHHHHHPPH
247,HPHHHPHPHHHHPHH
248,HHHHHHHPHPHPPHH
249,HHHPHHHHHPHHHPH
250,PPHHHHHHHHHHPPH
251,HPHPHHHHHHPHHHP
252,HPHPHHHHHPHPHHH
253,PPPHHHHHHHHHHHH
254,HHHHPHHPPHHPHHH
255,HPHHHPHHHPHHHHH
256,PHHHHPHPHHHHHHH
257,HPHHPHHHHHHHHPH
258,HHHHPHHHPHHHPHH
259,HHPHHHHPHPHHHPH
260,HHPHPHHPPHHHHHH
261,HHPPHHHHHHPHHHH
262,HHPPHHPHHHHPHHH
263,HHPHHHHPPHHHHHH
264,PHHHHHPHHHPHHHH
265,PHPHHPPHHHHHHHH
266,HHHHPHHHHHHPPHH
267,HHHHHHHHPPHHHPH
268,HHPHHPHHPPHHHHH
269,HHHHPHPHHHHHPHH
270,HPPHHHHHHHHHHHP
271,PHHHHHHPHHPHHPH
272,HHHPHPHPHHPHHHH
273,HHHHHHHPHPHPHHH
274,HPHHHPHHHHHHPHH
275,PHHPPHHHHPHHHHH
276,HPHHHHPHPHHHHHH
277,HHHPHHHHPHPHHHP
278,HPHHHPHHPHHHPHH
279,HHHHPHHHPHHPPHH
280,HHHHHPPHHPHHHHH
281,HHHHHHPPHHHPHHH
282,HPPHHPHHHHHHHHP
283,PPHHHHHPHPHHHHH
284,HHHPHPHHPHHHPHH
285,HHHPHHHHHHPHHPH
286,PHHHPPHHHHHHHHH
287,HHHHHHHPPPHHHHP
288,HHHHPPHHHHHHPHP
289,HHHPHHHPHHHHHPH
290,PPHHHHHHHHHPHHH
291,PHHHPHHHHHHHHPH
292,HHHPHHHHPHHPHPH
293,HHPHHHHHPHHPHHH
294,HHHPPHHPHHHHHHH
295,HHHHHPPHPHHHHPH
296,HHPHHHHHHHHPHPH
297,HHHHHHPPHHPHHHH
298,PHPHHHHHPHHHHPH
299,HHHHPPHHHHHHHPP
300,PHHHPHPHHHHHHHH
301,HHPHHHPHHHPHHHH
302,HHPHPHHPHHHHHHH
303,PHHPHPHHHHPHHHH
304,HHHHHHHHHPHHPPH
305,HHHHPHPHHHPHHHH
306,HPHHHHPHHHPHPHH
307,HHHHPPHHHHPPHHH
308,HHPHPHHHHHHHPHH
309,HPHHHHHPHPHHHPH
310,HHHPHHPHPHHHHHH
311,PHHHPPHHHHHPHHH
312,HHHHPHHPHHHPHPH
313,HHHHPHHPHHPHHPH
314,HHHHHHHHHPPHHHP
315,HPPHHPHHHHHHHPH
316,PHHHHHPHHHHHHPH
317,HHHHPHPHHHPHHHP
318,HPHHHHHHHPHPHHP
319,HHHPHHHHHHPHHHP
320,HPHPHHHHHHHPHHH
321,PHPHHHPHHHHHPHH
322,PHHHPPHPHHHHHHH
323,HHHPHPHHHHPHHHH
324,HPHHHHHHHPHPHHH
325,HHHHHPHHHHPPHHH
326,HHHPHHPHHHHHHHP
327,HHHHHHHHHHHPPHP
328,HHHHHHHHHHHHPPP
329,HPHPHHHHHHHPPHH
330,HHHPHHHHPPHHHHH
331,PHHHHHHHHPPHPHH
332,HHPHHHHHHHPHPHH
333,HHHHHHPHHPHHHPH
334,HHHPHPHPHPHHHHH
335,HPPHPHHHHHHHHHP
336,HHHPHHHPHPHPHHH
337,HPPHPHHHHHHHHHH
338,PHHHHHPPPHHHHHH
339,PHHHHHPHHHHPHHH
340,HHHHPPPHPHHHHHH
341,PHHHHHHHHPPHHHH
342,HPHHHHHPHHPPHHH
343,PHPHHHHHPHHHHHH
344,HHHHHHPPPHHPHHH
345,HHPHHHPHHPHHHHP
346,HPHHHHHHPHHPHHH
347,PPHHHHPHHPHHHHH
348,HHHHPPPHHHHHHHH
349,HPHHPPHHHHPHHHH
350,HPPPHHHHHHHHHHH
351,HHPPHHHHPHHHPHH
352,PHHHHPHHHHHHPPH
353,PHHHPHHHHHHPPHH
354,HPHHHHPPHHHHPHH
355,PHPHHHHPHHHHHHH
356,HHHHHHPHHHHHPPH
357,HHPHHHHHHPHHHPP
358,HPHHHHHHHPHHHPH
359,PHHHPHHHHHHHHHP
360,HHHPHPHPHHHHHHH
361,HHHHHHHHHPHPPPH
362,HPPHHPPHHHHHHHH
363,PHHHHHPHHHPHPHH
364,PHHHHHPHHPHHHPH
365,PHHPHHHPHHHHHHH
366,HHHHHHHHHHPPPHH
367,HHHHPHPHHHPHHPH
368,HHHPHHHHHPHHPPH
369,HPPHHHPHHHHHHPH
370,PHPHHHHHHHHHHHP
371,HHHHHPHHHHPHHPH
372,PHPHHHHPHHPHHHH
373,HHHHHHHPHPPPHHH
374,HPHPHHHHHHHHHPH
375,HHHHHPPHPHHPHHH
376,HPHHHHPHHPHHHHH
377,HPHHHHHHHPHHHPP
378,HPHHHPHHHPPHHHH
379,HPHHPPHHHHHHHPH
380,HHPHHPHHHHHHHHP
381,HHHHHHHPHHHPPHH
382,HPHPHHPHHHHHHPH
383,HPHHPHHHHPHHPHH
384,HHHHHHPPPHHHPHH
385,HHHHPHHHPHPHHHP
386,HHHPHHHPHHHHPHP
387,HHHPHHHHHPHHHPP
388,HHHHHPHHHHPHHHP
389,HHHHPPHHPHHPHHH
390,HPHHHPHPHHPHHHH
391,HPHHHHHHHHPPHHH
392,HPPHHHPHHHHHHHH
393,PPHHHHPHHHPHHHH
394,HPHHPHHHHHHPHPH
395,HPHHHPPHHHHHPHH
396,HPHHHPHHHHPHHHH
397,HPPHHHHPHHHHHHH
398,HHHHHHHPHPHHHPH
399,HHHPHHHPPHPHHHH
400,HHHHPHPPHHHHHPH
401,HHHPHPHHPHHHHHH
402,PHHHHPHHHHHHPHH
403,PHHHHHPHHHPHHPH
404,HHPHHHHHHHHHHPP
405,PPHHHHPHPHHHHHH
406,HHPHHPHPHPHHHHH
407,PHPHHHHHHPHHHHP
408,HPHHPPHHPHHHHHH
409,PHHHPPPHHHHHHHH
410,HHHPPHHHHHHHPHH
411,HHHPHHPHHPHHHHH
412,PHHHHHHHHHPHHPP
413,HHHHHHHPHPHHHHP
414,HHHHHHPHHHHPPHH
415,PHHHHHHPHHPHHHH
416,HHHHPHHHHHPPHHH
417,PHHHHHHHHPPHHPH
418,HPHHHHHPPHHHHHH
419,HPHHHPPHHHPHHHH
420,HHHHPPHPHHHHHHH
421,HHPHHHHPPHHHHHP
422,HHHPHHPPHHHHHHP
423,HHHHHPHHPHHHPPH
424,PHPHHHHPHPHHHHH
425,HHHHHPHPHHHHPPH
426,PHHPHHHHHHHPHHH
427,HPHHHPHHHHHPHHH
428,HHHHPPHHHHHHPHH
429,PHHHPHHHHPHHHHP
430,HPHHPHHHPHPHHHH
431,HPHHPHPHPHHHHHH
432,HHHHHPHPHHHHPHH
433,HHHHHHHPPHHHPPH
434,HHHHHHHPHHPHHPH
435,HHHHHPHHPHPHPHH
436,PHHPHHHHPHPHHHH
437,PHHHHHPPHHHHHHP
438,HHPHPHHHHHHHHPP
439,HHHHPHHHHPHHPHH
440,HHHHHHHHHPPHPHP
441,HHPHHHPHHHPHHPH
442,HHPHHPHPHHHHHHP
443,HHHPHHPHHHHHHPH
444,HHHHPHHHHHHHPHP
445,PHHHPHHHHHHPHPH
446,HPHPHHHHPHPHHHH
447,HPHHHHHHPHPHHPH
448,HHHPHHHHHHHHPPH
449,HPPHHHHHHHHPHHH
450,PHHHHPHHHHHHHHP
451,HHHHPHHPHHHHHPP
452,HHHHHPHHHHHHPPH
453,PHHHHHHPHHPPHHH
454,HHHPPHHHHHHHHPH
455,HHHHHHPHPHHPHHH
456,HHHHPHHHHHPHHPP
457,HHHPHHHHHHHPPHH
458,HPHHHHPHHPHPHHH
459,HHHPPHHHPHHHHHP
460,PHPHHPHHHHHHHPH
461,HHHHHPHHHHHPHPH
462,PHHHHPHHPHHHHPH
463,PHHHHPHPPHHHHHH
464,HHPHHPHHHPHHHHH
465,HHPHHHPHHHHPHHH
466,PHPHHHHHHPHHHHH
467,PHHHHHPHHPHHHHH
468,PHPHHPHHHHHHHHH
469,HPHHPHHHPHHHHHH
470,HHHHPHPHHHHHHPH
471,HPPHHHHHHHPHHHH
472,HHHHHPHHHHHPHHP
473,PHHHHHHHPHHPHHH
474,PPHPHHHHHHHHHHH
475,PHPHHHHHHHPHHHH
476,HHPHHHPPPHHHHHH
477,HHHHHPHHPHHPHHP
478,HHPHHHHPHHPHHHH
479,HHHPHHHHHHHPHHP
480,PHHHHHPHHHHPHHP
481,PHHPPHHHHHHHHHH
482,HPHHHPHHHPHHHPH
483,PHHHPPHHHHHHPHH
484,HHHPHPHHHPPHHHH
485,PHHHHHHPHPHHHHH
486,HHHHPHPHPHHHHHH
487,HPHPPHHHHHHHHHH
488,HHHHPHHHHHHHPPH
489,HPHHHHHHHHHPPHP
490,PHHHHHHHPPHHHHH
491,HPHHHHPPPHHHHHH
492,PHHPHHHPHHHHHPH
493,PHHHHHPHPHHHHHH
494,HHHHHPHHPHHPHHH
495,PHHHHHHHHPHHHPH
496,PHPHHHPHHHHPHHH
497,HHHHHHPHPHPHHHH
