id,sequence
0,HPPPPPPPHHPPPPP
1,PPPPPPPPHPPPHPH
2,PPHPPPPPPPHPPHP
3,HPPPPPPPPHHPPPP
4,PHPPPPPPHHPPPPP
5,PPPPHPPPHPPPPPH
6,PPPPPPPHPPPPHPP
7,PPPPPPHPHPPPPPP
8,PHPPPPPHPPPPHPP
9,PPPPPPPHPHPPPPH
10,PPPPPHPPPPPPHPH
11,PPPPPPHPPPHPPPH
12,PHHPPPPPPPPPPHP
13,PPPPPPPPHHPPPPP
14,PPPPPPPPPPPHHPH
15,PHPPPPPPPPPHPHP
16,PHPPHPHPPPPPPPP
17,PPHPPPPPPHPPPPP
18,PPPPPPHHPPPPPPP
19,PHPPPPPPPHPPPHP
20,PPPPHPPPPPHHPPP
21,PPPPPPPPHPPPHHP
22,PPPPPPHPPHPHPPP
23,PPPHHPPPPPPPHPP
24,HPPPPPPPHPHPPPP
25,PPPPHPPPPPPHPPH
26,PHPHPPPPPPPHPPP
27,PPHPPHPPPHPPPPP
28,PPPPPPPHPPHPHPP
29,PHHPPPHPPPPPPPP
30,PPPPPPPPHHPHPPP
31,PPPPPPPPPPHPHHP
32,PPPPHPPHPHPPPPP
33,PPHPPPPHPPPPPPP
34,PHPPPPHPPPHPPPP
35,PPPPPPPPHPPPPHH
36,PPPPHPPPPPPHPHP
37,PPPPPPHHHPPPPPP
38,PPPPPHHPPHPPPPP
39,PHPPPPPPPHPHPPP
40,HPPHPPPPPPPPPPP
41,PPHPHPPPPPPPPHP
42,PPPHPPHPPPPHPPP
43,PPHPPPPPPPHPPPP
44,PPHHPHPPPPPPPPP
45,HPPPPPHPPPPHPPP
46,PPPPPPPPPPPHPPH
47,PPPHPPHHPPPPPPP
48,PPPHPPPPPPPPPPH
49,HPPHPPPPPPPPHPP
50,PHPHPHPPPPPPPPP
51,PPPPPPPHPHPPHPP
52,PPHPPPPPHPPPHPP
53,PPPPPPHPPHPPPHP
54,PPPPHHPPPPPHPPP
55,HPPPPPPPPPPHPPP
56,PHHPPPPPHPPPPPP
57,PPPPPPHPPHPPPPH
58,PPPPPPPPPPHHPPP
59,PHPPPHPPPPPHPPP
60,PPPPPPHPPPPPPHP
61,PPHPPPPHPPPHPPP
62,HPPPPPPHPPPPPHP
63,HPPPPPPPPPPPHPP
64,PPPPHPPPPHHPPPP
65,PHPPHPPPPPPPPHP
66,PPPHPPPPPPPPPHP
67,PPPPPPPPPHHPPHP
68,PHPPHPPPPPPPPPH
69,PPPPPHPPPPPHPPH
70,PHPPPPPPPPPHPPH
71,PHPPHPPPHPPPPPP
72,PPPHHPPPPHPPPPP
73,HPPPPPPHPPPPPPP
74,HPPPPPPPPPHPHPP
75,PPHPPPPPHPPPPPH
76,PHPPPPPPPHPPPPH
77,PPPHPPHPHPPPPPP
78,HPPPPPPHPPPPPPH
79,HPPPPPPPPPPHHPP
80,PPPPPHPPPPHPPPP
81,PPPPPPHHPPPPHPP
82,PHPPPPPPPPPHHPP
83,HHPPPPPPPPHPPPP
84,PPPPPPPPPHHHPPP
85,PPPHPPPPPHPPPPP
86,PPPPPPPPHPPPPHP
87,PPPPPPPPPPPPHHP
88,PHPPPPPPPPHHPPP
89,PPHPPHPPPPPPPHP
90,PHPPPPPPHPPPPPP
91,PPHPPPPPPHPPPHP
92,HHPPPPPPPPPPPPP
93,PPPHPPPHPPPPPPH
94,HPHHPPPPPPPPPPP
95,PPPPPPPHPPPPPHH
96,PPPHPPPPPPPHPHP
97,PPPHPPPHPPPPPHP
98,HPPPPPPPHPPPPPP
99,HPPPPPPPHPPPPHP
100,PPHPPPHPPPPPPHP
101,PPPPPPPPPPHPPHP
102,HPHPPPPPPPHPPPP
103,PPPHPPHPPPPPHPP
104,PPPHPPPPHPPPHPP
105,PPPPHPPHPPPPPPH
106,PHPPHPPPPPPPHPP
107,PHPPHHPPPPPPPPP
108,PPPPPHPHPPPPPHP
109,PPPPHHPPPHPPPPP
110,PPHPPPPPHPHPPPP
111,HHPPPPHPPPPPPPP
112,HPPPPHPPPPHPPPP
113,PPPPPPPPHPPPPPH
114,HPHPPPPPPPPPPHP
115,PHPPHPPPPPPPPPP
116,PPPHPHPHPPPPPPP
117,PHPPPPPPPPPPPHP
118,HPPPPPPPPPPPPHP
119,PHPPPPPPPPHPPPH
120,PPHHPPPPPPPPPPP
121,HPPPPPPPPPPPPHH
122,PPPPPPPPHHPPHPP
123,PHPPPPHPPPPPHPP
124,PPPHPPPPPHPPPHP
125,PPHPPPPPPPPPPHP
126,PPPPPPPPPPHHPHP
127,PHPPPHPPPHPPPPP
128,PPPPPPPHPHHPPPP
129,PPPPHPPPPPHPPPP
130,PPPPHPPPPPPPHPP
131,PPPPPPPPPHHPPPH
132,HPPPPPPPPPHPPHP
133,PPPHHHPPPPPPPPP
134,PPHPPPPPPPPPPPH
135,PPHPPPHPPPPPPPP
136,PPPHPHPPPPPPPHP
137,PHPPPPHPPPPPPPH
138,PPPHPPPPPPPHPPP
139,PPPPPPPHHPPHPPP
140,PPPPPHHPHPPPPPP
141,PPPPPHPHPPPPPPH
142,PPPPHPPPPHPHPPP
143,HPPPPHPHPPPPPPP
144,HHPPPPPPHPPPPPP
145,HPPPPPPPHPPHPPP
146,HHPPHPPPPPPPPPP
147,PPPPPPPPHPHHPPP
148,PPPHPHPPHPPPPPP
149,PPPHPPPHPPHPPPP
150,PPHHPPPPPPPHPPP
151,PPHPPPPHHPPPPPP
152,PPPPPPHPPPPPPHH
153,PHPHPPPPPPPPPHP
154,PPPPPPPPPHHPPPP
155,PPPHPHPPPPPPHPP
156,PPPPPPHPPPPHPPP
157,PPPPPPHPPHPPPPP
158,HPPPPPHPPPPPPHP
159,PPPPPPPPPPHPPPH
160,PPHPPHPPPPPPPPH
161,PPHPPHPPPPPPHPP
162,PPHPPPPHPHPPPPP
163,HPPPPPPPPPHHPPP
164,PHPHPPPPPPHPPPP
165,HPHPPPPHPPPPPPP
166,PPPHPPPPPPHPPPP
167,PPHPPPPPPHPPPPH
168,PPHPPPPPHHPPPPP
169,PPPHPPPPPPPPHPP
170,PPPPPPHPPPPHPHP
171,PPPHPPPPPHHPPPP
172,PPHPPPPPPPPHPHP
173,PPPPHPPPHPPPPHP
174,HPPPPPPHPPHPPPP
175,HPPPPHPPPPPHPPP
176,HPPPHPPPPPHPPPP
177,PPHPHHPPPPPPPPP
178,HPPHPPPHPPPPPPP
179,PPPHPHPPPHPPPPP
180,HHPPPPPPPPPPHPP
181,PPPPPHPHPPPHPPP
182,PPPPPPHHPPPPPHP
183,PHPHPPPHPPPPPPP
184,PPPPHPHPPPPPPHP
185,PPPHPPPPHPPPPPH
186,PPHPPHPPHPPPPPP
187,PHPHHPPPPPPPPPP
188,PHHPPPPPPPPHPPP
189,PPPPHPPPPHPPPPH
190,PPPPPPPPPPHPHPH
191,PPPPPHHPPPPPHPP
192,HPPHPPPPPPPHPPP
193,PHPHPPHPPPPPPPP
194,PPPPPPPPPHPPPHP
195,PPHPPPPPPPPPHHP
196,PHPHPPPPPPPPHPP
197,PPPPHPHPPPPPPPP
198,PPPPPPPHPPPPPHP
199,PHPPPPHPPPPPPPP
200,PPPPPPPHPPHHPPP
201,PPPHPHHPPPPPPPP
202,PPPPPHPPHPPPPHP
203,PPHPHPPPPHPPPPP
204,PHPPPPPHPPPHPPP
205,PPPHPPPPPHPHPPP
206,PPHPPPPPPPHPHPP
207,HPPPHPPPPPPPPPP
208,PHPPPPPHPPPPPPH
209,PHPPPPPPPPPPPPH
210,PPPPHPHPHPPPPPP
211,PPPPHHPPPPPPPPP
212,PPHHPPPPPPPPPPH
213,PPPHPPPHPHPPPPP
214,PHHPHPPPPPPPPPP
215,PPPPPPPHPPPPHPH
216,PPHPPPHPHPPPPPP
217,PHPPPHPPHPPPPPP
218,PHHPPHPPPPPPPPP
219,HPPPPPHPPPPPPPP
220,PPPHPPHPPPPPPPP
221,PPPHHPPPHPPPPPP
222,PPPPPPPPPPPHHPP
223,HPPHHPPPPPPPPPP
224,PHPPPPPPPPHPHPP
225,PPHPPPPPPHHPPPP
226,PHPHPPPPPPPPPPP
227,PPPPHPPHPPHPPPP
228,HPHPPPPPHPPPPPP
229,PPPPPPPPHPHPPPP
230,PPPPHPHPPPPHPPP
231,PHPPPHPPPPPPHPP
232,PPPPHPPHPPPPHPP
233,PPHPPPHPPPPPHPP
234,PPPPHPHPPHPPPPP
235,PPPPPHPPPHPPPPP
236,PPHPPHPHPPPPPPP
237,PPPPPPPPHPPHPPP
238,PPPPPHHPPPPPPPP
239,PPPHPPPPPPPHHPP
240,PPHHPPPPPHPPPPP
241,PPPPPHPHPPHPPPP
242,PPPPPPPHPHPPPPP
243,PPPPPHHPPPPHPPP
244,PPPPPPHPPPPPHPP
245,PPPPPPPHHPPPPPH
246,PHPPPPHPHPPPPPP
247,PPPPPPHPPPPPHPH
248,PHPPPPPPPHPPPPP
249,PHPPPPHPPPPPPHP
250,PPPPPHPPPPPHPHP
251,PPPPPPHPPPPPPPH
252,PPPHPPHPPPPPPHP
253,PHHHPPPPPPPPPPP
254,PPPPPPHHPPPPPPH
255,PPPHPPPPHPHPPPP
256,PPHPHPPPPPPPPPP
257,PPPPHPPPHPPHPPP
258,HPPHPPPPPPHPPPP
259,PPHPPPHHPPPPPPP
260,PPPPPPPPPPHPHPP
261,HPPHPPPPPHPPPPP
262,PPPPPPHHPPPHPPP
263,PHPPPHPPPPHPPPP
264,PHPPPPPPPPPHPPP
265,PPPPHHPPPPPPPPH
266,PPPPHPPPPHPPPPP
267,PHPPPPPPPPHPPPP
268,PPHPPPPPPPPHPPH
269,PPPPPHPHPPPPHPP
270,PPPPPHPPHHPPPPP
271,PHPPPHPPPPPPPPP
272,PPPHPPPPHPPPPHP
273,PPPPHPHHPPPPPPP
274,HPPPHPHPPPPPPPP
275,PPPPHPPPPPHPPPH
276,PPPHHPPPPPPPPPH
277,PPPPPHPPPPHPPPH
278,PPPPPPHPHPHPPPP
279,PPPPHPPPPPHPHPP
280,PHPPPPPPPPPPHHP
281,HPPPHPPHPPPPPPP
282,PPPPPHPHPPPPPPP
283,PPPPPHPPPHPPPPH
284,PPPHHPPPPPPPPPP
285,PPPPPHPPPPPPHHP
286,PPPPPHPPPPHPHPP
287,PPPHPPPHPPPPHPP
288,PPPPHPPPHPHPPPP
289,PPPHPPPHPPPPPPP
290,HHHPPPPPPPPPPPP
291,PHPPPPPPPHPPHPP
292,HPPHPHPPPPPPPPP
293,HPPPPHPPPPPPPPP
294,PPHHPPPHPPPPPPP
295,PPPPHPPHHPPPPPP
296,PHHPPPPPPHPPPPP
297,PHPPPPPPHPPPPHP
298,PHPPPHPPPPPPPHP
299,HHPHPPPPPPPPPPP
300,PPPPPPPHHPPPPPP
301,HHPPPHPPPPPPPPP
302,PPPPPPHPPPHPHPP
303,HHPPPPPHPPPPPPP
304,HPHPPPPPPHPPPPP
305,PPPHPPPHPPPHPPP
306,HPPPHHPPPPPPPPP
307,PPPPPPPPPHPHHPP
308,PPPPPPHPHPPHPPP
309,PPHPPPPHPPPPPPH
310,HPPPHPPPPPPHPPP
311,PPPHPPPPPPPHPPH
312,PPHPPPPPPPPPHPP
313,HPPPPPPPPHPHPPP
314,PPPHPPPPPHPPPPH
315,PPPPPPPPPPPHHHP
316,PHPPPPPPPPPPPHH
317,PPPPHHHPPPPPPPP
318,PPPPHPPHPPPPPPP
319,PPPPPHPPPPPPPPH
320,HPPPPPPHPPPHPPP
321,PPPPPHPPPPPPHPP
322,PPHPPPPPPPHHPPP
323,PPPHPPHPPHPPPPP
324,PPPPHHPPHPPPPPP
325,PPPPPPPHHPPPPHP
326,PPHHPPHPPPPPPPP
327,HPPPPPPPPHPPPHP
328,PPPPPHHPPPPPPPH
329,PPPPHPPPPPPPPHP
330,PHHPPPPHPPPPPPP
331,PPPPHPPPPPPHPPP
332,PPPPPHPPHPPPHPP
333,PPPPPPPHPPPPPPH
334,PPPPPPPPPPPPHPH
335,PPPPPPPPPHPHPHP
336,HPHPPPPPPPPPPPP
337,PPHPPPPPPPPHPPP
338,PPPPPPPPPHPPHPH
339,PPPHHPPPPPPHPPP
340,PPHPHPPPPPPPHPP
341,PPPPPPPPPHPPPHH
342,PPPHPPPPPPPPHPH
343,PPPPPPPPHPPHHPP
344,PPPPPPPHPHPHPPP
345,PPHPHPPPPPPPPPH
346,PPPPPHPPPPPHHPP
347,HPPPHPPPPPPPHPP
348,PPPPPPHPPPHPPHP
349,HPPPHPPPPHPPPPP
350,HHPPPPPPPPPPPPH
351,PPPHPPPPPHPPHPP
352,PPPPHPPHPPPHPPP
353,PPPPHHPHPPPPPPP
354,PPPPPPHPHPPPHPP
355,HPPPPPPPPPPHPPH
356,PPPHPPPPPPPPHHP
357,PHPPPHHPPPPPPPP
358,PPPPPHPPHPPPPPP
359,HPPPPPPPHPPPPPH
360,PPHPPPPPPPHPPPH
361,HHPPPPPPPPPPPHP
362,PPHPPPPPPHPHPPP
363,PPPPPPPPHPPPHPP
364,PPHPPPPHPPPPPHP
365,PHPPHPPPPPPHPPP
366,PPPPHPHPPPPPPPH
367,PPPPPPHPPHHPPPP
368,PPPPPPPPPPPHPHP
369,HPPPPPPPPPHPPPP
370,PPHPPPPPHPPPPHP
371,PPPPPPPPPHPHPPH
372,HPPPPPPPHPPPHPP
373,PHPPPPPPHPPPHPP
374,PPHPPPPPHPPPPPP
375,PHPPPPPPPHHPPPP
376,PPPPPPHPHPPPPPH
377,PHPPPPPHHPPPPPP
378,PPPPHPPPPPPPPPH
379,HPHPHPPPPPPPPPP
380,PPPPPPPPPHPPHPP
381,PPPPPPHHPHPPPPP
382,PPHPPHPPPPPPPPP
383,PPPPPHPPPPPPPHP
384,HPPPPPHPPPPPPPH
385,PHPPPHPPPPPPPPH
386,PHHPPPPPPPPPPPP
387,PPPPPHPPHPHPPPP
388,HPPPPHPPHPPPPPP
389,PPHPPHPPPPHPPPP
390,HPPPPHHPPPPPPPP
391,PHHPPPPPPPPPHPP
392,PPPPPPPPHPHPPPH
393,PPPPPPPPPPPPPHH
394,PPPPPPPHPPHPPPP
395,HPPPPPPPPHPPPPP
396,PPPPPPPPPPPHPHH
397,HPPPPPPPPHPPHPP
398,PPPPHPPPPPHPPHP
399,HPPPPPPPPPPPPPH
400,PPPPPPPHPPPHPPP
401,PPPPHPPPHPPPPPP
402,PPPPPPPHPPHPPHP
403,HPPPPHPPPHPPPPP
404,PHPPPPPHPHPPPPP
405,PPPPPPHPHPPPPHP
406,HPHPPPPPPPPPPPH
407,HPPPHPPPHPPPPPP
408,PPPPPPHPPPHPPPP
409,PPHHPPPPPPHPPPP
410,PPPHPPPPPPHPHPP
411,PPHPPPPPPPPHHPP
412,PPHPPPHPPPHPPPP
413,PPHPPPPHPPPPHPP
414,PPHHHPPPPPPPPPP
415,HPPPPPPPPPPHPHP
416,PHPPPPPHPPPPPPP
417,HPPHPPPPPPPPPPH
418,PPHHPPPPPPPPPHP
419,PHPPPPPPPPPPHPP
420,PPHPHPPPPPHPPPP
421,PPPPPPPPPHPPPPH
422,PPPPPPHPPPPHPPH
423,PPPPPHPPPPPPPHH
424,PPPPPPPPHPHPPHP
425,PHPHPPPPHPPPPPP
426,PHPHPPPPPHPPPPP
427,PPHHPPPPHPPPPPP
428,PPPPPPPHPPPHPHP
429,PPPPPHPPHPPPPPH
430,HPHPPPPPPPPHPPP
431,PPPHPHPPPPPHPPP
432,HPPPPPPPPPPPHPH
433,PHPPPPPPHPPPPPH
434,PPPPPPPPPHPHPPP
435,PPHPPPHPPHPPPPP
436,HPPPPPPPPHPPPPH
437,PPPPPPPPHPPHPHP
438,PPPPHPPPPHPPPHP
439,PPPPPPPPHHPPPHP
440,PPPHPPPPPPHHPPP
441,PPPPHPPPPPPPPHH
442,PHPPPPPPPPHPPHP
443,PPPHPPHPPPPPPPH
444,PPPHPPPPHHPPPPP
445,PPHHPPPPPPPPHPP
446,PPPPPHPPPHPPHPP
447,PPHPHPPHPPPPPPP
448,PPPHPPPPPPHPPPH
449,PPPHPPPPHPPPPPP
450,HPPPPPPPPPHPPPH
451,PPHPHPPPPPPHPPP
452,PPPPPPPPPHPPHHP
453,PPPPPHPPPPPHPPP
454,HPPPHPPPPPPPPPH
455,PPPPPPPPPPHPPHH
456,PPPHPHPPPPPPPPP
