id,sequence
0,PHHPHPPHHPHHPPP
1,HHPHHPPPHPHPPPH
2,HHPHHHHPPPPPPHP
3,PPHPPPPHPHHPHHH
4,PPPPPPHHPPHHHHH
5,HPPPPHPPHPHHPHH
6,PHPPHPPHHPPHHHP
7,PHPPHHPHHHPPHPP
8,HPHPHHPPPHPPHPH
9,HPPPHPPPHPHHPHH
10,PHHHPPHHHPHPPPP
11,PPPPHPHHPHPHPHH
12,HPHHHPPPPHHPPPH
13,HPHPHPPHHPHHPPP
14,HPHHHPHHPPPPHPP
15,PHHPHHHPHPPHPPP
16,PHPHPPHHHPHPPPH
17,PHPPPHHPPHHPHHP
18,PHPHPPHPPHHPPHH
19,HPHPHHPPPPPHPHH
20,PHPHHPPHPPHHHPP
21,HPPPPHPPHHHHPHP
22,PHHPPHPHPHPHPHP
23,PHPHPHHPHHPPPHP
24,PPPHPHHHHPPPHHP
25,HHHPHHPHPPPHPPP
26,HHHHPPPPPPPPHHH
27,HPPHPPPPHPHHHHP
28,HPPHHPPHHPPPPHH
29,PPHPHPPPHPPHHHH
30,PPPHHHPHPPPHHPH
31,HPHPPPHHPHPHHPP
32,HPPHHPHHPPHPPHP
33,HHPPPPHHPHHPHPP
34,HHPHHPPPPHPPHPH
35,HPPHHPHPHPHPHPP
36,PPPPPHHHPPPHHHH
37,PPHPPHHHHPHPHPP
38,PHHHHPHPPHPPHPP
39,PHPHHHPPPPHHPPH
40,HPPPPPHPHHHHPHP
41,PPPPHHHHPPHHPPH
42,HHHPPHPHHHPPPPP
43,HHPPHPPPPHPPHHH
44,HPHPPHPHPHPHPPH
45,PPPHHPHHHHPPPHP
46,PPHHPHHPPPHPHPH
47,PHHPHPHPPHHHPPP
48,HPHHPPHPHHPPPHP
49,PPPHPPHPHHHHPPH
50,PPHHHPHHPPPPHHP
51,HHHHPPHPHHPPPPP
52,PHHHHPPHPHPPHPP
53,PHPPPPHHHPHHPPH
54,HPHPPHPPHPHPPHH
55,HHPPPHHHHHPPPPP
56,PHPHHPHPPPPHHHP
57,HPPHHPPPHPPHHHP
58,HPPPHPPPHHPHPHH
59,HPPPHHHPHPPHHPP
60,HPPHPPPHHHHPPHP
61,HHHPHPPPPPHPPHH
62,PHHHPHHHHPPPPPP
63,HPPHPPPPPHPHHHH
64,PPPPPHHHPPHPHHH
65,HHPPHHPHPPHPPHP
66,PPPHPPHHHHPHHPP
67,HHHPPHHHPPPPPHP
68,PHPPHHPHHHPHPPP
69,PPHPHPHPPHHHHPP
70,HPPHHHPPHPHPPHP
71,HPHHPHHPPPPPHPH
72,PPPHHPHPHHHHPPP
73,PHPPPHHHPPHHHPP
74,HHHPPHHPPPPPHHP
75,HPPHHHPPPPPHHHP
76,HHPPPPPPPHHHPHH
77,HPPHPPHHPHPHPHP
78,HPPHHPPPPPHPHHH
79,HHHHPPPHPHPPPPH
80,PPPPPPHPHHHPHHH
81,HHPPHPHPHPPHPHP
82,PHHPHPPPHPHPHPH
83,HPPPPPPHPPHHHHH
84,PHPPHPPPPHHHPHH
85,HPHPHPHPPHHPPHP
86,PHHPPPPPHHPHPHH
87,HHHPHHPPPPHHPPP
88,HPPHPHPPHHPHPHP
89,PPHHPHPHHPHPPHP
90,HPHPHHPPPPPPHHH
91,PPHHPPPHHHHPPPH
92,HHHPPPPHPHPHPHP
93,HHHHPPPHHPHPPPP
94,PPHHPHPPPPHPHHH
95,HPHPPHPPHHPPPHH
96,PPHPPHHHPHPHPHP
97,PHHHPPHPHPPHPPH
98,HHPPHPPPHPPHPHH
99,PHHPPPHPHHPPPHH
100,PHPHPHPPHHHHPPP
101,PPPPPHPHHHPHHHP
102,PHPHHPPHPPHPPHH
103,HHHHHPPHPPPHPPP
104,PPPHHHPHHPHPHPP
105,PHPHPHPHHHPPPHP
106,PHPPPHPHPHHHPPH
107,HPHPPHHPPPHHPPH
108,PPPPHHHPHHHPPHP
109,HHPHHPPPHHPHPPP
110,HPHPPHPPPHHHHPP
111,HPHHHPHPHPPHPPP
112,HHPPPHPPHHHHPPP
113,HHPPPPPHHHPHPPH
114,HPPHPPHPPHHPPHH
115,HPPPHHHPPHPHHPP
116,PHHHHPPPHPPPPHH
117,PPPPHPHHHHPPHPH
118,HPPPPHPPHHHPHHP
119,PHPPHPHHHPPPHPH
120,HHPHPPPHHPHPHPP
121,HHHHPPPPPHHHPPP
122,PPPHHPPHHHPHPHP
123,HHPHHHPPHPPHPPP
124,PPPHPHHHHHPPPPH
125,HHPPPHPHPHPPPHH
126,PPPHHPHHPPHPPHH
127,PHHHPPHPHPPPHPH
128,PPHPHHPPPPHHHPH
129,HPHHHPPPHPPHPHP
130,HPHHHPHPPHPPPHP
131,HPPPHHHPHPHPPPH
132,HPPPHPHPPHHHPPH
133,PPPHPPHHPHPHHHP
134,PPHPPHHHPPPHPHH
135,HPPPPHHPPHHPHPH
136,PPHPPHPPPHHHHPH
137,PHHPPPHPHPPHPHH
138,PHPHPPHPHHPHHPP
139,HHHHPPPPHPHPPHP
140,PHPPPHHHPPHPPHH
141,HPHPPHPPHPHHHPP
142,HPPHPPHPPPHPHHH
143,PHHPHHPHHPPPPPH
144,PPPHPHPPPHHHPHH
145,HHPPPHHHHPPHPPP
146,HHPPPHHHPPHPPPH
147,PHPHPPPHPHPHPHH
148,PPPHPHPHHHPHPHP
149,PPHHHPHPHHPPPHP
150,PPHHHPPHHPPPPHH
151,PPHPPHPHPHHHHPP
152,PHPPHPHHPHPHHPP
153,HHHPHPPHHPPPPHP
154,HHHPPPPPHPHPHPH
155,HHPPHPPHPPHPHHP
156,PHPPPHPHHHHHPPP
157,PPHHPPHHPHPHPPH
158,HPPHHHPPPHPHPPH
159,HPHPHPHPHPPPPHH
160,HPHHPPHPPPPPHHH
161,HPPHHPHHHPPPPPH
162,HPPHPPPHHPHHPHP
163,HPHPPPPPPHPHHHH
164,HHPHPHPHPPPHPPH
165,PHPPHHPHPHHPHPP
166,PHHPPPPHPPHPHHH
167,PHHPHHPPPHPPHHP
168,HPPHPPHHHPPPHHP
169,PHHPHPHHHPPPPPH
170,PHPPHHPPPPHHPHH
171,HPHHPPPHPHPHHPP
172,PHHPPHPPHHPHPPH
173,PHHHHPPHHHPPPPP
174,PPHHPHHHPPHPPPH
175,PPPHPPPHHHPHPHH
176,HPPHHPPHPHHPPHP
177,HHPPPHHPPPPHPHH
178,HPPHHPHPPPHHPPH
179,PPPPHPHHHPHHPHP
180,PHHHPPPPHPHPHHP
181,HPPPPHPHHHHPPPH
182,PHPPPPPHHPPHHHH
183,PPHPHHHHPHHPPPP
184,HPPHHHPHPPHHPPP
185,HPPPHPHPHHPPPHH
186,HHPPPPPHHPHHPPH
187,HPPPHPHHHPPPHPH
188,PHPPPPHHHPPHPHH
189,PPHPHHHPPHHPPPH
190,PPHPPHPPHHHHHPP
191,PPHHPPHHHPHHPPP
192,HHHPPHPPPPHHPPH
193,PHPPHPHHHHHPPPP
194,PHPPHPHHHHPHPPP
195,PHPPHHPPHPHPHPH
196,PHHPPHPHPHPHPPH
197,HHPHPHHHPPPPPHP
198,PPHPPPPHPHHHHHP
199,HPHHPPPPHPPHPHH
200,PHHPPHPPHPHHPPH
201,HPHHHPPPPHPHPHP
202,PHPPHHPPPPPHHHH
203,HHHPHHPPPPPPHHP
204,HHPHPHHPHPHPPPP
205,HHPPHPPHHHHPPPP
206,PHPHHPPPPHPHHPH
207,PHPHPPPHPHPHHHP
208,PPPHPHPPPPHHHHH
209,HPHPPHHPPHPHPPH
210,HPHHPHPHPPHPPPH
211,HPHPHHPHPPPPHHP
212,HPHHPPHHHPPHPPP
213,PHPPHHPHHHPPPHP
214,PPPHHPPPHHPPHHH
215,HHPHPHHPPPHHPPP
216,PPPPHPHPHHHPPHH
217,PHPPHPPHPHHPHHP
218,HPPHPPHHPPPHHHP
219,HHHPPHPPHHPPPPH
220,HHPHPPPPPPPHHHH
221,PPHPPHHHPHHPPHP
222,PHHPPPPPHPHHHHP
223,PHPHHPPHPPPHPHH
224,PPPHHHPPHPPHHHP
225,HHHPPPPHPHHPHPP
226,PHPHHPHPPPHPPHH
227,HPPPPHHPHHPPHPH
228,HHHPPHHPPPPPPHH
229,PPHHHHHPPPPPHHP
230,HHHPPPPHPPPPHHH
231,HPHHPPHHPPPHPPH
232,PHPHHHPHPPPPHHP
233,HHPHHPHPPPHPPPH
234,PPPPHHHHHHHPPPP
235,PHPPHHHPHHPPHPP
236,HHPPPHHHPHHPPPP
237,HHPPPPPHPHHPHPH
238,PPHPHPHHHHPPPPH
239,PHPPPHHHHPPHHPP
240,HHPHPPPHHHPPPPH
241,PPPHHPPHPPPHHHH
242,PPHPPPHHPPHPHHH
243,PPPPHHHPPPHHHHP
244,PHHPHPPPHHHPPHP
245,PHPHHPPHHPHPPPH
246,HPPPHHPPHPPHPHH
247,PPPPHHPPHHHHPHP
248,HPPPHPPHHHHPHPP
249,HPPHHHPPHHPPHPP
250,PPHPPHHHPPPPHHH
251,PPHPPHHPHHHHPPP
252,PPPPHHPHHHPHPHP
253,PHPHPHPPHPPHHPH
254,HHPPHPHHPPHPPPH
255,PPPHHPPHPHHPPHH
256,PPPHHHPPPPHHHHP
257,PPPPPHHPPHHHHHP
258,PHPPPPPHHHPHHPH
259,PPHHPHPHHPHPHPP
260,HHHPHPPPHHHPPPP
261,PPPPHHPPHHPPHHH
262,PPHHPHPHHPPHHPP
263,PHHPHHPHPPHHPPP
264,PHHHPPPPPPHPHHH
265,HPPPPHPHPHHHPPH
266,HHPPHPPHPPPHHHP
267,PHPPPHPHHPPPHHH
268,HPPPPPHPHPHHPHH
269,PPHPHPPHHHPPHPH
270,HHHHPPPPHPPHPPH
271,PPHPPPHHPHHPHHP
272,HPHPHPHPPHHPPPH
273,HPHHPPPPHHPHHPP
274,HHHHPPPPPHHPPHP
275,PHHHPPPHHPHPPHP
276,HPHHPHHHPHPPPPP
277,PPHPHPHPHPPPHHH
278,HPHHHPPPHPPPHHP
279,HPPHPPPHPHHPHHP
280,HPPPPPPHPHHHHHP
281,HPHHPPPPHPPHHHP
282,PPPPPHHPHPHHPHH
283,HPPHPPPPPHHHHPH
284,HPPHHPHPHPPPHPH
285,HHPHPPPHPHPPHHP
286,HPHHPPHHPPPPHHP
287,PHHHPHHPPPHPPHP
288,PPHHHPHHPPHPPHP
289,PHPPHPHPHPHHHPP
290,HHPPPPHPHPHHPHP
291,PPHHPPPPHHHHPPH
292,PPPHHHPPPHHHPPH
293,PHPHPHPPHPPHPHH
294,PHPPHPHHPPHHPPH
295,PPHPPHPHHHPHHPP
296,HPPPPPPHHHHHHPP
297,PPHPHHPHPHPHPHP
298,PHPPHHPHHPPPHPH
299,PHHHPPHPHHHPPPP
300,HHPHPPPHHPPPPHH
301,HHPHPPHHPPPPPHH
302,HPPHHPPHHHPPPPH
303,PHHPHHHPHPPPPHP
304,HHPHPHPHPPPPHHP
305,PHHHHPPPPHPPHPH
306,HPHPHHPPPHHPPHP
307,HPHHPPHPHPPHPHP
308,PPHPPPHHHHPHHPP
309,HPPPPHHHHPHHPPP
310,PPHPHHHHHPPHPPP
311,PPHPPHHPHHPHHPP
312,PHHHHHHPPHPPPPP
313,HPHPHHHHHPPPPPP
314,PHPPHHHPPHPPPHH
315,HHPHHHPHPPPPHPP
316,PHPHPPPPHHHPHPH
317,HPHHPPHPPHPHHPP
318,PPHPPHHHPHPHHPP
319,PPPPHHPHHPHHPPH
320,HPHHPPHHPPPHPHP
321,PPHPPHPPHHHPHPH
322,HPPHPPHHHPPHPHP
323,PHHPPHHPPPHPHPH
324,PPHHHHPPPPHPPHH
325,HHHPHPHPPPPHPHP
326,PPPHHHPPHPHHHPP
327,HHPPPPHPPHHPHHP
328,PPHHPPHPPPPHHHH
329,HPHPPHHHPPPHPPH
330,HPHHPPHPPPHPHPH
331,PPPHHHHPPHPPHHP
332,HPPPPPHHHPPHPHH
333,PPHHHPHPHHHPPPP
334,HPHHPPPHHPPHPHP
335,PHHPHHPPHPHPPPH
336,PPHPHHHHPHPPPPH
337,HPHPPHPPHPHHPHP
338,HPHPHPPHHPPPHHP
339,HHHPHPPPPPHHPHP
340,PPHHHPPHPPHPPHH
341,PHPHHPPHHHPPHPP
342,PPHPPPHHPHHHPHP
343,HHPPHHPHPPPPHPH
344,HHHHPPHPPPHPPHP
345,PHHHPPHHPHPHPPP
346,PPHPPHPPHHPHHHP
347,HHPPHHPPPHHPPPH
348,HPPPPHHPHPHPPHH
349,PPPPPHHHHHPPHPH
350,HPHPPPPPPHHPHHH
351,HPHPPHPPHHPHPHP
352,HPPHHHHPHPPHPPP
353,HPPHHHPPPPPPHHH
354,HPHHPPHPPPPHPHH
355,PHPPPPHHPPHHHPH
356,HPHPPHPHPPHHHPP
357,HHPPHPHPPPHHPPH
358,HPHPHHHPPPPPHHP
359,PPPHPHPHPHPHHPH
360,HPPPHPHHHHPPHPP
361,HHPPPHPHPHPHPHP
362,HHHPHPHPPHPPHPP
363,PHPHHHPHPPHPHPP
364,HHPHHPPPHPHPHPP
365,HPPHHPPPHPHPHHP
366,PHHHPHHPPPPPPHH
367,HPPHPHHHPPHHPPP
368,HHHPPPHHPPHPPHP
369,HPPHHPPHPPPPHHH
370,PPHPPPPHHHPPHHH
371,HPHHHPHPHPPPHPP
372,HHPPHPHPHPPHPPH
373,HHHPPPPHHPHPHPP
374,PPHPPHPHHPHHHPP
375,PHPPHPHPPHPHPHH
376,HHPPPHPPHHPPHHP
377,HPPHHHPHPHHPPPP
378,PPPHPPPPHHHHHPH
379,PHHPPHHPPHPPPHH
380,PHHPHPPHPPHPPHH
381,HHHPPPHHPPPHPHP
382,HPPPHHPHHPPPPHH
383,HHHHPPPPPPHPHPH
384,HHPPHPHHPHPPHPP
385,PPPHPPPPHPHHHHH
386,HPPHPHHHPHPPHPP
387,PPHHPPPHHHPPPHH
388,PHPHHHPPHHPPPPH
389,HPPHHPHHHPPHPPP
390,HHPPHPHPHPPPHPH
391,PHHPPPPHHHPPHPH
392,PPHPPHPPPHHHHHP
393,HHHPHPPHHPHPPPP
394,PPHHPPHPPHHPHPH
395,PPHHHHPPHHHPPPP
396,PPPHPHPHPHHPHHP
397,PPPHHPHPHPPHPHH
398,PPHHHHHPPHPPPHP
399,HHPHPHHPPPPPHPH
400,HHHPPPPHHHPPPPH
401,HPHPHPPHHPPPHPH
402,PHHHPPHPPHHPHPP
403,PPPHHPHHPHPHPPH
404,PPPHHPHHHPHPPHP
405,PHHHPPPPHPPHHPH
406,HPPPHPPPHHPPHHH
407,HPPHHPPPHHHPPPH
408,PHPPHHPHHPPHPPH
409,PPHHPHHHHPHPPPP
410,PPPHPHHPPHPPHHH
411,PHPHHPHPPHPPHHP
412,HPPPHHHPPHPHPHP
413,PHHPPHPPHHPPHHP
414,PHHPPHPPPPHHPHH
415,PPHHHHPPHHPHPPP
416,PPHPHPPHHPHPHPH
417,PHHPHPPHPHPHPPH
418,PHHHPHPPPHPPHHP
419,HHPPPHHPPPHPHPH
420,PPPPPHHHHHPHPPH
421,HHHPHHPPPPPHHPP
422,HHHPPPPPPHPHHPH
423,PHPPHHPHHPPPPHH
424,HPPPHPHPHPPHHHP
425,HPPPHHHPHPPPHHP
426,PHPPPPPPHPHHHHH
427,PHPHHPHPHPPHPHP
428,HPHPHPPHHHPPHPP
429,PHHPHPHPPPPHHHP
430,HHPPHHPHPPHPHPP
431,PHPHPHHPHHPPPPH
432,PPHHPHHPPHHPHPP
433,PPPHPHPHHPHPPHH
434,HHPPPHHPPHPPPHH
435,HPHPPHPPHHHPPPH
436,PPPHPHHHHHPHPPP
437,PPHPPHHPHHHPPPH
438,PHHPHHHPPPHPHPP
439,PPPPPHPHHHPPHHH
440,PHHPPPPPPHHHHPH
441,PPPHPHHHPPPPHHH
442,HHHPHHPPPHHPPPP
443,HPPHHPHPPPPHPHH
444,HPHHPPHPPHPPHPH
445,PHHHPPHHPHHPPPP
446,PHPPHPPPHHHPPHH
447,PHHHPHPHPPHPHPP
448,HPPPHHPPPHHHPHP
449,PHHHPHHPPPHPHPP
450,PPHHPPPHPHHHPPH
451,HPPPHPHHPPPHHHP
452,PHPPPPPHHHHHHPP
453,HHHPPPHHHPHPPPP
454,HPHHPPHPPPHHHPP
455,PHPHPPHPPPPHHHH
456,HPPHHPPHHPPPHHP
457,PPPPHHPPPHHPHHH
458,HPPHPPHHPPHPHHP
459,PHHHPPPPHHPHPHP
460,PHPHPPPHHPHPHHP
461,PPHHPHPPHHPPPHH
462,PPHPPPPPHHHHHPH
463,HPPHPPHHPHHHPPP
464,HHPHPPPPPHPHHHP
465,HPPHHPPHPPHHPPH
466,HHPPHHHPHPPPPHP
467,HPHHHHPHPPPPPHP
468,HHHHPPPPPPPHHPH
469,PHPHPPPHPHHPHHP
470,HHHHHPPHPPPPPHP
471,HPPHHPHHHPPPHPP
472,PPHPPPPHPHHHPHH
473,PPPHHPPHPHHHHPP
474,PPHPHHPHHPPPHPH
475,PPPPHHHHPHPHHPP
476,HPHPHPHHPPPHHPP
477,PHPHPHHPPPPHHPH
478,PHHHHHHPHPPPPPP
479,PPPHHPHPPPHHPHH
480,HHHPHHPPPPPHPPH
481,HPPHHHPPPHHHPPP
482,PHHHHPPPPHHHPPP
483,PHPPHPPHPPPHHHH
484,PPHPPPHHHHHPPPH
485,HPPHHHPPPPHPHHP
486,PPHPPHPHPHPHHHP
487,HPPHHPPPHPPHPHH
488,PPHHHHHPHPPHPPP
489,HPHHPPPHHPPPHPH
490,HPPHHHPHPPPHPHP
491,HPPPHPPPHHPHHPH
492,PPHHPHHPPPHPPHH
493,HHHPPPPPHPPHPHH
494,HHHHPPPPPPHPPHH
495,HPPHHHPHHPPHPPP
496,PPHHHPHPPHPPHHP
497,PPHPPHHHPPHPHPH
498,PHPPHPHPHPHPHHP
499,PHPPPHPHPHHPPHH
500,PHPHPHPHPHPHPPH
501,PPPHHPPPPHPHHHH
502,PHHHHPPHHPPPHPP
503,HHHHPPPPPHHPPPH
504,HHPPPPHHPPHHPPH
505,HPPPPHHPHHPHPHP
506,PHPPHPHPHHPHPHP
507,HHHPHPPPPPPHHPH
508,HHPHPHHPHPPPHPP
509,PHHHHPPHPPHPPHP
510,HPHHHHHPPPPPPPH
511,HHPHHPHPHPHPPPP
512,PHHHPPHPPPHPPHH
513,HPPHPHHPPHPPPHH
514,HHHPPHPHPPPHHPP
515,HPHPPPPPHPHHHPH
516,HHHPPPPHPPPHPHH
517,HPPPHHHHPPHPPHP
518,PPPPPPHHHHPHPHH
519,HPPHPPHPHPHPPHH
520,PPHHPHPPHHPPHHP
521,PHPPHPPHHHPHHPP
522,HPPPHHPHHHPPHPP
523,PHPHPPHPPPHHPHH
524,HPHHPPPHHPHPHPP
525,HPHHPPHHPPHPPPH
526,HPHHHPPPPPHPPHH
527,PPHPHHHHHPHPPPP
528,PHPHPHHHHPPHPPP
529,PPPHPHHPPPHPHHH
530,HPHPPPHHPHHPPPH
531,HPPPHPPHHHHPPPH
532,PHPHPHPPHHPPHPH
533,HPPHPPPHPHHHPPH
534,PPHHPHPHPPPHHHP
535,HPHHPPHPPHPPHHP
536,HHPHPPPPPHHHHPP
537,PPHPPHHHHHPPPHP
538,PHHHPPPPHPHHPPH
539,PHHHPHPHPPHPPHP
540,HPPPHHHPPPPHHHP
541,HHPPPPHHHPPPHPH
542,PPHHHPPPHHPPHHP
543,PHHPPPPHHPHPHHP
544,PPPPHPHPHPHHPHH
545,HHHPPHPPPHPHPPH
546,PHPPPHHHHPPPHHP
547,HHPPPPPHPHHHPPH
548,HHHHHPPHHPPPPPP
549,HPHPHPHPHHPPPPH
550,PHPPHPPHHHPPHHP
551,HHPPPHHHPPPPHHP
552,HHPPPHHHPHPPPHP
553,HPHHHPPHPPPHPPH
554,PPHPPHPHPPHHHHP
555,HPPHHHHPHPPPHPP
556,HHPHPPPPHPPHPHH
557,HPHHPPPPHHHPHPP
558,HHPHPPPHPHPHHPP
559,HPHHPPPPPHPHHHP
560,HHHPPPPHHHPPHPP
561,PHHPHHPHPPPHPHP
562,HHHPPHPPPPHPPHH
563,HHPPPHPPHHHPPHP
564,PHPPPHPHPHPHPHH
565,PHHPHPPHPPPHHHP
566,HHPHPHPPHPPPPHH
567,PHPPPHPPHHPPHHH
568,PHPHPHHHHPPPPPH
569,HPPPHHPPPPHHPHH
570,PHPHHPPPPHPHHHP
571,PHHPPPPPPHHHPHH
572,HPHPPPPPHHHHPHP
573,HHHPPPHHPPHPPPH
574,HHPHPHPPPPHHPPH
575,HPHHPPPPHPHPHPH
576,PHHHPPHPPHHHPPP
577,HPPHPHPPHPHPPHH
578,PPPHHHHHPPPHHPP
579,HHPHPPPPHHPHPPH
580,HHPHPPPPHHHPHPP
581,HHPPPPHHPHPPHPH
582,PHHPPPPPPHHPHHH
583,PHHPPHPPHPPHHHP
584,PPPHHHPPHPPHPHH
585,HPHPPPHHHPHPHPP
586,PHHPPPPPPPHHHHH
587,PHPPPHHPPHPHHHP
588,PHPHPHPHPHHPHPP
589,PPPHHPPHPHHPHHP
590,HPHPPPHPPHHHPPH
591,PPPHHPHHPPPHHHP
592,PPHPHHPHPPHHHPP
593,HPPPHPPHHHPPPHH
594,HPHHHHPPPHHPPPP
595,HHPPHHPPHPHPPHP
596,PHPPHHPPPHHHPHP
597,PPHPHPPHPHHPHPH
598,HHPHHPHHPPHPPPP
599,HPHHPPHPHPPHPPH
600,HHPHHPPPPHPPHHP
601,HPPPPPPHHHPPHHH
602,PPPHPPPHHHHHPPH
603,PPPHPHPHPHHHPHP
604,PPHPHPHHHPHPPPH
605,HPHHHHHHPPPPPPP
606,HHPPHPPHHHPHPPP
607,PPHPPHHPHPPPHHH
608,PPHPPPHPHHPPHHH
609,HPHPHPPPPPHHPHH
610,HHPPHPPPPHHPHPH
611,HPHHPPPPPHHPHPH
612,PHHHPPPPPHHPHPH
613,HHHPPPPPHHHPPPH
614,PHPPHPPPHPHHHPH
615,PPHHPPHPHPHHPHP
616,PHHPPHPPPHHHHPP
617,PHHPHPPPHHPHPPH
618,PPPPHPHHHHHPPHP
619,PPHHHHPHPPHPPPH
620,PPPPHHHPPHPHHPH
621,PPPPHPHHPHHPPHH
622,HPHPHPPHHPPHPPH
623,PHPHHPPHHHPHPPP
624,PHHHHHPPPHHPPPP
625,HHPPHHPHHPHPPPP
626,HPPHPPPPHHPHHPH
627,PHHHPPPPHHPPHHP
628,PHPPPHHHPHHHPPP
629,HPPPPHHPHPHHHPP
630,PHHPHHHPPHPPPHP
631,HPHHPPPHPPHHPPH
632,PHPPHHHPPPPHPHH
633,HPPPHHPHPPHHPHP
634,PPHPHPPHPHPHHPH
635,HPPHPHHPPHHPPPH
636,HPHHHPPPPPHHPPH
637,PPHHHPHPPHPHHPP
638,HPPPHPPHHHPPHPH
639,HPHPHPPPPPHHHHP
640,HHPHPHHPPHPPPPH
641,HPPPPHPPHHHHHPP
642,HHPHHHHPPPHPPPP
643,PHHPPHHPPPPHHPH
644,PHPHPPHPHPHHHPP
645,PHPHPPPPHPHHPHH
646,HHPPHPPHPPHHHPP
647,HPPPPHHPPPHHPHH
648,PPPPHHHHHPPPHHP
649,HPHHHPPPHPPHHPP
650,HPHPPPHHPPHHHPP
651,PPHPHHPHHPPHHPP
652,HPHHPPPHPPHPHHP
653,PHHHHPHPHPHPPPP
654,PHPHHHPHPPPHPPH
655,PPHPPHPPPHPHHHH
656,PHHHPHHPPPPHHPP
657,HHPPHHPPHPPHHPP
658,HPPHPHPPHHPPHHP
659,PPPPHPPPHPHHHHH
660,HPHPHHHPPPPPHPH
661,HPPHHPPPPHHHPHP
662,PPPHHHPHPPHHPHP
663,PPPHPPHPHPHHHHP
664,HHHPPPPHHPPPHHP
665,PPHHPHPPHPPPHHH
666,PPPPHPHHPHPHHHP
667,PHPHHHPHPPPPPHH
668,HPPPHPPPPHHHHPH
669,PPPPPHHPHHHHPPH
670,HPPPHPPPHHPHHHP
671,HHHPHPHPPPHPPHP
672,HPHPPHHHPPHHPPP
673,PHPPPHPHHPHPPHH
674,HPPPPHPHHPHPHHP
675,HHPHPPPHPHPPPHH
676,PPPHPPHHHPHPHPH
677,PHHPHPHPPPHHHPP
678,PHPHPPPPHPHHHPH
679,PPHPHPPHHHPPHHP
680,PHHHHPHPPHHPPPP
681,HHPPPPPPHPHHPHH
682,HHPPPHHHPHPPHPP
683,HHPHPPPHHPHHPPP
684,PPPPPHHHHPHPHHP
685,HHPHHPHHPHPPPPP
686,PHHPPPHPHHPPHHP
687,HPPHHHHPPHHPPPP
688,PHPHHPHPPHPHPHP
689,HPPPHPHPHHPHHPP
690,PPHHPPPHPPHHHHP
691,PHHPPPHHPPHHPPH
692,PPPPHHHHPHPPHHP
693,HHHHHPPPHPPHPPP
694,HPPHPHPHHPHPPPH
695,HPPHHPHHPPPHPPH
696,HPPPHPPHPHHHPHP
697,PPHHHHPHPHPPPPH
698,PPPPPHHHHHPHPHP
699,HPHPPPPHPHPHPHH
700,HPHPPPHPPHHHPHP
701,HHPHPPHHPHPHPPP
702,PHPPHHPPPHHHHPP
703,PPHHPHHPHPPHPPH
704,PPPHPHHPHHPHPPH
705,HHPPHPHPPHPPHPH
706,HPHPPPHPPHHHHPP
707,PHPPPPHPHPPHHHH
708,HPHPPHPHPHHPPPH
709,PPPHHPPHPHPHPHH
710,HPHPHHPPPPHPHPH
711,HPPHPPHHHHPPPPH
712,PPPPPPPPHHHHHHH
713,PHPPHPHHPPHHPHP
714,HHPPHHPHHPPPPPH
715,HHPPPPPHHPHPHPH
716,HPHHHPHPPPHPPHP
717,HHPHPHPPHPPHPPH
718,HHHPPPPHHPHPPPH
719,HPPPPHHPPHPHHHP
720,PPPHPHHPPHHPHHP
721,HHPPHPHHHPHPPPP
722,PPPHPPHHHHPHPPH
723,HHPHPPHHPPPHHPP
724,HPPHPPPHPPHPHHH
725,HHHHPHPPPPPHPPH
726,HPPHHPHPPHPHHPP
727,HPHHPPHPPHHPPHP
728,PHPHHPHHPPPHHPP
729,HHPPHHPHHPPPPHP
730,PHPHPHPHPHPPPHH
731,PPPPPHHPPHHHPHH
732,PHHHPPPPHHHPPHP
733,PHPHPHPPPHPHPHH
734,HPPHPHHPHPHHPPP
735,PPPHPHPPHPHPHHH
736,HPHHPHPHPPPPPHH
737,PPHPPHHPHPHPHHP
738,PPPPPHHHHHHPPHP
739,PHPPPHHHHHHPPPP
740,PPPPHHHHHHPHPPP
741,PHHPPPHPHHHPPPH
742,PHPHHPHHHPPHPPP
743,HHHPPHHPPHPPPHP
744,PPHHPHPHPHPPHPH
745,HPHPHPPPHHPPPHH
746,HPPPPPHPHHHHPPH
747,PPHPHPPHHHHHPPP
748,HPHPPHPHHPPPHPH
749,HPPHPHPPHHHPPPH
750,HHHPPPHHPHPPHPP
751,HHPPHPPPHPHHPHP
752,PHHHPPPHHPPPPHH
753,HHPPPHHPHPPPHPH
754,PPPHHPHHPPHHPHP
755,HPPPPPHPPPHHHHH
756,HPHPHPPPHHHPPHP
757,PHHHPHPHPPPHPPH
758,PPHHPPHHHHPHPPP
759,PHHPHHHPPPPPPHH
760,HPPPPHPHPPPHHHH
761,PHHHPPHPPHHPPHP
762,HHPPPHHHPPPPHPH
763,PPHPPHPHHHPHPHP
764,HPPPPHPPHHHPPHH
765,PPHPPPHHHHHPPHP
766,HPHHPPHPHPPPHHP
767,PHHHHPPPPPHPHPH
768,HPPPHPHHPPPPHHH
769,PPHPHPPPPHHHHPH
770,PHPHPHPHHPHPPPH
771,PPHPPHHPHPHPPHH
772,HPPPPHPHPHHPHHP
773,HHPPPHHPHPPHPPH
774,HPPPPPPPHHHPHHH
775,PHPPPHHHHPHPPHP
776,HPHPHPHPPPHPHHP
777,HPHHHPPPHHHPPPP
778,PHPPHPHPHPHPPHH
779,PPPPPPHPHPHHHHH
780,PHPHHPPPHPHHPPH
781,HHPPPHHPPHPHPHP
782,PPPHHPHPHHHPHPP
783,PHPHPPPHPHHHPHP
784,HHHPPPPPPHPHPHH
785,PPHHHPPHPHPHPPH
786,PPHHPPHPHPPHHHP
787,PPHHHHPPPPPHPHH
788,PPHHHHPPPHPHPHP
789,HHPPPHPPHHPHHPP
790,PPPPHPPHHPHPHHH
791,PHHPPHHPHPHPHPP
792,HPHPHPPPHHHHPPP
793,PHHPPHPHPHPHHPP
794,HPHHPHPPHPPPHHP
795,HHHPHPHHPPPHPPP
796,HPPPPPHPHHPPHHH
797,PPPHHHPPPHHPPHH
798,HHPHPPHPPPPHHPH
799,HHPPHPPPHHHPPHP
800,HHHPPPHPHPHPPPH
801,PHPPPPHPHHHHPHP
802,HPPPHPHPHPHPHHP
803,PHPHHPPHPHHPPPH
804,PPHHHPHHPHPPPHP
805,PHHPPPPHPPHHHHP
806,PHHPPPPPHHHPHHP
807,HPPPPHHHHPHPPHP
808,PPHPPHPHPHPPHHH
809,HHPHPPHPHPPHPPH
810,HPHHPPHPPHPPPHH
811,HPPPPHHPHHHHPPP
812,PPPHPHHPHPPHPHH
813,PPHPHHPPPHPPHHH
814,PPPHHHPHHPPPHPH
815,HPPPHHPPPHHHHPP
816,HPHPPHPPHHPHPPH
817,PHPHPPHPHHHPPHP
818,HPPHPPPHHHPPHPH
819,HHHHPPPHPPPPHPH
820,HPHHPPHPHHHPPPP
821,HPPHPHPPPPPHHHH
822,PPHPHHHPHHHPPPP
823,PPPPHHPHHHPPHPH
824,PPHHPPHPPPHHPHH
825,PPHPHPHHHPHPHPP
826,HHPPPHHPHHPHPPP
827,PPPHHPPPHPHPHHH
828,HPPPPHHHPHHPPPH
829,PPHPPHHPPPHPHHH
830,PHPHPHHPPPHHPPH
831,PPHPPHPHPHHPHPH
832,PHPHPHPHPPPHHPH
833,HPPHPPHHHPHHPPP
834,PPPPHPPHHHPHHPH
835,PHHPPHPHHHHPPPP
836,HPPHPHPHHPHPHPP
837,PPHHPHHPHPPPHPH
838,PPPPHHHHHPPHPHP
839,HPHHPPPHPPHPPHH
840,HPPPPPPHHHHPHPH
841,PHHHPHPHPHPPHPP
842,PPHPHPHHPHHPHPP
843,HPPHPPPHPHPHHHP
844,HPPPPPHHHPHPHHP
845,PPHHPPPHHHPPHPH
846,HPPPPPPHHHPHHHP
847,PPHPPPPHHPPHHHH
848,HPHPHPPHHHPHPPP
849,PPHPHHPHPHPHPPH
850,HHPHPPPPPPHPHHH
851,PPHHHPPPPPHHHHP
852,PHHHPPPHPHPHPPH
853,HPPPPHHHHPPPPHH
854,HPPPPHHPPHHHPHP
855,HPPHPPPHHPHPHHP
856,HHHPPPHHPHPPPHP
857,PPPHPPHHHHPPHPH
858,PPHHPPHPHHPHPHP
859,PPHHPPHHPPHPHPH
860,HPHPHPHHPPPPHHP
861,PHHHPHPPHPPPHHP
862,PHPPPHPHPPHPHHH
863,HPPHPHPPHHHPPHP
864,PHHPPHPHPPPHHPH
865,HPPHHHHPPPPHHPP
866,PHPHPHHPPPHPPHH
867,HPPPPHHHHHHPPPP
868,PPPHPHHHPHPPHHP
869,HHPHPPHPPPHHPHP
870,HPPHPPHHHHHPPPP
871,PHPHPHPHPHHPPHP
872,HPPHHHPPHPPHHPP
873,HPHPPHPHPPHPHPH
874,HHHPHPPHPPPPHPH
875,PPHHHPPPPHPHPHH
876,PHPPPPHPPHHHHPH
877,HHHPPHPHHPHPPPP
878,PPHPHHHPPHHPHPP
879,HHHPHPPPPHPHPPH
880,HPPHHPPHPPHPHHP
881,HPPHPPPHPPHHHPH
882,HPPPPHHHPPHPPHH
883,HHPHPHPHPHHPPPP
884,PPHHPHHHHPPPPHP
885,HPHPHPPPPHHPPHH
886,HHHPPPHPHHPHPPP
887,HPPPHHPHPHPHPHP
888,HHPPPPHHHHPPPHP
889,HPPPPPHHHPPPHHH
890,HHPHPHPHPHPHPPP
891,PPHPHPPPHHPHHHP
892,HPPPHHHPPHPPHHP
893,HPHHPHHHPPPHPPP
894,PHPHHPPHPHHHPPP
895,HPPPHHHPHHPPPPH
896,HPPHHPPHPPPHPHH
897,HPPHHPPPHHHPPHP
898,HPPPPHHPHHPPHHP
899,PHHHHHPPHPHPPPP
900,HHHPHPHPPPPPHHP
901,PPPHPPPHHHPHHPH
902,PPHHPHHPHPHPPPH
903,HPPPHPPHHPHHPHP
904,PHHPPPPHPHHPHPH
905,PHHHPPHPPHPHPHP
906,PHHHPHHHPPPHPPP
907,HHPPPPHPHHPPPHH
908,HPPHHHPHPPPPPHH
909,HPPHPPPPHHHPPHH
910,HHPPPHPHPHPPHPH
911,HPPPHPHPPHPHPHH
912,PPPPHHPHHPPPHHH
913,PPPPPHHPHHHHPHP
914,PHPHPPHPHHPPPHH
915,PPHHPHHHPHPPPHP
916,PPHHHHHPPHHPPPP
917,PHPHHPPHPPPHHHP
918,PHPHPHHPPPHPHPH
919,HPHPHHHPPPPHPHP
920,PHHHPPHPPPHPHHP
921,HPHHPHPPPHPHHPP
922,PPPHHHHHPPPPHPH
923,HPHPHPPPHPHHPHP
924,PHHPHHPHPPHPPHP
925,PHHPPHHHPHPPPHP
926,PPHHHPHPPHPPPHH
927,PHPHHHHPPHPPHPP
928,PHHPHHPPPPHHPPH
929,PPPHHHHHPPHPPPH
930,HPHPPPPHPPHHPHH
931,HHPHHPPHPPPPHHP
932,PHHPPPHPPHHHPPH
933,HHPPPHPHPPHHPHP
934,PPHPPHHHHPPHPHP
935,HPHPHPHHPPHPHPP
936,PPHPHPHPHPPHPHH
937,HPHPPPPHHHHPHPP
938,PPHHPPPHPHPPHHH
939,PHHHPPPHHPHPPPH
940,HPPPHPHHHPHPPHP
941,PHHPPHHPHHPPHPP
942,PPPPPHHPHHPHHHP
943,PHHPPHHPPPHPPHH
944,PPHPHPHPHHPHPHP
945,PHHPHHPPHPHHPPP
946,HHHHPHPPPPPPPHH
947,PHHHPPPPHPPHPHH
948,PPHHPHHHPHPPPPH
949,HHPHPPHPPPHHHPP
950,HHPPPPHPHPPPHHH
951,HPPPHPPPHHHPHPH
952,HHPPPPPHHHPPPHH
953,HPHHHPPHPHHPPPP
954,HPPPPHPHPPHHHHP
955,PHPPHHHPHPPPHHP
956,PHHPPHPPHHHPHPP
957,HPHPPPPHHPPHPHH
958,HHHPPPHPPHPPPHH
959,HHPPHPHHHPPPPHP
960,PHHPPPPHPHHHPHP
961,PHPHHHHPPHPHPPP
962,HPPPPHPHHHHPHPP
963,HHHHPPPPPHPPPHH
964,HHPPHHPPPHHHPPP
965,HPPHPHPHHHPHPPP
966,PHPHHHPHPHPPPPH
967,HHPPPHHPHPHPHPP
968,HHHHPPHHPPPPHPP
969,HPHPPPHHHPHPPPH
970,HPHHPPPHHPPPPHH
971,PHPHHPPPHHPHPHP
972,HPHPPPPHHHPPPHH
973,HHHPPPHHHPPPHPP
974,PHPHPPHPPHPHHPH
975,PPPHPHPPHPPHHHH
976,PPPHPHPPHHHHPHP
977,HHPPHHPPPPHHPPH
978,HHHPHPHPHPHPPPP
979,PHPHHPHPPHHPHPP
980,PPHPHPPHHHHPPPH
981,HPHHHPHPPPPPHPH
982,HPHPHPPPHPPHPHH
983,PHHHHPPPHPPHPHP
984,PPHPHPPHHPHPHHP
985,PPPPHHHPPHHHPPH
986,PPPHHPHPHHPHPHP
987,PHPHPHHPPPPPHHH
988,PPPPPHPHHPHHHHP
989,HHPHPPPPPPHHHPH
990,HPPHPPHPHHHPPPH
991,PPPPHHPPHHHHPPH
992,HHPPHHPHPPPPPHH
993,PHHPHHPPPHPHPPH
994,PPPHPHPHPPPHHHH
995,PPPHHHPHHHHPPPP
996,PHHHPPPPHPPHHHP
997,PHHHHPPHPPHPPPH
998,HPPHPHHPPPPHHHP
999,PHHPPHHHPHPPPPH
1000,PHHPPHHPPHPHHPP
1001,HPPHHPHPPPPHHHP
1002,HHHHPPPPPPPHPHH
1003,PPPHHHPPHHHHPPP
1004,PHPPHPHPPHHHPPH
1005,PPHPHPHHHPPHHPP
1006,PPPHPPHPPHHHPHH
1007,PPHHPPPHPHHHPHP
1008,PHHHPHPPHPHPHPP
1009,PPPPPPHHHHPPHHH
1010,HHHHPPHPPPPHPHP
1011,HPHPPPPPHPHHPHH
1012,PPPHHPHHHHHPPPP
1013,HPHHPPHHHPPPPHP
1014,HPPPPPHHPPHPHHH
1015,PPHHPPPPPHHHHPH
1016,PPPHHPHPHPHHPHP
1017,HHPPHPPHPHPHPPH
1018,PPHHPPPPHHHHHPP
1019,HHPHPHPHHPHPPPP
1020,HPHHPHHPPHHPPPP
1021,HHHPHPPPPHHHPPP
1022,HHPPPPPHPPHHHPH
1023,PPHHPHHHPPPHPPH
1024,PPPPHPPHPHHHPHH
1025,HHHPHPPHPHHPPPP
1026,HHHPPHHPPPHHPPP
1027,HPPHPHHPPHHHPPP
1028,HPPHPHHHPPPPHPH
1029,PPHPHHPPPPHPHHH
1030,HHHPPHHHPPHPPPP
1031,HHHPHPPHHPPPHPP
1032,PPHHPPHPHHPPHHP
1033,PHPHPPPHHHPPHPH
1034,HPPPHPPHHPPHHPH
1035,HHPPHPPHPHPPPHH
1036,PHPPHPPPPHPHHHH
1037,PHHHPHPHPPPHHPP
1038,HHPHHHPHHPPPPPP
1039,HHHPHPHHPHPPPPP
1040,HHPHPHPPPHPPHPH
1041,HHPPHPHPPPPHHPH
1042,HPPHPHPHHPPHPHP
1043,PPPHHPPPHPHHPHH
1044,HPHPPHPHPPHPPHH
1045,HPHPPHHPPHPPHPH
1046,PHPHHPHPHPHPPHP
1047,PPPHHPHHPHHPHPP
1048,PPHPPPPHPPHHHHH
1049,HPHPPHPPPPHHHPH
1050,HHHPPPPHHHPPPHP
1051,HPHHPHPPPPHPHPH
1052,HPPHPHPPHPHHHPP
1053,HPHPPPPPPHHHHPH
1054,PHPPHHPHPHPHPPH
1055,HHHHHPPPPPPHPHP
1056,HHPPPPHHHPHPHPP
1057,HHPPHHPPHHPHPPP
1058,PHPPHPPHPPHHPHH
1059,HHPPPPPPHHPHPHH
1060,PHPPPPHHPHHPPHH
1061,HHHPPPHPPHHPPPH
1062,PPPPPHPPPHHHHHH
1063,PHPPPPHHPHHPHHP
1064,PHHPPPHHPHHHPPP
1065,HPPPHPPHHPHHPPH
1066,PHPPHHHHPPPHPHP
