id,sequence
0,HHPHPHHHPHHHHPP
1,HHPHHHHHPPHPHPH
2,HHHPHPHHPHPHHHP
3,HHHPPHHPHPHHHPH
4,PHPPHHHHHPPHHHH
5,HPHHHHPHHHHHPPP
6,HHHPHHPHHHHHPPP
7,HPHHHHPPHHHHHPP
8,HHPPHHPHHHHHPPH
9,HHHPPHHPHHHPHHP
10,HHPHPHPHHHPHPHH
11,HHHPHPPHHPHHPHH
12,PPHHHHHHPHPHHHP
13,HHPHHPHHHPPHHPH
14,PPHHHPHHHHHPHPH
15,HPHHHHPHHHPHPHP
16,HPPPHHPHHHHPHHH
17,HHPPHPHPHPHHHHH
18,HHPHHPHPPPHHHHH
19,HHPPHPPHHHHHHHP
20,HHHHPPPHPPHHHHH
21,HHPHPPPPHHHHHHH
22,PHPHHHHPHHPHHHP
23,HHHPHPHHPPPHHHH
24,PHHHHPPHPHHHPHH
25,HHHPHHPPHHPHHPH
26,HHHHHPHPPPHHPHH
27,HHHPPHPHPHHHHPH
28,HHHHPHHHPPPHHHP
29,HPHHHHPHHPPHHHP
30,HHPPHHHPHHPPHHH
31,PPHHHHPHHHPHHHP
32,HHPHHHPPPPHHHHH
33,HPHPHHPHHPHHPHH
34,HPHPHPPHHHPHHHH
35,HHHPHPHHPHHPPHH
36,PHHHHHPHHPPPHHH
37,HPHHPHPHPHHHHPH
38,HHHPPPHHHHPHPHH
39,HHHPHPHHHHPHPHP
40,HPHHHHPHPPHPHHH
41,PHHPHHHHPHHPHPH
42,HPHHHHHHHPPHHPP
43,HHPPHHPPPHHHHHH
44,HPPHHHHHPHPHHPH
45,HPHPPHHHHHHPPHH
46,PHHHHPPHHPHHHPH
47,PHHPPHHHHHHHPHP
48,PHHPHHPHHHHHPHP
49,HPHPHHHHHPHHPPH
50,PHHHPHHPPHPHHHH
51,PHPHHHHHHPHPPHH
52,HHHHHHPHHHHPPPP
53,HPHHHHPHHPHHPPH
54,PHPHPHHHHHHHHPP
55,PPHPHHPHHPHHHHH
56,PHPPHHPHHHHPHHH
57,HHHPHHHHPHPPHHP
58,HHHHHHHPPHPHHPP
59,HHPPPHPHHHHHPHH
60,HPHHPHHPPHHHPHH
61,HHHPPPHHPHHHPHH
62,HHHHHPPHHPPHHPH
63,PPHHPHHHHHHHHPP
64,HHPHPHHHPHHPHPH
65,HHHHPHHHPPPPHHH
66,HHHPPHPHHHPHPHH
67,HPPHPHPHHPHHHHH
68,HPPHPHHHHPHHHHP
69,PHHHPHHHHPPPHHH
70,HPPHHHPHPHHHPHH
71,PHHHPPHPHPHHHHH
72,HHHHHHPPPHHHHPP
73,PPHHHPHHPHHPHHH
74,HHPHPHPHPHHHHHP
75,HHHPPHHHHPHHHPP
76,HHHHPHHPPHPHHHP
77,PHPHHPHHPHPHHHH
78,HHHHPPHHPHPHHHP
79,HPHPHHHPPHHHPHH
80,HHHHPPPPHHHHHHP
81,HHPHHPHPPHPHHHH
82,PHHPHPHHHPPHHHH
83,HHPHPPHHHHHHHPP
84,HHHHHHPPHHPHHPP
85,PHPPPHHHHHPHHHH
86,HPHHHPHHHHHPHPP
87,HHHPHHHHPPPHPHH
88,PHPHPHHPHHHPHHH
89,HHHPHHHPPHHPHHP
90,HPHHHPHHHPPHHHP
91,HPPPHHHPPHHHHHH
92,HHPHHPHHPHPHPHH
93,HHHHHPHPPHPHHHP
94,HHHPPPHHPHHHHPH
95,HPPHHHHPHHPHPHH
96,PPHPHPHHHHHHHPH
97,PPPHHHPPHHHHHHH
98,PHHPHHPHHPHHPHH
99,PPHHPHHHHHHHPPH
100,PHHHHHPPPPHHHHH
101,HHPHPHHHHHPHPPH
102,HHHHPHPHPHPHHHP
103,HHPHPHHHPPHHPHH
104,HHHHPPPHPHPHHHH
105,HHHPPHHPHHPHHHP
106,HHPPPPHHHHPHHHH
107,HHHPHPPHHHPHHPH
108,PHHPHHPPHHHPHHH
109,PPHHHPHHHPHHHHP
110,HHHPHHHHPPHHHPP
111,HPHPPHHHHHHHPPH
112,HPHHHHPHHHPPHPH
113,HHPHHHHHHHPPHPP
114,HHHPPHHPPHHHHHP
115,PHPHHHHHHPPPHHH
116,HHHHPPHPHHHHPHP
117,HHHPHHPHPHHPHHP
118,HHPHHPHHHPHHHPP
119,HPPPHHHPHHHHHHP
120,PHHPHHPHHHPHPHH
121,HHHHHPHPPPHHHHP
122,PHHHHPPHPHHHHPH
123,HPHHHHPHPHHHPPH
124,HPHHPHHHHPPHHHP
125,HHHHPHPHHHPHHPP
126,PHPHPHHHHPHHHHP
127,HHPHHHPPHHHPHPH
128,HPPHHPHPHHPHHHH
129,HHHPHPHPHHHHHPP
130,HPPHPHHHPPHHHHH
131,HHHHPHHHHPPPHHP
132,HHPHHPPPHHHHPHH
133,HPPHHHPHHHPHHPH
134,HHPHHHHHPPPHHPH
135,HHPPHHPHPHHPHHH
136,HPHPHHPHPHHHHHP
137,HHHHHHPHPHPHHPP
138,PHPHHHHPHHPHPHH
139,HHPHHPHPHHHHPHP
140,PHHHHPPHHHPPHHH
141,PHHHHHHHHHPHPPP
142,HPHPHHPHHPHHHHP
143,HHHHHPHPPPHPHHH
144,HHPHPPHHPHPHHHH
145,HHHHHPHHPPPHHHP
146,HPHPHPHHHHHHHPP
147,HHHHHPPHPPPHHHH
148,HHPHPHPHHHHHPPH
149,PPHHHHPHHHHHPPH
150,PPHHHHHPHPHHPHH
151,HPHHHHHHPPPPHHH
152,PHPHHPHHHHPHPHH
153,HPHHPHHPHHHPHHP
154,HPPHHHPHHHHHHPP
155,HHPHPPHPHPHHHHH
156,HPHPHHPHHHPHPHH
157,HHPHPHHHPPHHHPH
158,HHPPHPPHHHPHHHH
159,HHHPHHHPPHPHHHP
160,PHPHHHHPHPHHHHP
161,HHPPHHHPPPHHHHH
162,HHHHPHPPPHPHHHH
163,PHHHPHPPHPHHHHH
164,HPHHPHHHPPHHHHP
165,PHHHHPHHHPHHPPH
166,PHHPHPHHPHHHHHP
167,HPHPHHHHHPPHHHP
168,HPHPHPPHHHHPHHH
169,HHHHHPHPHHPHPHP
170,PHHPHHHHHPHHHPP
171,HHHHHHHHPPPHHPP
172,PPPHHHHHHHHHPPH
173,PHHHHHHHPHPHHPP
174,HHPHHHPPHPHPHHH
175,HPHPHPHPHPHHHHH
176,HPHHHHPPHHHPPHH
177,HPHPHHPPHHHPHHH
178,HHPHHPHPHPHHHHP
179,PPPPPHHHHHHHHHH
180,HHHPPHHPPHHHPHH
181,HPHHHPHHHPHPHHP
182,PPPHHHHHHHHPHHP
183,PHHHHHHPPHHPHPH
184,HPPHPPHHHPHHHHH
185,HPPHHHHPHHHPPHH
186,HHHHHPPHHPPHHHP
187,PHHHHPPPHHPHHHH
188,PPHHHPPPHHHHHHH
189,HHPPPHPPHHHHHHH
190,HHPHHHHHPHHPHPP
191,HPPHHHPHPHHHHPH
192,HHHHPHPPHHPPHHH
193,HHHHHPHPPHPPHHH
194,HPHHHHPHHHHPPPH
195,HPHHHHHPPHPHHPH
196,HHPHHHHPHPHPHPH
197,HHHHPHHHPHHPPPH
198,PPHPPHHHHHHHHPH
199,HPHHPHPHHHHHPHP
200,HPHHHPHPPHHHHPH
201,HHHHHHHPPHPPHHP
202,HPHPPPHPHHHHHHH
203,HPHHPHPPPHHHHHH
204,HHPHPHHPPHPHHHH
205,HHPHHPPPPHHHHHH
206,HPHPHHHHPPHHPHH
207,PHHPHHHPPHHHPHH
208,HPPHHPHHHHHPPHH
209,HPHPHPHPHHHHPHH
210,HHHPHPHHPPHHPHH
211,HHPPHPHPHHHHPHH
212,PHPHHPPHHHHHHPH
213,PHHHPPHPHHHHPHH
214,HHPPHPHHHHPHHPH
215,HHHHPHPPPHHHPHH
216,PHHPHHHHHPHHPHP
217,HHPHPHHHPHPPHHH
218,PHHHPPHHPPHHHHH
219,HPHHHHPPHHPHHHP
220,HHHPPHHPPHPHHHH
221,HPHHHPHHPPHHHHP
222,HPPHHPPPHHHHHHH
223,PPHHHHHHPPHPHHH
224,HHHPPHPPHPHHHHH
225,PPHHHHPHHHPPHHH
226,HHPHPHPHHHPHHHP
227,HHPHHHHPHHPPHHP
228,HHHHHPHPPHHHHPP
229,HPPHHPHPHHHHHHP
230,HHHHHHHHPPPPPHH
231,PHHHPPHHPHHHHPH
232,HHHPPHHHPHPPHHH
233,PHHHPHHHHPHPHPH
234,HPHPHPHHHHHPHHP
235,HPHHPPHHPHPHHHH
236,HPHHHPPHPHHHPHH
237,HHPPHHHHPPHHHPH
238,PHPHHHHHPPHHPHH
239,HPHHPHPHHHPPHHH
240,PHHHPPHPHHHPHHH
241,PHPPHPHHHHHHHPH
242,HPPPHHHPHPHHHHH
243,HPHHPPHHPHHHHPH
244,PPPHHPHHHHHPHHH
245,PHHHPHPHHPHHHHP
246,PPPHPHHHHHHHHPH
247,HHHHHHPHPHPPHPH
248,HHHHPHPPHPHHPHH
249,HPPHPHHHPHHHHPH
250,HPPHHHHPHHPHHPH
251,HPPPHHHHPPHHHHH
252,HPPHPHHHHHHPHPH
253,HPHPHHHHHHHPHPP
254,HHHHPPHHPHHHHPP
255,PHHPHHHHHHHPHPP
256,HPHHHPHHHPHPPHH
257,PHHHHHHPHPHHPPH
258,HPHHHHHPPHHHPPH
259,HHHHHHPHHPHPPHP
260,HHPHPPHHHHHPHHP
261,HHHHHPPHPPHHHHP
262,HPPHHPHHHHPHPHH
263,HHPHPPPHHHHHPHH
264,HHPHHHPHPPPHHHH
265,HPHPHPHPHHHPHHH
266,HHHPHHHHHHPHPPP
267,HPHHHPHHPHHHPPH
268,HHPPHHHHHHPHHPP
269,PHHPHHPHHHHPPHH
270,PHHHHHPPHPHHPHH
271,PHHPPHPHHHHPHHH
272,HHHHPHHHPPPHHPH
273,HHHPPHHHHHPPPHH
274,PHHPPHHHPPHHHHH
275,HHPHHHHHPHPHPHP
276,HHPPHHHPHHHPHPH
277,HHHHHPPPPHHPHHH
278,HHHPHHPPPHHHPHH
279,HPHHHHPPHHHHPHP
280,HPHPHHHHPPPHHHH
281,HPHHPHHPPHPHHHH
282,HHPPHHHHPHPPHHH
283,PPHHPHHPPHHHHHH
284,PHHPHHHHPPHHHHP
285,HPPHHPPHHPHHHHH
286,HHPHHPHHPHHPPHH
287,HPPPHHPPHHHHHHH
288,PHHHHPHHPHPHHHP
289,PHHHPPHHHHHHPPH
290,PPHPHHHHHHHPHHP
291,HHHPHHPPHHPHHHP
292,HHHHPPPHHHHPHPH
293,HPHHHPHHPHPHHHP
294,HPHHPHPPHHHHPHH
295,HPPHHHHHHPHPHHP
296,HHHHPHHHPPHHPPH
297,HPHHHHPPHHPHPHH
298,PHHPHPHHHHHPHHP
299,PHHPHPHHHPHHHPH
300,HHPHPHHHHHPPHPH
301,HHHPHPPPPHHHHHH
302,HHHPPHHPPPHHHHH
303,HPPHHHPHHHPHHHP
304,PPHPHHHHPHPHHHH
305,PHPHHHHPHHHPHHP
306,PHHHPHHPHHPHHHP
307,PHHPPHHHPHHHPHH
308,HPPHHHPHHHHHPHP
309,PPHHHPHHHPPHHHH
310,HHHPPHHPHHHHHPP
311,HHHPPPPPHHHHHHH
312,HHPHHHHPHHPPPHH
313,HHPPHPPHHHHHHPH
314,HHHHPPHPPHPHHHH
315,HPHHPHPPHHHPHHH
316,HPPHPHPHHHHHPHH
317,PHPHHPHPHHHHHPH
318,PHHHHHPPHHHHHPP
319,HHHPHHPHHHPPPHH
320,HHHHHPHPHPPHPHH
321,HHHPHPHPHHHPHHP
322,HHHPPHHHHHPHPPH
323,HPHHPPPHHHPHHHH
324,HPHHHHHPHPPPHHH
325,HPHPHPHHHHHPHPH
326,PPHHHHHPHPHHHPH
327,PHPHHHHHPHHPHPH
328,HHHHHPHHPHPPHPH
329,PHHHHHHHPPHPHHP
330,HHPPHHHHHPHHHPP
331,PPHPHHHHPPHHHHH
332,PHPHPHHPHHHHHPH
333,HPHHPHHHPHPHHHP
334,PPHHHPHPHHHHPHH
335,HHPHHHHHPHPPHHP
336,PHHHHPHHHHHPPPH
337,HPHHPHHHHHHHPPP
338,HHHPPHHPPHHPHHH
339,HHHHHHHPHPHHPPP
340,PHHHHHHPHPHPPHH
341,HHPHHHPHPHPHHHP
342,PPPHHHPHHHHHPHH
343,HPHPHHPPPHHHHHH
344,HHPHHHHHPPPHHHP
345,HPHHHPPHHPHPHHH
346,HPHHPHHPHHPHHPH
347,HHHHPPHHHHPPHHP
348,HHHHPHHPPPHPHHH
349,HHPPPHHHHHPHPHH
350,HHHPPHHPHHHHPHP
351,HHHHPPHPPPHHHHH
352,HPPHHHPPHHHHHPH
353,HHPHPHHPPPHHHHH
354,PHHHHPHPHHHPHPH
355,PHPHHHPHHHHHHPP
356,PHPPHHPHHHHHHHP
357,HPHHHHHHPHPPPHH
358,HHHPPHHHHPHHPPH
359,HHHPPHHHPPHHHPH
360,HHPHHPHHPHPHHHP
361,HPHHPPHHHHPHHPH
362,PHPHPHPHHHHPHHH
363,HHHHPHPPHHHHPPH
364,HPHHPHPHHHHHHPP
365,HHPPHHPHHHPHPHH
366,HHHPHPHHPPHHHHP
367,HHHHHPHHPHPPPHH
368,HPHPHHPHHHHHPHP
369,HHPPHHHHHHPHPPH
370,HHHPHHPHPPHHHHP
371,HHHHPPHPPHHHHHP
372,HPHPPPHHHHHHHHP
373,HHHPPHHPHHPPHHH
374,PHHHHHHHHPPPPHH
375,HHPPPPHHPHHHHHH
376,HHHHHHPHPPHHPHP
377,PHHHHHHHPHHPPPH
378,PPHHHHHHPHHHPHP
379,PHPHHHPPHHHPHHH
380,HHPPHPHHPHHHHPH
381,HHPPHHHPHHHPPHH
382,PHHHHPHHHPHHPHP
383,HPHPHHHHPHHPPHH
384,HHPHPHHHHHPPPHH
385,HHHHHPHHPPPHHPH
386,HHHHHPHHPHPHHPP
387,PHHHHPPHHHPHHPH
388,HHHHPHHPHHHPPHP
389,HHPHHHHHPHHPPPH
390,HHHPHPHPHHHHPPH
391,PHPHHHHPHHHHPHP
392,HHHHPPHHPPHHPHH
393,HHPPHHHPHPHHHPH
394,PPPHPHHPHHHHHHH
395,HHHHHHHPPPHPHHP
396,HHPPPHHHHHHHHPP
397,HPHPPHHPHHHHPHH
398,HPHHHPHPHHHHPPH
399,HPPHHPHHPHHHPHH
400,HHHPHHHHHHPPPHP
401,HHHHPPPHHPHHHHP
402,HHPPHHHHHPHHPHP
403,PPHHPHHHHPHHHPH
404,PHHPHHHPHHHPHPH
405,HHHPHHHHPPHHPPH
406,HHPPHHPHPPHHHHH
407,HHHPPPHPHPHHHHH
408,HPHPPPHHHHPHHHH
409,HPHPHPHHHHHPPHH
410,HPHHPHHPHPHHHHP
411,HPHHHHPPPHHPHHH
412,PHHPHHHHPPPHHHH
413,PHHHHHPHPPHHHHP
414,PHPHHHHPHHPPHHH
415,HHPPHHHPHHHHPPH
416,PHHPHHHPHHPPHHH
417,HPHHPHPPHPHHHHH
418,HPPPHHHHPHPHHHH
419,HHHHPHHPPPHHHPH
420,PPHPHHHHHPHHPHH
421,PHHPPPPHHHHHHHH
422,HPHHHHPPHPHHHHP
423,HPHHPHPHPPHHHHH
424,HHHHHPHPPHHHPHP
425,PHPPHHHPHHHHHHP
426,PPHHPHPHHHHHHHP
427,PHHHPHHPPPHHHHH
428,PHPHHHHPHHHHHPP
429,HPHHHHHHHPHPHPP
430,HHPHHHHHPHPHHPP
431,PHHPHPPHHHHHHPH
432,PPHPHHHHHHPPHHH
433,HPHHHPPHPHPHHHH
434,PPPHHHHHPHHHHHP
435,HHPPHPPHHPHHHHH
436,HHPHPPHHHHHPHPH
437,PHHHHHHPHPPHPHH
438,PHPPHHPPHHHHHHH
439,PPPPHPHHHHHHHHH
440,HPHHPHPHHHPHHHP
441,HHHHHPPPHPHPHHH
442,PHHPHHHPHPHHHHP
443,HPHHPHHHPHHPHHP
444,PPHPHHHPHHPHHHH
445,PPHHHHHHHPPPHHH
446,HHHHPHPHPHPHHPH
447,HPHPHPHHPHHHPHH
448,HPHHPPHHPHHPHHH
449,PPHHHHHPHHHHPHP
450,PHHHPPHHHHPPHHH
451,HPHHPPPHHHHPHHH
452,HHHHPHHPPHHHPHP
453,HHPHPPHHHHHHPHP
454,HHHHPPPHHHPPHHH
455,HHPHPHPPPHHHHHH
456,PHPHHHHPPHHPHHH
457,HHHHHHHHHPPPHPP
458,HHPPHPHHHPHHPHH
459,PPPHHPPHHHHHHHH
460,PHHHHHHHPHPPHHP
461,HPHPHHPHPHHHPHH
462,HHHPHPHHHHHPHPP
463,HPPHHHHHPHHPHPH
464,HHPPPHHHHPHPHHH
465,HHPPHHHHHHHPPPH
466,HHHPPHHHHHPHPHP
467,PPHPHPPHHHHHHHH
468,PHHPHPHHPHPHHHH
469,HHHPHPHHHPPHPHH
470,HPPHHHHHHPHHPPH
471,HPPPHHHHHPHHHPH
472,HPHPHHHHHPHPHHP
473,PHHHPHHHHHPPHHP
474,HPHHHHPHHPPHPHH
475,PHPHHPHPHPHHHHH
476,HPHPPHHHPHHHHPH
477,HHHPHPPPHPHHHHH
478,PHPHHHPHHHPHHPH
479,PPHHPHHHPHHPHHH
480,PHHHHHHHPHPHPHP
481,HHPHPHHHPHHHPPH
482,PHHHHHHPHHPPPHH
483,HHHHPPPHHHPHPHH
484,HHHHPHHPHPPHPHH
485,PPHPPHPHHHHHHHH
486,PHHHPHHHPHHPPHH
487,HPPHHHHHPHPPHHH
488,HPHHPHHPHHHPPHH
489,HHHHHPPHHPHHPPH
490,PHHHHHPPHHPHHPH
491,HHHHPHPPHHHPPHH
492,PHHPHPPHHHPHHHH
493,HHHPHPHHPPHHHPH
494,PHPHHHHHPHHHPPH
495,HPPHHHHHPPHHHHP
496,HPPHPPHPHHHHHHH
497,HHPPHPHHHHHHPHP
498,PHHHPPHPHHHHHHP
499,HPHHHPHHPPPHHHH
500,HHHPHHHHHPPPPHH
501,PHHPPHHPHHHPHHH
502,HHHHHHHHPPPPHPH
503,HHPPHPPHHHHHPHH
504,HPHHHHHPHPPHHHP
505,HHPPHHHHPPHHPHH
506,HPPHPHHHPHHHHHP
507,HPHHHHPHHPHPPHH
508,HPHHHHHHHPHHPPP
509,PHHPHPHHHHHHHPP
510,HHPPHHHHPPHHHHP
511,HHHHHHPPPHHHPHP
512,PHHHPHHPHHHPHHP
513,PPHPHHHPHPHHHHH
514,HHHHHHHPPHPHPPH
515,HHHHHHPHPPPHHPH
516,HHHHPHPPHPPHHHH
517,PPPHHHHHPPHHHHH
518,PHHPHHHHPHHPHHP
519,PHHPHHHHPHPPHHH
520,HHPHHPHHHHPPHPH
521,HPPHHHHHHPPPHHH
522,PHPPPHHHHHHHHHP
523,HHHHPHHPHHPPHPH
524,HHHHPHHPHPHHPPH
525,HHHHHPHPHHHPPHP
526,HHPHPHHHPPPHHHH
527,PHPHHHHPHPHHPHH
528,HHPHHHPPHHPHPHH
529,HPPHHHPHHPHHHHP
530,HHHHHPPHHHPHPPH
531,PHHHPPPHPHHHHHH
532,HHHPHHHHHHPPPPH
533,PHHPHHHHHPPHPHH
534,PHHHHPPHPHHHHHP
535,HPPHPPHHPHHHHHH
536,PPHHHHHHHHPHPPH
537,HHPHHPHHPPHHPHH
538,HPPHHPPHHHHHPHH
539,HPHHPHHHPPHHPHH
540,HPHPHHHPHHPHPHH
541,HHPPHHHPHHHHHPP
542,HHPHHHHHHPHHPPP
543,HHHHPPHHPPHPHHH
544,HHHHPHHPHPHPPHH
545,HPHHHHPHPHHPPHH
546,PPHPHHHPHHHPHHH
547,PPHHHPPHHHHHHPH
548,HPHHPPHHHHPHHHP
549,HHHHPHPPHHHPHPH
550,PPPHHHHHHHHPHPH
551,HPHHHPHPHPPHHHH
552,HHHPPHHHHHPPHHP
553,HPPHHHHPPHHPHHH
554,HHHHHPHHPPHPHPH
555,HPHHPHHHPPHPHHH
556,PHHHPHPHHHPPHHH
557,HPHPPHHHPHHPHHH
558,PPHPHPHHHHHHPHH
559,PPHHHPHHPPHHHHH
560,HHHPPHHHHHHPPPH
561,PPHHHHHPHHPHHHP
562,HPPPHPHHHHHHHHP
563,HHPHHPPHHPHHHPH
564,HHPPPHHHHPHHHPH
565,HHHPPHHHHHHPPHP
566,HHPHHPHPHHHHHPP
567,HPHHHHHPHPPHPHH
568,PHHHPPHHPHHHHHP
569,HHHPHHPHHPHPPHH
570,PPPHHHHHHPHHPHH
571,HPHPHHPHPHPHHHH
572,PPHHPPHHHHHHHPH
573,HHHHHPPPHHHPHHP
574,PHPPHHHPHHPHHHH
575,HPHHHHHPHPPHHPH
576,HHHPHHHPHPHHHPP
577,HHHPHPHPHHPHPHH
578,HPPHHHHHHPPHHHP
579,HHPPPPHPHHHHHHH
580,PHHHHHPHPHHHHPP
581,HHPHHPHHHHPPPHH
582,HPHHHHHHPHHPPPH
583,PHHPHPPHPHHHHHH
584,HPHHHHHPHHPHPHP
585,HPHHHPPHHHHPHHP
586,HHHPHPPHHHHHPHP
587,HHHHPHHHPHPPHPH
588,PHPHPHHHPHHHPHH
589,HPPHPHHPPHHHHHH
590,PPHHHPHHHHPHHHP
591,HHHHHPHPHHPHHPP
592,HHHPHHPHPPHHHPH
593,PHHPHPHPHHHHPHH
594,HHHPHHPHPPHPHHH
595,PHHHHPHPPPHHHHH
596,HHPHPHHHHPPHPHH
597,PHHHHHPHHPPHPHH
598,PHHPHHHPPPHHHHH
599,PHHHPPHHHPPHHHH
600,PHHPHHHPHHHPHHP
601,PHHPHHHPHHPHHHP
602,HHHHHPHPPHHHPPH
603,PHPHHHPPHHHHHHP
604,HPHHPHHPHHHPHPH
605,HPHHPHHHPHPHPHH
606,HHHPHPHHHHHPPPH
607,HHPHHHPPPHHPHHH
608,HHHPPHPHHHHHPHP
609,PHHPPHHPHHHHPHH
610,HHHHHHHPPPHPHPH
611,PHPHPPHPHHHHHHH
612,HPHHHPHPPPHHHHH
613,PHHPHHHHHHPPHPH
614,HHPHHHHPPPHHHPH
615,HHHPHHHHPPHPHPH
616,HPPHHHHHHHPPHPH
617,PHHHHPHPHHPPHHH
618,HHPHPPHHHHPPHHH
619,PHPHPHHHHHPHPHH
620,HHHHHHHPPHHPPHP
621,HPPHHHHPHHPHHHP
622,HHHHPPHHPHHHPHP
623,HHPHHHPPHPHHHPH
624,PHHHHHHPPPHPHHH
625,HHHPHPPPHHPHHHH
626,HHHHHHPPPPHHHPH
627,HHHPPHHPHHHPPHH
628,HHHHHHPHPPPHPHH
629,HHPHPPHHHHHPPHH
630,HHPHHHPHHPPPHHH
631,HHPHHHHHPPHHPPH
632,HHHHPHHPPHHPPHH
633,HHHPHPPHPHHHHPH
634,PPPHHHHHHPHPHHH
635,HPHPPPHHHHHHPHH
636,HHPHPHHHHHHPPHP
637,HHHPHHHHHPHPHPP
638,HPHHHPHHHHPHPPH
639,PPHPHHHHPHHHHHP
640,HHHPHHHHHHHPPPP
641,PPPHHHHHPHHPHHH
642,PHHHHPHHHHPHPPH
643,PHHHHPHPPHHHPHH
644,PHHHHHPPHPHHHHP
645,HHHHPHPPHPHPHHH
646,PPHPPHHHHHHHHHP
647,HHHHPHPHPHHHHPP
648,PPHHHHPHHHHPHHP
649,HHHPPHPHHHHPPHH
650,HHHHHHPPHPHPHPH
651,HHHHPPHPHHPHHPH
652,PHHHHPHHPHPPHHH
653,HHPHHPPHPHHHHHP
654,HHHPHPHHHPPPHHH
655,HHHPHPHHPHHPHHP
656,HPHPHPHHHPHPHHH
657,HHHHHHHPPPPHPHH
658,HHHPHHPHHHHPHPP
659,HHHPPHPHPHHHHHP
660,HHHHPPPHHHHPPHH
661,PHHHPPPHHHPHHHH
662,HPPHHHPHPPHHHHH
663,HHHHHHHPHHPHPPP
664,HPHHHHPHHHPHPPH
665,PHHHHHPHHHPPPHH
666,HPPHPHHHHPHHPHH
667,HHHHPPHPPHHHHPH
668,HHPHHHPHHHHHPPP
669,HPHPHHPPHPHHHHH
670,PPHHHPHPHHHHHPH
671,PHPHHHHHHHHPPPH
672,PPHPHHPHHHHPHHH
673,HPPPHHHHHHPHHPH
674,PHPHHPHHHHHHHPP
675,HPPHHHPPHHPHHHH
676,HPPHPHHHHHHPHHP
677,PHHHHHHPHHHPPHP
678,HPHHHHPHHHHPPHP
679,HPPHPHPHPHHHHHH
680,HHPHHPPHHPHHPHH
681,HHHHHHPHHPPPPHH
682,HHHHHHHPPHHHPPP
683,PHHHHHPHHPHHHPP
684,HPHPPHHPHHHHHPH
685,HHPHPHPHHHPPHHH
686,HHPPHHPHHHPHHHP
687,HHHHPHHHPHPHHPP
688,HHPHPHHHHHPPHHP
689,HHHHHHPHPHHHPPP
690,HPHHPHHHPHHPPHH
691,HHHPHPHPHHPHHHP
692,HHHHPPHPHHHHPPH
693,PHHPHHPHHHPPHHH
694,HHPHHPPHHHHHPPH
695,PHHPHHPHPHHHHHP
696,HHHPPHHHHPPPHHH
697,HHHPHHHPHPPPHHH
698,HPHHHPHPHPHPHHH
699,PPHHHHPHHPHHHHP
700,HHHPPHHPHPHHPHH
701,HHHHHHPPHHHPPHP
702,HHHPPPHPHHHHHPH
703,HHPHHPHHPHHPHPH
704,HHPHPHHPPHHHHPH
705,HPPHPHPHHHHPHHH
706,HHHHHHPHHPHPPPH
707,PHPHPHHHHPHHPHH
708,PHPPHHHHHHHPHPH
709,PHPHHPHHHHHPHPH
710,HPHHHHPPPHPHHHH
711,HPHHHHPPHPHPHHH
712,HPPHHPHHPHHPHHH
713,HHHHHPHPPHPHHPH
714,HHHHHPHHHPHHPPP
715,PHHHHHHPHPHPHHP
716,HHPPHPHHPHHHHHP
717,PHHHPHHPPHHHHPH
718,PPHHHPHHHHHHHPP
719,PPPHHHPHPHHHHHH
720,HPHPHPHHPHHHHPH
721,PPPHHPHHHHPHHHH
722,PHPHHHHHHPHPHPH
723,HPHHPPPHPHHHHHH
724,PPHHPHPHPHHHHHH
725,HHHHPPHPHHHPHHP
726,PHHHPHHPHHPPHHH
727,HPHPHHPHHHPHHHP
728,HHHHHPHHPPHHPPH
729,PHPHHPHPHHPHHHH
730,HHHHHHPPPHPHHHP
731,HPHHHHHHPHPHPHP
732,HPHHHHPHPHPHPHH
733,HHHHHPHHPHHHPPP
734,HHHPHPHHHPHHPPH
735,PPHHHHHHHHHHPPP
736,PHHHPPPPHHHHHHH
737,HPPHPHHPHHHHHPH
738,HHHHPHPHHHPHPPH
739,PHHPHHHHHHPHHPP
740,PPHHHHPHHPHHHPH
741,HHPHHHHPHPHPPHH
742,PPHHHPHHHHHHPHP
743,HHPPHHPHHPHHPHH
744,HHHPHHPHHPHHHPP
745,HHPPPHHHHHPPHHH
746,HHHPHHPHHHPPHHP
747,PHHHHPPHHPHHPHH
748,HHHHHPPHHHPPHHP
749,PHPHHHPHHHHHPHP
750,HHHHPHPHHHPPHPH
751,PHPHPHHHHPPHHHH
752,HPHHPHHPPHHHHHP
753,HPHHHPHPHHHHPHP
754,PHHPHHHPPHHPHHH
755,HHHHHPHHPHPHPHP
756,PHHHHHHPPPHHHHP
757,PPHHHHHPHPHPHHH
758,HPHHPHHPHPHHHPH
759,HHHPHPPHHPHHHPH
760,HHPHHHHHHPHPPHP
761,PPHHHPPHHPHHHHH
762,HHPPHHHHPHHPHHP
763,HHHPHHHPHPHPHPH
764,PHHHHHHHPPPHHPH
765,HPHHHPPHHHPHHPH
766,PHHHPPPHHHHPHHH
767,HPHHHPPPHPHHHHH
768,HHHHHHPPHHHPHPP
769,HHHHHHHHPPPHPPH
770,HPPHPHHHPHHHPHH
771,HHPPHHPHHHPPHHH
772,PPHPHHHHHPHPHHH
773,PPHHHHHPHPPHHHH
774,HHHPHHHPPHHPHPH
775,HPPHHPHHHHHPHHP
776,PHHHPHPPHHHHHHP
777,HPHPHHHHPPHHHPH
778,HPPHHPHHHPHPHHH
779,PHPHPHHHHPHHHPH
780,HPHHPHHHPHHHHPP
781,HPHPHPHPPHHHHHH
782,PHHPHHPHHHHPHPH
783,PHPPHHHHHHHPHHP
784,HHHHHHHPPPHHHPP
785,HHHPHHPHHHPHPHP
786,PPHHPHHHHHHPPHH
787,HHHHPHHPHHHPHPP
788,PPHHHHPPPHHHHHH
789,HHPHPHHPHHHPPHH
790,PPHHHHPHPPHHHHH
791,PHHPPHHHHHPHHHP
792,PPHHHPHHPHPHHHH
793,HHHPPHPHHPHPHHH
794,HHHHPPHHHHPPHPH
795,PHPHHHPHPHHHHPH
796,HPHHPHPHPHHHPHH
797,HHHHHPHPHPPPHHH
798,PHHHPHHHHHHPHPP
799,PHHHPPHHHHHHHPP
800,HHPHHHHHHPPPHHP
801,HHHPPPHHHHHPHHP
802,HHHPHHHHHPPPHPH
803,HHHHPHPHHPPHHPH
804,PHPPHPHHPHHHHHH
805,HPPPHPHPHHHHHHH
806,HHPPHHHPHHHHPHP
807,PHHHHPHHHPPPHHH
808,HHHPPHPHHHHPHPH
809,PHHPPHPHPHHHHHH
810,HHPHPPPHHHHPHHH
811,PHHHPHHHHHPHPHP
812,HHPHHHPHHHHPPPH
813,HHHPPHHHHHHPHPP
814,PHHHPPHHHHHPHPH
815,HHPPPHPHHHPHHHH
816,HHHHPHPPPHHHHHP
817,HPHHHHPHHPHPHHP
818,PHPPHHHHPHHHHPH
819,PHHHHHHPPPHHPHH
820,HHHPHHPPHHPHPHH
821,HHHHHHHPPHHPPPH
822,HPHPHHHHPHHPHHP
823,HHHPPHHHHPHPHHP
824,HPHHHHPHPHPHHPH
825,HHPHHPHPHPHPHHH
826,HPHPPHPHHHHHPHH
827,PPHPPPHHHHHHHHH
828,HPHHHPHHPHPHPHH
829,PPHHHHHHHPHPHHP
830,HPHPHHPPHHHHHPH
831,HPPHPHPHHHPHHHH
832,HHHHPHPHHPPHHHP
833,PPHHPHHPHPHHHHH
834,PHHHHHHPHPHHPHP
835,HHPPPHPHHHHHHHP
836,HPPHHHHHHPHHHPP
837,HHHHHHPHPPPPHHH
838,HHPPHHHHPHPHPHH
839,HPHHHHHHPPHHPHP
840,HHHHHPPHPPHPHHH
841,PHPHPHPHHHHHHHP
842,HHPHHHPHHPHHHPP
843,PPPHHHHPHPHHHHH
844,PHPHHHHHHPHHPPH
845,PHHPHHHHHPPPHHH
846,PPPHHHPHHHPHHHH
847,PHHHPHPHPHHHPHH
848,HPHHHHPPHHPPHHH
849,HHHPHHPPHHHHPPH
850,HHHHHPHPHHHHPPP
851,HHHPHPHPPHHHHPH
852,HHHHPPHHPHPHHPH
853,HPHPHHHHPHPHPHH
854,HHHPPHPHPHHPHHH
855,HPPHHPHHHHPPHHH
856,HPHPHHHPHHHHPPH
857,HHPPHHPHHHHPHPH
858,PHHHHPHHHHPHHPP
859,HHHHHPPHHPHPHHP
860,HHHHPHPHHPHPHHP
861,HHPHPHHHPHPHPHH
862,HPPHHHHPPPHHHHH
863,HPHHHHHHHPPPHHP
864,HHHHHPPHPHPHPHH
865,PPHHHPHHHHPHPHH
866,PHHHHHHPPHHHHPP
867,HHHHPHPHPPHHPHH
868,HHHHPPHHPPPHHHH
869,HHHHPPHHHPPHHHP
870,HPHPHHHPHHHHPHP
871,HHPHHPPHHPPHHHH
872,PHHPHPHHPHHPHHH
873,HHPHPHHPHPHHHHP
874,HHHPHPHPPPHHHHH
875,HHPHPHPHHPHHPHH
876,HHHHPPHHHPHHHPP
877,HHPHHHHHPHPHPPH
878,HHHPHPHHHHPPHHP
879,PHPPHHHHPHHHHHP
880,HHPHHPPHHHPHHHP
881,HPHHPPHHHHHPHHP
882,HPHPPHHHHPHPHHH
883,PHHHPHHHPHHHPPH
884,HPPHHHPPHHHPHHH
885,HHPPPHHHHHHHPPH
886,HPPPHHHHPHHPHHH
887,HHHHHHHHHPPPPPH
888,HHHHPPHPHPPHHHH
889,PHPHHHHHPHHHHPP
890,HPPHPHPPHHHHHHH
891,PHPHHHHPHPHHHPH
892,HHPHPPHHPHHHHPH
893,HHHPHHHHPPPPHHH
894,HPHHHPHPHHHPPHH
895,HHPPHPHHPHHHPHH
896,HHHPPPHPHHHPHHH
897,PPPPHHHHHPHHHHH
898,PHHHHPPHHPHHHHP
899,HHPPHHHHHHPPHHP
900,PHHHPHHPHHPHHPH
901,HHHHHPHHHPHPPHP
902,HHHPPHHHPHHPHPH
903,PHPPPHHHHHHHHPH
904,PPHPPHHPHHHHHHH
905,PPHHHHHPPHHPHHH
906,HHHHHPPHPHHPHPH
907,PHHHPHHHPPPHHHH
908,HHHHPHHPPHPPHHH
909,HHHHHHHPPHHPHPP
910,HPPHPHPHHHHHHHP
911,PPHHPHHHPHHHPHH
912,PPHHHHHHPHHPHHP
913,PHHHPHHPPHHPHHH
914,HHPHHPHHHPPPHHH
915,HPPPPHHHHHPHHHH
916,PHPHPHHHHHHPPHH
917,PPHPHHHHHHPHHPH
918,PPHHHHHPPHPHHHH
919,PPHHPHHHPHPHHHH
920,HPHHHHPHPHHPHPH
921,PPHHHHHPHHPPHHH
922,HPPHHPHHPHPHHHH
923,HPHPHHHHPHHPHPH
924,PPHHHHPHHHHHHPP
925,PPHHHHPHHHPHHPH
926,HHPHPPHPPHHHHHH
927,HPPPHHPHHHHHHPH
928,PHPPHHHHPHPHHHH
929,PPHPHPHHPHHHHHH
930,HHHPHPPHHPHHHHP
931,HHHHPHPPPHHHHPH
932,HHPHHHPHHHHPHPP
933,HPPPHPHHHHHPHHH
934,PHHPHHHPHHPHHPH
935,HPHHHPHHHPPHHPH
936,PHHHHHHHPHPPPHH
937,HHPHPHHPHHPPHHH
938,PPHHPHPHHHHHPHH
939,HHHPPPHHHPHHHHP
940,HPHHHHHPHHHPPPH
941,PPHPHHHHHHHHPPH
942,PPPHHPHHHHHHHHP
943,PHPHHPHPHHHPHHH
944,HPHHHPPHHHPHHHP
945,HPHHHPHPHPHHHPH
946,PHHHHHHHPHHPHPP
947,HPHPHHPHHPHPHHH
948,HHPHPHHPPHHHHHP
949,HPPHHHHHHPHHPHP
950,PHPPHHHHHHHHPHP
951,PHPHHPHHHPHHHHP
952,HPHHHHPHPHPPHHH
953,HHPHHHHHPPHHHPP
954,HPPHHHHPHPHHHPH
955,HHHPHHPHHPHPHHP
956,HHPHHHPPHHHHPPH
957,HHHHPHHHHHPPPPH
958,HHPPHHPPHHPHHHH
959,HPHHHHHHPPPHHHP
960,HPHPHHPHHHHPPHH
961,HHPHHHHPPHHPPHH
962,HHHPHPHHPHPHPHH
963,HHHHHPHHPHHPHPP
964,HHPPHHPHPHHHHHP
965,PHHPPHHPHHHHHHP
966,HHPHHPHPPHHHPHH
967,HPHHPPPHHPHHHHH
968,HHPHHHHHHPHPPPH
969,HHHHHHHHHPHPPPP
970,HHHPPHPHHHHPHHP
971,HPHHHHPHHPHHHPP
972,PHHHHPHHHPHPHHP
973,HHHHHPHHPPHPPHH
974,PPPHHPHHHHHHPHH
975,HHPHHHPPHPPHHHH
976,HPHPHHHHPPHHHHP
977,HPPHPHHHHHHPPHH
978,PPHPPHHHHHHHPHH
979,PHPHHPPPHHHHHHH
980,HPHHPHPHPHHHHHP
981,PHPPPHHHHHHHPHH
982,HPPHHHHHPPHPHHH
983,HHHHPHHPHPPPHHH
984,HPHHHPHHHHHPPPH
985,HHPHPHHPHPHPHHH
986,PPHHHHPPHHHHHHP
987,HHHPHPHPHPHHHPH
988,PHHPHHHPPHPHHHH
989,PHHHPPHHHHPHPHH
990,HPHHHPPHHPHHHPH
991,HHHPHHHPPHHHHPP
992,HPHHPHHHHPHPHHP
993,PHHPHHHHPHPHPHH
994,HHPPHHHPHHPHHHP
995,HPHHPHHPHHPHPHH
996,PHPHHPHHHPPHHHH
997,PHHHHPPHHHHHPPH
998,PHPHPHPPHHHHHHH
999,HHHPHPPPHHHPHHH
1000,PHPHHHHPPPHHHHH
1001,HHHPPHHHPHHHHPP
1002,HPPHPHHHHHPHPHH
1003,PPPHHHHHHHPPHHH
1004,HHHHPHPPHPHHHPH
1005,HPPHHHHPHHHPHPH
1006,PHPHHHPPHHHHHPH
1007,HPHPHHHHHPHPHPH
1008,HHHPPPHPHHHHPHH
1009,PPHPHHPHHHHHHHP
1010,HHHHPPPHHPHPHHH
1011,HPHPHPHHHPHHPHH
1012,PHHPHHHPHPPHHHH
1013,HPPHHHPHPHHPHHH
1014,HHHPHHPHHPHHPPH
1015,HPHHPHHPHHHHPHP
1016,PHHHHPHHPPHPHHH
1017,HHHPPPHHHHPHHHP
1018,PPHPHHHHHHPHPHH
1019,HPPHHPHHPPHHHHH
1020,PPHHHHPHHPHHPHH
1021,PHPHHHPPHHHHPHH
1022,HPHPHHPHHHHPHPH
1023,HHHHPPHHHHPHPHP
1024,PPHHPHHHHPHHPHH
1025,PHPHPHPHHHHHHPH
1026,PHHPHHHPHHHHPHP
1027,HHHPHHPHPHHPHPH
1028,HHHHPPHPHHPHPHH
1029,HHPHHPPHHPHHHHP
1030,HPHHHHPHHHHPHPP
1031,HHHPHHPHPPHHPHH
1032,HPHHPHHHHPHPPHH
1033,PHHHHHHPPPHHHPH
1034,HHHPHHHPHPHPPHH
1035,HHPHHHHHPHPPPHH
1036,PHHPHHPHHPHHHPH
1037,HPHHHPPPHHHHPHH
1038,PHHPHHPHHHPHHPH
1039,HHPHPHPPHPHHHHH
1040,HHHHHPPHHHHPPPH
1041,HHPHHPHHPHHHHPP
1042,HPHHPPHHHHHHPHP
1043,HHHHPPPHHHPHHPH
1044,HHPPPHHHPHHHHPH
1045,PPHHHHHHPHHHPPH
1046,HHHPHPHPHPHHHHP
1047,HPHPHHHHHPHHHPP
1048,HHHHHHPPHHPHPHP
1049,HPPHHHHPHPHPHHH
1050,PPHPHHHHHHHPHPH
1051,HPHHHHPPHHHPHHP
1052,HPPHHHHPHPPHHHH
1053,HPHPHHHHHHPHHPP
1054,HHHHHPHPHPHHPPH
1055,HPHPHHHPPPHHHHH
1056,HHPHPHHHHPPHHHP
1057,HPHPHPPPHHHHHHH
1058,HPHHHHHPPPPHHHH
1059,HHHHPHHHPHPHPHP
1060,HHPPHHHPPHHPHHH
1061,HHPHHHPPPHHHHPH
1062,HPHPPHHHHHPHPHH
1063,PHHPHHHHHHPHPHP
1064,HPHHPHHHHHPHHPP
1065,HPHHHHHHHHPPPHP
1066,PHHHPPPHHPHHHHH
1067,HHPPPHHPPHHHHHH
1068,HHPPHHHHHHHHPPP
1069,HHHHPPPHPHHHHPH
1070,PPHHHHHPPHHHPHH
1071,PPPHHHHPHHHHHPH
1072,HPHPHHHHHHPHPHP
1073,PHHHHHHHPHHHPPP
1074,HHHPPPHHHPHPHHH
1075,HHHHPHHPPPHHPHH
1076,HHHPHHHHPPHPHHP
1077,HHPHHPPHPHHHPHH
1078,HPHPPHHHPHHHHHP
1079,HHHHPHPHHPHPHPH
1080,PHHHPHHPHHPHPHH
1081,PHHHHHHHHHPPPPH
1082,PHHPPHPHHHHHHPH
1083,PPPHHHHHPHPHHHH
1084,HHHHPPHPHHHPPHH
1085,PHHHHHPHPPPHHHH
1086,HPHPPHPHHHHHHHP
1087,HHHPPPHPPHHHHHH
1088,HHHHHHPPHHPPPHH
1089,HHHPPPHHHPPHHHH
1090,PPHPHHHPHHHHHHP
1091,HHPHHHHHHHHPPPP
1092,HPHHHPHPHHHPHHP
1093,HHHHPPHPHHHPHPH
1094,HHPHHHHHHPPHPPH
1095,PHHPHHHHPHPHHHP
1096,PPHHHHHHHHPPPHH
1097,HHHHHHHPHPPHHPP
1098,HHHHPHHPPHHPHPH
1099,HHHPPPPHHHHPHHH
1100,PHPHHHPHPHHHPHH
1101,HPPPHHHPHHHHPHH
1102,HPHPHPHHHPPHHHH
1103,HHPHHHPHPPHPHHH
1104,HHHPHPHHPHHHHPP
1105,HHPPHPHHHPHHHHP
1106,HHPPHPPPHHHHHHH
1107,HHPHHPHHPPHHHHP
1108,HPHHHPPHPHHPHHH
1109,HHHHHHHPPHPHPHP
1110,HPHPPHPHHHHPHHH
1111,PHHHPHPPPHHHHHH
1112,PHHHHHHPPHPHHHP
1113,HHHHHHPHHPHHPPP
1114,HHPPHHHPHPHPHHH
