id,sequence
0,PHPHPHHPHHPPHHH
1,HHHHHPPPHHPPHPP
2,PHPHHPPHHHHHPHP
3,HHPPPHPHHHHPHHP
4,HHPHHHHHPHPPPPH
5,PHHHHPPHPHPPHPH
6,HPPPPHHHHHHHPHP
7,HHPHHHPPHHPPPPH
8,PPHHHPPPHPHHHHH
9,HPPPHHHHHHPHPPH
10,HHHHHHPHPPHPPPH
11,HHHPPHHHHHHPPPP
12,HHHHPHPPHHPPHPP
13,HPHHHPPPHPPHPHH
14,PPHPHHPHHHHHPPH
15,PHHPHHHHPPPPHHH
16,PPPHHPHHHHPHPHP
17,PHHPHPPHHPPHHHH
18,HHHPHPPPHPHHHPH
19,PHHHHHHPPPHHHPP
20,HPHHPPPPHHHHHPP
21,HPHHPHPPPHHHPPH
22,PHHHPHPHPPPHPHH
23,HPHHHPHHHPPPPHH
24,PHHPPPHHHHHHPHP
25,PPPPHHHHPHHPHPH
26,HPHHHHHPPHHPHPP
27,HPHPPHPHPHPHHHH
28,PPHHHHHPPPHHHHP
29,PHPHPHHHPPHHPPH
30,PPHHPHHHHPHHPPH
31,PHHHPHHPPPHHPHP
32,PPHHPPHHHPHHPHH
33,PHHPPPHHHPHHHHP
34,HPHHPPHHPPHPHHH
35,HPHPPPHHHHHPHPH
36,HPHHPHHHPHHPPPP
37,PHHPPPPPHHHHHPH
38,HPHHHPHHPHPPHPH
39,PPPPPHHPHHHPHHH
40,HPPHPPHHHHHHPPH
41,HPHPHHHPPHHPPPH
42,HHHHHPPHHPPPHHP
43,PHPHHHHHPPPHHPH
44,PHHPPPHHHHHPHPH
45,PPHPHHHHHHPPPHP
46,HPHHHPHHHHPHPPP
47,HPPHPHHHHHPPHPH
48,HHHHPHPPHHPPHHP
49,HPPPHHHHPHHPPPH
50,HHHHHPPHPPPHHPP
51,HHPHPPPHHHHHHPP
52,PHPHHHPPPHHPPHH
53,HHHPHPPPHHPHHHP
54,HHHHHPHPPHPHPHP
55,HHHHHHPHPPPPPHH
56,PHHHPPPPHPHHHPH
57,HHHPPPHPPHHHHHP
58,PHPPHHHPPHHHPHH
59,PHPHHPHHPPHHPHH
60,HHHHPPPHHHPPHPH
61,HHPPPPPHHHHHPHH
62,HPHHPPHHHPHHPHP
63,HHPPPHPHPHHHPHP
64,HHPPHPHHHHHPPPH
65,PHPPPHHHPHPHHHH
66,HHHHPHPHHPPHPPP
67,HHHPHHPHHPHPPHP
68,HPPPPHHPHPHPHHH
69,PHPPHHHPHPHPHPH
70,HHPPPPHHPPHHHPH
71,HPHHPHPPHPHHPPH
72,PHHHHHPPPHPHHHP
73,PHHPPHHPPHHHHHP
74,HPHPHPHHPPPHHHH
75,PPPHHPHHPHHPHHH
76,HHPHPHPHHHHHPPP
77,PHPPHHPHHHPHPPH
78,HHPPPPHHHHPHPPH
79,HHPPPHHPPHHHPHH
80,PPHPPHPHHHHHPHH
81,HHHPPPHPHHPPHHP
82,HHPHPPPHHPHPPHH
83,PHPHPHHPHHHHPPH
84,PHHPPPPHHHHPHHP
85,HPHHPPHPHPHHHPP
86,PPHHHHPHHPHPPHH
87,HHPHHPPHPHPPHPH
88,HHPHPHHPHPPPHHP
89,HHPPHHPPPHHHPPH
90,HHPHPPHPHPHHPHP
91,HHPHHPHPPHHHHPP
92,PHHHHPPHHHPHPHP
93,PHPPPHHPPHHHHHP
94,HPHPHPHHHPHHPPP
95,PHHHHPHPPHPHPHH
96,HHPHHPHPHPPHPHH
97,HHHHHPPPHPPHHPH
98,HPHPPPHHPPHHHHH
99,HPHHHPPHHHHPHPP
100,HHHHHHPHPHPPPPH
101,HPHHHPPHPHHPPHH
102,PPPHHHPHHPPHHHH
103,HPPHHPHPHPHHPHH
104,HHHHPHPPPHPHPHP
105,HHPHPHPPPHPHHHP
106,PHHPHPPHHHHHPHP
107,HHHHHHHPPHPPPHP
108,HPHHPPPHHHPPPHH
109,PHPPPHHHPHHHPHP
110,HHHHPHHPPHPPPHP
111,HPHHPPPHHHPHPHH
112,HHPHPPPPHHHPHHH
113,HPHHPHPPHHPHPHP
114,PPPHPHHPHPHHHPH
115,HPPHHHHHPHPHPPP
116,HPPPHHHHPPHHPPH
117,HHHPPPPPPPHHHHH
118,PHHHPHPHPHPPHPH
119,PHHPHPHPPHHHHPH
120,HHPHHPPHPPHHHPH
121,PHHHHPHPHPHPPHP
122,PHHHHPHPPPHHHPH
123,HPPPHHPHPHHHPHH
124,HPHPHHHPHPPHHHP
125,PHPHHHPHHPHHPPP
126,HPHPHPHHHPHPHPP
127,HHHHPPPHPPHHHHP
128,HHPHPHHPHPPHPHP
129,HHPHPHPHHHPHHPP
130,HHPHPHPPHPHHPHP
131,PHHHHPHHPHHPHPP
132,HHHPPPPPHPHHPHH
133,PPHPPPHHHHHPHHP
134,PPHHPHHPPHHPPHH
135,PPPPHHHHHHPHHPH
136,HHPHPPPHHHPHPHH
137,PHPHPPHHHHHHPPP
138,PHPHPHHPHPHPHHP
139,PHHHHHPHPHPPHPP
140,PHHPHPPPHPHPHHH
141,PHHHHPHPPPHPHHH
142,HHPHPPPHPHHPPHH
143,HHPPHHHHPPPHPHP
144,PHPHHHPHHPHPHHP
145,HPPHHPHHPHHPPHP
146,PHHPHHPPHHHPPHP
147,HPPPPHPHPHHHHPH
148,HPHPPHHPPHHHPPH
149,PHHPPHHHHPHPPPH
150,PPPPHPHHHHPHHHH
151,HHPHPHPHPHPHPPH
152,PPHPHPHHPPHHHHP
153,HHHPPHPPPHHPHHP
154,PHPPHHHPHHPHHPP
155,HPHPPHPPHHPHHHP
156,PHPHHPHHPPHHHHP
157,HPPHPHPPHPHHHHP
158,HPPHPHPHHHPPHHH
159,PPPPPHHHHPHPHHH
160,PPHHPPHHHHHPHPH
161,PPPHHHHPHPPHHHH
162,PPHHHPHHPHPPHHH
163,HHHHPPPHPPHHPPH
164,PPPHHHHHHHPPPHP
165,PHPHHPPHHPHHHHP
166,HHPHPHHPPHHHPPP
167,HPPPPHPHHPHHHHH
168,HHHPPHHPPPHPPHH
169,PPHPHHHHHPPHHPH
170,HPHHHHPHPPPHHPH
171,HHPPHHPHHHPHPHP
172,PPHHPHHPHHHHPPP
173,HHHPHHPPPHHHPHP
174,PHHHHPPHPPHHHHP
175,PPHHHHHPHPHHHPP
176,HPHHPHPPPPHHHPH
177,HPPHPHPHPHHHHPH
178,HHHHPHHPHHHPPPP
179,HHHHPPHHPPHPPHH
180,PHPHHPHHPHPHPPH
181,PPHHPPPHPHHHHHP
182,HPPPHHHHPHPHPHP
183,HPHHHPHPPPHHHPP
184,PHHPHHPHPPHHHHP
185,HHHHPHPPHPHHPHP
186,PHHPHHHPPHHPHPH
187,PHHPPHHHHPHPHPH
188,PPHPHHHHPHPHPHP
189,HHHPPHHPHPHHPHP
190,PPPPHPHHHHHPHHP
191,PPPPHHHHPPHHPHH
192,PPPHPHHPHHHPHHP
193,HPPHHHPPHHHHHPP
194,HPHPPPHPPPHHHHH
195,HHHHHHPPHPPHPHP
196,PHPHPHHHHHHHPPP
197,HHHHPPPHHHPHPPH
198,PHHPPHPHHPHPHPH
199,HPHHPPHPPHPHHHH
200,PHPHPHHPHHHHPHP
201,HHHHPPPPPHHHPHH
202,HPHPHPHHPPHHHHP
203,HHPHPHHHPPHPHHP
204,PHHPPHHPPHHHPHH
205,PPPPHHHPPHHHPHH
206,HPHHHHPHPPHHHPP
207,PHHPHPPHPHHHPPH
208,HPHHHPHHPPHPPHP
209,PHPPHHPPHHPHHHH
210,HPHHPHPHPHPHPHH
211,PHHHHPHHHPPPHPH
212,HHHPPPHHHHPHPPP
213,PHHHHPPHPPHHPHP
214,PHHHHPPPHPHHHPH
215,HPPHPPHHPHPHHHP
216,HHPPPHHHHHHPPHP
217,PHHHHPHPPHPHHPH
218,PPHHPPHPHHHHPHP
219,PHHHPHPPHHPPPHH
220,PPPHHHHPHHPPPHH
221,PHHHHPHPPHHHPPH
222,HPHHPHHHHHPHPPP
223,HHHHPPPHHPHPPHH
224,HPPHHHHHPPPHHHP
225,HHPHHHPHPHPPPHH
226,HHHPPHHPHHPHPHP
227,PHHHPPHHHHPPPHP
228,HHPHHPHPHHHPHPP
229,HPHPHHPHHPPHHHP
230,HPPHHPPPHHPPHHH
231,PHPHHHHPPHPPHHP
232,HPPHPHPHPHHHHHP
233,PHPPHHHHHPPHHHP
234,HHHPPHHPHPPHHHP
235,HPPPHHHHHPHPPHP
236,HHPPPHHHPHHPHPH
237,HHPPPHHPHPPHHHH
238,HHPHPPHHPPPHHHP
239,HHHHPPPPHHPHPHH
240,HHPPHHHPPHHHPPP
241,PPHHPHHHHPPPHHP
242,PPPHPPHHHHHHHHP
243,PPHPHPPHHHHPHPH
244,HHPHPHPPHHPPHHH
245,PHHPPPHHPPHHHPH
246,HHPHHHPHPHPHPHP
247,HPHHPHHHHPPPHPP
248,HHHHPHHPPHHPPPH
249,HPPHHHHPHPPHHPH
250,PPHHHPHPHHHPPHH
251,PHHHHPHHPPPHPHH
252,HPHHPHHHPHPHPPH
253,PHPHHHHPPHPPHHH
254,HPHPHPPPPHHHHHH
255,HHHPHPPHHHHPPPH
256,PPPHHPHPPHHHHHH
257,PPHHHHHHPHHPHPP
258,PPPHPHPPHHHHHPH
259,HHHHHPHHHPPPHPP
260,PHPHPHHHHPHHPHP
261,HHHPPPHHHPPHPHP
262,PHHPPHPPHHHHPHP
263,PHHPHPHHPHPPHHH
264,HHPPHPHHPHHHPHP
265,PPPHHHPHHPHHHHP
266,HPPPPPHHHPHHPHH
267,HHPPHPHHPHPHHPH
268,PPPHHPHHPHHHPHP
269,PHPHHHPPPPHHHHH
270,HPPHPHPPHPHHPHH
271,HPPHPPHPHPPHHHH
272,HHHPPHPPHHHPHHP
273,PHHHPPPHHHPHPHH
274,HHHHHPPPHHHHPPP
275,HHHPPPHPHHHHPHP
276,PHPPHHHHHPHHPPP
277,PHHHHPHHHPHPHPP
278,PHHHPPPPHPHHHHH
279,HPPHHHHHPPHPHPH
280,PHHPHHHPPPHPHPH
281,HHPHHPPHPPHHHHP
282,PPHHPHPPPHHHPHH
283,HPPHPHHHPHPHHPH
284,PHHHPHPHHHHHPPP
285,PPHHHHPPHHPHHHP
286,HHHHPHHHHPHPPPP
287,PHHPHPHHPHHPPHH
288,HPHHPHPHHHHPPPP
289,PHHHPPHPPHPHHPH
290,HPPHHHHPHHPPHPP
291,HHPPHHHHPHHPPPH
292,PPHHPPHPHPPHHHH
293,PHHPPHPHHPPHHHH
294,PPPHHPHPHHHPHHH
295,PHHPHPHHPPPPHHH
296,PPHHPHHHHHPPHHP
297,PHHHHHHPHPHPHPP
298,PHHHPPPPHHHHPPH
299,HHHHPHPHPPPPHHH
300,HHPHHHPHPPHHPPH
301,PHPPHPHHHHHHHPP
302,PHHPHPHHPHHHPPP
303,HHHPPPPPHHHPHHH
304,PHHPHHPPHHHPHPP
305,HHHHHPHPPPHPHHP
306,PPHHHHPHPPPHHHP
307,PPPHHHPPHHPPHHH
308,PPHHPHHPHPPPHHH
309,HPHPHPHPHHPHPPH
310,HHHHHPHPPHPHHPP
311,HHPPHHPHHHHPHPP
312,HHHPHPHHHPPPHPP
313,HHPHPHPPHHHHPPH
314,HHPHPPPPHHHPPHH
315,HPPHHPPHPHHHHHP
316,HHHHHPPHHPHPPPH
317,HPPHHHPHHPHHHPP
318,PHHPPHHPHPPHPHH
319,HHPPPPPPPHHHHHH
320,PHPPPHHHPHHPHHH
321,PPHHPPHHHPPHHHP
322,PHPHHHHHPPHPHHP
323,PHHHPPHPHHHPPHH
324,HPHPHHHHHPHPPHP
325,HPHHHHPPHHPHPHP
326,HPHPHPHPHHPHPHP
327,HHPHPPPHPPHHPHH
328,PHPHPHPHHPPHHHH
329,HHHHHPPHHHPHPPP
330,PHPHHHHHHPPPHHP
331,HHPHPHHPPHPHHHP
332,HHPHHPHHHPHPPPP
333,HPPHPHPHHPHPHPH
334,HPHHPPPHHPHHPHP
335,HHPHHPPHPHHHPHP
336,HPPHPPHHPHPHHHH
337,HPHPHHHHPPPHHHP
338,PHPPHPHHHHPHPHP
339,PHPPHHHHPPHPHHP
340,PPPHHHPHHHPHHPH
341,PHHPHPHHPPHPPHH
342,HHPPHPHHHPHPHHP
343,HHHPPHHPPHHHHPP
344,HHHHHPPHHPPPHPP
345,HHPHHPPPHPPHHHH
346,HHHHHPPHHPHPHPP
347,HPHPHHHHPPPHPPH
348,HPHHHHPPPPHHHHP
349,HPPPHHHPHPHHHHP
350,HHHHHPPPPHPHHPP
351,HHHPHHHHPPPPHPH
352,PHHHHHPPHPHPHPH
353,PHHPHPHHHPHPHHP
354,HPHHHPHHPPHHHPP
355,HHHHPHPPPPHPHHH
356,HPHHPHHPPHPHHPP
357,PPHHPPPPHHHHPHH
358,PPHPHHPHHHPHPHP
359,PPPHPHHHHPHHPHH
360,HHPHHPHHHPPPHPH
361,HPHPHHHHPPHPHHP
362,PPHHPHHHPHPPHHP
363,PPHHPHPPHHHHHHP
364,HHHPPHHPPHHPPHP
365,PHHPHHHHPPPHPHP
366,PHHPHPHHPHPPHPH
367,HPHHHPHHPPHHPHP
368,HHPPPHHPPHHHHHP
369,PPPPHHHHHHHPPHH
370,HHHPHHHHPHPPPPH
371,PHHHPPPHHHHPPHH
372,HHPHHHHPPPPHPHH
373,PPHHPPPHHPPHHHH
374,HHPHPHHHHPPPHHP
375,PHPPHHPHHPHHPHH
376,HHHHPHHPPPHPPPH
377,PPHHPHPHHPPHHHP
378,PPPPHHHHPPHHHPH
379,HPHHPPHHPHHPPHH
380,PHHHHHHPHHPHPPP
381,HPHHHHPHHHPPPPH
382,HPPHPPHHPHHHHHP
383,PPHHPHHHPPHHHHP
384,PPPHHHPPPHHHHPH
385,PHHPHHHHHPHHPPP
386,HPHHHHPPHPPPHHH
387,PHHHPPHHPHPHPHP
388,HPHPHHPPPHPPHHH
389,PPPHHHHPHPHHPHH
390,HPHPPPHHPHHPHPH
391,HHHHPHHPPHPPHPH
392,PHHPHHHHHPPPHPP
393,PPHHPHPHHHHPPPH
394,HHPHHHPHPPHPHPH
395,HHHPPPHHPHPHPHH
396,HPPHHHPPPPHHHHP
397,PPPHHHPHHHPHPHP
398,HHPHHPPHPPHPPHH
399,HHHPHPPHHHPHPHP
400,HHPPHHHPPHHPHPP
401,PHHPHHPHPHHPHPP
402,HPHPHHHHHPPHPPP
403,PPHPHPHPHHHHHPH
404,PHHHHHHHPPHPHPP
405,PHHPPPPHHHPHHHP
406,HPHHPHPHPPHPHHP
407,HPHHHHPHPPPHPHH
408,HPHPPHPPHPHHHHH
409,HPPPHHPHHHPHHPH
410,HPHPHHPPPHPHPHH
411,PPHPHHPPHHPHHHP
412,PHPPHHHPHPHPPHH
413,HHHPHHHPPPPHHPP
414,HPHHHHHPHHPPPPP
415,HHHPHHHPPHPPHPH
416,PHHHHPHPHHPHHPP
417,PHPPHPPPHHHHHHH
418,PHHHPPPHHPPHPHH
419,PHHPPHHPHHPPHHP
420,HPHHHHHPPPHHPPH
421,HHPPHHHPPHPPHHP
422,HHPHPPHPHPHPPHH
423,HHHHHPHPHPPPPHP
424,PPHHHPHPHHPHPHH
425,HHHHHPPPHHPPPHH
426,PHHHHHPHHPHPPPP
427,HHPPPHHPHHPPHHP
428,HPPHPHHHPPPPHHH
429,HHPHPPHPHHPHPPH
430,PPHHPHPHHHHPHPP
431,HPPPHHHPHPHPPHH
432,HPPHHHHPHPHPPHH
433,PHPHHPPHPHPPHHH
434,PHPHHPHPHPPHHHH
435,HPPHPHPPHHPHPHH
436,HPPHHPHHPHHHHPP
437,PPPPHHHHPHPHHHH
438,HPPHPHHHPHHPHPH
439,PPHPPHPHHPHHHHH
440,PPHHHPHHPHPHPHH
441,HPHPHHHHPHHHPPP
442,HPHHHPPPHHPPHHH
443,PHHHHHHPPPHPPHP
444,PPHHPHHHPHPHHPH
445,PHPHHHHHPHPPHPP
446,PHPHPPPHHHHHHHP
447,PHPHPPPPHHHHHPH
448,HPPHPPHHPPHPHHH
449,PHPHHHPHHPHPPHH
450,PHHPPHPHHHHPHHP
451,HPHPPPPHHPHHHPH
452,HPPHHPHPHPHHPPH
453,HPHHHHHPPHPHHPP
454,PHPHPPHHHPPHHHH
455,HHHHHHHPPPPHPPH
456,PHPHHHPPHHHHPHP
457,HPHHHHHPPHPPPPH
458,HPHHPHHHHPPPHPH
459,HPPHHPHHHHHPHPP
460,HHPHPPPPHHPHPHH
461,HPPHPPHPHHHPHPH
462,HPPHHPHHHPPPHHP
463,PHPHPHHPHHHPPHH
464,PPHPHPHHHHPHPHH
465,HHPHHPHHHHPPPHP
466,HPHHPPPHPPPHHHH
467,HPPHPHPPHHHHHHP
468,PHPPHHPHHPHHPPH
469,PHPPPHHPHPHHHHH
470,HPPHPHHPHHHPPHH
471,PPPHHHHHPHPHPHP
472,PHPPHHPPHPHHHPH
473,PPPHHHHPHPHPHHH
474,HPHPHHPHPPHHPHH
475,HPPHHPHPPHHHPHH
476,HPPHPHHPPHPHHPH
477,HPHPHPPPHHHHPPH
478,PPHHPPHHHHPHPHH
479,HHPHHPHPPPHPHPH
480,HHHPHHPHPHPPPHP
481,PHHHHPHPPPHHPHP
482,HPHHHHHHPPHPPHP
483,HHHHPHPPHHPPPHH
484,PPPHPHHHPHPPHHH
485,PHHPHPHHPPHHHHP
486,HPHPPHPHPHHHHPH
487,PPHPPPHHHHHPHHH
488,PHPHHPHPPHHPHHH
489,HHPPPPHPHHHPHHH
490,PPHHHHHPPHPHHPH
491,PHPPHHHPHPPHPHH
492,HPPHHHHPHPHPPHP
493,HPPHPHHPPHPHHHP
494,PHPPPPHHHHPHHHH
495,HPHPHPPHHPHPHHH
496,HHPPHHPHHPHPHPH
497,HHHPHPPPHHPHHPH
498,HPPPPHHHPPHPHHH
499,HHHHHPHPHHPPPPH
500,HPPHPHPHHHPPPHH
501,PHPHPPHHHHHPPPH
502,HHHPPHPHPHHHPPH
503,HHPHPPHPHPHHHPH
504,PPHPHPHHPHPPHHH
505,PPHPPHPHHHHHPHP
506,HPPHHHHHHHPPPPH
507,HPHPPHPHHHHHPHP
508,PHPHHPHPHHPHPHP
509,HHHHPHHPHPHPPHP
510,HPHPPHPPHHHPHHH
511,HHPPPHHHHPHHPHP
512,PHHHPHPHPHPPPHH
513,PPHHHPPHHPHPHHH
514,HPHPHHHPPHHHPHP
515,HHHHPPHHHHPHPPP
516,HPHHHHHPPPPPPHH
517,PHHHHPHPPHHPHHP
518,PHPHHHPHPHHHPPH
519,PHPHHHPHHHHPPHP
520,PPHPPHHHHHHHHPP
521,PPHPHHHPHHHHPPH
522,HPPHHHHHHPPPPHH
523,PHHHPHHHPHHPPPP
524,HPHHHHPHHHPPPHP
525,HHHHHPPPPPHPHHH
526,HHHPPPPHHHPHPPH
527,PPPHHPPHHHHPPHH
528,HHHPHPPHPHPHHPH
529,PPHHHPHHPPPHPHH
530,HHHHPHPPPHPHHPH
531,PHHHHPPPPHPHPHH
532,HPHHPHPPHHPHHPH
533,HHHHHHHPHPHPPPP
534,HHHHHPPPPHHPPPH
535,PHPHPHHHHPPPHHP
536,HHHHPPPHPPPHHHH
537,HHHPHPPHPHHHHPP
538,PHPHHPHHPPHHHPH
539,PPHPPHHHPHPHHHH
540,HHHPPHHPHHPPPHH
541,PHHPPHHPPHPHHPH
542,PHHHHHPHPHPPPPH
543,HHPHPPHHHPHPPPH
544,PPHHHHPHHPHHPPP
545,HPPHHPPHHHPPHPH
546,HHHHHPPPPHHPHPP
547,HHHPHHHPPPHHPPP
548,PPHPHPPHHHPHHHH
549,PHHPPPHHHHHHPPH
550,HHHHHHHHPPPPPPH
551,PPPPHPHPHHPHHHH
552,PHPPHPPHPHHHHPH
553,PHHHPPHPPPHPHHH
554,HHHPPPHPHHHPPPH
555,HHPPHHPPHHPHPHP
556,HPHHPPHHHHHPPHP
557,PHHHPHHHHPHPPPH
558,PPPHPHHHPHPHHHP
559,PPPHHHPHHHPHHHP
560,PPPHHHPPHHHPHHH
561,HHPPHPHPHHHPHPP
562,HHHPPHHPPHPHPHH
563,HHHPPHPPPHPHHPH
564,HHHPPHHHPHHPPHP
565,HPPHPPHHPHPHPHH
566,HPPPPHPHPHHHHHP
567,PHHPHHHPHPHHPHP
568,HPHHPPHHPHHPPPH
569,HHPHPHPHHHPHPHP
570,PPPPHHHPPHHHHHP
571,HHHHHPHPHPHPHPP
572,HPHHHPPPHPPHHHH
573,HPPHHHHPPHPHHPP
574,HPHHPPPHPHHHHPH
575,HPPPHHHHPPHPHHP
576,HHPPHHHPHPHHHPP
577,HHPHPHHPHPPHHHP
578,PHPPHHHHHPHHPHP
579,PHPPHHPPPHHHPHH
580,HHPHHPPPPHHHHPH
581,HPHHPPPHPHHPHPH
582,HPPHHPPHHPHHHHP
583,HHPHPPHHPPHHPHH
584,HHPHPPPHPHPHHPH
585,PPHHHHPHHPHPHPP
586,HHHPHPPHPHPHPHH
587,HPHHPHPHPHHHPPP
588,PPHHPHHHHHPPPPH
589,HHHHHPPPPHPHHHP
590,PHPHHPPHHHHPPHH
591,PHPHHHPPHPHHHPP
592,HPHHHPPPPHPHHHP
593,PHPHHPHPHHPHHPH
594,PPHHHPHHPPHHHHP
595,PPHHHHPHHPPHPHH
596,PHHHHPHPPHHHHPP
597,HPHPHHHPHPPHPPH
598,HPHHPPHPHHPHHPP
599,HHPHPPPHHHHPHPH
600,PPHPPHHHPHHPPHH
601,HHPPHHPHHPPHHPH
602,HPHHPPHHHPHPPHP
603,HPHHHHHPPPHPHPP
604,PHHHPHPHHHPHHPP
605,PPHHHHHPHPPPHHP
606,PPHHHHHHPHPPHPH
607,HPPHHHHPPHHHPPP
608,PHHHHPHPHPHPHPP
609,PPHPHHHPHPHPHPH
610,HHPHHPPHPPHPHPH
611,HPHHHPHHPHPPHPP
612,HHPPHHHPPHPHHPP
613,HHHHPHPPPPPHHHH
614,HPHHPPPPHHHPHHP
615,HHPPPPPHHPHHPHH
616,HPHHHHHPPPHHHPP
617,PPPHPHPPPHHHHHH
618,HHPPHPHPHPPHHPH
619,PHPPPHPHHPHHPHH
620,PPHPPHHHPHHHPPH
621,PHPPHHPHHHPPHPH
622,HHHHHPHPPHHPPPP
623,HHHHHPPHPPHHPHP
624,PPPHHHHHHHPHPHP
625,PHPHHHHHPHPPPPH
626,HPPHHHHHPHPPHPP
627,PHPPHHHHHPPPPHH
628,PPPHHHHHHHHPHPP
629,PHPPHHHHHHPPPHH
630,PHPPHHHHHPPHPHH
631,PPHHPPHHHHHPHHP
632,PHPHHHHPHHPPPHP
633,PHHHHPPPHPHHPPH
634,HPPHHHPHPHPPHHH
635,HHPHHPHHPHPPPPH
636,HHHPHPPHPHHPPHP
637,HHPHPPHHHHPHHPP
638,HHPPPHHHHPHHPPH
639,HPHHHPHPHPHPPHH
640,PHHPHHPHHPHPHPP
641,PPPPPPHHHHHHPHH
642,PPHPHHHHPHHPHPP
643,HHHPPHHPHPHHHPP
644,HPPPHHHPPHHPHPH
645,PHHPPPHPPHHHPHH
646,PHPHHHHPPHPHPHP
647,PHPPHHPHPPHHHHH
648,HPPPHHHPPPHHHPH
649,HPHHHPPPHPPPHHH
650,HPPHPPHHHHHHHPP
651,HHHHHHHPPHPPHPP
652,HHPHHPPPHPHHPHP
653,HHPHHHPHHPHPPPP
654,PPHHHHHPHHPPPPH
655,PHHHPHPHHHHPPPH
656,HHHHPPHPHPPPHHP
657,PPHHHHHHPPHHPPP
658,HHPHHHPPPHHPHPH
659,HHPHHHHPPHHPHPP
660,HHHHPHHPPPPHHPH
661,HPHHHPHPPHPPPHH
662,HHHPHPHHPPPPHPH
663,PPHPHHHHHPHPHHP
664,HPPHHPHHHPPHHPH
665,HPPHPHHHPHHHPHP
666,PHPHHPHHPPHHHPP
667,PPHHHHPHHPPHHHP
668,PPPHPHHHHPHHHPP
669,PHHHHHHPPHPHPHP
670,HHHHPHPHPHPHPPP
671,PPPHHPHHHPHPHPH
672,HHHHHPPPPHHHPPH
673,HHHPPPHHPHHHPPP
674,HPPHHPHPHHHHPPP
675,HHHPHPHPHPHPHPP
676,PPHPHHPPHPHHPHH
677,PHHPPHHHPHHPHPH
678,HPHPHHPHHHHPHPP
679,HPPPHHHHHPHPPPH
680,HHHHPPPHHHHPPPH
681,HHPPPPPHHHPHPHH
682,PPPPPHHHPPHHHHH
683,PHHHPHPPPHHHHHP
684,PHPPPPHHHHHHPHH
685,PHHPHHPHHHPPPHH
686,HHHPPHHPPPHPHHH
687,HPHPHPHHPHHPPHH
688,PPHHHHPPPPHHHHP
689,HHHHHHHPPPHPPHP
690,PHHHHHPPPHHPHPH
691,PPPHHHPPPHHHHHH
692,HHPHHHPHPHHPPPH
693,HHPPHPHPHHHPHHP
694,HPHPPHHPPHPHHHP
695,HPHHPPHHPHHHPPP
696,HPHPPHHHHPHHHPP
697,PHPPHHHHPPHHPHP
698,HPHPHPPHPHHHHPH
699,PHPHPHHHHPPHPHH
700,HHPHPHHPPHHHPHP
701,HHPHPHHHHPHPHPP
702,HPPPHHHHHPPHHPP
703,HPPPHHPPHPHHHHP
704,PHHHHHPPHHPHPPP
705,HPHHPHHPPHHPPHP
706,HHPPPHPHPPPHHHH
707,PHPHHHHPHPPHPHP
708,HHHPHPPHHPPPHHH
709,PPPHPHHHHHHPPHH
710,HHPPHPPPHHHHPHH
711,PHHPPHHPHPPHHHH
712,PPHHPPHPPPHHHHH
713,HHHHPHHPPPHPHPH
714,HHPHPPHHHPPHPPH
715,PHHHHPHPHHPPHPP
716,HPHPHHHPHHPHPPP
717,HHHHPPHPHHHPHPP
718,PPHHPHPHPPHHHPH
719,HHPHHPHPHPPHHHP
720,HPPPPHHHHHHHHPP
721,HPHHPPHHHPPPHPH
722,HPHPHHHHPPPHHPP
723,HPPHPHHHHHHPHPP
724,PHHPPPHHHPHHPHH
725,PPHPHPHPHPPHHHH
726,HPHHHPHHPPHPPHH
727,HPPHHHHPHPHPHPH
728,HHHHPHPHPPHPPHH
729,HPHHPHPHPHPPPHH
730,HHPHHHHPPPPPPHH
731,HPHPHPHHPPHHPPH
732,HHPHPHHPPHHPPHH
733,HPHHHHHPPPHPPPH
734,HHHPPPHHPHHPHPP
735,HHHHPPHPPHPPPHH
736,HPHHPHPHHHPPHHP
737,PHHPHHHPPPHHHHP
738,HHPPHPPHPHPHPHH
739,PHPHHHPHHHHPHPP
740,HPHHPHPPHPPHHHH
741,HPPHHPPHHHHPHHP
742,HPHHHHPHPHPPHHP
743,HPPHPPPHPPHHHHH
744,HHPHHHHPPPPHPHP
745,PPPHHHHPHHHPPHH
746,HHHPHPHHHPHPPPH
747,HPPHHHHHPHHPPPH
748,PHHHHHHHPPPHPPH
749,HHPPHHHPPHHPPPH
750,PHHHHPPHPPHPHHH
751,HPPHHHHHPHPPPHP
752,HHHPPHHPHPPPHHH
753,HHPHHHPPPHPPHHP
754,PPPHHHPHPHHHPPH
755,HPHHPHHHPPHPPHH
756,HHHPPPHHPHHHPPH
757,PPPHHHHHHPHPPHH
758,HPHPPHHHPPPHPHH
759,PHHPPHHPPHHPHHH
760,PHHPHPHPHHPHPPH
761,HHHHHPHPPHPHPPH
762,PHPPHPPPHPHHHHH
763,HHHHHPPPPPPHHHH
764,PPHHHHHPHPHPHHP
765,HPPHHPHPPHHHPHP
766,PHHHPPHPHHHPPPH
767,HHHHPHPPHHPHHPP
768,PPPHHPPPHHHHPHH
769,HPPPHPHPHPHHPHH
770,PHPPHPPHHHHHHPH
771,PHPPPHPHPHHHHHH
772,PHHHPHHPHHPPPHH
773,PPPHPPHPHHHHHHH
774,HPPHPHPHHHPPHHP
775,HPHPHPHPHPHHPPH
776,HHHPHHHPPHHPPHP
777,HHPPHPHPHPHPHPH
778,PHHPPHPHPPHPHHH
779,PHPHHHPHHHPPPHH
780,HPHPPHHPHHHHPHP
781,HHPHHHPHPPHPPPH
782,HPPHPHHPPHHHHPP
783,HPPPHHPHHPHHPHP
784,HPPHPHPHHHPHPHP
785,HHHHHPHHPPPHHPP
786,HHHPPHHHHPPPHHP
787,HHHHPPPHPPHHHPH
788,PHHHPHHPPHPHPHH
789,HPPPHHPHHPHPPHH
790,HPHPHPHPPHHHPPH
791,HPHHPPPPHPHHHPH
792,PHPHPPPHPPHHHHH
793,PHPHPHHHPHHHPHP
794,HPHHPPHPHHHPPHH
795,PHPHPHPHPPHHHHP
796,HHPHPHHHPHPPPHP
797,HHHHPPPPHHPPHHH
798,HPPHHHPHHPHHPHP
799,HHPHHPHHPHPPPHP
800,PPHPHHPPHHHHHPP
801,PHPPHPHPPHPHHHH
802,HPHHPHPPPHHHPHP
803,HPHPHHPHHHPPPHP
804,PPHHPHHPHPHPHHH
805,PPHPPHPPPHHHHHH
806,HHHPPPHPPHHPPHH
807,PPHHPHHPPHPHHHH
808,PHHHHPPPPHPHHHH
809,PHHHHPPHHHPPHHP
810,PHPHHPHHHPHPHPP
811,PHHHHHHHPPPPHPH
812,PPPPHHHHPHHHPHH
813,HPHPPHHPHPHPHPH
814,PPHPPHPHHHHPHHH
815,PHHHHHPHPPHHHPP
816,HPPHPPHHHHPHPHH
817,PPHHHPHHPHPHPPH
818,PPHPHPHPHHHHHHP
819,PHHPPPHHHPPHHHH
820,HPHPHHHHHHPPPPH
821,HHHPHHPHPHHHPPP
822,PPPPPHHHPHHHHPH
823,PHHPPHHHHPPHHPH
824,PHPHHPHHPHHHPPH
825,PHPPHHPHPHPHPHH
826,HPHPPHHHHPPHPHP
827,HPPHHPPHPPHPHHH
828,PPPHPHHHHHHPHPP
829,HHHPHPPPHPHPHHH
830,HPPHHHPHHHPPPPH
831,HHPHHHPHPPPHPPH
832,PPPPHHHHHPHHPHH
833,PPPHHHPHHPHHPHH
834,HHHPHPPPPPHPHHH
835,PHHHHPPHPHHHHPP
836,HPPHHHHPPHHPPHP
837,PPPHPHHHPPHHHHP
838,HPHPPHHHPHPHPPH
839,PPHHHPPHPHHPHHP
840,PPHHHHPPPPHPHHH
841,HPHPHHHHPPPHPHH
842,HHHHPHPHPHHHPPP
843,PPHHPPHHPHHHHPP
844,HHPHHPPHHPHHPHP
845,PPPHPPHPHHHHPHH
846,HHPHPHHPHHPHHPP
847,PHHHHHPPPPPHHHH
848,HHHHHPPHPHPPHPP
849,PHPPHPHPPHHHHHP
850,HPHPHPHHHPPHPPH
851,HPPPHHPHPPHHHHH
852,PHHPHPPHHHPHPPH
853,HPHPHHHPHPPPHHH
854,PHHPHPPHHPHPHPH
855,PPHHHPPHHPHHPHH
856,PHHHPHHPHPHPPHP
857,HPHPHHPHPPPPHHH
858,PHHPPHHPPPHPHHH
859,PPPHHHHHPHPHPHH
860,HPHPPHHPHPPHHHP
861,HHPHPHHHHPHPPPH
862,HHPPPHHHPPPHHHH
863,PPPHPHPPHHHHPHH
864,PPHPHHHPPPHHHPH
865,HPPHHPHPHHHPPHP
866,HHPPHPPHPHHHPHP
867,PPHPPHHHHHHPPHH
868,PHHPPPHPHHPHHHH
869,PHHPHPPHHHPPHPH
870,HHHHPHPHPHPHPHP
871,HPPPHPHHHHPPHPH
872,HPPPHHHPPHPPHHH
873,PHPHHHPPPPHHPHH
874,HHPHHHPHHPHPHPP
875,PPPPHPHHHPHHHHH
876,PHPHPHPHHPHPHHP
877,HPHHHPHPPHPHPHP
878,PPHHHPHHPPHPHHH
879,HHPPHPPHHHHPHHP
880,HHPPPPHPHHPHHHH
881,PHPPHHHHPHPHHPH
882,PPHHHHPPHPHHHPH
883,HPPHHPHHHHHPPHP
884,HHPPHHPHHHHPPHP
885,HPHPPHHHPPHPPHH
886,PHPHHHPHPHHHPHP
887,HPHPPHHHPHPPHPH
888,HHHHPPHHPPPHPPH
889,HHPHHHHPPPPPHPH
890,PHPPHHHHPHHHPPP
891,HPHHHPHPHPHPHPH
892,PHHPHHHPHPPHHPH
893,PPHHPPHPHHHPHHP
894,PPPPHHPPHHHHHHP
895,HPHPPPHHPHHHHPP
896,PHHPPPHHPHPHHHP
897,HHHHPPPHHHPPPPH
898,PHHPHPHHHHPPHPH
899,HHPPHHHHHHPPPHP
900,PHHPHHHPPPHHPHH
901,PHPHPHPHHHPHPHH
902,HHPHHHHHPPHPPPH
903,PHPHHHPPHHPPHHH
904,HPHPHPPHHHHHPPH
905,PHHHHPHPHPPHHHP
906,HHPPPHHHHHPPPHH
907,PPHPPHPPHPHHHHH
908,PPPPPHHHHHPHHPH
909,HPPHHPHPPPHHPHH
910,HHPPHPPHHPPHHHH
911,PPPHPHPHHHPPHHH
912,PPPPHPPPHHHHHHH
913,HHHPHPPHHPPHPPH
914,PPPHHHHPHHPHPHP
915,HHHHHPPPHPHPPPH
916,PPPHHHPHHHHPHPH
917,HHPPHPPHHPHPPHH
918,HPHHHPHHHPPHHPP
919,PPHHHPPPPHPHHHH
920,HHHPHHPHHPHPPPH
921,HHHPPHPHHHPPHPH
922,HHPPHHPHPHPHHPH
923,PHHPPPHHPHHHPHP
924,PPHHPHPHHHPPHPH
925,HHHHPPPHHPHHPPP
926,HPPPPHPHHHHHPHH
927,PPPHPHPHPHHHHHH
928,PHHHPPHPPHHHPPH
929,HPPPPHHHPHHPHHH
930,HPHHPHHHPHPPPPH
931,HHHHHPPPHPPPHHP
932,HHPPHHPHHPPHHHP
933,HPHPPPHHHPHHPHH
934,HPHHHPHPHPPPHPH
935,HHHPPHPHHPPPHHP
936,HPHHPPHPHHHHPPH
937,PHHHPHPHPHHPHPH
938,HHPPHPPHPHHHHPH
939,PPHHHHPHHHHPPHP
940,HPHHPHHHPPPHHPP
941,HPHPPHPHPHHHPHP
942,HHHHHHHHPPPPPHP
943,HHHPHHPHPPPPHHP
944,PHHHPHHHHPHHPPP
945,HPHHHHPPPHHPHHP
946,PPHHHHHHPHPPPHP
947,HHHPHPPHPPPHHHH
948,PHHPHPHHPHPHHHP
949,PHHPHHHPHPPHHPP
950,PHHPHPHHHHHHPPP
951,HPPPHHPPPPHHHHH
952,PHHHPHHHPHPPHHP
953,HPHPHHPPHPHPHHH
954,HPPPHPHHPPHHHPH
955,PPHHPPPHHHHHHHP
956,PHPHPHPHHHPHHPP
957,PHHPHPHPHHHHPPH
958,HHPHPHPHPPPHPHH
959,PPPPHHHHPHHPHHH
960,HPPHHHHHPPHHPPP
961,PHPHPHPHHPPHHPH
962,PPPHHHHHHHPHPPP
963,HPPHPHHPHPPHHPH
964,PPHHHHPPPHHPHHH
965,PHHPHPPHHHHPPHP
966,HPHHHPPHPHHHHPP
967,PHPPHPHPHHHHHHP
968,HPPHHPPHHHHPPHH
969,PHHHHHHHPPHPPHP
970,PHHHPPPPHHHPHHH
971,HHPPPHHPHPPPHHH
972,HHHHHPPHHPPHPHP
973,PPHPHPPHPHPHHHH
974,PHPPHPHHPHPHHPH
975,HHHPHHPHPPPHHPH
976,PPPHHPPHPPHHHHH
977,HHHHHPPPHHPPPHP
978,PPHPHPHPHHPPHHH
979,PHPHHPPHPHHHPHH
980,HHPPPHPHHHPPHPH
981,PPHPHHHHHHHPPPP
982,HHHHPPHHPPHHHPP
983,HPHPHPPHHHHHPHP
984,HPHPHHPHHPHPHHP
985,HHHPHHHPHPHPPPH
986,HPHHHHHPHPPHPPH
987,HHHPPHHHPPHPHPH
988,HHHPHPHHPPHPHPP
989,PPPPHHPHHHPPHHH
990,HHPPHHHHPHPPPHH
991,HPHHPPPHHPPHHHH
992,HPHPPHHHHHPHPHP
993,PHHHHHHHPPPPHHP
994,PPPPHHPHHPHHHPH
995,HPPPPHHHHPHHHHP
996,PPHHHHHPPHHHPPP
997,PHPHHHHHHPPPHPP
998,HPHHPPHHPPHPHHP
999,HPHHPPHHPPHPHPH
1000,HPHPHPHHHPHHPPH
1001,HPHHPHPHPPHHHPH
1002,HPHPHHHHPHHPPHP
1003,PHHPPPHHHHPPHHP
1004,PHHPHHHPHHHHPPP
1005,HHHPPHPPPHHHPHP
1006,HHPPHHPHHPPHPHH
1007,HPPHHPHHPHPHPPH
1008,PHHHPPHPHHPHHPP
1009,HPHHHPPHPPHHPPH
1010,PPPHHHHHHPPPHHH
1011,HPHPHHHPHHPHPHP
1012,PHHHHPPHHPPHPHH
1013,PHHHHHHPPPPPPHH
1014,PHPHHHHHHHPHPPP
1015,HHPHHHHPPPPPHHP
1016,HHHHPPPPHPHHPPH
1017,HPHPPPHHPPHHPHH
1018,PPHPPHHHHPHHHHP
1019,PPHPHHPHHPPHHPH
1020,HHPPHHPHHPPHHPP
1021,HHHHPPPPHPHHHHP
1022,HPPHHPHHHPPHHHP
1023,HHHPHHPPPHHHPPH
1024,HPPHPHPPHPHPHHH
1025,HPHPHHPHPPPHHHH
1026,HPPHHPHPHPHHPHP
1027,PHHHHPPHPPPPHHH
1028,PPHHHPPHHHPPHPH
1029,HHHPHHHPPPPHHPH
1030,PPHHHPPHHHHHPHP
1031,PHHPHPHHHHPHPPH
1032,HHPPPPHHHPHHPHP
1033,HHPHPHPHPPHPHHP
1034,HPHPPHPPHPHPHHH
1035,PHHHHHPPPHHHHPP
1036,HPHHPHPHHHHPPHP
1037,PHPPPHHHHPHHHPP
1038,HPPPHHHHHPPPHHH
1039,HPHHHHPPHHHPPPH
1040,PHHHHPHHHPPPPHP
1041,PHPPHHHHHPPPHPH
1042,HHPPHHHPHPPPHHH
1043,PPHHHHHPPHHPHHP
1044,HPHHHPHHPPPHHPH
1045,PPHHHHPPPHHHHHP
1046,HPHHHHHPHHPHPPP
1047,HPHPHHHHHHHPPPP
1048,PPHHPPPHHPHHHPH
1049,HHHHPPPHPPHPHHH
1050,HHPPPPHHHHHPPHH
1051,PHPPPHHHHHHHPHP
1052,PHPPHHPHHPPHHHP
1053,PPHPHHHPHPHHHPP
1054,HPPHPHPPPHHHPHH
1055,PHPPPHPHPHHHHPH
1056,HHHHPPPHHHPHPPP
1057,HHHHPPPPHHHHPHP
1058,HHPPPHPPHPHHHHH
1059,HHHPHPHHPPPPHHH
1060,PPPHHHHHHHPPHPH
1061,PHHHHHHHHPPPPPH
1062,HHPPHPHHHPHPHPP
1063,PPHHPHPHHPHHPPH
1064,PHHHHPHHHPHHPPP
1065,HHHPHPPPHHHPHHP
1066,PPHPPHHHHHPPHHP
1067,HPHHHPPHHPHHPPP
1068,HHHPHPPPHPPPHHH
1069,HHHPHHPPPHPHHPP
1070,PPPHHHPHPHHPHHP
1071,HHPPHHHHPPHPHPH
1072,PPHHHHHHHPPHPHP
1073,HHHPHPPHPPHHHPH
1074,HPHPHPPHHHHPHPP
