id,sequence
0,PHHPHPHPPHPPPHPHPPPP
1,HHPPPPHPPHPPHHHPPPPP
2,HHPPPHPPHHPPPPHHHPPP
3,PPPPPHPPPHPPHHHHPHPP
4,HHPPHHHPHPPPPPHPPPPP
5,HHHHPPPPPPHHHPPPHPPP
6,PPPPHHPHPPHHHPPPPPHP
7,PHPPPPHPHPHHPPHHPPPP
8,PHPPPHHPPPPHHPPPHPPH
9,HHHPPHPHPPPPPHHPHPPP
10,HHPHPHPPPPPPPHHPHPPP
11,PPHHPPPPPHHPHPHPHPPP
12,PPPHPHPPHPHPHHPPHPPH
13,PPHPHPPPPHPPHHHHPPPH
14,PHPHPPHPHPPPHPHPHPHP
15,PPPPHPHPPHPPHHPHPPHP
16,PHHHPPHPPPPPHPHHHPPP
17,HPPPPHPHPHPHPHPPHHPP
18,HHPPPHPPHHHPPHPPPHPP
19,PPPPHHPPPPHPHHPPHPPH
20,PHPHHPPPPPHPHHPPHPPP
21,PPHHPHPPPPPPHHPPPHPH
22,HPHHPPPPHHPPPHPPPHPP
23,HHHHPPHPPPPPHPPPHPPP
24,HHHHPPPPPHPPPPPPHHHP
25,HHPPHHPPPHPPPPPHPHPH
26,PPHPPPPHHPHHPPHPPHHP
27,PPHPPHHPPPPPPPPPHHHH
28,PHPPHPHHPHPPHPPHPPHP
29,PHHHPHPPHPPPPHPHHPPP
30,PPHHHPPPHPPHPPPPPHHP
31,PPPHPPHPPPHHHHPHHPPP
32,HPPPHPPHPPPPPHPPHPHH
33,PPHPPHPPPPPHPPHPHHHP
34,PPHPPHPPPHHPPHHPHPPP
35,HPPHHHPPPPHPPPPPHPHH
36,PPHPPPPHHPHPHPPHPPHH
37,HPPPPHPPPPHHHHPPHPHP
38,HPPPHPHHPPPPPHHPPPPH
39,PPHPHPPHPPPHHPPPPHPH
40,PPPPHHPPHHHPHPPPHPHP
41,PPPPPHPHPHPHPPHHHPPP
42,PPHHHHPPHHHPPPPHPPPP
43,HHPPHPPHPPHPPPPHPPPH
44,PHPPHHHPPHPPHPPPPPPH
45,HPHPPPPHHPPPHPPPHPHP
46,PPHHHPHPPPHPHHPPPPPP
47,HPPHHHPPHPPHPPPPPPHP
48,PHPHHPPPHHHPHHPPPPPP
49,HPPPHHPPHPHPPHPPHPHP
50,PPHHPPHPPHPHPPPHHPPP
51,HPPPPPPPHHPPHPPHHHPP
52,PPHPPPHPHHPHPPPPHHPP
53,PPPPPHHPPPPHHHHPPHPH
54,PHPHPPHPPPPPHPHPPPHH
55,HPPHHPHPPPHHPPPHHPPP
56,PHPPPHHPPPHPPHPPHPPH
57,PPPHPPHPHHPHPHPPHHPP
58,HPPHHPHPPHPPHPPPPPHH
59,HPPHPPHPPPHPHHPPHPPH
60,PPHHPHHPHPHPPPPHPPPH
61,PPHPPPHHHHPPHHPPPPPH
62,PPHPPPHPHPPPPPHHHPHP
63,HPPPHHPHPPHPHPPPPHHP
64,PPPPHPPPPPPHHHHHPPHP
65,PPPHPHHPPPHPPHHPHPPP
66,PHHHHPPPHPHPHPPPHPPP
67,PHHPPPHHHPPHHPHPPPPP
68,HHPHPHPHPHPPPPPHHPPP
69,PPPHPPHHHHHPPHPHPPPP
70,PPHHHPHPPHPPPPHPHPHP
71,HPPPPPPHHHPPHPPHHPPP
72,PHPPPPPHPHHHPHHPPPHP
73,HHPPPPHPPHPPPPPPHPHH
74,PPHPHPPHPHPHPHHPPHPP
75,PPPHHHPHPPHPPPPPHHPP
76,PHPPPPPPHHPPPHHHPHPP
77,PHPHPPHPPPPPPHHPPPHH
78,PPPHPPHPHPPPHPPPHHPH
79,HHHPPHPPPPPPHHHPHPPP
80,HHPPPPPHHPPHPHHPPPHP
81,PPHPHHPPPHPHPPPHHPPP
82,PPHPHPPHHPPPPHPPPHHP
83,HPHPHPPPPHHPPPHPHPPP
84,PHHPHPPHPHPPPHPHHPPP
85,PPHHHPHHPPHPPPPPPPPH
86,PHPHHPPPHPHPPHPPPPPH
87,HPPHPPHHPHPPPPHPHPPP
88,PPPPPPHPHPHPHPPPHHHH
89,HPPHPPPPPPHPPPHHPPHH
90,PPHHPPHPPPPPPPHHPHHH
91,HPHPHPPPPHHPHPPHPHPP
92,PPPHPHPPPHPPPPPPHHHH
93,HPHPPHPHPHPPPPHPPHPP
94,HHPPHPPHPPHPPPHHPPPP
95,PHHPPPPHPPPPHPHHPPHH
96,PHHPHHPPHPPPPPHPPHHP
97,PPHPPPHHHPHHPPPPHHPP
98,PHPPHPPPHPPHPPPHHPPH
99,HPHPPPHPPHHHHPPPPPPP
100,PPHPPHHPPPPPHHHPPHPP
101,PHPHPPPHHPHPHPHHPPPP
102,PHPHPPHPPPPPPHPHHPPH
103,PPPPPPHHHPHPHPHPPHPP
104,HPPPPPPPPPHHHPPHPHHP
105,PPHPPPPHPHPPHHPHPHHP
106,PHPHPPHPHPHHHPPPPPPP
107,HHPPHPPHHPHPHPPPHPPP
108,PPPPPHPPHPHPHHHHPPHP
109,PHHPPPPHPPPHHPPHHPHP
110,HHPPPPHPPPHPPHPHPHHP
111,PPPPHHHPPPHPHPHHPPHP
112,PHHPPHPPPPPHHHHPHPPP
113,PHPHHPHPHPPPHPHPHPPP
114,PHHPPHPPHPPPHHPPHPPP
115,PHPHHHPHPPPHHHPPPPPP
116,PPHHPPHHHPHHPPPPPPHP
117,PPPPHPHHPPPPHPHPHHPP
118,HHPPPPHHPPPPPHHHPHPP
119,HHHPPPPPPHHPPHPPHHPP
120,PPPHPPHPHPHPPHPHHPPH
121,HPPPPPPPHPPPHHHPHPHH
122,PPPPPHHHHPPPHPHPPPPH
123,HPPPPPHHHPPPPHHPPHHP
124,PHPPPPPHHPHPHPPHHPHP
125,PPPHPPPPPPHHHPHHPHPP
126,PPPPHPPHPPHPPPPHHHHP
127,PHPPHPPHPPPHPHHHPPHP
128,HHHPPPHPPPPPPPPHHPHH
129,PPHHPHPPHHHPPPHPHPPP
130,PPHPHPHPHPPPHHPPPHPH
131,PPHPPPHHPPPHHPHPPPHP
132,PHPPPHHHPPHHHPHPPPPP
133,PPPPHHPHHPPPHHHPPHPP
134,HHPPPPHPPPHHHPPPPPPH
135,HPHPPPPPHPHHPPPPHPHH
136,PPPHPHPPHHPPHPPHPPHH
137,HPPPPHHPPHHHPPPHPHPP
138,PHPPPHPHPPPHHHPHPPPP
139,PPHPPPHPHHPPPHPPPHPH
140,PPPPHHPPHHHPPPPHPHPP
141,PPPHHPPPPPPPHHHPPHHH
142,PHHPPPPPPHHPPPPHPPHH
143,PHHHPPHPHPHHPPPPPPPP
144,HHPPPPPHPHPPPPPHHPPH
145,HPHPHPHPPHHPPPHPPPHP
146,PPPPHPHPPHHPHPPHPPHP
147,HPHPPHPPPPHPPPHHPHHP
148,HPHPHPHPPPHHPPPPPHHP
149,PPHPPHPPPPPPHHHPPHHP
150,HPPPPPPHPPPHHHPPHHPH
151,PPPPHPHHPPHPPHPHPHPP
152,PHHHHPPPHPPPHPHHPPPP
153,HPPHPPHHPPPHHPPHPHPP
154,HPHPPPHPPPPPHPHPHHPH
155,HHPPHPPPPPPPHHPPPHHH
156,PPPHPPPHHHPPHHPPPHPH
157,PHPHPHPPPPPPHPHPHPHP
158,HHPPPPPPPHPHHPHPHPHP
159,PPHHPPPPHPHHHPPPPPHP
160,PHPPHPPHPPHHHPPHHPPP
161,HHPPHPHPPPPPHHPPPPPH
162,PPHHHPPHPPHHPPHPPPPP
163,PHHHHPPPHPPPPPPHHPPP
164,PHPHPHPPHHPPPHHPHPPP
165,PHPHPPPPPHPPHHPPHHPP
166,HPPHPPHPHPPHHHHPPPPP
167,PPHPPPPHHPHPPHPHHPPH
168,PPHPPPHHPHHHPPPPPHPH
169,HHPPPHPPPPPHHPPHPPHP
170,PHPHPPPPPHHPHHPHPHPP
171,HPHHHHPPPPHPPPPHPPPP
172,HPPPHHPHPPHHPHPPPHPP
173,HPHHPPPPHPHPHPHPHPPP
174,PHPPPHPPPHPHPPHPHHPP
175,PHPPPPPPPHHPPPPHHHHH
176,PPHPPHPHHPHHPPPPPHPP
177,PPPPPPHHPPPHPHPHHPPH
178,HHPPHPHHPPPHPPPHPPHP
179,PHPHHPPPPHPPPPHHPHPH
180,PHPPHPHHPPHPHPPPHHPP
181,HPPPPPPPHPHHPPHHPPPH
182,HPPPHPHPHPPPHHPPPHHP
183,PPHHPPPHPHHPPHHPPPHP
184,HPPHPHPPPHPPPPHPPHHP
185,PHPHHHPPHPPPPPPPPPHH
186,HHPPPPPPPHPPPPPPHHHH
187,PHPPHHPPHPPPHPHHPPHP
188,HHHPHPHHPHPPPPPPPPPP
189,HPPHPPHPPPHHPPHHHPPP
190,HHPPPPPHHHHPPHPHPPPP
191,HHPHPHHHHPPPPPPPPPHP
192,PHHPHPHPHHPPHPHPPPPP
193,PPHPPPPHHHPPHPPPHPPH
194,PPPPPHPHPPPPHHHHPPHP
195,HHPPHHHPPHPPPPPHPPPP
196,PHHPPPPPHPHHHPPPHPPP
197,HPPPPHPHPPPPHPPHPHHH
198,HPPPPPPHHHPHPHPHPHPP
199,PHHHPHPHHPHPHPPPPPPP
200,PPPPPHPHPHPHPPHHHPPH
201,HPPPHHPPHHPHPPHPPHPP
202,PPPHPPHPPHHPPHPPPHHH
203,HPPHPPHPPPHHPPPHPHPP
204,PHPHPPPHPPHHPHPPPPHP
205,PHPHHHPPPPPPPPHHHHPP
206,PPHPPHPPPHPPPHPHHHHP
207,PPPHPPPPPHHHPHHPPHPP
208,PHPHPPPPHPPPHPPPHHHP
209,PHPHPPPPHHHPHHPPPPPP
210,PPPPPHPPHPHPHHHHHPPP
211,PHPPPHPPPPHPHPPPHPHH
212,HPPHPHPHPPHPPHPHPPPP
213,PHPHHPHPPPHHHPPPHPPP
214,PHPHHPPPPPPHHPHHPPPP
215,HPPPPPPHHPHHPHHPHPPP
216,PPPHHPPPHPPPHHPHPPHP
217,PHHPHPHHPPPHPPPHPPPP
218,HPHPPPPHHPPPPPHHHPHP
219,PHPPPHHPPPHPHPPHHPPP
220,PPPPPHPPHHHPPHPPHHPP
221,HHPHPPPPPPPHPHPPPHHH
222,HPPPHPHPHHHPPHPHPPPP
223,PPPPHPPHHPHHHHPPHPPP
224,HPHPHPPPHPPHPHPPHPHP
225,PPHHHPHPPHPPHPPPPPHP
226,PPHPHHPHPPPPHPPPPHHP
227,PPHPHHPPHHHPPHPPHPPP
228,HPHPHPPPPHPPPPHPHHHP
229,HPPPHPPHPHHHPPHPPPHP
230,PHPPHPPHPPHHHPPPPHPP
231,PHHPPPPPPHPPHPHPHPHP
232,HPPHPHPPHPPPPHPHPHPH
233,PHPPHPHHPPHHHPPPPHPP
234,HHPPPHHPPPPPPPPHPHHH
235,HPPPPPPHHPPPHPHPPHPH
236,HPHPPPPPPHPHHPPHPPPH
237,PPPPHHPPHPPPPHHPPHHP
238,PPHPPHPPPHPHHPHPHPPH
239,PPPHPPPHPPPPHHPHPPHH
240,HPPPHHPHPHPHHPPHPPPP
241,PPPHHHPPHPHPPPPPHHPP
242,HPHPPPHPHHPPPPPPPPHH
243,HPPPPHPHPHPHPHPPHPPP
244,HPHPPHHPHHPPPPHHPPPP
245,PPHPPPHHPHHHPHPPPPPP
246,PHPPPHPPHPPHPHPPPPHH
247,PPHPPPHPPHPHPPHHPHPP
248,PPPPPPPHPHPHHPPHHHPH
249,HPHPPHPPPPHHHPPPPPPH
250,PPPHPHHHHPPPPPPPHPPH
251,PHPHPHPPHPPPHPHPHPPP
252,PPHPPPPPHHPHHHPPHHPP
253,HHHPPHPPPPHPPPHHHPPP
254,PPPHPPPPPHPPPHHHPHHP
255,PPPHPHPPHPHHPHHPPPPP
256,HPPHPHHPPPPHPHPPPHPP
257,PPPHPPHPHPHPPPPHHHPP
258,HPPPHHHPPPPHHPHPPPHP
259,PPPPPPPHHPHHPHHHPPPP
260,PPHPHPPPHPPPPPHHPHHP
261,PHPPHPPPPHHPPHPPPPHH
262,PPPPPPHHHPHPHHHPPHPP
263,PPHPHHPHHPHPPPHPPPPP
264,PPHPHPPPHPPHHPHPPPPH
265,PPPHPHPPHHPHHPPHHPPP
266,PPPHPPHPPHHHPHPHPPPH
267,HHHPPHPPPHPHPHPPPHPP
268,HPHPHHPPPPPHPPPPHHPP
269,HHPPHPHPPPPHPPHPHPPP
270,HHPPHPPHPPPHPHPPHPPP
271,PHHPPPHPPHHHPPPHPPHP
272,HPHHHPPHPPPPPPPHPHPH
273,HHPHHPPPPPHPHPPPPHPP
274,HPHPHPHHPPPHPPPPHPHP
275,PPHPHHHHPPPPPPPPHHPH
276,PPPPPPPHHPHPHPHPHPHP
277,HHPPPHPPHPPPPHHPPHPP
278,HHPPPHPPHHHPHPHPPPPP
279,PHHHHPPPPHPPPPPPHPHH
280,HPPHPHPPPHPHPHPPPHPP
281,HHPPPHPHHPPPPPPHPPHP
282,PPPHPHHPPHPHHPPHPHPP
283,HHHPPPPPHHPPPPHHPHPP
284,PHPHPPHHPPPHPHPPPPHP
285,HHPHPHPPPPHPPPHPHPPP
286,HHPHPHHPPPPPPPHPPHPH
287,PHHPPHPPHPHPPPHHPPPP
288,HPPPHHHHPPPPPPHPPPHH
289,PHPPPPPPPHHPPPHPHHHP
290,PHPHPHPHPHHPPPPPHPPH
291,HPPHHHPHHPPHPPPPPPPP
292,PHHHPPHHPHPHPPPPPPHP
293,PPPHPHHHPPPHPPHPPPHP
294,HHPPPPHPHHHHPPHPPPPP
295,HPPPHPPHHHPPPPHPHHPP
296,HHPPPPPPPHPPPHPPHHHH
297,HHPPHHPPHHPPPPPPPHPP
298,PPPPPPHPPHPPPHPHHHPH
299,PPHHPPPPHHPHPHPPHPHP
300,HPPPPPPPPPPHPHHPHHPH
301,PHPHPPPHPHHPPPHPPPHP
302,HPPPHHPHHHPPPHPPPPPH
303,PHPPPPPHHPPHPPPHHPHH
304,HHHPPHPHPHHHPPPPPPPP
305,HHHPPPPHPPPHHPPHPPPP
306,PHHPPPHHHHPPPPHPPPPP
307,HPPHPPPPHPHHPHHPPPPH
308,PPPPHPHHHHPPPPHPPPHP
309,PPPPPPHPPPPHHHPPHHPH
310,PPPHHPPHPHHPPPHPPPPH
311,PPPPPPHHHPHPHHHPHPPP
312,PPPPPPHHPHHPPPPPPHHH
313,PPPHHHHPPHPPPHHPHPPP
314,HHPPHPHPHPHPPPPPPPHP
315,PPPHHPPHPPHHPPHHHPPP
316,PPHHHPPHHHPPPPPHPPHP
317,HPPPHPPPHPPPHHPHHPHP
318,PPPPPHHPHPHPPHHPPHPH
319,HPPHPHPHHHPHPPPPPPPP
320,HHHHHPPPPHPPPPPPPHPP
321,HHPHPHPPPPPHPHPHHPPP
322,PPHPHPPHPHHHPPHPPPHP
323,PPHHHHHPPPPHPPPHPPPP
324,PPPPPPPHHPHHHPPPPHHP
325,PPPHPPPHHPPPPPHHHHPH
326,HPPHPPPPHPHPPHPPHPHH
327,PHHHHPPHPPPHHHPPPPPP
328,PPPPPPHHHPHHPHPHPPPP
329,PHPPHPPPHHPPPPPHHPHP
330,HPPHHHHPHPPPHPPPPPPP
331,PHPHHHPPPPPHPPHPHHPP
332,HPHPHPPHPHPPHPPPPPPH
333,HPPHPPHPPHHPPPPPHHHP
334,PPHHPPPHHHPPPHPPPHHP
335,PHPHHPPPHPPPHHPPPPPH
336,PPPPPPPPHHHPHHPPHHPP
337,PHPPPPPPHHHPHPPHPHHP
338,PHPHPPPHHPPHPPHPHPPP
339,HHHPPHPPPPPPPPPPHHPH
340,PPPHHPPHHPHHPHPPPPPP
341,PPPPPHHPPPHHPHPHHHPP
342,PHPPHPHPHPPHPHHPHPPP
343,HHPPPHHPPPHPPHPPPHPP
344,PPHHPPHHHHPPHPPPPPPP
345,HHPPPHHHPPPPPPHPPPHH
346,HHPPPHHPPPPPHPPPHPHH
347,PPHPHPPPPPPHPHHHHPPH
348,PPPHHHPPPPPHPPPHHHHP
349,PHPHHPPHPPPHPPHPPPHP
350,HPPHPPPPPHHHHPPPHHPP
351,HPPPPPHPHPPHPHPPHPPH
352,HHHPPPPPHPHPPHPHPHPP
353,HPHHHPPPPHPPPHPPPPPH
354,PHPPPPPPPHPPPHPHHHHH
355,PPPPPHPHHPPHPHPHPPHP
356,HPPHHPPPPPPHHHPHPPHP
357,HPPHHPPPPHHHPPPPPHPP
358,PPHPHPHHHPHHPPPPHPPP
359,PPHPPPPPPPPHHPHHHHPP
360,PHHHPPPPPPPPHPPHPHHH
361,PPPPHHHPPPHPPHPHPHPP
362,PPHPHHPPPHHPPPPPHPHP
363,PHPHHHPPPPHHHPPPPHPP
364,PPPHHPPHPHHPHPHHPPPP
365,HPPHPHPPPPPPHPHHPHHP
366,HPHPPHHPPHPPPPPHHPPH
367,PPPPHPPHPHPPPPHHHHHP
368,HHPHPHHHPPHPPPPPPPHP
369,PPHHPHPPPHPPHPPPHPHP
370,HPPPPPHPPPHHHPPPHPHH
371,HPHHHPHHPPPPPPPPPPHH
372,HPHPPHPPHPHPPPHPPHPH
373,HHPHPPPPHHPPHHPPPPHP
374,PPPHPPPHHPPPPPPPHHHH
375,PPPPPPPHHHPPHHPPPHHP
376,PPHPPPPHPPHHPHHPPHHP
377,HHPPPPHPPPPPPPPHHPHH
378,PHPPHPPPPHPHPPHPHPHP
379,HPPHPHHPPPHPPPPPPPHH
380,PPPHHPHPHPPHPHHPHPPP
381,PHHHPPPPPPHHHPPHPHPP
382,PPPHHHPPHPPPPPHPPHHH
383,HHHPPPPPPHPPHPPHPHHP
384,HPPHHPPPHPPPPPPHPHHP
385,PPPHPPHHPHPPHHHPPPPH
386,PPHPHPPHPPHHPPPHPHPH
387,PPPPHHPHHPPPPPPPHHHP
388,HPHPPHHPPPHPPPPPHPHH
389,PPPHPPPPPHHHPPPPHHHP
390,HPPPPPHHHPPHHHHPPPPP
391,HHHPHPPPPPPPHPPHHPPP
392,HHPHHHHPPPPPHPPPPPPP
393,HPPHPPPHHPHPPHHPHPPP
394,PHPPHPPPHHHPPPHPPPPH
395,PPPHHHPPHPPHHPPPHPHP
396,PPHHPPHPPHPPPPPHHPHP
397,PPPPPPHPHHPHPPHHHPPP
398,PPPPHHPHHPPPHPHPPHPH
399,HPHPPPPPPPHHHPHPHPHP
400,HPPPPHPPPHPPPPHPHHPH
401,HHHPPPPPPHHPPPPHPHHP
402,PPHPHPHHHPPPPHPHPPHP
403,HPPPPHHHPHHPPHPPPPPH
404,PPPHPPHHPHHHHPPPPPPP
405,PPPPHHPPHPHHPPHPPPHP
406,HPHHPHPPPPPPHPPPHPHP
407,HHHHPPPHHPPPPHPPHPPP
408,PPPHHPPPHPPHPHPHPPHP
409,PHPPPHHPPHHPHPPPPHPP
410,HPPPHPHPPPPPHPPHPHHH
411,PPHHPPPPHPHPPPHPPPHH
412,HHPHPPHPPPPPHPHPHPPP
413,PHHHPPHPPHPHPPPPHPHP
414,PHPPHPPPHHHPPPPPHPHH
415,PPHPPHHPPPPPHHPHPPHH
416,PPHPHPPHPPPPHPPHPPHH
417,PPHHHHHPPPPPPPHPHPPP
418,HHPPHPHPPPHPHHPHPPPP
419,PPHHHPHHPPPPPPPHPPHP
420,PPHHHHPPPHPPPHHPPHPP
421,HHHPPHHPPPPHPPPPPHPH
422,HPPPPHHPHPPPHHHPPPPH
423,PPPHPPPPHPPPHPHHHPPH
424,PPHHPPHHPHPPPHHPPPPH
425,PHPHPPPPPPHPHHPPPHHH
426,HHPPPHPHHHPPPPPPHPPP
427,PPPHHPHPHHHHPPPPHPPP
428,HPPHPPPPPHPPPHPHPPHH
429,PHPPHHHPPPPPPPPPPHHH
430,PPHPHPHPPPPHPPHHPHHP
431,PHPPHPHPHPPPPPPHPHHH
432,PPHPHHHPHPPPPPPHHPHP
433,HPPPHPHHHHPPPPHPPHPP
434,HPPHPHPPHHPHHPHPPPPP
435,PPHHPHHPHPPPPHPHPHPP
436,PHPPHPHHPPHHPPHPPPPH
437,PPPPHPPPPPHHPHPHPHPH
438,PPHHPPHHHHPPPPPPHPPH
439,PPHPHHPPHPHPPHPPHHPP
440,PPHPPHHPHPHHPPPPPHPP
441,PHPHHHPPPHPPPPHPPHPH
442,HPHPPPPPPHHPHPPPPHHP
443,PPPPPPHHHHPPPPHHHPPP
444,HPPPPHPPHHHPPHHPHPPP
445,PPHHPPHHPHHPPPPHPPHP
446,PHHPPPPPHPHHPPPPHHHP
447,PHHHHHPPPPPHPPPPPPHH
448,PPPPHPPHPPHHPPHHPHHP
449,PHHPHPHPHPPPPPHHPPPP
450,PPHPHPPHPPPHHPHHPPPP
451,PPHPPPHHHPPHPHPPPPHH
452,HPPPHPPHHPHHPPHPPPHP
453,PPPPPHHPPHHPPHHPHPPH
454,HHPHHPHPPPPPPHPHPPHP
455,PPPPPHPPHPPPPPHHHHPH
456,PPPPHPHHPHPPPPPHPHPH
457,PPHHHPPHPPHPHPPPPPHH
458,PHPPHPHPPPHPPPHHHPPP
459,PHPPPPHHPPPHPHPHHPHP
460,PHHPHPPPPHHHPHPPHPPP
461,PPPHHPHPHPPHPPPPPHPH
462,HPPPHHPPHPPHPPPPHHPP
463,PHHHHPHPPPPPHHPPHPPP
464,PPPHHPPPHHPPHPHHPPPP
465,PPPHPPPPHPPHPPHPHHHP
466,PPHPPHHPPHHHPHPPPHPP
467,PPHPPPHHPPHPHPHPPHPP
468,PPPPHPHPPPHPHPHPPHHP
469,HHPHPPHPPHPPPHPPHPPP
470,PHPPHPPHPHPPPHPHHHPP
471,HHPHPPPPPPPHPHHPPHPP
472,PHPPHHPHPHPHPPPHPPPP
473,PPPHPPHHHPHHHPPHPPPP
474,PHPHPPHHPHPPPHPPHPHP
475,PPHHPPPPPHPHHPPHHPPP
476,HPHHHPPPPHHPPPPPPHPP
477,HPPPPHPPPPHHHPPPHPHH
478,PPHPPPPHPPHHPPPHPPHH
479,HPPHPPHPHPPHHPPHPPPP
480,PPPHHPPPPHPPPHPHPHHH
481,PHPPPPHHPHPPPHHHPPPP
482,PHHPPPPPHPPHPHPPHHPH
483,HPHPHPHPHPHPPPPHPPPP
484,HHPHPHPPPPPPPHHPHPHP
485,HHPHPHHHPHPPPPHPPPPP
486,PPPPHHPHPHPPHPPPHPHP
487,PPHHHHPPHPHPHPHPPPPP
488,HHHPPPPPHHHPPPPPPHPH
489,HHPPHPPPPHHPPPPPPHPH
490,HPHPPPPHPHPPHPHHHPPP
491,HPHPHPPPHHHPPPPPHPPP
492,PPHPPHPHPPPPPHHHPHPP
493,HHPPHPHPPPPPPPHPHHPH
494,PHHHPHPPPPPPHHPPPPPH
495,PHPHHHPPPPHPPHPPPPHP
496,PPHPHPPPPHHPPPHPHPHH
497,PPPPHPPPHHHPPPHHHPHP
498,HPPHHPHHPHPPPPPPHHPP
499,HPHPPPPPHPHPPHPPHHHP
500,PHPPPPPPHHHPPHPHPPHP
501,HHPPHPPPPPPPHHHPPPHP
502,HHHPHPPPPPPHHPPPPHPP
503,PPHPPPPHHHPPHPHHPPPP
504,PPHPPPPHHPPHPPPHHPHP
505,HPPPPPPPHHPPHPPHHPHP
506,PPPHHHHPHPHPPPHPHPPP
507,HPPPHPHPPPPHPHHPPHPP
508,HPPHPPPPHHPPHPPPHPHP
509,PHHHHPPPHHPPPHHPPPPP
510,HHHPPHPPPPPPPPHPHHPP
511,PPPPHHHHPHHHPPPPPPPH
512,PPHPPPPPHPHPPHPHPPHH
513,PHHHPPPPPHPHHPPPPPPH
514,HPHHPHHPPPPPPPPPPHHH
515,HPHPHPPPHPPPHPHHPPPP
516,HPPPHHPPHPPPPPHHPPHH
517,PPHHHHPHHHPPHPPPPPPP
518,HPHPHPHPHPHPPPHPPPPP
519,PHPHPPPPPHPHPPPPHHPH
520,PHPHPPPHPPHPPHPPHHPP
521,PPPPPHHHPPPHHPPHPPPH
522,PPHPHPHPHHPHPPPPPHHP
523,PHPPHPPPHPPPHHPHHPPH
524,PHPHPPPPHPHPPPHPPHHP
525,HHPPHPPPPHPPPHPPPHHP
526,PHPHPPPHPPHPPPHPHHHP
527,PHPPHHPPPHHHHPPPPHPP
528,PPHPHPPPHPHPPPHPHHPP
529,PHPHPPPPPHHPPHHPPPPH
530,PHPPPPPHPPPPHPHHHHPP
531,PHPPPHPHPPHPHHPHPPHP
532,PHPHPHHPPPPPHPPHHPPH
533,PPPHHPHHPPPHPPPPHHPH
534,HPPPHHPPHPPPPHPPPHHP
535,PPPHPPHPPHPHPHPHPHPP
536,PHPPPPPHHPHPPHPHPPPH
537,HPHHPHHHPHPPPPPPPPPP
538,PPHHPPPPPPHHHHPPPPHP
539,HHHPPHPPPPPPHPPPHPHH
540,HPHPPPHPPPPHPHPPPPHH
541,PPHPPPPPHHPPHPHPHPPH
542,PPPHHPPPPHHHPHPPPHHP
543,HHPPPPHPPPPPHPPHPPHH
544,HHPHPPPHPHPHPPPPHPPH
545,HPPHPPPPPPHPPHPPHHHH
546,PHHPPHPHPPPPHPPPHPHP
547,PHPPHPHPPPHHPPPHPPHH
548,PPHHPHPHPPPHHPHPPPPP
549,PHHPPPPHHPPHPPPHPHPP
550,PHHHPPPHPPPHHPPHPHPP
551,PHPPPPPPHHHHPPPHPPHH
552,HPHPPPPPPPPHPPHHPPHH
553,HPHPPPPPPHHPHHPPPPHP
554,PPPHHHPPPHHPPPPPPPHH
555,PHPHPHPPHPPPHPPHHPPP
556,PPHHHPPHHPHPPPPPPPHP
557,PHPPHHPHPHPPPPHPHHPP
558,PPHPPHPHHPPPHPHPPPPH
559,HPHPPPHHPPPPHPPPHHHP
560,HHHPPPPPHPPPPHPHPPHH
561,HPPPPHPHPPHPPHPHPHPP
562,HHPPPHPPHHPPPHHPPPHP
563,PPHPHPHPPPPPPHHHPPHP
564,PHHPPPPHPHHPHPPHHPPP
565,PPHPPHPHPPPHHPPPHPPH
566,HHHPPPPPPHHPPHHPPPPP
567,PHHPPPHPPHPHHPPPHHPP
568,PHPPHHHPPHPHPPPHPHPP
569,PHPHHPPHPPHPPPPHPHPP
570,PPPPHHHPPHHPPPHHHPPP
571,HHPPHPHPPPHPPPPPPPHH
572,PPHPHPPHPPPHHPPPHHPP
573,HPHPHPHHPPPPHHPPHPPP
574,HHPPHPHPPPPPHPHPHPPH
575,PPPPHPPHPPPHHPPHHPPH
576,HPPHHHPPPPPPPHPHHPHP
577,PPHPHPPPPPHHHPHPHPPP
578,PHPHHHPPHPPPPHPPHPPP
579,PPHHHHHHPPPPHPPHPPPP
580,PPHPPPPHHHHPHHPHPPPP
581,HHPPPHPPPPPPPHHPHHHP
582,HPHPHPPPPPPHHPHPPPHP
583,PHHPHPHPPPPHPHHPPPPH
584,PPHPPPHHHPPPPPHHHHPP
585,PHHPPPPHPPPPPPPHHHHP
586,PPPPPPPPHPHPPHHHHHPP
587,PHPHPPPHHPPHPPHPPPHP
588,HPPHPHPPHPHPPPPPPHHH
589,HPPPHHHHPPPHHPPPPPHP
590,HPHHPHPPPHHHPPPPPPPP
591,PHHHHHHHPPPPPPPPPHPP
592,PPPPPHHPHPHPHPPPPHHH
593,PHPPPHHPHPHPPHPPPHPP
594,HHPHPPPHPPPPHPHPPPHP
595,PPHHHHPPPPHHHPPHPPPP
596,PPPPHPHHHPPPHPPHHPPP
597,PHHHPPPHPHPPPHHHPPPP
598,HPPPHPHPPHPPHHHPPPPP
599,PPHHPPHPPPPPHPPHHPPH
600,PHPPPHPHPHHPHHPPHPPP
601,HPPPPPPPPPHHHHHHPPPH
602,PPPPPPHHPHPPPPHPHHHP
603,PHPHPPHHPHHPPPHPHPPP
604,PHPPHPHPHPHPHHPPPHPP
605,PHPPPPPPPPHPPPHPHHHH
606,PHHHPHPHHPPPPPHPHPPP
607,PHPPPPPPHHPPPHHPPHHP
608,PPPPPPPHPPHPHPHPHHHH
609,HPPPHPHHHPPHPHPPPHPP
610,PHPHPPHHHPPPPPHPHPHP
611,PHHPPHPPHHPPPPHPHPPP
612,PHPHPPHPPPHHPHHPHPPP
613,HPPPPHHPHPPHPPHPPPPH
614,HPHHPPPHHHPPHPPHPPPP
615,PPHPPPHPPHPHPPHPPHPH
616,PPHPHPPHPHPHHPPHPPPH
617,PHPHPPHPPPHHHPPPPHPP
618,PPHHPHPPHHPPHHPPPPHP
619,PPHPPHPPHHHPPPHHPPPH
620,PHPHPPHPPPHPHPPHHHPP
621,PHPPPPPPHPHHPHHPHPPP
622,PPHPPPPHHPPPHPHHHPHP
623,PPPHPPHPHPPPHHPHPPHP
624,HPHHHHPHPPPPPPPHPPPP
625,PPPHPPPHHHPPHPHHPPPH
626,PPPPPHHHPHPPHPPHHHPP
627,HPPPPHPHHPPPPPHPPHHP
628,HHPHPPPPPHPPPHPHPHHP
629,PPHHPPPPHPHPHHPPPHHP
630,PPHPPPPHPPPHHPHHHPHP
631,PHHPPHPPPPHPPPPPHHHP
632,PPHHPHPPHHPHPHPPHPPP
633,PPHHPPPHPPHPPPHPPHHP
634,HHHPHPHPHPPPPPPPPHPH
635,PHPHPPPPPHPHPPPPHHHH
636,PPPPPHHPPPPHHPPHHPPH
637,PPPPHHHPPPHPHPPPPHHH
638,PPPPPPHPHPPHPHHPPPHH
639,PHPHHHPPPHPPPPHPPPHH
640,PPPPHHPPPPPHPHHPHPHP
641,HHPPPPPPHHPPHHPPHPPH
642,PPHHPPPHPPPHHHPPHPPP
643,PHHPHPHPPHPPPHPPPHHP
644,PPPPPHHHPPPPHHPHPHHP
645,PPPPHHPHPPPHHPPHHPPH
646,PPPPHHHHHHHPPPHPPPPP
647,HPPHPHPPPHPPHPHPPPHP
648,PHPHHPHHPPPPHHPPHPPP
649,PPPHPHPHHPHPHHPPPHPP
650,HPPHPHHPPPPHPPPHPPHP
651,HHHPPHHPPPHPPPHHPPPP
652,PHPPHHPHPPPHHPPPHHPP
653,HHPHPPPHPHHPPHPHPPPP
654,HPPPPPHHHPPPPPHHPPPH
655,HPPPPHHPPPPPPHHPPPHH
656,PPPHHHPPPHPPPPHPPHPH
657,PPHHHHHHPPPPPPPPHPHP
658,HPHPPHPHPPHPPPPPPHHH
659,PHPPPPPPHPPPHHHHPPPH
660,PHHPPPHPPHPHHHPPPPPP
661,PHPPPHPPHHPPPPPHPHHP
662,PHPHPPHPPHPPPHPPPHHH
663,PPHPHHPHPPHPPPHPPPHP
664,HPPPHHPHHPPHPPPPPHPP
665,PPHPPPHPHPPPPHPHHHPP
666,PPPHHPPPHPPHPPPHPHHP
667,PPPPHPHHHPPHPPPPPHPH
668,HPPPPHPHPHHPPHPHPPPP
669,PPPHPPPPPPHPHHHHPHPP
670,HPPPPPPHHHPPPPHHHPPH
671,PPHHHHHPPPHPPPPPHHPP
672,PHHHHHPHPPHPPPPPPPPH
673,PPPPPPHHPHPHPHHHPPPP
674,HPPPHHPHPHPHPPPPPPHH
675,PPHPHPPPPPHHPPHPHHPH
676,PPPPHHPPPPHPHHPPPHHH
677,HPPPPPPHPPHPPHPPHHHP
678,HPPPPPPHPPHHHPHHPPHP
679,HPHHPPPPPHPPHHPHPPPP
680,PPHHPPPPPHHHPPPPHHPP
681,HHHPPHPPPPPPHPHHPPPP
682,HPHHHPHPPPHPPPHPPHPP
683,PPPPHPHPHPPHPHPPHPPH
684,HPHHPHPHHPPPPPPPHPPH
685,HHHPHHHPPPPPPPPPHPPH
686,PHPPPHHHPPPPPHPPHPHH
687,PHPHPHPPPPHPPHHPHPHP
688,PHPHPPPHPPPPPHPPHPHH
689,PPHPPPPHPPHPPHPHHPHH
690,PHHPHPPPPHPPHPHHHPPP
691,HPPHPPPPPHPPPHPPHHHP
692,PHHPPPPPHHPPHHPPHPPP
693,PHHPPPPPHPHPHPHPPHHP
694,HPHPHPHPPPPPHPHPPHHP
695,PPPPPPPHHHHHHPPHPPHP
696,HPPHPPHPPHPPPHPPHHHP
697,HPHHPPPHPPPPPHHPPPPH
698,HPPHPPPHPPPPHHPHPPPH
699,PPHHPPHPPPPPPPHPHHHP
700,PPHPHHPPPPPHHHPPHHPP
701,PHPHHPHPPPPPHHPHPHPP
702,PHPPPPPHHPHPPHHPPHPP
703,PHPHHHPPPHHPPHPPHPPP
704,PHPPPPPPPPHHPPPHHHHH
705,PPHHPPHHPPPPHPPPHPPH
706,PHPPPPPHPHHPPHHPPPHH
707,PHHHHPPHHPPPPPHPPPPH
708,PHPHPHPPPHPPPHHPPHHP
709,PHPHPHPHPHPPHPHPPPHP
710,PPPHPHHPPHPPHPHPPPHP
711,PPPHHPHPHHHPPPHPPPHP
712,PPHPPHPHPPHHHPPPHPHP
713,PHHPHHHPPPHPPHPPHPPP
714,PPPPPPPPPHPHHHPHPHHP
715,HHPPHPPPPHHPPPHPPPHH
716,PPPHHPHPPPPHHPHPPPHH
717,HPPHHPPPHPPPHHPPPHPP
718,PHHHPHPPPHPPPHHPPPPP
719,HPPHPHHHPHPPPPPPPPHH
720,PPPHHPPHHPPHHPPPPHPH
721,HPHPPHPPPPPHPPPHHHPH
722,PPHPHPHPPHPHHPPPHPPP
723,PPPPPHHPHHPPHHHPPHPP
724,PPHPPPHPHPPPPPPHHHPH
725,HHHHPHHPHPPPPPHPPPPP
726,PHHPPHHPHPPPPPHHPPPP
727,HPPHPHPHHHPPPPPHPPPP
728,PPHPPPHPHPPHHHPPPPHP
729,HHPHPHPPPPPHPPHHPHPP
730,PPPHPHPHPHPPHHPPHPPP
731,HPPPPHPHPPPHHPHPPHPP
732,PPPHHPPPHPHPPHPHPPPH
733,PHPHPPPPPPHPPPHHPPHH
734,HHHHPPHPPPHPPPPPHHPP
735,PHPHPPPPPPHPHHHPHPHP
736,PHHHPPPPHPPPPPPHPHHP
737,HHHHPPPPHPPPPPPHPHHP
738,PHPPHPPPPHHHHHPPPPPH
739,HPHPPPPHHPPHPHPHPPPP
740,PHPPPPPPPHPPPHHHPHHH
741,PHHHPPPPPHPHPPPHPPPH
742,PPHHPPHHHPPPPPHPPHPP
743,PPHPHHPPHHPHPPPPPPHP
744,PPHPHHPHPPPPPPPHPPHH
745,HHPPHHPHPPPHPPPPHHPP
746,HPPPHHPHPHPPPHHPPPHP
747,PPPPHPPPPHHHPHPPHPHP
748,PPHHPPHPHPPHHPPPPHPP
749,PHPPPPPPHHPPPHHHHHPP
750,HPHHPPPPPPPHPHPPPHHP
751,HHPPPPPHPHPHPHHPPPHP
752,HPPHPPPPPHHPPHPHPHPP
753,HHPPHPPPHPPHPPHPHHPP
754,PPPHPHHPPPHPPPHHPHPP
755,PPPHHPHPHPHPPHHPHPPP
756,PHPPHPPHHHPHPPPHHPPP
757,PPHPHPHPHPPHHPHPPHPP
758,HPPPPHPPPPPHPHPPHHHH
759,PPHPPPPHHPHPHPHPPPHH
760,PHPHPPPHPHPHPPHHPPPP
761,PHPHHPPHPPHPPHHHPPPP
762,PHPPPPPHPHHHPHPPPPHH
763,PPPPHPHPHHHPHPHHPPPP
764,PPHPHPPPHPHHPHPPHHPP
765,PHPHPHPHHPHPPPPPPHPP
766,HHPPPHHPPPPPPHHPPHHP
767,PHPHPPHHPPHPPHPPHPPP
768,HPHHHPPPPPPPPHHHPPPP
769,HHPHHHHPHPPPPPPPPPHP
770,HPPPPHPPPPHHPHPHPHPP
771,HPPPHHPHHPPPPHPPPPHH
772,PHHHPPHHHPPPPHPPHPPP
773,HPPPPPPPPHPHPHHPHPHH
774,HPHPPPPHHPPHHHHPPPPP
775,PHPPHPPPHPPPHPPHHHPP
776,HHPPHHPHPPPPHPHPPHPP
777,HPPHHPHPPHPPPPPHHPPP
778,HHPPHPHPPPPPPHPHPHPP
779,PPPPPHHPHPPHPHPPPHHH
780,PPPHPHPPPHHHHPPHHPPP
781,PPHHPPPPHPPPPPHPHPHH
782,PPPPPHPHPHPPHPPPPHHH
783,HHPHHPPPPPPHHPPHPPPP
784,HPPHHHHHHPHPPPPPPPPP
785,PHPHHPPPHPPHHPPPPHPP
786,PPPHPPPHHHPPHPHPHHPP
787,HPPPHPPHHPPHHPHPPPPH
788,PHHPPPHPHPHPHPPPPHPH
789,HHHPHPPHPPPPHPHHPPPP
790,PHHHPPPPPPPPHHHPPHPP
791,PPPPHPPHPHPHPHPPHPHP
792,PPPPPPHPHHHPHPHPPHPP
793,PPHHHHPPPPHPHPPPPPPH
794,HPHPHPPPHPPHHPHPPPPH
795,PPPPPPPPPPHPHHPPHHHH
796,PPPPPPHHHHPPHPHHPPHP
797,PPHHHPPPPPPPPPPHHPHH
798,HHHPHPPPPPPHPPHPHPPP
799,PPHPHPHPPPPPPPPHHPHH
800,HPPHPHPPHHHPPPPPPHHP
801,PHPHPPPPPPPHHPHHPPHP
802,PHPHHHPPPPPPPPHHPHHP
803,PPPHPPPHPPHPPPHHHHPP
804,HPPPHHHPPPHHPHPPPPPH
805,HPPPPHPPPPPHHPPHPHPH
806,HPPPHPPPHHPHPPPHHHPP
807,HPHHPHPPPPPPPHPHPHPP
808,PPHPPPHPPHHPHPPPHHPH
809,PHPPHHPHHPPPPHPPHHPP
810,HHPPPHPPHHPHPPHPPHPP
811,HHPPPPPHHHHPPPPPHPPP
812,PPPPPPHPHPHHPPHPPPHH
813,HPHPPHPPPHPHPPPHHHPP
814,HPPPPPPPHHHHHPPPHPPP
815,PPPHPPHHHPHHHPPPPPPP
816,HPPHHHPPPPPPPHHPHPPP
817,PHPPHHPHPHHPPPPPHPPP
818,HHPHPPPPPPPPHHPPHHHP
819,PPHHHPPHHHHPPPPPPPPP
820,PPPHPPPPPPPHHHPHPHHH
821,PHPPPHHPPPPHHPPHHPPP
822,PHPPPPHHHPPHHPPPPHPH
823,PPHPHPHPHPPPPPPPHHHP
824,PPPPPPPPHHHPPPHPHHHP
825,PHHPPHPPPPHHPPPHPHPH
826,HPPHPHPPHHHPPPPHPPPH
827,PHHPHHPPHPPHHPPPPPPP
828,PPHPPPHPHPPPHPHPHHPP
829,PPPHHPPPPHHPHPPPHPPH
830,PHPPHPPHPPPPHPHHPHPP
831,PPHPHHPHHPHPPPPPHHPP
832,HPHHHHPPPPPPPPPHHPHP
833,PPHHPPPPPHHPPPHPPHHP
834,PPPPPPPPPPPHHPHPHHHH
835,HHPHPPHHPPHPPPHPPPPP
836,HPPHPPHPHHPPPPPPHHPP
837,PPPPHPHPHPPHHHPPPHPP
838,PPPHPHPHPPHHPPHHPPPH
839,HPPPHPPHPPPHPHPPHHPP
840,PHHHHPPPPPHPPPPPPHHH
841,PHPHPHPPHHPPHPPHPPPP
842,HPPPPPPPPPHPHHHHHPPH
843,HHPPPHPPHHPPPHPHHPPP
844,HPPPPHPHPPPHHHHPPPPH
845,HHHPPPHPPHPHPPPPHPPP
846,HPHPPPPHPPHPHPHHHPPP
847,HHPHPHHPPPPHPPPHPPPP
848,HHPPHPHHPPHPPPPHPHPP
849,HPPPPHPPPHPPPHHPHPPH
850,PPPHHHPPPHPPHHPPPPHP
851,PHPPPHPPPPHHPHPHHHPP
852,HPPHPHPPHHPPPHPPHPPH
853,PHPPHPPHPPHPHPPPHPPH
854,PPPPHPPHHHPPHPPPPHHH
855,PPHHHPHPPHPHHPPPPPPH
856,PPPHPHPHPPHHHHPPPPPP
857,HHPPPPPHPPPPHHHPPPPH
858,HPPHHPPPPPPPPPPHHPHH
859,PPPPHPHPHPPHPPHPHPPH
860,PPHPPHHPHHPPHPHPPPPP
861,PPHHPHHHPPPHPPPHPPPH
862,PPPPHPHPPPPHPHPHHPPH
863,HPPHHPHPPHPPHHPPHPPP
864,HPHHPPPPPHPHPPPHHHPP
865,PHHHHPPPPPPPHHPPPPHH
866,PPPPPPHHPHPHPHHHPPPH
867,PPHPPHHPHPPPHPHPPHPP
868,PPPPHPHPHHPHPPHPPHHP
869,HPHPPPPHPHPPPPPHPHHP
870,HHPPPPPHHPPHPPHHHPPP
871,PPPPHHPPHHPPHHHHPPPP
872,PPHPPPPPPHPPHHHPPHHP
873,PHPPHPHPHHPPHPHPHPPP
874,HPHPPPPPPHHPPPHHHPPH
875,HPPHPPHHPPPHPPPHHPHP
876,PPHPPHPPHHPHPHHHPPPP
877,HHPPHPPPPPHPHPHPHPPP
878,HHHHPPPHPPHPPPPPPPHH
879,PPPHPHHHHPPPPPPPHHHP
880,HHPPHPHPPPHPHHPPPHPP
881,HHHPHPPHPPPPPPHHPPPP
882,PPPPPHPPPHHPHHPHPHPP
883,PHHPPPHHPPPPPPPPHHHP
884,PPHPHHPPHPPPHPPHHPHP
885,PPPHHHHHPPHPPPHPPPHP
886,PPPHPPPHHPHHPPPPHHPH
887,PPPHPPHPHPPPPHPHHHHP
888,PPPHHPHPHPHPPHPPPHPP
889,PPPPHPPHHPPPHPHHHPPP
890,PPPHPPHHPPPHPPHPHPHH
891,HHHPPPHPHPPPPHPPPPHP
892,PPPHPPHHPHHPPHPHHPPP
893,PPHPPPPHPPHPHHHPHPHP
894,HPPPHPHHPPPPPPHPHHHP
895,HPPPHPPPHPPHHPPPPHHH
896,PHPPPPPHHHHPPPHPHPPP
897,PPPHPPPHHPPPHHPPHHHP
898,HPPPPPHPHHPPHPPHPPPH
899,HHPHPPHPPPPHPPPPHPHP
900,PHPPHPPHPHPPHPHPHHPP
901,PPHPHPPPHPPHPHHPPPHH
902,HPPHHPPHHPPPPHPHPPPP
903,PPPHPPPPHHPHHHPHPPPH
904,HHHPPPPPHPPPHPPHPPPH
905,PPPPHPPPPPHHHHHPPHPH
906,PPHPPPPHPPHHHPPHHHPP
907,PHPPHPPPPPHHPHHPHPHP
908,PPPHPHPHPHPHPPPHPHHP
909,HPPPHPPPPHHHPHPPPHPH
910,PHHPHHPPPPPPPHHPPPPH
911,PHHPPPPPPPPHHPHHPHHP
912,HHHHPPPHHPHPPPPHPPPP
913,PPHHPPPHPPHPPPPPHHPH
914,PPHPHHPPPHHPPHPPPPPH
915,HHPHHPPHPHPHPHPPPPPP
916,PHHHPPHHPPPPHPHPPPHP
917,PPPPPPHHPPPHHHPPHHPP
918,HPHPPHPHPPPPPPHPPPHH
919,HHPHPHPHHPPPPHPPPPPH
920,HHHPPPPHPPPPPHPPPHHP
921,PHPHPPPPPHPPHPHHHPPH
922,PPPHHPHPPHPHPPPPHPHP
923,PHPPHHHPPPHPPPHPHPPP
924,PHPPPHHPHHPPPHPHPPPP
925,HPPPPPPHPHPPPPHPHHHP
926,HPPHPPPPPHHHHHPPPHPP
927,PPHHPPHHPPPHHPPHPHPP
928,HPPHPPPHHPHHPPPPPHPP
929,HPHPPPPHHPHPPHPPPHPH
930,HHHHPPPPHPHPPPPPPPHP
931,PHPPPPHPPPPPPHHHHHPP
932,PPPHHPPPPHHPPPPHPPHH
933,PPPPPPHHPHHPPPPPHHPH
934,PHPPHPPHPPPHPPPPHHHH
935,HHHHPPHPPHPPPPPHPPPP
936,PPHHPHPHPPHPPHHPPPPH
937,HPPPPHPHPPPHPHPHHPPH
938,PPHPHPHPPHHPPHPPHHPP
939,PHHPPPPPPHPPHHHPPPHH
940,HPPHPHPPHPPPHPPHPPHP
941,HHPPPHPPHPPHPPPPHHHP
942,HPHHHPPPHPHPPPPPHPPP
943,PHPHPPPPHHPPHHPPHPHP
944,HHHPPHPHPPPPPHPPPPHP
945,PPPHHHPPPHHPHPHPPPPP
946,PHHPPPHHPPPHHPPHPPPH
947,HPPHPPPHPHPPPHPPHHPP
948,HPPHPPPPHPPPHPPHPHHP
949,PPHHHHPHPHHPPPPHPPPP
950,PPHPPHHHPPHHPPPPHPPP
951,HHHPHPHPPHPPPPPPHPPH
952,PPPPHPHHHPPPPPHHHHPP
953,HPPPHHPPPPPPPHHPHPHH
954,PPPPPPHPHHPHHPHPPHPH
955,PPPPPPHPHPPHHPPHHHHP
956,HHPHPHPPPPPHPHPHPPHP
957,PHPPHPPHPPHPHPPPPHHP
958,PHPPPHPPHHPHHPPHPHPP
959,PPHPPPPPPHPPHHPPHPHH
960,PPPPHPHPHHHHPHPPHPPP
961,PPPPPHHHPPPHHPHPHPPP
962,PHHPHHHHPPPPPPPPPPHH
963,HHPPPPPHPPPHPHHPHPPH
964,PHPPPPHPHHPHHPPPPPHP
965,HPPHPPHHHHHPHPPPPPPP
966,HHPPHPPHHPHPPPPPPHPH
967,PPPPPPHHPPPPHHHHHHPP
968,PPHPHPHPHPPPHPPHPHPP
969,PPHHHPPPPHHHPPPPPPHP
970,PPPHHHHPHHPHPPHPPPPP
971,PHHPPPPHPPPPHHHPPPHH
972,PPPHHHHPPPPHPHPHHPPP
973,PHPPPHHPPHHHHHPPPPPP
974,PPHHHPHPPPHHPHPPHPPP
975,HPPHPPPPPPPPHHHHHHPP
976,PHHHPPPPPPPPHHPHPPPH
977,PHPPPHPHHPHHPPPPPPPH
978,HPPPPPPPHHHPHHPHPPPH
979,HPPHPPPPPPPHHPPPPHHH
980,PHHPPPHHPPHPPPHHHPPP
981,HPHPHHPPPPHPPPPPHHPP
982,HPPPHHPHPPPPPPHPHPHH
983,PPPPHHPHPPHHPHPPPHPH
984,PPPHPHPPPPHHHPPHHPPH
985,HPPPHPPHHHHPPHPHPPPP
986,HPPPPPHPPHHPPHPPHHPP
987,PPPPPHPPHHPPPHHPHPHP
988,PPPPHPPPPPHHHPHHHPHP
989,PHPPPPHPHPPPHPHHPPHP
990,HPHHPPHPPPHHHPPPPPHP
991,HPHHPPHPPPHPHHPPPPPP
992,HPPPPHHHPHPPHPPPPPHP
993,HPHPPPPPPHPHPHPPHHPP
994,PPPHPPHPHPPPHPPPPHHH
995,HHPHPPHPPHPHPPPPPPHP
996,HPPHPHPPPHPPHHHHPPPP
997,HHPHPPHHPPPPPHPPHPHP
998,PPPHPHHPPPPHPHPHHPPH
999,PPPPPHPPPPHHHPPHPHHP
1000,HPPPPPHPPPHPPHPPPHHH
