id,sequence
0,HHPHHHHHHHHHHHPHHPHP
1,PPHPHHHHHPHHHHHHHHHH
2,HHHPHHHHHHHHHHPPHHPH
3,HHHHHHHPHPPHHHHHHPHH
4,HHPHPHHHPHHPHHHHHHHH
5,HPHHHHPHHHHHHHHPPHHH
6,PHHHPHHHHHHPHPHHHPHH
7,PHPHHHHHHHHHHHPHPHHH
8,HHHPPHPHHHHPHHHHPHHH
9,HHPHPHHHPHHHHHHPHHPH
10,HPHHHPHHHHHPHHHPHHHP
11,HPHHHPPHHHHHHHPHHHHP
12,HPHHHHHHHHHHPHPHPHHH
13,HHPHHPHPHHHHHHPHHHHH
14,HHHHHPPHHHPHHHPHHHHH
15,PHHHHHHHPHHHPHPHPHHH
16,HPHPHHHHHHHHPHHPHHHH
17,HHPHHPHHPHHHHHPHHHHP
18,HHPHHPHHHHHHPHHHPHHH
19,HHHHHHPHHHHHHPHHHPPP
20,HPPHPHHHHHHHHHHHPHHH
21,HPPPHPHHHHHHHHHPHHHH
22,HPHHHPHHPHPHHHPHHHHH
23,PHHHHHPHHHHPHHHPHHHH
24,HPHHPHHPPHHHHHHPHHHH
25,HHHHHPHPHHHPHHHPHHPH
26,HHHHPHHPHHHHHPHPHHHH
27,HHHHPHHHHHPPHHHHHPPH
28,HPHHPHHPHHHHPHHHPHHH
29,HHHPHHHHHHPHHHPHHHHP
30,HHHHHHPHHPPHHHHPPHHH
31,HHHHHPPHPHHHPHHHHHHH
32,PHHHHHHHHHPHPHHHPHHH
33,HHHPHHPPHHHHHPHHPHHH
34,HHHHHHPHHHHPPHHHHHHP
35,PHHHHHHHHHPPHHPHHHHH
36,PHHHHHPHHHPHHPHHPHHH
37,HHPHHHHHHHHPHHPPHHPH
38,HHHHHHHHHHHPPHPPHHHH
39,HHHHPHHHHPPHHHHHHHHP
40,HHHHHHHHHHHHPHHPHHPP
41,HHHHHHHHHHHPHPPHHPHP
42,HHHHHHHHHPHHHHHHHPPP
43,HHPHHHPHHPHPHHHHPHHH
44,HHHHHHHHHHHHHPHPPHPH
45,HPHHPHHHHHHHHHPHHHHP
46,HHHHHHHHHPHPHHPPHHPH
47,HHHPHHPHHHPHHHHHHHPP
48,HHPHPHHPHHPHHHHHHHHH
49,HPPPHHHHHHHHHHHHHHPH
50,HHHHPHHHHHHPHHPHHHHP
51,PHHHHHHHHHHHHPPHPHHH
52,HHPHHHHHHHHHPHPHPHHH
53,HPPHPHHPHHHHHHHHHHHP
54,HHHPHHHHHHHHHPHHPPHH
55,HHHHHPPHHHPPHHHHHHHH
56,PPPHHHHHHHHHPPHHHHHH
57,HHHHPHHHHHHHHHPPHHPH
58,HHHHPHHHHHHHHPHHPHHP
59,PPHHHHHHHPHHHHHHHPHH
60,HHHHHHPHHPPHHHHPHHPH
61,HHHHHPHHHPHPHHHPHHHH
62,HHHHHHHHPPHHHPHPPHHH
63,HPHPHPHHHHHHHHHHHHHP
64,HHPHHHHHHHPHHHHHPHHP
65,PHHHHPHHHHPHPPHHHHHH
66,HHHHHHHPHPHHPHPPHHHH
67,HPHHHHHHHHHHPPPHHHPH
68,HHHPHHHHHHPHHHHHHPHP
69,HHHPHHHHPHHHHPHHHHHP
70,HHHHHHHPHHHHHHPHPHPH
71,PHHHHHHHPHHHHPPHHPHH
72,HHPHHHPHHHHPHHHPHPHH
73,HHPPHHHHHPHHHHHPHPHH
74,HHHPHHHPHHHPHHPPHHHH
75,HHPHHHPHHHHPHHHHHPHP
76,HHPPHHHPHHHHHHHPHHHH
77,PPHHHHHHHHHHHHHPPHHP
78,HHPHPPHHHHHHHHPHHHHH
79,PHHHHHPHPHHHHHPHHHPH
80,HHPHHHHHHHPHPHHPHHHH
81,HHHHHPHHHHPHHPHPPHHH
82,HHHHHHHHPHHHHPPHHHHP
83,HHHHHPPHHHPHHHHPHHHH
84,HHHHHHHHPHHPPHHPHPHH
85,HHHHHHHHPHHHHHHPHPPH
86,PHHHHHHHHPHPHHHHHHHP
87,PPHHHHPHHHHHHHPHHHHH
88,HHHHHPHHHHHHHPHHPHPH
89,PHHHHHHHHHHPHPHHHPHH
90,HHPHHHHPHPHPHHHHHHHH
91,HHPHPPHHHPHHPHHHHHHH
92,PHHHPHPHHHHHHHHPHHHH
93,HHHHHHHHHHHPPPHHPPHH
94,HHHHHHHHPPHHHPHHHPHH
95,HPHHHHHHPHHHHPPHHHHP
96,HHPPHHHHHPHHHHHPHHHP
97,HHHHPPHHHHPHHPHHHHHH
98,HHPPHHHPHHHHPHHHHPHH
99,HHHHHHPHHHHHHPHPHPHH
100,HPHHHHPHHHHHHHPPHPHH
101,HHPHPPPHHPHHHHHHHHHH
102,HPPHHHHHHHHHHHPHPHHP
103,PHHPHHPHHHHHHPHHHHHH
104,PHHHHHHHHPPHHHPHPHHH
105,HHHPHHHHPHPHHHHHPHHH
106,HHHHPHHHHHPHHHHHPHPP
107,HHHHHHPPHHHHHHPHPHHP
108,HHHHHHHHHHHHPPHHPHPH
109,HPHHHHHPHHPHHPHHHHHH
110,HHPHHHHPHPHHHHPHHHHH
111,PHHPHHHHHHHHHPHPHHHH
112,HPHHHHHHHHHHHPHHPHPP
113,HHHHPHHPHPHHHHHHHPHH
114,PHHHHHHHHHHHHPPHHHHP
115,HHHHPHPHHHHHHPHHHHHP
116,HHPHHHHHPHHHHHHHPHPP
117,PHPHHHPHHHHHHHHHHHPH
118,HHHHPHHHHHHHPHHPHPHH
119,HPHHHHPPHHHPHHHPHHHH
120,HHHPHHHHHHHHPHPHPHHH
121,HHPHHHHHHHHHHPHHPPHH
122,HHPHPHHHHHHHHPHHHHHP
123,HPHHHPPPHHHHHHHHPHHH
124,HHHHPHHHHHHPHPHHPHPH
125,HHHPPHPHHHHHHHPHPHHH
126,HHHPHPHHHHHHHHPPHHHH
127,HHHHHHHPPHHHHHHHHPHP
128,HPHHHPHPHHHHPHHHHHHH
129,HPHHHHHPHHHPHHPHHHHP
130,HHHHHPHPHHHHHHPHPHHH
131,HHPHPHHHHPHHHHHPHHPH
132,PHHHHHHHHHPHPHHPHHPH
133,PHHHHHPPHHHHHHHHPHPH
134,HHPHHHHHHHHPHHHPHPHP
135,HHHHHHHHHHPPPHPHHHHP
136,HPHHHHHPHHHHHPHPHHHH
137,HHHHHHPHHPPHHHHHPHHH
138,HHHHHPHHHHHHPHHPPHPH
139,HPHHHHPHHHPHPHHHHHHH
140,PPHPHHHHPHHHPHHHHHHH
141,HHHHHPHHHPHPHPHHHHHH
142,HHHPHHHHPHHHPHPHHHHP
143,HHHHHHPHHHHHPHHHHPPH
144,HHHPPHHHHHHPHHHHHHHP
145,HHHHHPPHHHHHHHHHHPPH
146,HHPHHPHHHPHHHHHHHPPH
147,PHHPHPHHHHPHHHHHHHHH
148,PHHHHPHHPHHHHHHHHHHP
149,HHPHHHPHHPHHHHPPHHHH
150,HPPHHHHHHHPHHHHHHHHP
151,PHPHHHHPHHHHHHHHHHPH
152,HHHHHPPHHPHHHHPHHHPH
153,HHHHPHHHHHHHHPHHPHPH
154,HHHHHPPPHHPHHHPHHHHH
155,HHHHPHHPPHHHHHHPHHHH
156,HHPHHHHPHHHHPPPHHHHH
157,HHHHHPHHHHPHHHHPPHHH
158,PHPPPHHHHHHHHHPHHHHH
159,HHHHHHPHPHHHHPPHHHHH
160,HHHHHPHPHHHPHHPHHHHH
161,HHHHHHHHHHHPPHHPPPHH
162,PHHPHHHPPHHHHHHHHHPH
163,PHHHHPHHHHPHHHHHHHHP
164,PPHHHHHHPHHHHHHHPHHH
165,PPHPHPHHPHHHHHHHHHHH
166,PHHPHHHHHHPHHPHHHHHH
167,HHPHPHPPHHHPHHHHHHHH
168,HHHHHHPHPPHHHHPHHHHP
169,HHHHHHPHHHPHPHHHPHHH
170,HHHHHHHHPHPHHHHPHHHP
171,HPHHPHHPPHHHHHHHHHPH
172,HHHHHHHHHHHHPPHHHPPH
173,HPPHPHHHHHHHPHPHHHHH
174,HHHHHHHPHHPHHHHHPHPH
175,HHHHHHHHHPHPHHPHHPHH
176,HHHHHHPHHHPHPPHHPHHH
177,PHHHHHHHPHHPHHHHHPHH
178,PHHPHHHHHHHHHHHPHHPH
179,HHHPHHHHPHHPPHHPHHHH
180,HHHHHHHPHHHPHHHHHHPP
181,HHPPPHHHHPHHHHHHHPHH
182,HHHHHHPHHHHHHPHPPPHH
183,HPHHHHHHPHHHHPHHHHHP
184,HPHHHPHHHHHHHHHHHPPH
185,HHHHHHHPPHHHHHHPHHHP
186,HPHPHHHHPHHHPHHPHHHH
187,HHPPHHHHPHHHHPPHHHHH
188,HHHHHHHHHHPPHHHPHHPP
189,HHHHHHHHHHPPHHHPHPHH
190,PHHPHHHHHHHHPHHHHHHP
191,PHHHHHHHHHHHHPPHHPPH
192,HHHHHHPHHHHPHHHHHPPH
193,HHHHHHHHHPHHPHHHPHPH
194,HHPHHPHHHPPHHHHHHPHH
195,HHHHHHHHHPHPHPHHPHHP
196,HHHHHHHHHHPPPHHHHHPP
197,HPHHHPHHPHPHHHHPHHHH
198,HPHHHHHHHPHPHHHHHPHH
199,PPHHHHHHHHHPHHPHHHHH
200,HHHHPHHPHPHHHPHHHHHH
201,HHHHHHHPPHHHPHHHPHHP
202,HHHHHHHHHPHPHHHHHHPP
203,PPHHHHHHHHHHHHHPHHPH
204,PHHHPHHHHPPHHHHHHHHH
205,HPHHHHHHHHPHPHHHHHHP
206,HHHPHHHPHHPHPHHHHHHH
207,HHHHPHPHPHHHPHHHHHHP
208,HPHHPHHHHHPHHHPHHHHH
209,HHPHPHHPHHPHHPHHHHHH
210,HHPPHPHPHHHHHHHHHHHH
211,PHHHPHHHHHPHHHHHHHHP
212,HHPPHHHHHHPHHHPHHHHH
213,HHHPHHHHPHPHHHHHPHHP
214,HHHPHHHPHHHHHHPHHPHH
215,HHHHHHHPHHHPPHPHHHHH
216,HHHHPHHPPHPHHHHHHHPH
217,HHHPPHHHHHHHPHPHHHPH
218,HHHPHPHHHHHHHPHHHHPH
219,HPHHHHHHPHHHPHHHHHPH
220,HHHHHPHHHHHHPHPPHHHH
221,HHHHHHPHPHHHHHHPPHHH
222,HHHHHHPHHHHHHHPHHHPP
223,HPHHHHHPPHPHHHHHPHHH
224,HHHHHHHHHHPPHHPHPPHH
225,PHHHHPHPPHHHHHHHHHHP
226,HPPHHHHHHHPHPHHHHHHH
227,HHPHHHPHHHHPPHHHHHHH
228,HHHHPHHPPHPHHHHHHHHH
229,HHHHHHHPHHPPHHHPHPHH
230,PPHHHHHHHHPHHHHHPHHH
231,HHHHPHHPPHHHHHHHPHHH
232,HHHHHHHHHHPHPHHHPPHH
233,HHPPHHHHPHHHHHHPHHHH
234,HPHHHHPHHHHPHHHPPHHH
235,HHHHHHHPHPPHHPHHHHPH
236,PHHHHHHHPHHHHHHPPHHH
237,HHHHHHHPHPHPHPHHHHHH
238,HHHPPPHPHHHHHPHHHHHH
239,HHHHHHHHPHHPHHPHHHHP
240,HPHHHPHPHHHHHHHHHPHH
241,HHHHHHHHHPPHHPHHHPPH
242,HPHHHHHHHHHPPPHHHHHP
243,HHHHPHPHPHHHHHHHPHHP
244,HPHPPHHHPHHHHHHHHHHH
245,HHPPHHHHHHPHPHHHHHHH
246,PPHPPHHPHHHHHHHHHHHH
247,HHHPHHHHHHPPHPHHHHHH
248,HHHHPHPHHHHPHHHPPHHH
249,HHHPHPHHHHHHHHHPPHHH
250,HPHHPHHPHHHHPHHHHHHP
251,HHPHHHHHHHPPHHHHHHPP
252,HHHHHHHHHPHHPHHPPHPH
253,HPHHHHHHPHHPHHHHPHHH
254,HHHHHPHPHPPPHHHHHHHH
255,HPHHPHPHHHHHPHHHHHHP
256,HHPHHHHHHHPHHHHHPHPH
257,HHPPHHHPHHHPHHHPHHHH
258,HHHHHPHHHPHHPHHHPHPH
259,PHPHHHHHHHHHHHPHHHPH
260,PHHHHHHPHHPHHHHHPHHP
261,HHHPHPHHPPHHHPHHHHHH
262,HHHHHHHHHPHHHHPPHPHH
263,HHHHHHHPHHPHHHPHHPHH
264,HPHPHHHHHHPHHPHHHHPH
265,PHHHHHHPHHHHHHHPHHPP
266,HHPHHHHHHHHPPHHHHHPH
267,PHHHHHHPHHHHPHHHPHHP
268,HHHHPPHHHHHHHHHHPHPH
269,HHHHHHHHHHHHPHHHPPPH
270,HHPHHHHHPHPHHPHHHHPH
271,PHHPHHPHHHHHHPHHPHHH
272,PHPHHHHHHPHHHHPHPHHH
273,HHPHHHHHPHHPHHHHHHHP
274,HHHPHPPHHHHHPHHHHPHH
275,HHHHHHHHHPHHPPHHHPHH
276,HPHHPHHHHHHHHHHHHPPH
277,PPHHHHPHHHHHHHHPHPHH
278,PHHPHPHHHHHHPHHHPHHH
279,PHHHHHHHHHHPHHPHPHHH
280,PHHPHHHPHHHHHHHPHHHH
281,HPHHHHHHHHHPHHHHHHPP
282,HPHPHHHPHPHHHHPHHHHH
283,HHHHHHHPHHHPHHHHHPHP
284,HPHHHHHHHHHPHHPHPPHH
285,HHHHPPHHHHHHHHPPHHPH
286,HHHHHHPHPHPHHHHHPHHH
287,HHHHPHPHHHHHHHPHHHHP
288,HHHHHHPPPHHHHHHHHHPH
289,HHHHPHHHHPHPHHHHHHHP
290,HHPHHHHHHPPPHHHHHPHH
291,HHHHHHHHHHPHPHPHHPHH
292,HPHHHPHHHHHPHHHHHHPH
293,PHHHHHPHPHHPHHHHHHHH
294,PHHHHHPHHHHHHPPHHHHH
295,PHHHHHHPPHHHHHHHHPHH
296,HHPHHHHHHHHPHPHHPHHP
297,HHHHHHHPHPHPHHHPHHHH
298,HHHHHHPPPHHPPHHHHHHH
299,HHPHHHHHHHPPPHHHHHPH
300,HHHHHPHPHHHHPHPHPHHH
301,HHPHHPHPHHHPHHHHHHHH
302,HHPHHHPHPHHPHHHHHHHP
303,PHHHPHHPHHHHHHHPHHHP
304,PPHHHHHPHHHHHHPHHHHP
305,HHHHHHHPHHHHPHPHHPPH
306,HHPPHHHHHHPPHHHHHPHH
307,HHHHPHPHHPHHPHHHHHHH
308,HPPHHHHHHHHHHHHPPHHH
309,HHHPHHHHHHPHPHHPHHPH
310,HHPHPHHHHHHHPHHHPHHH
311,HHHPHHHHHPHHHHHHPHPH
312,PPHHHPHHPHHPHHHHHHHH
313,HHPHHHHHPPPHHHHHPHHH
314,HHHHHPHHPHHPHHHHHPPH
315,HHPHHHPHHPHHHHHHHPHP
316,PHHHHHPHPHHHHHHPHHHH
317,HHHHHHHPHHPHHHPHPHPH
318,HHHHPHHHHPHHHHPPHHHH
319,HPHPHPHPHHHHHHHHHHHH
320,HPHPHHHHHHPHHHHPHPHH
321,HPHHHHPPHHHHHHPHHHHH
322,HHPPHPHHPHHHHHHHHHHP
323,HHHHHPHHHHHHHPHHPPHH
324,PPHHHHHPHHHHHHHHHHHP
325,HHHHHHHPHHPHPHHHPHHH
326,PHHPHHHHHPPHHHPHHHHH
327,HPHHHPPHHHHHHHHHHHPH
328,HHHHHHPHHHHHHHHPPHPH
329,PHHPPHHPHPHHHHHHHHHH
330,PHHHHHHHPHPHHPPHHHHH
331,HHPPHHHHHHHHPHHHPHHP
332,HHHPHPPHHPPHHHHHHHHH
333,PPHHHHHHHPHPHHHHHHHP
334,PHPHHHPHPPHHHHHHHHHH
335,HHHHHHHHPPHPHHHHPHHH
336,HPHHHHHHPHHHHHHHHPPH
337,HHHHHHHHHPPPHPHHHHHP
338,HHPHHHPHHHHHPHHPPHHH
339,PHHHHHPHPHHHPHHPHHHH
340,PHPHPPHHPHHHHHHHHHHH
341,HHHHPHPPHHHPHHHHHHHH
342,HHHHPHHHHHPPHHPHHHPH
343,HHPHHHHPHHHHPPHHHHHH
344,HPHHHPHHHHHHHHPHPHHH
345,HHPHPHPHHHHHHHPHHHPH
346,PHHHHHHHPHHPHHPHHHHH
347,HHPPPPHHHHHPHHHHHHHH
348,HHHHHHPHPHHHHHPHHHPH
349,HHHHHHHPHHHHPHHHPHPP
350,HPPHHHPHHHHHHHHHHHPP
351,HHPHHHHHHHHPHHHHHPPH
352,HPHHHHHHPHPHHHHHHHHP
353,HHHHPPHHHHHPHPHHHHHH
354,PHHHHHHPHHHHHHPHHPPH
355,PPHHHHPHHPHHHHHHHHHH
356,HHHPHHHHHHHHPHPHHHPH
357,HHHPPHHHHHPPHHHHHHHH
358,HHHHPPHHHHHHPHHHHHPH
359,PHHPPHHHHHPHPHHHHHHH
360,HPHHHHHPHHHPHPHHPHHH
361,HHPHHPHHPHHHHPPHHHHH
362,HHHHPHHPPHHHHHPHHHHH
363,PHHHPHHHPPHHHHHHHHHH
364,HPHHHHHHHPPHPHHHHHHH
365,HPHHPHPPHHHHHHHHHHHP
366,HPHPHPHHHHHHHHHHHHPH
367,HHPHPHHPHHHHPHHHHPHH
368,HHHHPHHHPHHHHPHHHHHP
369,HHHHHHPPPHHPHHHHHHHH
370,HPHPHHHHHHHHPHHHHHPH
371,HHPPHHHHHHHPHHHHHHHP
372,HPHHPHHHHHHHHHPHHPHH
373,HHPHHPHHHPHHHHPPHHHH
374,HHHHPHPHHHPHHHHHHHPH
375,HPHHHHHHHPPHHHPHHHHH
376,HPHHHHHHPHHHPHHPHHHH
377,HHHHHHHHHHHHHHHPPPPH
378,HHHHHHHHHHHPHPHHHPHP
379,HHHHPHHPHHHHHPHHPPHH
380,HPHHHHHPHHPPHHHHHHPH
381,HHHHHHHHHHPHPHPHHHHP
382,PHHHHHHHHHHHPHPHHPHH
383,PHHHHHHHHHPHPHPPHHHH
384,HHHHHHHPHPHHPHPHHHHH
385,HPHHHHHPHHHHPHHHHHPH
386,HPHHHHHPHHPHHHHPPHHH
387,HHPPHHHHHHPHHHHHHHPH
388,HPPHPPHHHHHHHHHPHHHH
389,HHHHHHHHHPPHHHHHPHPH
390,HHHHHHPHHHHHPHHHHHPP
391,HHHPHHHPHHPHPPHHHHHH
392,PHHPHHHHPHHHHHHHPHHH
393,HPPHHHHHHHHPHHHHPHHH
394,HHHPHHPHPHHPHHHHPHHH
395,HPHHHHHHPPHHHHPHPHHH
396,HHPHHHHHPHHPHPHPHHHH
397,HHHHPPHHHHHHHHHHHPPP
398,HHPHPHHPHHPHHHHHPHHH
399,HHHHHHPHPHHHHHHHHPHP
400,HPPHPHHHPHHHHHHHHHHP
401,HHPHHHHHHPHHPHHHHHPH
402,HPPHHHHHHHHHHHHHHPHP
403,HHHHPHHHHPPHHHHHHHPH
404,HHHHPHHHPHPHHHPPHHHH
405,PPHHHHHPHHHHHPHHHHPH
406,HPHHHPHPHHHHHHHHHHHP
407,HHHHHHHPPPPHHHHHPHHH
408,HHHHHHHHHHPPHHPHHPHH
409,HHHHHHHPPPHPHHPHHHHH
410,HHHPHHPHHHHPHPHHHHHH
411,HHHPHPHHHHPHHHHPHHHH
412,HPHHHHPHHHHHHHHHHPHP
413,HPHPHHHHHHPHHHHHHPHP
414,HHHHPHHHHHHHHHPPPPHH
415,HHHHHHHHHHHHHPHPHPHP
416,HPHHHHHHHPHPHHHPHHHH
417,PHHPHHPHHHHHHHHHPPHH
418,PHHHHHHHHPHHPHHPHHHH
419,PHHHHHHHHHHPHHHPPHPH
420,HHHHHHHHPHHPPPHHHHPH
421,HHPHHHHHHPHHPHPHHHPH
422,PHHHHHPHPHPHHHHHPHHH
423,HHHPHHPPHHHHPHHHHHHP
424,HPHHHHPHHHHPHHPHHHHP
425,HHHPHHHHPPHHHHHHHPHH
426,HPHHHPHPPHHHHHHHHHPH
427,HPHHHHPPHHHHHPHHHHPH
428,HHHHHPHHHHHPHPPHHHPH
429,PHHHHPHHHHPHHHHHHPHP
430,HHHHHPPPHPHHHHHHHPHH
431,HHPHHPHHHHHPHHPHHHHP
432,HHPHHHHHHHHHHHPPPHHP
433,HHHPHHHHHHPPHHHHPHHP
434,HHHHHHHPHPHPHHHHHHHP
435,HHHHHPHHPHHHPPHHHHHP
436,PHHHHHHHPPHHHHHHPHPH
437,HHHHHPHHPHHHHPPHHHPH
438,HPPHHHHHHPHHHPHHHHHH
439,PHHHPPHHHHHHHHHPPHHH
440,HHPHHHHPHHHHHPPHHHHP
441,HHHHHPPHHHHPPHHHHHHP
442,HHHHHHHPHHHPHPHHHPHH
443,HHHHHPHHHHHHPHPHPHHH
444,HPPHHHHHHHHPPHHHHHHH
445,PHPHPHHHHHHHHHHHPHPH
446,PPHHHPHHHPHHHHHHPHHH
447,HHHHPHPHHHHHHPPHHHHH
448,PHHHHPPHHPHHHHPHHHHH
449,HPHHPHHHPHHHHHHHHHPH
450,HHHHHHHPHHHPHHPHHHPP
451,HHPHHHHHHHPHHHPPHHPH
452,HPHHPHHHHHHHHHHPHHHP
453,HHHPPHHHHHHHPHPHHHHH
454,HPPHHHHPHHHHHHPHHPHH
455,PHHHHHHPPHHPHHHHHHHH
456,HHHPHHHHPHHHHPHHPHHH
457,HPHHHHPHHHPHHHHHHHPH
458,HHHHHHHHHPHPPHHPHHHH
459,PPPHHHPHHHHHHHHHHHHP
460,HHHHHPPHHHHHHHHHPHHP
461,PHPHHPHHHHHHHHHPHHHH
462,PPHHHPHHHHHHPHHHPHHH
463,HHPHHHHHHHPHPHHPPHHH
464,HPHPHHHHHHPHPHHHHHPH
465,HHPHHHHHHHPPHPHHHHHP
466,HHPHHHHHHHHHHHHPPPHH
467,HHPHHHHHHHHPHHHHHHPP
468,PHHHHHHHPHHPHHPHPHHH
469,HPHHHHPHHHHHPPHHHHHP
470,HHHHHHHHHHHHPPPPHHHH
471,HHHHPHHHPHHHHPHHHPHH
472,HHHHPHHHPHHHHPHPHHHH
473,HHHHHHHHPPHPHHHHHPHH
474,HPHHHPHHHPHHPHHHHHHH
475,HHHPPPHHPHHHHHHPHHHH
476,HHHHHHHPPPHHHHHPHHHH
477,HHHHHHHPPHHPHHHHHHHP
478,HPHHHHPPPHHHPHHHHHHH
479,HHHHPPHHHPHHHPHHPHHH
480,HHHHHPHHHHHHHHHPPHPP
481,PHHPHHHHHHPPHHPHHHHH
482,PHHPPHHHHHHHPHHPHHHH
483,HHHHHPPHPPHHHHHHHHHH
484,HHHHPHPPHHHHHHHHHPHH
485,HHPPHHHHHHHHHHHPHPHH
486,HHHHHHHPPHPHHHHHPHHH
487,HHPHHHHHHPHHHHHHHPHP
488,HHHHHHHHPPHPHHHPHHHH
489,HHHHHPHHHHHHHHPHHHPP
490,HPHHHPHHHPHHHHHHHPPH
491,HPHHPHHPHHHHHPHHHHHP
492,PHPHHHHHHHHHHPHHHHPP
493,HHPPHHHPHHHPHHHHHHHH
494,HHHHHPPHPHHHHHPHHHHH
495,HHPPHHHHHHPHHHHHPHHH
496,HHHHHPHHHPPHHHHHHHHP
497,PHHPPHPHPHHHHHHHHHHH
498,HHHHHHHHPHHPPHPHHHHH
499,HPHPHHHHPHHHPHHHHHHH
500,HPHHHHPHHHHHHHPHPHHH
501,HHHHPHHHHHHHPHPPHHHH
502,PHHHHHHHHHHHPHPHHHPP
503,HHHHPHHHHPHHHHHPHPHH
504,HHHHHHPHHPHHHHHPPHHP
505,HPHHHHHPHHPHHHPHHHHH
506,PHHHHHPHPHHPPHHHHHHH
507,HHHPHPPHHHHHHHHHHHPP
508,HHHPHPHHPHHHHHHPHPHH
509,HPHHHPPHHHHHHPPHHHHH
510,PHHHHHHPHHHHHHHPHHHP
511,HHPHPHPHHHHHHHHHHHHP
512,HPHHPHPHHHPHHHHHHHPH
513,HHHPHHHHHHHHHHHHPHPP
514,HHHHHHHHHPHHHPHPPHHP
515,HPHPHHPHHHHHHHPHPHHH
516,HHPHHHHPHHHHPHHHHPHH
517,PPHPHHHPHHHHHHHHHHHH
518,PHHPHHHHPHPHHHHHHHHP
519,PHHHPHHHHPHHHHHPHHHH
520,PPHPHPHHHHHHPHHHHHHH
521,HHHHPPHHHHHHHHPHPHHH
522,HHHPHHPHHHHHHPHPHHHH
523,HPHHHHHHPHPHHHHPHHHH
524,HHHPHHHHHHHPHHPHHPHH
525,HHHHHPHHHHHHPHPPPHHH
526,PPHHHHPHPHHPHHHHHHHH
527,PPHHHHHPHHHHHHHHHHPH
528,HPPPHHHHHHHHPHHHHHHH
529,HHHHHHHPHPPHHPHHHHHH
530,HHPHHHHPHHPHHHHPHPHH
531,HPPPPHHHHHHHHPHHHHHH
532,PPHHHHHHHPPHHHPHHHHH
533,PHPHPHHHHHHHHHHHHPHH
534,HHHHPHPHHHHPHHHHHHPH
535,HHHHHHHPPHPHHHHHHHPH
536,HHHHPHPPHHHHPHPHHHHH
537,HHHPHHPPHHHHHHHHPHHP
538,HHHPPHPHHHHHHHPPHHHH
539,HHHHHPHHHHHHPHPHPPHH
540,HHHPHHPHHPHHPHHHHHHH
541,HPHHPHPHHHPHHHHHPHHH
542,HHHPHHHHHHPHHHPPHHHH
543,HHHPHPPHHHPHHHHHHHHP
544,PHPHHHHHPPHPHHHHHHHH
545,HHHHHHHHPHPHPHHHPHPH
546,HHHPHPHPPHHHHHPHHHHH
547,HHHHHPPHHHHHPHHPHHHH
548,HHHPHPHHHHHHHPHPHPHH
549,HHHHPPHHHHHPPPHHHHHH
550,PHHHHHHHHHPHPHPHHHPH
551,HHHHHHPHHHPPPHHHHPHH
552,HHHHHHPHHHHPPHPHHHHH
553,PHHHHPHHHHHPHHHPHHHH
554,HPHHHPHHHPPHHHHPHHHH
555,HPHHPHHHPHHPHHHHHHHH
556,HPHHHHHHHHHPHHPHHHPP
557,HHHHPPPHPHHHHHHHHHHH
558,HHHHHHHPHPHHHHPHPHHH
559,PPHHHHHHHHHHPPHHHHPH
560,HHHPHHHHHHHPHHHHHPHP
561,HHHPHPHHHHHHHHPHHPPH
562,PPPHHHHHHHHHPHHHHHPH
563,HHHHPPPHPHHHPHHHHHHH
564,HHPHPHHHHHHPHPHHHHHP
565,HHPHHHPHHHHHHPPHPHHH
566,HHHHHPPHHHHHHHPHHPHH
567,HHHPHPHHHHPHHHHPHPHH
568,PHHPHHHHHHPHHHHHPHHH
569,PHHHHHHHHHHPPHPHHHHH
570,HPPHHHHHHHHPHHHHHHPH
571,HHHPHHHHHHPHHPPHPHHH
572,HHPPHHHHHHHHPPHHHHHH
573,HPHPPHHHHHHHHHHHHHPP
574,PHHHPHHHHPHHHHPHPHHH
575,HHPHHPHHHHPPHHPHHHHH
576,PHHHHHHHHPHHHHHPPHHH
577,PHHPHHHHHHHHHHHHHPHP
578,HHHHHHPHHHPHHPHHHPHH
579,HHPHHHHHHHPPHHHPHHHH
580,PHHHPHHHHHHPHHPHHHHH
581,HHHHHHHHPHPHHHPHHPHH
582,PHHHHHHHHPHHHPPHHPHH
583,HPPHHHHHHHPHHHPHHPHH
584,PHHHHHHHPPHHPHHHHHPH
585,HHHHHPHHPHHHHHHPPHHH
586,HPHHPHPHHHHPHHPHHHHH
587,HHPHHHHHHPHHPPHHHHHH
588,HHHHPPHHPHPHHHHHHHHP
589,HHHHHPHHHHPHPPHHHHHH
590,HHPHHHHHHHPPHHHHHPHH
591,PHHHHHHHHHHHHHPPHPPH
592,HHHHHHPHPHHPHPHHHHHH
593,HPHHHPHHHHHHHHPHHHPH
594,HHHHHPHHHHPPHHHHPHHH
595,HHHHHHHHHHPHPHHHHHPP
596,HHPHHHHPHHHHHHHPHHPH
597,HHHHPHHHHHHPHPHHHPHP
598,HHHHHHPPPHHHPHHHHHHP
599,HHHHHPPPHHHHPHHHHPHH
600,HHHPPHHHHPHHHHHPHHHH
601,PPHPHHHHHHHHPHHHPHHH
602,HHHPPPHHHPHHHHHHHHHH
603,HHHHHHHPHPHHPHHPHHHH
604,HHHHHHHHPHPHPHPPHHHH
605,HHHHHHHPHHPHHHHPHHHP
606,HHHHHPHPHHPHHHPPHHHH
607,HHHHHHPPPHHHHPHHHHHH
608,HPHHPHHHHHPPPHHHHHHH
609,HHHPHHPHPHHHHHHHHHPP
610,HHHHHPHHPPHHHPHHPHHH
611,HHHHPHHHHHHPPPPHHHHH
612,HHHHPHHPHHHHHHHHPPPH
613,HHPHPHHHPHPHHHHHHHHH
614,HHHHHHHHHHHHHPHHPHPP
615,PHHHHHHHHHHHPHHPPHHH
616,PHHHHPHPHHHHHHHHPHHH
617,HHPHHPHHPHHHHHHPHPHH
618,HPHHHPHHPHHHPHHHPHHH
619,PPHHHHPPHHHHHHHPHHHH
620,HHHHHHHPHHHPPHHHHHPH
621,HHHPPHHHHHHPPHHHHHHH
622,HHHHHHHPHHHHPHHHHHPP
623,HHHHHHHHHHHHHPPPHHHP
624,HHHHPHPHHHHHHHHHPHPH
625,HHPHHHHHHHHHPHHPPHHH
626,HPHHHHHHHHPHHHPHHPPH
627,HPHHHHPHHPHHHPHHHHHP
628,HHHPHHHHPHPHHPHHHPHH
629,HHHHHHPPHHHPHHHHHPHH
630,PPHHHHHHHPPHHHHPHHHH
631,HHHHHHHHPHHHHPHHHHPP
632,HPHHHHPHHHHHHHPHHHHP
633,PHPHHHPHPHHHHPHHHHHH
634,HHHHHHHPHHHPPHHPHHHH
635,HHHHHHHHHHPPHHPHHPPH
636,HHHHHHHHHHHPPHPHPHHP
637,HHPHHPHHHHHPHHHHPHHH
638,HHHPHHPHHPHHHHHPHHHP
639,HPHHHPHHPHHHHPHHHHPH
640,HHHHPHPHHPHHHHHHPHHH
641,PHPHHHHHHHHHPHHHPPHH
642,HHHPHPHHHHHHPPHHHHHH
643,HHHPHHHHPHHHPHHHHPHH
644,HPHHHPHHHHHPHHPHHHPH
645,HHPHHPPHHHHPHHHHHHHH
646,HPHHHPHHPPHHHHHHHHHH
647,HHHHHHPPHPHHHHHHHPHH
648,HHHHHHHHHPPHPPHHHHPH
649,HHHHPHHHHHHHPHPHPHHH
650,HHHPHHPHHHHPPPHHHHHH
651,PPHHHHHHPHHHHHPHHHHH
652,HHPHHHHHHPHPHPHHHHHH
653,HPHHHPHHHHHHHHHPHHHP
654,HHPHHHHHHHHHHPHHHPHP
655,HHHHHHPHHHPHPHHHHHHP
656,HHHHHHHHPHPPHHHHPHHH
657,PHPHHHHHHHPHHHHHHHHP
658,HPHHHPHHHHHHHHHHHHPP
659,HHHHHHHHHHHPHPPHHHPH
660,HPHHHHHHHHPHHPHHHHHP
661,HPHHHHHHHHHHHPPHPHPH
662,HHHPHHHPHHHHHPHPHPHH
663,HPPHHPHHHHHHHHHHPHHH
664,HHPHHHPHHHPHHHPHHHHH
665,PHPPHHHHHHHHHHPPHHHH
666,HHPHHHHPHHPHHHHHHHHP
667,HHHHHPHPHHHHHPPHHHPH
668,HHHHHHHHPHPHHPHHHPHP
669,HHHHHPHPPHHHHHHPHHHP
670,PPHHHHHHHPHHHHPHHPHH
671,HHHHHPPHPHHHHHHHPHHH
672,HHHHPHHHHHPHHPHHHHPH
673,HHHHHHPHHPPHHPPHHHHH
674,PHHHPHHHHHPHHPHHHHHH
675,HHPPHPHHPPHHHHHHHHHH
676,HHHPPHHPHHHHHHPHHPHH
677,HPHHHPHHHHPPHHHHHPHH
678,PHHHPHHHPHHHHHHHHHPH
679,HHPHPHHHHHHHHHPPHHHP
680,HHHPHHHHHPHHHPHHHHPP
681,HPHPHHHHHHHHPHPHHHHH
682,HHHPHHHPHHHPPHHPHHHH
683,HHPHHHHPHHPHHHHPHHHP
684,PHPPHHHPHHPHHHHHHHHH
685,PPHHHHHPHHHHHHPHHHHH
686,HHHHHHHHHPPPHHPHHHHH
687,HHHHHHHHHPHPPHHHPHHH
688,PHHHHPHHHHHPHHHHHHPH
689,PHHHPHHHHPHHPHHHHHHP
690,HPHPHPHHHHHHHPHHPHHH
691,HHPHHHHHHHPPHHPHHHPH
692,PHPHHPHHHHHHHHHHHHHP
693,HHHPPHPHHHHHHHHHPHHH
694,HHHHHPHHHPHHHPHHHHPH
695,HPHPHHHPHHHHHHHHHHPH
696,HPHHHHPHPHHHHHHPHHHP
697,HPHHPPHHHHHHHHHPHHHH
698,HHHHPPHHHPHHHHPHHHHH
699,HPHHHHPHPPHHHHHHHPHH
700,PHHHHPHHHHHHPPHHHHHH
701,HHHHHHHHHHHHHPPHHPPH
702,HPHHPHHHHHPHHHPHHPHH
703,PPHHHHPHHHPPHHHHHHHH
704,HHHHHHPHHHPPHHHHHPHH
705,HHPPPHHHHHPHHHHHHHHH
706,PHHHHHHHHHHHPHHHHHPP
707,HHHHPHHHHHHHHHHHHPPP
708,PHHHHPHHPHHHHPHHHHHP
709,HHHHPHHHHHHPHPHPHHHH
710,HPHHHHHHPHHHHHHPHPHP
711,HPHHHHPPHHHHHHHPHHHH
712,HHHHHHHPHHHPHHHPHHPH
713,PHHHHHHHPHHHHPHPHHHH
714,HPHHHHHHPHPHHPHHHHPH
715,HPHHPHHHHHPHPHHHHHPH
716,HHHHHPHHHHHHPPHHHHPP
717,HHPHPHHHHHPHPHHHHHHH
718,HPHHHHHPHHPHHHHPHHPH
719,PHHHHHHHPHHPHHHHHHPH
720,HHHHHHHHHHHPHPHPHPHH
721,HPHHHPHHHHHHPHPHHHHH
722,HPHHHHHHHHPHHPHHHPHH
723,HHHHHHHPHPHHHHHHHHPP
724,HHHPHPPHHPHHHHPHHHHH
725,HPHHHHPHHHHHHPHHHPHH
726,PHHHHHHHHPHHHHHHPHPH
727,HHHHHHHHHPPHHHHHPPHH
728,HHHHHHHHPHPHHHHHHPPP
729,HHHHHHHHHHHPHHPPPHPH
730,PHPHHHHHHHHHHHPPHHHH
731,PHHHHHHPPHHPHPHHHHHH
732,HPHHHHHHHPHHPHHHPHHH
733,HHHHHHHHHHPHHPPHHPHH
734,HHHHHHHHPPHHHHHPHPHH
735,HHHHPHHHPHHPHPHHHHHP
736,HPHPPHHHHPHHHHHHHHHH
737,HHHPHHHHHPHHHPHPPHHH
738,HHPPHHHHHHPHHPHHHHHH
739,PPHHHHHHPHHHPHHPHHHH
740,PHHHHHHHHHHHPHPPPHHH
741,HHHHPHHHPPHHHPHHHHHH
742,HPHHHPHHHHHHHHPHHHHP
743,PPHHHHPPHHHHHHHHHPHH
744,HHHHPHHHPHHHHHHHPHPH
745,HHHHHHPHPHHPHHHPHHHH
746,HHHHHHHHHHHHPHPHPPHH
747,HHHHPHHHPHHHPHHHPHHH
748,HPHHHPHHHHHHPHPHHHHP
749,HHHHHHHPHHHPHHPPHPHH
750,HHHHHHHHHHHPHHPPHHPP
751,HHHHHPHHPPHPHHHHHHHH
752,HHHHHHHHPHHHHHPPPHPH
753,HPHHPHHHHHHHHHHPHHPH
754,HHHPHPHHHPHHHHPHHHPH
755,HPHHHPHHHHHHHHPPHHHH
756,PHHHPHHHHHHHPPHHHPHH
757,HHHHPHPPHPPHHHHHHHHH
758,HPHPHHHPHHHHPHHHHHHH
759,HPHHPHHHHHPHHPHHHHHH
760,HHHHHHHHHPPHHHHHPHHP
761,HPHHPHHHHHHPHPHHHHHH
762,PHHHHPHHHHHHPHHPPHHH
763,HPPPHPHHPHHHHHHHHHHH
764,HHHHPPHHHPPHHHHHHHHH
765,HHHHPPPHHHHHHPHHHHHH
766,HHPHHPHHHHHHHHHPHPHH
767,HHHHHHPHHPPHHHHHHPHH
768,HHHPHPHHHHHHHHHHHHPP
769,HHHHHHPHHPPHHHHPHPHH
770,HHHHPHHHHHPPHHHPHHHH
771,PHHHPHHHHHHPHPHHHHHH
772,HHHPHHPHHHHPHHHHHHPH
773,HPPPHHHHHHHHHPHPHHHH
774,HHPPHHHHHPHHHHPPHHHH
775,HPHPHPHHHHPHHHHHHHHH
776,HHPHPHHHHHHHHPHPHHHH
777,HHHHHHHPHHHPHPHHHPPH
778,HHHHHHPHHHPHHPHHHHHP
779,HHHPHPHHPHHHPHHHPHHH
780,HHHHHHHHHHHPHHPHPHPH
781,PPHPHHHPHHHHPHHHHHHH
782,HHHHHPHPHHHHHHHHPHPH
783,HPHHPHHPPHHHHHHHHHHH
784,HHHHHPHHPHHPHHPHPHHH
785,HHHHPHHHHPHPPPHHHHHH
786,HHPHHHHHPHHHHHHPHPHH
787,HHHHPHHHPHHHPHHPHHPH
788,PHHPHHHHHPHHHHPHHHHH
789,HHPHHHHPHHHHPHHHPPHH
790,HPHPHHHHHHHHHHPHHHPH
791,HHPHHPHHPHHHHHHHHHHP
792,HPHHHHPHHHHHHHHHHPPH
793,HPHHHPHHPHHHHHPHHHHH
794,HHPPHHHHHHHHHPPHHHHH
795,HHHPHHHHHHHPHPHHHHHP
796,PHHPHHHPHHHHPHHHHPHH
797,HHPHHHHPHHHPHHPHPHHH
798,HPHPHHHHHHHHHPHHHPHH
799,HHPPHHHHHHHHHHHHPHPH
800,PHPHHHHHHHPPHHHHHPHH
801,PHHPHHHHHHPHHHPHHHHH
802,HPHHHPHPHPHHHHHHHHHP
803,HHHHHHHHHHHHPPPHHHPH
804,PPPHHPHHHHPHHHHHHHHH
805,HHHPHPPHHHHHPHHPHHHH
806,PHHHHHHHHHHHHPHHPHPH
807,PHHPHHPHHHHHHHHHHHHP
808,HHHHPHHHPPHPHHHHHHHH
809,HHHHHHHHHPPHHPHPHHHH
810,PPHPHHHPHHHHHHHHHHPH
811,HPHHHHHHHHPHHHHPHHPH
812,PHHHHHHHHHHPHHHPPHHP
813,HHHHHHHPPHHHHHHHPHPH
814,HHHHHHHHPHPHPHHHHHPH
815,HHHPPHHHPHHHPPHHHHHH
816,HHHHHHPHPPHHHHHHHPHH
817,HHHHHPHPHHPPPHHHHHHH
818,HHHHPPHHHPHHHHHHHHHP
819,PPHHHHPHHHHHHPHHHHHP
820,HHHHHPPHHHPHHHHHHPHP
821,HHHPHHHPHHHHHHHPHPHH
822,HPHHHHHHHHHHPHHPHHHP
823,HHPHPHHHHHHHPHHHHHPP
824,PHHPHHHHHHHHHPPHHHHH
825,HHHHHHHPHHHHPPHHHHPH
826,HHPHPHHHHHHHHPHHHPHH
827,HHHPPHHPHPHHHHHHHHHP
828,HHPHHHPHHHHHPHPHHHPH
829,HHPHHHHHPPHPHHPHHHHH
830,PPHHHHHPHHPHHHHHHHHH
831,HHHHHHPHPHPHHHHHHHHP
832,HHPPHHHHHPHHHHHHHPHP
833,HPHHHPPHPHHHHHHHHHHH
834,HHHHHPPHPHHHHHPHHHHP
835,HHHPHHPHHHHHHHHHPHPP
836,PHHHPHHHPHHHHHHPHHHH
837,HHPPHHHPHPPHHHHHHHHH
838,PHHHPHHPHHHHHHHPHHHH
839,HHHPPHPHPPHHHHHHHHHH
840,PHHPHHHHHHHHHHPHPPHH
841,PHPHHHHPHPHHHHPHHHHH
842,HHPHPHHHHHHHHPHHHHPH
843,HPHPHHHHHHHHHHHHHHPP
844,HHHHHHPPHHHPHHHHPHPH
845,HHHHHPPPHHPPHHHHHHHH
846,HHHHHPPHHHPHHHHHPHHH
847,HHPHHHHPHHPHHHHPHHHH
848,HHHHHHPPHPHHHPHHHHHH
849,PHHHHPHHHPPHHHHHPHHH
850,HHHPHHHHPPHHPHHHHPHH
851,PPHHHPHHPHHHHHHHHHPH
852,HHHPHHHHHHHHPHHHPHHP
853,HHHHPHHHPHHHHHHHHHPP
854,HPHHHHHPHHHHHPPHHHHH
855,HHHPHHPPHHPHPHHHHHHH
856,HHHHPHHHPPHPHHHHHHPH
857,HHHHPHPHHHPHPHHHHPHH
858,HHHPHHPPHHPHHHHHHHHH
859,PHHHHHHHHHHHHHPHHPPH
860,PHPHHHHHHHPHHHHHHHPH
861,PPHHHPHHHHHHHHHHHHPH
862,HPHHHHHPHPHHHHPHPHHH
863,HPHHHPHHHHPHHHHHPHHH
864,HHHHHHPHHHHHPHHHPPPH
865,HPHHPPHHHHHHHPHHPHHH
866,HHHHPHHPHHHPHHHPHHHH
867,HHHHHPHHHPHHHHHPPHHH
868,HHHHHHHHHHHHHPHPPPHP
869,HPPHHHHPHHHHPHHPHHHH
870,HHPHHHPHHPHHHHHPHHPH
871,PHHHHHPPPHHHHHHHHHHH
872,PPHHHHHHHHHHPHHPHHHH
873,PHHHHHHHHHPHHHHHHPPH
874,PPHHHHHPPHHHHPHHHHHH
875,HHHHPHHHHPHHPHHPHHHH
876,HHHHPPHHHHPHHHHHHPHH
877,PHHHPHHHHHHPHHHHHHPH
878,PHHHHHHPHHPHHHHHHHHP
879,HHHPHHHHHPHHHPHHPHHP
880,HPHPHHHHHHPHPHHHHHHH
881,HPHPHHHPHHHHPHHHHHPH
882,HHPHHHHPPHHHHPHHPHHH
883,HHHHHPHHHHPHHHHPHPHH
884,HHHHHPPHHHHHHHHHPHPH
885,PHHPHHHHHHHHHHHHHHPP
886,HHHHPHHHHPHHHHPHHPHH
887,HPHHHPHHHHHHHHHPPHHH
888,HHPPHHHPHHHHHPHHHHHH
889,HHHPHPHHHHHHHPPHHHHH
890,HHPHHHHHPPHHHHPHHHHP
891,PHHPHHHHHHPHHHHHHPHH
892,HHHPHPHHHPPHHHHHHHHP
893,HHHHHHPHHHHHHHPHHPHP
894,PHHHHHHHHHHPHHHHPPHH
895,PHHPHHHHHHPHHHHHHPHP
896,PHPHHHHPHHPHHHHHHHPH
897,HPHHHHHPHHHHPHPHHHHH
898,HHHPHPPPHPHHHHHHHHHH
899,PPHPHHHHHHPHHHHHPHHH
900,PHHHHHHHPHPHHPHHHHPH
901,HHPPPHPHHPHHHHHHHHHH
902,PHHHHPHPHHHHHHHHHHPH
903,HPHHPHHHHHHHPHHHHHHP
904,HPPHPHHHHPHHHHHHHHHP
905,HPPPHHHHHHPPHHHHHHHH
906,HPPHHHHPHHHHHHHHHPHH
907,HHPPHPHHHHHHHHHHHHHP
908,HHHHPPHHPHHHHHHHHHPH
909,PPHPHHHHHHHHHPHHPHHH
910,HHPHHHHHHPHPPHHPHHHH
911,PPHHHPHHHHHHHHHHHPHH
912,HPPHHHHPHHHHHHHPHHHP
913,HHHPPHHHHPHHPHHHHHHH
914,HPHHHPHHHHPHHHHHHHPH
915,HHHHHHHHPHHPHHHHHPHP
916,HHHHHHHHHPPHPHHHHHHP
917,PHHHPHHHHHHHHPHHPPHH
918,HHHHHHHHHHHPPPPHHHHP
919,HHHPHHHPPHHHHHHHHPHH
920,HHHHHHHPHHHPPHHHPHPH
921,HHPHHHHHHHHHHPHHHPPH
922,PHHHHHHPHPPHHHHHHHHP
923,HHHPHPHHHHPHPHHPHHHH
924,HHHHHHHHHHHPPHHHPHPH
925,HHHHHHHPHHHHPHPPHHHH
926,HHHHHHPHHPPPHPHHHHHH
927,HHHPHPHPHHHHPHHHHPHH
928,PHPHHHPHHHHHHHPHHHHH
929,HHHPPHHPHHPHHHHHHHHH
930,PHHHHHHHHHHHPHPHHHHP
931,HHPHHPHHHHHHHHHPPPHH
932,HHPHHHHHPHHHPHHHHPHH
933,PPHHHHHPHHHHHHHHPPHH
934,HPHHHHHHPHHHHHHPHHPH
935,HHHHHHHHHHPPHHHHHPHP
936,HHPHHHHHHPHHPHPHHHHP
937,HHPHHHPPHHHPHPHHHHHH
938,HHHHHHPHHHHHPPHHPHHP
939,PHHHPPHHHHHHHHHHPPHH
940,HHPHPHPHPHHHHHHHHHHH
941,HHPHHHHPHHPPHHHHHHHH
942,HHPHHHHPPHHHHHHHHHHP
943,HHHPHHHHHHHHPPHPHHHP
944,HHHHHHHHPHHHHPHPPHHP
945,PHHHHHPPPHHHHHHHHPHH
946,HHHPHHHHHHPHPHPHPHHH
947,HPHPHHHPHHHHPHHPHHHH
948,HHHHHHHPPHHHHPHHHHPH
949,HHHHPHHHHPHHPHHHPPHH
950,HHPHHHHHHHHHHHHHPHPP
951,HHPPHHHPHHHHHHHHPHHH
952,HHHPPPHHHHHPPHHHHHHH
953,HHPHHPHHHHPHPHHPHHHH
954,PHHHHHPHHHPHHHHHHPHH
955,HHHPPHHHHHHHHHHHPHHP
956,HPPHHHPHHHHPHHHHHHHH
957,HPHHHHHHHHPHPHPHHHHH
958,HHPPHHHHHHHHPHHPHHHH
959,HHPHHHHHPPHHHHHPHHPH
960,PHHPHHHHPHHHHHPPHHHH
961,HHHHHHPHHPHHHHHHHHPP
962,PHHPHHHHHHHPHHHHHPHH
963,PHHHHHHHPHHPHHHPHHHH
964,HPHHHHPHPHHHHHHHHPHP
965,HHPPHHPHHHHHHHHHHPHP
966,HPPHHHHHHHHHHPPHHHHH
967,HHHHPHHPHHHHPHHHHHHP
968,HHHHHHPHHPHPHHHPHHHH
969,HHHHHHHPHHHHPHHPPHHH
970,HHPPHHHHHHHPPHHHHPHH
971,PHHHHHPHHHHHHPHHPHPH
972,HHPHHHHHHPHHHPHHPPHH
973,HHHPHHHPHPHHHHPPHHHH
974,PHHPHPHHHHHHHHHHHHPP
975,HHHHHHPHPHHPPPHHHHHH
976,PHHHHHHPPHPHHHHHHHHH
977,HHHHHHHHHHHHHPHHPPPH
978,HPHHHHHHHHPPPHHHHHPH
979,HHHHHPHHHHPPHHHHHPHH
980,HHHHPHHPHHHHHPPHHHHH
981,HPHHPHHHHHHPPHHHHHHH
982,HHHHHPPHHHPHHHHHHPPH
983,HHHPHHPHHHPHHHPHHHHH
984,HHHHHHHPPHHPHHHHPHHH
985,HHHHHHHHHPHPHHHHPHPH
986,HHPHPHHHHHHPHPHHHHHH
987,PHHHHHHHHHPHHPPPHHHH
988,HHPHHHPHHPHPPHHHHHHH
989,PHHHHHHHHHHHPHHHHPHP
990,HPHHHPHHPHHHHHHHHHPH
991,HHPHHHHHHHHHHPPHHPHP
992,HHHPHHHHHHHHHPHHHPPH
993,HHHPHPHHHHPHHHHHHHHP
994,PHHHHHHHHHPHHHHHHHPP
995,PHHHHPHHHHHHHPHPHHHH
996,PPPHHHHPHHHHPHHHHHHH
997,HPHHHPHHPHHHPHHHHHPH
998,HHHPHHHHHHHHHHHPPHHP
999,HHHHHHPHHHHHPPHHHPHH
1000,HHHHHHHHHHHPPHPHHHPP
1001,HHHHHHHHPHHHHPHHPHHP
1002,HHPHHHHHPHHHPHHHHHPP
1003,HHPHHHHHPHHPHHPHHHHH
1004,HPHHHHHHHHPHPPHPHHHH
1005,HHHHPPHHHPHPHHHHHPHH
1006,HHPHHHPHHHHPHHHHHHHP
1007,HHHPPHHHHHHHHPPHHHHH
1008,HHPPHPHHPHHHHHHHHHHH
1009,HPHHHHHHHPHPHPHHHHHH
1010,HHHHPHHPHHHHPHPHHHHH
1011,PHPHHHHHHHPHPPHHHHHH
1012,HPHHPHHHHHHHHHHHPPHH
1013,PHHHHHHPHHHPHPHHHHHH
1014,HHPHHHHHHPHHHHHHPHHP
1015,HPHHHHHHHHPHPHHPHPHH
1016,HPHHHHHHPHHHHHHPHPHH
1017,HHHHHHHHHHHPHHPPHPPH
1018,HPHPHHHPHHHHHPHHHHHH
1019,HHHHPPHHHHPHHHHHPHHH
1020,PHHPHHHHPHHHHHHHHHHP
1021,PHHHHHHHHHHPPHHHHPHH
1022,HHHHPHHPPHHHPHHHHPHH
1023,HPHHHHHHHPHHPHHPHHPH
1024,HHHHPHPHHHHHHHHHPHHP
1025,HHHHPHHHHPHHPHPHHHHH
1026,PHHHHHHHHHHPHHHHHPPH
1027,PHHHPPHPHHHHPHHHHHHH
1028,HHPHHHHPPHHHHHHHHHPP
1029,HHHHHHPPHHHHHHPHHHHP
1030,HHPHHHHHPHHPHPHHHHHH
1031,HHPHHHHHHPPHHHHHPHHH
1032,HHHHHHPHHHHHPHPHPHHH
1033,PHHHHHHPPHPPHHHHHHHH
1034,HHHHHHHPHHHHPHPHHHHP
1035,PHHHHHHPHPHPHHHHHHHP
1036,PHPHHHHHHHHHPHPHHHHP
1037,PHHHHHPHHHPHHHHPPHHH
1038,HHHHPHHHHPHHHPHHHPHH
1039,HHHPHPHHHHHPHHHPHHHH
1040,HPHHHHHPHPHHHPHHHHHH
1041,PHPPHHHPHHHHHHHHHHHP
1042,HHPHHHHHHPHPHHHHPHHP
1043,HPHHPHHHHHHHPHHPHHHP
1044,HHPHPHPHHHHHHHHHPHHH
1045,HPPHHHHHHPPHHHPHHHHH
1046,PHHHHPHHPHHHHHHPHHHH
1047,HPHHHHHHHPPHPHPHHHHH
1048,PHPHHHHHPHHHHHHHPHHH
1049,HPPHHPHPHHHHHHHHHHPH
1050,HPHHHHHHHHPHHHPPHHHH
1051,HHPHPHHHPHHHHPHHHHHH
1052,HPHHHHHPHHPPHHPHHHHH
1053,HHHHHHPHHPHHHHHPHHHP
1054,HHHHPHPHHHHHHHHPPHHH
1055,HHHPHHHPHHHHHHHHHPPH
1056,HHHHPPHHHHHHHPHHHHPH
1057,HHHHPHHHHHHHPHPHPHHP
1058,HHPPHHHHPHPHHHHHHHHH
1059,PHHHHHPPPHHHHHPHHHHH
1060,HHHHHHPHPHHPHHHHHHHP
1061,PHHHHPPPHHHHHHHHHHHH
1062,HHHPHHHHHPPHHHHPHHHP
1063,HHHHHPHHPPHHPHHHHHPH
1064,PHHHHPHHHHHPHHPHHHHH
1065,HHHHHPPHHHPPPHHHHHHH
1066,HPPHHHHHHHHPPHHPHHHH
1067,HPHHHHHHHPHHHPHHHPHH
1068,HPHHHHHHHPPHHHHHHHPH
1069,HHHHHPHHHPPHHHHPPHHH
1070,PPHHHPHHHHHHHHPHHHHH
1071,HHHHHHHHHPHHPHHPHPHH
1072,HHHPPHPPHHHHHHHPHHHH
1073,PPHHPPHPHHHHHHHHHHHH
1074,PPHHHPHHPHHHHHHHHHHH
1075,PHHHHHHPHHHPHHPHHHHH
1076,HPHHHPHHHPHHHPHHHHPH
1077,PPPHHHHHHHHHHHPHHHHP
1078,HPHPHHHHHPHPHHPHHHHH
1079,HPHPHHHHHHHPHHHHPHHP
1080,PPPHHHHHHHHPHHHHHPHH
1081,HPHHHHHHHHHHHPPHPHHH
1082,HHHHPHHPHHPHPHHHHPHH
1083,PHHHHHHHHHHHHHHHPPPP
1084,HHHHHPHHHHHHHHPHPPHH
1085,HPHHPHHHPHPHHHHHHHHH
1086,HHHHHPPPHHHHPHHHHHHH
1087,HPHHHHPHHHHHPHHHPHHH
1088,HPPHHHHPHHPHHHHPHHHH
1089,HHHHPPHHHHHHHHPHHPHP
1090,HHHPHHPHPHHHHHHPHHHP
1091,PHHPHHHHHHHHHHHPHPHH
1092,HHHHPPHHPHHHHPHHHHHH
1093,HHHPHPHHHHHHHHHHPHHP
1094,HHPHHHPHHHPHHHHHHHHP
1095,PHHPPPHHHHHHPHHHHHHH
1096,HPHHHPHPHHHHHHHHHHPP
1097,PPPHHHHHHHPHHHHHHPHH
1098,HHHPHPHPHHHHHHPHHHHH
1099,HHHHHHHHHHPHHPHHHHPP
1100,HPHPHPHHHHHHHHPHPHHH
1101,HHHHHHHHHHPPHPHHHHPH
1102,HPHHPPHPHHHHHHHPHHHH
1103,HHPHHPHPHHPHHHHHHPHH
1104,HHPHPHPPHHHHHHHHHHHH
1105,HPHPHHHHPHHHHHHHPHHH
1106,PHHHHHHPPHPHHPHHHHHH
1107,HHHHHHPHHHPPHPHHHHHH
1108,HHHHHPHHHPHHHHPHHPHH
1109,HPHPHHPHHHHHHHPPHHHH
1110,PHHPHHPHHHPHHHHHHPHH
1111,HHHPHPHPHHHHHHHHHHPH
1112,HHHHHHHHPHHHPPHPPHHH
1113,HHHHHHPPHHHHPPHHHHHH
1114,HHHHPPPHPHHHHHHPHHHH
1115,HPHHHPHHPHHHPHHHHHHH
1116,HHHHHPHHHHHPHHHPHHPH
1117,HHPPHHHHHHHHHHHHPPHH
1118,HHHHHHPHHHPHHHPPHHHH
1119,HHHHHPHHHHHHHHPPHHPH
1120,HPPHHHHHHPHHHHHHPHPH
1121,HPHHHPHHHHHHPHHHHHPH
1122,HHPHHPHHHHHHHHHHPPHH
1123,HHPHHHPHHHHPHHHHPHHH
1124,PHHHHHPHHPHHPPHHHHHH
1125,HHPHHPHHHHHPPHHHPHHH
1126,HHHHHPHPHHHHPHHHPHHH
1127,HHHHHHPPHHPHPHHHHHHH
1128,HPHHPHHHHHPHHHHPHHHP
1129,HHPHHHHHPHHHHHHHPHPH
1130,HPHHHHPHPHHHHHPHHHHP
1131,PPHHHHHPHHHHPHHHHHHP
1132,PHHHHHHHHPHHHPHHHPHH
1133,HHPHHPHHHHHHHPHHPHPH
1134,HHPHHHPPHHHHPHHPHHHH
1135,HHHHHHHHHPPPHHHHHPHH
1136,PPHHHHHPHHHHPHHHHHHH
1137,HHHHHPHPHHPPHHPHHHHH
1138,HHHHHHHHPHHHPHPHHHPH
1139,HHHHHHHHHPHHHHHPHHPP
1140,PHHHHPHPHPHHPHHHHHHH
1141,HPHHHHHHPHHHPPHHHPHH
1142,PHHHHHHHPHHHHHHPHPHH
1143,HHHHPHPHHHHHHHHPHPHH
1144,HHHHHHHPHHHHPPHHHHHP
1145,PHPHHHHHHHHHHPHHPHPH
1146,PHPHHHHHHHHHHHHHHPPH
1147,HHHPHHHPHHHPHHHHPHHH
1148,HHPHHHHHPHHHHPPHHHHH
1149,HHHHHHHHHPPHHHPHHHHP
