id,sequence
0,PPPPPPPPPPPPPHPPPPHP
1,PPHPPPPPPPPPPPPHPPPP
2,PPPPPPPPPPHPPPPPPPHP
3,PPPHPPPPPPPPPPPPPPPP
4,PPPPPPPPPPPPPHPPPHPP
5,PPPPPPHPPPPPPHPPPPPP
6,PPHPPPPPPPPPPPPPHPPP
7,PPPPPPPPPPPPPHHPPPPP
8,PPPPPPPPHPPPPPPPPPPH
9,PPPPPPHPHPPPPPPPPPPP
10,PPPPPPPPPPPPHHPPPPPP
11,PPPPPHPPPPPPPHPPPPPP
12,PPPPPPPPHPPPHPPPPPPP
13,HPPPHPPPPPPPPPPPPPPP
14,PPPHPPHPPPPPPPPPPPPP
15,PPPPPPPPPPPPPPPPHPPP
16,PHPPPPPPPHPPPPPPPPPP
17,PPPPPPPPPPPPPHPPPPPH
18,PPPPPPPPPPPPHPPPPPPP
19,PPPPPHPPPPPPPPPPPPPH
20,PPPPPPPPPPPHPHPPPPPP
21,PPPPPPHPPPPPPPPPHPPP
22,PPPPPPPPPPPPHPPPHPPP
23,PPPPPPPPPHHPPPPPPPPP
24,PPPPPHPPPPPPPPPPHPPP
25,PPPPPPPPPPPPPPHPPHPP
26,PHPPPPPPPPHPPPPPPPPP
27,PPPPPHPPPHPPPPPPPPPP
28,PPPHPPPPPPPPPPPPHPPP
29,PPPPPPHPPPPPPPPPPHPP
30,PPPPPPPHPPPPPPPPPHPP
31,PPPPPPPHPPPPPPPPPPPP
32,PPPPHHPPPPPPPPPPPPPP
33,PHPPPPPPPPPPPPPPPPHP
34,PHPPPHPPPPPPPPPPPPPP
35,PPPHPPPPPPPPHPPPPPPP
36,PPPPPPPPPPHPPPPPHPPP
37,PPPPPPPHPPPPHPPPPPPP
38,PPPPPPPHPPPPPPPPPPPH
39,PPPPPPHHPPPPPPPPPPPP
40,PPHPHPPPPPPPPPPPPPPP
41,PPPPPPPPPPPHPPPPHPPP
42,PPPPPPPPHPPHPPPPPPPP
43,PPPPPPPPPPPHPPPHPPPP
44,PPPPPPPHPPPHPPPPPPPP
45,PPPPPHPPPPPHPPPPPPPP
46,PPPPPPPPPPHPPPPPPPPH
47,PPHPPPPPPPPPPPPPPPPH
48,PPPPPPPPPPPPPPHPPPPP
49,PPPPPPPPPPPHPPPPPPHP
50,PPPPPPPPPPPPPPPHPPPP
51,PPPPPPPPHPPPPPPHPPPP
52,PPPPPPPPPPHHPPPPPPPP
53,PPPPPPPPPPPPHPPHPPPP
54,HPPPPPPPHPPPPPPPPPPP
55,HPPPPPPPPPPPPPPPPPPP
56,PPPPPHHPPPPPPPPPPPPP
57,PPPPPPPPHPHPPPPPPPPP
58,PPPPPPPHHPPPPPPPPPPP
59,PPPHPPPPPHPPPPPPPPPP
60,HPPPPPPPPPPPPPPPPHPP
61,PPPPPPHPPPPPPPPPPPPP
62,PPHPPPPPHPPPPPPPPPPP
63,PPPPPPPPPPPHPPPPPPPP
64,PPPPPPPPPHPPPPPPPHPP
65,PPHPPPPPPPPPHPPPPPPP
66,PPPPHPPPPPPHPPPPPPPP
67,HPPPPHPPPPPPPPPPPPPP
68,PPPPPPPPPPPPHPPPPPPH
69,PPPPPPPHPPPPPPPHPPPP
70,PPHPPPPPPPPPPPPPPHPP
71,PPPPPPHPPPPPPPPHPPPP
72,PPPPHPPPPPPPPPPPPPPH
73,PPPPPPHPPPHPPPPPPPPP
74,PPPPHPPPPPPPPPHPPPPP
75,PHPPPPPPPPPPPPPPPPPP
76,PPPPPPHPPPPPPPPPPPPH
77,PPPPHPPPPPPPPHPPPPPP
78,PPPPPPPPPPPPPPHPPPHP
79,PPHPPPPPPPHPPPPPPPPP
80,PPPHPPPPPPPPPPPPPHPP
81,PPPPPPPPHPPPPPPPPHPP
82,HPPPPPHPPPPPPPPPPPPP
83,PPPPPHPPPPPPHPPPPPPP
84,HPPPPPPPPHPPPPPPPPPP
85,PPPPPPPPHPPPPPHPPPPP
86,PPHPPPHPPPPPPPPPPPPP
87,PPPPPPPPHPPPPPPPHPPP
88,PPPPHPPPPPPPPPPHPPPP
89,HPPPPPPPPPHPPPPPPPPP
90,PPPPPPPPPPHPPPPPPHPP
91,PPHPPPPPPPPHPPPPPPPP
92,PPHPPPPPPPPPPHPPPPPP
93,PPPPHPPPPHPPPPPPPPPP
94,PPPPPPPPPPPHPPHPPPPP
95,PHPPPPPPPPPHPPPPPPPP
96,PHPPPPPPPPPPHPPPPPPP
97,PPPPPHPHPPPPPPPPPPPP
98,PPPPPPPPPHPPHPPPPPPP
99,PPPPPPPPPPPPPPPPHPHP
100,PPPPPPPPPPPPPPPPPHHP
101,PPPPPPPPPPPPPPPPHHPP
102,PPHPPPPPPPPPPPHPPPPP
103,PPPPHPHPPPPPPPPPPPPP
104,HPHPPPPPPPPPPPPPPPPP
105,PHPPPPPPHPPPPPPPPPPP
106,PPPPPPPPPPPPPPPHPHPP
107,PPPPPPPPPPPPPPHHPPPP
108,PPPPPPPPPHPPPPPHPPPP
109,HPPPPPPPPPPPPPPHPPPP
110,PHPPPPPHPPPPPPPPPPPP
111,PHHPPPPPPPPPPPPPPPPP
112,PPPPPPPPPPPPPPPPPPHH
113,HPPPPPPPPPPPPPHPPPPP
114,PPPPPPPPPPPPPHPPPPPP
115,PPHPPPPPPPPPPPPPPPPP
116,PPPPPHPPPPHPPPPPPPPP
117,PPPPPPPPPPPPPHPPHPPP
118,PPPHPPPPPPHPPPPPPPPP
119,PPPPPPPPPPPHPPPPPPPH
120,PPPPPPHPPPPPPPPPPPHP
121,PPPPPPHPPPPPPPHPPPPP
122,PPPPPPPPPPPPPPHPPPPH
123,PPPHPPPPPPPPPPPPPPHP
124,PPPPPPPPPPHPPHPPPPPP
125,PHPPPPPPPPPPPPPHPPPP
126,PHPPPPPPPPPPPPPPHPPP
127,HPPPPPPHPPPPPPPPPPPP
128,PPPPPPHPPHPPPPPPPPPP
129,PPPPPPPPHHPPPPPPPPPP
130,PPPPPHPPPPPPPPHPPPPP
131,HPPPPPPPPPPPPHPPPPPP
132,PPPHPPPPHPPPPPPPPPPP
133,HPPPPPPPPPPPPPPPPPPH
134,PPPPPPPPPPPPPPPPPPPH
135,PPPHPHPPPPPPPPPPPPPP
136,PPPPPPPPPPPPHPPPPHPP
137,HPPPPPPPPPPPPPPPHPPP
138,PPPPPPPHPPHPPPPPPPPP
139,PPPPPPPHPPPPPPPPPPHP
140,PPPPPPPPPPPPPPPPPHPH
141,PHPPHPPPPPPPPPPPPPPP
142,PPPHHPPPPPPPPPPPPPPP
143,HPPPPPPPPPPPHPPPPPPP
144,PPHPPPPPPHPPPPPPPPPP
145,PPPPPPPPPPPHPPPPPHPP
146,PPPPPPHPPPPPHPPPPPPP
147,PPPPPPPHPPPPPPPPHPPP
148,PPPPPPPPPHPPPPHPPPPP
149,PPPPHPPPPPPPPPPPPPHP
150,PPPPPPPPPHPPPPPPPPPH
151,PPPPPPPPPHPPPPPPPPPP
152,PPPPPPPPPPPPPPPHHPPP
153,PPPPPPPPPPPPPPPPPHPP
154,PPPPHPPPPPHPPPPPPPPP
155,PPPHPPPHPPPPPPPPPPPP
156,PPPPPHPPPPPPPPPHPPPP
157,PPPHPPPPPPPPPHPPPPPP
158,PPPPPPPPPPHPPPPPPPPP
159,PPPHPPPPPPPPPPPPPPPH
160,HHPPPPPPPPPPPPPPPPPP
161,PHPPPPPPPPPPPPPPPPPH
162,PHPPPPHPPPPPPPPPPPPP
163,PPHHPPPPPPPPPPPPPPPP
164,PPPPHPPPPPPPPPPPPPPP
165,PPPPHPPPHPPPPPPPPPPP
166,PHPPPPPPPPPPPPPPPHPP
167,PPPPPPHPPPPHPPPPPPPP
168,PPHPPPPPPPPPPPPPPPHP
169,PPPPPHPPHPPPPPPPPPPP
170,PPPHPPPPPPPPPPHPPPPP
171,PPPPPPPPPPPHHPPPPPPP
172,PPPPPPPPPHPHPPPPPPPP
173,PPPPPPPHPPPPPPHPPPPP
174,PPPPHPPPPPPPHPPPPPPP
175,PPPPHPPHPPPPPPPPPPPP
176,PPPPPPPPPPPPHPHPPPPP
177,PPPPPPPPPPPPHPPPPPHP
178,PPPPPHPPPPPPPPPPPHPP
179,HPPPPPPPPPPPPPPPPPHP
180,PPPPHPPPPPPPPPPPPHPP
181,PPPPPHPPPPPPPPPPPPPP
182,PPPPPPPPPHPPPPPPPPHP
183,PPPPPPPPPPPPPPHPHPPP
184,PPPHPPPPPPPHPPPPPPPP
185,PPPPPPPPPPPPPPPHPPHP
186,PPPPPPPPHPPPPPPPPPPP
187,PPPPPHPPPPPPPPPPPPHP
188,PPPPPPPPPPPPPPPPHPPH
189,PPPPPPPPPHPPPHPPPPPP
190,PPPPPPPPPHPPPPPPHPPP
191,PPPPPPPPPPPPPPPPPPHP
192,PHPHPPPPPPPPPPPPPPPP
193,PPPHPPPPPPPPPPPHPPPP
194,PPPPPPPPPPHPPPHPPPPP
