id,sequence
0,PPHHPPPPPPPPPPPHPPPH
1,PPPPPHPPPPPPPHPPHPHP
2,HPPHPPPPPPPPHPPPPPPH
3,PHHPPPPPPPPHPPPPPPHP
4,PPPHPPPPPPPPHPPPPHPH
5,PPPHPPPPPPHPHPHPPPPP
6,HPPHPPPPPPPPHPHPPPPP
7,PPPPPPPPPPHPHPPPPPHP
8,PPPPPPPPPHHPPPPPPHPH
9,PPPPPHHPPPHPPPPPPPPP
10,PPPPPHPPPHPPPPPHPPHP
11,PPHPPPPPPPPPPPPPPHPH
12,PPPPPPHHPHPPPPPPPPPH
13,PPHPPPPPPPPPHPPHPPPP
14,PHPPPPPPPHPPPPPPPPPH
15,HHPPHPPPPPPPPPPPPPPP
16,HPPPPPHPPPPPPPPPPPPH
17,HPHPPPPPPPPPPPPPPPPH
18,PPPHPPPPPPHPHPPHPPPP
19,PHPPPPPPPPPPHPHPPPPH
20,HPHPPHPPPPPPPPPPPPPH
21,PPHPHPPPPPPPPPPPPPPH
22,PPPPPPHPPPPPHPPPPHPP
23,PPHPPPHPPPPPPHPHPPPP
24,PPPPPPPHHHPPPPPPPPPH
25,PPPPPHPPPHPPPHPPPPPP
26,PPPHPPPPHPPPHPPPPPPH
27,HPPPPPPHHPPPPPPPPPPH
28,PPPPPPPHPHPHPPHPPPPP
29,PPPPPPPPHHPHPPPPPPPH
30,PPHPPPPPPPPHPPPPPHPP
31,PPPPHPPPPHPPPPHPPPPP
32,PPHPPPPPPPPPPPHPPHPP
33,PPHPPPPPPPPPHPPPPPPH
34,PPPPPPPHPPHPPPPPPPHP
35,HPPPPPPPPPPHPPPHPHPP
36,PPPPPPPPPPHPPHPPHHPP
37,PPPPPHPPPPPHPHPPPPPP
38,PPHPPPPPPPPPPHHPPPPH
39,PPPPPPPHPPPPHPHHPPPP
40,HPHPPPPPPPPHPPHPPPPP
41,PPPHPPPPHHPPPPPPPHPP
42,PPHPPPHPPPPPHPPPPPPH
43,HPPPHPPHPPPPPPPPHPPP
44,PPPHPHPHHPPPPPPPPPPP
45,PPPPPPPPHPPPHPPHHPPP
46,PPPPHPPPPPPPHPPHPPPP
47,PHPPPPHPPPPPHPPHPPPP
48,PPHPHPPPPHPPPHPPPPPP
49,PPPPPHHPPPPPPPPHPPHP
50,PPPPPPPPHPPPPHPPPPPH
51,PHPPPPPPPPPPPPPPPHPH
52,PPHPPHPPPPPPPPHPPPPH
53,HPPPPPHPPPPPPPPPPPHH
54,PPPPPPPPPHPPHPHPHPPP
55,PPPPPPPPPPPHPPPPHPPH
56,PPHPPPPPPPPHPHHPPPPP
57,HPPHPHPPPPPPPPPPPPPP
58,PPPHHHPPPPPPPPPPPPPP
59,PHPPPPPHPPPPPHPPPPPP
60,PPPPPPPHPPHPPHPPPPPP
61,PPHPPPPPPHPPPPPHHPPP
62,HPHPPPPPPPHPPPPHPPPP
63,HHPPPPPPPPPPHPPPHPPP
64,PPPPHPPPPPPPPPHPHPPP
65,PPPPPPPPHPHPPPPPPHHP
66,PPPPPPHPHPPPPHPPPPPP
67,PPPHPPPHPPHPPPPHPPPP
68,HPPHPPHPPPPPPPPPHPPP
69,PPPPPPPPPPPPHPHPPPHP
70,PPPPPPHHPPPPPPPPHPPP
71,PPPPHHPPPPPHPPPPPHPP
72,PPPPPPPPPPPHPPHPPPPH
73,PPPHPPPPPPPHPPPPHHPP
74,PPPPPPHPPPHPPPPPPHPP
75,PPPPPPHPPPHPPPHPPPPP
76,PPHPPPPPPPPPPHPPPHHP
77,PPPPPPHPHPPPPPPPPPPH
78,PPPPPHPPPPHPPPPPPHHP
79,HPPPPPPPPHPPPHPPPPPP
80,PPPPPPPPPPPHPHPPPHPP
81,PPPPHHPPPPHPPPPPPPPH
82,PPPPPHPPPPPPPPPPPHPH
83,PHPPPPPHPPPPHPPPPPPP
84,HPPPPPPPPPPPPPPPHPPH
85,PPPPPPPHHPPPPPHPPPHP
86,PPPPPHPPPPPPPPPPHPPH
87,PPPPPPPPPHPHPHPHPPPP
88,PPPHHPPPPPPHPPPPPPPP
89,PPHPPPPPPPPPPPPHPHPP
90,PPPPPHPPPPPPPHPHPHPP
91,PPPHHPPPPPHHPPPPPPPP
92,PPPPPHPPPPPHHPPPPPPH
93,HPPPPHPHPPPPPPPPPPPH
94,PPPPHPPPPPPHPPPPHPPP
95,HPPPPPPPPHPPPPPPHHPP
96,HPHPPPHPPPPPPPPPPPPP
97,PPPPPPPPPPPPHHPPPPHP
98,PPPPHPPPPPPHPPPPHHPP
99,HPPHPPPPPHPPPPPPPPPH
100,PHHPPPPHPPPPPPPPPHPP
101,PPPHPPPPPPHPPPHPPPHP
102,PPPPPHPHPHPPPPPPPHPP
103,PPPHPPPPPHPPHPPPPHPP
104,PPPPPHPPPPPPPPPHPHPH
105,PPPPPPPPPPPHPPHPPHPP
106,HPPHPPPPPPPPPPPPPPHP
107,PHPPHPHPPHPPPPPPPPPP
108,HPPHPPPPPPPPPPPPPPPH
109,PHPHPPPHPPPPPPPPPPPH
110,PPPPHHPPPPHPPPPPPHPP
111,PPPPHPPHPPPPPPPHPPPH
112,PPPPHPHPPHPPHPPPPPPP
113,PPPHPPPPPPPPPPHHPHPP
114,PPPPHHPPPPPPPPHPPPPP
115,HPPPPPPPPHHPPPPPPPPH
116,HPPPPPPHHPPPPPPPPHPP
117,PPPPHPPPHPPPPPPPPPHH
118,PPPPPPHPPHPPPPPPHHPP
119,PPPPPPPHPPPPHPPPHPPP
120,PPPPPPPHPPHPHPPPPHPP
121,PPPPPPPPPPHPHPHPPPHP
122,PPHHPPPPHPPPPHPPPPPP
123,PPPPPHPPPPPPHPPPHHPP
124,PPPHPHPPPHPPPPPPPPHP
125,PPHPPPPPPHPHPPPPPPPP
126,PPPPPPPPPHPPHPPHPHPP
127,PPPHPPHPPPPPHPPPHPPP
128,PPPPPPPPHPPHPPPPPPPH
129,PPPHPPPPPHPHPPHPPPPP
130,HPPPPPPHPPPPHPPPPPPP
131,PHPHPPPPHPPPPPPPPPPP
132,PPHPPHPPHPPPPHPPPPPP
133,PPPPPPPPPPPPHPHPHHPP
134,PPPPPPPHHHHPPPPPPPPP
135,PPHPPHPPPPPPHPPPPPPP
136,PPPPPPPHPPPPPPPPPPHH
137,PPPPPPPHPHPPPPPPPHHP
138,PPPPHHPPPPHHPPPPPPPP
139,PHPPPPPPPHPPHPPPPPHP
140,HPPPPPPHPHPPPPPPPPPP
141,PPPPPPPPPHPPPPHPPHPH
142,PPPPPPPPPHPHPPPPHPPP
143,PPPPHPPPPPPPPPPPPHPH
144,PPPPPPPPPPPPHHPPHPPP
145,PPPPPPPPPHHPPPPHPPPH
146,PPPPPPPHHPPPPPHPHPPP
147,PPPHPHPHPPPPPPPPHPPP
148,PPHPPPPPHPPPPPHPPPPP
149,PPHPPPPHPPPPHPPPHPPP
150,PPPPPPPPPHHPPHPPPPPP
151,PPPPHPPHPPPPPPPPPHPP
152,PPPHPPPPPPHPPPPPHPPP
153,HPPPPPPPHPHPPPPPPPHP
154,PPPHPPPPPPPPPPHPHPPP
155,PPPPPPPPHPPPPHPPPPHP
156,PPPPHPPHPPHPPPPPPPHP
157,PHPPHPPPPPPHPPPPPPPP
158,PPPPPPPPHPHPPPPPPHPP
159,PPPPHPPPPPPPPHPPHPPP
160,HPPPHPHPPPPPPPPPPPHP
161,PPPPPPPHPPPPHHPHPPPP
162,PPPPPHPPPPHPHPPPPPPP
163,PPPPPPPPHPPPPPHPPPHP
164,PPPPPPPPPPPPPPPHPHHH
165,PPPPPPPPPHPHPPHPPPPH
166,PPPPPPPHPHPPPPPHPPPP
167,PPHPHPPPPPPPPPPPPPHP
168,HPHHPPPPPPPPPPPPPHPP
169,HPPPPPHPHPPPPPPPPPPP
170,PHHPPPPPPHPPPPHPPPPP
171,PPPPPPPHPHPPPHPHPPPP
172,HPPPHPPPPPPHPPPPPHPP
173,PPPPPPPPPHHPHPPHPPPP
174,PPPHPPPHHPPPPPPPPPPH
175,PPPPPPPPHPPPPPHPPPPH
176,PHPPPPHPPPPPPPPPPPHP
177,PPPPPPPPPPHPPHPPPPHP
178,PPPPPPHHPPPPPPPPPHPH
179,PPPPPPPPPPPPPPPHHPPH
180,PPHPPPPPPPHPPHHPPPPP
181,HPPPPPPPPHPPPPPHPPPH
182,PPPPPPHHPHPPPHPPPPPP
183,PPPPHPPPPHPPHPPPPPPP
184,PPHPHPHPPPPPPPPPPPPH
185,PPPPPPHPPPPPHHPPHPPP
186,HPPPPHPPPPPPPPPPHHPP
187,HPPPPPPPPPPPPHPHPPPP
188,PPPPPPPPPPPHHPPHPPPP
189,PPHHPPPPPPPHHPPPPPPP
190,PPPPHPHPPPPPPHHPPPPP
191,PPPPPPPPPPPHPHPPPPHP
192,PPPPHPHPPPPPPPHPPPPP
193,HPPPPPHPPPPHPPPPPPPH
194,PPPPPHPPPPPPPPPPHHPP
195,PPHPPPPPPPPPPHPHPPPP
196,PPPPPHPPPPPPHPPPPPHP
197,PPPPPPPPPPHPPPPHPPHH
198,PPPPPPPPPHPPPPPHPHPP
199,PPPPPHPPPPPPPPPPPPHH
200,PPPPPPPPHHPPHPPPPHPP
201,PPPPHPPPPPHPPPPPHPPP
202,HPPPPPPPPPPPPHPHPPHP
203,PPPPPHPPHPPPPHPHPPPP
204,PPHPPPHPPPPPHPPPPPHP
205,HPPPPPPPPPHPPPPHPHPP
206,PPPPPPHPPPHPPPHHPPPP
207,PPHPPPPPHPPPPHPPPPPP
208,PPPPPPPPPHHPPPPHPPPP
209,PPPPPPHPPPPPPPHPPHPP
210,PHHPPPPPHPPPPPPPPPPP
211,PPPPPPHPPHPPPPHPPPPP
212,PPPPPHPPPHPPPPPPPHPP
213,PHPPHPPPPPPHHPPPPPPP
214,HPPPHPPPPPPPHPPPPPPH
215,PPHHHPPHPPPPPPPPPPPP
216,HPPHPPPPPHPPPPPPPHPP
217,PPPPPHPPPPPPHHPPPHPP
218,PHPPPPPPHPPPHHPPPPPP
219,PPHPPPPPPPHPHHPPPPPP
220,PPPHPPPPHPPPHPPPHPPP
221,PPPPPPPPPPHPPPHPPPHP
222,PPPPPPHPPPPPPPHHPPPH
223,HHPPPHPPPPPPPPPHPPPP
224,PPPHHPPPPPHPHPPPPPPP
225,HPPPPPPPHPPPPPHPPPPH
226,PPHPPHPPPPPPPPPHPPPH
227,PHPPPPPPPPPPPHPPPPHH
228,PPPPPPHPPPPPPPPPHPHP
229,PPHPPPHHPPPPPPPPPHPP
230,HPPPPHPPPPPPPPPPPHPP
231,HPPPPPPPPPHPPPPPPPPH
232,PHPPPPPPPPPHPPPPPPHP
233,PPHPPPPPPPPPPPPPPHHP
234,PPPPHPPHPPPPHPPPPPPP
235,PPHPHPPHPPPPPHPPPPPP
236,PPPHHPPHPPPHPPPPPPPP
237,PHPPPHHPHPPPPPPPPPPP
238,PPPPPPHPPPPPHPPPPPHP
239,PPPPHPPPPHPPPPHPPPPH
240,PPPPPPHHPPPPPHHPPPPP
241,HHPPPPPHPPPPPPPHPPPP
242,PPPPPHHPPHPPPPPPPPPP
243,PPHPPPPPPPPPPHPPPPHH
244,PPHHPPPPPPPPPPPPPPPH
245,PHPPPPPPPPPHHPPPPPPP
246,HPPPPHPPPHPPPPPPPPPP
247,PHPHPHPPPPPPPPPPPPPP
248,PPPPPHPHPPPPPPHPPPPP
249,PPPPPPPPPPPPHPPPPPHH
250,PHPPPHPPPPPPPHPPPPPP
251,PPPPPPPHPPPPPPHHPPPP
252,PHPPPPPHPPPHPPHPPPPP
253,PPHPHPHPPPPPPPPPPPPP
254,HHPPPPPPPPPHPPPPPPPP
255,PHPPPPPPPPPPPPHHPPHP
256,PPPPPHHPPPPPPPPHHPPP
257,PPHPPPPPPPHPHPPPPPPP
258,PPPHPPPPHPPPHPPPPPPP
259,HPPPHPPPPHHPPPPPPPPP
260,PHPPHPPPPPPPPPHPPPHP
261,PHPHPPPPPPPPHPPPPPPH
262,PHPPPHPPPPHPPPPPPPPH
263,PPPHPHPPPPPPPHHPPPPP
264,PPPPPPPPPPPPHPPHPPHP
265,HPPPHPPPPPPPPPPPPHPH
266,HPHPPPPPPPHPPPPPPPHP
267,PPHPPPPPPPPPPPHPPHHP
268,PPPPPPPPPPPPPPHPPHHP
269,PPPHPPPPHPPPPPPPPHPP
270,PPHPPPPPHPPPHPPPPPPP
271,PPPPPHPPHPPHPHPPPPPP
272,PPPPPPPPPHPPPPHHPPHP
273,PPPPPHPPPPPPPPHPPPPH
274,HPPPPPPPPPPPPPPPPPHH
275,PHPPPPPPPHPHPPPPPPPP
276,PPHHPPPPPPPPPHPHPPPP
277,PPPPPPPPPPHPPPPPPHHP
278,PPPPPPHPPHHPPPPHPPPP
279,HPPPPPPPPHPPPPHPPHPP
280,HPPPPPPPPPHPPPPPHPPP
281,PPPPPPPPPPPHHPHPPPHP
282,HPPPPPPPPPPPPPPHPHHP
283,PPPPPPPPPPHPPHPPHPPP
284,PPPPPPPPHPPHHPPPHPPP
285,PPPPPPPPPHPHPPPPPPHH
286,PPPPPPPPPPPPHPPHHPPH
287,PPPPHHPPPPPPPPHPPPHP
288,PPPPPHPPHPPPHPPPPPPP
289,PPHPHPPPPPPPPPPPHPPP
290,PPHPPPPHPHPPPPPPPHPP
291,HPPPPPPHHPPPPHPPPPPP
292,PPPPPPPPHPPPPPPHPHPP
293,PPHPHPPHPPPPPPPPPPPP
294,PPPPPPHHPPPPHPPHPPPP
295,HPPHPPPPPPPPPPPPPHPH
296,PPPHPPPHPPPHPPPPPPPH
297,PPPPPPPPHPPPPHPPHPHP
298,PPPPPHPPPPPPPPHPPPHP
299,PPHPPPPPPHPPPPPPPPHP
300,HPPPPPPPPPPPPPHPHPHP
301,PPPPPPPPPPPHPHHHPPPP
302,PPPPPPHHPPHPPPPPPPPP
303,PPPPPPHPHPPPPPPHPPHP
304,PPPHPPPHPPPPPPPPPPHP
305,PPPPPPHHPPPPPPPHHPPP
306,PHPHPPPPPPPPPPPHPPPP
307,PPHPPPPPPHHPPPPPPPPP
308,PPHHPPHPPPPPPPPPPPHP
309,PPPPPHPHPPPPPPPPHPPP
310,PHHPPPPHPPPPPPPPPPPP
311,PPPPPPHPHHPPPPHPPPPP
312,PPHPPPPPPPPPHPPHPPHP
313,HPPPHPPPPPPPPHHPPPPP
314,PPPPPPPHPHHPPPPPPPHP
315,HPHPPPPPPPPPPPPPPHPP
316,PPPPPHPHHPPPPPPHPPPP
317,PPPPPPPPPHHPPPHPPPPH
318,HPPPPPPPPPPPPPPPHHPP
319,PPPPPPPHHPPPHPPPPHPP
320,PPPPHHPPPHPPPPPPPHPP
321,PPHHPHPPHPPPPPPPPPPP
322,PPHPPPHPPHPHPPPPPPPP
323,HHPPPPPPHPPPPPPHPPPP
324,PHPPPHPPHPPPPPHPPPPP
325,PPPHHPPPHPPPPPPPPPPP
326,PHPPHPPPPPHPPPPPPPPH
327,PPHPPHPPPPPPHPPPPPPH
328,PPHPPPPHPPPHPPPPPPPP
329,PPPPHPPPHPHPPPPPPPPP
330,PPPPPPHPPPPHPHPPPPPP
331,PPPPPPPPHPPHPPPPPHPP
332,HPPPPHPHPPPPPPPPPHPP
333,PPPPPPPPHPPPHHPPPPPP
334,PPPHHPHPPPPPPPPPHPPP
335,PPPPPPPHHPPPPPHPPPPP
336,PPPPPPHPPPHPPPPHPPPP
337,PPPPPPHPHPPPHPPPPPPH
338,HPHPPPPPHPPPPPPPPHPP
339,PHPPHHPPHPPPPPPPPPPP
340,PPPPPPPPPHPPHPHPPPPH
341,PPPHPHPPPPPPHPHPPPPP
342,PHPPHPPPHPPPPPPHPPPP
343,PPHPPPPPHHPPPPPPPPHP
344,PHPPPPPPPPPPPPHHPPPH
345,PPHPPPPPPPPHHPHPPPPP
346,PPPPHPPHPPPHPPPPHPPP
347,PPPHPPPPPHPPPPPPPPPH
348,PPPHPPPHPPPPPPPPHPPP
349,PPPPPPPPPPPHPPPPHPHP
350,PPPPPHPHPPPPPPPHPPPP
351,PPHHPPPPHHPPPPPPPPPP
352,PPPPHPPPHPPPPHPPPPHP
353,PHPHPPPPPPPPHPPPPPPP
354,PHPPHPPPPPPPPPPPHPPP
355,PPHPHPPPHPPPPPPPPPHP
356,PPHPPPHPPPPPPPPPHPPH
357,PPPPPHPHHHPPPPPPPPPP
358,PPHPPPPPPPPPHHPPPPPP
359,PHPPPPPPHPPPHPPPPPPP
360,PPPPPHPPPPPPPPPPHPHP
361,HPPPPPPPPPPPHHPPPPPP
362,PPPHPHPPPPPPPHPHPPPP
363,HPPHPPPPPPPPHPPPPPPP
364,HPPPPPHPPPPHPPPPHPPP
365,PPPPPPHPHPPPPPHPPPPH
366,PPPPPPPPPHHPPPPPPHHP
367,PPPPPHPPHPPPHPHPPPPP
368,PPPPPPPPPPPHPHPPPHHP
369,PHPPPPPPPHPPPPPPHPPP
370,HHPPPPPPPPPPPPPPPHHP
371,HHPPHPPPHPPPPPPPPPPP
372,PPPPHPPPPPPPHPPPHPHP
373,PHPPPPPPHPPPPPHHPPPP
374,PPPPPPHHHPPPPPPPPHPP
375,HPPPPPPPPHPPHPPPPPPH
376,PHPPPHHPPPPPPPPPPPPP
377,PHHPPPPPPPHHPPPPPPPP
378,PPPPHPPPPPPPPHHPPPPP
379,HPPHPPPHPPPHPPPPPPPP
380,PPPHPPPPPPPPPPPPPHHP
381,PHPPPPPPPPPPPPPPHPHP
382,PHPPHPHPPPPPPPPPPPPP
383,PPPHPHPPPPHPHPPPPPPP
384,PPPHPPPPPHPHPPPPPPHP
385,PPPHPPPPPPPHPPPPPPHP
386,PPPPHPPPPPPHPPPPPHHP
387,HPPHPHPPPHPPPPPPPPPP
388,HPPPPHPHPPPHPPPPPPPP
389,PPPPHPPPPPHPPHPPHPPP
390,PHPPHPPHPPPPPPPPPPHP
391,HPPPPHPHPHPPPPPPPPPP
392,PPPHPPPHPHPPPHPPPPPP
393,PHPPPPPHPPPHPPPPPPPP
394,PPHPPPPHPPPPPPPPPPHP
395,PPPHPPHPPPPPPPHPPPHP
396,PPPHPPPPHPPPPPPHPPPP
397,PPHHPHPPPPPPPPPPPPPP
398,HPHPPPPHPPPPPPPPPHPP
399,PPPHPPPPHPPPPPPPHPPP
400,HPPPPPPPPHHPPPPPPPPP
401,PPPPPPPHPHPPPPPPPPPH
402,PPPPPPPPPPPPHPPPHHPP
403,PPPPPPPPPPPHPPPPPPHH
404,PPPHHPHPPPPPPPPHPPPP
405,PPHPHPPPPPPPHPPPPPPP
406,HPPHPPPPHPPPPPPPPPPP
407,PPPHPPPPPPPPPPPPHPPH
408,PPHPPPHPPPPPHPPHPPPP
409,HPPPPPPPPPPPPPPPHPHP
410,HPHPPPPPPPPPPHPHPPPP
411,PPPPPPPPPPPPPHPHPPHP
412,PPPPPPPHPPPHPHPPPPPH
413,PPHPPHPPPPPHPHPPPPPP
414,PPPPHHPPPHPPPPPPPPPP
415,HPPPPPPPPPHHPPPPHPPP
416,PPPPPPPHHHPPPPPPPPPP
417,PPPPPPPHPPHPHPPPPPPP
418,PPPPPPPHPHHPHPPPPPPP
419,PPPPPPHPHPHPHPPPPPPP
420,PPHPPHPPPHPPPPPPPPHP
421,PPPPPPPPPPHPPPPHHPPP
422,PPPHPPPPPPPPPPPPPPHH
423,PPPPPPPPPPHPPPPPPHPH
424,PHPPPPHPPPPPPPPPPHPH
425,HPPPPPPPPPPPHHPPPHPP
426,HPPPHPPPPPPPHPPPPPPP
427,PHPPPPPHPHPPHPPPPPPP
428,HPPPPPHPHPPHPPPPPPPP
429,PPPPPHPPPHPHPPPPPPPP
430,PPPHPPHPPPPHPPPPPHPP
431,PPPPPPPPPPPHPPPPPHHP
432,PPPPPHPPHPHPPPPPPPPP
433,HPHPPPPPPPPPPPHPPPPP
434,PHHPPPHPPPPPPPPPPPPP
435,HPPHPPPPPHPPPPPPPPPP
436,PPHPPPHPPPHPPPPPPPPH
437,HHPPPHPPPPPPPPPPPPPP
438,PPPHPHPPPPPPPPPHPPPP
439,HPPHPPPPPPHPPPPPPPPP
440,HPPPPPPPHHPPHPPPPPPP
441,PPHPPPPPPPPPPHPPPPHP
442,PPPPPHPPPPHHPPPPPPPH
443,PHPPPPPPPHPPPHPPPPPP
444,PPPPPHPPHHPPPHPPPPPP
445,PHPPPPPHPPPHPPPHPPPP
446,PPPPPPHPPHPPPPHPPPHP
447,PPPPPPPPPHPPPPHPPPHP
448,PPPPPPPHHPPPHPPPPPPP
449,PHPHPPPPHPPPPPHPPPPP
450,PPPHPPPPPPPPPHPHPPPP
451,PPPPHPPPPHPPPPPHPPPP
452,PHPPPPHPPPPHPPPPPPPH
453,PPPPPPHPPPPHPPPHPPPH
454,PPPPPHPPPHPPHPPPPPPP
455,PPPPPPPPPHPPHPPPHPPP
456,PPPPHPHHPPPPPPPPPHPP
457,HPPHPPHPPHPPPPPPPPPP
458,PPPPPPPHPPPPPPPPHPHP
459,PPPPPHHPPPPHPPPPPPPP
460,PPPHPPPPPPPPHPPPPPHP
461,PPPPPPPHHPPPPHPPPPPH
462,PPHPPPPPHPPPHPPPPHPP
463,PHPPPPPPPPPPHPPHPPPP
464,PPPHPPPPPHPPPHPPHPPP
465,PHHPPPPHPPPPPPPPPPHP
466,PPPPPPPHPPHPPPPPPPPH
467,PPPPPHPPPPHPPHPPPPPP
468,PPPPPPPPPHPPPPHPHPHP
469,HPPPPPPPPHPPPPPPPHPP
470,HPPPPPPPPPPPPPPHPHPH
471,PPPHPPPPPHPPPPPHPHPP
472,PPPPPPPPPPPPHPPPPHPH
473,PPPPPPPPPHPHPPPHPPHP
474,PPPPPPHPPPHPPPHPPPPH
475,HPPPHHPPPHPPPPPPPPPP
476,PPPPPPPPHHPPPHPPPPPP
477,PHPHPPPPPPPPHHPPPPPP
478,PPHPHPPPPPPPPHPPPHPP
479,PPPPHHPPHPPPPPPPPHPP
480,PPPPPPPPPHPHPHPPPPPP
481,PPHPPPPHPHPPPPHPPPPP
482,HPPPHPPPPHPHPPPPPPPP
483,PPPPHPHHPPPPPPPPPPPP
484,HHPPPPPPPPPPPHPPPPPP
485,PHPPPPPPPPPPPHPPHPPP
486,PPPPPPHPPPHPPPPPHPHP
487,HHPPPPPPPPPPPPHPHPPP
488,PPPPPPPPHPPHPHPPPHPP
489,PPPPHPPPPPPHPPPPHPHP
490,PPHPPPPPPPHPPPPPHHPP
491,PPPHPPPHPPPHPPPPPPPP
492,PPPPHPPHPPPPPHPPHPPP
493,PPHHPPPPPPPPPPHPPPPP
494,PPPPPPPPPPHPHPPHPPPP
495,PPPPPHPPPPPHPHPHPPPP
496,PPPPPPPPPPPPHPHPHPPP
497,PPPPPHPPPPHPPPPPHPPP
498,PPPHPPPPPPHPPPPPPHPP
499,PPPHPPPHPHPPPPPPPHPP
500,HPPPPPPPPPPPPPPPPHHP
501,PPPPPPPPPHPHHHPPPPPP
502,PPHHPPPPPHPPPPPPPPPP
503,PHPPPPHHPPPPPPPPPPPP
504,PPPPHPPHPPPPPPPPPHPH
505,HPPPPPPHPPPHPPPPPPPP
506,PPPHPPPHPPPPPPPHPHPP
507,PHPPPHPPPPPPPPHPPPHP
508,PPPPPPPPPHPHPPPPPHPP
509,HPPPHPPPHPPPPPPPPPPP
510,PPPPHPPPPPPPPHPHPPPP
511,HPPPPPPPHPPPPPPPPPHP
512,PPPPHHPPPPPPPPPPPPHP
513,PPPPPPHPHHPPPPPPPPPP
514,HPPPPPPPPPPPPPPHPPHP
515,HHPHPPPPPPPPPPPPPPPH
516,HPPPPPPHPPPPPPHPHPPP
517,PPPHPPPPPPPHPHPPPPPP
518,PPPPPPPPHPHPPHHPPPPP
519,PPPPHPPPPPPPPPPHPPPH
520,PHPPPPPPHPPPPPHPHPPP
521,PPPPPPPPPPPPHPPHPPPH
522,PPPPPHPPPPPPHPPHPPHP
523,PPPPPPPPPPHHPPPPPPHP
524,PHHPPPPPHPPHPPPPPPPP
525,PPHPPPPPPHPPHPHPPPPP
526,PPPPPPPPPPHHPPHPPHPP
527,PPPPPPPPPPHPHHPHPPPP
528,PPHPPPPPPHPPPPPPPHPP
529,PPPPHPPPPPHHPPPPPHPP
530,PPPPHPPPPPPPPPHHPPPP
531,PPPPPPPPPPHPPHHPHPPP
532,PPPHPPHPPPPPPPPPPPPH
533,PPPPPPPPPHHPHPPPPPPP
534,PHPPPPPPPPPPHPHPPPHP
535,PPPPPHPPPHPPHPPPPPHP
536,PHPPHPPPPPPPPHPPPPPP
537,HPPPPPPPPPPPPPHPHPPP
538,PPPHPPPPHPPHPPPPHPPP
539,PHPPPPPPHPPPPPPHPPPP
540,PHPPPPPPPHPPHPPPPPPP
541,PPPPPHHPPPPPHPPHPPPP
542,PHPPPPPPPPPPPPHPPPPH
543,HPPPHPPPPPPPPHPPPPHP
544,PPPPPPPPPPHPPPPHPPHP
545,PPPPHPPPPPPPPHPPPHPP
546,PHPPPPPPPPPPPPPPPHHP
547,PHPPPPPPPPPHPPPPPHPP
548,PPHHPPPPHPPPPPPPPPPP
549,PPPPHPHPPPHPPPHPPPPP
550,PPPPPHPPPPHPPPPHPPPP
551,PPPHPPPHPPPPPPPPPHPP
552,PPPHPHPPPPPPPPPPPHPP
553,HPPHPPPPPPPHPPHPPPPP
554,PPPPPHHPPHPPPPHPPPPP
555,PPHHPPPPPPPPPHPPPPPH
556,PPPPPPPPPPPPPPPPHHPH
557,PHPPPPPPPHHPPPPPPHPP
558,PHHPPPPPPPHPPPPHPPPP
559,PHPHPPPHPHPPPPPPPPPP
560,PHPPPPPPPPPHPPHPPPPH
561,PPPPHPPPHPPPPPPPHPPP
562,PPPPPPPHPPHHPPHPPPPP
563,PHPPHPHPPPPPPPPPPHPP
564,HPPPPPPPPHPPPPPHPPPP
565,PPPPPPHHPPPPHPPPHPPP
566,PPPPHPPPPHPPPPPPHPPH
567,HPPPPPPPPPPPPPPPPHPH
568,PPPPPHHPPPPPPHPPPPPP
569,PPPPHHPPPPPPHPPPPPPP
570,HHPPPPPPPPPPPPHPPPPP
571,PPPPPPPPHPHHPPPPHPPP
572,PPPPPPPHPPPPPPHPPHPP
573,PPPPHPPPHPPPPPPPPHPP
574,HPPPPPPHHPPPPPPPPPHP
575,PPPPPPPHPHPPPPPPHPPP
576,PHPPPPPHPPPPPPPHHPPP
577,PPPPHPHPPPHPPPPPPPPP
578,HPHPPPPPPPPPPHPPPPPP
579,PPHPPPHPPPPPPPPPPPPH
580,HPPPPPHPPPPPPPPPPHPP
581,PPPPPPPPPPPHHPPPHPPP
582,PHHHPPPPHPPPPPPPPPPP
583,HHPPPPHPPPPPPPPHPPPP
584,PPPPPPPHPHPPPHPPPPPP
585,PHPPPPHPPHPPPPPHPPPP
586,PPHPPHPPPPHPPPPPPPPP
587,HPPPPPPPPPHPPHPPPPPP
588,PPPHPHPHPHPPPPPPPPPP
589,PHPPPHPHPPPPPPPPPPPP
590,PPPPPPPPPHPPPHPHPPPP
591,PPPPPPPPPPHPPHPHPPPP
592,PPPPPHPPPPPHPPPPPPHP
593,PPPPHHPPPPPPPPPPHPPP
594,HHPPPPPPPHHPPPPPPPPP
595,PPPHPPPPPPHPPHPPPPPP
596,PPPPPHHPPPPPPPHPPPHP
597,PPPPPPPPPPPHPHPHPPHP
598,PPPPPPPPPHPPPPPPPHHP
599,PPPPPPPHHPPPPPPHPPPP
600,PPPPPPPPPHPPPPPHPPPH
601,PHPHPPPPPPPHPPPPPPPP
602,PPHPHPPHPHPPPPPPPPPP
603,PPPPPPPPPPPHPHPPHPPP
604,PPPHPPHPPPPPPHPPPPPP
605,PPPPPPPPPPHHPPHPPPPH
606,PPPPPPPPHHPPPPHPPPPH
607,PPPPPPPPPHPPPHPPPPHP
608,PPHPPPPPPHPPPPHPPPPP
609,PPPPPPPHPHPHHPPPPPPP
610,PHPPPPPPPPPHPHPHPPPP
611,PPPPHPPPPPHPHPPPPPPP
612,PHPPPPPPPPPPHHHPPPPP
613,PPPPPPPPHPPPHPPHPPPP
614,PHPHHPPPPPPPPPPPPPPP
615,PPPHPPPHHPPPHPPPPPPP
616,PPPPPHPPHHPPHPPPPPPP
617,PHPPPHPPPHPPPPPPPPPH
618,PPHPPPHPPPHPPPPHPPPP
619,PHPPPPPHPPPPPPHPPPPH
620,PHPPPPPHPPPPPHHPPPPP
621,PPPPPPPPPPHPPPHPHPPP
622,PPPHPHPPPPPPPPHPPPPP
623,HPHPPPPPPPPPPPPHPPPP
624,PPPPPPPPPHPPPPHPPHPP
625,PPPPPPHPPPHHPPPPPPHP
626,HPPPHPPPPPPHPPPHPPPP
627,PPPHPHPPPPPPPPPPPPPH
628,PPPPPPPHPPPHPPPPPHPP
629,PPHHPPPPPHPHPPPPPPPP
630,PPPPPPPPPPPPHHPHPPPP
631,PHHPPPPPPPPPPPPPPPHP
632,PPPHPPPHHPPPPPPPPPPP
633,PPPPHPPPPPHPPPPPPHPP
634,PPPPPPHPPPPHPPPPPPHP
635,PHPPPPPPPHHPPPPPPPPP
636,PPPPHPPPPPPPPPPHPHPP
637,PPHPPHPPPPPPHPPPPPHP
638,PPHPPPPHPPPPPPPPPHPP
639,PPPHPPHPPPHHPPPPPPPP
640,HPHPPHPPPPPPPPPPPPHP
641,PPPPPPHPPPHPPHPPPHPP
642,PPPPHHPPPPHPPPPPPPPP
643,HPHPPPPPPPPPPPPPPPHP
644,PPPPPPHPHHPPPPPHPPPP
645,PPPHPPPPPPPHPPPPPHPH
646,HPPPPPPPPPPHPPPHPPPP
647,PPPHHPPPPPPPPPHPPPHP
648,PPPHPPPPPPPPPPPHHPPH
649,PPPHHPPPPPPHPPPPPPHP
650,PPPPPHHPPHPPPHPPPPPP
651,PPPPPHPPHHPPPPPPPPPH
652,PPPPPPPHPPPPHPHPPHPP
653,HPPPHHPPPPPPPPPPPHPP
654,PPPPHPPHHPPPPPPPPPPP
655,PPPPPPPPHPHHPPPPPPPP
656,PPPPHHHPPPPPPPPPPPHP
657,PPPPPPHPPPPPPHHPPPHP
658,PPPPPPPPPPPHPHPHPPPH
659,PPPPPPPPPPHPHPHHPPPP
660,PHPPPPHPPHPHPPPPPPPP
661,PPHHPPHPPPPPPPPPPPPH
662,PPPHPHPPPPPPPPPPHHPP
663,PPPPHPPPHPPPPPPPPPHP
664,PHPPHPPPPPPHPHPPPPPP
665,PPHPPHPPPPHPPPPPHPPP
666,PPPPPPHPPPPHPPPPPPPH
667,PPPHPPHHPPPPPPPPPPPP
668,PPPPHPPPPPPPPHHHPPPP
669,HPPPPPPHPPPHPPPPHPPP
670,PPPPPPPPPPPHPHPPPPPH
671,PPPPHPPPPPPPPHPPPHPH
672,PPHPPPHPPHPPPHPPPPPP
673,PPPPPHHPPPPPPPPHPPPP
674,HPPHHPPPPHPPPPPPPPPP
675,HHPPPHPHPPPPPPPPPPPP
676,HPPPPPPHPPPPPPHPPHPP
677,PPPPHPPPPPPPPPPPPPHH
678,PPPPHHPPPPPHPPPPPPPH
679,PPPHPPPPPPPPPPPHPPPH
680,HPPPHPPPPPPPPHPPPPPP
681,PPPPPPPPHPPPHPPPPPHP
682,HPPPPPPPPPPPPPPHHPPP
683,PPPPPPPPHPPPPHHPPHPP
684,HPPPPPPPHPPHPPPHPPPP
685,PPPPPPPHHPHPPPPPPPPP
686,PPPPHPPPHPPPHPPPPPPP
687,PPPPPPPPPPPPPPPPHPHH
688,PPPHPPPPPPPPHPPPPPPH
689,PPPPHPPPPPPPPPPPPHHP
690,PPPPPPPPPHPHHPPPPPPP
691,PPPHPPPPPHPPPPHPPPHP
692,PPPHPPPPPHPPPHPPPPHP
693,PPPPPPPPPPPHHPPHPPPH
694,PPPHPPHPPPPPPPHPPPPP
695,PPPPPPHPHPPPPPHPPPHP
696,HPPPPPHPHPPPPPHPPPPP
697,PPPPPPPPHPHPHPHPPPPP
698,PPHPPPPPHPPPPHPPPHPP
699,PPPHPPPPPPPPPPHHPPHP
700,HPPPPPPPHPPPHPPPPPPP
701,PHPPPPPPPPHPPPPPHPPH
702,PPPHPPHPPHPPPPPPPPPH
703,PPPPHPPPPPPPHPPPPPPH
704,PPPPHPPPPPHPPPPHPPPP
705,PPPPPPPPPPPHHPHPPPPP
706,PHPPPPHPPHPPPPPPHPPP
707,PHHPPPPHPPPPHPPPPPPP
708,PPPPPPPPPHPPHHPPPPPP
709,PHPPHPPPPPPPPPPPPPHP
710,PPPPPPPHPPPHPPPPHPPP
711,PPPPPPPPPPPPPHHHPHPP
712,PPPPPPPPPPPPPHHPPPPH
713,PPPHPPPPPPPPPPHHHPPP
714,PPPPPHPPPPPPPHPHPPPP
715,PPPPHPPPPPPPHHPPPPPP
716,PHPPPPPPHPPPPPPPHPPP
717,PPPPPPPPPPHHPPPPPHPP
718,PPPPPPHPHPPPPPPPPPHP
719,HHPHPPPPPPPPPHPPPPPP
720,PPPPPPPHPHHPPPPPHPPP
721,PPPPPPHPPPPPHPPHPPPP
722,PHPHHPPPPPPPPPPPPPHP
723,PPPHPPPPPPPPHHPPPHPP
724,PPPPHPPPHPPPPPPHPPPP
725,PHHPPPPPPPPPPPHHPPPP
726,PHHPPPPPPPPPHPPPPPHP
727,HHPPPPPPPPPPPHHPPPPP
728,PPPPPPPPHPHPHHPPPPPP
729,PPPPHPPHPPPPPPPPPPHP
730,PPPPPPHPPHPHPPPPHPPP
731,PPPPPPPPPPPHHHPPPPPP
732,PHPPPHPPPPPPPPPPHPPP
733,PPHPPPHPPPPPPHPPPPHP
734,PPPPPPPPHPPHPPHHPPPP
735,PPPHPPPPPPPPPPPHHHPP
736,PPHPPHPPPPPHPPPPPPPP
737,PPPPHPPPPPPPHPPPPPHH
738,HPHPPPPPPPPHPPPPPPPP
739,HHPPPPPPHPPPPPPPPHPP
740,PPPPPPHPPPPPPHPPPHPP
741,PHPPPPPPHPPPPPHPPPPP
742,HPPPPPPPPHHPPPPPPPHP
743,PPPPPPPPPHPPPHHPPPPH
744,PPPPPPPPPPHPHPPPPPHH
745,PPHPPPHPPPPPPPPPPPHP
746,PPPPHPPPPHPPPPHPPPHP
747,PPHPPPPPPPHPPPHHPPPP
748,HHPPPPPPPPPPPPPHPPPP
749,PPPPPHPPHPPHPPPPPPPP
750,HPPPPPPPPPHPHPPPPPHP
751,PPPHPPPPHPPPPPHPHPPP
752,PHHPPPPPPPPPPHPPPPPP
753,PPPPPHPHPPPPPPPPPHPP
754,PPHPPHPPHPPPPPPPPHPP
755,PPPHHPPPPPPPPHPPPPPH
756,HHPPPPHPPPPPPPPPPPPP
757,PPPPPPHPPHPPPPPPPPPH
758,HPHPPPPPPPPHPHPPPPPP
759,PPPPPPPPHPPHPPPHPPPP
760,PHPPPPHPHPPPPPPPPHPP
761,PPPHPPPPPPHPHPPPPPPP
762,HPPPHPPPPPPPPPPHPPPP
763,HPHPPPPPPPPPPPPPHPHP
764,PPPPPHHPPPPPPPPPPHPP
765,PPPPPPPPHPHPPPPPPPHP
766,PPPPPHPHPPHPPHPPPPPP
767,HHHPPPPPHPPPPPPPPPPP
768,PPPHPPPPPPHPPPPHPPPP
769,PPPPPPPPPHPPPPHHPPPP
770,PPHPPHPPPPPPHPPHPPPP
771,PHPPHPHPPPPPPPPPPPHP
772,HHPPPPPPPHPPPPPPHPPP
773,PPPHPPPPHPPPPPPPHHPP
774,PPPPPPPPPPPPPHHHPPPP
775,PPPHPPPHPHPPPPPPPPPP
776,PPPPPHPPPPHPPPHPPPPH
777,PPHPPPPPHPPPPPPPPPHP
778,PPPPPPPHPPPPPPPHHPPP
779,PPPHPPPPPPPHPHPPPPHP
780,PPPHHHPPHPPPPPPPPPPP
781,PPPPPPHPPHPPPHPPHPPP
782,PPPPPPPHPPPHPPPPPPHP
783,HPPPPPPPHPPHHPPPPPPP
784,PPPPPHHPPHPHPPPPPPPP
785,PPPHPPPPPHPPPPPHPPPP
786,PPPPPPPPPPPPPPHPPPHH
787,PPPHHPPPPPPHPPPPHPPP
788,PPPPHPHPPPPPPPHPPHPP
789,PPPPPPHHPPHPPPPPPHPP
790,PPPPPHPPPHPPPPPHPHPP
791,PPPPPHPPHPPPPHPPPPPP
792,PPPPPPPPPPHPPPPHPPPH
793,PPPHPPPPPHPPPPPPPPHP
794,PPPHPHPHPPPPPPPPPPPP
795,PPPHPPPPPHHPHPPPPPPP
796,HPPPPPHPHPPPPHPPPPPP
797,PPPHPHPPPPHPPPPPHPPP
798,PPPPPHPPHPPPPPPPPPHP
799,PPHPPPHPPPPPPPHPPPPP
800,PPPPPPPHHPPPPPPPPHHP
801,PPPPPHPPPHPHHPPPPPPP
802,PPPPPHHPPPPPHPHPPPPP
803,PPHHPPPPPPPHPPPPPPPP
804,PHPPPHPPPPPPPPHPPPPP
805,PHPPPPPPPPHPPPPHPPPP
806,PPPPHPPPPHPPPPHPPHPP
807,PHPPPPPPPPPPPPPPHHPP
808,PPPPHPPPPPPPHPPPHPPP
809,HPPHPPHPPPPHPPPPPPPP
810,PPPHPHHPPPPPPPPHPPPP
811,PPPPHHPPPPPHPPPPHPPP
812,PPPPPPHPPPHHPPPPHPPP
813,PPPPPPPPPPPPPPHHHPPP
814,PPHPPPPPHPPPPPPPPHPP
815,PPPPHHPPPPHPPPPPPPHP
816,PPHPPPPPPPPPHPPPPHPP
817,HPPHPPPPPPPPPPPHPHPP
818,PPPPHPPPHPPPHPPPPPHP
819,HPPPPPPPPPHHHPPPPPPP
820,PPPPPPPPPPPHPHPHPPPP
821,PPHHHPPPPPHPPPPPPPPP
822,PPHPHPPPPPPPPHPPHPPP
823,PHPPPPHPPPPPPPHPPPPP
824,PPPHPPHHPPPPPPPPPPPH
825,PPPPPPPHPPPPPPPPPHHP
826,PPHPPPPPPPPPPPHPPPHP
827,PHPPPPPPPPHPHPPPPPPP
828,PPPPPPPPPHHPPPHPPPHP
829,HHHPPPPPPPPPPPPPPPPH
830,PPHPHPPPPPPPPHPPPPPP
831,PPPHPPPPPPPPPPPPPHHH
832,PPPPPPHPPPPPPHHPPPPP
833,PHPPPPPPPPHPPPHHPPPP
834,PPHPPPHPPPHPPPPPPHPP
835,PPPPPPPPPPPPPHPHHPPP
836,PPPHPPPPHPPHPPPPPPHP
837,PPPPPPHPPPPPPHPPPPHH
838,HPPHPHPPPPPPPHPPPPPP
839,PPPPPPPHPPPPPPHPPPPH
840,PHHPPPPPPPPPPPPPPPPH
841,PPPPPPHPPHPPPPPPHPPP
842,PHPPPPPPHPPPPPPHHPPP
843,PPHPPPPHPPPPPHPHPPPP
844,PPHPPHPPHPPPPPPPPPHP
845,PPPPHPPHPPPPPPPPHPHP
846,PPPPPPHPHPHPPPPPPPPP
847,PPPPPPHPPPHPPHPPHPPP
848,PPPPPPPPPHPPPHPPHPPP
849,PHPPPPPPPPPPPPPHPPHP
850,PPPPPPPHHPPPHPPHPPPP
851,PPPPPPPHPPPPPPPPPHPH
852,PPPHPHPPPPHPPPPPPPHP
853,PPPHHPPPPPPPPPPPPPHP
854,PPPPPPHPHPPPPHPPHPPP
855,HPPPHPPPPHPPPPPHPPPP
856,PHPPPPHPHPPPPHPPPPPP
857,PPPPPPPPPHHPPPPPPHPP
858,PPPPPHPPPPHPPPPHPHPP
859,PPPHPHPPPPHPPPPHPPPP
860,PPHPPPPPPPPPPPPPHPPH
861,PPPPPPPPPPPPHPPPHPHP
862,PPPPHHPPPPPPPPPHPPPP
863,PPPPPPHPPPPPHPPHPPPH
864,PPPPPPPPHPPHHPPPPPPP
865,PPPPPPPHPPPPHPHPPPPP
866,PPPPPPPHHPPPPPPHHPPP
867,PPPPPPPPHPPPPHPPHPPP
868,PPHPPPPPPPPPPPPPHPHP
869,PHPPPPPPPPHPPPHPPPPH
870,PPHHPPPPPPHPPPPPPHPP
871,PPPPPHHPPPPPPPPPPPHP
872,PPPPPPPPPHPPPPPPHPPH
873,PHHPPPPPPPPPPPPPPHHP
874,PHHPPHPHPPPPPPPPPPPP
875,PPHHPPPHPPPPPPPPPPPP
876,PHPPPPPPPPPPHPPHPPPH
877,PPPPHPPPHPPPPPPPHPPH
878,PPPPPPPPPPHPPPHPPPPH
879,HPPPPPPPHPPPPPHPHPPP
880,PPHPPPPPPPHPPPPHPPPP
881,PHPHPPPPPHPPPPPPPPHP
882,HPPPHPPPPPPHPPPPPPPH
883,PHHPPPPPPPPPPHPPPHPP
884,PHPPPPPPPHPPPPPHPHPP
885,PPPPPPPPPHHPPPPHPPHP
886,PPPPPPPHPHPPPPPPPHPP
887,PPPHPPPPPPHPHPPPPPPH
888,PHPPPPPPPPPPPHPPPHPP
889,PHPPHPHPPPPPPHPPPPPP
890,PPPPPPHPPPPHPPHPPHPP
891,PHPPPPPPPHHPPPPPPPPH
892,PPHPPHPPHPPPPPPHPPPP
893,PPPPPPPPHPPHPPPPPPHP
894,PPPPPPPPPHPPHPPPPPHP
895,PPPPPHHPPPPPPPHPPPPP
896,PPPPPPPPPHPPPHHPPPPP
897,HPPPPHPPHPPPHPPPPPPP
898,PPPHPPHPPPHPPPPPHPPP
899,HPPHPPPPPPHPHPPPPPPP
900,PPPPPPPPHPPPPPPHHPPP
901,HPPPPPPPPPPPPPHPPHPP
902,PHPPPPPPPPPPPPPPHHHP
903,PPPPHPPPPPPPPPHPPPHP
904,PPPPPPPPPPHHPPPPPPPH
905,PHHPHPPPPPPPPPPPPPPH
906,PPHHPPPPHPPPPPPPPPPH
907,PPPPPPHPHPPPPPPHPPPH
908,PPPHHHPPPHPPPPPPPPPP
909,PPPPPPPPPPPHPPPHPHPH
910,PPPHPHPPPPPPPPPPPPHH
911,PPPPPPPHPPPPPPHPHPPP
912,HHPPPPPPPPPHPPHPPPPP
913,PPPHHPPPPPPHHPPPPPPP
914,PPPPHHPPPPPPPHPPPPPP
915,PPPPPPPPPPHPHHPPPPPP
916,PPPHPPPPPPPPHPHPPPHP
917,PPPPPPPPPPPPHHPPPPPH
918,PPPPHPPHPPPHPHPPPPPP
919,PHPPPHPPPPPPPPPPPPPH
920,PHPPHPPPPPPPPHHPPPPP
921,PPPPPPHPPPPPPPHHPPPP
922,HPPPPHPPHPPPPPPPPPHP
923,PPHPPPPPPPPHPHPPHPPP
924,PHPPPPPHPPPHPPPPPPPH
925,PHPPPPPPPPPHPHPPPPHP
926,PPPPPPPPHPPHPPPHHPPP
927,PPHPPPPPPPPHPPPHPPPP
928,PPHPPPPPPHHPPPHPPPPP
929,PPHHPHPPPPPPPHPPPPPP
930,PPPPPPPPPHPHPPHPPPHP
931,PHHPPPPHPPPPPPHPPPPP
932,PPPHPHPPPPPPPPPPPPHP
933,PPHPPPPPHPPPPPPHPPHP
934,PPPPPPPHPPPPPPHPPPHP
935,PHPPPPPPPPPPHPPPPPHP
936,HPPPPPPHPPHPPPPPPPPP
937,PPPPPPPHPHPPHHPPPPPP
938,PPPHPPPPPPPPHPPHPPHP
939,PPHPPPPHPPHPPPPPPPPP
940,PPPPPHHPPPPPPHPPPPHP
941,PHPPPPHPHPPPPPPPPPPH
942,PPPPHPPHPHPPPPPPPPPP
943,PPPPPPPHPPPPPPPPHPPH
944,HPPPPPPPHPPHPPHPPPPP
945,PPPPPPHPPPHPPPHPPHPP
946,PPPPPPPPHPPPPPHPHHPP
947,PHPPPPPHPPPPPHPPPPHP
948,PPHPPPPPPPHPPHPPPPPP
949,PPPPPPPPPPPPHPHHPPPP
950,PPPPPHPPPPPPHPPPHPPP
951,PPPPPPPPPHPPHPPPHPHP
952,PPPHPPHPPPPHPPHPPPPP
953,PPPPPPPPHPPPPHHPPPPP
954,PPHPPHPPPHHPPPPPPPPP
955,PPPHPPHPHPPPPPPPPPHP
956,PHPHPPHPPPPPPPPHPPPP
957,PPPPHHPPPHPPPPPPPPPH
958,PPPPPPPPPPHHPPHPPPPP
959,PPPPPPPPPPPPPHPPPHPH
960,HPPPPHPPHPPPPPPPPPPP
961,PPPHPPHPPPPHPHPPPPPP
962,PPPPPPPPHPPHPPPPHPPP
963,PHPPPPHPPPPPHPPPHPPP
964,PPPPPPPPPPPPPHPHPHPP
965,PPHPPPPHPPPHPPPPPPHP
966,PPPPPPPHPPPHPHPPPPPP
967,PPPPPPHPPPPPPPPHHPHP
968,PHHPPPHPPPPPPHPPPPPP
969,PHPPPPHPPPPPPPPPPHHP
970,PPPPPPPPPHPPHPPHPPPH
971,HPPPPPHPPPPPPPPPHPPP
972,PPHPPPHHPPPPPPPPPPHP
973,PPPPPPPPPPPPPPHHPPPH
974,PPPPHPPPPPPPPPPPHPHP
975,PPPPHPPPHHPPPPPPHPPP
976,PPPPPPPPPPPHPPPHPPHP
977,PPPPHHPPPPPHHPPPPPPP
978,PHHPPPPPPPHPPPPPPPPH
979,HPPHPPPPPPPHPPPPPPPP
980,PPPPPHPPPPPPHPHPPPPH
981,PPPPPPPHPPPHPPPPPPPH
982,PPPPPPPPPHPPPPHPHPPP
983,PPPPHPPPPHPPHPHPPPPP
984,PPPPPPPPHPPPPPPPHPPH
985,PPPPPPPPPPPHPPPHPHPP
986,PPHHPPPPHPPPPPPPPHPP
987,PPPPPPPHPHHPPPPPPPPP
988,HHPPPPPPPPPPPPHPPPHP
989,PPPPHPPPHPPPHPPPPHPP
990,HPPPPPPPPPPPHHPPPPPH
991,PPPPPPPHPHPPPPPPPHPH
992,PPHPPPPPPPPPPPPHPPPH
993,PPPPPHPPPPPPPHPPPPHP
994,PPPPPPPHHPPPPPHPPPPH
995,PPHPPPPHPPPHPPPPHPPP
996,PPPPPHPPPHPPPPPPPPPH
997,PPPPPPHHPPPPPPPPPPHP
998,HPPHPPPPPPPPPHPPPPPH
999,PPPPPPPPHPHPPPPPPPPH
1000,PPPPPPPHPHPPPPHPPHPP
1001,PPHPPHPPPPPPPPPPPPPH
1002,PPPPHPPHPPPPPPPPPPPH
1003,PPPHPPPPPPHPHPPPHPPP
1004,HPPPPPHPPPPPHPPPPPHP
1005,PPHPPPPPHPHPHPPPPPPP
1006,PPPPPPPPPPHPHPHPPPPP
1007,PPPHPPPPPHPPPPPPHPPH
1008,PPPPPPPPPPPHPHHPPPPP
1009,PPHPPPHPHPPPPPPPPPPP
1010,PHPPPHPPPHPPPPPPPPHP
1011,PPPPHPPPPPPHPHPPPPPP
1012,PPPPHPPHPPPPPPPPHPPP
1013,PPPPPPPPPPPHPPHPPPHP
1014,PPPPPPPHPPPPPHPPHPPP
1015,HHPPPHPPPPPPHPPPPPPP
1016,PPPPPPHHPPPPHPPPPPPP
1017,HPHHPPPPPPPPPPPHPPPP
1018,PPHPPPPPHPPPPPPPHPPP
1019,PPPPPHPPHPPPPHPPHPPP
1020,HPPHPPPPPPPPPPHPPPPP
1021,PPPHPPPPPPPPPHPPHPPP
1022,PPPPPPHPPPPPHPPPPPPH
1023,PPPHPPHPPHPPPPPPPPPP
1024,PPPPPPPHPPPHHPPPPPPP
1025,PPPPHHPPPPPHPPPHPPPP
1026,PPPPPPPPPPPHHHPPPPPH
1027,PHPPPPPHPPPPPPPPPPPH
1028,PPPPPHPPPHPPPHPPPPHP
1029,PPHPPPPPHHPPPPPPPPPP
1030,PPHPPPPPHPPPPPPPPPPH
1031,PPHPPHPPPPPPPPPHPPPP
1032,PPPPPPPPPPPPPHPPHHPP
1033,PPPHPPPPHPPPHPPHPPPP
1034,PHPPPPPPHPHPPHPPPPPP
1035,PPPPPPHPPHPPPPPPPHPP
1036,HPPPPPHHPPPPPPHPPPPP
1037,PPPPPPPPPPHPPPPPHPHP
1038,PPPHHPPPPPPHPPPPPHPP
1039,HHPHHPPPPPPPPPPPPPPP
