id,sequence
0,HHHHHHHHHPHHHHHHHHPH
1,HPHHHHHHHHHHPHHHHHHH
2,HHHHHHHPHHHPHHHHHHHH
3,PHHHHHHHPHHHHHHHHPHH
4,PHHHHHHHHHHHPHHHHHPH
5,HHHHHHHPHHHPHHHHHHPH
6,HHHHHHHHHHHHHHPHHHHP
7,HHHHHHHHHHPHHHHHHHPP
8,HPHHHHHHHHHHHHHHHHHP
9,PHHHHHHHHHHHHHHPHHPH
10,HHHHHHHHHPHHHPHHHHHH
11,PHPHHHHHHHHHHHHHHHHP
12,HPHHHHHHHHHHHHHHHPHH
13,HHHHHHHHPHHHHPHHHPHH
14,HHPHHPHHHHHHHHHHHHHH
15,HHHHPHHHHHHHPHPHHHHH
16,HHHHHHPHHHPHHHHHHHHH
17,HHHHHHHHHHHHPHHHHHPH
18,HHHHHHHHPPHHHHHHHHHH
19,HHHPHHHHPHPHHHHHHHHH
20,HHHHHHHHHPHHHHHHHHHP
21,HHPHPHHHHHHHHHPHHHHH
22,HHHHHPHPHHHHPHHHHHHH
23,HHPHHHPHHHHHHHHHHHHH
24,HPHHHHHHHHHPHHPHHHHH
25,HPHPHHHHHHHHHHHHHHHH
26,HHHHHHPHHHHHHPHHHHHP
27,HHHHHHPHHHHHHHPHHHHH
28,HHHPHHPHHPHHHHHHHHHH
29,HHHHHHHHHHHHHHPHHHPH
30,HHHPHHHHHHPHHHHPHHHH
31,PHHHHHHHHHHHHPHHHHHH
32,HHHHHHHHHHHHHHHHPPHH
33,HHHHHHHHPHPHHPHHHHHH
34,HHHHHHPHHPHHHPHHHHHH
35,HHHHHHHHHHHHHHPHPHHH
36,PHHHHHHHHHHHHHHHHHHP
37,HHHHHHHPHHHHHHHPHHHH
38,HHPHHHHHHHHPHHHHHHHH
39,HHHHHHHHHHHPHHHHHPHH
40,HHHPHHHHPHHHHHHHPHHH
41,HHHHHHHPHHHHHHPHHHHH
42,HHPHHHHHHHHHHHHHHHPH
43,PPPHHHHHHHHHHHHHHHHH
44,HHHHHHHPPHHHHHHHHPHH
45,HPHHHHHHPHHPHHHHHHHH
46,PHPHPHHHHHHHHHHHHHHH
47,HHHHHHHHHHPHHHHHPHHH
48,HHHHHHHHHPHHHHHHHHPP
49,HHHHHHHHHHHPPHHHHHHH
50,HHHHPHHHPHHHHHHHHHHH
51,HHHHPPHHHHHHHPHHHHHH
52,HHHHHPHHHHHPHHPHHHHH
53,HHHHPHPPHHHHHHHHHHHH
54,HHHHHHHHHHHHHHHHPHHP
55,HHHPHHHHHHHHHHHHHHHP
56,HHHHHHHPHHHHHHPPHHHH
57,HHHHPHHHHHPHHPHHHHHH
58,HHHHHHHHHHHPHPHHPHHH
59,PPHHHPHHHHHHHHHHHHHH
60,HHPPHHHHHHHHHHHHHHHH
61,HHPHHHHHHHHHHHHHPHHH
62,HHHHHPHHHHHPHHHHHHPH
63,HHHHHPHPHHHHHHPHHHHH
64,HHHHHHHHPHHPHHHHHHHP
65,PHHHHHHHHHHHPHHHHHHH
66,HHHPHHHHHHHHHPPHHHHH
67,HHPHHHHPHHHHHHHHHHHH
68,HHHHHHHHHHHHHPPHHHHH
69,HHHHHHHHHHPHHHPHHHHH
70,HPHHHHHHHHHHHHPHHHHH
71,HHHHHHHPHHHHHHHHHPHH
72,HHHHHHHPPHHHHHHHHHHH
73,HHHPHHHHHPHHHHHHHHHH
74,PHHHHHHPHHHHHHHHHHHH
75,PHHHHHHHHHHPHHHPHHHH
76,HHHHHHHHHHPPHHHHHHHH
77,HHHHHHHHHPHHHHHPHHHP
78,PHHHHHHHHHHHHHHHHHPH
79,HHHHHHHHHHPHHHHHHHHP
80,HPHHHHHHHHHPHPHHHHHH
81,PHHHHHHHHHHHPHHHHHHP
82,HHHHHHPHHHHHHHHPHHHH
83,HHHHPHHHHHHHHHHHHHPH
84,HHHHHPHHHPHHHHHHHHHH
85,HHHHHPHHPHHPHHHHHHHH
86,HHHHPHHPHHHHHHHHHHHH
87,PPHHHHHHHHHHHHHHHHHH
88,HHHHHPHHHHHHPHHHHHHH
89,HHHPHHHHHHHHHHHHPPHH
90,HHHPHHHHHHHHHHHHHHPH
91,HHHHHHHHHHHPHHHHHHHP
92,HHHHHHHHHHHHPHHPHHPH
93,HHHHHPPHHHHHHHPHHHHH
94,HHHHHHHHHPHPHHHHHHHH
95,HHHHHHHHHHHHHPHPHHHH
96,PHHHHHHHHHHHHHHHHPHP
97,HHHHPHHHHHHHHPHHHHHH
98,HHHHHHHHPHHHHHHHPHHH
99,HHHHHHHPHHPHHPHHHHHH
100,HPHHHHHHHPHHHHHHHHHH
101,HHHHHHPHHHPHHPHHHHHH
102,HHPHHHHHHHHHHHHHHHHP
103,HHHHHHHHHHHHHPHHPHHH
104,HPHHHHHHHHPHHHHHHHHP
105,HHPHHHHHHHPHHHHHHHHH
106,HHHPHHHHHHHHPPHHHHHH
107,HPHHHHHHHHHHHHHPHHHH
108,HHHHHHHHHHHHHHHHHHPP
109,PHHHHPHHPHHHHHHHHHHH
110,HHHHHPHHHHHHPHHHHPHH
111,HHHHHHHHHHHPHHPHHHHP
112,HHHHHHHHHHPHHHHHHPHH
113,HHHHHHHHHHHHPHPPHHHH
114,HHHPPHHHHHHHHHHHHHHH
115,HHPPHPHHHHHHHHHHHHHH
116,HHHHPHPHHHHHHHHHHHHH
117,HHHPHHHPHHHHHHHHHHHP
118,HHHPHHHHHHHHHPHHHHHP
119,HHHHHHHPHHPHHHPHHHHH
120,HHHHHHHHHHPHPHHHHHHH
121,HHHHHHHHHPHHPHHHHHHH
122,HHHHHHPHHHHPHHHHPHHH
123,HHHHHHHHHPHHPHPHHHHH
124,HHHHHHHHHHPHPPHHHHHH
125,HHHHPHHHPHHPHHHHHHHH
126,HHHHHHHHHHPHHPHHHPHH
127,HHHHHPHHHHHPHHHHPHHH
128,HHHHHHHHPHHPHHHHHHHH
129,HHHHPHHHHHHHPHHHHHHP
130,HHHHHHHHPHHHHHHHHPHH
131,HHHHHHHHHHHHHPHHHHPH
132,HHHHHHHHHHHHPPHPHHHH
133,HHHHPHHHHHPHHHHPHHHH
134,HHHHPHHHHHHHHHHHHHPP
135,HHHHPHHHHPHHPHHHHHHH
136,PHHHHHHHPHHHHHHHHHHH
137,HHHHHHHHHPPHPHHHHHHH
138,HHHHHHHHHPHHHHPHHHHH
139,HHHHHPHHHHHHHHPPHHHH
140,HHHHHHPHHHHPHHPHHHHH
141,HHHHHHHHPHHHHHHHHHHP
142,HHPHHHHHHPHPHHHHHHHH
143,HHHPHHHHPHHHHHHHHHHH
144,PHPHHHHHHHHHHHHHHHHH
145,HHHHHHHHHHHPHHPHPHHH
146,HHHHHHHHHHHPHPHHHHHH
147,HHPHPHHHHHHHHHHHPHHH
148,PHHHHHHHHHHPHHHHHHHH
149,HHHHHPHPPHHHHHHHHHHH
150,HHHHHHHHHHPHHHHPPHHH
151,HPHHHHHHPHHHHHHPHHHH
152,HHHHPHHPHHPHHHHHHHHH
153,HHHPHPHHHHHHHHPHHHHH
154,HHHHPHHHPHHHHPHHHHHH
155,HHHHHHPHHHHHHHHHPHHH
156,HPHPHHHHHHHHHHPHHHHH
157,HHHHHPHPHHHHHHHHHHHH
158,PHPHHHHHHHPHHHHHHHHH
159,HHHHHHHHHHHPHHHHHHPH
160,HHHHHPHHHHHHHHPHHHHH
161,HHHHHHHHHHHPHHHPHHHH
162,HHHHHHHHHHHHPHHHHPHH
163,HPHHHHHHPHHHHHHHHHHH
164,HHHHHHHHHHPHHHPHHHHP
165,HHPHHHHHHHHHPHHHHHHH
166,HHHHHPHHHHPHHHHHHHHH
167,HHHHHHHHHHHHHHHPHPHH
168,HHPHHHHHHHHHHHHHHPHH
169,HHHHHHHHHHHHHHPPHHHH
170,HPHHPHHHHHHHHHPHHHHH
171,HHHHHHPHPPHHHHHHHHHH
172,HHHHHHPHHHHHHPHHHHHH
173,HHHHHHHHHHHPPHHHHPHH
174,HHHHHHPHHPHHHHHHHHHH
175,PHHHPHHHHHHPHHHHHHHH
176,PHHHHHPHHPHHHHHHHHHH
177,HPHHHHHHHPHHHHHHHHPH
178,HHHHHHHHHHHHPHHPHHHH
179,HHPHHHHHHHHHHHPHHPHH
180,HHHPHHHHHHHHHHHHPHHH
181,HHHHHHPPHHHHHHHHHHHH
182,HHPHPHHHHHHHHHHPHHHH
183,HHHPPHHHHHHHHPHHHHHH
184,PHHHHHHHHHHHHHPHHHHH
185,HHHHHPHHHHHHHHHPHHHH
186,HPHHHHHHHHHHHPHHHHHH
187,HHPHHHHHPHPHHHHHHHHH
188,HPHPHHHHPHHHHHHHHHHH
189,HHPHHHHHHHHHHHHPHHHH
190,HHPHHHPHHHHPHHHHHHHH
191,HPHHHHHHHHPHHHHHHHHH
192,HHPHHHHPHHHHHHHHPHHH
193,HHHHHHHHHPHHHHPHHHPH
194,PHHHHHHHHHHPPHHHHHHH
195,HHHPHHHHHHHPHHHHHHHH
196,HHHHHHHHHHHHHHHHPHPH
197,HHHPHPHHHHHHHHHHHHHH
198,HHHHHHHPHHPHHHHHHHPH
199,HHHHHPHHHHHHHHHHHPPH
200,HHHPHHHHPPHHHHHHHHHH
201,HHHHPHHPHHHHHHHHHHPH
202,HPHHPHHHHHHHHHHHHHHH
