id,sequence
0,HPPHHHHHHHPHHHPPPPHH
1,HHHPPPHPHHHHPHPHPHHH
2,HHPHHHHPHHHHPHPPPHHH
3,HPPHHHHHHHPPPHHHHPHH
4,HHHPHHHHHPHHPHHHPPPH
5,HHPHPHPPPHHHPHHHHHPH
6,PHHHHPHPHHHPHHPHHHPH
7,PHHHHPHHPHHHHHPHHPHP
8,HHPHPPHHHHHPHHHPHHHP
9,HHPHHHHHHHHPHPHPHPPH
10,PPHPHHHHHHHPHPHPPHHH
11,HHPHHHPHHHHHPHPHHPHP
12,HPHHPPPHPPPHHHHHHHHH
13,HPHHHPHPHPHHHPPHHPHH
14,PPPHHHHPHPHHHHHPHHHH
15,HHPPHPPHHHPPHHHHPHHH
16,PHHPHHHHHHHHPPPPPHHH
17,PHHHHPHPPHPHPHPHHHHH
18,HPHHHHPHPHHHHHPHPPHH
19,HPHHHHHHPHHHHPHPHPPH
20,PPPHHHHHHPPHHPHHHHHP
21,PHHPHPPHHPHHHHHHHPPH
22,HHPHHHHHHHPPPPHPHHHH
23,HPPPHHHHPHPPHHHHHHHH
24,HHHPHHHHHHPHPHHPHPHP
25,PHHPHHHPHHHHHPHHPPHH
26,HHHPHHPHPHHPHHHHPHHP
27,PPPHHHHPPHPPHHHHHHHH
28,HHPHHHHHHHHPPPHHHHPP
29,HHHPHHPHPPPHHHHHHPPH
30,PHHPPPHHHHHHPHPHHHPH
31,HHHHPHHHHHPPPPHHHHPP
32,PHHHPHHPHPHHPHHHPPHH
33,HHHHHPHPHHHHHHPHPPHP
34,HPPHPPHHHHHHHHHHPHHP
35,HPHHPPPPHHHHHHHHPPHH
36,PHHPHHHHPPHHHPPHHHHP
37,HHHHHHHHHHHPPPPHHPPH
38,HPPHHHPHHHPPHPPHHHHH
39,HHPPPPPHHHHHHPHHHHHH
40,PHHHPHHHPPHPPHHHHHHP
41,PHHHPPHHPHHHHPHHHHPH
42,HHPHPHHPPHPHPHHHHHHP
43,HHPPHHPHHHPHHHHPHPHP
44,HHPHHHHHHPPHPPHHHHHP
45,HPHPHHHPHPHHHHHHHHPP
46,HHPHHPHHHHHPHPPHHHPH
47,HHHPHHPHHHHPHPHPHPHH
48,HHPPHHHHHPPHPHPHHHHP
49,HHHPPPHPPPHHHHPHHHHH
50,HPHHHPHPHHHPHHHHPPPH
51,PPHHHPHPPHPHHHHHHPHH
52,PPPHPHPPHHHHHHHPHHHH
53,HHPHHPHPHPHHHPHHHPHP
54,HHPPPHPHHHHPHPPHHHHH
55,HPHHHHPHPHHPHHHHHPPP
56,HHPHPHHHPHHPHHPHHHHP
57,HHHHHPHHPHHHHPHHPPPH
58,HHHHHHHPHPHPPPPHPHHH
59,HHPHPHHPHHPHHHPPHHHH
60,PHHPHHPPHHPHHPHHHHHH
61,HPHPHHPHHHHHPHPHHPHH
62,PHHHPPPHHPHPHHHHHPHH
63,PPHHPHHHPHHHHHHHHPPH
64,PHPHHHHPPHHPHPHHHHHP
65,HPHPHHPPHHHHHHHHPHPH
66,HPHPHHPHHHHPHHPHHPHH
67,PPHHHPHHHPHHHHPHPHHH
68,HHPPPHHHPHHHHPHHHPHH
69,HHHPHHPPHHPPHHHHHHHP
70,PHHPHHPHPHPHPPHHHHHH
71,PHHHHPHPHHHPPHPHHHPH
72,PHHHHHPHHHHHPPHPPHPH
73,HHHHHHHPHHPHHHPPPPHH
74,HHHHHPPPHHPHPHHHPHHH
75,HPHHHHHHHHHPHPHPPPHP
76,PHPHHPHHHHHHHHHHHPPP
77,HPHHHHHPHHHHPPHHPHPH
78,HPHHPHHHHHHHPHPPHHPH
79,HHPHPHHHHPPHHPHHPHHP
80,PHHPHPHHHHPHHHHHPPPH
81,HPPHHHPHHHHPHPHHHHPP
82,HHHHPHHHHPHHHPHPPHHP
83,HHHPHPPHPHPPHHHHHPHH
84,PHPHPHHPHHPHHHPPHHHH
85,HHHHHHHPHPPPPHPHHHPH
86,HHHHHPPHHPHPPHHPHHHH
87,HHHHPHHPHPHHHPHHPHPH
88,HHHPPHHHHHHPHPHPHPPH
89,HHHHPHPHHHHPHHPPHHPH
90,PHHHHPHPHHPPPPHHHHHH
91,HHPHHHHHPPHHHHHHPPPH
92,HHHHPHHHHHHHHPHPPPHP
93,HHHHHPHPHPPPPHHHHHHH
94,HHHHHPHHHHHHPHPPHPHP
95,HHHHHHHPHPHHHPPPHHHP
96,PHHHHHPPHHHHHPHPHHHP
97,PHPHPHHHHPHPHHHHHHHP
98,HHPHPPHHHPHPHPHHPHHH
99,PPHHHHHPHPHHHHHPHPHH
100,PHHPHPHPHHHHHHHHPHPH
101,HPPHHPPHPHHHPHHHHHHP
102,HHPPHHHHHPHHHPPHHPHP
103,PHPPHHHHPHHHPHHHHPHH
104,HHPHHHHHPHHHHHHPPPHP
105,HHHPHPHPHPHHPHPHHPHH
106,HHHHHPHHPHHHPPHPPHPH
107,HHPPHPHHPHHHHHPHPPHH
108,HHHPPHHPHPHHPHHHHPPH
109,PHPPHHHPPHHHHHPHHHPH
110,PHHHHHHHHHHHPPHPHPHP
111,HHHPHPHHHHHHPPHHHPPH
112,HHHPHHHPPHPHHPPHPHHH
113,PPHHPHPHHHHHHHHHHHPP
114,PHHPHPPHHHHHPHHHHPHH
115,HPHHPPPHPHHHHHPHHHHP
116,HHHHHHHHPPPHPPPHHPHH
117,HPPHHHHHHPPHHPPHHHPH
118,HHPHHPHHPHPHHHHPPHPH
119,HHPPHHPPPHHHHHPHHHHP
120,HPHHPHHHPPPHHHHPHHHH
121,HHPHHHHHPHHPHPHPHPHP
122,PPHPHHPHHHHHPHPHHPHH
123,HPHHHHPHHPHHHHHPHHPP
124,HHHPHPHHHPHHHPPHHHPP
125,HHHPPPHHHHHPPHHHPHHH
126,HPHPHHHHHPHHPPPHHHHP
127,HHHHPHPHPPHHHPHHPHPH
128,PHHHHPPHHHHPHHHHHPHP
129,HPPHHHHPHHHHPHHHPHPP
130,HHHHPHPPHHHHPHHPHPPH
131,HPPHHPHHHHHHPHHHHPHP
132,PPHPHPHHHHHPHHHPHHHH
133,PHHHPHPHPHHHHPPHHHHP
134,HHHPHPHHPHPPHHHHHHHP
135,HHHHHPHHHHHPPHPPPHPH
136,HHPHHPHHPPHHHHHPHHPP
137,PHHHHPHHPHHHPPHPHHHP
138,HPPPHHHPHHHPPHHHHPHH
139,HPHHHHHHPPHPHHHHHPPP
140,HPHPHHPHHHPHPHHPHHHH
141,PPHHHHHPHPHHHHHHPHHP
142,HHHPHHPHHPPHPHHHHPHH
143,HPPPHHHHHHHHPHPHHHPP
144,HPPHHHHHHPHHHHHPPHPP
145,HHHHHHPHPHHPHHPPHPHP
146,HHHHPPHHPHHPHHHHPHHP
147,HHPPHPHPHHHHHPHPHHPH
148,HHPHPHHHHHPHHPHPHPHH
149,PHHHPPHHHHHPPHHHHPHH
150,HPPHHHHHPHHHHHHHPHPP
151,HPHHPHHHPHHHHHHHPPPH
152,PPHPHHHPHHHHHHHHHPPP
153,HPHPPHHHHPPHHPHHPHHH
154,PHPHPHHHPHPHHHHHPHPH
155,HHHHHPHHPHPHPPPHHPHH
156,HHPHHHHPHHHHPPHHPHHP
157,HHHHPPPPHHHHHPHPHHPH
158,PHPHPHHHHPPHHHPHHHHH
159,HHHPPPHPHPHHPHHHHPHH
160,HHHHPHHPHPPHHHHPHHHP
161,HHPHPHPPHHHHHPHHHHHP
162,PHHHHHPHHPPPHHHHHHHP
163,HPHHHHHHPHHHHHPPPHPH
164,HHPHPHHHHPPPPHHHPHHH
165,HHHHHHPPPHPPHPHHPHHH
166,HHHHHPHPPPPHHHHHPHHH
167,PHHHPHHHHPPHPPPHHHHH
168,HPHHHPHPPHPHHHHHHPPH
169,PHHPHHPHHHPHPPHHPHHH
170,HPHHHPHHHPPHHPHHHPHH
171,PHPHPHHPHHHHHHPHHPHH
172,HHHPPPHPPHHHHHHPHHHH
173,PHHHPHHHHHPHPHPHPHHP
174,HHHHHHPHPHHHPPHHPHPP
175,PHPHHPHHHPHHHHHPHHPH
176,HHPHPPHPPHHHHHHPHHHP
177,HHHHHHPPHHHPPHPHPHHH
178,HPPHHHPPHHHHHPHHHHPP
179,HPHHHPHPPHPHHHHHPHHH
180,PHPHPPHHHPHHHPHHHHPH
181,PHHHHHHHPHHPPPHHHHHP
182,HPHHHHHHPPPHHHPHHPPH
183,HHPPHHHHHPPHHHPHHHHP
184,PHPPHHHHHHPHPHPHHHHH
185,PHHPPHHHHHHHPPHHHHPH
186,HPHPHHHHHPHPHPHHPHHP
187,HHHPPHHHPHPHHHHPPHHH
188,PHHHPHHPHHHHHPHHPPHH
189,PPHHHPPHHHPHHHHHPHHP
190,HHHHHHPHHHPHPPPHHHPH
191,PHHHHHPPHHPHHHPPHHHH
192,HPHHPPPHPHHHHPPHHHHH
193,PPHPPHPHHHHHHHPHPHHH
194,HPHHPPHPHHPPHHHHPHHH
195,HPHPHHPHPHHHPHHPHPHH
196,PHPHHPHHPHHPPHHHHHHH
197,HHHHHHPHHPPHPHPHPHHH
198,HHHHPHHHPPPHHPHPHHHH
199,HHHPPPHHHPHHPHHHHPHH
200,HHPPPHPHPHHHPHPHHHHH
201,HPHHPHHPHHHPHPHPHHPH
202,HPHPHHHHHHPHHPHPPHHH
203,HHHHHPPPHHHHHPPHHHHP
204,PPPPHHHHHHHHHPPHPHHH
205,HPHHPHPPHHHHHHPHHHPH
206,HHPHHHPHPHPHPHHHHPHH
207,HHPHPHHPHHHPPHHHPHHP
208,HHHHPHHHHHPHHPPHHPPH
209,HHPPHPHHHHHPPPPHHHHH
210,HPHPHHHHHPPHHPHHHHHP
211,HPHHHHHHPHHPHHPHHPPP
212,HPHHPPHHHPHHHPPPHHHH
213,PHPHHPPHHHPHHHPPHHHH
214,HHPHPPPHHPHHHHHHHPPH
215,HHPHPHPHHPPHHHHPHHHH
216,HHPPPHHHHHHHHHHPPHPH
217,HHHHHHHHPHHHHPPPPPHP
218,PHHHHHHPPPPHPHHHHHHP
219,HPHHHPPHHPHHHPPHHHHP
220,HHHHPHHHPHHPHHPPHHHP
221,HHPHHPHHHHPHPHPHHHPH
222,HHPHHHPPHHHHPHHHPPHH
223,HPHPHHPHPHPHPPHHHHHH
224,HHHPPPPHHHHHHHHHPHPH
225,HHPPHPHHPPHPHHPHHHHH
226,HPHHHHHHPPHHPHHPPHPH
227,PHHPHHHPPHPHHPHHHHHH
228,HHHHPHPHHHHPPHHHPHPP
229,HHHHHHHPPPPHHHPPHPHH
230,PHHHPHHHHHHHPHPHHHPP
231,HHHHHHHHPHHHPPHHPHPP
232,HHHHPHHPPHHPPHHPPHHH
233,PHHHHPHHPHHHHHHHPPPH
234,PHHHHHHHPHHPHPHHHPPH
235,PPHPHHHHHHHHPHPHPHHH
236,HPPPHHPPHHHHPHHHHHHH
237,PHHPHPHHPPHHHHHHPHHH
238,HHHHHPHHPPHHPPHHPHHH
239,PPPHHPHHHHPHHPHHHHPH
240,HHPHHHPHPHHHHPHPHPHH
241,HHPPPHHHHPPHHPHHHHHP
242,HPPHHHHHHHPHHHHPPPHP
243,HHHPHHPHHHPHPHHHHPHP
244,HPHPHPHPHPHHPHHHHHHH
245,HHHPPHHHHPPPHPHHHHPH
246,PHHHPPHHHHHHPHHHPHHP
247,HPHHPPHPHHHPHHHHPHHH
248,HHPHHPPHHPHHHHPHPHPH
249,PPHPHHHHPHHHHHPHPHHH
250,HHHPHPHHPPHPHHHHPHHP
251,HHHHHHPPPPHHHHPHHHHP
252,HHHPHHHHHPHPHHHHPPPP
253,HPHHHPHPHPHHHPPPHHHH
254,HHHHHPPHPPPHPHHPHHHH
255,HHPPHHHHPHHHHHHHHPPP
256,HPPHHHPHPHHHHHHHPHPP
257,HHHHHPPPHHPHHHPHHHPH
258,PHHHHHHPPHHHPPHHPHHH
259,HPHPHHPPPHPHHHHHHPHH
260,PHPPHPHHHPHHPHHHHPHH
261,HHHHPPHPPPHHPHHPHHHH
262,HHHHPHHHHHHPPHHHPPHP
263,HHHHHHHHHHHHPPHPHPPP
264,HPHPHHHHPHHHPHPHHHHP
265,HHHHPHHPHPPPHPHHHHHH
266,HHPPHHHPPPHHHHHHHHHP
267,PPHPHHHHHHHPHHPHPHHH
268,HPHPHHHPPHPHHHPHHHHH
269,HHPHHPPPHHHHHHHPHPHH
270,HHPHHHHPPPHHHPHHHHHP
271,HHPHHPPPHPHHHHHHHHHP
272,HHPPPHHHHPHHHHPHPHHH
273,PHHHHHHHHPHHHPHPHPHP
274,HHPHPHPPHHHHPHPHHHHH
275,HPHHHHHHHHPHHPPPHPPH
276,HPHPPHPHHHHHPHHPHHHH
277,HHPHHHHHHHHPPHPHPPPH
278,HHHHPHHHHHPHHPHPPHPP
279,HHHPHHHPHPPHHHHPHHHP
280,PHHHHPHPHHHHPHHHHPPH
281,PPHHHHHHHHPHHHPHPHHP
282,PHHHHHHHHHHPHPHPHPPH
283,HHPHHPPHHHPPHPHHHPHH
284,PHHPHPHHHHPPHHPHHHHH
285,HHHHHHPPHHPPHHHHPHPP
286,HHHHHHPHHPPPPPHHPHHH
287,HHHHHPPHPHPHHPPHHPHH
288,HHPHPHHPHHHPHHPHHPPH
289,PHHHHPPHHHPHPPPHHHHH
290,PHHHHPPHHPPHHHHPHHHP
291,HHHPHHPPHPPHPHHHHHHH
292,PPHHHHHHPHHHHHPPPHHP
293,PHHHPPHHHPPHPHHHHHHP
294,HPHHHPPPHPHHPPHHHHHH
295,PHPPHPHHHHPHPHHHPHHH
296,HPPHHHHPHHPHHHHPHHHP
297,PPHHPHPHHHHHPHPHHPHH
298,PHHPPHHHPHHHPHPHHHPH
299,HHHPHPPHPHPHPHHHHHHH
300,HPPHHHHHHHHHPPPHHHPH
301,HHHHPHHPHHHHHHPHPHPP
302,HHPPHPPHHHHPHPPHHHHH
303,HPHPPPHHPHHHHHHHPHPH
304,PPPHHHHPHPHHHHHHPHHH
305,HPPHHPHHHHHPHHPHPHHP
306,HHHHPPHPPHHHPPHHHHPH
307,HPHPHHPHPHPHHHHHHHPH
308,HHPPPPPHHPHHHHHHHHHH
309,HHPHPPHHPHPHHHHPHHHH
310,HHHHHHHHPPHPPHPHPHHP
311,PHHPPHHHHHHHHPHHHPPP
312,HHHHHPHHPPPHHHPHHHPH
313,PPPHPHHHHHHPPHHHHHHH
314,HHPHHPHHHPPHPPHHHHHH
315,HHHPHPHPPPHHHPHHHPHH
316,HHPHPHHHPPHPHHHHHPHH
317,HPPHHHPHHHHHHHPPHHHP
318,HHHHHPPHPPHPHPHHHHPH
319,HHPHPHHHPHPHHHPHHPHP
320,HHPPHHPHPHHPHHPHPHHH
321,PHHHPHPHHHHHPHHHPHHP
322,HHPPPHHHPHHHHHHHPPPH
323,PHHHHHHPHHPHHPHHPPPH
324,HHHPHHHPHPHPHHHPHHPH
325,HHPHHHHPHPHPHHPPHHHH
326,PHHHHPPPPHPHHHHHHPHH
327,PPHHPHPHHHPHHHHHPHPH
328,PHPHHPHHHHHHPPHHHPHH
329,HPHPHPHHHPPHHHHPHHHH
330,HHHHPPPPHHHPHPHHHHPH
331,HHHHPHHHHHPHPPPHHHPH
332,HPHHPPHHHHHHHPHHHPPH
333,PHPHHPHHHHHHPHPHPPHH
334,HPHPHPHHHPPPHHHHHHHH
335,HHPPPHPHHHHHPHHPHHPH
336,HHHPPPHHHHPHHPPHHHHH
337,PHHPHHHPPPHPHHPHHHHH
338,HPHHHHPHHPPPHHHHPHHP
339,HHHHHHHHHHPPPHHPHHPP
340,HHPPPPHHHPHHHHHHPHHH
341,HPPHHHPPPHHHPHHPHHHH
342,HHPHPHPHPHPHHHPHHHPH
343,HPHHHHHPPHHPPHHHHPHP
344,HHHHPHHHHHPPHHHPPHPH
345,HHPHHHHHPHPPHHPPHHHP
346,HHPHHPPHHHHHHPHHPPHH
347,HHHHHHPHPPPHPHHHHHHP
348,PHPHHHHHHHHPHPPHHPHH
349,HHHPPHHHHHHHPHHHPHPP
350,PPHHHHPPHHHHPPHHPHHH
351,PHHHPHHHHPHHPPHPHHHH
352,HPHHHPHHHHHHHPPHHHPP
353,HHHHPHPPPPHPHHHHHHPH
354,HHPPPHHPHHHHPHHHPPHH
355,PPHHPHPHHHHHPPHHHHHH
356,PHHPHHHHHPHPPHHPHPHH
357,HHHHHHPHHPPHPHPHHHPH
358,HHHHHHPHHPHHPHPPHPPH
359,HHHHHPHPHHHPPPHHHHHP
360,PHHPHPHHPHPHHHHPHHHH
361,HHHPPHPHPHHHHHPPHHHH
362,PHHHPHPHHHHHHHPPPHPH
363,PHHPHHPHHHHHHHPHHHPP
364,HPPHPHPPHHHHHPHHHHHH
365,HPPHHHHHHPHHHHPPHHPH
366,PHPHHHPPPHHHHHHHHHHP
367,HHHHPHPHHPHHHHHPPPPH
368,HHHHPHHHHPPPPHHHPHHH
369,HHHHHPHHHPHPHHHPPPHH
370,HHHHPHHPHPPPHHHHPHHH
371,HHHPHPHHPPHHHPHHHPPH
372,HHHPHHHHPPHPHHHHHPHP
373,PHPHHHHHHHHHHHPPPPHH
374,HHHHHPPHPPHPPHHHHHPH
375,PHPHHPPHHPHHHPHHHHHP
376,PHHHHPHPHPHHHPHHPHHH
377,HPHPHHHPHHHPHHPHHHPP
378,HHHPPPPHHHPHHHHHHHHP
379,PHPHHHPPHHPPHHHHHHHH
380,HPHHHPPHHHHPHHPHPHHH
381,HPHPHPHHPHHHHPHPHHHH
382,HHPHHPHHHHHHPPHPHHHP
383,HPHPHPHPPHHHHHPPHHHH
384,HHHHPPHHHHPHPHPHHHPP
385,PHHPHPHHHPPHPHHHHHHP
386,PHHHPPHHPHPHHPHPHHHH
387,HHHHPPHPHPHHPHHHPPHH
388,HPHPPHHHHPHHPHHHHHHP
389,HHHPPPHHHHPHHHPHPHHH
390,HHHPHHPHHHHHPPPHHPHP
391,HHHPPPHPHHHHHHPHPHHP
392,HHHHHHHHHHPHHHHPPPPP
393,PHHHHPHHHPHPHHHPHHPH
394,HHPPHPPHHPPHHPHHHHHH
395,HHHPPHHPHHHHHHHPHPPH
396,HPPHPHHHPHHPPHHHHPHH
397,PHHHHPPHPHHHHHHPHHPH
398,PHHHHHHHHPPPHHHPHPHH
399,PHHHPHHHPHHHHPHPHPHH
400,PHHHPPHHPHHHHPPHHHHH
401,HHHHPHPPHHHPHHHHPHHP
402,HHPPHPHHPHHHPHHPHHHP
403,PHHHHPHHPPHHHHHPHHPH
404,HPPHPPHHHHHHHHHHPPPH
405,PHPHHHHPPHHHPHHPHHHP
406,PHPHHPHPHHHHHPPHPHHH
407,HHHHPHHHHPHPPHHPPHHH
408,HHHPHHPHHHPHHPHPHPHH
409,HHPHPHHPHHPHHPHPHHHH
410,HHPHHHHPHHPHHHPHHPHP
411,HHPHHPHHHPHHHPHPHHPH
412,PHHHPHPHPHPHHPHHHPHH
413,HPHHHPHHPPPHHHHPHHPH
414,HHHHHHHHPHPPPHPHPHHH
415,PHHHPPHHHHPHHPHHHPHH
416,HHPHHHPHHPPPHHHHPHPH
417,HPHPPHHHPHPHHHHHHHHP
418,HPHPHHHPHHPHHHHPHPHP
419,HHPHPHPHHHHHPPHHPPHH
420,PHHHHHHHPHPPHHHPHPHH
421,PHHHPHHPHHPHPHHHHHPP
422,PHHHHHHPPHPHPHHPHPHH
423,HHHPHPHHHPPHHHHHHHPP
424,HHHHPHPHHHHHPPHPHHHP
425,HPPHHPHHHHHPPHHHHPHH
426,HPHHHHHHPHPPHHHPHHHP
427,HHHHHHPPPPHHPHHHPHHP
428,PHHHHHHPHPHHPPHHPHHH
429,PHHHHHHHHHPHHPHPHHPP
430,HPPHHPHHHHPHHHHPHHPH
431,HHPPHHHHPHHPHPHPHHHP
432,HPPHHPPHPHHHHHHHPHHH
433,PHHPHPPPHHHHHPHHHHPH
434,HPHPHHHHHHPPPHPHHPHH
435,PPHHHHHHHHHPPPPHHHHP
436,HHPHHHPHHHPPPHPHHHHH
437,HHHHPHHHPPPHHHHPPHHP
438,HPHHHHPHPHHHHPHPHPHH
439,HHPPPHHHPHPHPHHHPHHH
440,HHPPHHPHHHPHPHHHHPHH
441,HPPHPHHHPHHHPHHHPHPH
442,PPHPHHHPPHPHHHHPHHHH
443,HHHHPHHHHHPPPHHPPPHH
444,HPHHPPHHPPHHPHHHHPHH
445,HPHHHHHHHHHPPPPHHHHP
446,HPHHHHHPHPPHHPHHHPHH
447,HHHHHPHHHHHPPHPHPHPP
448,HPHPHPHHHHHHPHHPHPPH
449,HPHHHPHHHPHPHPPHHHHH
450,HPHPHPHHPHHHHHHPPHHH
451,PHHHHHHHHHHPPPPHPHHH
452,PPPHPHHHHHHHHPHPHHPH
453,PHPPHHHHHHHPPHPPHHHH
454,HHHHPHPPPHHPHPHHHHPH
455,HPHHPPHHPHHHPHHPHHHH
456,HPHHPHHHHHPHHHHPPPPH
457,HHPPHPPHPHHHHPHHHHHP
458,HPHPHHHHHPHHHHPPHHPP
459,HHPHHPHHPHHHHHHPHHPP
460,HHPPHHHHHPHPHHPHPHHP
461,PHPPPHHHHHHPHHPHHHHH
462,HPHHHPHPHHPHHPHPPHHH
463,HHHPHPHHHHHPHPHPHHPP
464,HHHHPPHHHPHHPHHHPHHP
465,HHPHHPPPHHPHHHHHHHHP
466,HHPHHHPPHHHHPPHPHPHH
467,HHPPHPHHHHPHHHHHPHPH
468,PHPHPHHPPHHPHHPHHHHH
469,PHPPHHHHHHPHHHPHHHPP
470,PHHPHPHHPHHHPPPHHHHH
471,PPHHHHHHPHPHHHHPHPHP
472,PHHPHPHHPHHHPHHPHHHH
473,HPHHHPHHPPHPHHHPHHHH
474,HHHHHPHPHHPHHHPPHPPH
475,HPHHHPHHHHHHPPPHHHPH
476,PPPPHHHPHHHPPHHHHHHH
477,HHHPHHHPHPHHHHHPHPHP
478,HHHHPPHHHPPHHHPHHPPH
479,HHHHPHPPHPPHHHPHHHPH
480,HPHHPHHPHHPHHPHHHHHP
481,HPHHHHHHHPHHPPHHPPPH
482,HPPHHPHHPHHHPHHHPPHH
483,PHPPHPHHHHHHHHHPHPHP
484,HHHHHHHHPHHPHPHPPPPH
485,HHPHPPHHPHHHHPHHHHHP
486,PPHHHPHHPHHHHHHHPHPP
487,HHHHPPHHHPPHHPPHHHHP
488,HPHPHPHHHHPPHHHHPPHH
489,HHPPHHHHPHHHPHPHHHPH
490,HPPHHPHPPHHHHHHHHPHH
491,HHHPHHHPHHPPPPHHHHPH
492,HHHPPPHHHHHHPPHHHHHP
493,HHHHHPHPHHHHHHHHPPPP
494,HHPPPHHPHHHPHHHHHHPH
495,HHPHHPHHPHHPHHHPHHPH
496,PHHHHHHPHHHHHPPPHHHP
497,HPHHHHHPPHHPHHPHPPHH
498,HHHHPHHPHHPHPHHPHHHP
499,HHPHPHPPHHPHHHHHPHHH
500,PPHPHHHHHHHPHHHHHPPH
501,PHHPHHHPPHPHHHHHPHPH
502,HHPPPHPHHHPHHHHHPHPH
503,PHHHHHPHHHHPHHPPHHPH
504,PHHHHHPPHHHHPHHHPPHP
505,PHHHHHHHPPPHHHHHHHPP
506,PHHHHHHHHHPPPHHPPHHP
507,HPHPHPHHHHHHPHPHPHHH
508,HHPHHHPPHHHHHHPHPHHP
509,HHPPHHPHPHPHHHHPHHHH
510,PHHPPHHHHHHHHHHPPHPH
511,PHPPPHHPPPHHHHHHHHHH
512,HPHHHHPPHHPPHPHHHHHH
513,HPHHPPPHPHHHHPHHHHHP
514,HHHHHPHHHHHHHPPPHPPH
515,PPPHHHHHHPHHHHHHHHPP
516,HHHHHHHHHPHHHHPPPHPP
517,PHHHHHHHPHHPHPPHHPHH
518,HHHHHHPPPHPPHHHHHPHH
519,HHHPHHHPHHHHHPHHPPPH
520,PHPHHHPHHPHHHHHHHPHP
521,PHHHPHPHHHPHPPHHHHHP
522,HPPPPHHHPHHHHHHPHHHP
523,PHPHHHPHPHPHHHPHHHHH
524,HHHHPHHPPHPPHHPHHHHH
525,HPPHPHPHHHHHHPHHHHHP
526,HHHHPPPHHHHHPHHPHPPH
527,HHPHHPHHHHPPHHPPHHHH
528,PHHHHPHHHPPHHHHHPPHH
529,HHPHHHPHHPHPPHHPPHHH
530,HHHHPPHHHPHPHHPPPHHH
531,PPHHHPHHHHHPPHHPHHHP
532,HPHPHHHHHHHPPPPPHHHH
533,HPHHHPHHPHPPPHHHHPHH
534,HHHHPHHPPHPPHHHHPHHH
535,HHHHHHHPHHHHPHPHPHPP
536,HHHHHHHHPHHHPHHHPPPP
537,HHPHHHHHPHHHHPPHHPPP
538,HPPHHHPHPHHHPHHHHHPP
539,HHHHHPPHHHPHPPHHHHPH
540,PPHHHHHHPPPHHHPHPHHH
541,HPHHHHHHPHHHPHHPHPHP
542,HPHPHHHHHPPHHPHHPPHH
543,HHHPPHPHPHHHHHHPHPHH
544,HPHPHHPHHPHHHHHPPPHH
545,HHPPHHHHHPHHPPHHHHPH
546,HHHHHHPHPHHHPPPPHHHH
547,HPPPHPHHHHPHHPHHHHHH
548,HHPHHHPPHPPPHHHHHHHP
549,HPPHHHHHHHHPPHPHHHPH
550,HPPHHHHPHPHHHHHHHPPH
551,HPPHHPHPPHPHHHHHPHHH
552,HPHPHHPHHPHHHHHPHPPH
553,HHPHHHHPHPHPPHPHHHHH
554,HHPHHPHHHHPHPPHHHHPP
555,HPPHHHPHHHHHHHHPHHPP
556,HHPHHHPHHHHPHPHPHHHP
557,HHPHHHHHHPPPPHHPHHHP
558,HHHHHHPHHPPPPHHHHPPH
559,PHHHHHHHHHPHHPHHHPPP
560,PPPHHHHPHHHHHHPHHPHH
561,PHPPPHHHPHHHHHHPHHPH
562,PHHPPPPHHHHPHHHHHHHP
563,HPHPHHHPHHHHPHHHPPHP
564,PHHPPHHHHPPHPPHHHHHH
565,PHHPHHPHHHHPHHPPHHPH
566,HHHPHPHHHHHPHPHHPHHP
567,HHHPPHPHPHHHHHPPHHPH
568,HPPHPHPPHHHHHHPHHHPH
569,HHHHHHHPPHHPHHPHPPHP
570,HHPHPHHHHHHPHHPHPPHH
571,HHHHPHPHHPPHPHPPHHHH
572,PPHHPHPPPHHHHPHHHHHH
573,HPHPHPHPPHHHHHHPPHHH
574,HPHHHHPPHPHPHHHHHPHH
575,HHPHPHPHHPHHHPPHHPHH
576,HHHPHHHPPHPHHHPHHPHH
577,HHHHHPHPPHHPHPHPHHPH
578,HHHPHHHHHPHPPPHHHPPH
579,PHHHHHPHHPPHHHPPHHHH
580,HPHPHHHPHHHPHPHHHHPH
581,PHPHHHPHHPHHHPHPHHHH
582,HHHPHHHHPPHHPHHPPHHH
583,HPHHHPPHHHHHPHHPHHPP
584,HPHHHPHHHHPHPHPHHHHP
585,PHHHPHHHHPHHHPHHHPPH
586,PHPPHHHHHHHHHHPHPHPP
587,HHHHHPPPHHPHHHPHPPHH
588,PHHHHPPHHHHHPHHPPHHH
589,HHHHHHHPHPHPHHHPPHHP
590,HHHPHHPHHHHHHPPHPHHP
591,PPHHHHPHPHHHHHHHPHPH
592,PHPHHHHHHPHHPPHPHHHH
593,HHHHHHHHHHHPHPHPHPPP
594,HHPHHHHPHPHPHHHHHPHP
595,HPHPHHHHPHHPHHHPHHHP
596,HHPHPHHPPHHPHHHHHHPH
597,HHPPHPPHHHHPHPHHHHHH
598,PPPHHHHPHHHHHHPHPHHP
599,HPHHPPHHHPHHPHHHHHHP
600,HHHHHHHPPHPHPHPHHPHH
601,HHHPPPHPHHHHPHHHHHHP
602,HHHHHPHHHPHPPHPPHHHH
603,HPPPPHHHHHHHHPHHPPHH
604,HHHPPPHHHHPHHPHHPHHP
605,HHPPHHHHHHHPPPHHHHHP
606,HHPHPHPPHHPHHHPHHHHP
607,HHHPPHHPHPHPHHHPHHPH
608,PPHPHHPHPHPHHHPHHHHH
609,PHHHHHHPHHPPHHPPHHHH
610,PHHPHHHPPHHHHPHHPHHP
611,PHPHHPHHHHHPPHHHHHHP
612,HHHHHPHHPPHHPPHPHHHH
613,PPPHHPHPHHHHPHHHHHHP
614,HPHHHPHPPHHHPHHHPHHP
615,HHHPPHPPHHHHHPHHHHPH
616,HHHHHHHPHHHPPPPHPHHH
617,HPHHPHHHHHPPPPHHHHHH
618,HHPPHPHPHHPPHHHHHHHH
619,HHHPHHPHPPHHPHHHHPHP
620,PPHHHPPHHHHHHHHPHHPH
621,HHPHHHHHHPHPPHPHPHHP
622,PHHPHPHPHHHHHPHHPHPH
623,HHHHHHHPHHHHPPPPHHPH
624,HHHHHPHPPHPHHPPHHHHH
625,HHPPHHPHPHHHPHHPHPHH
626,HHHHHPHHHHPPPPHPHHHP
627,HPHPHPHHHHHHPPHHHHPH
628,HHPHHPHHHPPPHHHHHPHH
629,PHPPPPHHHHHPHHHHPHHH
630,HHHHPPHHPHHHHHHHPPPH
631,HPHHHHHHHHHHPPPPHPHH
632,HPHHHHPHPHPHHHHHPHHP
633,HHHHHPHPHHHPHHPPHHPH
634,HPPHPHHHPHPHHHHHPPHH
635,HHHPPHHHHHPPHPHHHPHP
636,PHHPHHHHPHHPHHHHHPHP
637,HHHHHPHHHHHHPPPPPPHH
638,HPHPHHHHHPHPHPHHHHPH
639,PHPHHHHHHPPHHHHHPPPH
640,HPPHHHPHPPHPHHHHHHHH
641,PPHPHHHPHHPHHHPHHPHH
642,HHHPHHHPHHPHHHPPHPHP
643,PPHHHHHHPHHPPHHHHPHH
644,PHPPHPHHHHHPHHHHPHHP
645,HPHPHHHHPHPHHPHPHHHH
646,HHHPPPHHPHHHHPPHHHHP
647,HHPPHHHHPHHHPPHHHPPH
648,HHHHPPHHHPPHHHPPPHHH
649,HPHHPHHHPPHHPPHHHHHH
650,HHHHHHPHHHPPHPPHHHPP
651,HHHPPHHHHHPHHHPHHPHP
652,PHHHHHHHHPHHHPHPHHPP
653,HPHHPPHPHHHHHPPHHHHH
654,PPPHHPPHHHHHHHPHHPHH
655,HHHHPHHHHPPPHHHPPPHH
656,HHHHPPHHHHPPHHPHPHHH
657,PHPHHHHPHHPHHHHHPHHP
658,HHHPHHHHPHHPPPHHHHPP
659,PPHHHHPHHHHPPHHHHHHP
660,PHHHHPHPHHHPHPHHHHPH
661,HHHPHPHPHHHPHPHHHPHH
662,PHHHPHHHHHPHHHHPPPHP
663,PHHPHHHHHPPHPPHPHHHH
664,HPPHHHPHPHHHHHPHPHHP
665,HHHHPPHHHHHHHPHHPHPP
666,HPHPHHHPPPHHPHHHHHHH
667,HHHPHHHHPHHPPPPHHHHH
668,HHHHHHHPHPHHHHPPPHPH
669,HHPHHHHHPHHHHHPHHPPP
670,HPHHHHHPHHHHHPPPHHPH
671,HHHHPHHHHHPHPHPHHPPH
672,PHHHHPHPHHPHHPPHPHHH
673,HHHHHPPHHHPHPPHHHPHP
674,HHHHHHHPPHHHPPPHHHPH
675,HHHHHPPHHHHPHHPPHPPH
676,HPHPHPHHHHHPHPHPHHHH
677,HHHHHPPHPHPHHPHHHHPH
678,PHHHPHHPHHHPHPHHPHHP
679,PHPPHPPHPHHPHHHHHHHH
680,HHHPPHHPPHHPHHHHHHPH
681,PPHHHHPPPPHHHHHPHHHH
682,PPHHHPHHHHPHHHPHHPHH
683,HHPHHHPPHHHPHPPHHHPH
684,HPHHPHHHHHHPHHPHPHPH
685,HPHPHHHHPHPHHPPHHHHH
686,PHHPHPPHHHHHHHHPPHHH
687,PPHHHPPHHHHHHPHHPHHH
688,HHPPPHHHPPHHPHHHHPHH
689,HHPHHHPHHHPPHPHHHPHP
690,HPHHHHHHPPHHHPHHHPHP
691,PHHHPHPHPHPPHHHHHHHH
692,HHPPHHHHPHHHHHPHHPHP
693,HHPHHPHHHHPHHHHHPPPH
694,HHPHHPHPHHPHPHHHHHPH
695,HPPPHHHPPHHHHHHHHHPP
696,PHHHPHPHHHPHPHHHHHPH
697,HHPPHHPPHHHHPHHHPHHP
698,HHPPPHHPHHHHHPHPPHHH
699,HHPHHPHHHHPPHHPHHHHP
700,PHHHHPPHPHHHPHHHPHHP
701,HHHPPHHHHHHHPPHPHPHH
702,HHHHHPPHHHHHHPPPPHHP
703,HHHPHHHHPHPHPHHPHPHP
704,HHPHHHPPHHHHHPHPPHHP
705,PHHHHHPHPPPHPHHHHHHH
706,HHPHPPHPHPHHHHHPHHPH
707,HHPHHHPPHHPHHHPPPHHH
708,PHHHPPHHHPHHHPPHHHHH
709,HPHHPHPHHPHPHPHHHHHP
710,HPHHHHHPHHHHHPPPHPHH
711,HHPPHPHPHHHHHHPHPPHH
712,HHHHHPHPHPHHHHPPHPHH
713,PHPHHHPHHHHHPHHHPPPH
714,HHHPPPHHHHPHHPPHHHPH
715,HHHPPHPHHHPHHHPHHHHP
716,HHHPHPHPPHHHPHHHHPHP
717,PPHHHHHPHHHHPPHPHHHH
718,PHPHHHHHPHHHPPHHHPPH
719,HHHHPHPHHHHPHHPPHPHH
720,HPHPHPPPHHHHHHHHHHHP
721,HHPHHHPHHHHHHPPHPHHP
722,PHHHPHHPPHPHHHHHHHHP
723,HPHPPPHHHHHHPHPHHHPH
724,HHHHHHPPHPPPHHHHHPHH
725,PHHHHHHHHHPPHHHPPPPH
726,HHPPHHPHHPHHHHHPPHPH
727,HPPHPHHHPHHHHPHHHHPH
728,HHPHPHHHHHPPHPHHPHHH
729,HPPPPHHPHHHPHHHHHHHP
730,PHHHHHHPHHPHHHHPHPHP
731,HHHHHPHHHPHPHPHPHHPH
732,PHHPHHHHHHHPPHHPPHHH
733,HHHPHHPPPPHHPHHHHHHH
734,PPHPHHHHHHPPHHHPPHHH
735,HHPHPHHHHPPHHHHPHHPP
736,PHHHHHHPHHHHHHHPPPPP
737,HPPHPHHHHHPHPHHPPHHH
738,HHPPHHPHHPHPHHHHHHPH
739,HPHPHHHHHPPHHHHHPHHP
740,HHHPPHHPPHHPHPHHHHHH
741,PHHPHHPPHHHHPPHHHPHH
742,HHPHHHHHHHPPHHPPPHHH
743,HHHHHHPHPPHHPPHPHHHH
744,PHHHHPHHHHHHHHPHPHPP
745,HHPHPHHHHHPHHPHPPHHH
746,HHPPHHPHPPPHPHHHHHHH
747,PHPHHHHHHPHPHHPPHHPH
748,PHHHHHHPPPPHPHHHHHHH
749,HHHHPPHHHHHPHHHPPHHP
750,HHHHPPHPHHHHPHHHHPPH
751,HHHHHHHPHHHPHPPHPPHH
752,PHHPHHPPHHHPHPHHHPHH
753,PHPPHPHPHHHHHPHPHHHH
754,PHHPHPPPPHHHHHHHHHPH
755,HHHHHHHPHPHHPPPHPHHH
756,HPHHHPHPHHPHPPHHHPHH
757,HHPHPHHHPHHPHHPHHPHH
758,HPHPHPHPHHHHPHHHHPHH
759,HPPPHHHHHPHHHPHHHPHH
760,PHHHHHHPHHPPPHHPHPHH
761,HPPHHHPHPHPHHHPHHPHH
762,HHHPHHPHHPHPPHPPHHHH
763,HPPHHHPHPHPHPHHPHHHH
764,HPHHHHPHPPHHHHHPHHPH
765,HHHPHHPHPHHHHHPHPHHP
766,HHHHPPHHHPPHHHHPHHPH
767,HHHPPHHHPHPPHHHHPHHH
768,HHHHPHHHHPPHHPPHHPPH
769,PHPHHHHPPHPPHHHHHHPH
770,PPHPHHPPHPHHHHHHHHPH
771,HPHPPHHHPHHHHHPHHHHP
772,HPPHPHHHHHHHHPPPHPHH
773,HHHHHHHHHPHPHPHPHHPP
774,PHHHHPHHPPHHPHHHHHPH
775,PPHHPHHHHHHPHPHHHHPH
776,HHPHHHHPHPHHHHPPHHPH
777,HHHPHHHHHPHHHPHHHPPP
778,HHPHHPHHHPHPHPHHHHHP
779,PHPPHPHHHHHPHHPHHHHH
780,PHHHHPPHHPPHHPHHPHHH
781,HHPHHHHPHHHHHPHPHPPH
782,PPHHHHHPPHPHHHHHHHHP
783,HPHHPHHHPHPHHHPHHPHH
784,PPPPHHHHHPHHHHHHHHPH
785,PHHHHPHHHPHPHHHHPHHP
786,HPHHHHHHHPHHPHPPHHPP
787,PPPHHPHHHPHHHHHHPHPH
788,HPPPHHHPHHHPHHPHHHHH
789,PHPHHPHHHPPPHHHHHPHH
790,HPPPHHHPHHPHHHHHPHHP
791,HHPHPHHHPHHHHHPHPHPH
792,HHHHHPPHPHHHHPHHPHHP
793,HHPHHHPHHHPHPHHPHPHH
794,PHHHHHPHPHHHPHPHHHPP
795,HHHHPPHPPHHHPPPHHHHH
796,HHHPHHHPHHHHHHHPPHPP
797,HPHPHPHHHHHPHHHHPHPH
798,HPHHHPPHHHHPHHHHPHPP
799,HPHHHPHHPHHPHHHPPPHH
800,HPHHHHHPHHHHPPPHHHPP
801,HHHHHPHHPHHPHHPPHHPH
802,HHHPHHHHHPPPHHHHPHPH
803,HHPPHHHHHHPHHPHPHHHP
804,HHHPHPPHPPPHHHHHHHHH
805,HHHHHPHHPHHHHPHHHPPP
806,PPHPHPPHHHHHHHHHHPHH
807,HPHHHHHHHHPPHPPHHHPP
808,PHHHPPPHPHHHHHHHPHHP
809,PPHPHHHHHHPPHPHHHHPH
810,HHPPHHHHHPPHPHPHPHHH
811,HHPHHPPHHPHPHHPHPHHH
812,HHPPHHPHHPHHHHPHHPHP
813,PHHPHPPHHHHHHHPPHHPH
814,HHHHPPPPHHHHPPHHHHHH
815,HHHHHHPHPHHHHPPHPHPH
816,HHHPHHPHHHHHHPPPPHHH
817,HPHHHHPPHHHPHHHPHHPH
818,PHPPHHPHHHHHHHHPHHHP
819,PHHPHHHPPPPHHHHHHHHP
820,HHHPHHHPHPHPPPHPHHHH
821,HPPHHPHPHPPHHHPHHHHH
822,PPHPHHHHPHHHHPHHPHHP
823,HHHPHPPPHHHHHPHHPHHH
824,HHHHPPHHPPPHHHHHHHPH
825,HHPHHHHPPHPHHHHHHPPP
826,HHPPHHHPHPHHHHHHHPPH
827,PPHHPHHHHHPHHPHHHPHH
828,PHPHHPHHPHPPHHHHHHHH
829,HPHHPHHHHPHHPPHHHPHH
830,PPHHHPHHPHHHPPHHHHPH
831,HHHHHHHPPPHHHHPPPPHH
832,PHHHPHHHHHPHPPHHHHPH
833,HHHHPHHHPHPPHPPHHHHH
834,HHPHHHHHPPPHHHHHHPPH
835,PHHHHHPPHHHHHHHHHPPP
836,HPHHHHHPPPHHHHHPHPHH
837,PHHHHHPPHHHHHHPHHPPH
838,HHPHHHPHHHPHHHPPPHHH
839,HPPHHHPHPHHPHHHHHHHP
840,HHHHHPHPHHHHPHHHPPPH
841,HHHHPHHPHHPHPHHPPHHH
842,HPHHHHPHHPPHPHHHHHPH
843,HHHPHPHPPHHPHHHHHPPH
844,HHHHHHPPHHHPPHHHHPPH
845,HPHHHHHPHPHPHHHHPPPH
846,PHPPHHHHHHPHPHHPHHPH
847,HPPHPPHHHHHHPHPHPHHH
848,HHHPHPHHPPHHHHHPHHHP
849,HHHPPPHHPPHHPHHHPHHH
850,PPHHHHHHHHPHHHHPPHHP
851,PHHPHHPHHHHHHHHHHPPP
852,HHHPHPHPHHHHPHHPHHHP
853,HHPPHHPHHPHHHHPHPHPH
854,HPHHHHPHHPHHHPPHPHHH
855,PHHHHHHPPPHHHPHHHHHP
856,HHHHPHHPPHHPPPHHHHPH
857,PHHHPHHHPHPHHPHHHPHH
858,PHHHHPPPHHHPHHHHPPHH
859,PHHPHHHHPHHPHPPHHHHP
860,HHPHHHHHPPPPHPHHPHHH
861,HPHHHHHHPHHHPHPHHPPP
862,HHPHPPHHHHHPHHPHHPHH
863,HPHHHPHHHHPHPPHPHHHH
864,HPHHHHPHHPPHHHPHHPHH
865,PPHHHHPHHHHHPPHHPHHH
866,HHHHPHPPHPHHHHHPHHPP
867,HHPHHPPHHHPHPHHHHHPP
868,HPHHPHHHHHHPHHHHPPHP
869,PHHHHHPHPHHHPHHPHPHP
870,HHHPPHPHPHHHPHPHHHHP
871,PHPHHHHPPHHHHHHPHPHH
872,PHHHPPPPHHHHHHPHHHHP
873,PHHHHHPPPHHPHHHPHHPH
874,PHHHHHPHPHPPHHHHPPHH
875,HPPHHHPHHHPHHHHHPPHP
876,HPPHHHHPHHHHHPPPHHPH
877,PPPHPHHPHPHHHPHHHHHH
878,HHPHHHPHHHHHHPHPPPHP
879,HPHHHPHHPHHHHPPHHPHP
880,HHHHHPHHHHHHPHPPHHPP
881,HHHPHPHHHPPHPHHPHHHP
882,HPHHHHHHPPPPHHPHHHHH
883,HHPHPPHHHHPHHHHPHHPH
884,PHHHHHHHPPHHPHPPHPHH
885,HHPPPHHPPHHPHHHHHHHH
886,HHHPPHPHHHHHHHHPPHHP
887,HHPHPPHHHHHPPHHHPHHH
888,HHHHHPHPHHHPHPHHPPHH
889,PHPHHHHHHPHPHHPPHHHH
890,HHHHPPHHHHPHPPPHHPHH
891,HPHHHPHHHHPHHPHPHPHP
892,HHHPPPHHPHHPPHHPHHHH
893,PPPHPHHPHHPHHHHHHHPH
894,HHHHPHPPPHHHPHHHHPHP
895,HHHHHPHPPHHPHHHPPHHP
896,PPPHHHPHHPHHHHHPHHHH
897,PHHHPHHHHHHHPHPHHPPH
898,HPHPHHHHHPHHPPHHHHHP
899,HHHPPPPPHHHPHPHHHHHH
900,HPHPPHHHHHPHPHPHHHHH
901,HHPPHHHPHHPHHPHHPHPH
902,HPHHHHPPHHPPPHHHHHHH
903,HHPHHPHHHHHHHPPHPPHH
904,PHHHHHPPHHHPHHHPPHHH
905,HHHHHPPHHPHHPHPPHHHH
906,PHHPHHHPHPHPHPHHPHHH
907,HHHHHHHHHHHPPPPHHPPP
908,HHHHHHPHHPPHHHHHHPPP
909,PHHHPPHHHHHHPHHPHPHP
910,PHHPPHHHHPHHHHHPHHPH
911,HHHHHHHPHPPHHPPHHPHH
912,PHPHHHHHPPHHHHPHHPHH
913,PPHHHHPHHHHHPHHPHHPP
914,HHPHPPHHHHHHPHHHHPPH
915,PPHHHHHHHHHHHPPHPPPH
916,HHHPHHHPHPHHHPPPHHHH
917,HHHPHPPPHHHHHPHPHHPH
918,HHPPPHPHPHHHHHHHPHHH
919,HHHPHHHHPHHHPHHPPHHP
920,PPHPHPHHHHHHHHPHPHHP
921,PHHHHPHHHPHHHPHHHHPP
922,PHHPHHHHPHHHHHHPPHPH
923,HHHPHHHHPPPHPHHPHHHP
924,PHHHHHHPPPHHHHHHPHPH
925,PPPHHPHHHHPHPHHHHHPH
926,HPHPPHHPHHPPHHPHHHHH
927,HHHHPPHHPHHHHHPHHPPH
928,PHHPHPHHHHHHHPHHHHPP
929,PHHHHPHHPHPPHHHHPHHH
930,PHHHHHHHHPHHPHPHHPHP
931,HHHHHHPHHHPHPHHPHPPH
932,HPHHHHHPHPHPHHPPPHHH
933,PPHHPHHHHHPHPPPHHHHH
934,HHHPPHHHHPHPHPHHHPHH
935,PHHHHHPPPHHHHPPHPHHH
936,HHHHHPHHHHHHPHPHPPHP
937,HPHPHHHHPHPHPHHHHHPH
938,PHHHPHPHHHHHPHHHPHPH
939,HHHHPHHPPPPPHHHHHHPH
940,PHHHHHHHHHHHHHPHPPPP
941,PHHPHHHHPHPHHHHPHPHP
942,HHHHHHHHHHHHPPHHPPPP
943,HHHHHPHHPPPHPHHHHHPH
944,HPHHHHPPHPPHHHHPHHPH
945,HHHHHPHHHHHHPPHHPPHP
946,HHHPPHHHHPHHHHHHPHPP
947,HPHPHHPPHHHPPHHHHHPH
948,PHHPHHHHPHHPHHHPPHHP
949,HHHPHHHHPHHPHPHHPHHP
950,PHPHHHPHHHPHPHHHPHHH
951,HPPPHPHHHPHHHHHPHPHH
952,HPHHHPHHHHHHHPHHPHPP
953,HPHHHPHHPPPHPHHHHHHH
954,HHHPHPPHPHHHHPHHHHPH
955,HPHHHPHPHHHHPPHHHHHP
956,HPHHHHPPHHPHPHPHHHPH
957,PHHHHHPHPHHHHPPPHPHH
958,HPPPHPHHHHHHHPHPHHHH
959,PHPPHPHPPHHHHHHHHPHH
960,HHHPHHPPPHHPHPHHPHHH
961,HPHPHHHPHHHPHHHPPPHH
962,PPPPHHHHHHPHHPHPHHHH
963,HHPHHHHPHHPHHPPHPHPH
964,HHHHHHHPHPPHHPHPPHHP
965,HPHPHHHHPHPPHHPHHHHH
966,HHHHPPHHHHPPHPHPHPHH
967,PPHHHPHHHHHHHHHHPPHP
968,HHPPHHHHHHHHPHPPHHPH
969,HHPPHHHHHPPHHPHPHHHH
970,PHHHHPPHPPHPHHHHHPHH
971,PHHPHHHHHPHHHHPHHPHP
972,HPHHPPHPHHPHHHHPHHPH
973,PHHHPHHPHHHHHPPHHHHP
974,PHHHHHPHHHHHPHHPHHPP
975,HPPHHPHHHHPHHPHPHPHH
976,HPPPHHHHHPPPHHHHHPHH
977,PPHHHHPHHPHPHHHPHHPH
978,HPHHPPHHHHPHHHHHPHPH
979,HHHHPPHHHHPHPHPHHPHP
980,PHPPHHHHPPPHHHPHHHHH
981,PHPHHHHHPHHPHHHHPPHH
982,PPHHHHPHPHHHHHPHHPHH
983,HHPPHHHPHHHPHPHHPHPH
984,HPHHHPPHHHPHHPHHPPHH
985,HPPHPHHHHHHHPHHHHHPP
986,PPHHHHHHPPHPPHHHHHHH
987,HPPHHHHPPHHHHHPHPHHH
988,PPPHPHPPHPHHHHHHHHHH
989,HHHPHHPPHHPHHPPHHHHP
990,HHHHHHPHHHHHHPHPPPHP
991,PPHHHPHPHHHPHHHHHHPP
992,HPHHHHHHHHPHPPHHHPHP
993,PPHHHPPHPHHHHHHHHHPH
994,PHHHPHPHHHPPPHHHHHHP
995,PHHHHPHPHHPPPHHHHHHP
996,HHPPHHHPHHHPHPHHHHPH
997,HHHPPHHHPHHHHHHHPPPH
998,HPHHPHHPPHHPHHHHHHHP
999,HPHHHHPHPHPHPPHHHPHH
1000,HHHPHPHPHHHHPPHHHPHH
1001,HPHHHPPHHHPHHPHPHHHH
1002,HHHHHHPHHPHPHPPHHHPH
1003,PPHHPHPHHHHHPHPHHHHH
1004,PHHPHHHHHHHHHHPPPPHP
1005,PHHHPHPHPPHHHHHHPHPH
1006,HHPPHHPHHHPHHHPHHHPP
1007,PHHHHHHHHPPHHHPPHHHP
1008,PHHHHHHHHHHHHPHPPHPP
1009,HHHPHHPHHPHPHHHHPHPP
1010,PPHHHHHPHHHHPHHHPHPH
1011,HPHHHPPPHHHHPHPHHHHH
1012,PPHHHHHHPHHPHHPHHPHH
1013,HHHPPPHHPHHHHPHHPHHH
1014,HHHPPHHHHPPHPPHHHHHP
1015,PHHHHHHHHHPHPPHHPHHP
1016,PHHPPHHHHHPHPHPHHHHH
1017,PHPHPHHHPPHPHHHHHHHH
1018,PHHHPHHPPHHHPHHPHPHH
1019,PHHPHPHHHHHPHHPHPHHH
1020,PHPHHHHPHHPHHHHHPPHH
1021,HHHHHHHPHPPPPHHHPPHH
1022,HHHPHPHPHHHHHPPHHPHH
1023,HHPHHHHPHPPHHHPHHHPH
1024,HPPHHPHHHHPPHHPHHHHH
1025,HHHHHHHHHPPHHPHHPPPP
1026,HPPHHHHHHHHHPHPPHPHH
1027,PHPPHHHHHPHPHPHPHHHH
1028,PHPHHPPHHPHHHHHHPHHH
1029,HHHPHHHPHPHPHPHHHHHP
1030,HHHPHHHHHHPPPPHHHPHH
1031,HPHHHHHHPHHPHPHHHHPP
1032,PHHHHHHHHPPPHPHHHPHH
1033,PHHPPHPHPHHHHHPPHHHH
1034,HPHPHHPPHHHPHHPHHHHP
1035,HHPPPHHHHHHPHHPHHPHH
1036,PHHHPPHHHHPHHHHPHPPH
1037,HHPHPPPHHPPHHHHHHHHH
1038,HHHPPHHPHHHPHHHPHHPH
1039,PHHHPHHPPPHHHPHHHHHH
1040,HHHHPHHHPHHPHHHPPPHH
1041,HPHHHPHHHPPHHPHPHHHH
1042,HHHPHHHPPHHPHPHHHHHP
1043,HPPPPPHPPHHHHHHHHHHH
1044,HHPPPHHHHHPHPHPPHHHH
1045,HPPPHPHHHPHHHHHHHPHH
1046,HHPHHHHHPHHHPHPHHPPH
1047,HHPHPHPHHPHHPHHPHHPH
1048,HHPHHHHHHHPHPHHPPHHP
1049,HHPHHHPHPPHPHHPHPHHH
1050,PHHHPHHHPPPHHHPHHPHH
1051,HHHHPPHHHHHHPPHHHPPH
1052,HHPHPHHHPPHHPHHHHHPP
1053,HPHPHHHHPHHPHPHHPPHH
1054,HHHHPHPPPHPPHHPHHHHH
1055,HPHPHHHHPPPHHHPHPHHH
1056,HHHPHPHHPPHHPHHHPHHH
