id,sequence
0,PHPPHHHPHPPPPHPHHHPH
1,HPPPHHPHPHPPHHPHPPHP
2,PHHPHHHPHPPPPHHHHPPP
3,PPHHHHPHPPPPHPPHHPPH
4,PPPHHPHHHPPHPPHPPHHH
5,PPHPHHHPHHHHPHPPHPPP
6,PPHHHPPHHPPHHHHPHPPP
7,PHPHHPPHHHPPHHPHPHPP
8,HPPHHHPHPPPHPPPHHPHH
9,HPPPHPHHHPHPPPHHPHHP
10,HHPPHHPPPPHHHPPHPPHH
11,PHPPPHHPHHHPHPPPHPHH
12,PPPHPPHPPHPPHPHHHPHH
13,PPHHPHPHPPHPHPHHPHHP
14,PPHHPPHHPHHPHHHPPPPP
15,PHPHPPHHPPHHPPHHHPHP
16,HPHPHPPHHHHPPHPPPPHH
17,HHPPPHHPPPHPHPPHHHPH
18,PPHHHPHHPHHPHPPHPPHP
19,PPHHPHHPPPHPHPPHHPHP
20,PHPPHHHHPPPHHPPPHPHP
21,HPPPHPHPHHHPPPHPPHHP
22,PHPPPHHPPPPHPPHHHHPH
23,HHHHHPPPPPHHPPPPHHPP
24,PHHHPPHHHPPHHPPPPPHH
25,HPHPPHPPHPHPHPHHPHHP
26,HHHHPPPHPPPPPPHHHHHP
27,PPPHHPPHPHHPPHPHHHPP
28,PPHHPHPHHPPPPPHHHHPH
29,HHHPPPPPPHPPPPHHHHHH
30,HPPPHPPPPHHHHPPHHPPH
31,HHHPPHHPPPPHPPPHHHHP
32,HPHHPHPPPHPPHHHPPHHP
33,PPHPPPPHPPHHHPPHPHHH
34,HPPHPPPPPHPHHHHHPHHP
35,HPHHPPPPHPPHHHPPPHPH
36,PHHHPPHHHHPHPHPHPPPP
37,HPPHHPHPPPHHPHPPHPHH
38,PPHHPHHPPHPPHHHPHPPP
39,PHPHHPHPHHPHPPHPPPHH
40,HHPPPHPPHHPHHHHPPHPP
41,PPHHHHPHHHPPPHPPPPHP
42,HPPHHPHPHPHPPHHPPHPH
43,PPPPPHPHHHHHPHPHPPHP
44,PHPPHHHPPPPHPHHHHPPH
45,HHPHPHHPPPHHPHPPHPPH
46,PHPPPHHPPPHHPHHPHHPH
47,PHPPPHHHPHPHHHHPPPPP
48,PHHHPPPPHPHHPHHPPPHH
49,HPHPPHHHPPPHHPPHHPPP
50,PHPHHPPHPHHHHHPPPPHP
51,HHPHHHHPPPPHPPHPHPPH
52,HPHHPPPPPHPHPHHPHPPH
53,HPPHHPPHPHHHPPPPPHHH
54,HHPPPPHPHHPHHHHHPPPP
55,HPPPPPPHPHHHPHHPHPPH
56,PHHPHPPPPPHHHHHPPHHP
57,PHHPPPHPHPPHPHPPPHHH
58,PPHHPPPPHHHHHHPPHPPP
59,PHPPHHPHHPPHPHHHPPHP
60,PHPHHPPPHPPPHPHHPHHP
61,HPHPPHHPPPHHPHPHPPHH
62,HHHPPPHPPHPPHPHHPHPP
63,HPPHPHHPPHHHPPHPPHHP
64,HHHPHPHPPHHPPPHPHPPH
65,HHPHPPPHHHPPPPPPHPHH
66,HPPPPPHHPHHPHPPPHHHP
67,PHPHHHPHHPPHPPHPPHPP
68,PHHPHPHPHPHPHHPPPHHP
69,PHPPHPPHPPHPPHHHPHHH
70,PHPPPHHHPHHPHHPPPPPH
71,PHHHHHHPPPHPPPPHPPHP
72,HHHPHHPPPHHPHPPPHPHP
73,PHPHHPHHPPHHPPPPHPHP
74,PHPPPPHHHPPHPHHHHPHP
75,PPPHHHPHPPHHPHPHHPPH
76,PPHPPPHHPPPPHHPHHHPH
77,PHHPPHHHPHPPHHPPPHHP
78,PHHPPPHPHHHHHPPPPHPH
79,PHHHPPPHPHPHPPPHPPHH
80,PPPPPHHHHPHPHHHPPPPH
81,HPPHHPHHHPPPHPPPPPHH
82,HPPHPPPHPPHPHHHPHHPH
83,PPHHPHPPHHHHHHPPPPHP
84,PHHHPPHPPPHHHPHPPPHH
85,PPPHPPPHHPHHHPHHPHPH
86,HHHHPPPHPPPHPPHPPHHP
87,PPPPHPPPHHPHHHPHHPHP
88,HPHPHHPPPPHHPPHHHPHP
89,HPPPPHHHHPHHPHHPPHPP
90,HHHPPHPPHHPPHHHPPHPP
91,PHPHPHPPHPPHPHHHHPPP
92,PPHHPPPHPHPHPPHHHPPH
93,PPHHHPPHPPPPHHHPHHPH
94,HHHPHPHPHPPPPPHHHPPP
95,HPHPHPPHPPPPPPHHHHPH
96,PHPHPPHPPPHPPHPHPHHH
97,HPHPPPPPHPHHHHHPPPHH
98,PPHHHPHPPHHPPHHHPPHP
99,HPHPHHHHHPPHPPHHPPPP
100,PHPHHHPHPHPPPPPHHHPH
101,HHPPPPHPHHPPPPHPHHHH
102,PHHPPHHPHPHPPHHPPHPP
103,PHPPHHPPHHPHPHHHPPHP
104,HHHHPPHHPPHPPHPPHPPP
105,PHPHPPHPHPPHHPHPHHHP
106,PHHHPPPHHPPHPPHHHHPP
107,HHPHHHPPPPHHHPPPPHPH
108,HHHPHPPHHPPPHPPHPPHH
109,HHHHHHPPPPHHPPHHPPPP
110,HHPPHPPPHHPPPPPPHHHH
111,HHPHPPPHHPPHPHHHPPPH
112,PHHPPHHPHHPPHHPPHPPP
113,HHPPPPPPHPPHPHHHHHPP
114,HPPPHHHHPPHPPPPHHHPH
115,HHPPPHPPPHPHPPHPPHHH
116,PPPHPHPHHPHPPPPHHPHH
117,HPPHPPPHHPHPHPPHHHPH
118,HPHPPPHHHHPPHPHPPPHH
119,HPHPPPPHHPPPHHHHPPHH
120,PPHHHPHPPPHPPHPHHPPH
121,HHHHPHPPPPPPHPHPPHHP
122,PPHPPPHHHHPPPHHHPPHH
123,HHHPPPPPPPHHPHHHHPPH
124,PPHHHPHPHPHHPHHPPPPH
125,HHHPHHPPPPHPPHHPHPPP
126,PPPPHHHPPHPPPHHHPHPH
127,HPHHPHPHPHPPHPPPPHHH
128,HPPPHPPHHPHPHHPPHPHP
129,HHPPHPHPHHHPPPPHPPPH
130,PHPHHHPHHHPPPHPHHPPP
131,PHPPPHHHPHHPHHPPPHHP
132,HPHHPPHPHHPHPPHPHPPP
133,PPHHPPHHPPHPHHPPHPHH
134,PHPHPPHPPPHPHHPPPHHH
135,HPPPPPHPHPPHPHHHHPHP
136,HHPPHPPPHPPPHPHHPHHH
137,HHPPPHPPHPPHPHPPHHPH
138,PPHHHHPHPHPPHPHPPHPP
139,PPPHHHHPHPHPPPHPPPHH
140,HPPHPHPHPPPPPHPHPHHH
141,PPHHHPPPHPPPHHHPHHPH
142,PHPHPHHPPPHHHPHHHPPP
143,PPPPHPPHHPHHHHHPHPHP
144,HPHHHPPPHPPPHHHPHHPP
145,HHHHHPPPPPPHHPPHPHPP
146,PPPHHPPHPHHPHPPPPHHH
147,HHPPHHPPPHHHHPHPHPPP
148,PHHHPPPHPPHHHHPPPPHH
149,HPPPHPHPPHPPHHPHHHPH
150,PHHPHHPPPPPHPHPHPHPH
151,PHPHPHHHPPPHHHPPHPHP
152,PPHHPPHPHHPPHHPPPPHH
153,PHHHPHPHHPPPHPPHHPPH
154,HPPHPHPPHPHHHPPHHPHP
155,PHHPHHPPPPHHPPPHHPHH
156,PPPHPPPPHHHHPHHHHPPH
157,HHPPHPHHPPHPPPHHPHHP
158,HPHPPPPHPPHHPHPHHHHP
159,HHHPPPHHPHHHPPPHPPHP
160,PHPHHPHHPHHPHPPPPPHP
161,PPHPPPPHHPPHPPHHPHHH
162,HPHPHPPHPHHPHPPPPPHH
163,PHPPPHHHPHPHPHPPHPHH
164,HHPPHPPHPHPHPPHHHHPP
165,PHHPPPPHPPHHHHPPHHPH
166,PHPHHHPPPPHHPHHPPPHH
167,PPPHPPHPHHPPPHHHHHHP
168,HPPPPPHHPPHHPHPHPHHP
169,PPPHPHPPPPHHPHHPHPHH
170,PPPPPHPPPPHHHHPHHHHH
171,PPPHPHPHHPPHPHHPPHPH
172,PHPHHPPHPHHHHHPPPPPH
173,PPHHPHPPHHHPHPPPPHHH
174,PPHHHPPHHHPHPHPPPPPH
175,HHPHHHPPPPHHHHPPHPPP
176,HPPHPHPHHPPHHHPPHPHP
177,HHPHHPPPPHPHHPPHHPHP
178,HHPPHPPPHPPPHPHPHHPH
179,PHHPHHHHPPPPPHHHPHPP
180,HPPPPHPPHHPHHHPPHPHH
181,HPPPPHHHHHPHPPPPHHHP
182,PPPPPHHHHPPHHPHPHPHP
183,PPHPPPHPHHPHHHPHPHPH
184,HHPPPHPHPPPHPHPHPHHP
185,PHHPPHHPHHPPPPPPHHHP
186,PHPPHHPHPHPHPHHHHPPP
187,PPPPHHHHPPHPHPHHHPPH
188,PHPHPHHHPPPPHHPHPPPH
189,HHHPHPHPHPPHPHPPPHPP
190,PHPPPHPHHPHPHPHPPHHP
191,PPPPPHPPHPPHHHHPHHHH
192,PHPPHHHPHHPPHHPPHPHP
193,PHHHHPPPPHPHPHPHPPHH
194,HPPHPHPPPPHPHHPHPHHH
195,HHHPHPPPHPPPHPPHPPHH
196,PHHPHHHHHPPHPPHPHPPP
197,PHPHHPPHPHPPPHHPPHHP
198,HHHPHPHPPPPPHPPHHHPH
199,PPPPHPHHPHPHPHPPPHHH
200,PHHPHPHHHPPPPHPHPPPH
201,HHHHPPHHPPPPPHPHPPHP
202,HHPHHPHHPPHPHHPPPPPH
203,HPHHPPHPPHPPHHPHHPPH
204,HHHPPPPHPPPHHHPPHPPH
205,PPPHHHHHHPPPHHPPHPHP
206,HPPPPPHHPPPPHHPHHHHP
207,PHPHHHHHPPPHPPPPHPHH
208,HHHHPPHPHPPHPHHPPPHP
209,PHPHPPHHPPPHHPPHHPHH
210,PPHPPHPPHPPHPHHPHHHP
211,PHHPHPHPPHPHPHPPHPPH
212,PHPPPHHPHHHPPPPHPHHH
213,PHPHHPHPPPPPHHHPPHHH
214,PPHHPHPHHPPPPPHHHPHH
215,HPHPPPPHHPHHPHPHHHPP
216,PHPPPPHPHPPHHPHPHHHP
217,HHHPPPHHPHHPPPPHPPHP
218,PPPHHHPPHPHHPHHPPPHH
219,PHHHHHHPPPPHPPPPHPHH
220,HHHHHPHPPHPPPPPPHPHP
221,PHPHHPHPPPPPPHHHHPPH
222,PHPPHPPPPPHPHHPHHHPH
223,HHHPHPPPPHPPHHPPPHPH
224,PHHHHHHPPHPPHPPPPPHP
225,PPHHHPPHPPHHPHPPHPHP
226,HHHHPPHHHHPPPPPPHPPH
227,PHPPPPPPHHPPPHHHHHHP
228,PHHPHHPPPPPPHPPHHPHH
229,PPHHPHHHPHHPPHPPPPPH
230,PPPHHPPHHPHPPHHPHHHP
231,HPPHHHHPPHPPPHHPPHPH
232,HPHHHPPPPPPPHPPHHHPH
233,HPPHPHHPPPPPHPPHHHHH
234,HPPPPHHHPPHHPHPPHPHP
235,PPHHHPPHHHPPPHHHPPHP
236,PPPHPHPPPHHHPPPHHPHH
237,HPHHHHPPPHHPPPHPHHPP
238,PHHHHHHHPPPPHPPHPPPH
239,PPHPPHPHHHPHPHHPPPPH
240,PHPPHHHHHPPPHPHPHPPP
241,HHHPPHPHHPHPPHPPPHPP
242,HPPHPPPHHHPHPHPPPHHH
243,PHPHPHHPHHPPPPHHPPPH
244,PHPPHHPPPHPPPHHPHHPH
245,HHPPPHPHHPPPHPHPHPPH
246,HPPPHHHHHHPPPHPPPHPH
247,HHPPHHHHHPHPPPHHPPPP
248,PHHHPPPHPPHHHPHHPPPH
249,HPPPPHHHPHHPPPHPHPHP
250,HPPPHHPHPPHHPHPHPHHP
251,PHHPPHHPPPHHHPPHHHPP
252,PPHPHPHHHPHHPPPPHPHP
253,PPHHHPHHHHPPPPPHHPHP
254,HPPPHPPHPHPPHHPPHHHH
255,HPHHPPPHPPHPPPHHHPHP
256,PPPPHPPHPHPHPHHHPHHP
257,PHHHHHPPHPHPPPHPPHHP
258,HPPHPHPPPPHHHHHHPPPH
259,PHHHHHHPPHHPPHPPPPHP
260,PPPHPHHPPHHPHPHHPPHP
261,HPPHHHPPHPPPPHHHPHHP
262,HPPHPPPPPHHHPPHHHHHP
263,HHPPPPHHPHPPHHHHPPPH
264,PPPPHHPPPPPHHPHHHHHP
265,PHHPHPHHHPHPPPPHPPHH
266,PPPHPHHHHPHPHPHPPHPH
267,PHHPHHHPHPPPPHPHHPHP
268,HPPPPPHHHHPPHHHPPPHH
269,HHHHPHPPPHPHPPPPHPHP
270,HPPPPHHHPHHPPHPHPPPH
271,PPPPPHHHPPHHPHHPPHHH
272,PPHPPHHHPHHHPPPHHPPP
273,PHHHPPPPHHHHPPPHHPPP
274,HPHHPPHPHHPPPPHPHPHH
275,PHHHPPPHPHHPPHPPHPHP
276,HPHPPHPPHHHHPPPHPHPH
277,PPPHHPHPHPHHPHPPPHHP
278,HPPPHHPHHHHHPPPHPPHP
279,PHPHHPHPPHPHHPPHPHHP
280,PPPPPPHHHPHPHPHHHPHP
281,PHHPPPHHHPPHHHPPPHPH
282,PHHPPPPPHHPHHPPHPHHP
283,HHHHPPPPPHPHHPPPPHHP
284,HHHPHHPPPPHHHPPPHPHP
285,HPHPPHHHHPPHHPPHHPPP
286,PPPHHHPPHPPPHPHPHHPH
287,PPHHPPPPHHPHHPHHHHPP
288,HHHPPPPHHPPHHPPPHHPH
289,PPHPPHHHHPHPPPPHHHPP
290,PPHPHPHHHPHHPPPHPPHP
291,PHPHPHHPPPPPHHHPHPPH
292,HPHPPHPPPHHPPHHPPHHP
293,PHHPHPHPHPHHPPPPHPPH
294,PHHPPPHPHPHHPPHHHPPH
295,HPHPHPHPHPHHHPPPPPPH
296,HPHPHHHHPPHHPPPPPPPH
297,HHPHHPHPHHHPHPPPPPHP
298,PPPHPHHPPHPHPHHPHHPH
299,PPHPPPPHHHHHPHPHPPHP
300,HPHPHPHPPHPHPPHPPHHH
301,HHPHPPPPHHPHPHHHHPPP
302,PHHHHPPPHPHHPHHPPPPP
303,PPPPHHHPHHPPHPHPPHPH
304,HPPHHPPPHPHHHHPPPHHP
305,PPHHHHPPPPHHPPHHPHHP
306,HHHHPPHPHPPPPPHPHPHP
307,PPHPPHPHPPHHHPPHHPPH
308,HHPHHPPPPHPHHPPPHPHH
309,HPHHPHHPHHPHHPPPPPHP
310,HHHPPPHHPPPPPHHHHHPP
311,PPHHHPPPHHHHPPPHPHHP
312,PPPPPPHPPHHHPHHPHHHP
313,PPHHHHHHPHHPPPHPHPPP
314,HHHPPHPPHPHPPPPHHPHP
315,PPHPHPPHHHPPPPPHHPHH
316,PHHPHHHHPPHHPHPPPPPP
317,HPPPPHHPHHHHPPHHPHPP
318,HPPPPHPPPHHHPPHHPHHH
319,HPPHHPHHHHPPPPPHPHHP
320,HHPHPHPPHPHPHHPPHPHP
321,HPHPPHHHHHPPPPHPHPPP
322,HHHPHPPPPHHHPPHPHHPP
323,HPPHHPPPPHHHHPPHPHPP
324,HPPPHPHPPHPHHPHPHHHP
325,PHPPHHHHPHPHPPPPHHHP
326,HHPPPPHHHHPPPHPHPPHP
327,PPHHPHPPHHPHHPPHHPPP
328,HPHHHHPHPHPPHPPHPHPP
329,HPPPPPHHHHPPHHHPHPPH
330,PHPHPPPPHPHPPHHPPHHH
331,PPHPHPPPPHHHPHHHPHPH
332,HPHPHPHPHHPPHHPPHPPP
333,PPPHHPPPPHPHHHPHHPHH
334,HHPPHPPPHHHPHPPHHPHP
335,PHHHHPHPHHHHPPPPHPPP
336,HHPPPPPHHPPPPHPHHHPH
337,PPHPPPHPHHHPHPHPPPHH
338,HPHHHPPPPPPHPHPHPPHH
339,HHPPHHPHPPHHHHHPPPPP
340,HHHPHHPPPHPPPHPHPPHH
341,PPPPHPPHHHPHPHPPHHPH
342,PHHPPHPHHPHPPHPHPPHP
343,PPHHHHPPHPHHHPPPHPHP
344,PPHPPPHPHHHHHPPHHPPH
345,HHHPPHPHPHPHPPPPPPHH
346,HPHPHHPHPHHPHHHPPPPP
347,PPHHPHHHPHHPPHPPPPHH
348,PPPHPPHHPPPPHHPPHHHH
349,PHHHPPPPHPHPHHPPPHHH
350,HHPPPHPHPHPHHHPHPPHP
351,HHPPPHPPHHHPHHHPHPPP
352,PPHHHPPPHHHHPHPHPPPP
353,HHHPPPPPPHHPHHPPHHPP
354,PPHPHPHHHHHPPPHPPPHP
355,HPHPPHHHPPHHPHPPPHPH
356,PPHHPHPPHPHHHPHHHPPP
357,PPHHPHPHPPHHPPHHHPPH
358,PPPPHHPPHPPHPHHHPHPH
359,PPHHPHHPPPPHHPHPHPPH
360,PHHPPPPHPHHPHHHPPPHH
361,HPPHPHHHPHHPPPPHPHHP
362,PHPHPHHPPPPHPHHPHHPH
363,HPHPHHPPPHPHPHHHHPPP
364,HPHHPHPPPPPPHHHHHPPH
365,PPHHHPPPHPHPPPHHHHPH
366,HHHPPPHPHPHPHPPHPHPP
367,PPHHPHPPPPPHPHPHHPHH
368,PPHPPHHPHHPHHPHPHPPP
369,HHPPPPHPPHHHHHPPHPPH
370,PPHPHPPPPPHPHHPHPHHH
371,HHHPHHPPPPHPHHPPPPPH
372,PHHHHPPPPPHHHPPPPHHP
373,HHPHPPHPPPHHHHPPPPPH
374,PHHPPPPPHHHHPHHHPPPP
375,HPPPHHHHPPPHPHHPHPPH
376,PHPHHPPHHHHHPPPPPPHP
377,HPHHPPPPPPHPHPHPHHHP
378,PHHPHPPHHPHPHPHPPPPH
379,HHPPHPPPHHHHPPHPPHPH
380,HPPPHHPHHHHHPHHPPPPP
381,PPPHHHPPPHPPHHHHHPPH
382,PHHHHPPPHHPHPPPPPHHH
383,HHPPHHHPPPHHPPHHPHPP
384,PHHHPPHHPPHPHPPHPHPP
385,HPPPHHPPHHPPPPPHHPHH
386,PHPHHPPPPPHHPPHHHHHP
387,PHHPHPHPHPHPPHHPPPHP
388,HPHHPPPHPPHPPHPPHPHH
389,PPHPPHPHHHHHPHPHPPHP
390,HPHPPHHHHHHPPPPHPPPH
391,HPPPHHHPHPPPPHPHHPHP
392,PHHHPHHPPPPPPPHHHHHP
393,HPPPHPHHHHHPHPPPPPHP
394,PHPPPPPHHHHHPHPPHHPH
395,PHHPPHPHHPPHHHPHPHPP
396,HPHPPPPPPHHPPHPPHHHH
397,PPHHHHHHHHPPHPPPHPPP
398,PPPHPPHPPHHHPHPHPHPH
399,PHPPPHHHHHPHPHPPPPPH
400,PPHPPPHHPPHHHHPHPHPH
401,PHHPHPPHPPHHHHPHHPPP
402,HHHPHPPHPPHPPPPHHPPH
403,PHPHPHPHHPHHHPPPHHPP
404,PPHPHPHHPHPHPHHPPPHP
405,HPPHHPHPPHHPPPPHPHHP
406,HPHHPHPHHHPHPPHPHPPP
407,HHPHPPPHHHPPPHPHHPHP
408,HPPHPHPPPHPPHPHHHHPH
409,HHPHPPPPPPPHHPHPHHHP
410,HPHPPHPHHHPPPHHHPHPP
411,PPPPPPPHHHHHPHPPPHHH
412,PHHPPPPPHHHPHHHHPPPH
413,PPHPPPHHPHPPPHPHHPHH
414,HPHPHPPPPHHPHHHPHPPP
415,HHPHHHHPPPPHPHHPPPPH
416,PHHPPPPHPHPPHHPHHHPH
417,HPHPHHHPHPHPPHPHPPPP
418,HPPHPPPHHPHHHPPHPHHP
419,HHPPPHHHPHPHPPHHPHPP
420,PPPHPPPHHPPPHHHHHPHP
421,PPPHPPPPHHPPPHHHHPHH
422,HPPPPHPPHHPHHHPHHPHP
423,PPHHHHPPHPHHPHPPPPHH
424,PHHPPHPPHPHPPPHHHPHP
425,HPHPHHPHPHPHPPPPHHHP
426,HPPHHPPHHPPHPHPPPHPH
427,HHPPPPHHPPHHPPHPPHHP
428,PPPHPPHHHPPHHHPPHHPP
429,PPPHHPHPPPHHPPPHHHHH
430,PHHPPPPPHHPHHHPHHPPP
431,HPHHHHHPHPPPPPPHHPHP
432,PPHPHPHPHHPHPPPPHPHH
433,PPPPPPPHPHPPPHHHHHHH
434,HHPPHPPPPHHPPPPPHHHH
435,PPHHPHHHHPPHPPPHHPPP
436,HHPHHPPPHHPPHPPHPHPP
437,PHPPHHPPHPPPHPHPPHHH
438,HPPHPHHHHHPPPPHPPHPP
439,PPHPPPHPHHPPHPPPHHHH
440,PHPHPHPPHHHPHPPPPPHH
441,HHPPPHHHPPPHPPHPPPHH
442,PPHHHPHPHPHHPPPHHPPH
443,HPHHPHHPHHPPHHPPPPPP
444,PPPPHHHPHHPPHPHHHPHP
445,HHHHPHPPPPPPPHHPPPHH
446,HPPHPPPPPHHPHHHHHPPP
447,HHPHPHPHHPPHPPPHHPPH
448,PPPHHPPPPHHHPPHPHHPH
449,PHPPHHPPHPHPHHPHPHPH
450,HPPPPPPHHHPHPPHHHPPH
451,PHPHPPHPHHHPPPPHPPHH
452,PPHHHPHPHHHHPPPHPPPH
453,HPHPHHPHPPHPHPPHHPPP
454,PPPHHHPHHPHHHPPHPPPP
455,HHPHHHHHPHHPPPPPPPPH
456,HHPHPHPPPHHPPPPHHHPP
457,PPPHHHPHPHHPHPHHPHPP
458,PHHHPHPHHHPHPPPPHHPP
459,PHPPHHPHPPPPHHHPPPHH
460,HHPHHPHHPHPPPHHPPPPP
461,PPHPPPPHHHHPHPPHPHHH
462,PHPPHPHPHHPPPHPHHHHP
463,HPPHPHHPPPPHPHPHHHPH
464,HPPHHHPPHHPHPHHPPHPP
465,PHHPHPHHPHPPHPPHHPPP
466,HHPHPHPPPPPPHHHHHHPP
467,HPPHHHHPPPPPHHHHPPPH
468,PHPPHHPPHHHHHPPPHPHP
469,HHHHHHPPPPHHPPHPPPHP
470,HHPPHPPHHPHPHPHHHPPP
471,PHPHPPHHPPHHPPPHPHHH
472,PHPHPHHHPPPHPPPHHPHH
473,HHPHHHPPHPHPPHPPPPHH
474,HHPPHHPPPHHHPPPPHHPP
475,HPHPHPPHHPPPPHHHPHHP
476,HPPHPPPPHHPHPHHPHHHP
477,HHPHPHPPPPPHPHHPHHPP
478,HPHPPHPHPHPHPHPHHPHP
479,HHHHHPPHPHPPPPPPHPHP
480,HHPPHPPHHHPPPPPPPHHH
481,PHPHPHHHHPPPPPPHHHPH
482,PPPHHPHPPPHHPHHHHPPP
483,HPHPHPPHHHPHPPPPHHPH
484,PHPHHHPPPPHHPHPPHPPH
485,PHPHHPHHPPPPPPHPPHHH
486,PPHPHHHHHPPPPHHHPPHP
487,HHPPHHPHHHPPHPHHPPPP
488,PHHHHHHPPPHPPPHPPHPP
489,HPHPHPPPPHHHPHPPHPHP
490,HPPPHHHHPHPPHHHPPPPH
491,PHPHHHPPPPHHPPHHPPHP
492,HHHPPHPPHHPHPHPHHPPP
493,PPPHHPHHHPHHPPPPPHPH
494,PPHPHPPPHPPPPHPHHHHH
495,HHPPPPPHHHPHHHHPHPPP
496,HPPPPHHPPHPHPHHHHPPP
497,HHHPPHPPHHHHPHPPHPPP
498,PPHPHHHPHPPHHHPPPPHP
499,PHHHPPPPPPPPHPHHHHPH
500,PPHPHPHHPPHPPHHPPHPH
501,PPPPPHPHHHPHHHHPPHPP
502,HHHHPHPPPHPPPPPHPHHH
503,HPHPHPHPPHHHPPHPHPPP
504,HPHPHHPPPHPPPHHPHPHH
505,PHHPHHPPPHPHPPHPPHHP
506,PPPPHHHPPHPPHPHHHPPH
507,PHPHPHHHPHPHPPPPPHHH
508,HHHHPPPPHHPHHPPPPPHP
509,PPPPPHPHHPHPHHPPHPHH
510,PHPHPPHHPHHHPPHPHPPH
511,PPPPHHHHPPHPHHHHPPHP
512,PHHHPPHHPPHPHHPHPPHP
513,HPHPHPHHPHPPPHHPPPHH
514,HPPPPPHHHHPHHHPPPPPH
515,PPHHHPPPHHPHHPHPHPHP
516,PPPHHPPHHPHPHHHPHPHP
517,PPHPHPPPHHHHPHHPHPPP
518,HHHPPPHPPPPHPHPHHHHP
519,HPPHPPPHHHHHHHPPPPPH
520,HHPPPHHPPPPHHPPHHHHP
521,PPHHPHPHHHHHHPHPPPPP
522,HHPHHHHHPPPPPHHPHPPP
523,HHHPHPPPPHPPPHPHPPHH
524,HHPHHPPHHPHPPHPHPHPP
525,HHHPHPPPPHPHHPHHPPPP
526,PPHPPPHHPPHPHHHPHHPH
527,PHPPPHHHPHPPHPHHHHPP
528,PHPPHPHHPPHHHPPHPPPH
529,HPPPHHPPPPPHHPPHHHPH
530,HPHPPHHPHHPPPHPHPHHP
531,PPHHHHPPHPPPPHHPHPHH
532,PPHHPPPHHHHHPPPPHHPP
533,HPHHHPHPHHHPPPPPPPPH
534,HPPHPHHHPPHPHPPPHHPP
535,HPPPHHHHHPPPHPHPPHPP
536,PPPHHHPPHHPPPPHHHHHP
537,HPHHHPHPPHHPPPPHHPPP
538,PHHPPHPPPHPHPPHHPHHH
539,PPHPHHHPHPHHPHPPPPPH
540,HPPPHHHPHPPPHPPHHHPH
541,PPHHPHPPHPPHHPPPHHPH
542,HHPHHPPPHHPHPPPPPHHP
543,PHPHPHHPPPHHPPPHHPPH
544,HHHHPHHPPHPPPPHPPHPP
545,HPHHHPPHPPPHHPHHPPPH
546,PPHHHPPHPHHHPHHPHPPP
547,PHHHPPPHHPHPPPPHPHHH
548,HHHPHPPPPPHHHPPHHPPH
549,HPPPPHPPHHPPHHHHHPPH
550,PPPPPPHHPHHHHHHPHHPP
551,PHPHPPHHHPHHPHPPPHPH
552,PPHPPPHPPHPHHHHHHPPP
553,HPPPHHPPPHHHHHPPPPPH
554,PHHHPPPHHPPPHHHPPPPH
555,HHHHHPHHPHPPPHPPPPPP
556,PPPPHPHHHHPPPHHPPHHH
557,PHHPPPHPHPPPHHHPHPPH
558,PPHHPHPHPPPHPHHHHPPP
559,PPHPHHHPHPPPHPHPHPPH
560,HPPHHHPPHPPPHHPHHPHP
561,HHPPPHPHHPHHPPPPPHHP
562,PHPPHHHHPPHPHPHPPPHP
563,HHPHHPPPPPPPHHHPHHPH
564,HPPHHHHPPPHPPPPHPHPH
565,HPPPHPPPHHPHPHHPPHHP
566,HPPHHHPHPPHPHPHHPPPH
567,HPPPHPHPPHHPPHHPHHPH
568,PHPHPPPPHHHHHPHHHPPP
569,HPHPPPHHHPPHPHPPHHPP
570,PHPPHHPPPHHPPPHHPHHP
571,PHPPHHHPHHHPPHPHPPPP
572,PPPPHPHPPPHHHPPHHHHP
573,HPHHHPPPPHPPPHPHHHPH
574,PPPHPPPPPHHHHHHHPHPP
575,HHPHPHPPHHPHPHHPPPHP
576,PHPPHHPPPHHHPHPPPHPH
577,PPHHPHHHPPHHPPHPHPPH
578,HPHHHHHHPHPPPPPHPPPH
579,HPPHPHPPHPHHPHPHPPHP
580,HHHHPPPHHHPHPHPHPPPP
581,PHPHPHHPHPPHHPPPHHPP
582,HPPHPHHPHHPHPHPHPHPP
583,PPHPHHPPPPHHPHPPPHHH
584,PPHHPPPHPPPHHHHPPHPH
585,HPPHHHHHHPPPPHPHPPPH
586,PHPPPPPHPPPPHHHHHPHH
587,PPPPHPPHPPHHHHHHPHHP
588,HHPPHPHHPPPHHHHPPPPH
589,PHPPPHPHHPPHPHHHHPHP
590,HPHHPPHPPPHHHPHPPPHP
591,PPHHPPHPPHPPHPHHPHHH
592,HHPHHPHPPHHPPPHHPPHP
593,PHHHPHPPHPPPPPPPHHHH
594,PPHPHHPHHPHPPPHPHHPP
595,HHPPHPHPHPPHPPPPHHHH
596,HPPPPPHHPHPHHPHPHHHP
597,HHHHPPPPHPHPHPHHPPHP
598,PPPHHPHPPPHHHPHHHPHP
599,PPPHPHHHHHHPPPPPPPHH
600,PHPHHPPHHPHPHHPHHPPP
601,HPPPPHHPPPPHHHPHHPHH
602,PHPPHHHHHPPPHHHPHPPP
603,PPPPHPHHPHPHHHPPHPPH
604,PHPPPHPHPHPHHPPHHHHP
605,HPPHHPPPPHPHHPPPHHHH
606,PPHPHHPHHHPPHPHPPPHP
607,PPHHHHHPPPHHPPPPPHHP
608,PHPHPHPHPHHPHHPHPHPP
609,HPHHPPPPHPHHPPHPHPHP
610,PHPPHHPPHPPPHHHPHPHP
611,HPPPHPHHPHPHPPHPHHPH
612,HHPPPHPPPHHHPPHHHHPP
613,PPHPPHPPHHPPHPPHPHHH
614,PHHHPPPPPHHHHHPHPPPP
615,HHHPPPHHHHPHPPHPPPPP
616,PHPPPPHHPPHPPHHHHPPH
617,HPHPPPHPPPHHHHPPHPHP
618,HPPHPHPPPHPHPPHHHPHH
619,HPHHHPPPPHPPPPHHPHPH
620,HHPPHPPPPHHHPHPPHPHH
621,HPPHPPHPHHHHPPHPPPPH
622,PPHHHHHHPHPPHHPPHPPP
623,HPHPHHPPPHHPHPHPPPHP
624,PPHHHPHPPHHPHPPPHHPP
625,PPHPHPHHHHPHHPPPHPPH
626,PPHPHHPHPHPHPPPHHHPH
627,HPHHPHHPHPPHPHPHPPPH
628,PPPPPPHPPHHHHHPHHHPP
629,HPPPHHPHPPPPHPHHHPHH
630,HPHPHPPPPHPPHPHHHPHP
631,HHHHPHPPPPPPPHPPHPHH
632,HHHPPPHPHPHHHHPPPHPP
633,HHPHPPHPPPHPPHHPHPHH
634,PHPHPPHPHPPPHHHPHPPH
635,HHPHPPPHHPHHHPPPHHPP
636,PPPHPPHHPHHPHPPHHHHP
637,PHHPHHPHHHPPPHPPHPHP
638,PHHHPHPHHPHHPHPPPPHP
639,PPHPPHHHPHHPPHPHPPHP
640,PHPPPHHPPHPHPHHPHHPP
641,PHHPHPHHHPHHPPPPHPHP
642,PPPPHPPHHPHHHHPHHPHP
643,HHPPPHHHPHPPPPHHPPHP
644,HHPHHPPPHPPPHPPHPHPH
645,PPPPPHHHHPHHPPPHHHHP
646,HPPHHHHPHPPPPPHPPHHH
647,HHHHPHPPHPPHHHPPPPPP
648,PPHPHPPHHHPPHHPPHPPH
649,PPHPPHHHHPPPHHHPPPHH
650,PHPHHHPHHPHHPPPPHPHP
651,HPPPPPHPHPPHHHPHHHPH
652,PPHPHPPHHPPHPHHPHPPH
653,HHHHHPPHPHPPHHPPPPHP
654,PPPHPPPHPPPHHHHHHPHP
655,PPHPHPHHPPPPPHPHPHHH
656,PPPPHPHPHPPHHHHPHPHP
657,PPPHPHHHPHPPHHHPPHHP
658,HPPPPHPPHHHHPPPPPHHH
659,HPPPPHPHHHPHPHHPPPHH
660,PHHHPHHPPPHHPPPPHPPH
661,HHPPHHPHHPPHPHPPPHPH
662,PHPPHPPPHHHHPPHHHPPP
663,HHPPHHHPPPPHHPHPHHPP
664,PPHHHPPPPHPPHPHPHHHH
665,PPPHPPHHHHPHPPPHHPPH
666,PPHHPHHHPHHPPPPHPPHH
667,HHPHPHPPHHPHHHPPPPPP
668,HHPPPHHHHPPPHHPPPPHH
669,HHPPHPHHHHHHPPPPPPPP
670,HPHHHHPPPPHPPPHPPPHH
671,PHHPHPHHPHHHPHPPPHPP
672,PPPHPHHHHPPPHPPPHHPH
673,PHPHPHPPHPHHPHPPPHHP
674,PHPHPPHHHPHPHPHPPHPP
675,PHPHHHPPPPHPPPHHPHHH
676,HHHHPPPHPPPPHPPHPPHH
677,HHPPHPHPPHPPHPHHPPHH
678,HPHHPHPPPHHHPHPPPHPH
679,PPPHPHHHPHHHPPPPPPHH
680,HHPPHPHHPHHHPPPHPPHP
681,HPPHPHHHHHPPHPHPPPHP
682,HPPHHHPHHPPHPPHHHPPP
683,HPPHHHHPPPPHPPPPPHHH
684,PHHPHHPPPHHHPPPPPHHH
685,PHHPPHPPHPHHPPPHHPHP
686,HPPPPPHHHPHHPPHHPHHP
687,HPHHPHPHPPPPHHHPPPHH
688,HHPPHPHHPHPHPPPPHPHP
689,HPPPHPPHPPHPHHHHPPHP
690,PHPHPHHPPPHHHHPPHPHP
691,PPPPHHHHHPHPPPPHHPHH
692,PHPHPHHPPPHPPHHHPHHP
693,PPHPPPPPHHHHHHHHHPPP
694,PHPPPHHPHPHPHPHPPPHH
695,PPHHPHHPPHPHHHHPPPHP
696,HHHPPPHPHPHHPPHPHPHP
697,HPPHPHHHHPPPHPHPPPHP
698,HPHHPHHPHPHPPPHPPPPH
699,PHHHPHPHPPPPHHHPPHPH
700,PPHHPHHHPPHPHPPPHPPH
701,HHHPHHPHPPPPPHPPHHPH
702,PHPPHHPPHHHPHHPPPPHH
703,HHPHHPPPPPHPHHPHHPHP
704,PHPPPHPHPHHHPHPHPPPH
705,PPHPPPPPHHHHHHPHHPHP
706,HPHPPPHPHPHPHHPHPHPP
707,PHHHHPPPHHPPPPHHPHPH
708,HPPHPPPHHHHHHHPPPHPP
709,PPHHPHPPPHPHPPHHPPHH
710,PPHHPHPHPHPHHHHHPPPP
711,HHPPHPHHHHPPPPPHPPHP
712,PHPPHPPPHPPHPHHPHHHH
713,HPHHPHHHHPPPPPPPPPHH
714,PPHPPHPPPPHPHHHHPHHP
715,HPHHPHPPPHPPPPHHPHPH
716,HPHPPPPPHPHHPHPPPHHH
717,PPHHHHPHPHPPPHPHHPPP
718,PHHHPHHHHPPPHPPHPPHP
719,PHPPPHHPPHPHPHHHPPPH
720,HPPPHHPHPPHHPPHHHPHP
721,PPHHPPHPPHPHHHHHPPPP
722,HHHPHPHPPPHPPPPPHHHP
723,HHPHPPHPHPPHPHPPPHHP
724,PHHHPHHPHPPPPPPHHHHP
725,HPHPHHPPPHHHPPHPPPHP
726,PHHPPPHHHHHPHPHPPPHP
727,HPHHPPPHHHHPPHPHPPPH
728,PHPPHHHHPPPHPHHHPPPP
729,PHPPHPHHHHHPHPHPHPPP
730,HPPPHHPPHPPHPPHHPHPH
731,PPHPPHHPHHPPPPHHPHPH
732,PPPHHHPHHHPHHPPPHPHP
733,HHHPHPHPPPPHPPHHPHPH
734,PPPHHHHHHPPHPPPHPPHH
735,PPHPHHPHPHPPHPHHHPPH
736,PPHPPHHHHPHPHPHHPHPP
737,PPPHPPHHHPPHHHHPPHPH
738,PHHHPPHPHPHPHHPHPPHP
739,PPHHPHHPHHHPPHPPPHPP
740,HPPHPPHPPPPHHPHPHHPH
741,PHPHPPPPHPHHHHPPHHPP
742,PPHHPPPPPPHHPPHHHHHP
743,HPPHHHHPPPHPPHPPPHHH
744,HPPHPHPHPPPPHHHHPHPH
745,HPPPPPPHPHHHPHHPHPHP
746,HHPPPPHHPPHHPHPPHPPH
747,PHPHPPHHHHPPPPHPHHPH
748,PPPHPHHPHHHHHPPHPPHP
749,PHPPPPPHHHHPHHPPHPHP
750,PHHHPHHPHHHPPPHPPHPP
751,HPHPPPHHPPHPPHPHPHHH
752,PHHPHHHPHPPHPPPHHPHP
753,PPPHPPPPHPHHHHHPHHPP
754,HPHHHHPHHPPHHPPPPPPP
755,HHHHHPHHPPPPPPHPHPPH
756,PPPPPHHHPHHPHPHHHPPP
757,HPHHPPHHPPHPPHPHHPPH
758,PPHPPPPPPPHHHHHHHHHP
759,HHHPHHHPPHPHPPHPPPPH
760,HPPHPPHHHPPHHPHPPHPH
761,HPPHPPPHHPHHHPPHHHPP
762,PPHHPPPHPPPHHPHPHPHH
763,PPHPPHPPHPHHHPHHPHPH
764,PPHHPHPPHHPPHHHPPHPP
765,PHPPHHPPHPHPPHPPHHPH
766,HPPHHHPPPPPHPHPPHHHP
767,HHHPHPPPHHPPPPHHHHPP
768,PHPHHHPHPPPPPPHHHHHP
769,PHHPHPPHHPPHHPHHHPPP
770,HPPHPHHPPHHHPHPHPPHP
771,HHPPHPHPHPHPHHPHHPPP
772,PHHPHHPPPPPHHPHPHPHH
773,PHHHPHPHPPHPPPHHHPHP
774,HPPHPHPPHPHHHHPHHPPP
775,HPPPHHPPHPHHHPHPHPPP
776,HPHPPPPPPPPHHHPHHHHP
777,PHPPHHPPHPPHPPHHPHHP
778,HHPPPHHPPPHHPHHPHHPP
779,HHPPHHHPPPPHPPPHPHHH
780,HPPHPHHHHPPHPPHPHPPH
781,PPHPPHHPHHPHPHPHPHPP
782,PHHPPPPPHPHHHPHPHHPH
783,HPHPPPHPHHPHPPHPHHPH
784,HPPHPHPPPHHPHHPHHPPH
785,PPHHPHPPHHHHPPHPHPHP
786,PHPPHHPPPPPHHPHHPHPH
787,PPHHPPPPPPHPHHHPHHHP
788,PHPPHPPPPHHPHHPPHPHH
789,HHHPPHPPHPPHHPPPHHPH
790,HHPPPHPPHHHHPHPHPPPH
791,HPPHHPPHHHPHHPPHPPPP
792,PPPPPHPHPHHHHPHHHHPP
793,PPHHHPPPHPHHHHPHPPPH
794,HHPPPHPHPPHHPPHHPPHH
795,PPPPHHHPPPHHHPHPPHHH
796,PHPPPHHPPPHHHPHHHPPH
797,PPHHHPPPPHHPHHPPPHHP
798,HPHPHHPPHHHPHPHPPPHP
799,HHHPPHPPPPHPPHHPHHHP
800,HPPPPPHHPHHHPPHHPPPH
801,HPPPHHHHHHPPPHPHHPPP
802,PPPHPHHHPHHHPPHPHHPP
803,PHHHHPPHPPPPHHHPPHHP
804,HPHHHHPPPHHHHPPPPHPP
805,PHPPHHPHHHPPPHPHPPPH
806,PPHHPPPHHPPPPHHPHHHH
807,HHHPPPHPPHPHHHHHPPPP
808,HPPPPHHHPPPHPHPHHPHP
809,PPPHPPHHPHHPHPHHPPHH
810,PHHHHHHHHPPPPHPPPPPH
811,PPPHPHPHHHPPHHHPPPPH
812,PHPHPPPHHPHPPHHHPPHH
813,PHHPPHHHPPHHPPPPHPPH
814,PHPHHPHHHPPPHPPPPPHH
815,PHPPHHHHPPHPPPHHPPHH
816,HHPHHHPHPPPHPHPPPHPP
817,HPHPPPHPPPHHHPPHHHPP
818,PPHPHHPPPHHHPPHPPPHH
819,HPPPHHPPPHHPHHPHHHPP
820,PHPPHPHHPHPPPPHHHPHH
821,PHPPPHPPPHHHPHHPPHPH
822,PHPHHHPHPPHPHPPPHHPP
823,HPHHPPHPPPHHPHHHPPPH
824,PHPHPHHHHPPPHPHPPHPH
825,PHHPPHHHPPPPHHHPPHPH
826,PPPHHHHPPPPPHPHPPHHH
827,PHPPPHPHHPPPHPHHHHHP
828,HHPPPHHHPPHHPPPPHHHP
829,PPPPPHHPHHPHHPPPHHPH
830,PHHPPHPPHHPHPPHPHHPP
831,HHHPPHHPPHPPHHHPPPHP
832,HHHPPHPPPPHPPHPPPHHH
833,PPHHPPPHPPHPHHHHHPPH
834,HHHPPPHHPPPPHPPHHHHP
835,PPHPHPPHHHHPPHPPHPPH
836,HPPHPPHHHPPHHHPHPHPP
837,HHPHHHHPPPPHPHPPPHPP
838,HPPPHPHHHPHHPPPPHPHH
839,PPPHPHPHPHHPHPPHHPPH
840,PPPHPHHHHHPPHPPPHPHH
841,HPPPHPPPPHPPHHPHHHHH
842,HPPHHPHPPHHHPPPPPHHP
843,HHPPPHPPHHHHHPPPPPHH
844,PHHPPPPHPHPPHHHPPPHH
845,HPPPPHHPHHPPHHPPHPPH
846,PHPPHPHPPHHHPHPHHPHP
847,PHPPHPHPPHHHHHHPPPPP
848,PPPPHPHHHPHHPPPHHHPP
849,HHHHPHHPPHPPHHHPPPPP
850,PHPHPPHPPPPHHPHPHHHH
851,PPPPHPHHPPPHPPHHHHHH
852,PPHPHPHHHPHPHHPPPPHP
853,PPPHPHHPPPPHHHPHHPHP
854,PPPHPHHHPPPHHPHHPHPH
855,PHHPHHPHHPHPHPPPHHPP
856,HHHPHPPHHHPPHHPPPHPP
857,PHHPHPHPPPPHHHHPPPHP
858,PPHPHPPHHPHHHHPPPHPH
859,HPHPHHHPPPHPPPPHHHPP
860,PHHPPPHHPPPPHPPPHHHH
861,PPHHHHHPPPHPPPHHPHHP
862,PHHPPPPHPPHHPPHPHHPH
863,HPHHHPPPPHPHHHPPPHPP
864,PPPHPHPPPHPHPHHHPHPH
865,PHPHPHPHPPHHHHPPPHPH
866,PHHPPPHHPPHPHHHPPHPH
867,HHHPHPPHPPHPHHPPHPHP
868,PPPPPHPHHPHPHHHHPHPP
869,HPPPHHHPHPHPHPHHPHPP
870,PPHHHHPHHPPHPPHPHPHP
871,PPPPPHHHPPHPPHHHHPHP
872,HPHHPPHPPPPPHHPHPHHH
873,HHHPPHPPPHPPPPPPHHHH
874,HHPPPPPPHHPPHPHHPHHH
875,HHPPPHPPPPHHHHHHPPPP
876,HHPHPPHPPHHPPHPHHHPP
877,PPPPPHHHPPHPPHHHPHHP
878,PPPPPHHHPPPHPHHHPHHH
879,HHHPPPPHPPHPHPHHHHPP
880,HPHHPPHHPPHHPPPHHPHP
881,PPHHHPPHPPHPPHHHPHPH
882,HHPHPHPPHHPPPHPHPPHH
883,HPHPPPHPPPHPHHPPHHPH
884,PHPPPPPPHPPHHPHHHHPH
885,PHHHHHHPPHPHPPHPPHPP
886,PPPHPHPHHHHPHPPPPPHH
887,HPHHHPHPPPHPHPHPPPPH
888,PHHHPPHPPHHPPPHHHPPP
889,HPPHPPPPPPPPHHHHHHHP
890,HPPHPPPHHPHPPHHPHHPH
891,HHPHHPPPHPHHHPHPPHPP
892,HHHHHPPPPHHHHPPPPPHP
893,HHPPHPPPHPHHPPPHHHHP
894,PHHHPPHHHPHPHPHPPPHP
895,HHPPPPPPHHHPHPHHPPHH
896,PPHHHHHPPPHPPPPHPHPH
897,PPHPPHHPHHHPPHPPHHHP
898,HHPHHHPPPPHHHHPHPPPP
899,PHHPHHPHHPHHPPHPHPPP
900,HPPPPHPHPPHPHPHPHHHP
901,HPPHPPHPHHPPHPHHPPPH
902,HPHHPPPHHPHPHPPPHPHH
903,PHHPPHHHHPPPHHPPPHHP
904,HPHPPPHPHHHHPPPHPHPP
905,HPPPHPHPPHPHHPPPHHPH
906,PHHHPHHPPHHPPPHPPPHH
907,PPHHPPHPPHHPHPHHHHPP
908,HHHPPHHHPPPHPPHPPHPH
909,HPHPHHHPPPHHHPPPPHPH
910,HHHHPPHPHPPPPHHPPPHP
911,PPPPHHPPPHHHHPHHHPHP
912,PPHPHPPPPPPHPPHHHHHH
913,PPPHHHPPHPHPPHPHHHPH
914,PHPPPHPPPHPHHPHHPHHP
915,PHHPHPPPHPHPHHHPPHPH
916,HPHHPPHPHPPHPHPPPHPH
917,PPHPHPHPPPPHPHHHHPHP
918,PHPHPPPHHHHPHHPPHPPP
919,HPPHHPHPPPPHPPHPPHHH
920,HHPPPPHHPPPPHPHHHHHP
921,PPHPHPHHHHHPPHPHHPPP
922,PHHPHPPPHHPHHPHPPPPH
923,PHHPHHHHHPHPPPHPHPPP
924,HPPHPHHPHPHHPPPPHHPP
925,HHHHPPHHPPHPPHPHPPPH
926,HPPPHPPHPHPPHHHPHPPH
927,PHPPHHPPHHPPPHHHPPPH
928,PHPPHPHHPPPHHHHPHPPH
929,HPHHPHHPPHPHPHPPHHPP
930,PHHPPHHHHHHPPHPPPHPP
931,HPHPHPPHPHPPHPHPPHPH
932,HHPHPPHHPPPHPHPHPHHP
933,HHPPPPPHHPPHHHPPPHHP
934,HHHPHPPPPPPPHHHHPHHP
935,HHPHPHHPPPHPPPHHHHPP
936,PPHPHPPPHPPPPPHHHHHH
937,PPHPHHHPPPPPPHPHHHPH
938,HPPHHHHPPHPHHPPPHHPP
939,HHHHHPPPPHPHPHHPPPPH
940,HPHPHPHPPHHHPPPHHHPP
941,PHHPHHPPHPHHPPPHPPHH
942,PPPHHHPHHHPHPPPHPHHP
943,PPHPHHHPHPHHPHPPPPHH
944,PHHHPHPHHHPHPPPPHPHP
945,PPHPHHHPPHPPPHHPPHPH
946,PPHHPHPHHPHPHPHHPPPH
947,PHPHHPHHHPPPHPPHPPHH
948,HHPPPHPPHHHPHHPPHPHP
949,PPHHHPHPHPPHHPPPHPPH
950,PHHHHHHPHHPPPHPPPPPP
951,HPPHHHPPHHPPPPPHPHHH
952,PHPHPPHHHHHPPHPPPPHP
953,PPPHHHPPPPHHPHHHPPPH
954,HPHHHPPHPPHPPHHPHPPP
955,PHHHHPHPPPHPPHPPHHHP
956,PPHPHHHHPHHPPPHPPPHP
957,HHPPPHHPPHPPHHPHPPHP
958,HHHPHPHPPPHPHHPPHPPP
959,PPHPPHPPHPPPHHPHHHPH
960,PPPHHPHHHHHPHHPPHPPP
961,PHHHPPPPPHPHHHHPHPPP
962,HPPPHHHHPHHPPHPHPHPP
963,PPHHHHHHPPHPPPPPPHHP
964,HHPPPPPPHHPPPHHHHHHP
965,HPPHPHHPPHPHPPPPHHPH
966,PPHHPPPHPPHHHHHPHPHP
967,PPHHHHPPHHPPHPHHPPPP
968,HPPPPPHHHPHHPHHHPHPP
969,PHPPHHHHHPPPPPPHPHPH
970,PPHHHHPHPHPPHPHHPPHP
971,PHPHPHPPPPHPHHHPHPPH
972,PHPPHPPPHPHPHHHPHPHP
973,PHPHPHHHHHPHPHPPPPPP
974,HHPHHHPPPPHHPPHHPPPH
975,HPHPHHPHHPHHPPPPPPPH
976,HHHPPHPPHPHPPPHHHPPP
977,PHPHPHHPPHPHPHHPPHHP
978,HHPPHPPPHPPPHHPHHHHP
979,HPHHPPPHPHPPHHPPHHHP
980,PHHPPPPHHPHPHPPHHPHP
981,HPPHPPHPHHHPHHPPHPPH
982,HHHHHPPPPPPHPHHHPPPH
983,PHHHPPPHPHHPHPPHHPPH
984,PPHPPPHPPHHPHHHHHHPP
985,HHPHHPPHPPPHPPHPPHHP
986,PHPPHHPPHPPHPHHPPHHH
987,HHHPPPPPHHPPPPHHHPHP
988,HPHPPHHPPPPHPHPHPHPH
989,PHHPHPHPHPPPPHPHHPHH
990,HHHPPPPHPHHPHPPHHPPP
991,PHPPPPHHHPPHPPHHHPHP
992,HPHPPHPHHHPHPPPPPHPH
993,HHHHPHHPPHPHPHPPHPPP
994,PPPHPHHHPHPHPHPHHPPH
995,HHPHPPPPHPHPPHHHHPPH
996,PPPHPHHHPPPHHHHPHPPP
997,HHPPHHHHPPPPHPPPHHPH
998,PPHPHHHPHHPHHPPHPHPP
999,PHPPPHPHPPHHHHPHPHHP
1000,PHPHHPPHPHHHPPPPPHHH
1001,HPHPPHHPHPPPHPHHPPHP
1002,HPHPPHHPPHPPHHPPHPPH
1003,PHHPHPHPHPPHHPPPPPHH
1004,PHHPPPPHHHPHPPPHPHHH
1005,HPPHHHPPPHPHPPHPHPHP
1006,HPPPPPPHPHHHPPHHHPHH
1007,HHPHPPPHHPPPHPHPPHHH
1008,PPPHPHHHPHHHPHHPPPHP
1009,HPHHPHHPPPPHHPHPPHHP
1010,HPHPPHHHHPPHPPHHPPPH
1011,HHHHPHPHPPPPPPHPHPHP
1012,PPPHPHHPHHHPPHPHHPPP
1013,HHPPPPHHPPHPHHHPPHPH
1014,HPHHPHHPHPPHPHHHPPPP
1015,PHHPPPPHPPHPPHHHHPPH
1016,HHPPHHHHPHPHPPPPPPHH
1017,HPHPHHPHHPPHPPPHHPPH
1018,PPPPHHHHHPPHHHPPHHPP
1019,PHPPHPPHHHHPPHHHPPPP
1020,HPPHPHHPHPPPHPPHPPHH
1021,HHPPHHHHHPPPHPPHPPPP
1022,PHPHHPHHHHPPPPPHHPHP
1023,PHHHPPPHPPHHHHHPHPPP
1024,PHHPHPHHPPHHPPHHPPPH
1025,HHHPPPHHPPHPPPPPPHHH
1026,PHHHHHPPPHHPHHPHPPPP
1027,HHPPHPPHPPHPHHPPHPHH
1028,HPHPPPHPPPPHHPPHHHHP
1029,PPHHHPHPHPPPPHPPHHPH
1030,HPPPHPPHHHPPPHHPHPHP
1031,HHPHPPHHPPPPHHPHPHPH
1032,HPHPHHHPPPHPPPHPPHPH
1033,PHPPHPPPPPPHPHHHPHHH
1034,HPHHPHHPPHHPPHHPHPPP
1035,HHHPHHHPPPPHPPHPPHPP
1036,HPPHPPPHHHHPHPHHPHPP
