id,sequence
0,HPHPPPHPPPPPPPHPHPPP
1,PPPPPHHPHPHHPPPPPHPP
2,PPPPHPHPPPPHHPPPPPHP
3,HPPPPPPPHPHPPPHPHPPP
4,PPPPPPPPPHPHPHHPPPPH
5,PPHPPPPHPPPPPHHPPHPH
6,PPPPPPPPHHHPPPHPHPPH
7,PPPHHPPPPPPPPHHPHPPP
8,PPPPPPHHPPPPPPHPPPHH
9,HPPPPPPHPHPPPPHHPPPH
10,PHPPPPPHHHPPHPPPPHPP
11,HPPHPPPPPPPPPPPPHHHP
12,PPHHPPPPPPPPHHHPPPPP
13,PHPPPPPHPPPPHPHPHPPP
14,PHPPPPHPPHHPPHPPPPPP
15,HPHPPPPPPHPPPPPPPHPH
16,PPPHPPHPPHPPPPHHPHPP
17,PPPPPPHPHPPPPHPHHPHP
18,PHHPHPPPPPPPPHPPPPPH
19,PPPPHPPHHHPHPPHPPPPP
20,PPHPHPHHHPPPPPPPPPPH
21,PPPPPHHHPPPHPPPPHHPP
22,HPHHHPHPPPPPPPHPPPPP
23,HPPHPHPPPPPPPPHPPHPH
24,PHPHPPPPHPHHHPPPPPPP
25,PPPPPHPHPPPPPHPPHPPH
26,PPPPHHPPPHPPHPPPPHPP
27,PHHHHPPPPPHPPPPPPPHP
28,PPHPHPPPPPPPHPPPHHPH
29,PPPPHPPPPPHHHPHPPPPP
30,PPPPHPPPPPPPHHPHHPPP
31,PPPPPPPPPHHHPHPPPHPP
32,HPPPHPPHPHPPPHPPPPPP
33,HHPPPHPPPPHPPPPPHHPP
34,PHPPPPPPPHPHPHPPPHPP
35,PHPPPPHPPHPPHHPPPPHP
36,PHPPPPHPPPPHHPPPPHHP
37,HPPPPHPPHPPPPPPPPHPH
38,PPPPPPHPPHPHHPPPPPHP
39,PPHPPPPPPPPPHPHHPHPH
40,PPPHPPPPPHPPHHPPPPHP
41,PPHHPPPHPPPPPHHPPPPP
42,PPPPPPPPPPHPPPHHPHPH
43,PPPPPHPPPPPPPHHHPHHP
44,PPPPPPHPHPHHHPPPHPPP
45,PPHPHPPPHHPHPPPPPPPP
46,PPHPPPPPHHPPHPPPPPHP
47,HPPPHPPPHHPHPPPPPPPH
48,PPPPPPPPHPPHHPHHPPPH
49,PPPPPPHPPHPPPHPHHPPP
50,PPHPPPPPPPHPPPPPPHHH
51,HPPPHPPPHHPPPPHPPPPP
52,PPPHPPPHHHPPPHPHPPPP
53,PPHHPPPPHPPHHHPPPPPP
54,PPPHPPHPPPHPPHPHPHPP
55,HPHPHPPPPHPPPPPPPPHP
56,HPPPPPPPPPPHHPPHPHPP
57,PPHPPPPPPPPHHPPHPPHP
58,PPPPPPHHHPPPPPPHHPPP
59,PHPHPPPPHPPPHPHHPPPP
60,PHPHHPPPHPPPPPPHPHPP
61,HPHPPHPHPPPPPHPPPPPP
62,PPPPHPPPPPPHPHPHPPPH
63,PHHHPPHPPPPPHPPPHPPP
64,PPPPPHHHPPPPHHHPPPPP
65,HPPHPPPPPHPPPPHPHPPP
66,PPHPPPHHHPPHPPPPPPHP
67,PPHPPPPPPHHHPPPPHPPP
68,PPPPPPPPHHPPPHPHPHHP
69,PPPPPHPPPHPHHPPPPPHP
70,PPPHPPHPHPPHPHPPPPPP
71,PPPPPPPHPHHPHPPPPPHP
72,PHHPPPPHPPPPHPPPPPPH
73,PHPPPHHHHPPPPHPPPPPP
74,PHPHPHHHPPPPPPPPPPPH
75,HHPPPPPHPHPPPHPPPHPP
76,PPPHHPPPPPHHPHPPPHPP
77,PPPHPHPPHPPPHPPPPHPP
78,PPPHPPPPPPPPPPHHHHPP
79,PHPPPPHPHPPPPPHHPPPP
80,PPPPPHPHPPPPHPPHPHHP
81,HPHHHHPPPPPPPPPHPPPP
82,PPHHPHHPPPPPPPPHPPPH
83,HPPPPHHPHPHPPHPPPPPP
84,PPPHHPPPPHPPHPHPPPHP
85,PPPHPHPPPPPHPPPPHPHP
86,HHPPPPPPHPHPPPHHPPPP
87,PPPHPHPHPPPPPPHPHPPH
88,PPPPPPHPPPHHPPPPHPHP
89,PHHPPPPPPPHPPHPPPPHH
90,PHHPHPHPPPPHPPPPHPPP
91,PPPPPPHPPPPPHPHPPPHH
92,PPPHPHPPPPPPPPPPHHHH
93,PPPPPHHPPPPHPPPHHHPP
94,PPHPPPPHPHPHPPPPHPPP
95,HPPPPPPHPHPPPHPHPHPP
96,PPHPHHHPPPPPPPPHPHPP
97,PHHPPHHHPPPPPPPPPPHP
98,PPPPPHPPHPHPHHPPPPPP
99,HPHPPPPPHPPHPPHPPHPP
100,HHPPPPPPPHPPPPHPPHPH
101,PPPHHHPPPHHPPPPPPPHP
102,HPPPPPPHPHPPHHPPPHPP
103,PPHHPPPPPPPHPPPHPPPH
104,HPPPPHPPPPPHPPPHHPPP
105,HHPPPHPPPPPPHPPPPPPH
106,HPPPHPHPPPPHHPPPPHPP
107,PPHHPPHPHHPHPPPPPPPP
108,HPPPPPHPHPPHPPPHPHPP
109,PHPPPPHPPHPPHHPHPPPP
110,PPPPPHHPPHPHPPPPHPPH
111,PHPPPHPPHPPPHPPHPPPP
112,PPHPPPHPPPHHPPHPPHPP
113,PPHPPPPHPPPPHHPHPPHP
114,PHPPPPPPHPHPPPHHPPPP
115,HHPPHPPPPPHPHPPPPPPP
116,PPPPHPPPHPPPPHHPHPHP
117,PPPPHPPPPHHPPPHPPPHP
118,PPPPPHHPPPHPPHPPPHPH
119,HHPPPPPPPHHPPPHPHPPP
120,PHPPPHHPHPPPHPPPPHPP
121,PHPPHHPPPHHPPHPPPPPP
122,PPPPPHPPPHPPPHHHHPPP
123,HPPHPPHPPHPPPHPPPPPP
124,PPPHPHPHPPPPPHHPPHPP
125,HPPPPPPPPHPPPPPHPHHP
126,PHPPPPPHPHPHPPPPPPHP
127,PHPPPHHPPPPHPPPHPPPP
128,HHPPPPPHPPHPPPHPPHPP
129,HPPHPHHPPPHPPPPPPHPP
130,PHPPPPPHPPPPPPHHHPPP
131,PPHPHPPPPPPPPHPPHPHP
132,PPPPPHPPPPHPHPHPPPHH
133,PPPPPPPHPHPPPPHPHHPP
134,PPPPHHPPPPHHPHPPPPPP
135,PPHHHPPHHPPPPPPPPPHP
136,PPPHPPHHHPPPPHPPHPPP
137,PPPPPPHPPHHPHHHPPPPP
138,PPPPPPPPHHPHPPHHPPPP
139,PPPPHHPHPPPPPHPHPPPP
140,PHPPPPPPPHPHHPPPHPPH
141,PHPPHPPPHPHPPPPPPPHH
142,HPPHPPPPPHPPHHHPPPPP
143,PPPPPPPPPHPHHHPPPPPH
144,PPHPHPPPHPPPPHPPPHPH
145,PPPHPHPHPPHPPHPPPPPP
146,PPHPPPPHPPPPPHPHPHPP
147,HHPPHPPPHPPPPPPPPPHH
148,HPHPPPPPPPPPPHPPPHHH
149,PHHPPPPPPPPPHHPHPPPP
150,HPPHHPPHPPPPHPPPPPPH
151,PPHHPHPPPPPPPPHHPPPH
152,HPPPHPPPPHPPPPPHPPHP
153,HPPPPPPPPHPPPHPPPHHP
154,PPHPPHPPPPHPHPHPPHPP
155,PPPPHPPHHPPHPPPPPPHP
156,PPPPPPHPHPPPPPPPHHPH
157,HHPPHPPPPPHPPHPPHPPP
158,HPHPHPPPPPPPPPHPHPPP
159,HPHPPHPPPPPPPPHPPHPH
160,PPPHPHPPPHHPPPPPPPHH
161,PPHPHPHPHPPPPHPPPHPP
162,PHHPHPPPPHPPPPPPHPPP
163,HPHPPHPPPHPHPPPPPHPP
164,PPPPPPHPPHHHPPPHPPPH
165,PHPPPPPPPPPPPPPHHPHH
166,HPHPPPPHHPPPPPPPPPHP
167,PPPPHHPHHPPPPPHPPHPP
168,HPPPPPHPPPPPHPPPPPHH
169,PHPPPPPPHPHHHPPHPPPP
170,PHHPPHHPPPPPPPPHPPPP
171,PPPHHHHPPPPPPHPHPPPP
172,HPPPPPPHHPPPPPPPPHHH
173,PPPPHPPHPHPHHPPPPPPP
174,PHPHPPHPHPPPPPPPPHPP
175,PPPPPPPHPPHPHPHPHPPH
176,PPPPPPPPHPHHPHPPHPPP
177,HPPHPHHPHPPPPPHPPPPP
178,HHPPPPPPPPPHPPHHPPPP
179,PPPPPPPPPPPHHPPPHHPH
180,PPHPPPPPPPPHPHHPPHPP
181,PPHPPPHPPPPHPPPPHHPH
182,PPPPPPPHHPPPHHPHPPPP
183,PPHPPHPHPPHPPPHHPPPP
184,PPHPPHPPHHPPPPHPPHPP
185,PPPPHPHPPPPPPHPPPHPH
186,PPPPPHHPPPHPHPPPHPPH
187,PHHHPPPPPPPPPPPPHHPH
188,PPHPPPPPPHHPPPPPHPPH
189,PHPPPPHHPPPHPPHPPPPP
190,PHPHPPPPPPPHPHPPHHPP
191,PPPHPHPPHPHPHPPPPPHP
192,PPHPPPPPHPPPHPPHPPHP
193,PPPHHPPHHHPPPHPPPPPP
194,PHHPPHPPPPPPPHPPPHPH
195,HPPPPPPHPPHPPPHPPHPP
196,PPPPPPPHPHPPPPHPPHHP
197,HPPPHPHPPPHPHHPPPPPP
198,PHHHHPPPPHPPPHPPPPPP
199,PPHPPHPPPPPPPPPHPHHH
200,PPPPPPPPPPPHHHPPPHHP
201,PPPPHPHPHPHPPPPPHPPH
202,HHHPPPPPPPHHPPPPPPHP
203,PHPPPPHPPPHPHPPHPPPP
204,HHPPPHPPHPPPPHPPPPPH
205,HPPPPPHHHPPHPPPPPPHP
206,PHPPPPHPPPPPHPPPPHHP
207,PPPHPHPPHPPHPHPPHPPP
208,HHPPPHPPHPHPPPPPPPHP
209,PHPPHPPPPHPHPPPPPPPH
210,PPPHPHPHHPPPPHPPPPPP
211,PPHHPPPPHPPPPPPPHPHP
212,PPHHHPPHPPHPPPHPPPPP
213,PPPPPHPPHHHPPPPPPHPP
214,PPHHPPPPPHHPHPPPHPPP
215,HPHPHHPPPPPPPPHPPPPH
216,PHPPPPPPPHPPHPPPPHPH
217,PHPPPHPHPPPHPPPPPPHP
218,PPHPPPPPPHPPHPPHHHPP
219,PPHPPHPPHPPPPPPHPHHP
220,PPPPPHPPPHPHPPPPHPPH
221,HPPPHPHHPHPPPPPPPHPP
222,PHPHPPHPPPHPHPPPPPPP
223,PPPPPHHPPPPHPHPPHPPH
224,PHPPPHPPPHHPPPHHPPPP
225,HPHPPPPPHPPPPPPHPHHP
226,PHPPPHHHPPPPHPPPPPHP
227,PPPPHPPPPPHPPHPHPHPP
228,PPPPPHHPPPPPHHPPPHPP
229,PPPPPPPPHPHHHPHHPPPP
230,HPPPPPPPPPPPHPHHHPHP
231,PPPHPPHPPHPPPPHHPPPP
232,HPHPPPPPPPPPPHPPPHHP
233,HHPHPPPPHPPHHPPPPPPP
234,PHPPPPPPPHPPPPPHHHHP
235,PPHPPPHPHPPPHPPPHPHP
236,HPHPPPPPHPPPHPPPPHPH
237,PHHPHPPPPPPPPPHPHPPP
238,PPPPPPPHPPHPHPPPPHHH
239,PHHPPPHHPPPPPPPPHPPP
240,PPPHPPPHHPPPHPPPPHPP
241,PHPPPPPHHHHPPPPPHPPP
242,PPPPPHPPPPPHPPHPPHPH
243,HHPPHPPPPPHPHHPPPPPP
244,HPPPHPPPPHHPPPPHPPHP
245,PHPPPPPHPPPHHPPPHPHP
246,HHPPPPHHPPPPPHPPPPPP
247,HPPPPPHPHHPPPPHPPPHP
248,PPPHPPPHPPHHPPPPPPHH
249,HPPPHPHPPPPPPPPHPPHP
250,HPPPPHPPHHPPPPPPPPHP
251,PHPPPHHPPPPPPPHHPPPH
252,PHHHPPPPPPPPPPHPPHPP
253,PPPHHHPPPPHPPPPPHPHP
254,PHPPPPPHHPPPHPPPPPPH
255,PPPHHPPPPHPHHPPHPPPP
256,PPHPPPPPPPPPPHHPPHHP
257,PPPPHPPHHHPPPHPHPPPP
258,PHPPPPPPPHHPPPPPHPPH
259,HPPPHPHPPPPPPPPPPHPH
260,HPPHPHPPPPPHPHPPPHPP
261,PHHPPPPPPHPHHPPPHPPP
262,HPPHPPPPPHPPHPHPPPPP
263,HPPPPPPHPHPPPPHPPHPP
264,PHHPPPPPHPPPPHPPHPPH
265,PPHPPPHPPPPPPPPPPHHH
266,PHHPPPPHHPHPPPPPPPPP
267,PPHPPHHPHPPPPPPPHPPP
268,PPPHPPPPPPHPPHHPPHPH
269,PPHPHHPPPHPPPHPHPPPP
270,PPPPPHHPPPPPHHPHHPPP
271,HPHPPHPPPPPPPPPPPHPH
272,PPPHPPPPHHPPPHPPPHPP
273,PPHHPPPPPPPPHHHPPPPH
274,PHPPHPPPHPPHHPPHPPPP
275,PPHPPHPPPHHPPPPPPPHP
276,PPHHPPPPPPHPHPPHPPPH
277,HPPPHPPPPPPPHPPPHHPP
278,PPHPPPHPHPPPHPPPPHPP
279,PHPPPHPPHPPPHPHPPPPH
280,PPPHPPHPPHPHPPPPPPPH
281,HHHPPPPPHPHPPPPPPHPP
282,PHPPPHPPHPPPPPHHPPPP
283,HPPPPPHPPHPPPPPPHHPP
284,PHHPPPPPPPPHPHHPPPHP
285,HPPPPPHHPPHPPPPPHPPP
286,PHPHPPPPPHPPHPHPPPPP
287,PPHPPPPPHPHPPHPPHPHP
288,HHPPPPHPPPPPPPHPPPPH
289,PPHPPPPHPPHPPPPPHPPH
290,PHHPHHPPPPPPPPPHPPPP
291,PHPHPHPPPPPHPPPPPHPP
292,PPPPHPPHPPHPPPHPPHHP
293,HHPPPPPPHHPHPPPHPPPP
294,PPPPPPHHPPPPPPHPPHPH
295,HHPPPPHPHPPPPHPPHPPP
296,HPHPPPPHHHPPPHPPPPPP
297,PPHPPPHPPPHPHPPPHPHP
298,PPPHPHPPPHHPHPPHPPPP
299,PPPPPPHHPPPPPHPHPPHH
300,PPPPPHPHPPPHHPHPPPHP
301,HPHPPPHPPPPPPHHPPPPP
302,HPPPHPPHPPPPPPPHPPHH
303,PPHHPPPPPPPPHPPHPHHP
304,HHPPPPPPPPPPHPPPPPHH
305,PPHHHPPPHPPPPHPPPPPP
306,PHPHPPHPPHPHPPHPPPPP
307,PHPHPPPPHHPPPPPHPPPH
308,HPHPPPPPPHPHHPPPPHPP
309,HPHPPPHPPPPPPPHHPPPP
310,PHHPHPPPHPPHPPPPPPHP
311,PPPPHHPPHPPPPHPPPPHP
312,HPHHPHPPPPPHPPPPPPPP
313,HPPPHHPPPPPPHPHPHPPP
314,HHPPPPPPHPHPPHPPPPHP
315,PPPPPPPPHPPHPPPHHPPH
316,HPPPHPPPPPPHPPPPPHHP
317,PPPPHPHPPPHPPHPHPPPH
318,PPPHPPPHPHHPHPPPPHPP
319,HHPPPHHPPPPPPPPPHHPP
320,PHPPPPPPPPHPPHHHPPHP
321,PHHHPPPPPPHPPPPPPPHH
322,PPPHPPPHPHPPPPPPPHPH
323,PHPHPPPPHHHPPPHPPPPP
324,PHPPPPPPHHPPPPPPPHPH
325,PPHPHPPPPPPHHPHHPPPP
326,PPPHPPPHPPHPPPPPHHHP
327,HPPHPPPPPPPPHPPPHPPH
328,PHPPHHPPHPPPPPPPHPPP
329,PPPPHPHPPPPPPPPPHPHH
330,HHPPPHHPPHHPPPPPPPPP
331,PPHPPPPHPPPHHPPPHPPP
332,PPPHPPPPPPPPHPHPHPPH
333,HPPPPPHHPHPPHPPPPPPP
334,PPPHPPPPHPPHPPPHHHPP
335,PHHPPHPPPPPHHPPPPPPP
336,PPHPPHPPHPPPHHHPPPPP
337,PPPHHPPPHHPPPPPHPPPP
338,PPPPHHHPPPPPPPPHPPPH
339,PPPHPPPHPPPPPPHHPPHP
340,PPPPPHPHPPPPPPPHPHHP
341,PHPPPPPPPHHPPPHPHPPH
342,HHPPPPHPPPPPHHPPPPPP
343,HPHPHPPPPPPPHHHPPPPP
344,PPPPHPPPPPPPHHHPHHPP
345,PPPHHHHPPPPPHPPPHPPP
346,PPPHPPPPHPPPHHHHPPPP
347,PPPPHHHPHPPPPPPHPPPP
348,PPHHPPPPPPPPPHPPHHPP
349,PPPHHPHPPPPHPPPHPPPH
350,PHPPPHPPPPPHPPPHPPHH
351,PPPHPPPHPPPHHPPHPPPP
352,PPPPPPPHPHPPPHPPHHPP
353,PHHPPPHPPPPPPHPPPHPP
354,PHHHPPPPPPHPPPHPHPPP
355,PHHPPHPPPPPPPPHHPPPH
356,HHPPHHHPPPPPPPPPPPHP
357,PHPPPPPPHPPHHHPPPPHP
358,PHPHHPPPPPPHHHPPPPPP
359,PPHHPPHHPPPPPPHPPPPH
360,HPHPHHPPPHPPPPPPPPHP
361,PPHPPPPPPPHPHPPHPHHP
362,PHPPPHPHPHPPPPPPPHPP
363,HPPPHPPHPPPHPPPHPPPP
364,HPPPPHPHPHHPPPHPPPPP
365,PPPPPPHPHHPPHPPPPPHP
366,PPHPPHPPPPPPPHHHPPHP
367,HPHHPPPPPPPHHPPPPPPP
368,PHPPPHPHPPHPPPPPPHHP
369,PPPHPPPHPPHPPPPHHPPH
370,PPPHPPPPHPPPPHHPPPPH
371,PHPPPHPHHHPPPPPHPPPP
372,HHHPPPPPPPPPPPPHPPHP
373,PPPHHHPPHPPPPHHPPPPP
374,PPHHPPPPHPPHPHPPPPPH
375,PPPHPPHHPPPHHPPPPPPP
376,PHPPHPPPPPPHPPHPPHHP
377,HPPHPHPPPPPHPPPPPHPH
378,PPPPPPPPHPPPHHPPPHPH
379,PPPPPHHPPPHPPPPHHPPP
380,HHPPHPPPPHHPPPPPPPPP
381,PHPHPPPHHPPHPPPPPPPP
382,PPPHPHPPPHPPPPPPPHPH
383,HPPHHPPHPHPPHPPPPPPP
384,HPHPPPPPHPHPPHPHPPPP
385,HPPPPPHPPPHPHHPPPPPP
386,HPPPHPPPHPHPPPPHHPPP
387,PHHPPPPHPPHPPHPPPHPP
388,HPPPHPPPPPHHPPPHPPHP
389,HPPPPPPHPPPPHPHHPPPP
390,PPPPHPHPPPPHHPHPPPPH
391,PHPPPHPPPHPPHHHPPPPP
392,PHHPPPPPPPPPHPPHPHPP
393,HPHHPPPHPPPPPPPPPPPH
394,HPHPPPHPPPPPPPHHHPPP
395,PPPHHPPPPPPHHPPPPPPH
396,PHPPHPHHHPPPPPHPPPPP
397,PHHPPPPPPPHHPPHPPPPH
398,PPPPPPHPHPHPPPHPPHPP
399,HPHHPHPPHPPPPPPPPPHP
400,PPHPHPPPPPPPHPHHPPPH
401,PPPPPPHPHHPPHPPHPHPP
402,PPPPPPPHPHPPHHPPHPPP
403,PPPPPPPHPPPHPPHPPPHH
404,PPPPPHHPPPPPPHHPPHPH
405,PPPHHPPPPPHHPPHPPHPP
406,HPPPHPHHPPHPHPPPPPPP
407,HHHPPHPHPPPPPPPPPPPP
408,PPHPPPHHPPHPHPPPPPPH
409,PHPPHPPPHPPPPHHPPHPP
410,PPPPPPPHPPPHPHPPPHHP
411,HPPPHHPPPPPHPHPHPPPP
412,PHHPPPPPPHPPPHHHPPPP
413,PPPHHPHPPPPPHPPHPPPP
414,PPPPPHPPPHPHPPPPHHPP
415,PHPPPHPHPPPPPHPPHPHP
416,PPPPHPPPHPPHPPHPPPHP
417,PPPHHPHPPPPPHPPPPPPH
418,PPPPPPHPPPPHPHPPHHPP
419,HPPHPPPHPPPPPPPHPPPH
420,PPPPHPPPHPPPHPHPHPPP
421,HHPPPPHPHPPHPPPPHPPP
422,PPPPHHHPPPHHPPPPHPPP
423,PPPPPPPPPPHPPHPHPHHP
424,PPPPPHPPHHPPHPHHPPPP
425,PHPPPPPPHPPHPHPPPHPP
426,PPPPPHHPPPHPPHPPPHPP
427,PPHPPHHPPPHPPPPPPPHP
428,PPPHHPPPPPHPHHPPPPPP
429,PHPPHPHHPPPPPPPPHPPP
430,PHPHPPPPHPPPPPHPPHPP
431,PPHPPPPHHPHPPHPPPPHP
432,PPHPPHPPPHPHPPPPPHPP
433,PPPHPPPHHPPPPPPHPHPH
434,HPPPPHPPPPHPPPPHHPHP
435,PPHPPHPHPHPPPPHPHPPP
436,HPPHPPHPPHPPPPPHHPPP
437,PPHPPHPPPHPHPPPHPPPP
438,PPPPPPHHPHPPPHHPPPPP
439,PPPPPPPPPHHPHPPPPPHH
440,HPHPPPPPPPPPPPPPHHPH
441,PPHPPHHHPPPPPHHPPPPP
442,HPPHPHPHPPPHPPPPHPPP
443,PPPPPPPPHPHPPHPHPHPP
444,HPPPPHHPPPHPHHPPPPPP
445,HPPPHHPPPPPPPPPHPPHP
446,HPPPHHHHPHPPPPPPPPPP
447,PPHPHPHPPPPPPPPPHHHP
448,PHHPPPPPPPPPHPPHPHHP
449,PPPHHPHPPPHPHPPPPPPH
450,PHPPPPHPHHPPHPPHPPPP
451,PHHPPPPHPPHPHPPPPHPP
452,PHPPPPPPHHPHPHPHPPPP
453,HHHPPPPPPPPPHHPHPPPP
454,PPPPPHHPPPHPPPHPPPHP
455,PPPPPHHPPPHPPPPHHHPP
456,PHHHPHHPHPPPPPPPPPPP
457,PHPPPHPPPPHPPPPHHHPP
458,PPPHPHHPPPPHPPPPPHPP
459,PPPHPHPPPPPPHHHPPPPP
460,HHHPPPPPPPPPHPHPPPPH
461,PPPPHPHPHPPPPPHPPPHP
462,PHPPHPPPPPHPHHPPPHPP
463,PPPPPPHPPHPPHPPPHPPH
464,PPHPPPPPHHPHHPPPPPPP
465,PPPPPHPPPPHHPPPPHHHP
466,PPPPPPPPPPHHHPPPHPHP
467,HPPPHHPPPHHPPHPPPPPP
468,PPHPPPPHPHPPHHHPPPPP
469,PPPPPPHPHPHPHHPHPPPP
470,HPPPPPPHPHPPHPHHPPPP
471,HPPPHPPPHPPPPPPHPHPP
472,PHPPPPPPHHPHPPPPPPHP
473,PPPHPPPPPHHPHPPPHPPP
474,HHHPPPPPPPPHPPPPHPHP
475,PPPHPPHPHPPPPPPHHHPP
476,PPPHPPPPHPPPPPPPHHPH
477,PHPPHPHPHHPPPPPHPPPP
478,HPHPPHPPPPPPPHPPHPHP
479,PHPPHPPPHPPPPHPPPPPH
480,PPPHPPHPHHPHPPPPHPPP
481,HPPHPHPPHPPPPHPPPPPP
482,PPPPPPPPHHPHHPHPPPPH
483,PPHPPPPPPPHPHHHPPPPP
484,PHPHPPPPHPPHPPHPPPPP
485,HPHHPPPPHPPPHPPPPPPH
486,PHHPPPPPPPPHPPPHPPHH
487,PHPPHPPHPPPPHPPHPPPP
488,PHPPPPPPHHHPPHPPHPPP
489,PHPPPHPHHPPPPPPPPPPH
490,PPHPPPPPPHPPHPHPPPHP
491,PPPHPPPPPHPPHHPPPPHH
492,PPPHPPHPHPHPPHPPPPHP
493,PPPHHPPPHPPPPHPPPHPH
494,PHPPPHPPPPHPPHPPHPPP
495,PPPPHPHHPPHPPHPPHPPP
496,PHHPPPHHPPPPPHPPPPPH
497,PPPPPHPPPPHHPPPPPHHP
498,PHPPHPPPHPPPPPHPPHPP
499,PHPHPHPPPPPHHPPPPPPH
500,PHPPHPHPPHHPPPPPHPPP
501,HHPPPPPPPPHHPPPPPPHP
502,PPPPPPPPPPPPPHHHHHPP
503,HPPPPPHHPPPHPHPPPPPP
504,PPPHPPPHPPPHHPPPPPHH
505,PPHPHPPPPPPPPHPPHHPH
506,PHHPHPPPHPPPPPPPHPPH
507,PPHPPPPPPPPHPPPPHHHP
508,PHHPPPHPPPHPPHPPPPPH
509,HHPPHPPPPHPHPPPPHPPP
510,PPPPPHPHPPHPHPPPHPPP
511,PPPPPHPPPPHHPHPPHPPP
512,PPHHPPPPHHPPPPPPHPPP
513,PPPHPPHPPPPHHPPPPPPH
514,PPHHPPHPPPPPPHPHPPHP
515,PPPPHPPPPPHPPPPPHPHH
516,PPPHPPHPPPPPPPPHPPHH
517,PPPPHPPHPHHPPPPPHPPP
518,HPPPHPPPPPHHPHPPPPHP
519,PPHPPPHHHHPHPPPPPPPP
520,PPPPPHPPHPPHPPHPPHPP
521,HHPPPHPHPPPHPPPPPHPP
522,PHHPHPPPPPPPPPHPPHPP
523,PPPHPHPPHPPHHPPPHPPP
524,HPHPPHPPPHPPPHPPPHPP
525,HHPHPPPPPPHPPPPPHPHP
526,PPPHHHHPPPPHPPPPPHPP
527,PHPHPHPHPPPPPPHPPPPH
528,HPPPPPHPPPHHPPPPPPPH
529,HPPPPHPPPHPPPHHHPPPP
530,HPPPPPHHPPPPPPPHPHPH
531,PHHPPPPPHHPHPPPPPHPP
532,HPPPPPHPPHPPPHPPHPPP
533,PPPHHHPPPPHPPPPHPPPH
534,HPPPPPHPHHPHPPPPPPPH
535,HPPHHPPPPPPPPHPPPPHP
536,PHHPPPPPPPPPPHHPPHPP
537,PPHPPHPPHPPPHPPHPPPP
538,PPPPPPHPPPPHHPPHPPPH
539,PPPHPPPPPHPPHPPHPPPH
540,PPPPPHPPHHPPHPHPPPHP
541,PPHHPPPPPPPHPPPPHHHP
542,PHPPPPPPHHPHHHPPPPPP
543,PHPHHPPHHPPPPPPPPPHP
544,PPPPPHHPPPPHHPPHPPPP
545,PPPPPPPHPPPPHPHHPHPP
546,PPPHHPPPPHPPPPPPPHPH
547,PPHPHPPPPPPPPPPPHHPH
548,PPPPPHHPHPHPPPPPPHPP
549,PPPPPPPPPPPHHPHPHHHP
550,PHHPPPPHPHPPPPPHHPPP
551,HPPPPPHPPHHPHPPPPPPP
552,HPPHPPPPHPPPHPPPPPPH
553,PHPPPPPPPHHPPHPPPPPH
554,PHPPHPPPPHHPPPPHPHPP
555,PPHPPPHHHPPHHPPPPPPP
556,HPPPHPPPHHPHPPHPPPPP
557,PPHPPPHPPPPPHPHPPPPH
558,PPHHPPHPPPPPHHHPPPPP
559,PHHPPHPPPHPPPPPPHPPP
560,PPPPPHPPHPPPPPPPHHHH
561,PHHPPHPPPPHPPPHPHPPP
562,PHPPPPPPHPHPPPHPPPPH
563,PPPPPHHPHHPPHPPPPPPH
564,PPPHPPPPPPHPHHPHPPPP
565,HPPPHHPPPPPPPPPHHHPP
566,PHHPHPPPHPPPPPPPPPHP
567,PHHHPPPPPPHPPPPPHPPP
568,HHPPHPPPPPPHPPPPHPHP
569,PPPPHPHPPPHPPPHHPPPP
570,HHPPPPPPPPPPPPHHPHPP
571,PPPHPPPPHPPHPPHPPPPH
572,PPPPPPPPHHPHPPPPPHPH
573,PPPPHPPHHPPPHPPPHPPP
574,PPPPPPPHHPPHPPPHHPPP
575,PHPPPPHHPPPPPPHPHPPP
576,HPPPPHPPHPPPHPHPPPPH
577,HPPPPPPPHPHHPPPPPPPH
578,HPPPPPPPPHPHPHPPHPPP
579,HHHPPPPPPHPPPPPPHPHP
580,PHPPPPHHPHPPPPHPPPPP
581,HHPPPHPPPPHPPPPPHPPH
582,PPPPPPPHPPPHHHPPPPPH
583,PPHPPHPPHPPPPHHPPPHP
584,HPPPPPPHPPPPHPPHHPPP
585,PHPHPPHPPPPPHPPPPPHP
586,PPPHHPPHPPPPPPPHPPHP
587,PPHPHPHPPPPHPPHPPPHP
588,PPPPPPPPHHHHPPPPHHPP
589,PHHPPPPPHHHPPHPPPPPP
590,HPPPPPPPPHPPPHPHPPHH
591,PHPPPPPPPHPPPPPPHHHP
592,PPPPHPPPPHPPPPPPHHPH
593,PPPHHPHPPPPHPPHPPPPP
594,PPPPPPPHPHPPHPPHPHPP
595,PHHHPPPPPHPPPHPPPPHP
596,HPHPPHHPPPPHPPPPPPPP
597,PHPPPPHPPPHPPPPPHHHP
598,HHPHPPPPPPPHPPPPPHHP
599,PHPPHHPPPPPPPPPHPHPP
600,PHPHPPHPPPPPPPPPHHPH
601,PPPHPPPPPHHPHHPPPPPP
602,PPPPHPPPHPHPPPPHPHPH
603,PHHPPPPPPHPPPPHPPHPP
604,PPHHPHPPPPPPPPPPHHPH
605,HPPPHPHPPPPHHPHPPPPP
606,PPHPPPPHPPHPHPPPPPHP
607,HPPPPPHPPPPPPHPPHHPP
608,PPPHPHPPHPHPPPPHPPPH
609,HPHHPPHPPPPPPPPHPPHP
610,HHHPPPPPPPHPPPPPHHPP
611,HPPPPPPPHHPPPPPHPHPP
612,PPHPHPPPPPPHHPPHPPPP
613,PPPHPPPPHPHPPPPHPHPP
614,HPHPPPHPPPPHPPPPPPPH
615,PPPHPPPHPPPPPPHHHPPH
616,PPPPHPHPPPHPPPPPHPHP
617,PPHPPHPPPPHPHPPPPPHP
618,PPPPPHHHHPPPHPPPPPPP
619,PPPPPPPPPHPPPHPPHHHP
620,PPPHPPPPHPHPPPHPPHPP
621,HPPHPPPPHHPPPPPPHPPP
622,PPPPPHPPHPHPPPPHPPHH
623,PPPPHPHPHPHPPHPPPPPP
624,PPPPHPHPPPHPHHPPPPHP
625,HPHPPPPHPPPPPPHPHPPP
626,HPPHPHPPPPPPPPHPHPHP
627,PHPPHPHPPPPPHHPPPPHP
628,HHPHPHPPPPPPPPHPPPPP
629,HPPPHPPPPPHPHHPPPPPP
630,PPHPPPPHPPPPHPHHPPPP
631,HPHPPPPPPPHHPPPPHPPP
632,PHPPHPPPPHHPPPPHPPPP
633,PPPHPPHPPPPHHPHPPHPP
634,HHPPHPPHPPHPPPPPPPPP
635,PPPHPPPHPPPHPPPHPPHH
636,PPPPPPPHPPPHHPPHPHPP
637,HPPHHPPPPHPPPPHHPPPP
638,PPHPPPHPPPPPPHHHPPPP
639,PPHHHPPPPPPPHPHPHPPP
640,PHPPPPHPPPPPHHPPPHPP
641,PPHPHPPPHPHHPPPPPHPP
642,PHPHPHPPPPHPPHPHPPPP
643,HPPPPHPPPHPPHPPPPHPP
644,PPPHHPPHPPPPHPPPPPPH
645,PHPPHHPPPHPPPPHPPPPP
646,PPPPHPPPHPHPHHPPPPPH
647,PPPPPPHPPPPHPHPHPPHP
648,HPHPPPPPHPPPHPPPPHHP
649,PPPPPHHPPPPPHHPPHPPP
650,HPPPPPPHPHPPHPPPPHPP
651,HPHHPPPPPPPHPPPPPPHP
652,PHPPPHPPPPHHPPPHPPPH
653,PPPPPPPPPHHHHPPPPPHP
654,PPPPPHHPHHHPPPPPPPHP
655,PPPPPPHHPPHHPHPHPPPP
656,HPPHPPPHPHPPHPPPPPHP
657,PHPPPPPPPHPPPPPPPHHH
658,PPPPPPPPPHHPPPPPHHHP
659,PPPPPPPHPPPHHHPHPPPH
660,PPPPHPPHPPPPPHPPPPHH
661,PPHPPPHHHPPPPPPHPPPP
662,PHPHPPPPPPPPPPHPPHHH
663,HPPPPPHPPPHHPPHPPPPP
664,PHPPPPPPPPHPPPPPPHHH
665,PPPHPHPPHPHHHPPPPPPP
666,PHHPPPHHPPPPPPPPPPPH
667,PPHPPPHHPPHPPHPPPPPP
668,PPPHHHPPPHPHHPPPPPPP
669,PPPHPPPPPHHHPHPPPHPP
670,HPPPPHHPPPHPPPHPPPPP
671,PPPPHPPPPPHHPPPPPPHH
672,PPHPPPPPPHPPPHHPPPHP
673,HPHPPHHPPPHPHPPPPPPP
674,PPPHPPPHPHHPHPPPPPPP
675,HPPPPPPPHHPPHPPHHPPP
676,PHHPPPPHPPPHPPPPPHPP
677,PPPPPHPHHPHPPHPPPPPP
678,HPPPPHHHPHPPPHPPPPPP
679,PHPPHPPPPPPPPPPHHPPH
680,PPPHPPPPHHPPPHPPHPHP
681,PPPPHPHHPPHPPPHPPHPP
682,PPPPPHHPPPHPPHPHHPPP
683,PPPPPPPPHHPPHHHHPPPP
684,HPPHHPPPHHPPPPPHPPPP
685,HPPPPHPPPPPPPPPHHPHP
686,HPPHPPHPHPPHPPPPPPPP
687,PPPHPPPPHHPPPPPPHPHH
688,PHPPHPPPPPHHHPPPHPPP
689,PHPPPPHPHPPHPPPHPPPP
690,HPPHPHPPPPPPPPPHPPHP
691,PPHPPPHPPPPHPHPPPHPH
692,HPPPPPPPPPPHPPPHHPHP
693,PHHPPPHPPPPPHPPHPPPP
694,PPHPPPHHPHHPPPPPPPPP
695,PPPHPPPPHHPPPPPHHPPP
696,PHHPPPPPPPPPHPHHHPPP
697,PPPHPHPPPPPPHPPHHPHP
698,PPHHHPPPHPPPHHPPPPPP
699,PPPPPPPHHPHPHPPPHPHP
700,PHPPPPPPPHPHHPPHPPPH
701,PPPPPPHHPPHPPPPHPPPH
702,PPHPPHPPHPPPPPPHHPPP
703,HPPHPPHPHHHPPPPPPPPP
704,PPPPPPPPPPHHHPPHPPPH
705,PHPPPPHPHPHPHPPPPPHP
706,PPPHHPHPPPPPPPPHPPPH
707,PPPHPPHPHPPHPPPPPPHH
708,HPPHPPHPPPPHHPPHPPPP
709,PPPPHPHHPPPPHHPPPHPP
710,PPHPPPPHPHPPHPPHPPPH
711,PHPPPPHHHPPPHPPHPPPP
712,HPPHPPHHPPPHPPPPPHPP
713,HPPPPHPPHHPPPPPPPHPP
714,PHPPPPPPHPPPPPPHPHHP
715,PPPPPHHHPPPHPPPPPPHP
716,PHHHPPPPPPPHPPHPPPHP
717,HPPPHPPHPPPHPHPPPPPP
718,PPPPHPPHPPPPPHHPHPPH
719,PHPPPPPPHPPPPPPHHHPP
720,HPHPPHPPPPPHHPPPPPHP
721,PHHPPHHPPPPPPHPPHPPP
722,PHHPPHPPPPPPPPHPPPPH
723,PPHPHPPHPPHPHPPHPPPP
724,PHPPPPHPHPPPPPPPHHPP
725,PHPPHHPPPPPPPPHPHPPP
726,HPHPHPPHHPPPPHPPPPPP
727,PPHPPPPPHPPPPHPHPHPP
728,PPHHPPPPPHPPPPHPPPPH
729,PPPPPPPPHHPHPHPPHPPP
730,PPPPPPHHPPPPHPHPPPHH
731,PHPPPPPHHPPHPPHPPPHP
732,PPPPHHHHPPHPPPPPPPPP
733,PPHPPHPPPPPPPHHPPHPH
734,HPPPPHHPPPPPPHPPPPHP
735,PPPPPPPPPHHHPHPHPPHP
736,PPPPPPHPPHHPPPPHPPPH
737,PPHPPPPPHPPHPPHHPPPP
738,PPHPPHPPPPHPPPPHPHPP
739,PPHPPPPPPHPPHHPPPHPP
740,PHPPPHHPHPPPHPPPPPHP
741,PPPPHPPHPHPPPPPHHPPP
742,PPPPHHPPPPPPHHPPHPPP
743,PPHHHPPPPPPPHPPPHPPP
744,PPPHPPHHPHPHPPPHPPPP
745,PPPHHPPPHPHPPPHPPPPP
746,PPHHPPHPPPPPHPPPPPHP
747,PHPHPPPHPPPPHPPPPPHP
748,PPPPPHPPHPHHPHPPHPPP
749,PPPPPHPPHPPPPHHPHPPH
750,HPPPPPPPHHPPHPHPPPHP
751,PHPPPPPPPHHPHHPPPPPP
752,PPPPPPHPHPPPPHPPHPHP
753,PPHPHHPPPPPPPPPHPHPP
754,HHPPPPPPPPPHPHHPPPPP
755,HPPPPPPHPPPPHPHPPPHP
756,PPPPHPHPPPPHPPHPPPHP
757,PPHHPPPPPHHPPPPPHPPP
758,HPPPPPPPPHPHPPPHPPHP
759,PHHPPHHPPPPPPPPPPPPH
760,PPHHPPPPPPPPHPHPHPPP
761,PHHPPPHPPPPPHPHPPHPP
762,PHPPPPPPHPPPHPPPHPHP
763,PPHPHPPPPHPPPPPPHPHP
764,PPPPPHHHPPPHHPPPPPHP
765,PPPHPHPHHHPPPPPPPPHP
766,PPHPHHHPPPPPPHPPHPPP
767,HHPPPPPPPPHPHHPPPPPH
768,HPPPPPPPPPHHPPHPPHPH
769,PPPPHPHPPHHPPPPPPPHP
770,PHHPPPPPPPHHPHPPPPPP
771,PPPPPHPHHPPPPPPPPHHP
772,PPPHPPPPPPPHPHHPPHPP
773,PPPPPPPHHHPHHPPPPHPP
774,HPPPPPHPPPPPHHPPPHPP
775,PHPPHPHPHPPPPHPPPPPH
776,HPHPPHPPPPPHPPPPPPHP
777,PPPPHHHHPPPPPHPPPPPH
778,PPPPPPHPPHPPHHHHPPPP
779,PPPPHPPHPHPPPPPHPPPH
780,HPHPPPHPPPPPPHPHPPHP
781,HPHPPPPHPHHPPPHPPPPP
782,PPPPPPPHHPPHPPPPPHPH
783,PPHPPHPPHHPPPPPPPPPH
784,HPHPHPHPPPPPPPPHPHPP
785,HPPPPPHPPPPPHPPPPHHP
786,PPPHPPHPPPPHPPPPPHHP
787,PPHPPHHPPPPPHPPPPHPH
788,PPPHPPPPPPPPHPPPHPHH
789,HPPPPHPPPPHPPHPPHPPH
790,HPPPHPPHPPHPPPPPHHPP
791,PPPHHPHPPHPPHPPPPPPH
792,HPPPHPPPPHPPHPHPHPPP
793,PPPPPHHPPPHHPPPPPPPH
794,PHPHPPPHPHPPPPPPPPPH
795,PHPHPPHPHHPHPPPPPPPP
796,PPHPPPHPPHPPHPPHHPPP
797,PHPHHPPPPPPPPHPHPHPP
798,PPHPPHPPPPPPPHPPHPHP
799,PPHHPPPPHHPPPHHPPPPP
800,PPPPPHHHHPHPPPPPPPPP
801,PPPPPPHHHPPPHPPPPHPH
802,PPPHHPPPPPHHPPPPPPPH
803,PPPPHPPHPHPHPPPHPPPH
804,HPHPPPPPPPPPPPHPHHPH
805,PPPPPPHPPPPHHPPPHHPH
806,HHPPHPPHPPPPHPPPPPHP
807,PHHPPPPPHPPPPHPPPHPP
808,PPPPPPPHHHPHPHPPPHPP
809,PHPPHPHPPPPPPPPPHPPH
810,HPPPHPPHHPPPPPPPPHHP
811,PPHPPPHPPPPPPHPHPPPH
812,PPPHPPPHHPPPPPPPHHPH
813,HHPPPPHPHPPPPHPPPPPH
814,PHPPPPPPPPPHHPPPPHHP
815,PPPPPPPPHPPPPHHPPHPH
816,PHPPPPHPPPPPPPPPPHHH
817,PPHPPPHPPPPPPPPHPHPH
818,PPPPPHHPPHPHHPPHPPPP
819,PHPPPHPPHPPHPHPPHPPP
820,PHHPHHPPPPPPPPHPPPPP
821,PHHPPPPPHPHHPPPHPPPP
822,HHHPPPPHPPPPPPPPPHHP
823,PPPPHPPHPPPPHPPHHPPP
824,HPPPPPHPHPPPPHPPPHPP
825,HHPPPPHPPPPHPPHHPPPP
826,PHHPPPPPHHPPPPPPPHPP
827,PPPHPPPPHHPPHPPPPHHP
828,PPHHPHPPHPPPPPHHPPPP
829,HHPPPPPHPPPPPHHPPPHP
830,PPPHHPPPPPHPPHPPHPPP
831,PPPPHHPPHHPPPPPHPPPP
832,PPPPHPPPHHPPPPPHHPPH
833,PPHPHPPPHPPPHHPPPPPP
834,PPHPPPHPHPHPPPPPHPPP
835,PHPPHPPPHPPPHPHPHPPP
836,PPPPPPPHPHPPPHHPHPPP
837,PPHHHHPPPPHHPPPPPPPP
838,PHHHPPPPPPPPPPPPPPHH
839,PPPPHHHPPHHPPPPHPPPP
840,HPPPPPPPPPPPHHHHHPPP
841,HHPPPHPPPPPHHPPPPPHP
842,PPPHPHPPHHPPPHPPPPHP
843,PPPPPPHHHPPPHPPHHPPP
844,PPPHPHPPPPPHPPHHPPHP
845,PPPPHPPPPHHPHPPPPHPP
846,PPHPPPHPPPHPPPPHPPPH
847,PHPPHPPPPPPPPHHPPHPH
848,PPHHHHPPPPHPPPPPPPPP
849,HPPPHPPPPHPPHHPHPPPP
850,PPPPHHPPPHPPPPHPPPHH
851,PPHPPHPHPPPHHPHPPPPP
852,PPPPPHPHHHPPPPPHPPPH
853,HPPPHPHHPHPPPPPPHPPP
854,PPPPPHPHPPPHHPPPPPHP
855,PPPPPPPPHPPHPHPHHPPP
856,PPPPHPHPHPPPHHPPPPPH
857,PPPPPHPPPPHPPPPHHPPH
858,HPHPPPPPPPHHPHPPHPPP
859,PPPPPPHHHPPPPHPPPHPP
860,PPHPHPPPHHPPPPPPPPPH
861,HPPPHPHPPHPPPPPPPPPH
862,HPPPHHHPPPPPPPPPHPPP
863,HPPHPPPPPPPHPPPHPHHP
864,PPPPHPPPPHHPHPPPPPHP
865,PPPPHHPHPPPHPPPPPPPH
866,PPPPPPPHHHHPHPPPPHPP
867,PPPPPPPPPPHHHHPPHPPH
868,PPPPHPHPPPHPHPPPPHHP
869,HPPPPPPPPPPPHHHPPHPP
870,PHHHHPPHPPPPPPPPHPPP
871,PPPPHHHHPPPPPHHPPPPP
872,PPHPPHPPPHPPPPPPHHPH
873,PPHHPPPHPPPHPHPPPPPH
874,PHHPPPPPPPPPPPPHPPHH
875,PPPPPHPPPHPPPPHHPHPH
876,PPHPPHPPPPPPHPPPHHHP
877,PPHHPPPPPPPPHPPHPHPH
878,PPPPPPHHPPHHPPHPPPPP
879,PPHPPPPHPHPPHPPPPPHP
880,HPPPPPPPPHPPHPPHHPPP
881,PPPHHPPHPPPPHHPPPPHP
882,PPPPPPPPHPPHHPPHHPPH
883,PPPPHHHHPPPPPHPHPPPP
884,PPHPPPPHPPHPPPPPPPHH
885,PHPHPPPPPPPPPPHPPHPH
886,PPHPPPHPPHPHPPPPPPPH
887,PPPPPHPHPHPPHPHPPPPP
888,PPHPPPHPHPPHPPHPPHPP
889,PPPPPPPPHPPPHPPHHPPH
890,PPPPPPHPPPPPHHPPHHHP
891,HPHPPPPPHPHPPHPPPPPP
892,PPHHPPHPHHPPPPPPPPPH
893,HPPPPHHPPHPPPPPPHPPP
894,PHHPPHPHPHPPPPPPPHPP
895,HPPPPPPPHPPPPPHHPPPH
896,HPHPPPPPPPPHPPPPHPHP
897,PPPPPHHPHPPPPHPPPHPH
898,PHPPPPPHHPPHHPHPPPPP
899,PPPPPHHPPPPPPPHHPPHP
900,PHPPHPHHPPPPPHPPPPPP
901,PPPHHPPPPPHPPPHPHPPH
902,PPPPPPPPPPHHPHPHPPHP
903,PPPHPPPHPPHHHPPPPPPP
904,HPPPPHPPPPPPPHPHPHHP
905,HHPPPPHPPPPPPPPHHPPH
906,PPPPPPHPPHPPPPHHHPHP
907,PPHPPPHPPPPHPPPHHPHP
908,PPPPHPPPPHPPPPPHPHHP
909,PHPPPPHPPPHPPHPPPHPP
910,PPPPHPPPPPPPPPHPHHPH
911,PPHHPPPPPHPHHPPPPPPP
912,PPPPPHHHPPPHPPPHHPPP
913,PPHHPPPHPPPPPPPPHPPH
914,PPPPPHHHPPPHHPPPPPPP
915,PPPPHHPHPPPPHPPPPPHP
916,PPHPHHPPPPPHPPHPHPPP
917,HHPPPHPHPPPHPPHPPPPP
918,PHPPHPHHPPPPPHHPPPPP
919,PPHPPPPPPHPHHPHPHPPP
920,HPPPPHPHPPHPHPHPPPPP
921,PHPHHPPHPPPPPPPPPHPP
922,HPPPPPHPHPPHPPPHPPPH
923,HHPPPHPHPPPPPPPHPPHP
924,HPHPPHPHHPPPPPPPPPPP
925,PHPHHPHPPPPPPPPPHPPP
926,PHHPPPHPPPPPHPPHPHPP
927,HPHPPPPHPPPHHPPPPPPP
928,PPHPPPPPPHPHPPPHPHPP
929,PHHPPPPPPHHPHPPPPPPP
930,PPHPPPPHPPPPPPHHHPPP
931,PPPPPPHPHPPHPPHPPPHP
932,PPHHPPPHPHHPPPPPHPPP
933,PPPHPPPPHHHPHPPPPPPP
934,PPPHHPPPPPPPPHPPHPHP
935,PPHHPPHHPPHPPPHPPPPP
936,PPPPPHHPPPPPPHPHPPPH
937,PPPPPHPPHHPHPPPPPPPH
938,PHPPPPPPPHHPPPPHPHPP
939,PHPPPPPPHPPHHPPHPPPP
940,PPHPPHPHPPPPPHHPPPPP
941,PPPPHPPPHPPPHPPPHHPH
942,PHPPHPPPHPHPPPPHPPPP
943,PPHHPHPHPHPHPPPPPPPP
944,PPHPPPPPHHPPPPHPHPPP
945,PHHHPPPPPPHHPPPPPPPP
946,PHPHPPHHHPHPPPPPPPPP
947,PPPPPPPPPPHPPHPHHPHH
948,PPPPHHHPPPPPHPPHPPPP
949,PHHPPHPPHPHPPPPPHPPP
950,HPPHHPHHHPPPPPPPPPPP
951,PPPPPPPPPPHHPPHHHPHP
952,PPPPHPPHHPPPPPPHPPHH
953,PPPHPPPPPHHPPHPPPHHP
954,HPPHPHPHPPHPPPHPPPPP
955,PHPHPPPPHHPHHPPPPPPP
956,HPPHHPPPHHPPPPPPHPPP
957,PPPPPHHPPPHPHHPPPPHP
958,HHPPPHPPPPPPPPPHHPHP
959,HPHPPPPPPHHPHPPPPPPP
960,PPPPHPHPPPPPHHHHPPPP
961,HPPHPPPPPHPPHHPPPPHP
962,HHPPPHPPHHHPPPPPPPPP
963,PHPHPHPPPPPHPPHPPPHP
964,HPPPPHPHPPPPPPHPHPPP
965,HPHPHPHPPPPHHPPPPPPP
966,PHPPPPPPPHHPPPPPHHPP
967,PHPHPPPPPPPHPHPPPHPP
968,HPHHPPPPPPHPPPPPHPPP
969,PPPPPPPHPPHHHHPPPPPP
970,PPPPPPPPHPPHPHHHHPPP
971,PPPPPHHPPHPHPHPPPPPP
972,PHPHPHPPPPHPPPHHPPPP
973,PPPHHPPPHPHPPPPHPPPH
974,HPPPPPPHPPPPPPHHHPPH
975,HPHPPHPPPPPPPHHPHPPP
976,PPPPPPHPPPHHHPPPPHPP
977,HHPPPPPPPPPHPPHPPPHH
978,HPPHHHPPHPPPPPPPPPHP
979,PHHPPPHPPPHPPPPPHHPP
980,PHPPPHHPPPHPPHPPPPPP
981,PPPPPHPPHPPPPHHPPPPH
982,PPHPHHHPPPPPHPPHPPPP
983,PPPHHPPHPPPHPPHPPPHP
984,PPPHPPPPPPPHHPPHHPPP
985,PPPPHHHPPHPPHHPPPPPP
986,PPPPPPPHHHHPPHPPPPPP
987,PPPPPHHHPHPPHPPPPPPP
988,PPPPPPHPPPHPPHHHPPPP
989,PHPHPHPPHPPPHHPPPPPP
990,PPHPPHPPPPPPHHPHPPPH
991,PPHHPPPPPHHHPPPPPPPH
992,PPPPHPHHPHPPHPPPPPPP
993,PPHPHHPPPHHPPPPPPPPP
994,PPPHPPPPHPPHPHPPHHPP
995,HPPPPHPHPHHPPPPPHPPP
996,PPPPHHPPHPPHPPPHPPPP
997,PHPHHHPPPPPHPPPPPPHP
998,PHPHPHPPPPPHPHPPPHPP
999,PPPPHPHHPPPPHHPHPPPP
1000,PHHHHPPPPPPPHPPPHPPP
1001,PHPPPHPPHPHHPPPPPPPP
1002,PPPPHPHPPHHPHPPPPHPP
1003,PPPPHPPPHPPHPPHPPHPH
1004,HHPPPPPHPPPHHPPPPPPH
1005,PPHHPHPHPPHPPPPPHPPP
1006,PPHHHPPHPPPPPPPPPPPH
1007,PHPPPPHHPPPPPPPHHHPP
1008,HPPPPHPPPPPPPPHHPHPP
1009,PPPHPPHPPPHPPHPPPHPP
1010,HPPPPPHPPHHPPPPPPPPH
1011,PPPPHPPHPPPPPPHHPPPH
1012,PPPPPPHPPPHPHPHPPPHH
1013,PPPPPPHPPHPHHPPPHHPP
1014,PPHHHPPPHPPPPPPHPPPP
1015,HPHHPPPPPHPPPPPPPHHP
1016,PPHPHPPPPHPPPHPPPPPH
1017,PPHPPPPPPHHPHPPPHPHP
1018,PPHPPPHHHPPPHPPPPHPP
1019,PHPPHPHPPPPHHPPPPPPP
1020,HPPHPPHPPPPPPPPHPHPP
1021,HPPHHPPPPPPPPHPPHPPH
1022,HHPPPPHPHPPPPHPPPPPP
1023,PHPPPPHPPPPHPHPPHPPP
1024,PPHPPHPPPPPPPPHHPHPP
1025,PPHPPPPPHHPHHPPPHPPP
1026,PPPPHHPHPPPPPHPPPHPH
1027,HPPPPHHHHPPPPPPPPPPH
1028,PHPPPHPPHPPHPPHHPPPP
1029,PHPPHPHPPPHPPPPPHPHP
1030,HPHHPPPPPPHPHPPPPPPP
1031,PPPPHPHPPHPPPPHPPPHP
1032,PHPPPHPPHPPPHPPPPPPH
1033,PHPPPPPHPHPPPHPPHPPP
1034,PHPPPHPPPPPHPPPPHPPH
1035,PHPPHHPPHPPPPPHPPPPP
1036,PPHHHPHPPPPHPHPPPPPP
1037,PPPHHPPPPHPHHPPPPPHP
1038,HPHPPPPPPPPHPPPPPPHH
1039,PPPPHPPHHPHPPPPPHPPP
1040,HPHPPPPPPPHHPPPPPPPH
1041,PHPPPHPPHHPPPPPHPPPP
1042,HHHHPPPPPHPPPHPPPPPP
1043,HPPHHPPPPPPPHPPPHPPP
1044,PPPPPHPHPHHPHPPPPHPP
1045,PPPPPPHPPPHHPHPPPHPP
1046,PPPPPHPPHPPPPPHPPHHP
1047,PPPPPPPPHHPHHHPPHPPP
1048,PHPPPPPPPPHPHHHPPPPH
1049,PPPPPPHPPPPPHPPHHPHP
1050,HPPPHHPPPPHPPPPPHPPP
1051,PHPPHPHPHPPHHPPPPPPP
1052,PHPPPHHPPPHPPHPPPPPH
1053,PPHPPPPHPHPPPPPPHPPH
1054,PPHHPHPPHPPHPPPPPPPH
1055,HPHPPHHPPPHPPPPHPPPP
1056,PPPHHPPPPPHPPPHPPHPH
1057,PPPPPPHPPPPHPHPHPHPH
1058,PHHHPPPPPPPPPPHPPPHP
1059,PPHPPPPPHHHPPPPPPHPH
1060,PPPPPHHHPPPPHHPPPPPH
1061,HPPHPPHPPPPPHPPHPPPH
