id,sequence
0,HPPHPHPHHHHPPHHPPHHP
1,HHHPPPPHPHPHHHHHPPPH
2,HPHHPHPHPHPHPHHPHPHH
3,HHPHHPHHPHPPPPHHPPHH
4,PPHHPHHPHHPHHPHPHHHP
5,HHPPHHPPHHPHHPPHHPHP
6,PPHPHPPHHPPHHHPHHHHH
7,PHPPPHPHHHPHHPHHPHHH
8,HPPPHHHPHPHHPHHHPPHH
9,PHHPHHHHPHHPPHPHHHPP
10,HHPPHHHHPHPPPPPHPHHH
11,HPHHHHHPPPHHHPPPHHPP
12,HHPHHPHPHPPPPHPHHHHH
13,PHPHPHPHPHHHPPPHHPHH
14,PPPHHPPPHHPPHHPHHHHH
15,HHPPHHPPHHPPHPPHHPHH
16,HHPHHHHHPHPPPPHPHHPP
17,HHHHPPPPHPHPHHPHHHPH
18,PHPPHHHPHHHHHHHPPPHP
19,HPHPPHHPHHPHHPHPHPHH
20,HPPPHPHHHPPHHPPPHHHH
21,HHPPHPHHPHPHHPHHHPHP
22,HPHHPPHPPHHHPPPHHHHH
23,HHPHPHHHPPHHHHPHPHPP
24,HPHHHPPHHPPHPHHHPHHP
25,HPHHPHPPHHPHHPHHPHPH
26,PPHHHHHPHPPHPPHPHHHH
27,PHHHPHPHPHHHPHHPHPPH
28,PHHPHPPHHHPPHHPHPHPH
29,HHPHHHHHPPHHHPPHPPHP
30,HHHPHPHPPPPHPHHHHPHP
31,PHHHPHPPHPPHHPPHHHHH
32,HPPHHHPHHPHPPHHHPPHH
33,HPHPPHPHHHPHHHHPPPHP
34,PPHPHPHPHHHPHHHHPHHP
35,PPHHPPHPHPPHHHHPPHHH
36,HHPHHHHPPHPPPHHHPHHP
37,HPPHHPPHHHHHPHHHPPPH
38,HHHPPHHHHPHHPHPHPPHP
39,HPHHPHHHPHPHPPPPHHHP
40,HHPHHPHHHPHPPHHPPHPP
41,PPHPPHHHHHPHHPPHPHHP
42,PHHHPPHHPPPHPHPHHHHH
43,HPPHHHPHHPHPPHHPPHHP
44,PHPPHHHHHHHHHPHPPPHP
45,HPPPHPHHHPHPHHHPHPPH
46,HPHPHPHPPHPPHHHHPHHP
47,HPHHHPHPPHPHPHHPPHPH
48,HPHHHHHPHHPHPHPPPHPH
49,PHHPHHHPHPPPHHPHPPHH
50,PHPHHHPHHHPPHHHPHHPP
51,PHPHHHHPHPPHHPHPPPHH
52,PHPPPHHHPHPHHHHHHHPP
53,HPPPHPHHPHHHPPHHHHPH
54,HPPPPHHHPHHHPPPHPHHH
55,HHHHHHPPHPHPPPPHPHPH
56,PHHHHHPPPHPHHPHHHPHP
57,HHHPHHHPPHPHHPHHPPPH
58,HPPPHHPHPHPHPHPHHPHH
59,PHHHHPHHHPPPPPHHHHPH
60,PPHPHHHHHHHPPHPPPHHH
61,HHPHHHPHHHPPPPPPHHPH
62,HHPHPPPPPHHHPPHHHHPH
63,PHHPPPPHHPHHPPHHHHHH
64,HPHHHHHHPHHPPHHPPPPH
65,HPHPPPHHPHHHPPHHPPHH
66,PHPHHPPHHHHPPPHHHHPH
67,PHHHPPHPHPPHPHHPHHHP
68,PHPHHHHPHHPHHHPHPPPH
69,HHHPHHHPPHPPHHPHPHHP
70,HHPPHHHPPHPHPPPHHPHH
71,HHPPPPHPHHHPPHHHHHPH
72,HHPPPHPHHHPHHPPPHPHH
73,HPHPHHHPPPHPHPHHPHHH
74,HPPHPHHHHPHHHHHPHPPP
75,PPPHHHPHHHHHPHPPHPHH
76,HPHHHPHHPPHPHHPHHPHP
77,HHHHPHHPPPPHHPHHHPPH
78,HHHHPHPPPPHPHPHHHPHH
79,HPPHHPPHHHPHPHHPHHPP
80,PHPPPHHHPHHHHPPHHHHP
81,HPHPPPPHPHHPHPHHHHHP
82,HHPPPPPHHPHHHHHHHPPP
83,HHPHHHPPPPHHPPHPHHPH
84,HHHHHPPPPPHHPHPHPPHH
85,HPHPHPHPPHHHPHPHHHHP
86,PHPPHPHPHHHHHPPHHPPH
87,HHPHHPPPPHHPPHHHHHPH
88,PPHHHHHPHHPPHPHHPPHH
89,PHHPHPPPHPHHHPHPHHHP
90,PHPHHHHHHPPHPPHPHHHP
91,HHHPPHHPHPHPHHPPPHPH
92,HHHPPHPHPPHHHHPPHHHP
93,HPPHHHHPHPHHPHPHPHPH
94,HPHHPPHHPHPHHPHHPHPP
95,HHPPHHPPPPPPHHHHHHPH
96,PHHPHHHPPHHPHPPHHHHP
97,PHHHPHHHHPHPHHHHPPPP
98,PHHPHPHPPHPPPHHHHHHH
99,HPPHPPHHHHPHHPPHHHHP
100,HPPPPHHPPHPHPHHHPHHH
101,PHHHHPHHHHPPPHHPHPPP
102,HHPPHPPPPHHHPHHHHHHP
103,HPPHPHHHHHPPPPHHHHPP
104,PHHHHHPHPHPPHHPPHPPH
105,HPPHHPPHHHPPHPHHPHHH
106,HPPPHPHPPHPHHHHHPHHP
107,PHPHPHHPPHHHPHHHHPPH
108,PPHHHHHPHHHHPHHPPPHP
109,HHHPPHHPHHPHPPPHHPHH
110,HHPPHHHPPPPHHPHPHPHH
111,HPPPHPHHHHPPPHHHHPHP
112,PPPPHHHHHHHPPPHHHHHP
113,PHPHHHPHPPHHPHPPHHHP
114,PPHHHPPHHPPHHHHPHHPP
115,HHHPHHPHPHHHPHPPPHPP
116,PHHHPPHPHPPPHHHHHHPH
117,HPHHPPHPHPPHPHHHHHPH
118,HHHPPHPHHHPPHHHHHPPP
119,PHHHPHHPPHPHPPHHHPHH
120,HPPHHHPPHHHHPHHPHPHP
121,HHHHHHPPHHPPPPHHHPPH
122,HHPHPHPHPHHPPHPHHPHP
123,PHHHPHHHHPPHPPHPHPHH
124,HPHHPHHHPHPPHPHPPHHP
125,HPHHHPPPHPHPHPPHHHHP
126,HPHPHHHHHHHPHPHHPPPP
127,HHPHPPHHHHPPHPHPHPHP
128,PHHHHHHHHHHPPPPPPPHP
129,PPHHHHPPHHHHPPHHPPHH
130,HHPHHHHHPHHPPHPPHHPP
131,PHHPHPHHHPHHPHPHPHHP
132,PPHPHHPPPPHHHHHHHPHH
133,HHPHHHHHPPPPPHHPHPHH
134,PHPHPPHHPHPHHHPHHHHP
135,PHPHPPHPPHPHPHHHHHHP
136,PPHHHHPPPHPHPHPHHHHH
137,PPHPPHPHPHPHHHHPHHHH
138,PHHHPPHPPHPHPHHHHHHP
139,PHHHHHPHHPHPHHHPPPHP
140,HHPHHPPPHHPHHPHHHPPH
141,PPPHPPPHHHPHHHHHHPHH
142,HPHPPHHHPHPPHPHPHHHP
143,PHPHHPPHPHHHHPPHPHHH
144,PPPHHHHPPHHHHPHPPHPH
145,PHPHHPHPHHHPHHHPPPHP
146,HPHPPHHHPPHPHHHPHPPH
147,PHHPHPPPHHPHHHHPPHHP
148,PHHHPHHHPHHPHPPHHPPH
149,HHHPHHPHPPPHPHPPPHHH
150,PHPPPHPHPHHPPHHHPHHH
151,HHHHHPPPHHPHHPPPPHHP
152,PHHHHPPPHPPHHHHHHHPP
153,HHHHHPPPPPHHHPPHHHPP
154,HHPHPPHPPHHHPPHHHPHP
155,PHHHPHHPPHPHPHHPHPHH
156,PHHPPPPHPPHHHHHHPPHH
157,HHPPHPPHHHHPHPPHPHHP
158,PPHHHHHPHHPPPHHHHPHP
159,HPHHPHHPHHHPPPPPHPHH
160,HHPHHPPHPHPHHPHHHHPP
161,HPHPPHPHHHHPHPHHPHPH
162,PHPHHHHHHHPPHHHPPPHP
163,HHHHPHPHPHPHPPPHHPHH
164,PHHPPHPHPPHHHHHPHHPH
165,PPPHHHPPHHPHPHHHHPHH
166,HPPPHHHHPHHHPPPHHHPH
167,HPHHPPHHPPHPHHHPHHPH
168,PPHPPPHPPPHHHHHHHPHH
169,HPHHPPHHPHPPHHHPPHPH
170,PHHHHHPPPHHPHPHPPHPH
171,PPPHPPPHHHHPHPHHHPHH
172,HHHHHHHPHHPPPHPHPPPH
173,HPPHHPHHHHHPHHPPHPPH
174,HHHPPPHHHPPHHHPHHPPP
175,HHPHPHPHHHPHPPHPHHPH
176,HHPHPPHHHPHPPHHHPHPP
177,HPHHHPHPHHHHPPPPHPHH
178,PHHHHPHHHPPHHPPHPHHP
179,PPHHHHPPPHHHPPHHHHHP
180,PHHHPHPPHHPPHHHHPHPH
181,HPHHHPPHPPHPPPHHHHHH
182,PHPHHPPHHHHHPHHPHPPP
183,PHHPHPHHPPPHHHHHPPHP
184,PPHPPHPHHHHHHPPPHHHH
185,HHPHPPHHPHHPHPPHPHPH
186,PHPPHHHPPPHHHPHHPHHH
187,HPHHPPHHPHPHHHPPHHPH
188,HHPHHHPHPPPHHHHPPHHP
189,PPPHHPHHHPPPPHHHHHHH
190,HHPPHPHHPHHHPPPPHHHH
191,HHPHPPPPHPPHHHHHHPPH
192,PHHHHHPPPPHHHHHPHPHP
193,PPHHHHHPPPHHHPHPHPHH
194,HHHPHHPHPPHPHPHPHHPP
195,PHHHPHPHHPHHPPHPHHPP
196,HHPPHPPHHPHPHPPHHPHH
197,PHPHPHPHPHHPHHHHHPHP
198,HHHPHPPPPHHHHPPHPPHH
199,HHHPHPPPPHHPHHHHPHPP
200,HPHHPHPHHHPHHPPHPHPH
201,PPPHPHHHPHHHPPHHPHPH
202,HPHHHPHPHPHPPHPPHPHH
203,HPHPHHHHHHPHPHPHPHPP
204,HHPPHHPHHHHHHPPHPPPH
205,PPHPPHHHPHPHHHHPHPPH
206,PPHPHPHHPPHHHHHHPHPH
207,HPPHHPHHPHPPHPHPPHHH
208,PHPHHPPHPPHPHHHHHHHP
209,HPHPPHPHPHHHPHHHHHPP
210,PHHHPHPHHHPHHHPPHPPH
211,HPHHHPHHHPHPHPHPHPPP
212,PHPHPHHPHPPHHPHHPHHH
213,PHHHPHHHPHPHHPHPPHPP
214,PHHHPHHHHPPPPPHHHPHH
215,HHHPPPHPPPPPHHHHHHHH
216,HHHHPPPHHPPHPHHPHHPH
217,PHHPHPPPHPPPHHHHPHHH
218,HPHHHHPHHPPPPHPHHPHP
219,HPHPHHHPPHHHHPHHHPPP
220,PHPPHHHPPPHHHHHPHHPP
221,HHHHHHHHPPPPPPPHHPHH
222,HPHPPHHHHHPHPHHHHPPP
223,HHHHHHPPHPHPPHPHHPHP
224,PHHHPHPHPHHHHPPPHHPH
225,PPHHHPHPHHHPHHPHPHPH
226,HPPPHHPHPHHHHHHPPPPH
227,HPHHPHPHHPPHHPPHHHHP
228,PPHHPHHPPHPHHHHHHPPP
229,PPHHPHPHHHPPHPPHHHHP
230,HPPPHPHHHPHPPHHHHHHP
231,HHPHPHHHHHPHHPHPPPHP
232,HHHHHPHHHHPHPPHHPPPP
233,HPPPPHHPPHHHPPHHHHPH
234,HHHPPHPHPHPHHHPPPHHH
235,HHHHPHHPPPPHHHPPPHHP
236,HHHHPPHHHHHPPHPHPPPP
237,PHPHPHHHHPHPHPPHHPHH
238,PPHPHPHPHHHHPHHHPPPH
239,PPHHHPHPHPPHHHPHHHHP
240,PHPHHPHPPHPHPHPHHHHH
241,PPHHPHPHHPHPHHHPHPHH
242,PHHPHPHPHHHHHHPPHPHP
243,HPPHHHHPHPHHPPPHHHPH
244,HHHPPHHPPPHHHHPPHHHP
245,PPHHHHHPPHHHHPHPPHPP
246,PHHHPHHPPHHPPHPHPPHH
247,HHHPHHHPHPHPPPPPHHHH
248,PHHHPHHHPPHHPPHHHPPH
249,HPHPPHPPHHHHPHHPPHHP
250,PPHHPHPHPHHPPHHPHPHH
251,HPHHHHPHHHPHPPHPPHPP
252,HHHPHPHHPPHHHHHPPPPH
253,HPPHHPHHHPHHHHHPPHPP
254,PHPPHPPPHHPHHPHHHPHH
255,PPHHHHPHPHPHHPHHPPHP
256,HHPPPPHHPHPPPHPHHHHH
257,HHHHHPHHPPHPHPHPPPHH
258,PHHHHPPPHPPHPHHPHHHH
259,HHPHPPHHHHHPPHPPPPHH
260,PHHPHHPHHHHHPPPPPHHH
261,HPHPPHHHPHPHPHHPHHHP
262,HPPHHHPHPHHHHHHPPPPP
263,PPHHHPPHHHHPHPPHHHHP
264,HHHHPPPPHPPHHPHHPHHP
265,PHPHPHPPPHHPHHHHHHPP
266,HPHHPPHHHHHPPPPHHHPH
267,HPPPPPPHHHHHHHHHPPPH
268,HHHPHPHPHPHPPHHPPHHH
269,PPPPHHPHPHHPHHHPHPHH
270,PHHPHHPHHPPHPHHPPHHH
271,HPPPPPPHHHHHPHHHPPHH
272,PHPHPHHHHHHHPHHPPPHP
273,PPHHHHPHHPHPHHPPHPHP
274,HHHHPPHHPHPPHHHPPPPH
275,PPPPHHPHHHPPPHHHHHHH
276,PHHPHPHHPPPHHHHHHPHP
277,PPHPPHPHHHHPHHPHPHHP
278,HHHHPPPPHPPHHHHPPHHP
279,HPHHPHHPHHHPHPPPPHHH
280,PHHHHPHPPHHPPHPHPPHH
281,HPHHHHHHPPHHPHPPPPHH
282,HPPPPHPPHHHHHPHHHPHP
283,HHPPPPHHHPHHPHPPHHPH
284,PHHPPHPHHHHHPHHPHPPH
285,HPPHHPPHHHPPHPHHHHHP
286,PHHHHPPHHPHPPHHHHPHP
287,PPHHPPHPHHHHHHHPPPPH
288,HHHHPPHPHHHPPPHHHHPP
289,HPPHPPHHHHPHHHPPPHPH
290,HPPHHHPPHPHPPPHHHHPH
291,PHHHHPHHPPPPHPHPHPHH
292,HHPPPPPHHPHHHPPPHHHH
293,HHPHHPPPPPHHHPHHPHHP
294,HHHPPPHHHPPHHHHPPPHP
295,HPPPHHPHHPHHHHHPPPHH
296,PHHPPHPHPHPHHHHPHHPP
297,HHPHHHHHPPPPHHPHPPHP
298,PHHHPPHPHPPHHPHHHHHP
299,HPHHPHPHHHHPPHPPPHHP
300,HPHHHPHPHPPPHPPPHHHH
301,HHHHPPPPHHPPHHPHHPHH
302,PHHPHHPHHPPHHPPHHPHH
303,HPPPHHPPHHHHHHPPHHPH
304,HHHHHPHPPHHPHPPHHPPH
305,HHHHPHPHPPHPHHPHPHPH
306,PPHHHPHHHPHHHPPPHHPH
307,HPHPHHPHHHPHPHPHPPHP
308,HPHHHPPHHPPHPPHHHPHH
309,HPPHHHPHHPPHHHPPHPHH
310,PPPHHHPHHPHHHPHPHPHP
311,PHPHHPPHPHHHPHHHHPHP
312,HHPHPHHPPHHPHHPHHPPP
313,PPHHPHPPHHPHHHPPHHHH
314,HHHHPHHPPHHPHHPHPPPH
315,PPPHPPHPHHPHHPHPHHHH
316,HHPHPHHHHHHPPHHPPPPP
317,HHHHPHPPHPHHPHPPHPHP
318,HHPHHPPPHHHPHPHHHHPP
319,HHPPHPHHPPPHPHPHHPHH
320,HHPHPPHHHPHHHPPHPHPP
321,PPPHPHHHHHPHHPPHHHPH
322,HPPHHHPHHHPHHPPHPHHP
323,PHPHPHPPHHPHHHHPHPHP
324,PHHHHPHHPHPPHHPPPHPH
325,HPHPHHPHHPPHPPPPHHHH
326,HHPHPHHPPPPHPPHHPHHH
327,HHHHPPPPHHHPPHPHPHPH
328,PPHPPHHPHHHPHHHPPHHH
329,PHHHHPHPPPHHPPPHHHPH
330,HHPPPHHHHPPHPHPPHHPH
331,HPHPHHPPHPHHHHPPHHPP
332,PHHHHPHPPPPHHHHPPHHP
333,HPPPHHHHHHPPPPHPHHPH
334,PHHPHHPPHHPHPHHHHPPH
335,HPPPPPHHPPHHPHHHHPHH
336,HHHPPHHPPHPPHHHHPPHH
337,HHPHPHHPPHHPPPHHHHPP
338,HHPPHPHPHPHPPHHHPHPH
339,PHHPPPPHPPPHHHHHHHHP
340,HPPHPHPHPHHHHHPHPHHP
341,HHPPHPHHHHPPPPPHHPHH
342,PHPPPHPHHPPHHPPHHHHH
343,HPPHHHPPPPHHHHPHPPHH
344,PHPPHHHHPHHPHPPHPHPH
345,HPPHPPPHHHHHPHHPPHHH
346,PHHPPHHPPPPHHHPHHHPH
347,HHPPHHHPHHPPHHPHHPHP
348,PHHPHHHPPHPPHPHHHHPP
349,HHHHPPHPPHPHHPPPHHHH
350,HPPHHPHPHPHHHHHHPPPP
351,PPPHHHHPPPHPPHHHHHHH
352,HPHHPPHPHPHHHPPHHPPH
353,PPHHHHHHHHPPPHPPHPPH
354,HHPPHPHHHPHPPHPHPHPH
355,PHHPHHPHPPPPHHPHHHPH
356,PHPPHPPHHPHPHHHHPHHH
357,PHPPHHPHPPHPHHHHHHHP
358,HHHHPHHPPPPHHPHPHPHH
359,HPHHPHHHPPPHHHHHPHPP
360,HHHHPHPHPHPPHPHPHPPH
361,PHHHPPHHHPHHHPPHHPPH
362,PHHPPHPHHHPPHPHHPHHH
363,HPHPHPHHHPHHHPHHPPHP
364,PPPHPPPPHHPHHHHHPHHH
365,HHHPPHHPPHPHHHPPPHHH
366,HPPHPHPHPPHHHHHPHHHP
367,HPPHHHPHPHHPPHPPHHHH
368,HHHPHHHHPHHPHPPPPHPP
369,HHHPPHHPPHPPPHPHHHHH
370,HHHHHPHHPPPHPHHPPHPP
371,HHHHPHHPHHPPHPPPPPHH
372,PHHHHPPPPPPHHPHPHHHH
373,HHPPPHPHHHPPHPPPHHHH
374,PHHHPHHPHPHPPHPHHHPH
375,HHHPHHHPHPPPPHPPHHHP
376,HHHPPHHPHHHHPHPPHPPH
377,HHPHPHPPHPPHHHHPPHHH
378,PPPHHPHPHHPPHHPHPHHH
379,HHHHHHPPPPHHHHPPPPPH
380,HPPHPHHHHPPPPHHPHHPH
381,PPHHHPHHHPHHHHPHPHPP
382,PPHHPHPHPPHHHHHPHHPP
383,HPHHHHHPHHPHHHHPPPPP
384,HHHHPHPPPPHHHHHHPPPH
385,PHHPHHHHPPHHPHHPHPHP
386,PPHHHHHPHPPPHHHHPHPH
387,HHHHHPHPHHHPPPHPPPPH
388,HHHHHPHPHHHHPPPPHPPH
389,PHHHPHHPHPHPHHPPPHHP
390,PPPPHHPHHHHHHHPHPHPH
391,HHPHPPHHHPPHHPHHHPHP
392,PPPHHHPHHHPPHPHHHHPH
393,HPPHHHPPHHHPPPPHHPHH
394,HPHHPHPHPPPHHPHPHPHH
395,PPPPPHHPHHHHHPHHHPHH
396,PPHHHHPHPHPPPHHPHPHH
397,HPPPHHPHHHPHHPHPHPHP
398,HPHPHPHHHPPHHPHHPHHP
399,HHHHPPHHPHPHHHPPPPHH
400,HHHPHPHHHPPPHHHPPHHP
401,HPHPHPPHPHHHPPHPHHPH
402,HPHHHHHPPHPPPHPHPHHH
403,PHHPPHPHHHPHPHHHPHHP
404,HPHPHPPPHPHHHPHPHHHH
405,PPHPHHPHHHPPPHHHHPHP
406,PPHHHPPPHHPHHHHPHHPP
407,PPPHHHPHHHPHPPPHHHHH
408,PHPPHHPHHHPHPHHPHPHH
409,HPHPPPHHPPHHHHHHPPHH
410,PHPHPHPPHHHHPPPHPHHH
411,PPHHPHPHHPHHHPHHPPHP
412,HHHPPPHHHPHPPHPHHHHP
413,HHHPHPHHPPHPHPHPHPHH
414,PHHPHPHHPHPHPPHPHHHP
415,PHPHPHPHHHHPPPHPHHPH
416,HPPHPHPHHHPHHPHPHPPH
417,PHHPPPHHPPHHHHPPHPHH
418,HHPPPPPHHHHPHHPHPHPH
419,HHPPHHPHHHHPPHPPPHHH
420,HPPHPPPPHHHHHHPHHPHP
421,HPHHPPPPPHPHHPHHHHHH
422,PHPPPPPHPHHHHHPHHHPH
423,PHHPPPHHHPHPHPPHHHHP
424,HHHHHPPPPHHPHHHHPPPH
425,PHHHHHPHPHHPPPPHPPHH
426,PHHHHHPHHHPHPPHPHPPP
427,HPPPPPHPHPHHHHPHHPHH
428,PHHHHPHHPPHPPPHHPHHH
429,HHHHHPPHHPHPPHPHPPHH
430,HHHHHPPHHPHPPPPHHPHP
431,PPPHPHHHHPHPPHHHHPHP
432,PHPHHPHPHHPHPHPPHHHP
433,PPPPPPPHHHHHHHHPHHHP
434,HPHHHHHPHPHPPHHHPPPP
435,HHPHHHHHPPPPPHHPHHPH
436,HHPPPHHPPHHHPHHHPPPH
437,HPHPHPPPPHPHHHHPHHHP
438,HHHHHPPHPHPHHPHPHPPP
439,HHHPPPPHHHPPHHPHPHHH
440,HHHHHHHHPPPPPHHPPPHH
441,HPPHPHHHHHHPHPPPPHHH
442,HHHHPPPHHPHHHPHPPPPH
443,HHPPPHHHHHHPPHHHHPPP
444,PHPHPHHHHHPPHPPHPHHH
445,HHHHPHPPPPHHPHPPHHHH
446,HPHPPPHHHPHPHPPHPHHH
447,PPPPHHHHHHPPPHHHPHHH
448,HPHPPHHPHHHHHHPHPPPH
449,HHHHHHPPPPPHHHPHHPPH
450,PPHPHHHPHPHHHPPPPHHH
451,HHPPPPHHPHHPHPHHHHHP
452,PPPPPHHPPHPHHHHHHHHH
453,PPPHHPPPHHPHHHHHHPPH
454,PHHHPHHPHPHPHPHPPHHH
455,HHPHHPPHHHPHPHHPPHPH
456,HHHHPHHHPPHPHPPPPHHP
457,HHPHHHHHHPPPHHHPPPPH
458,HPHPHPHPPHHHPHHPPHHH
459,PPHHPHHPHHPHHPHPPHHH
460,PHHHHHPPPPHPHHHPHHPP
461,HPHHHHPPPPHHPHHHHPHP
462,PHHHHPHPHPHHHPHPHPHP
463,PHHPPHHHPHPHHHHHHPPP
464,HHPPPPHHHHPPHHHPHHHP
465,HHPPHPHHHHHPPHPHHHPP
466,PPHHPHPHPHHHPHHPPHHH
467,PPPHHHPPPHHHHPHHHPHP
468,PHPHHHPHPPHHHPPHHPHH
469,PHPPHHPPHHHPHHHHHPHP
470,HPHHHPHPPHHHHHPHPPPP
471,HHHHHHPHPHHPHPPHPPPH
472,HPPHHHHHPPHPHPHHPHPP
473,HHHHHPHHHPPPHHPPHPPH
474,PHHHHPHPHHHPPPPHPHPH
475,PHPHHHPHHPHPPHHHPPPH
476,PPHPHPPHHPPHHHHPHHHH
477,HHHHHPPPHHPHPPPHPPHH
478,PHPHHHPHPHHHPHPHHPPH
479,HHPHPPPHHHHPHHHPHPPP
480,HPHPHPHHHHHPHPHPHHPP
481,HHPHHPPPHHHHHHPPHHPP
482,HPHHPPHHHHPPPPHPHPHH
483,PHPPPPPHHHHHHHHHPHPH
484,HHPPHPHPHPHHHHPPHPHP
485,PHPHHPPHPHHHPPHHHHPH
486,HHHPHPPHPPPHHPHPHPHH
487,HPHPPPPHHHHPPPHHHHHP
488,PHPHHHPPHHHHHHHPPPPP
489,HHHHPPHPHHPHPPHHPHHP
490,PHHPPHHHPPHHHHPHPHPP
491,HHHPPPPHHPHPHHPPHHHH
492,HHHPPPPPHHHHPHHHHPPP
493,HHHHPPPPPHPHPHHPPHHH
494,PPHPPHHPPHPHHHHHHHPH
495,PHHHPHHPPPPHPHHHHPHH
496,HPHHHPPHPPHHPHPHPPHH
497,HHHPHHPHPHPHHHPHPPPP
498,HHHPPHPHHHHPHPPHHPPH
499,HHHHPHPHHHPPPHHPPHPH
500,HPPPHPHPHHHPHHHPPHHH
501,HPPPHHPPHHPPHHPHHPHH
502,PPHPHHHPPHHHHPHPHPHH
503,PPHPHHHHPHPHPHPPHPHH
504,PHPHHPHHPHHHHPPPHHHP
505,PPHHPHPPPHHHHPHHHHPP
506,PHHPHPHHHHPHHHHPHPPP
507,PHHHPHHPPHPPPHPHHHPH
508,HHHPHPPHPHPHPPHHHPHH
509,PHPPPHPHPHHHHPHHHHHP
510,HHPHPPHHHPHHPHPHPHPP
511,HHPPPHPPHHHHHPHPHPHP
512,PHPPHHHHPHHHPPHPPHHP
513,HPHPHPPHPHPHPPHHHPHH
514,HPHHPHHHPHPHPHHPHPHP
515,HPHHPHPHHPPPPPPHHHHH
516,PHHHPHHPHHPHHPHHPPPH
517,PHPHHHHPHHHPPHHPPPPH
518,HPHHPPHHHPPHPHPHHPPH
519,PPHPPHPPHHHPHHPHPHHH
520,PHPPHHHHPHHHHPPPPHHP
521,HHHPHHHPHHHPPPHPPHPH
522,PHHPPHHPHPHPPHHPPHHH
523,PHHPPPPHHPHHPHHPHHPH
524,HHPHPHHPPHHHPHHHPPHP
525,HHPPPPPPHHHPHPHHHHHH
526,HHPPHHHHHPPHPHPHHPPH
527,PHHHHPHHPHPHPPPHPHHH
528,HHPPPHHHHPHHHPHPPPHH
529,PPHPPHHPHHPHPPHHHHPH
530,PPHHPPHPPPHPPHHHHHHH
531,PHHHPHPPPPHHHHHPPHPH
532,HHHPHPHPHHPHHPHHPHPP
533,PPHHHHPPHHPPPPHHHHHH
534,HHHPHPPPHPHHPHHPPHHP
535,HHHPPPHHPPPHHHHHPPPH
536,PPHHPHPHPHHHPPHHPHHH
537,PHHHPPHHHHHHPPHHPPHP
538,PPPPHHHHPHHPPHHHHPHP
539,HHHHHPPHHPPPHPHPPHHP
540,HPPHPHPHHHPHPPHHHPHP
541,PPPPPHHHPPPHHHHHHHHH
542,HHHPPPHPHPPHHPHPHPHH
543,HPPHPPPHPHPHHPHHHHHH
544,PPPPHHHHPHHHPHHHHPPH
545,HPPHPHHHPHHHHHPPPHHP
546,HPPHHHHHPPHPHHPHHHPP
547,PHHPPPPHHPHHHHPPHHHH
548,PPHHPHHPHHPHHHHPHHPP
549,HHPHPPHHPPPHHHPPHHHH
550,PHPPHHHHPHHHPHPPHHPH
551,HHPHPHHHPHHHPHHPHPPP
552,PHHPHPHHHHPHPHPPHPPH
553,PHPHHHHHHPHPHHPPPHPP
554,HHPHPHHHPPHHPPPHPHHH
555,HHHHHPHHPPPHHPHPHPHP
556,PPHPPHHHPHHPPHHHHPHH
557,HHPPPHHHHHHHHHPPPHPP
558,HHHPPPPPPHPHHHHHHPHH
559,HHHPHHPPPHPHPPHPHHHH
560,HPHHPHHPPPHHPHPHPHPH
561,HPHPHPPHPHHPHHHPPPHH
562,HPPHHHHPHPHPHPPHHHPH
563,HHHPPHPPPHHHPHHPHPHP
564,HHHHHPPHHPHPPHPHHPPH
565,HPHHPPHHHPPPHHPHHHPH
566,HPHPPHPHHHPHPHHPHHHP
567,PPHHPHHPHHPHPHPHHHHP
568,HHPPHHHHHPHPHPPPPHHH
569,HHHPPPHHPHPPHHPHHHHP
570,HHPHPHPPHHPHHPHHPPPH
571,PPPHPHPHPHHPHPHHHHHH
572,PHPPHHPPHHPHPHHHPHHH
573,PHHPHPPPHHHPHPHHHPHP
574,PPPHHPHHHPPHPHPHHHPH
575,HPPPPPHPHPPHHHHHPHHH
576,HHHHPHPPHPPPHHHHPPHP
577,HPHHHPHHHHPHHPPPPPHH
578,HPHHPPHPHHHHPHPHPHPH
579,HPHPPPPHHHPHHHHHHPPH
580,PHHHPPHHPHHHHPPHHPHP
581,PHPPHHHHHHHPPPHPHHPH
582,PHHPHHHPHPPHHPHPHPHH
583,HPPPPHPHPHPHHPPHHHHH
584,HHPHHHHHPHHPPPHHPHPP
585,PPHHHHHHHPPHHPHPHPPH
586,HPPPHPHHPHHHHPHPHPHP
587,HPPHHHPHHPHHPHPHHPHP
588,HPHPPPHHHHHHPPHPPHHH
589,HPHPHHHPPPPHHHHPHPHP
590,HHHHHPPHHHPPHPPPPHHP
591,PPHPHPPPHHPHPHHHHPHH
592,HPPPHPHHPPHPHHPHHHHP
593,HHPPHHPHHPPPHHHPHHPH
594,PHHHPPHHHHPHPPPHHHHP
595,HPHPPHHPPHPPPHHHHHHH
596,HHHPPPPPHHPHHPHPPHHH
597,PHPHHHPHPHPHPHHHHHPP
598,PHHHHPPHPHPHHPHPPHPH
599,PPHHHHHPPHHPHHHHPHPP
600,PPHHPPHHHHHPPHHHHPPP
601,PPHHHPHHPHPPHHHPPPHH
602,HPPHHHPPHHHPHPPHHHPH
603,PHPHPPHPHHHHPHHPPHHP
604,HHHHHPHPPHPPHPHPHPHH
605,HPHPHHHHPPPPPHHPPHHH
606,HHPHHPHHPHPPHPHPHHPH
607,PHPPHPHPHHHHPPPHHHPH
608,PPPHHPPPPHHHHHHHPHHP
609,HHHPPHPHPHHPPHPHHPHP
610,HHPPPHHHHHPHPHPHHPPH
611,HPPHHPHPPHHHPPHPHHHP
612,HPPHHPHPPPHHPHHPHHPH
613,PPHHHHHPPPPPHHPHHHHH
614,HHHHHPPHHPPHHPHHPPPH
615,HPHPPPHHHHHPHHHPPHPP
616,PHHHHHHPPPPHPPPPHHHH
617,HHPHPHHHPPPHHPHPHHPH
618,PHPHPHHPPHHHHPPPHHHH
619,HHHHPPPHPHPPHHPHPHPH
620,HHHPPPHPPHPHPHHHHHHP
621,PHHHHHPHPHHHHPPPPPPH
622,PHPPHHHHPPPHHPHHHHPH
623,HPPPPPHPHHPPHHHPHHHH
624,HPHPHPPPHHHPHHHPHHPH
625,HHPPHPPHPHHHHPHPHPHH
626,PPHHPHHHPHPPPHHPPHHH
627,HHHHPHPHHHHPHPPHPPPP
628,PHHHPPHHHHHHHPHPPPPP
629,HPHPPHHPHHHPPPHHHHHP
630,HHPHHPHHPHHPHHPHPPPH
631,HPPHHPHHHHHHPHPPHPPP
632,HHHHPHPPHHHPPHHPHPPP
633,PHHHHPHPHPHHPHPPPHHP
634,HHHHPPPPHPHHHHHPHHPP
635,PPHHHHHHPPHPHPPPHHHP
636,PPPPPHHPHHHHHPHHHHPH
637,HPHHHHHPPPHHPPPPHHHP
638,PHHPHHHPHPHHHHPHPPHP
639,PHHHPPHHHPHHHPPPHHPP
640,HHPPHHHHPPHHHHHHPPPP
641,HHPHPHPHPPHHHPHHHHPP
642,HPPHHHPHPPPPHPHHHHHH
643,PPHPHPHHPHHPHHHPPPHH
644,HPHPHPHHHPHPHHPPPHHH
645,PPPPPHHPHHPHHHHHHHPH
646,HPHHPPPHHHHPHPPHPHHH
647,PHPHHPHHPPHHPPHHPHHH
648,HHPPHHPHPHHPPPHHHHPP
649,HPHHHPHPHHPHPHHPHHPP
650,HPHHPPHHPHPHHHPPHHPP
651,PPPHPHHPHHPHPHHHHHPP
652,PPHPHHPPHHHPPHPHHHHP
653,HHPPHHHHPPHPHHHPPHPH
654,HPPPHPHHPHHHHPHPPHHP
655,PHHPPPPHHHHHHHHPPHPH
656,PHHHHHHPHHPHPPPPHHPH
657,PHHPPPPHPPPHHHHHHHHH
658,PHHPHHPHHPHHPHPHPHPH
659,HHPHHHPHHPPPHPHHHPPP
660,HPPPHHHHHHHPPHPPHPPH
661,HHHPHHHPPHHHHHPPPPHP
662,HPHPPHHHPHHPPHHPPPHH
663,PHHHPHPHHHHPPHPHHPHP
664,PHPPHHHHPHHHHPHHPPPH
665,PHPPHPHHPHHHHPHHPHHP
666,HPPHPPPPHPPHHPHHHHHH
667,PPHHHPPHHHHHPHHPPHHP
668,HHPPHHHHPPHHPPHHPHHP
669,PHPHPPHHHHHPHHPHPHPH
670,HHPPHHHHHPPHPHPPPHHP
671,HPHHPHPPPPHHHHHPHHPH
672,HHHHPHHHHHPPPPHHHPPP
673,HHPPPHHPHHHHHPPHPPHH
674,PHHHHHPPHHPPHPPPHPHH
675,PHPHPHHHHHPHPPHHHPPH
676,HHHHPHPHHHPHPPHPPHHP
677,HHPPPPHPHHPPHHPHHHHH
678,HHPHPPHPHPPHHHHHHPHP
679,PPHHPHHPHHHHHPHPHPPH
680,HPHHHPHPHHHPPPHHPPHH
681,PHHPPHPPHHHHHHHPPHPP
682,PHPHHPHHPPHHPHHHPPHH
683,PPHPPPHHHHHHPHHHPPPH
684,PHPHPHPHHPPHPHHHPPHH
685,HPHHHHPHPPHHHPHPHHPP
686,PPHPHHPHHHHPPHHPHPHP
687,PHHPPHPPHPPPHHHHHHHH
688,HHHHPPHPPHHPHHPPPPHH
689,HPHHPHPHHHHHPHHPPPHP
690,PHHHHPHHPHPPHHPPHHHP
691,HPHHHPPHHHHHPHPHHPPP
692,HPPPHHHHPHHHHPPHPHPH
693,HHHPPPHHPPPHPHHPHHHH
694,PPPHPPHHPPPHHHPHHHHH
695,HHPHPPPHPHHPHPHHHPHP
696,HHPHHPHHPHPHHPHHHPPP
697,PHPHPHHPHPHHHPPHPHHH
698,PHPPHHHHHHHPHPPPHHPH
699,HPHHPHHPHHPHPPPHPHHH
700,HHPPHPHHHPHPHPHHHHPP
701,HPHHPPHPHPPHHHHHHPPH
702,PHPHHPPHPPHHHPHHPHPH
703,HHPPHPHPHHHPPPHHHHPH
704,HHHPHHPPPHHHHPPHPPPH
705,HPPHHPHPHHHPHHPHPPHH
706,HPPHPPHPHPPPHHHHHHHH
707,PPHHPPHHHPHHPHHHHPHP
708,PHPHPHPHPPHHPHHHPHPH
709,HHHPPPHHHHHHPPPPHPHP
710,HPHHHHPHHPPHPPPPHPHH
711,PPHPHHPPHHHPHHHPHPPH
712,PHPHHPPHHHHPPPHHPPHH
713,HHPPHHPHHPHPHHPPHHHP
714,HHPPPHHHHPHHHPPHPHHP
715,HHPPHHPPHHHPHHPHHHPP
716,PHPPHPPHHPPHPHHHHHHH
717,PPPHHPHHHPHHPPPHHHHH
718,HPHHPHPPPHHHHPPPHHHP
719,PPPPPHHHHHPHHHPHHHPH
720,PHHHHHPPHPPPHHHHPPHH
721,HPPPHPPHHPHHHPHHHPPH
722,HHPHPHHPHHHPHHPPPHPP
723,HHHPPHHPPHPPPHHPHHHH
724,PHPHPPHPHHHHPHPPPHHH
725,HPHHHPPPPPHHPPHHHHPH
726,PHHHPHHHHPPPHHHPPPHH
727,PPHHHHHPPHPPPHHHHHPH
728,PHHPPHHPPHHHHPPHHPPH
729,HHHPHPPPHPPPPHHHHPHH
730,HHHPPHHHHPPPPPHHHPHP
731,PHHPPHPHHPHHHHHHHPPP
732,HHPHHHHHHHPPPPHHPPPH
733,PHHPHHPPHPHHPHHHPPHH
734,HPHPPHHPPHHHPHPPPHHH
735,HPHHHHPPHHHPPPPHHHHP
736,PHHPHHHHPPPHHHPPHHPH
737,HHPHPHPPPPHHHHPHPHHP
738,HPHPPPHHHPHPHPHHHHPP
739,HPHPPPPHPPHPHHHHPHHH
740,HHPHHPPHPHPPHHHPPHHP
741,HPHHHHHPHPPHPHPPHHHP
742,HPPPHPHPPPPHPHHHHHHH
743,HPHPPHPHPHHPPHHPHPHH
744,PHPHHPHHHHPPPHPHPHHH
745,HHPPHPHPHHHHPPPHPHPH
746,PHPPHHPHPPPHHHPHHHPH
747,PPPPHHHHPHPHHPPHPHHH
748,PPPHPHHPHPHPHHHHHPHH
749,PHHPPHHHPPPPHHHHHHPH
750,PHHHPHHPHPHPHPHPHPHP
751,PHHHHHPPPHPPHHHHPPPH
752,HPPHPHHHHHHHPPPPHHPH
753,PPHHHHHHHPHPHPHHHPPP
754,HPHPHPHHPHPPPHHHHHPH
755,HHPHPHHHPPPPPHHHPHPH
756,HHPHHHHHPPHPPHHHPPPP
757,HHHPPHPPHHHPHPPPPHHH
758,PHPPHPHPHHHHHPHPHPHH
759,PHHPHPHHHPHHPPPHPHHP
760,PHPHPHPHPPHHHPHPHHHH
761,PHPPPPHHHPHHPHHPHHHP
762,HPPHPPPPHHHPPHHPHHHH
763,HHPHHHHHHPHHPPPPHPPP
764,HPHPPHHHHPHHHHPPHHPP
765,HHPPHPHPHHHHPPHPHHHP
766,PPPHHHHHHPHHPPHPPHHH
767,HHPPPHHPPHPPHHPHHHPH
768,HPHHPPHHPPHHHHPPPHHP
769,HHPHHHHHPHPHPPPPPHPH
770,PHHPHPPPHHHHHHPPPHHH
771,HPHHHHPPPPHHPHHHHPPH
772,PPHHHPHHHPPPHHHHPHHP
773,HPHHPPPHHPHPHPHPHHHH
774,HPHHHHPHPPPPHPPHHPHH
775,PPPHHHPPPHHHPHPPHHHH
776,PPHHHHPHPHPPPHHPHHHH
777,HPPPHHPHHHHPPHPPHHPH
778,PHHHHHPPHHPHPHHHPHPP
779,HHPPHPHPHHHHPHHPHPPP
780,PHHPHHHHPHPHHHPPHPHP
781,PHHHHPHPPPHHPHPHHHPH
782,HPHPHPHPHHPHPPHPHHHH
783,PPPHHPPHHPHHHHHHHPHP
784,PPHHHPHPHPHHHHHHHPPP
785,HPPPHHHHPPHHPPHPHHHH
786,PHHPPHHPHHHHPHHHHPPP
787,PHHHHPHHHPHHPHPHHPPP
788,HHPPHHPHHPHPHPHHPHPH
789,HHHHPHPHHHHHPPHHPPPP
790,HHPHHPPHHHPHPHPPHPPH
791,HPPHHHPHHHPHPHPHHPHP
792,HPHHPPHPPHHHHPHPHHPP
793,PHHPHHHHHPHPPHPPHPPH
794,HPHPHPHPPHPHPHHHHHPH
795,PHHHHPHPPHPHPHPHPHHH
796,HHHHHHPHPHPPHHPHPHPP
797,HPHHHHPPPPPHHPHHHHPH
798,PHHHHPPHPPHPPHHHHHPH
799,PHHHPHHHHPPHPHPPHPPH
800,HPHHHHPHPHHHPHPPHPPP
801,HHHHHHPPHHPPHHPPHPHP
802,HPPPHHHPHHPHHPHPHHHP
803,HPPHHHPPPPPHHHHPHHHH
804,PHPHHPPPPPHHHHHPHHHP
805,PPHHHHHPPPHHHPHHPPHH
806,HPHHPHHHPPPHPPPHPHHH
807,PHHHPHPHHPPHHPHHPHPH
808,HHHHPPHPPHHHHHPHHPPP
809,PHPHPHHPPHHPHPHHHHHP
810,HHPPHPPHHPHHHHPHPHPH
811,PHPHHHPPHHPHHHPPHHPP
812,PHPHPPHPHPHHHHPHHPHH
813,HPHHPHPPPHHPHPPHPHHH
814,PHPPPHHHHHHPPHHPHHPH
815,PPHHHPHHPPHHPPHPHHHH
816,HPHPHHHPHHHPPPHHHHPP
817,PHHHPHHHHPHHHHPPPPPH
818,PHHHPPPPHHPHHHHHPPHP
819,PHPHHPPHPHHPPHHHPHPH
820,HPHPPHPHHHHPHHPHHPHP
821,PPHPHHPHHHPPHHHPHPPH
822,HPHPHHHPHHHHHHPPPHPP
823,PPHHPPHHHHPHHHHHPPPP
824,PHHPPHHPHPHPHHHHPHHP
825,HHPHHPHPHPPPPHPHPHHH
826,HHPPPHHPHPHPHPHPHPHH
827,HHHPHPPHPHPHPHPPHHHH
828,HHHPHHHPHHPPHHPHPPPP
829,HPHHHPPHHPHPPHHHHPPP
830,HPHHPHHPHPHPPHPPHPHH
831,HHHPPHHHPPPHHPHHHPPH
832,PPHHHPHHPPPPHHHHHPHH
833,HHPHPPHPPHHHPPPHHHHH
834,PHPHHHHPPHPHHHPPHHPP
835,PHHPHPPHHPHHHPHPHPPH
836,PPHHHHHPPHPHPHHPPPHH
837,PHHHPHPHHHPHHPHPPPHH
838,HHHHHHPPHPPHHHHPPPHP
839,PHHPPPHHHPHPHPHHHPHH
840,HPPPHHHHHPPHPPHHHHPH
841,PPHPHHPPHHHPHHHPPPHH
842,HPPHHHPPHHHPHPPHHPHH
843,HHPHHPHHHHPPPPPHPHHH
844,PHHPPHHHPHPPHPPHHPHH
845,PHPHHHHPHPPPHHPHHPHH
846,PHPHPHPPPHHHPHHHPHHH
847,PPPHHHHPHPHHHHHHHPPP
848,PHHHPHHHHPPHPHPHPPPH
849,HPHPHPPPHPHHPHPHHHHP
850,PPHHHHPHHPPPHHPHHHHP
851,HHHHPPHHHPHHHPHPPHPP
852,PPHPHPPHHHPHHHPHHHHP
853,HPPPHHHPHPHHPHHHHPPP
854,PHPHHHHHHPPPHHHHPHPP
855,HHHPPPHHHHPHHHHPHPPP
856,PPHHPHHHPHHHPHPHPHPP
857,PPHHHPHHPHPHHPHPPHHH
858,HHHHHHPHHHPPPPHPPHHP
859,HHHPPHHHPPPHHPHHHPPP
860,HPHHHPHHHPHPHPPPHPHH
861,PHHHPPHHHPHHPPHHPHPH
862,PPHPHPHHPPPHHPHHPHHH
863,HPPHPHPHPHHHHPHPHHHP
864,HHPPPPHPPPHHHHPPHHHH
865,HHHPHHHHHHPPPHPPHPPP
866,HPHHPHHPPHHHPHPHHPHP
867,PHHPHHHPHPHHHPHPPHHP
868,HHPHPHHHHPHHHPHPPPPH
869,PHPPPPHHHPHHHPHPHHPH
870,PHPPHPHHHPHHHPPHHHPP
871,HPHPHHHPHPPHPHHPPHPH
872,PPPHHPHPHHHHPPHHHHPH
873,HHHPHPPPPPPHHPHHHHPH
874,PHHHPPHPPPHPHHHHHPHH
875,PPPHHHHPHPHHHHPHHPPP
876,PHPPPHHPHHHHPPPHHPHH
877,PPPPHHHHHHHHHPHPPHPH
878,PPHHHHHPPHHPHPHPPPHH
879,PPPHHPPHHHPHHHHPHPHH
880,HHHHPHHHPPPHPPPPHHPH
881,PHHPPHPHPHHHHPHPHHPP
882,HHPHPPPHHHHPHPHHPHPP
883,PHHPHPHPPHPHHHPPPHHH
884,HPHHHPPHHHPHPHPPPPHH
885,HHHHPHHPHHPPPHHHPPPH
886,HHPPPPHHHHHHPPHPHPPH
887,HPHHHPHHPHHPPPHPPHHH
888,PPHHPHPPPHPHPHHHPHHH
889,HHPPHHHHPHHPPHPHHHPP
890,HPHHPPHPHPHPHHHHPHPH
891,HHHHPHHPHHPPHPHPPPHH
892,PHHHHHHHPHHHPPPPPHPH
893,HHHHPPPHPHPHHHHPPHHP
894,PPPHHHHHPHPHHHPHHPHP
895,HPHPHHPPPPHHPHHPHHHP
896,HHHHPHPPPHPPPHPHHHPH
897,PPHHHHHHPPPHHPPHHHHP
898,HHHHPHHPHHHHPPPPPHHP
899,PHHPHHHPHHHPHPPHPHPP
900,HPHPPPPPHHHHPHHHHPHP
901,HHHPHHHPPHHPHPPPHPHH
902,HPPHHPPHHPHHHHPPHHPP
903,HHHPHPHPHPPHHPPHHHPH
904,PPHHHHPHPHPHPPHHHHHP
905,HPPHHHHPHPHPHHPPHPPH
906,HPHHHHPPHPPHPPPHHHHH
907,HPPHPHPHPHHHHPHHPPPH
908,HHHHPHHPHHHPPHPPPHHP
909,HPPHHHHHPPHPHPHHPPPH
910,PHHPPPHPHHHHPHPHHPHP
911,PHHPHHHHPPHHHHPPHPHP
912,PHHHPHPPHHHHPPHHPHPH
913,HHPPPPHHPHHHPPPHHPHH
914,HHPPHHPPHPPHHHHHPHPP
915,HHPPPHPHPPPHHPHHHPHH
916,HPPHHHHPPHHPHPHPPHHH
917,PHPHHHHPPHPPHPHPHHPH
918,PPHHHHPPHHHHHHPPHHPP
919,PHPHPPHHPHPPPHHHPHHH
920,HPHHHPHHPPHPPPHPHHHP
921,HHHHHPHPHPPHPPPHPPHH
922,HHPPHHPHHHPPPHHHPHPH
923,HHHPPHPHHHHHHPPHPPHP
924,PHHPPPPHHHPHHPPHPHHH
925,PHPHHPHHHPPHPHPPHHHH
926,HHPPHPPHHPHHHPHPHHPH
927,PHPHHPHPHPPHHPHHPHHH
928,PPHHHHHHPPPHHPHHPHHP
929,HPHHPPPHHPHPHPHHHHHP
930,HPPHPPHHHHHHPHPHHPPP
931,PHPPHPHHHHHPPPHPHPHH
932,HPPPHHHPHHHHHPPPHHPP
933,PPHHHHHPHHPPHHHPPHPH
934,PPPPHPHHHHHHHHPPHHHP
935,HHHPHPPHPHPHPHHHPPHH
936,HPHHHPPPHPHHPPPHHHPH
937,HPPHPHHPPHHHPHHHPPHP
938,PHHHHHHHPPHHPHPPPHPP
939,HPPPHPHHHHPPHHHHPHHP
940,HHHHPPHPHHHPPHPHHPHP
941,HPPPHHHHPPPHHPHHHPPH
942,PHHPHHHPHHPPHHHPHHPP
943,PPHHHPHPHHPPHHPHHHHP
944,PPHHPHPPPHHHHHPPPHHH
945,HPHHHHPHHHPPHPPHPHPH
946,HHPHPPPHHHHHPHHPPHPH
947,HHPHHHPPPHHPPHPHHPHP
948,HHHHPPPPPHPHHHHPHHPP
949,PHHPHHHPHHPPHHHHPPHP
950,PHHPHHPPPHHPHHHPPPHH
951,PPPPHHHHPHHHHPHHPHPP
952,HHPHHPHHHPHPPHPHPHPH
953,HPPHPPPPPHHHHHPHHHHH
954,HPHPHPHHPHHHPPHHPPHH
955,HPHHHHPHPHHHPPPPHPHH
956,HPHPHHHHHHHHPPPPHPHP
957,PHHHHPPHHPHPPPHHPHPH
958,PHPPHHPHHPPHPPPHHHHH
959,PHHHHHPHPPHPHHHHPPHP
960,HHHPPHPHPHHPHHHPPPPH
961,PHPPHHHPPHPHPPHHHHHP
962,PHPPHPPPHHHHPHPHHHHH
963,HPHPHPPHHPPHHPHHHHPH
964,HHPPHPHPPPHHHHPHHPHH
965,PPHHHHHPPHHPPHHHPPHH
966,PHPHHPHHHHPHHPHPPPHP
967,PHPPPPHHPHPHHHHPHPHH
968,PPPHHHHPHPHPHHHPHPPH
969,HPHHPPHPPHHHHPPHHPHH
970,HPPHHPHPHHHHHPPPHHPH
971,HHHPPPPHPPPHHHHHPHHP
972,HHPHHHPHHPPHHPPPHHHP
973,HPPPHHPHHHPPHHHPHPHH
974,HPPHPHPHPHHPHHPPHHHP
975,HHPPPPHHHPHPHPPHHHPH
976,HPPPHHHPHPPPHPHPHHHH
977,HPHHHHPPPPHHHHHPHPHP
978,HPHHPHHPHHPHHHPPHPHP
979,HHHPHPPHPHHPHPPHPHHP
980,HPHHHHHHPHHHHPPHPPPP
981,PPHPPHPHHHPHPHHPHHHH
982,PHHPPHPPHHHHPHHHHPHP
983,HHHPPPHPHPPHHHHHHPPP
984,HHHPHPPPHHHPPHHPHHPP
985,HHHPHHHPHPPPHHPPPHHP
986,HPHHPHHPHPPHPPHHHPHP
987,PHPHHPHHHPPHPHPHHHPH
988,HHHHHHHPPHPHHPPPHPPP
989,HPHHPHPPHPPHPHHPHHHP
990,HHHHHHHPPPPHPPPHHHPH
991,PPHHHHPHPPPHHHHPPHPH
992,HPHHHHPHHPHHPPPHPHPP
993,HHHHHPHPPHHPHHPPHHPP
994,HPHPHHPPPHHHHHHPHPPH
995,PPPHHPHHPHPPHHPHHHHP
996,HHHHHHHHPPPHPPHPHPPP
997,HPPPPHHPHHHHHPPHHHPH
998,HHPHHPPPPPHHHPHPPHHH
999,HPPHPHHHPHHHPPHPPHPH
1000,HPPPHHPHPHHHPHPPHHHH
1001,PPHPPHHHHHPPPHHHPHHH
1002,PPPHHHPHHHPHHPPPHHPH
1003,PHHPPHPHHHHHHPHPHPPP
1004,PPPHHHHHPHHHHHPPHHPP
1005,HPPHHHPHHPHHHPPPHPHH
1006,PHHHHHPHPHPPPHPHHPHH
1007,PHHHHHHPHPPHHHPPHPPH
1008,PPPHHHPHHPHHPHPHHPHP
1009,HHPPPHHHHPPHHHPHPHHP
1010,PHPHHPHPPHHHHPPHHPPH
1011,PHPHPPHPPHHPHHPHHHHH
1012,HHPPHPPHPPHPPHHHHHHP
1013,HHPHPHHHPHHHHHPPPPPH
1014,PHPPPPHHHHPHHHHHPHHP
1015,HPHHHPPHHPHHPHPPHHPH
1016,PHPHHHHHHHPHPHHPHPPP
1017,PPHPHPPHHHPHHPHHHHHP
1018,PHPPPHPHPHPHHPHHHHHP
1019,HPHPPPHHHHHPHHPHPPHH
1020,PPPPHPHHHHHHPPHPHHHP
1021,HHHPPHHHPPHPPHPHHHPH
1022,PHHPHHPPHPHPHHPHPHHP
1023,HPPPHPPPHPHHHHHPHPHH
1024,HHPPHPPPPPHPHHHHPHHH
1025,HHHHPPHHPPHPPHHHPPHH
1026,PHPHHHHPHHPHPPHPHPHH
1027,HPHHHPHPPHPHHHPHHPPP
1028,PPHHPPPHPPHHHHHHPHHP
1029,PPPHHPHHHHPHPHPHHHHP
1030,PHHPHPPHPHHHHPHPHPHH
1031,PPHHHPPPPPHHHPHHHHHH
1032,HPHHHHHPPPPPPHHHHPHP
1033,HHPHHHHPPPHHPHHHPPHP
1034,HPHHPHHPHHPPHHHHPPHP
1035,PHPPPHHPHPHPHHHPHHHP
1036,PHHPHPPPHHPHHPHHPHHH
1037,HPHPHHPPHHPPHHHPPHHH
1038,HHHHPPPPPPHHHHPHHPHH
1039,HPHHHHPPPHPHPPHHPHPH
1040,PHHHPHHPPHPHPHHHHPPP
1041,HPPHPHPHHHHHHPHHPPHP
1042,PHPPHPHHHPHPPHHPHPHH
1043,HPHHHPHHHHPPHPHPPHHP
1044,PPHPHHHHHPHPHHPHHPPH
1045,PHHPHPHHHHPHPHHHPHPP
1046,HPHPPHPPPPHHHHHHPHHP
1047,HHHPPPPPPHHPPPHHHHHH
1048,HHHHPHHPPPPPHHHPPPHH
