id,sequence
0,HHHHPHHHHHHPHHHHHHHHPPHHH
1,HHHHHHHHHHHHHHPPHPHHHHHPH
2,HPPHHPHHHHHHHHHHHHHHHHHHH
3,HHHHHHPHHHHHHHPHHHPHHHHHP
4,HHHHHHHHPPHHHHHHPHHHHPHHH
5,PHHHHHHHHHHPHHHHHHHHHHHPH
6,PHHHHHHHHHHHHHHHPHPHHHHHH
7,HHPHPHHHPHHHHHHHHHHHHHHHH
8,PHHHHHHHHHHHHHPPHHHPHHHHH
9,HHHHHHHHHHHHHHPHHHPHHHPHH
10,HHHHHHPHHHHHHHPHHHHHHHPHH
11,HHHHHHHHHHHHHHHPPHHHPHHHH
12,PPHHHHHHHHHHHHPHHHHHHHHHH
13,PHHHPHHHHHHPHHHHHHHHHHHHH
14,HHHHHHHHHHHHHPHPHHHHHPHHH
15,HHHHHHHHHPHHHPPHHHHHHPHHH
16,HHHHHHHHHPHHPHPHHHHHHHHHH
17,HHHHHHHHHHHHHHHHHPHHHHHPP
18,HHHHPHHHHHPHHPHHHHHHHHHHP
19,HHHHHHHHHHHHHHHPHHHPPHHHP
20,HHPPHHHHHHHHHHHHHHHHHPHHH
21,HPHHHHHHPHHHPHHHHHHHHHHHH
22,HHHHHHHHHHHPHPHHPHHHHHHHH
23,HPHHHHHHHHHHHHHPHHHHHPHHH
24,HHHHPHHHHHHHHHHHPPHHHHHHH
25,HHPHHPHHHHHHHHHHHHHHHHHHP
26,HHHHHHPHHHHHHPPHHHHHHHHHH
27,HHHHHPPHHHPHHHHHHHHHHHHHH
28,HHHHPPHHHHHHHHHHHHHHHPHHH
29,HHHHPHHHHPHHHHHHPHHHHHHHH
30,HPHHHHHHHHHHHHHHPHHHHHHHP
31,HPHHHHHHHHHHHHHHHPHHHHHPH
32,PPHHHHHHHHHHHHHHHHHPHHHHP
33,HHHHHHHHHHPHHHHHHPHHHHHPH
34,PPPHHHHHHHHHHHHHHHHHHHPHH
35,HHHHHPHHHHHHPHPHHHHHHHHHP
36,HPHPHHHHHHHHHPHHPHHHHHHHH
37,HHHHHPHHPHHHHHHHHHHHHHHHP
38,HHHPHHHHHHHHHHHPHHPHHHHHH
39,HHPHHHPHHHHHPHHHHHHHHHPHH
40,PHHHHPHHHHHHHHHHHHHHHHHHP
41,HHHHHHHHHHPPHPHHHHHHHHHHH
42,HHHHHHHHHHPHHPHHHPHHHHHHH
43,PHHHHHHHPHHHHHHHPHHHHHHHH
44,PPHHHHHHHHHHHHHHHHHHHHPHH
45,HHPHHHHPHHHHHHHHHHHHHPHHP
46,HHHHHHHPHHHHHHHPHHHHHHPPH
47,HHHHHHHHHHHHHHPHHPHHHPHHH
48,HHPHHHHPHHHHHHHHHHHHHPHHH
49,HHHHHHHHHHHHHHHPHHHHPHHPH
50,HHHHHHPHHPHHPHPHHHHHHHHHH
51,HHPHHHHPPHHHHHHHHHHHHHHPH
52,HHHHPHHHPHHHHHHHHPHHHHHHH
53,HHHHHHPHHHHHHHHPHPHHHHHHH
54,HHHHHHHHHPHHHPHHHHHHHHPHH
55,HPHHHHHHHPHHHHHHHHPHPHHHH
56,HHHHHPHHHHHHHPHHHPHHHHHHH
57,HHPHHHHHPHHHHHHHHHHHHHPHH
58,HHHHHHHHPPPHHHHHHHHHHHHHP
59,HHHHHHHHHHHHHPHHHPHHHHHPH
60,HHHHHPPHHHPHHPHHHHHHHHHHH
61,HHHHHHHHHHHPHHHHHHHPPHHHH
62,HHHHHHHHHHPHHHHPHHHHHPHHH
63,HHHPHHHHPHHHHHHHPHHHPHHHH
64,HHPPHHHHHHPHHPHHHHHHHHHHH
65,HHHHHHHHHHHHHHHHPHHPHHHPH
66,PHHHHHHHHHHHHHHHPHHPHHPHH
67,PHHHHHHHHHHPHHHPHHHHHHHPH
68,HHHHHHHHHHHPPHHHHHHHHHHHP
69,HHPHHHHHHHHHHHHPHHHHHHHPH
70,HHPHHHPHHHHHHPHHHHHPHHHHH
71,HHHHPHHHHHPHHHHHHHHHPHHHH
72,HHHHHHPHPHHHHHHHHPHHHHHHH
73,HHHHHHHHHHPHHPHHHHHHHHHPH
74,HHHPHHHHHPHHPPHHHHHHHHHHH
75,HHHHHHPPHHHHHHHPHHHHHHHPH
76,HHPPHHHHHPHHHHHHHHHHHPHHH
77,HPHHHHHHPHHHHHHHHHHHHHHHP
78,HHPHHHHPHHHHHPHHHHHHHHHHP
79,HPPPHHHHHHHHHHHHHHHPHHHHH
80,HHHHHHHHPHHHHHHHHHPHHHPHH
81,PHHHPHHHHHHHHHHHHHHHHHHHP
82,HHHHHPHHHHHHHHPHHHHPHHHPH
83,HHHHHPHHHHHHHHHHHPHHHPHHH
84,HHHHPHHHHHHHHHHHHHHHHHPPH
85,HHPHHHHHHHHHHPHPPHHHHHHHH
86,HHHHHHHHHHHPHHHHHHHHHHPHP
87,HHHHHHHHPHHHHHHHHPHHHHHPH
88,HHHHHHHHHHHHHHHHHPPHPHHHH
89,HHHPHHHHHHHHHHHHPHHHHPHHH
90,HHHPHHHHHHPHHHHHHHHPHHHHH
91,HHHHHHPHHHHHPHHHHHHHHPPHH
92,PHHHHHPHHHHHHHHHPHHHHHHHH
93,HHHPHHHHHPHHHHHHHHHPHHHHH
94,HHHHHHHHHHPHHPHHHHHHPHHHH
95,HHHPHHHHHHHHPHHHHPHHHHHHH
96,HHHHHHHHHPHHHHHPPHHHHHHPH
97,HHHPHPHHHHHHHHHHPHHHHPHHH
98,HHPHPHHPHHHHHHHHHHHHHHHHH
99,HHPHHHHHHHHHHHPHHHPHHPHHH
100,HHHHPHHHHHHHHHPHHHHHPHHHH
101,HHHHHHPHHHHHHHHHHHHPPHHHH
102,HHHHHHHPHPHPHHHHHHHHHHHHH
103,HHHPPHHHHPHHHHHHHHHHHHHHH
104,HHHHHHHHHHHPHHHHHHPHPHPHH
105,HHPHHPHHHHHHHHHPHHHHHHHHH
106,PHPHHHHHHHHHHPHPHHHHHHHHH
107,HHPHHHHHHHHHHHHPHPHHHHHHH
108,HHHHHHHHHHHHHPPHPHHHHHPHH
109,HPHHHHHHHHHHPHHHHHHHHPPHH
110,HHHPHHPHHHHHHHHHHPHHHPHHH
111,HHHHHHHHHHHHPHHHHHPHHHHHP
112,PHHHPHHHHHHHHHHHHPHHHHHHH
113,HHPPHHHPHHHHHHHHHHHHHPHHH
114,HHHHHHHHHHPHHHHHHHHPHHPHH
115,HHHHHHHHHHHHHHHPHHPHHPHHH
116,HPHHHHHHHHPHHPHHHHHHHHPHH
117,HHHHHHPHHPHHPHHHPHHHHHHHH
118,HHHHHHPHHHHPHHHHPHHHHHHPH
119,HHHHHHHHHHHHHHHHPHHHHPPPH
120,HHHHHPHHHHHHHHHHHHHHHHPPH
121,HPPHHHHPHHHHHHHHHHHHHHPHH
122,HHHHHHHHHHPHPHHHHHHHHHHHP
123,HHHHHPHHHPHHHHHHHHHHPHHHH
124,HHHHPHHHHHHHHHHHHPHPHHHHH
125,PHHHHHHHPHPHHHPHHHHHHHHHH
126,HHHHHHHHHHHHHHHHHHPPHHHHP
127,HHHHHHHHHHPHHHPHHHHHHPHHH
128,HHHHPHHHHHPHHHHHHHHHHHHPH
129,PHHHHHHPHHHHHPHHHPHHHHHHH
130,HHHHHHHHPPHHHHPHHHHHHHHHH
131,HHHHHHHHHHPHPHHHHHPHHHHHH
132,HHHPHHHHHHHHHHHHHHHPHPHHH
133,PHHHHHHHHHHHHPHHHHHHHHPHH
134,HHHHHHHHPHHHHPHHPHHHHHHHH
135,HHHHPHHHHHPHHHHHPHHHHHHHH
136,PHHHHHHHHHHHHHHHHPHHPHHHH
137,HHHHHHPHHHHPHHHHHHHHPHHHH
138,HHHHHHHHHHHHHHHPPHHHPPHHH
139,PPHHHHHHHHHHHHHPHHHHHHHHH
140,HHHHHPHHHHHHHHPHHHHHHHHPH
141,HHPHHHHPHHHHHHHHHHHHPHHHH
142,HHHHHHHHHHHHHHHPHHHPHHHHP
143,HPHHHHHHHPPHHHHPHHHHHHHHH
144,HHPHHHHHHHHHHHPHHHHHHHPHP
145,HPHHHHHHHHPHPHHHHHPHHHHHH
146,HHHHHPPHPHHHHHHHHHHHHHHHH
147,HHHHHPHHHHHHHPHHHHPHHHHHH
148,HHPHHHHHHPHHHHHHHHHHHHPHH
149,HHHHHPHHHHHHHHHHHHHPHHPPH
150,HHHHHHHHHHPHPHPHPHHHHHHHH
151,HHPHPHHHHHPHHHHHHHHHHHHHH
152,HHHHHHHPHHHHHHPHHHHHPHHHH
153,HHHHHPHHHHHHHHHHHHHPHHHHP
154,HHPHHPHHHHHHHHHHHHHHHHPHH
155,HHHHHHHHPHHHPHPHHHHHHHHHH
156,HPHHPHHHHHHHPHHHHHHHPHHHH
157,HHHHPHHHHHHPHHHHHHHHHHHPH
158,HHHPHHHHHHHHHPHHHHHPPHHHH
159,HHHHHHHHHHHHPPHPHPHHHHHHH
160,PHHHHPHPHHHHHHPHHHHHHHHHH
161,HHHHHPHHHHHHHHHHHHHHHPHPH
162,PHPHHHHHHHHHPHHHHHHHPHHHH
163,HPHHHHHHHPHHHHPHHHHHHPHHH
164,HHPHHPHHHHHHHHHHHHHHHHHPH
165,HHHPHPHHHPHHHHHHHHHHHHHHH
166,PHHPHHHHHHHHHHPHHHHHHHHHH
167,HHHHHHHPHHHHHHHHHPPHHHHHH
168,HPHHPHHHHHHPHHPHHHHHHHHHH
169,HHHHHHHHHHHPHHPHHHHHHHHPP
170,HHHPHHPHHHHHHHHHHHHHHHPHH
171,HHHHHHHHHHHPHHHHPHHHHPHHH
172,HHHPHHHHHHHHHHHPHHPPHHHHH
173,HHHPHHHHHHPHHHHHPHHHHHHHH
174,HHPHHHHHHHHHHPHHHHPHHHHHH
175,HHHHHHHHHHHHHHPHHHPHHPHHH
176,HHHHHHHHHHHHHPHHHHPHHHPPH
177,HHHHHHHHHHPHHPHPHHHHHPHHH
178,PHHHHPHHHHHHHHHPHHHHHHHHH
179,HHHPPHHHHHHHHPHHHHHHHHHHH
180,PHHHHHHHHHHHHPHHPPHHHHHHH
181,HHPHHHHHPHHHHHHHHPHHHHHHP
182,HHHHHHHHHHHHHHHHHHPHPHPHH
183,HHPHHHHHHHHHPHHPHHHHHHHHH
184,HHHHHPHHHHHHHHPHPHHHHHHHH
185,HHHHHHHHHPHHHHPHPHHHHHHHH
186,HHPHHHHPHHHHHPHPHHHHHHHHH
187,HHHPHHHHHPHHHHHHHHHHHHHPH
188,HHHPHHHPHHHHHHHHHHHHHHHHP
189,HHHHHHHHHPHHHHHPHPHHHHHHH
190,HHPHHHPHPHHHHHHHHHHHHHHPH
191,PHHHHHHHHHHHPHHHHHHHPHHHH
192,HHHHHHHHPHHHHHHHHHHPHHHPH
193,HHHHHHHHHHHHPPHPHHHHHHHPH
194,HHHHHPHHHPHHHHHHPHHHHHHHH
195,HPHHHPPHHHHHHHHHHHHHHHHHH
196,HHHHPHHHHHHPHHHHHPHHHHPHH
197,HHHHHHPHHHHHHPHPPHHHHHHHH
198,HHHHPHHHHHHHHHPHHHHPHHHHP
199,PHHHHHHHPPHHHHHHHHPHHHHHH
200,HPPHHHHHHHHPHHHHHHHHPHHHH
201,PHHHHHPHHPHHHHHHHHHHHHHHH
202,HHHHHHHHPHHHHHPHHHHHHHPHH
203,PHHHPHHHHHHHHHHHHHHHHPHHH
204,HPHPHHHHHHHHHHPHHHHPHHHHH
205,PHHHHHHHPHHHHHHPHHHHHHHHP
206,HHHHHHHHHHHPHPHHHHHHHPPHH
207,HHHHHHHHHPPHHHHHPHPHHHHHH
208,HHHHHHPHHHHHHHHHHPHHHHPHH
209,HHHHHHPHPHHHHHHHHHPHPHHHH
210,PHHHHHHHHHHPHHHHHHHHHHHHP
211,PHPHHHPHPHHHHHHHHHHHHHHHH
212,HHHPHHHHHPHHHHHHHHHHHHPHH
213,HHHHPHHHHHHHHHHHHHHHPHHHP
214,HHHHHPHHHHHHHPHHHHHHHHPHH
215,HHHHHPHHPHPHHHHHHHHHHHHHH
216,HPHHHHPHHHHHHHHHHHHHHPHHH
217,HHHHHHHHHHPPHHPHHPHHHHHHH
218,HHHHHHHHPHHHHHHHHPPHHHHHH
219,HHHHHPHHHPHHHHHHHHPHHHHHP
220,HHHPHHHPHHHHHHHHHHHHHPHHH
221,HHHHHPPHHPHHHHHHHHPHHHHHH
222,HHHHHHPHHPHHHHHHHHHHHHPHH
223,HHHHHPHPHHHHHHHHHHHHHPHPH
224,HHHHHHHPHHHHPHHPHPHHHHHHH
225,HHHHHHHPHHHPHHHHHPHHHHHHH
226,HHHHHHHHPHPHHHHHHHHPHHPHH
227,HHHHHHHHHHHHPHHHHPHHHHHHP
228,HHHHHHHHHHHHHHHHPPPHHHHHH
229,HHHHHHHHPHHHHHHPHHHHHPHPH
230,PHHHHHHHHPHPHHHHHHHHHHHPH
231,HHHHHHHPPHPHHHHHHHHHHHHPH
232,HHHHHHHPHPHHHHHHHHHHHHHPH
233,HHHHHPHHHHPHPHHHHHHHHHPHH
234,HHHHHPHHHHHHHHHHPHHPHHHHH
235,HHHHPHHHHHHHPPHHHHHHHHHHH
236,HHHHHHHHHHHHHHHPPHHHHPHHH
237,HHHPHHHHHHHHHHPHHHHPHHHHH
238,HHHHHHHHPHHHHHHHPHHHHHPHH
239,HPHHPHHHHHPHPHHHHHHHHHHHH
240,HHHHHHHHHHHPHHHHHHHHPHPHH
241,HHHPHHHHHHHPHHHPHHHHPHHHH
242,HHPHHHHHHHPHPHHHHHHPHHHHH
243,HHHHHHHHHHHHPHHHPHHHPHHHH
244,HHHHHHHHHHHHHHHHHPHHHPHHP
245,HHHHHPPHHHHHPHHHHHHHPHHHH
246,HHPHPHHHHHHHHPHHHHHHHHHHH
247,PHHHPPHHHHHHHHHHHHHHHHHHH
248,HHHHHHHHHPHHHPHHHPHHHPHHH
249,HHHPHHHHHHHHPHHHHHHHHHHHP
250,HHHHHPHHHHHHHHHPHHHHHHPHH
251,HHHPHHHPHHHHPHHHHHHHHHHHH
252,HHHHHHHHHHPHHHHHHHHHPPHHP
253,HHHHHHHHPHHHHHHHHPHPHHHHH
254,HPHHHHHHPPHHHHHHHHHHHHHHH
255,HHHPHHHHHHPHHHHPHHHPHHHHH
256,HHHPHHPHHHHHHHPPHHHHHHHHH
257,HHHHHHHPHHHHHHHHHHPHHHPHH
258,HHHHHHPHHHHHHHHHHHHHPHHHP
259,HHHPHHHPHPHHHHHHHHHHHHHPH
260,PHHHPHHHHHHHHHHHPHPHHHHHH
261,HHHHHPPHHHHHHHHHPHHHHHHHH
262,HHHHHHHHPHHHHPHHHHHHHHHPH
263,PHHHHHHHHHHHHHHHHHHHHPPHH
264,HHHHHPHHHPHPHHHHHHHPHHHHH
265,HHPHHHHHHHHHHPPHHHHHHHHHH
266,HHHHHHPHHHHHPHHHHHHHHHHHP
267,HHHHPHHPHHHHPHHHHHHHHHHHH
268,HHHPHHPHHHHHHHHHHHHHHPHHH
269,PHHHHHHHPHHHHHPHHHHHHHHHH
270,HHHHHHHHHHHHHHHHHHHPPHPHH
271,PHHHHHHHPHHHHPHHHHHHHHHPH
272,HHHHHHPHHPHHHHHHHHHHHPHHH
273,HHHHPHHHHHHHHPHHHPHPHHHHH
274,HHHHHHPHHPHHHHHHPHHHHHHHH
275,HHHHPHHHHHHHHHHHHHHHHPHHP
276,HHHHHHHHHHHHHHHHHPPHPHHPH
277,HHHHHHHHHPHPHPHHHHHHHHHHH
278,HHHHHPHHHHPHHHHHHHHPHHHHH
279,PHHPHHHPHHHHHHHHHHHHHHHHH
280,HHPHHHHHHPHHHHHHHPHPHHHHH
281,PHHHHHHHPHHHPHPHHHHHHHHHH
282,PHHHHHHPHHHHHHHHHHHHHHPHP
283,HHHHHHHHHHHHHHPPHHHHHHPHH
284,HHHHHHHPHHHHHHHPPHHPHHHHH
285,HHHHHHHHHHHHHHPPHHHHPHHHH
286,HHHHHHPHHHHHHHPHPHHHHHPHH
287,HHHHHHHHPHHPHHHHHPHHHHHHH
288,HHHHHHHPHHHHHPHHHHPHHHHHH
289,HHPPHHPHHHHHHHHHHHHHPHHHH
290,HPHHHHHHHHHHHHHHPHHPHHPHH
291,HHHPHHHHHHHHHPHHPHHHHHHHP
292,HHHHHHHHHHHHPPHHHHHHHPHHH
293,HHPHHHHHHHPHHHHHHHHHPHHHH
294,PHHHHHHHHHHHPHHHHHHHPHHHP
295,PHPHHHHHHHHHHHHHHHHHHPHHH
296,HHPPHHPHHHHHHPHHHHHHHHHHH
297,HPHHHHHHPHHHHHPHHHHHHHHHH
298,HHHHHHHPPHHHHHHHHHHHHPHPH
299,HHHPHHHHHHHHHHHHHHPPHHHHH
