id,sequence
0,HHHHHHHHHHHHHHHPPHHHPPPHP
1,HPPPHHHHHHHHHHHHPHHHHHPPH
2,PHHHPHHPHHHHHHHHPHPHHPHHP
3,PHPHHHHPPHHPHHHHHHHHPHHHH
4,HHHPHHHHPPHHPHHHHHHHHHHPH
5,HHPPPHHHHHPHHHHHHPHHHHHHH
6,HPPHHHHHHPHHPHPHHHHPHHHHH
7,HPHHHHHHHHHHPHHHHHPHHPPHP
8,HHPHHHHHHPHHHHHPHHPHHHHHP
9,PHHHHHHHPHHHHHHPPHHHHHHPH
10,HHPHHHHPPHHHHPHPHHHHHPPHH
11,PHHHHPPHHHHPPHPHHPHHHHHHH
12,PHHHHHHHHHHHPHHPPHHHHPHHP
13,HPHHHHHHPPPHPHHHHHPHHHPHH
14,HPHHHHHPHHPPHHHHHHPHHPHPH
15,HPHPPHHPHHHHHHPHHHHHHHHHH
16,PHHHHHPPHHPHHHPHHHHHHHHHH
17,HHPHHHPHPPHHHHHHHHPPHHPHH
18,HPHHHPHHHHHHHHHPHHHHPPPHH
19,HPHHHHPHPHHHHPHHHHPHHHHHH
20,HHHPHHPPHHHPHHHPHHHHHHPHH
21,HHHHHHHHHHHHPPHHHPPHHHHPH
22,HHHPHPPHHHHHHHHHPHHHHHPPH
23,HHHPHHPHHHHHHHHHHPPHPHHPH
24,HHHHHPHHHHPHPHHHHPHHHHHHP
25,HHHHHHHPHHHHHHPHHHHPPHPHH
26,HPHHHHHPHHHPHPHHHPPPHHHHH
27,PPHHPHHHHHHHHPHHHHHHPHHHH
28,HPHHHHHHPHHHHHHPHHPPPHHHH
29,HHHPHHPHHHHHHHHHHHHHPPHPP
30,HHHHHHHPHHHHHPHPHHHHHPHPH
31,HPHHHHHHHPHHPPHHHHPHHPHHH
32,HHHHPHHHHHHPPHHHHHHHPHHPH
33,HHHHPHHPHHHHPHHHHHPHHHHHP
34,PHHHHHHPHPHPHHPPHHHHHHHHH
35,HHPHPHHHHHHHHHHHPHHPPHHHH
36,PHPPHHHHHHHHHHHPHHHPHPHPH
37,HHHHHHPPPHHHHPPHHHHHHHHHP
38,PHPPHHHHHHHHHHHHPHHHPHHPH
39,HHPHHHHHHHHHHHHPHPHPHHHHP
40,HHHHHHHPPHPPHHHHPHPHHHHHH
41,PHHHHHHHHPPPHHHHHPHPHHHHH
42,HHHPHHPHHPHHPPHHHHHHPHHHH
43,PHHHPHHPHHPHHHHHHHPHHHHHH
44,HHHHHHHHHHHHPHPHHHPHHHPPH
45,PHHPHHHHHHPHPHHPHHPHHHHHH
46,HHPHPHHPHHPHHHHHHHHPHPPHH
47,PHHHHHHHHHPHPHHHPPHHPHHHP
48,HPHHHPHPHHHHHHHHHHHPHHPHH
49,HHPHHHHHPHPHHHHHHHHHPHPHH
50,HHPHPHHHHPHHHPHPHHHHHHHPH
51,HHHHHPPPHHHHHHPHHHHPHHPHH
52,HHPHHPHHPHPPPHHHHHHHHHHHH
53,PHPHHHHPHPHHHHHPHHHHHPPHH
54,HHHHHPHPHHHPPHPHPHPHHHHHH
55,HPPPPHHHHHHHHHHHHHHHPPPHH
56,HHHHHHHHHHHPHHPHHPPPHHPHH
57,HHHHPHHHHHHPHHHHPHPHPHHHH
58,HPPHHHHHPHHHHPHHPHPHHHHHH
59,PHPPHHHHHHHHPHHHHPHPHHHHH
60,HHHHPHHHHHHPHHPHHHPHHHHHP
61,HHPPHPHHHHHPPPHHHHHHHPHHH
62,HPHHPHHHHHHHPPHHHHHHHPHHP
63,HHPHHHHHHPHHHHHHHHPHHPHHP
64,HHHHHPHHHPPHHPHPPHHHHPHHH
65,PHHHHHHHHPHHHHHHHHPPPHHHH
66,PHHPHHHPHHPHHHHHHPHHHHPPH
67,HHHHHHHHHPHHPPHHPHPHHHHHH
68,HHPHHPHHHHHHHHHHPHPHPHPHH
69,HHHHHHPHHPHPHPHHPHHHHHPPH
70,HHHHHPHHHPHPHPHHHHHPHHHHH
71,HHHHHPHHPHHPHHHHHHHPHHHHP
72,HPPHHHPHHHPHHHHHPHHPHPHHH
73,HHHPHHPHHHHHHHPHHHHPPHHHH
74,HHHPHHHHHHHHPPHHHHHHPPHHP
75,PHPHPHHHHHHPHHHPHHHPHHHHH
76,HHHHPHHHHHHPPHHPHHHHPPHHH
77,PHPHHHHHHHHHHHHHPPHHHHHHP
78,HHHPHPHPPHHPHHHHPHHHHHHHH
79,HHHHHHPHPHHPPHHHHHHHHHPPH
80,HHHHHHHHHHHHPHHHPPPHHHHHP
81,HHHHHHHPHPHPHPHHHHPHHHHPP
82,HHHHPHHHPHHHPHHPHHHHPHHHH
83,HHHHHHPPHHPHHHHHHHHPPPHHH
84,PHHHHHHHHHHHHHPHHPPPHHHHH
85,HHHHHHHHHHHPPPHPHHHHHPPHH
86,PHHHPHHHHHPHHHHHHHHHPHHPH
87,HHHPPHHHHHPHPPHHHHHHHHPHH
88,HHHHPHHHHHHHHHPPHPHHHHHPP
89,HHHPHHHHHHPHHHPHHHHPHPHHP
90,HHHHHHHHHPHPHPHHHPHPHPPHH
91,HHPHHHHHHHHHHHHHPHHHPHPPH
92,PPHHHHHHHHHHHHPHPHPHPHHHH
93,HHHPHHHHPHHPHHHHHPHPHPPHH
94,PHHHPHHHHHHHHHPHHHHHPHHPH
95,HHHPHHPPHPHHHPHHHHHHHHHHH
96,HHHHHHPPHPHHHPHHHHHHPPHHH
97,HHHHHPHHPHHPHHHPHHPHPHHPH
98,HHHHHHHPPHHPHPHHHHHPHHHHH
99,PHHHPPHHHHHHPHHHHHPHHHHHP
100,HPHHHPPHHHHHPPHHHHPHHHHHP
101,HHHHHHHHHHPPPHPHHHHHHHPHH
102,HHHHHHPHHHHPHPPHPHPHHHHHH
103,HHHHPPHPPHHPHPHHHHPHHHHHH
104,HHHHHHPHHHPHHPHHPHHPPHHHH
105,PHHHHHHHHPPPHHHHHHHHHHPHH
106,PHHHHPHHHHPHHHHHHHPHHHHPH
107,HPHHHHHHPHHHHHHHPPHHHHHHP
108,HPHHPHHHPHHHHPHHHPHHHHHHH
109,HHHHHPHHHHPHHHHPHPPHPHHHH
110,PPPHHHHHHHHHHHHHHHPHHHHPH
111,HPHPHHPHHHHHHHHHHPHHHHHPH
112,PHPHHHHHHPHPHHHPHHPHHHHHH
113,HHPPHHHHHHHHHHHHPPHHHPHHH
114,HHPHHHHHHHHHHHPHHPHHPHHPH
115,HHHPPHHHHHHPPHHHHPHHPHHHH
116,HHHPPHHHHHHHHPHHHHHHHHPHP
117,HHHHPHHHHHHHHHHPPHPHHPPHH
118,PHPHHPHHHPHHHHHHHHPHHHHHH
119,HHPHHHHHHPPHHHHHHPHHHHHHP
120,HHPHHPHHHHPHHHHHHHHPHPHHH
121,HHHHHHHHPHPHHHHPHPHHPHHHH
122,HHPPHHHHPHPHHPHHHHHHHPHHH
123,HHPHHHHHHHHPHHPPPHHPHHHHH
124,HHPHHHHPHHHPHHHHPHHHPHPHH
125,HHHPPHPPHHHHHHHHHHHPHHHHH
126,PHHHHHHPHPHHPHHPHHPHHHHHP
127,HPHHHPHHHHHHHHHHPHHHHPHPH
128,HHHHHHHHHHHPPHHHPPHHHHHHP
129,HPHHHPHPHHHPHHHPHHHHHHHHH
130,HHHPHHPPHHHPHHHHHPHPHHHHH
131,PHHHPHHPPHHHPPHHHHHHPHHHH
132,PHHHPPHHHHHHHHPHHHHHHHPHH
133,HHHHPHHHHHHHPHHHHHPPHHHHP
134,HHHHHHHHHPHHHHHHHHPPPPHHH
135,HHHHHPHHHHPHHPHHHHPPHHHHH
136,HHHHPPPPHHHPHPPHHHHHHHHHH
137,PPHHHPHHHPPHPHHHHHHHHHHHH
138,PHPHPHHHHPHHHHHHHHHHHHHHP
139,HHHHHHHHHHPHHPHPHHHHPHHPH
140,HPHHHHPHHPHHHHHHHHHPPPHHH
141,HPHPHHHPHHPHHHHHHPHHHHHHH
142,PHPPHHHHHHHHPHPHHHHHPHHHH
143,HHHHHHHPHHPHHPHHHHPPHHHHH
144,HHHPPPHHPHHHHHHHHPHHPHPHH
145,HHHPPHHHHHPHHPHHHPHHHPHHH
146,HHHPPHHHHHHHHHPHHPHHPHHHH
147,HHHPPHHHHHHPHHHHPHHHHHPHP
148,HHHHHHHHHPPHHHHHPHHHHPPPH
149,PHHHHHHHHHHPHPHHPHPHHHPHH
150,HHHHHHPPHHHPHHPHHHPHPHHHH
151,HHPHHHHHHHPHHHHHPHHHHHHPP
152,HHHPHPHHHHPPHHHPHHHPHHHHP
153,HHHHHHHHHPHPHPHHHHPPHPHHH
154,HHHPHPHHHPHPHPHHHHPHHHHHP
155,HHPPHHHHPPHHHHPPHHHHHPHHH
156,HHHPHHHHPHPHHHHHHHHHHPPHP
157,PPHHHHHHHHHHHHPHHHPHHHPHH
158,PHHHHPPHHHHPHHPHHHHHHHHPH
159,HHHHHPHHHHHHPHPHHPPHHPHHH
160,HPHHHHHPHHHPHHHPHHHPPHHHH
161,HHHHPHHHHHHHHHHHHHPPHHPHP
162,PHHHHHHHHHHHPHHPHHPPPHHHH
163,HHHHHHPPHHHPHPHPHHHHHHPHH
164,HHHHPHHHHPHPHHHHHHHHHHPPP
165,HPPHPHHHPHPHHHHHHHHHHPHPH
166,HHHHPHHHHPPHHHHHHHPHPHPHH
167,PHHHHHHHPHHHPHHHHHHPHHPHH
168,HHHHHHHHPHHHHHPPHPHHHHPHH
169,HHHPHPHHHPHPHHHHPHHPHHPHH
170,HPHHHHHHPPHHHHHPHHHHPHHHH
171,HHHHHHHHHHPHHPPHPHHHPHHHP
172,HHHHHPHHHHHHHHPPHHHHHHHPP
173,PHHPPPHHHHHHHHHPHHHHHHHHH
174,HPHHHHHHHHHHPHHPPHHHHPPHH
175,HHHPHHHHHPHHHHPHHHHPPHHHP
176,HHHHPHHHPPHPHHHHHHPHHHPHH
177,HHHPHPPHHHPHHHHHHHHHPHHHH
178,HHHHHHHHHHHHPPHHHHPPHPHHH
179,HPHHHPHHPHHHHHHHPHHPPHHHH
180,HHHPHHHHHHPHHHHHHHHPPHHPH
181,HHPHHHPHHHHHHHHHPPPHPHHHP
182,HPHPHHHHHHHHHHHPHHHHPHHHP
183,HHHHHHHHPHHHHPHPHHHPHHHPH
184,PPHHHHPHHPHHHPHHPHHPHHHHH
185,HHHHPHPHHHPHPHHHHHHHHPHHP
186,HHHHHHHHPHHHHHHPHHHHHPHPP
187,HHHPPHHHPHHPHPHHHHPHHHPHH
188,HHHHHPHPHHPHHHHHPHHHHPHPP
189,HPHHHPHHHHHHHHHPHHPHPHHHP
190,HHPHHHHHPHPHHHPHHHPHHPHPH
191,HHHHHHPHHHHPPPHHHHHPPHHHH
192,HHHHHHPPHHHHPHHHHPHHHPHHH
193,HHPHHHHHHPHHHHPHHPHHPHPHH
194,HHHHHHHHHHHHPHHHPHPPHPHPH
195,HHHHPHHHPPHHPPHPHHHHPHHHH
196,PPHHHHPPHHHHHHHHHHHHHHHPH
197,PHHHHHPHPPHHHPHHHHHHPHHHH
198,HHPHHHHHHPHHPHHHHHPHPHPPH
199,PHPPPHHHPHHHHHHHPHHHHHHHH
200,HHPPPHHHPHHHPHHHPHHPHHHHH
201,HHHHHHHHHHHPPHPHHHHHPHPHH
202,PHPHHHPHHHHHPHHPHHHHHPHHH
203,HHHHPHPPHHHPPHHHHHHPPHHHH
204,HHHHHPHPPHHPHHHHPHHPHPHHH
205,HPHHHPHHHHHHHHHPHHHPHHHHP
206,PHHHPHHHHHHHHHHPPHHHHHHHP
207,PPHHHHHHPHHHPHHHHHHHHHPHH
208,HHHPHPHHHHHHHHHHPHHHPHPHP
209,PHHHHHPHPHHHHHHPPHHPHHHHH
210,HPHHHPHPPHPHHHHHHHHHHHPHH
211,PHHPHHPHHHHPHHPHHHHHPHHHH
212,HPPHPHHHHHHHHHPHHHPHHHHPH
213,HHHPHHHHHHHHHHPHHHHPPHHPP
214,HHHPPHPHHHHHHHHPHHHPHPHHH
215,HHHHPHHHHHPHHHHHHPPHHPHHH
216,PHHHHHHHHHHHHHPHPPHHHHPHP
217,HPHHPHHHPHPHHHHHHHHHHHHPH
218,HHHHHHHPHHHPPHPHPHPHHHHHH
219,HPHPPHHHHPPHHHHHHHHHHHPHH
220,HHHPPPHHHHHHHHPPHHHHPHHHP
221,HHHPHHPPHPPHHPHHHHHHHHHHH
222,HHHHHHHHPPHHHPHPHHHHHPHHP
223,PHHHHPHPHHPHHPHHHHHHHHHPH
224,PHHHHHHHHPHHHHHHPHHHHPHPH
225,HHHHHHHPHHPHHPPHHHPHHPPHH
226,PPHHHHHPHPHPHHHHPHHPHHHHH
227,HPHHHHHHHPHHHHHPPHHPHHHHH
228,HHPHHHHHPHHHPHHPPPHHHHHPH
229,HHHHHPHHHHHHHPPHHHHPHHPHH
230,HHHHHHHHPHHPHHHHHPHHPPHPH
231,HPHHHHPHPHHHHPHHPHPHHHPHH
232,HHPHPPHHHHPHHHHHHPHHPHHHH
233,HPHHPHPHHHHHHHHPHHHPHHPHH
234,HHHHHHHHHHHPPHPHHHHHHPPHH
235,HPHHHPHHHPPHHHPHHHHHHHHPH
236,PPHHHHHPHHHHHPPHHHPHHHHPH
237,HHHHHHHPHHHPPHHPHHHPHHHPP
238,HHHPHPPHHHPPHHPHHHHHHPHHH
239,HHPHPHHHPHHHHHHHPHHHHPHPH
240,HPPHHHPHHHHHHHHPHHHHHPHHH
241,PPHHPPHHHHHPHHHHHHHHHHHHP
242,HHHHHHHHHPHHHPHHPHHHHHHPP
243,HHPHPHHPHHHHHPPHHPHHHHHHH
244,PHHPPHHHHHHHPHHHHHHHHHHHP
245,HHHPHHHHHPPHHHHHHHPHPPHHH
246,PHPPHHHPPHHHHHHHHHHHHHPHH
247,HHHHHHPHHPHHPHPHPHPHHHHHH
248,HHHHHHHHPHHHHPHHHPHHHPHHP
249,HHHHHPHPPPHHHHHHHHHPHHPHH
250,PHHPHHHPPPHHHHHHHHHHHHHHH
251,HPPHHHHHHHHHHHPHPHHHHHHPH
252,HPHHHHHHHHHPHHHPHHHHHPPHH
253,HHHHHPHHHHHHHPHHPPHHPHPPH
254,HHHHHPPHHHHHHPHPPHHHHHHHH
255,HHHHHHHHPPHHHHHHHHPHPPHHP
256,HHHHHHHPHHHHPHHHPPHHHHHHP
257,HHHHHHHHHHPHHHHPHHHPHPHPH
258,HHHHHHHHHHPPHPHHPHHHHHPHP
259,HHHPHHHHPHPHHHHPPHHHHHPHP
260,HHHPPHHHPHHHHHHHHPHHHHPHH
261,HPHHHHHHHHPHHHHPHPHPHHPHH
262,HHHHHHHPHHHHHPPHPHHPPHHHH
263,PHHPHHPHHPHHHHHHHHPHHHPHH
264,PHPHHHHHHHHPPHHPHHHHHHHHH
265,HPHHHHPHPHHHHHHPHHPPHPHHH
266,HHHHPHHPHHHPHHHHHHPHHHHHP
267,HHPPHHHHPHHHHPHHHHPHPHHHH
268,HHHPPHHHPHHHHHHHPHHPHHHHH
269,HHPHHHHHHPHHPPHHHHHPHHHHH
270,HHHPHPPHHHHPHHHHHHHHPHHHH
271,HPPHPHHHHHHHHPHPHPHHHHHHH
272,PPHHHHHHHHHPPHHHPHHPHHPHH
273,HHHHPHPHHHHHPHPHPPHHHHHPH
274,HPHHHHHHHHPHHHPHHPPHHHHHH
275,HPPPHHHHHHHHHHHHHHPPHHHHH
276,HHHPPPHHPHHPHHHPHHHHHHHHP
277,HHHPHHPPHPHHHHHHHHPHHPHHH
278,HPPHHHHHHHPPHHHHHHHHHHPPH
279,HHHHHPHPPHHHHHPHHHHPHHPHH
280,HHHHPHHPHPHHHPHHHHPHHHHPH
281,HHHHHPHHHHHPPHPHHHHHPHPHP
282,HPHHPHHHHPHPHHHHHHHHHPPHH
283,HHHHHHHPHHPPHHHPHHHHHPHPH
284,HHHPHHHHHHHPHHHHHHPHPPHPH
285,HHHHPHPHHHPHHHHHHHHHHPPHH
286,HHHHHHPHHHHPHHHHPHHHHPHHP
287,HHPHHPHHHHHHHHHHPPHHHPHHH
288,HHHHHHHHHHHHPPPHHHHHHHPPH
289,PHHHHHHPHHHPHHHHHHPHPHHPH
290,PPPHHHHHHHHHHHHHHHPPHHHHH
291,PHHPHHHHHHHPHHHHHPHHPPHHP
292,HHHHHHHHHPHHPHPHHPHHHHHHP
293,PHHPHHHHHHHHPHHHHPHHHHHHP
294,HHHHHHPHHHHPHHHHPHPHPHPHH
295,PHPPPHHHHHHHHHHHHHHHPHHHH
296,HPHPHPHHHHHPPHHHHHHHHHHHH
297,PHPHHHPHHPHHHPHHHHPPHHHHH
298,HHPHHHPHHHHHHHHHPPHPHHPHP
299,HHPHHHHHHHHHHHPHHHHPPHPHH
