id,sequence
0,HHHHPPHPHPHHHHHPPHPHHHPHH
1,PPHHHPHHPPHHHHPPPHHHPHHHH
2,PPHHHPHHHHHHHHHHHHHHPPPPP
3,HPPHHPHPPPHPHHHHHHHHHPHHH
4,PHHHHPPPHHHPPPHHPHHHHHHHP
5,HHHPHPPHPPPHHHHHHPHHPHHHH
6,PPHHPHPHHHPPHPHHHHHHHHPPH
7,HHPPHHPHPHHHPHHHPHPPPHHHH
8,PHHHPHPHPPHHPHHHPHPHHHHHH
9,HPHHHHHPHHPHHPHHHHHPHPPHP
10,HHPPPHHHHPPPPHHHHHPHHHHPH
11,HPHHHHHPPHPHPHPHHHPHHHHPH
12,PHHHHHHHHPPPPHHHHPHPHHPHH
13,PPPPPHHPHPPHHHPHHHHHHHHHH
14,HPPHHPHHHHHPHHHPHPHPHHPHH
15,HHHHHPHPPHHPPHHHPHHHHHPPH
16,PHPPHPHHHPHHHHPHHHPHHHPHH
17,HPHHHPHHHPHHPPHPPHHHHPHPH
18,HHHPHHHHHHHHHPHPPPPPHHPHH
19,HHPHPHHHHHPHPPHHPHHHHHPHP
20,HHHHPPPHHHPPHPPHPHHHPHHHH
21,HHHHHPHHPHHPHPPPPHPHHHHPH
22,PPPHPHHHPHPHHPHHHHHHPHPHH
23,HPHHHPHHHHPHPHPHPHPHHHHHP
24,PHHHHHPHHHHHHHHPHHPHPPPPH
25,HPHHPPHHPHPHHHHHHHPHPPHPH
26,PHHHPHHPHHHHHHPHPPHPHPHHH
27,HPHHPHPPPHHHHHHHHHHPHPHPP
28,HHHPHPHPHHPPPHPPHHPHHHHHH
29,HHHPHHHHHHHHPPHHPPPHHHPHP
30,HPHHHHHHPHPPHPHHHPPHPHHHP
31,HPPHHHHPHHHPHPHHHHPHPPHHH
32,HPPPPHHHHHHHPHHHHHHPPHHHP
33,HPHHHHPHPHHHPHPHHHHHHPPPH
34,HPHHHPHPHHPHPHPHHHHHPPHHH
35,PPHHHHHHHPHPPHHHPHHPPHHHH
36,PPHHHHHHPPHHHPHPHHPHPHPHH
37,HPHPHHHPPHHHHPHHPPHHHPHPH
38,HHHHHPHHPPHHHHPHPHHPHPPHH
39,HHPPPHHHPHHHHPHHHPPHHHPHH
40,HHHHHHPHHHHPHPPPHHPHPPHPH
41,PHPPHHHPHPHPHHHPHHHHHHPHH
42,HHHHHPHHHHHPHPPPPPHPHHHHH
43,HPHHHHPHPHHPHPHHHHPHPHHPH
44,HPPHHPHPHHPHHPHHPHHPHHHPH
45,PHHHHHHHHPHPPHHPHHPPPHHPH
46,HHHHHPHPHHHPPHHHPHHHPPPHP
47,PHPPHHHHPHHHHHPHPHHPHPPHH
48,PHHHPPHHHPHHPHHPHHHHHPPHH
49,PHPHPHPHHHPPHHHHHHPPHHHHH
50,PHPHHHPPHHHHHPHHHPHHHPPPH
51,HHHHPHHPHHPPHHPPPPHHHHHHP
52,HHHHHHHPHPPHHPHPHHPHHHPHP
53,HHHPHHPHHHHHHPHPHPHPPHPHH
54,HHHPHHHHPPHPPHHHPHHHPHHHP
55,HPHPHPHPHHPHHPHHHHHPHHPHH
56,HPPHHHHPHPHPHHHHPHPHPHPHH
57,HHPHPHHPHHHPHHPHPHHPHHHHP
58,PHPHPHHPHHHHHPHHHPHHPHHHP
59,HHHPPHHHHHPHHHHPPPHPHPHHH
60,PPHHHHPHHPPHHHHHHHPPPHHPH
61,PHPHHHPPHHHPHHHPHPPHHHHHP
62,HHHHPHHHHPHHHPHPPHPHPHPHH
63,HHHHPPHHHHHHHPHPHHPHHPHPP
64,HHHHPPPHPHHHHPHHHHHHPPPHH
65,HHHHHHPPPHHPPHHHHHPHPHPPH
66,HHHHHPHHHHPPHPPPPHPHHHHHH
67,HHPPHPHHHPHHHHPHPPHHHHPHH
68,PHHHPHHHHPHHPPHPHHHHPPHHH
69,PHHHPHHHPHPHHPHPPPHHHHHHH
70,HHPHPHHHHPPHHPHPHHPHHPHHP
71,HHHHHHPHHHHHPPPHHPHHHPPPH
72,HPHPPPHHHHHHPHPHHHHPHPHPH
73,HPHHHHPHHPPHHHPHHPHHPPHHH
74,PHHPPHPPHHHHPPHHHPHHHHHHH
75,HHHHHHHHPPPHPHHPPPHPHHPHH
76,HHHHHHHPPHHHPHHHPHHPPHPPH
77,HPHPHHHPHPHPHPHHHPHHHHHPH
78,HPPHHHHHPHHHHHPHHHHPHPPPH
79,PHPHHPPPHPHHPHHHHHPHHHPHH
80,HHHHHHHHPPHPHHHPPHHPPHHPP
81,HHPHPHPHHHPHPHHHHHPPHHPHH
82,HHHHHPPPHHPPHHHPHHHPPHHHH
83,HHHHPPHPHPHHHHHPHHHPHPPHH
84,HHPHPHHHPPHHHHHHPPHPHHPHH
85,HHHPHPHPHPHHHPPHPPHHHHHHH
86,PHHPHPHHHHPHHHHHHPHPHHPHP
87,PHHHHHHPHPHHPHPHHHHPPHHPH
88,HHPHPPHHPHHPHPHHHHHPHHHPH
89,PHHPPPHHHHPPHPPPHHHHHHHHH
90,HPHHHHHPPHHPPHPHHHHPHHPHH
91,PHHHPHHPHHHHHPHPPHHPHPHHH
92,HHPHHPPPHHHHHPHHPHHPHPHHH
93,PHHHHHHHPHHPHPHHPHPHHHPHP
94,HPHHHHPHHHHPHHPHHPPPPHPHH
95,PHHPPHHHHHHPHHHHHPPHHPHHP
96,HHPHHPHHHHPHPHHPPHPHHPHHP
97,PHHHPHHHPPHHHHHPHHPHHPHHP
98,HHHHHHHPHPPHHHHPPHPPHPPHH
99,HHHHPPHPPHPPHHHPHHHHPHPHH
100,PPHHHHHHPPPHHHPPPHHHHHHHH
101,PPHHHHPHHPPPHHPHHHHHPPHHH
102,PHHPHHPPPHHHHPHHHHHPHHPHH
103,PHHHHHHHPHPHHHHHPHHPHHPPP
104,PHHPHHHHHHPHHPHHHHPHPPPHP
105,HHPPHPHPHHHHHPHPHHPHHHHHP
106,HPHHPHPHHPHHPPPHPHHHHPHHH
107,HHHPPHHHHHPPHHPHPPHHHHHHP
108,HPHHPHPHHHHHHHHPHPPPHPHHP
109,PPHPPHHPHHHPHHHHPHHHHHPHH
110,HPPHHPHHPPHPHHHHHHPHHHHPH
111,HHHHHPHHPHHHHPPHHPPHPPHHH
112,HPPHHPHHHHHPHHHPHHPPHHHPH
113,PHHPHHHHHPPHHPPPHHHHHHPHH
114,HHPHPHHHPPPHHPPHHHHHPHHHH
115,PHHHHPHHHPHHHPHHHPPPPPHHH
116,HHPHPHPPHPHPPHHHPHHHHHHHH
117,PHHHPHHHPHHPHHPHHHHHHPPPH
118,HHPPHHHHPPPHPHPHHHPPHHHHH
119,HHHPHHPPHHHHPPPPPHPHHHHHH
120,HHHHPHPHPHHPHHPHPHPPHHHHP
121,HHHHHHHPHPHHPHHHPPHPHPHPP
122,PPHHHHHHPHHHHPPHHHPHHPPHP
123,HHPPPHHHHPHPHPHHPPHPHHHHH
124,HPHHPHHPPHHHPHPHHHPHPHHHH
125,HPHPHHPHHHHHHPHHPHHPPPPHH
126,HHHPPPPPPHHPHHPHHHHHHHHHP
127,HHHHPHHHPPHPHHHHPHPHHHPPH
128,HHHHHHPPPPHPHHPHPHPHHHHHP
129,PHPHHHHHPHHHHHHHHPHPPPHPH
130,HHHHHPHHHPHHHPPPPPHHHHPHP
131,HPPHHHHPHPHPHHPHHHPPHHHPH
132,HPHHPHPHPPHHHHHPHPHHHHPHP
133,HPHHPHHHPHHPHPPHHHHHHHHPP
134,HHPHHPHHHHHPPHPHHHHHHPPHP
135,PHHHPHHPHPHHHHPHHPHPHHPHP
136,HPHHHHPHHPHPHHHPHHPHPHHPH
137,HHHPHHHPPHHPHHHHPPHHPPHPH
138,HHPHHHHPPPHPHHHPHHHHHPPPH
139,PHHPHHHPHHHHPPHPPHHHHPHHH
140,HHHHHPHPHPHHHHPPHHPPHHHHP
141,HHHPHHHPPHPHPHHPHHHHHPPPH
142,HHHHPHHHHPHHPPHHPPHHPHPPH
143,HHPPHPHPHHHHHHPPPHHHHHPPH
144,PHHHHHHHHHPHPPHPHHHPPPHHH
145,HHHHHPHPHHPHHHPHHHHPPPPPH
146,HHHPHPHHHPHHPPHHHHHPHHPHP
147,HHHHPHPHHPHPHHHPHHHPPHPHH
148,HHHPHHHHPPHPHHPHHHPHPHPPH
149,HHHPPPPHHHHHHHHHPHPPPHPHH
150,HHPPHHPHPHPHPHHHHHHHHPPHH
151,HHHHHHPHHPPPHHHHHHHPHPHPP
152,HHHPPHPHHHHHHPHPHPPHHHHHP
153,PHPHHHPPHHHHHPHHHPPPHHHHH
154,PPHHHPPHHPPPHHPHHHHHHHPHH
155,HPHPHPHHHHPHHHHHHHHPHPPPP
156,HHHHPHHPPHHHPPHHHHHPHPHHP
157,HHHHHHHPHHPPHPHPPHHPPHHHP
158,PHPHHHHPHHHHHPHPHHPPHPHHP
159,HHHHPHHHPPPHHHHPHPHPHHHHP
160,HHPHHPPHHHHHPHPHHPHPHPHHH
161,HPHPHHHHPPPHPPHPHHHHPHHHH
162,PHPHPPPPHPHPHHHHPHHHHHHHH
163,PHPHHPHHHHPHPHPPHHPHPHHHH
164,PPHPHHPHHHHHHPHHHPHHHPHPH
165,HHHPHPHPHPHHPPHPHHHHHHHHP
166,HHPHHHPHPPHPHHHHPHHHPHHPP
167,HHHHHHHPHHPPPPPPHHHPHHHHH
168,PHHHPHHPHPHPHHPHHHHHPHPHP
169,HPPHHHHHPHHPHPHPHHHHPHPHP
170,HPPPHPHHHPHPHHHPHPHHHHPHH
171,HHHPHHPPHPPPHHHPHHHPHHHHH
172,HHPHHHHHHHHHHPPHHHPPHPPPP
173,HPHHHHHHHPHHPPPHHPHHHPPHH
174,PPHPPHPHPHHPHPHHHHHHHHHHP
175,PHPHHHHPHHPHHHHHPPHHPHHPH
176,PHPHPHHHHHHPPHHHPHHPHHPHH
177,HHHPHPHHPHHHPHHHHHPPHPHPH
178,HPPHPHHHHHHHHHPHHHPHPHPHP
179,HPHHHHPPPHHHPPHHHHHHHPHHP
180,PHPHHHHPHHHPHHHPPHPHHPHHH
181,HPHHHHPHHPPPHPHPHHHHPPHHH
182,HHHHHPHHPHPHPHHHPHPPHHHHP
183,PPHHHHHHHHPPHPPHHHHPHHHPH
184,HHHPHHPHPPHHPHHHHHPPHHPHP
185,HPPPHHPHPHPHHHHPPHHHHHHHH
186,HHHHHPHPHPPPHPHHHHHPHPHPH
187,PHHHPPHPPHHPHHHPHHHHHHPPH
188,PHPHHHPHHPPHHPPHHPPHHHHHH
189,PHHPPHHPHHPHPHPHHHPHPHHHH
190,HHHHHHPHPPHPPHHHHPPPHHHHP
191,HPPPPHPPHHHPHHHHHHHHPPHHH
192,PHHPPHPHHPPPHHHHHHHHHPHPH
193,PHHPPPHHPHHPHHHHHPHHHPPHH
194,HHHPHPHHHHPHHHPPHHHHHPPHP
195,PHPHHHHPHHHHHPHPPPHPHHPHH
196,HHHHPPHHHHHHHPHPHHHHPPPPH
197,HHHHPHHPPHHHHPHPHPPHPHHHH
198,PPHPPHHHHHHPHPPPHHHHHHHPH
199,HPHHHHHHHPHPPHPHHPHHHPHPP
200,HHHHPHHHPHHHPPHPHHHPHHPPH
201,PHHHPHHHHHPHHHPHPHHHPPPHH
202,PHHHHPHHPPHHPHHHPHHHHPPHP
203,HHPHPHHPHHPHHPHPHPHHHPPHH
204,HHPHHHHHPPPHHPHHPPHHHHHPH
205,PPHHHHPHPHHHHHPHPHHHPHPHH
206,HPHHHHPPHHPHPPHHHHPPPHHHH
207,HHHPHPPHHHPHHPHHHHHHPPHHP
208,HHHHPHPHPPHHPHHHPPHPHPHHH
209,PHHPHHPHPPHHHHHHPHHHPPHHH
210,HPHHHHHPHHPHPPPHHHHHPPPHH
211,HHPHPHHHHPPHHHHPHHHHPPHHP
212,HHPHPPHPHHHHHHHHPHHPPPHHH
213,HPHHHHHHPHPHPPHHHPHPPHHHH
214,HHHHHHPPPHPPHPHHPHHHHPHPH
215,HHPPHHHHPPHHHHHHPHHPHHHPP
216,PHHHHHHPPHHHHHHHPHPHHPHPP
217,HHHHHHHPPHPHHPPHHPHPHHHHP
218,HPHHHHHHPHPPHHPHPHPHPHPHH
219,HPHPHHHHPPHHHHHPPHHHHHPHP
220,PHPHHPHPHHHPHHHHHPHPHHHHP
221,HHHPPHHPPHHHHPHPHPHPHPHHH
222,HHPHHPHHHPHHHPHHHHPHHPPPP
223,PHHHHHPHHHPPPHHHHHHHPPHPH
224,HHHPPPHHHHHHHHPPHHPHPHPPH
225,PHHPHHPHPPPHPHHHHHHHPHHHH
226,HPHHHHHPHHHHHPHPHPHHPPHPH
227,HHHHHPHPHPHHPHPPPHHHHPHHH
228,HHPPPHHHPHHHHPPHPHHHHHHPH
229,HHPPPHHPPHHPHHHHHHHPPHHHP
230,HHHPPHHPHHHPPHHPHHPHHPHPH
231,HHHHPHHHHHPPHHHHHPPPHPHPH
232,HHPPHPPHHPHHPHHPHHHPHHHHH
233,HHPHHHHHHHPPPHHHHPPHHPPHH
234,PHHHHHPHPHHPHHHPPHHHHPHPP
235,HHPPHPPHHHHHHHHPPHPHPHHHH
236,PHPHHHHPHHHHPHPHHPPHPHPHH
237,PHPPHHHHPHHPPHHHPHHHHHHHP
238,PHHHHPHPHHHPHPHHHHHHPPPHP
239,HHHHHPPPHHHHPHHPPHHPHHPHH
240,PPPHHHHHHHHPHPHHHPPHPHHHH
241,HHPHPHHHPHHHPHPPHHHHPHPHH
242,HPHPPPHHHHHPHHHPHHHPHHPHP
243,HPHPHHPPPPPHPHHHPHHHHHHHH
244,PHHHPHHHHHHPPPPPHHHHHHHHP
245,PHPHHPHPPHHHHHPPHHPPHHHHH
246,PHHHPHHHPPHPHPPHHHHPHHHHP
247,HHHHHHHHPHHHHHHPHPPPPHHPP
248,PHHHHHPPPHHHHHHHPHHPHHPHP
249,PHHHHHPHHPPHHHHPHHPHPHPPH
250,HHHHPPPPHHHHHPHHHPPPHHPHH
251,PHHHHHPHHHHPHPHHPPHPPHHHH
252,PHPHHPHHHPHPPHPHHPPHHHHHH
253,HHPHHHHPHPHHHHHHPPHHPPHHP
254,HHHPPHHPHHPHPHHPPHHHHPPHH
255,HHHPHHPHHHHHPHPHPPHPHHHPH
256,HHHHHPPHHHHHPHPPPHHHHHPPH
257,HHPHHPHPHHPHHPHHHPPHHHPHP
258,PHHHPHPHHPHHPHHPHPHPHHHHP
259,HPPHHPHHPHHPHPHHHHHHHPPPH
260,PHPHHPPPHPHHHHPHHPHHHHHHP
261,PPHHHPHHHPHHHPPHPHHHHHPHP
262,HPHPPPHHHHPHHHPHHHPHPHHHP
263,HHPHPHPHHHHPHPHHPHHPPHHHH
264,PHHHHHPPPHHPHHHHPPHPHHHHP
265,HHHHHHPHPHPHHHHPPHHPPHHPP
266,HHHHHHPHPHHHHHPHHPHPPHHPP
267,HHPHHHHPHHPPHPHHHHPPPPHHH
268,PHHHHPPHHHPHHPPHPHHPHHHPH
269,HHPHPHPHHHHHHHHPHHHPHPHPP
270,PHHHPHHHHHHHHPHPPHHHPPHPH
271,HHPHPPHHHHPHHHHHHPHPPHPHH
272,HHHPPHHPHHPHPHPHHHHPPHHPH
273,HPHHHHHHHHHPHHPPPHHPPPHHH
274,PPHPHHHHPHPHHHHHPHPPHHHHP
275,HHHHPHHPPHPHPPHHHHHHPHHPH
276,PPHHHPHHHHHHHHHPPHHHPHPPH
277,PHHHHHPPHPHPHHHHHPHPHHHPH
278,HHPPHHPPPHPHHHHHHHPHHPHHP
279,PHPHHHHHPHHPHHHHPHHPHHPPP
280,HPHPHHPHHHHPHPHHHHPHHPHHP
281,HHHHPHHPHHPHHHHPHPHPPPPHH
282,HHPHHPHHPHPPPHPPHHHHHPHHH
283,HHHPPHHHPPPHHHPPHHHPHHHHH
284,PHPHHPHHHPHHHHPPHPPHHHHHP
285,HHPHHHPPHHHPPHHPPHPHHHPHH
286,HPPHPHPHHHPHHHHPHHHHHPHPH
287,PHHHHPHHHHHPHHHHHPPHPHPPH
288,HPPHHPPHHHHPPHHHHPHHHHHPH
289,HHHHHHPHHHHHPPHPPHPHPPHPH
290,PPPHHHHHHHPHPPHHHHHPHPHHH
291,HPHPHHHHPHHHHPHHHHHHPPPPP
292,HHHHPHPPPHHHPHHPHPPHPHHHH
293,HHHHHHPPHHPHPHPPHPPHPHHHH
294,HHHHHPHHHPPHPPPHHHPPPHHHH
295,HHHPPPHHHHHPHHHHPHHHPPPPH
296,HPPHHHHPHPHHPPHPHPHHHHHPH
297,HHHPHHHHHHHPPHPHHHPPHHPHP
298,HHHPPHPHHPHPPHPPHHHHHHHPH
299,PHHPHHHHPPHHHPHHPHHHPPHHH
300,PPHPPHPHHPHPHHHPHHHHHHHHH
301,PPHHHHHPHHPHHHHHHHPPPPHHH
302,HHHHPHPHHPHHHHHPPPPHHHPHH
303,PPHHHHHHHHHHHPPPPHPPHHHHH
304,HHHHHHHPPPHHPHHHHHHPHHPPP
305,HHHHPHHHPPPHHPHHPHPPHHPHH
306,HHPPPHPHPHHHPHHHHPPPHHHHH
307,HPPHHHHHHPHHPHHHHPPPHPPHH
308,HHHPHHHHPHPHHPPPHHHHPHHHP
309,PPHHHPHHPHHPHHHHPPPHHHHHP
310,PHHPHPHHHHHHPPHHHHPHHHHPP
311,HPHPHPHHPHHPHHHHHPHHHHPPH
312,HHHPPHHPPPPHHHHPPHHHHHHHP
313,PHHHHHHHHPHPHHPHHPPHPHHPH
314,PHHHHHHPPPHHHHPHHPHPHHHHP
315,HHHHPPHHHHPPHPHHPPHPHHHHP
316,PHPPHPHHPHHHHHHPHHHPPHHPH
317,HHPHHHPHHHPHHPPHHHHPPHPHH
318,PPHHHPHHPHHPHPPPHHHHPHHHH
319,PPPHPHHHHHHPHPPHHHHHPHHHP
320,HPPPHHHHPHPHHHHHHHHPPHHPH
321,HHPHPHHPHHPHHPHHHHHHPPPHH
322,PHHHHHPHHHPHPHPHHPHHPHPHH
323,PPPHHHHHHPHHHHHHPHHHPHHPP
324,PPPHHHHPPHHHHHHHHPHPHHPHH
325,HHHPHPHPHHHHHHHPHPPPHHHPP
326,HPHPHPPHHHHHHHPHHHPHPHHHP
327,HPHHHHHHHHHHPHPHHPPHPHHPP
328,PHHPHHHHHHHPHPHPHHHPPPHHH
329,HHPHHPPPPHHHHHHHPHHHHPPHH
330,PPHPHHHHPPHHHPHHHPHPHHHPH
331,HHHPPHHHHHHPHHHPPPPHHHHHP
332,HPHHHHPHPHHPHHPHHHPHHPHHP
333,HHHPHHHHPHPPHHHHHHHPPPHPH
334,PPHPPPPHHHPHHPHHHHHHHHPHH
335,PPHHHPHHHHPHPPHHHPHHHHHHP
336,HPHHHHPHHHHHPPPHHHPHPHHHP
337,HPHHHHHPPHHPPHHHHHPPPHHHP
338,HHPHHHPPHHHHHHPPHHPPHHHPH
339,PHHPHHHHHPHPHHHPHPHHHPPHH
340,HHHHHHHHHHPHPPPPHHHPHHPPH
341,HPHPHHHHPPHPHPPPHHPHHHHHH
342,HPPHHPPHPHPPHHHHHHHHHHHPH
343,PHHHHHHHHPPPHHHHHHHHPHPPP
344,PHHPPHPHHPPHHPPHHHPHHHHHH
345,PPHHPHHHHPPHHHHPPHHHPHHHH
346,HHPHPPHHHHHPHHHHPPPHHPPHH
347,HHHHPHPPPHHPHPPHHHPHHHHPH
348,HHHHHHPPHHHHHPHPPPHPHPHPH
349,HPPHHHPHHHHPHHPHPPHPHHHHP
350,PHHHHHPHPHPHHHHPPHHHHPPPH
351,PHHPHPPHHHHHHHHPHPHPHHHPH
352,HHHPPHHHPPHPHPPHHHHHHHPHH
353,PPHHHHHHHHHPPHHHHHPHHPHPP
354,HHHPHPHPHPHPHHHHHHHPHPHPH
355,PHHHHPHPPHPPHHHHPHHHPHHHH
356,HHHPPPPHHHHHHPPHHPPPHHHHH
357,PPHHHPHHPHHPPHHHHHHPHHHPP
358,HHPHPPPHPHPHHHPHHHHHHPPHH
359,HHPPPPHHPPHHHHHHHPPHHHHHP
360,HHPHHHHHPPPPHHHPHHHHPHHPH
361,PHPHPPHPPHHHHHHHPHHPHHHHH
362,PHHPPHPPHHHHHHHPPHHPPHHHH
363,HHHPHHPPPHHPHHHHHPHHHPPHH
364,HHHPPPHPHHPHHHHPHPHHPHHHH
365,PPHHPHPHPHHHPHHHPHHPPHHHH
366,HHHHHHHPPPHPHPHHPPHHHPHHH
367,HHHHHHPHHHPPHPPHHHPPPHHHP
368,PPHHPHHPHHPHPHHHHHPPHHHHP
369,HPHPHHPPHHHHPPPHHHHPHHHHP
370,HPHPPPHHHHPHHHPHHHHHHPHPP
371,HHHHHHPPHHHPPHHHPPPHHPHPH
372,HHPPPHHPPHHHHPPHHHHHHPHHP
373,HPPPPHHHHHHPHPHHHPHHHHHPH
374,HHHPPHHHHPPPHPHHHPHHHHPPH
375,PHPHHHHHHPPHPPHHHHHHHHPPH
376,PHHPHHPHHPPHPPHHHHHPHHPHH
377,HPPPHHPPHHPHHHPHPHHHHHHHH
378,HHPHHHPHPPHHPHHHHPHHPHPHP
379,HHHPPHHPHHHHPPHPPHHHPHHHH
380,PPHHHHHHHHHHPHPPHPHPHHHPH
381,PPHPPHHHHHPHPHHHHPHPHHHHH
382,HPHPHHHPHHHHPHPHPHHHHPHHP
383,HHPPHHHHPHHHPPHHPHHPHPHHH
384,HPHHPHPHPHHHPPHHHHPHHHHPP
385,HHHPHPPPHHHHHPHHPHHPHHPHH
386,PHHHHPPHHPHHPHHHHHPPHHHPP
387,PHHHHHHPHPHHHHHHPHPPPHHPH
388,HPHHHHHPHPHPHHHHHHPPPHPHP
389,HPPHHPHHHPHPPHHPHPHHHHHHH
390,HHPHHHPHHHHHHPPHPPHHHHHPP
391,HPPHHHPHHHHHPPPHPPHHHHPHH
392,HHHPHHPPHPPPHHHHHPPHHHPHH
393,PHHHHPPHHPHHPPHHHHHPHHHHP
394,HPPPPPHPHHHPHHHHHPHHHHHHP
395,HPHPPHHHHHHPPHPHHHPPPHHHH
396,HPHHHPPPHHHPHHHHPPHPHHHHH
397,HHPHHHHHPHPHPPHHPPHHHHHHP
398,PHHHHHPPHHPHPHHHPPHPHHPHH
399,HHPHPHHHPPPHPPHHPHHHHHPHH
400,HHHHHHHPHPPPHHHPHHPHHPHPH
401,PHHHHPPHHHHPPHHHHPPHHHHPH
402,HHHHPHPPHHHPPHPPHHHPHHHHH
403,HHHHHPHHPPPHHHHPHHPHHPPHH
404,PPHHPPPPHHHHHHHHHHPPHHHHH
405,HHPPHHHHHHHHHHHPPHHPHPPPP
406,HHPHPHHHHPPHHHHHHPHHPPPHH
407,PHHHHHHHPPHPHHHHPHHPHHPPH
408,HHHHPHHPHPPHHHPHHHHPHPHPH
409,HHPHHPPHHHPPPHHHHHHHPPHHP
410,HHHHHHHHHHPPHHPHPPPPPHHHP
411,HHHPPPHHPHHHHHPPPHHPHPHHH
412,PPPHHHPHPHHHHHHHPPHHHHHPH
413,HHHHHHPHPPPHHHHPPPHHHPHPH
414,PPHHPHHHHPHPHPHHHPHPHHPHH
415,PHHHPHHPHHPPPHHHHHHHHPPHP
416,HHHPHPPHHHHPHPHHPHHHPHHPP
417,HHPPHHHHPHHPPHPHHPHPHHHPH
418,HHHHPPHPHHHHHHHHPHHHPPPPH
419,PPHHPHHHHHHHPHPHHHHPHPPHP
420,HHPHHHPHPHHHHHPHPPHHPPHHP
421,PHHPPHPHPHPHHHHHHPHPHHHHP
422,HPHPPPHHHPPHHHHHPHHHPHHHH
423,PPHHHPHHPHHPHHPHHHHPHHHHP
424,HHHPHPPHHHHHPPHHHHHPHHPHP
425,HPPHHHHPHHHHHPHHPPHPHHHHP
426,HPPHHHHPHPPHHHPHHPPPHHHHH
427,PHPHPHHHHHHHHPHHHPPHHPPHH
428,PHHPHHHHHHPHPHHPPHHPHPHHH
429,PHHPHHHPHPHHPHHHHHHPHPHPP
430,HHHHPHHPHHPHHHHPHPPPHHHHP
431,HPHHHHHHPPHHHHPHHPPPPHHHH
432,HHPHPPPHHHHHPPHHPPHHHHPHH
433,HHHPHPPHHHPPHPHPHPHHHHHHH
434,PHPHHHHPHHHPHHHHPPPPPHHHH
435,HHHHPHHPPPHHPHHPHPHHPHHPH
436,HHHPHHHPHHHHPHHPHHHPPPHHP
437,PHHPHPHHPHPHHHPHHHHHPHHPP
438,HPHHHPPHPHHPHPHHHHPHHHPHH
439,HHPPHHHHHPPHHPHPPPHHHHHHP
440,HPHHHPHHHHHPHHPPHPPHHPHHH
441,PPHPPHHHHHHHPPPHHPHHPHHHH
442,PHHPPPHHHPHHHHHHHHHPPHPHP
443,HHHPHPHPHHPHHHHPHPHPPHHHH
444,HHHPHPHHPHHPHPPPHHHHHHPHH
445,HPPHHHPHHPHHHHHPHPPHHPHPH
446,HPPHHHHPHHHHHPHHHHPPHHPHP
447,HPHPPHHHPPHHPHHHHHHHPHHHP
448,PPPHHPHPHHHHHPHHHPPHHHHHH
449,HHHHHHHPPPPHHHHHPHHPPPPHH
450,HPHHPHHHHHHHHPHPHPPPHHHHP
451,HHHPHPPHHHHPPPPHHHHPHHPHH
452,HHPHHPHPPPHHPPHHHHPHHHPHH
453,HHHHHHPHHPPHPHHHHHHPHPPPH
454,PHPPPPPHHHHHHHHHPHHPHPHHH
455,PPHHHHHHHHHPPHPHPHPHHHHPP
456,HHHHPPPPPHPHHHHHPPHHHHPHH
457,HHHHHHHHPHHHHHPPHHPPPPPHH
458,PPPHHHPHHPPHHHPHPHHHHHHHH
459,HHPHHPHPPHPPPHPHHHHHHPHHH
460,PPHPHHHPHPHHHHHHHHPHPHHPP
461,HPPHHHHPHHHHPHHPPHHHHPPHH
462,PHPHPHHPPHPHHHHPHHPHPHHHH
463,PHPHPHPPHHHHHPHHPHHHHHPHP
464,HHHPPHHHPPHHPPPPHHHPHHHHH
465,PPHHHHHHHPPHHHPPHHPHHHHHP
466,PHHPHHHHHPPHPPHHHHHPHPHHP
467,HHHPHPHPHPHHHHPHPHPPHHHHH
468,HPPHHHHHHPHPPHHPHHHHPPPHH
469,HPHHPHHHHPHHHPHHHHHPPPHPH
470,PHHHHHHPPPHHHHHPHHHPHHPPP
471,HHHHHHPHHHPHHHPPHHPPPHHHP
472,PHHHHHPPHHHPPHPHHHHHHHPHP
473,PHPHHPPHHHHHHHHPPHPHHHHHP
474,PHPHHHHHHHPHPPHPHHHHPHHPH
475,HHPHPHHPPHPHHHHPHPHHHPHPH
476,HHHHPHHPPPPPHHHPPHHPHHHHH
477,HHHPHPHHPHHPHHHPHHPHHPPPH
478,HHHPHHHHHPHPHHHPPPHHHPHPP
479,HHHHHPHPPHHHPHPPPHHHHHPHH
480,HPHHHPHHPPHHHHPHHPHPPHHHP
481,PHHHHHPPPPHHHHPHHHHPHHHPH
482,HPPHPHHHPHHPHHHPHHPHHHPHH
483,PHHPHHPPHHHHHHHHHPPHPHHPH
484,HHPPHHPHHPHHHHPHHHPHPPHHH
485,HHPPHPHHHPHPHHPPPHHHHPHHH
486,HHHPPPHHPHHPHHPHHHPPHHPHH
487,PHHHHPPHHPHHPHHHHHHPPHPHH
488,HHHPHHPHHHHHHPHHHPPPHPPHP
489,PHHHPHHPPHPHHHHHHPHHHPHHP
490,HHHPPHHPHPPHHHPHHPHPHHHHH
491,HPPHHHHHHPPHHPHHHHPHHHHPP
492,HHPPHHHPPHHHHPHPPHHPHHHHH
493,HPPPPHHHHHHHHHHHPHPHHPHPH
494,HPPPPHHPHHHHHHHPHHPHHPPHH
495,HHHHHHHPHHPPPPHHPHPHHHHHP
496,HHHHHPHHPHPHPPHPHHHHPPHHH
497,HHPPHHHHHHPHHHPHPHHHHHPPP
498,HPHHPHHPHHHHHHHPPPHHPHHHP
499,PPHHHHHHHHHHHPHHPHPHPHPPH
500,HPHHHHHPHPHPHHHHHPPPHHPPH
501,HPHPPHHHHHHHHPPHHPHPHPPHH
502,HHPHPHHHPPHHHHHPHPHPHPPHH
503,PHPHHPPHHHHHHPPHHHHHPHPHH
504,PHHHHHPPPHHHHPHPHHPHHHHPP
505,HHPPPHPHPHHHHPHPHPHHHHHHP
506,HHHPHHHPHHPHHPPHHHHHHHPPP
507,HHHHHHHPPHPPHHHHHHPPPPHPH
508,HHHPHHHHPPHHPHHHPPHPHHHPH
509,HHPPPHHHHHHHHPHPHPPPHPHHH
510,HPHHPHHPHPPPHHHHHHPHHHHPP
511,HHHPPPHHHHHPHHPHPPHHHHHPH
512,HHHHPHPHPPPPHPHHHHHHHHPHH
513,PHHHPHHHHHHHPHHPHHPPHPPHP
514,HHPHHPHHHPPHPHPHHHHPHHPHH
515,HHHHHPHHHPPHPHPHHHPPHHHHP
516,HHPHPHHPHHPPHHPHPHHPHHHHH
517,PPHHHPPPHHHHHHPHPHHHHHPHH
518,HHHPHHHHHHHHPHPPPPHPPPHHH
519,HHPPHHHHPPHPPPHPHHHPHHHHH
520,PHPHHHPPPPHHHHHPHHHPHHHHH
521,PHPHHHPHPHHHHHHHPHHPHPHPH
522,PPHHPHHHHHHHPPHHPHHHHHHPP
523,PHHHHHPHHPHPHHPHPHHPPHHHP
524,HPPHHHPPHHHPHHHHHHPHPPHHP
525,PPHPHPHHHHHPPPHHHPHHHHHHP
526,HPHPHHHHHHPHPHHHHPHHHPPHP
527,HPPHHHHPHHHHPHHPHHHHPPHHP
528,HPHPHHHHPHPPHHHHPHPPHPHHH
529,HHPPHHPPHHHPHHHPHHHPHHHPH
530,HPHPHHHHHHPHHHPHPHPPPHPHH
531,HHHHHHHHHHPHHHHPPPPPHHPHP
532,PHPHHHHPPHHHPHPHPHHHHHHHP
533,HHPPHPHHHPHHPHHHHPHHHHPHP
534,PHHHHHHPPHPHHPHHHHPHPPHPH
535,HHHHPHPPHHPHHPPHPHPHHHHHP
536,HPHHHPHHHHPHPHHHHPHPHHPHP
537,HHHHPHPPHHHPHHPPHHPHPHHHH
538,PHPHHHHHHHHHPPHHHHPPPHHPP
539,PHHPPPHHHHHHHPPHHHPHHPHHP
540,HHHPHHPPPHPHPHHPHHPHHHHHH
541,PPPHHHHHPPHHHHPHPHHHHHPHH
542,HPPHHHHHHHHPPPHHHHPHPPPHH
543,PPHHPHHHPHHHPHHPHHHPHPHHH
544,HPPHPHHHPHHPHHPPHHPHHHHHH
545,PPHHHPPHPHPHHHHHHHPHPHHHP
546,HHHHHPPHHPHHHHPHPPHHHPHPP
547,HHHPHHPHHHHPHPHHPHPHPHPHH
548,HHPPHHPHPPHHPHPHHHHPHHPHH
549,HHHHHHPPHHPHHPHHHPPHHHHPP
550,HPPHHHHPHPPPHHHPHHPHHHHHH
551,HHHPHHPHHHHPPPPPHHHPHHHHH
552,PHHHHHPPPPPPHHPHHHHHHHHHH
553,HHHPPPHPHHPHHPHHHHPHPHPHH
554,HHHHHHHPHHPPHPPPPHHPHPHHH
555,HPPHHHHPPHHPHHPHHHPHHPPHH
556,PHHHHHHHHPHHPPHHPHHHPHPHP
557,HPHHHHHHPHHPPHPHHHHHPPHHP
558,HPHHHHHHHHHHHPHPPPHHPPHHP
559,HPHHHHHHHPHHPPPHHHHPPHPHH
560,HHPHPHPHPHPHHPHPHHPHHHHHH
561,HPPHHHHPHHHHPHHHPPHHPHHPH
562,HHPHPHPPHHHPPHHHHPHHHHPHH
563,HHHPPHPHHHHPHPHHPHPHPHHPH
564,PHHPHHHHHPHHHHHHHPPPHPPHP
565,HHPHHHHHHPPPHHHPHHHHHPHPP
566,HHPPPHPPHHHHHPHPHHHPHHHHH
567,PPHPHHHHHHHHPHHPHHPPPPHHH
568,PHHHHPHPHHHHPPHHHHPHHPHPP
569,HPHHHHHHHPPPHPPHPHPHHHHHP
570,HHHHPHHPHHHHHHPPHHPHPPPHH
571,HPHHPPPHPHHPPHPHPHHHHHHHH
572,PPHPHHHHHHHPPPHHHHPPHHPHH
573,HHHPHPPHHHHHHPHHHHPHHPPPH
574,HPPHPHPHHPHHPHHPHHHHPHHHH
575,HPHHPPPHPHHHHHHHHHPPHHPHP
576,HHHHPPHPHHHHPHHPPHHPHHPHP
577,PHHHHPPPHHPHPPHPHHPHHHHHH
578,HHPHPPPHHHPHHHPPPHHHHHHHH
579,HHHHHHHHPHPHHHPHPPPPPHHHH
580,HHPPHPHPHHHPHHHHPPPPHHHHH
581,HPPHHHPHHPHHHPHPHHHPHHPHH
582,PHHPHPHHHHPPHHPPHHPPHHHHH
583,HPHHHHPPPHPHHHPHHHPHPHHHP
584,HHHPHPHHHHHHHHPHHPHPPPPHH
585,HHHHPPHHHPHPHHHHPPHHHPHPH
586,PPHHHHHPPHPHPPHHHHHHHHPPH
587,HPPPPPHPHHHHHHHHHHHHPHPHP
588,PPHPPHHPPHHHHHHHHHHHHHPHP
589,PHHHPHPPHPHHPHHHHHHHPHPHH
590,HHPHPHHHPHHPHHPPHHPPHHPHH
591,PHPHPHHHHHPHHHHPPHHPPPHHH
592,HHHPHPPPHHHHHHPHPHHHHPPHP
593,HHHPHHPPHPPHHHHHHHHPHPPHP
594,HHPHPHHHPPHHHHHPPHHHPHHPP
595,HPHHPPHPPHHHHHHHHPPHHHHHP
596,HPPHHHHHHHHPHHHPHHPHHPHPP
597,HPHHHPHHHPHHPPHHHHHHHPPHP
598,HHPPHPHHPHPHHHHHPHHHHHHPP
599,HPHPHHPHPHPHHHHPHHHHPHHHP
600,HHHHHHPPPHHHHPHHPPPHHHHHP
601,HHPHPPHHHPPHHPHPHHPHHHPHH
602,HHPPPHPPHHPPHHHHHHHHPHHHH
603,HHHPHPHHHPHPHHPPHHHHHPHPP
604,HHHHPPHHHHPPHPHPHHHPHHHHP
605,HPHHHHHPPHHHPPPHPHPHHPHHH
606,PPHHPPHPHHHHHPPHHHHHHPPHH
607,HPPPPHPPHHHHPHHHHPHPHHHHH
608,HHHPPPPHHHPHHHHHPHHHHHHPP
609,PHHHPHHHPHPHHHHHPHHPPHPHH
610,HPPHHHPHHHHPHHHHHPPHPHHPH
611,HHHHHPHHHPHHHHPPPPPPPHHHH
612,PHHHHHHPHHHPPHPPHHPHHPHPH
613,HHHHHHPPHPHPHPPPHPPHHHHHH
614,HHPPHPHHHPHPPPPHHHHHPHHHH
615,HHPHPHHHHPHHPHPHHPHHPHHHP
616,HHHHPHPHPPHHHHPHPHPHPHHHH
617,HHHHHPPHPPPHPHHHPHHHHPHPH
618,HHPHPHPHHHHHPPHHPHPHHPHPH
619,HHPHPHPHPHHPHPHHPHHHPHHHH
620,HHHPPPHHPHPPHHHPHHHHPHHHP
621,HHHPPPHHHPHHPHHHHHPHPPHHH
622,HPPPHPHHHHHHPPHPHHPHHHPHH
623,PPHHHHHHPPPHHPHHHPHPHPHHH
624,PPHHPHHHPPHHHHPHHPHPHPHHH
625,HPHHPHHPPHHPHPHHHHPPHHHHH
626,HHHPPHHPHHPHHHPHPHPHPHHHH
627,HPPHHHPHHPHPHHHPHHHHPPPHH
628,HHHHHHPHPPPHPPHPHHPHHHHHH
629,HPPHHHHHPHHHHPHHHPHHPHPHP
630,HHPHHPHPHHHPHHHPHPHHPPHHH
631,HHPHHPHHHPHHHHHPPPPHHHHHP
632,HPHHHHPHHHPHPPHHPHPHHPHHH
633,HPHHPPHPHHHHHHHPHHHHHHPPP
634,HPPHHHPPHHHHPHHHPPHHHPHHH
635,HPHHHPHHHHHPHPHPHPHHHPHHP
636,HHHPHHHPPPHPHPHHHHHHPPPHH
637,PHHHPHHHHHHHHPPPHPHHPHHPH
638,HPHHHPPHPHHHHHHHHPPHPHPPH
639,HHPHPHPPHHPHHHHPPHHHHHPHH
640,HHHPPHPHHPHHHPPHPPHHPHHHH
641,HHHPHHHPPHHPHHHPPPHHHHHPH
642,HHPHPHHHPHPHPHHPPHPHHHHHH
643,PHHPHHHPPPHHHHHHHPHPPHHHH
644,PHHHHHHPHHHHPPHPPHPHHHHPH
645,PHHHHHPPHHHHPHHHHPPHHPPHP
646,PHHHPHPHHHHHPHHPHPHHPHHPP
647,PHHPHHHHHHPHPHPHPHPPHPHHH
648,HPHHHHHHPPPHHPHHPHHHHPHHP
649,HHPHPPHHHHPHHHHHHPPPHPHHP
650,PHHPHHHPHPPPHPHHHHHHHHPHP
651,HHPPHHPHPHPHHHHHPHHHPPPHH
652,HPHHHHHPHHHHHHPPHHPHHPPPH
653,HPHPHHHHHHHHPHHHHHPPPHPHP
654,HPPHHHHPPPPHHHHPHHPHHHHHH
655,PHHHPPHPHPHHPHHHHHHHHHPPH
656,HHHHPHPHPHHPHHHPPHPHPHHHP
657,HHHPPPHHPPHHHHHHPPHHHHPPH
658,PHPHPPHHHPPPHPHHHPHHHHHHH
659,PPPHPHHHHHHHPHHHPHPHPHHHP
660,PHHHPPHPHHPHHHHHPHHHPHHPP
661,PPHHHHHHPHHHHPHHHPPHHPPHH
662,PHHHHHPPHPHHPHHPPHHHHHPHP
663,HHHPHHHHHPPHPHHHHHHHPHPPP
664,HHHHPHHPHPPHPPHHHHHPHPPHH
665,HHHHHHHHHHHPPPHPHHPPHHPPP
666,HHPHHHHHPPPPHHHPPHHHHPHHH
667,PHHHHPPPHHPHHPPHPHHHHHPHH
668,HPPHPHHHHHPPHHHHHHPHHHPHP
669,PHHPHHPPHHHPHHPHPPHHHHHHH
670,HPHHHPHHHPPPHHHPPHHPHHHHH
671,HHHHPHHHHHPPPHHHPHPHHPHHP
672,PHHHHHPHPPHHHHPPHPHHPPHHH
673,HHHHHHHPHHPHPPHHPHHHPHHPP
674,HHPHHHHHHHPHPHHPHHPPPHHHP
675,PHHHPHHHPHPHPPHPHPHHHHHHH
676,HHPHHHPHPPPPHHHHHPHHHPHHH
677,HPHHHPHPHHHPPHPHHHPHHPHHH
678,HHHHHHPHHHHHPHPHPHHPHHPPP
679,HHPHHHHPHHHHHPHPPHPHHHHPP
680,PHHPHPHHHHHPPHPPHHHHHHHHP
681,HPPPPHPHPHHHPHHHHHHPPHHHH
682,PPHHHPPHHHHPPHHHHHPHHHPHP
683,HHHHHHHHPPHPHHHPHPPPHHPHH
684,PHPHHPHHHHHHHPPHHHHHPHPHP
685,HHHHHPHHHHHHPHHHPHPHHPPPP
686,HHPHPPPPHPHHHHHHHHPPHPHHH
687,PHPHPHHHHPPHHHHPHHPHPHHHH
688,HHPHHPHPHHHHPPPHPHHHPHHHP
689,HPHHHHHHPHHHHHHPHPPHPHPPH
690,PPHHHHHHHPHPHHHPHHHHPPPHH
691,PHHPHPHHHHHHHPPPPHHHHHPPH
692,PHPHPPHHHHHPHPHHPHHPHHHHH
693,PPHHHPHHHHPHHHPHPHHHPHPHH
694,HHHPHHPHHPPPHPPHHHHPHHHHP
695,PHHHHHPPPHPHHHHPPHHHHPHHH
696,HHPHHHPHPPHHPHPHHHHHHPHPH
697,PPPHHHPPHPHHHPHHHHHHPHHHP
698,PPPPHHHHHHPPHHHHHHHPHPHHH
699,PPPHPHHHPHHHHPHHHHHHHPPHP
700,HHHHHHHHHHHPPPHHPHHHHPPPP
701,PHHHPHPPHPHPHHPHHHPHHHHHH
702,HPHHHPPHHPHPHHHPHPHPHHHHP
703,HPHHHPPHHHHPHHPPHHHPPHHHH
704,PHHPHHHHPHHHPPHHHHHPPPPHH
705,HHPPHHHPPHHPPPHHHHPHHHHHH
706,HPHHPPHHHPHHHHHHHPHPHPPPH
707,HHHHHHHPHPHHHPHPHPPHHHHPP
708,HHHHPHHPHPHHHHHHHPPHPPPHH
709,HPHHPHHHPHPPHHHHHHHHPPPHH
710,PHPHHHHHHPHPPHHPHHPHHHHHP
711,HHPHPHPHHHHPHHHPHPHPHHHPH
712,PHHHHHHPPHHPPHHHHPPHHHPHH
713,HPPPHPHHHHPHHHPPHHHHHHHHP
714,PHPHHPPHPPHHHHHHHHPHHHHPP
715,PHHHPHPPHHHHHHHHPHPPPHHHP
716,HPHHHHPHHPPPHHPHPPHHPHHHH
717,HHHPHPHHPHHHPHHPHPPHHHHPH
718,PHHHHHHHHHPHPHPPHPPHHHHPP
719,HPHPHHPPHPHHHPHHHPHHHHHPH
720,PHHHHHHHHPHPHHHPHPPPHHPPH
721,PHPHHHHHHHHHHHPPHHPHPHPPP
722,PHHHHPPHHHPHHPHHHHHPHHPHP
723,PHHHHHHHPHPHPPHPPHHHPHHHH
724,HPHHHHHPHHPHHHPHPHPHPHHPH
725,PHPHHHHHHHPPHHPPHPHHPHPHH
726,HHHHPPHPHPHHPHPPHPHHHPHHH
727,HHHHHHHPPHPHHPHHHHPPPHPHH
728,HHPHHHPHPPPPHPHHHHHHHPHHH
729,PPHPPHHHPHHHPHHPHHHHHHPHH
730,HHHHHHPPPHHHPHPPHHPPHHHHH
731,PHHHHPHPPHHHPHHHHHHPPPHHH
732,PHHPHHHPHHHHPHPHHHHHPPHHP
733,PPHPHHHPHHHHPHHHPHHPPPHHH
734,HPHPPHHHHPPHHHPPHPHHPHHHH
735,HPHPHPHPHHHHHHPPHHPPHHHHH
736,PHPHPHHHPPHPHHHPHHHPHHHHH
737,PHHHPPPPHPHHHHHHPHHHHHHHP
738,HHHHHPPPPHPHHPHHHHPPHHHHH
739,HHHHPHPHPHPHHHHHPHHHHPHPP
740,PHPHPHHPHPHPPHHHHHHPHHHPH
741,HPHHHHHPHHPPHHHHPPPHPHHPH
742,HHHPHPPHHHPHPPHHPHHHHHPPH
743,HPHHPPHPHHHPPPHHHHHHHHHHP
744,HPHPPPHPPHHHHHHHHHPHHHHHP
745,HHPPHHPHHPHHHPHHPHHHHHHPP
746,PHPHPHHHHHPPHHHPHPHHHPHHH
747,PHPPHHHHPPHPHHHHHPPHPHHHH
748,HPHHHHPHHPHPHPPHHPHPPHHHH
749,HHPHPPPHHHHHPHHHPHPHHHHHP
750,HHHHHPHHHPPHPHHHHPPPHPHHH
751,HPHHPPHHPPHPHPHHHPHHHHHHH
752,PHPPHHHHPHPHPHHHHHHPHPHPH
753,HHPHHHPHPPHHHHHHHPHHPPPPH
754,HPHHHHHHPHPHHHPHPHPPPHHHH
755,HPHHHHHHPPHPPHHPHPHHHHHPP
756,PHHPPHHHHPPPHHPHHHPHHPHHH
757,HHPPHHPPHHHPHHPHHHPHHHPPH
758,HPHHPHPHHHHHPHPHHPHPPHHHP
759,HPHPHPHPHHHHPHHHHPPHHPHHH
760,HHHHPHHPPHPHHPHHHHHPPPHHH
761,PHHHHPHHPHPHHHHPHHHPHPHHP
762,PHPHHHPHHHPPHPHPHHHHHHHHP
763,PHHHHHPPPHPHHHHHHHHPHPPPH
764,HHPHHHHHHPHHHPHHPPHPHHPHP
765,PHHHHPPPPHHHHHHHHHHPHHPHP
766,HPHHHPPHHPPHPHHHHHPHPHHHH
767,PPHPHHPPHPHHPHPHHHHPHHHHH
768,PHPPHHHHHPHPPHHHHHHPHHPHH
769,PHPHHHHHHHPPHHPHPPHHHPHHH
770,HPPHHPPHHPHHPHHHHHHPPHHHH
771,HPHHHHPHHHHPPHHHHHHPPHHPP
772,PHHHHHHHPHHPHPPPPHHHPHHHH
773,PHPHPHPHPHPPPHPHHHHHHHHHH
774,HPPHPHHHHHPHHPHPHHPHHHHHP
775,HHPHHHPPHPPHHHHPPHHHHHHPH
776,HHHPPHPPHHHPHHPPHHPHHHPHH
777,HHHHHPHPPHHPHHPPPHHPHHHHH
778,HHPHHPHPHHHPHPPHHHHPPPHHH
779,PHHHPPPHPHHHHHHHPHHHHHPPH
780,HHHHHHHHPHHPHHHPPPHPPHHPH
781,PPPPHHHHHPHHPHHPPHHHHHHPH
782,PHHHHHHPHPPHHHHPPHPHHHHPH
783,PPHHHHHHHHPPPHHPHHHPPHHPH
784,PPHHPHPHHHPHHHPHHPPHHPHHH
785,HHPPHHHPHPPHPHPHHHHHHHPHH
786,HPHPHHHHPPHHHPHPPHHHHPPHH
787,HHHHHHPPPPHPHPHHHHPPHPHHH
788,HHHHHPHPHPHPHPHHHHPPHHHPH
789,PPHHHHPHHHPHPHPPHHHHHHPHH
790,HHPHHHPHPHPHPHHHPHHPHPHHH
791,HHPHPHPPHHHPHHHPHPHPHHHHH
792,HHHPHHHPHHHHPHHHPPPPHHHHP
793,HPHPHHHHPHHHHHPPPHPHPHHHH
794,HPHPPHPHPPPHHHHHHPHPHHHHH
795,HPHHHHPHHHHPPHHHPPHHPHPHH
796,HPHPHHHHPHHHHHHPPHPHPPHHH
797,HPHHHHHHPHPHPHHHHHHPPPPHH
798,PHHHHPPHHPHHPHHHHHPHHHPPH
799,HHHHHHPPHHHHPHPPPHHHHHHPP
800,HHHHPHHPHPPHHHPHHHPPHPHHH
801,PPHHHHHHHHPPPHHHPHHPHHPHH
802,HPHPPHHPPPHHHHPPHHHHHHHHP
803,PHHHPHHPHHHHHHPPPHHPPHHPH
804,HHPHHHPHPHHPHPHPHHHPHHPHP
805,PHPHPHPHHHHHPPHPHHHHHHHPH
806,HHHPPHPPHHHHHHPHHPHHHPHPH
807,HHHHHHHHPHHPPPPHPPHHHPHPH
808,HHHPHPHPHHHPHHPPHPPHPHHHH
809,HHHHHPPHPHHPHPPHHHPHPHHPH
810,HHHHHHHHPHHPHHPHHHHPPPPPP
811,HHHHHPHPPPHHHHHHHHPHPHPPH
812,HHPPHPHHPHPHPHHPHHPHHPHHH
813,PHPPHHHPPHHPHHHHHPHHPHHHH
814,HPHHHHPHPHHPPPHHHPHHHPPHH
815,HHPHHHPHHHHPPHHPHPHPHPHHH
816,HHHHHHHHHPPPPHHHHHHPPPPHH
817,HHHPHHHHHHHPPHPHPHPHHPHHP
818,HPHHPPPPHPHHHHHPHPHHHHHHH
819,PHHPPHHHPHPPHHHHHHHHPHHHP
820,PPHHHPHHHPHHPHHHPHHHHPPHH
821,HHHPHHPPPHHPPPHHHHHHHHHPH
822,PHHPHHHHHHPPPPHHHPHHHHPHP
823,HHHHPHPHPHHHHPHPPHPHHHPHH
824,HPHHHHHHHPPPHHPHPHHHPPHHP
825,HPPHHHPHPHHHHHHHHPHHHPPPH
826,HPPHPHHHHPHHHHHHPPPHHPHHH
827,HPHPHPHHHHHHHPHHPHHHPHHPP
828,HHHHHPPPPHHPPPHHHHHPHHHHH
829,HHHPPPHHHHHPHHPHHHPPHHPPH
830,HHPHPPHHHPHHPPHPHPHHHHHHP
831,HHHHPHPHPHHHPHPHPHHHHPPHP
832,PPHHPHHPPHPHHHHPHPHHHHHHH
833,HPHHHHPHHHHPPHPHPHHHPHPPH
834,HHHHPHHHPHPHPHHPHHPPHHPPH
835,HPHHHHHHPHHHHHPPPPHHHPHPH
836,HPPHPPHPHHHPPHHHHHHHHPPHH
837,PHHPHPPPPHPHHHPHHHHHHPHHH
838,PHHHHPHHHHPHHHPHHPPPPHHHH
839,HHHHPPPPPPHHHHHHPHHHPHHHH
840,PHHHHHPHPHHPHHHPPHHPPHHHH
841,PHPHHPPPHHHHPPHHHHHPPHHHH
842,PPHPHHHHHHPHHPPPHHHHPHHPH
843,PHHPHHHHHHPHHPPHPPPHHHHHP
844,HHHPHPPPPHHHHHPPHHHHHPHHH
845,HPHHPHHPHHHHHPPHHPHHHPHPH
846,PPHHHHHHPHPHPHHPHHHHPPHPH
847,HHHPPHHHHPHPHHHPHPHHHPPHH
848,HHHPPPHHHPHHPHHPHHHHHHHPP
849,HHPHHPHHPPHHPHHPPPHHHHHHH
850,HPHHPHHHPPPHPHHHHHHHHPPHH
851,HPHHHHHHPHPPHPHHHHPPPHHPH
852,PPPHHHPHHHHHHPPHHPPHHHPHH
853,HHHPHPPHHPHHHPHPHPHHHHHHP
854,HHHHHHHHPPHPPHHHHPPHPPHPH
855,HPHPHHPPPPHHHHHPHHHPHHPHH
856,HHHHPPPHPHHPHHHHHHHPHPHHP
857,HHPHPHHHHPHPHPHHPPHHHHHHP
858,HPHHHPPHHHHHHPPHPHPHHHHHP
859,PHPPPHHPHHPHPHHHHHHHHHPPH
860,HHHPHPPPHHPHHHHPHHPHPHHPH
861,HHHPPPHPHPPHHPHHHHHHHHHPH
862,PPPHHHPHHHPHHHHHHPHHHPHPP
863,HPPPHHHPHHHHHHHPPPHHHHPHP
864,HHPHHHHPPPHPHHPHPPHPHHHHH
865,HPHHPPHHHHHHPPPHHHHPPHPHH
866,HPHHHPHPHHPHHHHPPPHHPHHPH
867,HHPHPHHPPHHHPHHHHHPHHPPHH
868,PHHHHHHHHHHPPHHHPPHPPHPPH
869,HHHHHHHPHHHPPPPPPPHHHHHHP
870,HPPHPHHHPHPPHHHPHHHHHPHPH
871,PHHHPHHPHPHPHHHPHHHHPHPHH
872,HHHHHHPHHHPHHPHPHHPPHHPHP
873,HPPPPHHHHPHHPHPHPHHHHHHHH
874,PHPHPHHPHHHPHHHHHHHHHHPPP
875,HHPPPHPHHHHPHHHHHPHPHHHPH
876,HPHPHPHHHHHPHPHPHHHHHHPHP
877,HHHHPHHPHHPPHHPHPHHHHHHPP
878,PHHHHPHPPHHHPHHHPHHHHHPPH
879,HPPPHHPHPPHPPPHHHHHHHHHHH
880,HPPHHHHHHPHHHHPPHHPPHPHPH
881,HHHHHHHHPHPPPPHHHHHPPHPHP
882,HHHHHHPHHPHPHHHHPPPHPPHHP
883,PPPHHHPHPHHPHHHHHHHPHHPHH
884,PHHHHHHHHPHPPHHPHPPHHPHHH
885,PHHHHHPPPHHHHPPHHPHHHHHPH
886,HPPHHPHHPHHHHHHHPPHHPHHPP
887,HHHHHHPPPHHHPPHPPHHPHHPHH
888,PHHHHHPHPHHHHPPPHHHHHHPPP
889,HHPPPHHHHPHPHPPHPPHHHHHHH
890,PHPHHHPPHHHHHPPHHHHPPHHHH
891,PPHHHHHHHHHPPHHHHPPPPHPHH
892,PPHHHHHHPHHHHHHPHHHHPPPHP
893,HPHHHHHPHPHPHPHPPHHHHHPPH
894,HPHPPHHHHHPHPPHHHHHPHHPHH
895,PHPHHPHHHHHPHHHPHPPPHHHHH
896,HHHPPHPHPHHHHHHHHHHPPPHHP
897,HPHHHHPPHHHPPPPHPHHHHPHHH
898,HHHPHPPHPHHHHHPHHHPHHPHPP
899,HHHPHPPHHHHHPHPPHHHPPHHHP
900,HPPHPHHHPPHHHHHPPPHPHHHHH
901,PHPHHHHHPHPHHHPHHHHHPPPHP
902,HPHPHHHHHPPHPHHHPHPHHHPHP
903,HHHHHHHHHHPPHPPHHPPPHPHHH
904,HHHHPHHPHHHPPHHHPHPPHPHHH
905,PHHHHHHPPPHHPPHHHHHHPPHPH
906,PHHPHHPHHHHHHPHHPHPPHPPHH
907,HHHHHPHHPHPHHHHHHPPPPPHHH
908,HPHHHHPPPHHHPHHHPHPHHHHPP
909,PHHPHHHHPPHHHHHPPHHPPHHHH
910,PHHHPPHHHPHHHHPHPHHPHPHHH
911,HHHHPPPPHPHPHPHHHPHHHHHHH
912,PHPHPHPPHHHHPPHHHHPHHHPHH
913,HPHPHHHHHHHPPPPHHHPHPHHHH
914,HHPPPHHHHHPHHPPHPHHPHHHHH
915,PPHHHHPPHHPHHHHPHHHHHHPHP
916,PPPHHHHPHHHHPHHHHHPPPHPHH
917,HHHHHPPHHHHHHPHHHHPPHPPPH
918,HHPHHHPHPHHPHHHPPPHHHPHHH
919,PHPPHHPHPHHPHPHPHHHHHHHHH
920,PHHHHHHHPPHPHHPPPPHHHHHHP
921,HHHHPPPHHHPPHPHHHPHHPHHHH
922,HHHHHHHHPHPPHHPHPPHPPHHHP
923,HHHPHHHHPPHPHPPPHPHHHHHPH
924,HPHHHHHHPHHPHPHPHPHHPPHPH
925,PHPPHHHHHPHPHHPHHHHHPPHHH
926,PPPHHPPPHHHHHHHHPHHPHHHPH
927,HPHHHPHPHHPHPPPHHHHPHHHHP
928,HPHHHPHPPHHHPHHPHHPPHHHHH
929,HHPHHHPHHPHHPHPHHHPPHPHHH
930,HPPPPHHHPPHHHPPHHHHPHHHHH
931,HHPPPHHHHHHHHHHHPPHPHHPPH
932,PPHHHPPHHHHPHHHHHHPHHPHPP
933,HHHHPHHPPPPHPPHHHPHHHHPHH
934,HPHPPPHPHHHHPHPHPHHHPHHHH
935,HHPPHHPHPPHHHPHHHHHHHPHPP
936,HPHHHPHPHPHHHHHPHHHPHPPHH
937,HHPPHHHHPHPPPHPHHHHHPHHPH
938,PHHHHHPHPHHHHHPPHPHHPHHPP
939,HHPPPHHHHHPHPHHHHPPHHPHPH
940,PHHPHHHHPHHHHPPHPPHHHPHHH
941,PHHHHHHPHHHPPPHHHHPPHHHHP
942,HPHPHHPPHHPHPHPHHHPHHHPHH
943,HHHPPHHHHHHHPPHPPHHPPHHPH
944,PPHHPPHHHHHPHPPHHPHHHHHHH
945,HHHHHPHHHHHPHHHPHHPPPPHHP
946,HHHPPHHPPHHHHHHPHHHPHPHPP
947,HHHHHPPPHHPHPHHHPHPHHHHPH
948,PPHHHHPPHHPHHHHHHHHHPPHPP
949,PPPHHHPHHHHHHHHHHHHPHPPHP
950,PPHHHHHHHPHHHHPHPHPHPHPHH
951,HPPHHPHHPPHHHPHPHHHPHHHHH
952,PPHPHHPHHHHHHPHHPPHHHHHPH
953,HPHPHPPHHHHHPHPHPHHHHPHHH
954,HHPHHHPPHHHHPPHPPHHHPHHHH
955,HHHHHPPPHHHHPHHHHPPHHPPPH
956,HHHHHHPHHHPPHHPPHHPHPPHHH
957,HHHHPPHPHHPPHHHHHPPPHHHHH
958,PHPHPHHHPHHHHPHHPPHHHPHHP
959,PHPHHHPHHPPHHHHPHPHHHHHHP
960,PPPHPHHPPHHHHHHPHPPHHHHHH
961,HPHHPPPPHHHPHHHHHHHHHHHPP
962,PHHHPHHHHPHPPHPHHHPHHHPHP
963,PHPPHHHHHHPHHHHHPPHHHPPHP
964,PHHHHHHPHHPPPHHHHHPHHHHPP
965,PHHHHPHPHHPHHHPHHHHHPPPHH
966,HHPHHHPPHPHHHPHHHHPHPHHPH
967,HHPHPPHHPHPHPHHHHHHPHHPHH
968,HPHHHHHHHHPHHPPHHPPPPPHHH
969,PHPPHHPHHPHPHHHPHPHHHHPHH
970,HHHHHHHPPHPHHHHHPHHHPPPPH
971,HPHHHPPHHHHPHPHHHPPHPHHHH
972,HHPHPHHHHPHHHPPHHPHHHPHPP
973,HPPHHPHHHHPHHHPHPHHHHHPHP
974,PHHHHPHPHHHHHHHHPPPHHPPHP
975,HHHPPHHPHHPPHHHPHHPPHHHHH
976,PPHHHHHHPPHHHHHHHPPHHPPPH
977,HHPPHPPPHHHPHHHPHHHHHPPHH
978,HPHPHHPPHHHHHHHPHHHPPHHPP
979,HHPHPHHPHHHHHPHHPPHHHPPPH
980,HHHHHHHPPHHHHPPHPHPHPHHPH
981,PHPHHHPPHHHPHHPPHHHHHHPHH
982,HPPHHPPHHPHHHHHHPHPHHHHHP
983,PHPHHPHHHHHPHHHHPPPHPHHHP
984,PHHHHHHPHPHPHHHHPHPHPHPHH
985,HHHHPPHHHHHPHHHPHHPHPHHPP
986,HHHHHPPHPHPHHHPHPHHPHHPHH
987,PHPHHHPPHPHHPHHHHPHHPHPHH
988,HPHHHHHHHPHPHHHHHPHHPPPHP
989,HPHPHHPHHPHPHHHPHHPPHPHHH
990,HHHHPPHHHHPHHHHHPPHHPPHHP
991,PPPHHPHHPHPHHHPHHHHHPHPHH
992,PHPHPHPHPHHPPHHHPHHHHPHHH
993,HHHHPHPHHHHPHPPPHHHHHHPPP
994,HPHHPPHHHHHHHHPHHPPPHHHPH
995,HHPHPHPHHHPPPHHHHPHHPHHHH
996,PHPHHPHPHPHHHPPHHPPHHHHHH
997,HPHPHHHPHPHHHHHHHPPPHHHPH
998,HHHHHPHPPPPPHHPHHPHHHPHHH
999,HHHHPPHPHHPHPHHHHPPHHPHPH
1000,HHHHHHHPPPHPPHPHPHHPPHHHH
1001,PHHHHHHHPPPPHHHHHHPPHPHHH
1002,HHHHHPPHHHHHPHHPPHPHHPHHP
1003,HHHPHPHPPHPHHPPPHHHPHHHHH
1004,PPPHHHHHHPHHPHHPPHPHHHPHH
1005,HHHHHPHHPHHPPPHHHHHPHPPHP
1006,PPHHHHHHHHPHPHHPHHPPHPHHH
1007,HHPHPHPHHPHHPHPHHHHHPPHPH
1008,HHHPHHHPHPHHPPHHPHPPHPHHH
1009,HPPPHPHHHHHHHPHPPHPHHHHHH
1010,HHHHPHPHHHHPPPPHHPPPHHHHH
1011,HHHHHPPHHHHHPHHPPPHHPPPHH
1012,PHHHPPHHHPPHHHPPHHHPPHHHH
1013,HPHHPHHHHPHHPHPHHPHHHPPHH
1014,HHHPHHHHHHHPHPPPHHHHHHPPP
1015,HHPPHPHHPHPPHHHPPHHHHHHPH
1016,HHHHPPPHPHHHHHHPHHPHPHHPH
1017,PHHPHHHHPPPHPHHHHPHPHHPHH
1018,HHHHHHPHPPPPHPHHHHHHPHHPH
1019,HHPPHHHHHHHHPHHHPHPHPPPHP
1020,HHPHPHHHHHPHPHHHHPHHPHPHP
1021,HHHPPPHHPPPPHHHHHHHHHHHHP
1022,HHHPHPPHPPHHHHPPHPHHHPHHH
1023,HHHHHHHPHPHPPHHHHHHPPPHPP
1024,HPPHPPPHHHHPHHPHHHHHPHPHH
1025,HHHHHPHPPHHPHHPPHHHHPPHHH
1026,HHPHHPPHHPHHHPHHPHPPPHHHH
1027,PHPHPHHHHPHHHHPHHHHPHPHPH
1028,PHHHHHPHHHHPPHHHHPPHPHPHH
1029,PHHPHHHHPHHHHHHPPPHHHPPHH
1030,HHHHHHHHPPPHPPPHHHPHPHHHH
1031,PHPPHHPPHHHPHHPHPHPHHHHHH
1032,PPHPPHHHHHHHHHHHPHHHHPHPP
1033,PHHHHPPHHHHHHHHHPPPHHHHPP
1034,HHHHHPHHPPHHHHPPHHHPHHHPP
1035,HPHHPHHHPPPHHHHHPPPHHHHHH
1036,HPPHHHHPHHPPHHHHHHHPPHHHP
1037,HHHHHHHPPHPPHPHHPPHPHHHHP
1038,PPHPHHHHHHPHPHPHHHHPHHHPH
1039,HHPPPHHHHHPHPHHPHPHHPHHPH
1040,HHHPHHPHHHHPPPPHHHPHHPHPH
1041,HHHHHHPHPPPHPHHHHHPPHHHHP
1042,PHHPPHPHHHHHHHHPHHPHPHHHP
1043,PHHHHHHPPHHHHPPPHHHHPHHHP
1044,HHHPHHPPHHPHHHHPHPHHPHHPH
1045,HPHHPHPPHHPHHPHPHPHHHHHHH
1046,PHHPHHHHHHHPHHPPHPPPHHHHH
1047,HHPPHHPHHPPPPPPHHHHHHHHHH
1048,HHHHHHPHHHHHPHHPPHPHHPHPP
1049,PHHHHHHPHHHPPPPHHPHHHHPHH
1050,HHPPHHPHPHPHPHHHHPHPHHHHH
1051,HHHPHHHPPHPHHHPHPHPHPHPHH
1052,HHPPPPPHHHHPPHPHHHHHHHHHH
1053,PHHPPHPHHHHPPHHHHHHHHPHPP
1054,PHPHPHHPHHPHHHHHPPPHHHHHP
1055,HHPPHHHHHHPPPPPHHHHHHPPHH
1056,HHHPHHPPHPHHHPHHHHHPPPHPH
1057,HPPHHHHPPPHPPHHHHHHHPHHPH
1058,HHPHHHHHPPHPPHPHHHHHPPHHH
1059,HHHPPHPHPPPHHHHHHHHPHHHPH
1060,HHHPHPHHPHHPPHPHHHPHPHHHP
1061,PHHHPPHPHHHPPHPHHPPHHHHHH
1062,HHHPHPPHHHHHPHPPHHHHPHHPH
1063,HPHHPHPHHHHHHHHHHPPPPPHHH
1064,HHHPPHHHHPPPPPHHHHPHHHHHP
1065,HHHPHPHHPHPHPPHHHHHPHHPHP
1066,HHHPHHPHHPHPHHHHPPHHHPHHP
1067,PHHPPHHPPHHHHHHHPPHHHHPHH
1068,PHHHHPPHHHHHHHHPPPHPPHPHH
1069,HPHPHHHPHHPPHPHHHHHHHPHPH
1070,PHHHHHHHPPHPHHPHHPHPHHHPH
1071,PHPHHHHHHPHHPHHPHHPHPHPHH
1072,PPHHPHHPHHPHHHHHHHHPHPHPH
1073,PHPHHHHHHPHHPHHHPPPHHHPHP
1074,PHHHHHHPPHHHHHHPPPPPHHHHP
1075,HHPHPHHHPPPHPHHHHPHHHPHHH
1076,HHPHHHPPPPHHHHPPHHHHHPHHP
1077,PHHHHHPHHHPPHHHPHHPHPPHPH
1078,HPHHHHHPHHPPHPHHPHHHHHPPH
1079,HHPHHPPPHPHPHHHHHPHHPHHHH
1080,PHHHHPHPPPPHHHPHPHPHHHHHH
1081,HPHHPHHHPHHHPHHHHPHPPHPHH
1082,HHPHHHHPHPPHHHPHHPPHPHHPH
1083,PPHPHHHHPHHPHHHPPPHHHPHHH
1084,HPHPHHPHPHHPPHHPHHHHPHHHP
1085,PPHPHHHPHHHHPHPHPHHHPHHPH
1086,PHHHHHPHHHHHHPPHPHPHHPHHP
1087,PHHPHPHHHHHHPHHPHHPPHPHHH
1088,HHHHHHPHPHHHPHPPHHPHPHPHH
1089,HHPHPHHHPPHPPHHPHHHPHHHPH
1090,PHHHHPPPHPHHHPPPHHPHHHHHH
1091,HPPHHHPPHHHPHHPHHPPHHPHHH
1092,HHHPHHHPHHHHHPPHHHPHHPPHP
1093,HHHHHHPHHHHPPHPHHHPHHPPPH
1094,PHHHPHHPPHHHHHHHPPHHHHHPP
1095,PHPHPHPPPHHHPHHHPHHHHHHHH
1096,PHPHHPHPHPHHHHPHHHHHPPHHH
1097,HHHPPHPHHHPHHHPHHPHHPHPHP
1098,HHPHHHHPHPHHPHPPHHHPHHPHP
1099,PPHPPHHHHHHHHHHPHPHPHPHPH
1100,PPHHHPHHHPHPHHHHHHPPHHHPP
1101,HPHPPPHHHHPHHHPPHHHHHHPHH
1102,PHPHPHHHHPHHPHHHPHHPHPHHH
1103,HHPHPPPHHHHHHHHHPHHHHPHPP
1104,HPHHPPHHHPHHHPPHPHPHHHHPH
1105,HHPHHHHPHPHHPHHHPHPPHHPHP
1106,HHPHHHPHHHHHHHPHPHHPPPHPH
1107,PHPPHHPPHPHHPHHHHHHHHHPHH
1108,HHPPHPHHHPHPHHHPHHPHHHPPH
1109,PHHPHPPHPHPHHHPPHHHHHHPHH
1110,HHHHPPHHHHPHHHPHHHPPHHHPP
1111,HPPHPHHHHHHPHHHHHPHPPHPHH
1112,PPHHHHHHPHHPPHPHHPHHHHPHH
1113,PPHPHHHHPHHHPHHHPHHPHPHHH
1114,HHHHPHHHHHPPPPHHPHPHHHHPH
1115,HHHHHHHPPPHHPHPHHHPHPPHPH
1116,HHHPHHPHHHHHHPHHHPHPPHHPP
1117,HHHPHHPHHHHHPHHPPPHHPHHPH
1118,HPPHPHHHPPHHPHHHHHHHPHPPH
1119,PPPPHHHHHPHHHHPHPHPPHHHHH
1120,PPHHHHHHHHHPHHPPPPHHHHHHP
1121,HPHPPHHHHPHHHHHHPHPHHHHPP
1122,HPPPHHHHHPPHPHPHPHHHHHHPH
1123,HHHHHHHPPHPHPHHHHHPPPPHHP
1124,HPHHHPHHPHHPHHPPPHHHHPHPH
1125,PPHHHHHPPPHPHPPPHHHHHHHHH
1126,PPPHHPHPHHHHPHHHHHHPHHPHH
1127,PHHHHPHHHPHHPHHPHHPPHPHHH
1128,HPPHHHHHPPHHHPPHHHPHHHPHH
1129,PHHPPHHHHHHHHHPHPHPPPHHHH
1130,HHHHHHPHPPHHHHPPPPHPHHPHH
1131,HHPPHHPPPHHHPPPHPHHHHHHHH
1132,HPPHHHPHHHHHPHHHHHPPHHHPP
1133,PPHHHPHHHHPHHHHHPHHHPPHHP
1134,HPHHHPHHPPHHHHHHHPHHPPPHH
1135,PHHHHHHPHPHHPPHHPPHHHHPHP
1136,HPHHHPPHHPHPHHPHPPHHPHHHH
1137,PHHHHPPHHPPHHHHHHPHPPHHHH
1138,PHHHPHHHHHHPPHHPPPHHHHHPH
1139,HPHPHPHHHHHPHPPHHHHPHHHHP
1140,HHPHHHHHHPHHPPHHHHHHPPHPP
1141,PHHPHHPHHPHPHHHHHHHPPHHHP
1142,PHHPHHHHHHPPHHPHPHHHPHHPH
1143,HPHHHHHPPHPHPHHPHHHHHHPHP
1144,HPHHHHPHHHHHPHPHHPHHHPHPP
1145,HHHPHHHHPPPHPHHHPHHHHPPHH
1146,PPHHHPHHHHHHHHPHHHHPPPPHH
1147,HPHHHHPHHHHPPPHHPHPHHHPHH
1148,HHPHPHHHPHHPHHHHHPPPHHHPH
1149,HHHHHHHHHPHHHPHHPPPPPPPHH
1150,HHPHHHHPHHHHHPHPHHPHHPHPP
1151,HPPHPHHHPHHPHPPPHHHHHHHPH
1152,HHHPPPHHHPPHPHHHPHHHHPHHH
1153,PHHHHHHHHHHPPHHHHPPHPHPHP
1154,HHHPHHPHHPPPPPHHHHHHHHPHP
1155,PHHPPPHHHHHHPHHHHPHHPHPHH
1156,HPHHHPPHHHPPPHPPHHPHHHHHH
1157,PPHHHHPHPPHHPHHPHPHHHHHHP
1158,PHHPPHHPPHPHHHHHPHHPHHHHH
1159,PHHHHHPHPHHHHPHHHPHHPHPHP
1160,HPHHHHHPPHHHHHHPHPPHPHHHP
1161,PPHHPHHPHPHHPHHHHPHPPHHHH
1162,PHHHHHPPPPHHPHPHHHHPHHHHH
1163,PHPPHHPHPHHHHHHHHPHHPHHPP
1164,PHPHHHPHHPPHHPHPHPHHHHHHH
1165,HPHHPPPHHHHPPPHHHHHHHHPPH
1166,HHPPHPHHHPPHPHPPHHHHHPHHH
1167,HPHPPPPPHHHHHPHPHHHHHHHHH
