id,sequence
0,HPPPPHPPPPPPPPPHHHPHHPHPH
1,PHPPHHHPPHPHPPPHPHPPPPPHP
2,HHHPPHPPPPPHPHPPPPPHPPPHH
3,PHPPHPPPPHPHHHPHPHPPPPPPP
4,PPPPHPPHHHPPHPPHPHPHPPPHH
5,PPPPHPPPHHPPHHHPHPHPPHPPH
6,PPHPPPPHHPPPPPPPHPHHPHHPP
7,HHPHPPHPPHHPPPPPPPPHPHHPP
8,PHPPPPPHHPHHPHPPHPHHHPPPP
9,HPPPPPHPPHPPPHHPPPHPHHHHP
10,PPHHHHPPHPHPPPHPPPHPHPPPH
11,PPPPHPHHHPPHPPPPPPPHPPHHH
12,PHPPPPPPPHPHHHPHPPHHHPPPH
13,PHHPPPHPPHPPPPHPPPPPHHPPH
14,PPHPPHPHHPPHPPHPPPPPPPHHP
15,HPPHHHPPPPPPHHPPHPHPPPPHP
16,PHPPPPPHPPPPHHPHPPPHPPHPH
17,PHPHPPPPPPPPPPPPHHPHHPHHP
18,PHPPPPPHHPHHPPPHPPPHPPHHP
19,HHPHHPPHPPHPPPHPPPPHHHPPP
20,HHHPPHHPHHPPPPPPHHPHPPPPP
21,PPPPPPHPPPHPHHPPPPHHHPHPH
22,PPPHPHPHPPPPHHPHPPPHHPHPH
23,PPHPHPHPPHHHPPPPPPPPPHHPH
24,PHPPPPPPHPPPPHHPPHHPPPHPH
25,PHHHHHHHPPHPPHPPHPPPPPPPP
26,PPHPPHPPHPPHPPHPHPPPPHHPH
27,PPPHHHHHPPPHPHPPPPPPPPPPH
28,PPHPPHPHPPPHPPPPHHPHPHHHP
29,PPHPPHPPPPPPHHPHPHHPHHPPP
30,HHPHHPHPPPPHPPPPPHPPPPHPH
31,PPPPPHPHHHPPPPHHPPHHPPPPH
32,HHHPHPPHHPPPHHPPPHPPPPPPP
33,PPHPHHPPHPPHPHPHPPHPPPPHP
34,HPPHHHPPPHPPHHHPPPPPPHHPP
35,PPPHHPPHPPHHPHPPPPHPPPHHH
36,PHPPPHPPHHPHPPPPPPHHHPHPH
37,HHPPPPPPPPHPPPHHPPPHHHPHP
38,HPPPPPHHPHHPPPHHPPPHPPHPP
39,PPPPPPPHPPHPPPPPPHHPPHHHH
40,PPHPHPPPHHHPHHPHPPHPPPPPH
41,HPPPPPPPPPPHPHHPPPHHHPHHP
42,PPPHPHHPPPHHPPPHHPPPPHPHP
43,PPHPHPHPPHHPHPHPPHPPPHPHP
44,PPPHPPPPPHHHPPHHPHHHPPHPP
45,PPHPPPPHPPHHPHHPPPPPHPHPH
46,PPHHPPPPHPPPPPHPPPHPPHHHP
47,PPPPPHPPPPHPHPHHPPPHHHHPP
48,HHPHHPPPPPHPPHHPPHHPHPPPP
49,PHHHPPHPPPPHPPPPHHPHPHPPP
50,HHPHHHPPPHPPHPPPPHHPPPHPP
51,HHPPHHPPHHHHPPPHPPPPPPHPP
52,PPHPHPHPPHPPHPHPHPHPPPHPP
53,PPPPPPHPHPPPPPPHHPHHPHPPH
54,PPHPHPHHPPHPPHHPHPPPPPPHH
55,PHPHPPPPPPPPHHHPHHPHPHPPP
56,PHHPHPPHPPPPHPPHPPHHPPPPP
57,PPPHPPPHPHHPPPPPHPHHPHHPP
58,PHHPPPHPHPHPHPPHPPPHPPPHH
59,HPPHPPPPHPPPPHHHHPPPPPHPP
60,PPPHPHPHPHPPHPPPHPHHPPHHP
61,PPPHPHPPPPHHHPPHHPPPHPPPH
62,PHPPHPHPHPPHPHHPPPPPPPHHH
63,HHPPPHHPPPPPPHHPPHPPPPPPH
64,PPPHHPPPHPPHPHHPHHHPHPPPP
65,PPHHHPHHHPPPPPHPPPHPPPPPH
66,PHHPPPHPPPPPPHHHPPPPHHHPH
67,PHPPPPPPPPPHHHHHPHHPPPHPH
68,PPPPHHHPPHPPHPPPHPPPHPPHP
69,PHPHPHPPHHPPPPPPHPPHPHPPP
70,PPHPHHPPPPPHHPPPPPHPHPHHP
71,PPPHHPHPPPHPPHPPPHPHPPHPH
72,HHPPPPPPHPHPHHPHHPPPHPPPP
73,PPPHPHHPPHPHPPPPPPHHHPHHP
74,PPPPHHPHPHPHPPPHHPHHPPHPP
75,PPPHHPPPPPPHHHHHHHPPPPPPP
76,HPPPPHPHHPPHHPHPPHPPPHPHP
77,PPHPPHPHPHPHPPHHPPPPPHPPH
78,HHPPHHHPPPPPPPPPPPHHHPPPP
79,HPPPPPPHPPPPHHHHHPHPHPHPP
80,PPHPPPHHPPPPPHHHPHPPPPPHP
81,HPPHPPHHPPPPPHPHPPHPPHPPH
82,PPPHHHPPPHHPPHPPHHPHPHPPP
83,HPHPHPPHPHPPHPPPPPHPHPPHP
84,HPHPHHHHPPPPHPPPPHPHPPPPP
85,HPPPPHPPPHHPPHPHPHPHPHPHP
86,PPPHHPPHPHHPHHPHPPPPPPHPP
87,PPHPPPHHHHPPPPPPPHPPPHPPH
88,PPHPHPPHPPPHPHHPPPPPPHPHH
89,HPPPPPPPHPPPHPPHPHHPHPPPH
90,HHPPPPPHPPPPPPHPHHPHHPPPP
91,PPPHPPPPPPPHPHPPPHHHHPHHP
92,HPPHPPPPPPPPPPPHHHHPHHPHP
93,PHHPPPPPPHHHHPPHPPPPPPPPH
94,PPHPPPHHPPPHPHPHHPHPPPPPH
95,PPHPPHHPPPPHHHPHHPPPPPPPH
96,HPHHPPHPPHHPPPPPPHPPHPHHP
97,PPHPPHPPHPPPHHPPPHPPHHHPP
98,HPHPHPPHPPHHPPHPPPHPPPPHP
99,HPPPHPHPPPPPPHPHPPPHHPHPP
100,HPHHHHPPHPPPPPPPHPPPPPHHP
101,PHPPHHPHHPPPPHHPPPHPPPHHP
102,PPPPPPHPPPHPPPHPHHHHPHHPP
103,HPPPPHHPPPPPPPPPHPHHHHPHP
104,HPPPPPPHHHPPPPPHPHPHPPHPP
105,HPHPPPHHPHHPPPPPPPPHPHPHH
106,PPPHHHPHHHPPPPHHPPPPPPHPH
107,HPPPPHHHHPPHPPPPHPPPPPHPH
108,PPPHPPPPPPPHHHHPHHPPHPHPP
109,PPPHHHPPHPPPHHPPHPPHHPPPP
110,PHHPPPPHHHPHHHPPPPPPPPPPP
111,PHHPPPHPPHHHHPPPPPPPPPHPP
112,PPHHPHPPHPPPPPPHHPPPHHHPH
113,PHPHPHPHPPPHPPHHPPHPPPPPP
114,PHPPPPPHHPPHPPPPHPHPHPPPH
115,PPHPHPPHPPHPPPHPHPPPPPHHP
116,PHPPHPPPHPHPPHHPPHHHPPPPH
117,PPPPHPHPPPPHHPPHPHPHPPHHP
118,PPHPPPHPHPHPHHHPPHPPHPPPP
119,PPPPPHPPHPHPPHPPPPHHHPHHP
120,HPPPHHPHPPHPPHPPPHPPHPPPP
121,HPPPPPPPHHPPPPPHHPHPHHPPP
122,HHPPHPPHPPPPPPPHHPHPHPPHH
123,PHHPPPPPPHPPPPPHPHPPHHHHP
124,PPPHHHPPPPPPPPHPPHPHHPHPH
125,PHPPPPHPPPHPPHHPPHHHPPHPP
126,HHHPPPPPHHPPPHPPPPPPPHPHH
127,PHPPPPPHPPHHPPHPPPPPHPHHH
128,HHPHPPHPHPPPHPHPHPHPPPPHP
129,HHPPPHPHPPHPPPHPPHPPHHPPP
130,PPHHHPPPPPHPHPHPHHPPHPPPH
131,PPPPPPPPHPPHPHPPHHPHHHPHH
132,HPHPHPPHPHHPPPHPPPPPPPPHH
133,HHPPPPPPHPPPPPPHHHHPPHHHP
134,PPHHPHPHPPPHPHPPPPPPHPPPH
135,HPPPHPHPPHPPPHHHPPPPPPPPH
136,HPPPPPHPHPPPPHHPHPHHPPPHH
137,HPPHPPHPPHPPPHHHHPPPHHPPP
138,PPPPHPPHPPPPHHPPPHPHHPHPH
139,HHHPPHPPPPHHHHPHPHPPPPPPP
140,PHHPHPPHPPHHHPHPHPPPPPPHP
141,HPPHPPHHHPPPPPPHPHPPPHPPH
142,PHPPPPPHPPHPHPPHPPHHPHPPH
143,PHPPPHPHHPHPHHPHPPPPHPHPP
144,HPPPHPHPPHPHPHHHPHPPPPPPP
145,PHPPHHPPPPHPPHPPPPPHHHHPH
146,HHPPHHPPPHPPPHPPPPPHHPHPP
147,PPPPPHPHPPHHHPPPPHPHPHHPP
148,HHPPPPHPHPPPHPPHPHPPHPPHP
149,PPHHHHPPPPPPHPPHPHHPHPPPH
150,HPPHHPPPPPPPHPPPPPPPHHPHH
151,PHHPHPPPPHPPPHPHHHPPPHPPP
152,PPPHPHHPHPPHPPPHHPPPHHHPP
153,PHPPHPPHPPPPPHPHHHPHPPPPP
154,HHPPPHPHHHPHPPPHPPPHPPPHP
155,PPPPPPHHPPHHHHPPPHPPPPPPH
156,PHHPPPHHPPPPHPHPHHHPPHPPP
157,PPPHPPHPHPPPPPPPHPHPHHPHP
158,PPPPPHPHHPHPPHPHHPPHPPPPP
159,PPHPHHPHPPPHHHPPPPPPPHPPH
160,PHPPPPPHPPPPPHHHHHPPPPPHH
161,PPPPHHPHHPHHPPHPPPHPPPPHH
162,HPHHHPPPPHHHPHPPPPPPHPPPH
163,HHPHPPHPPHPHPHPPPPPPPPPHP
164,HPPPHPHHHPPPPPPPHPPHPPPHH
165,HPPPPHPHPHPHPHPHPHPPHPPHP
166,PHPPHHPHPPPPPHPHHHHPPPPPP
167,PPPHHPHHPHPPPHPHPPPPPHHPP
168,HHPHPPPHPHHPPHPHPHPPHPPPP
169,PPPPHPHHPHPPHPPPPPPHPHPHH
170,HHHPPPPPPHPPHPPPPPHHPHPPP
171,PPPPHPPPPPPHHPPHHPPHHHPPP
172,PHPHPHPPHHPHHPPPPPHHPPPHP
173,HHHPPPPPHPHPPHPHHPPPPHPPP
174,PHPPPPPHPPPHPHHPPHHPPHPHP
175,HPHHHPPPHPPPPHPPPPPPHPPPH
176,PPHPHPPHHHHPPHPPHPPPPHPPH
177,PHPPHPHHPPPPPHPPPHPHPPPHH
178,PHPPHHPPHPHPHPHPHPPPPPHPP
179,HPPPHPPPHPPHPHPPPHHPPPHPH
180,HHPPPPPPPPPPHHPHPHHHPHPHP
181,HPPPPPHPHPPHPPPHPHHPPHPHH
182,HPPPPHPPHPPPHPPHPHPHPHPPH
183,PPPHHHHHPPPPHPPPPHPPHPPHH
184,HPPHHPPPPPPHHPHHPHPPHPHPP
185,PPPHPPPPHPHHHPPHPHPPHHHPP
186,PHHPHPPPPHPPPHHPPHPHPPHPH
187,PPHHPPHPPPPPHHPPPHHHHPHPP
188,PPHHPHHPHPPPHPPPPPPHPPPPH
189,PPHPHPHPPHPPPHHHPHPPPHPPH
190,PPPPHPPHHHHPPPHPHPPPPHHPP
191,PPPHHPPPHHHPPHPPPHPHPPHHP
192,PPPPPPPPHPPPHPHHPPPHPHHHH
193,PPHPPPPPPHPPHPPHHHHPHPHPP
194,PHHHPHHPHPPHPPHPHPPPPHPPP
195,PPPPHHPPPPPPHPHHPHPPPPPHH
196,HPPPPPPPPHPHPHHHHPPPHPPHH
197,HHPPPPPHPPHHPPPPPPHPHPHHP
198,HHHPPPHPPPPHPPPHPHHPPHPPP
199,PHPPHPPHPPHPPPPPPHHPHPHHP
200,HHHPHHHPPHPPPPHPPHPPHPPPP
201,PHHPHPPHPPPPHPHPHPPPHHPPH
202,PPPHHHHPHPHHPPPHPHPPPHPPP
203,PPPHHPPPHPPPHPHPHPPPHPPHP
204,PPHPPHHHPHPPHPPHPHPPPHPPH
205,PPPPHHPHPHHPHPHPPHPHPPPHP
206,PPPPPPHPPPHPPPHPHHPPHHHPH
207,HPHPHPPPPHPPPHHPHHHPPPPPP
208,PHHHPPPPHPPPHHPHPPHPPPHPH
209,PHPHHPPPHPPPPPHPPHPHPPPHH
210,HPHPHPPPHHPPHPPHPPPPPHPPH
211,PPPHPHPHPPHHPPPPPHPHPPHPH
212,HPPHPPHHHPPHPPPHPPPPPHPPP
213,HPPHPHPHPPPPPPPHHHPPPHPPP
214,PHPHHPPPPHPPHPHHPPHPHPPPH
215,PHPPPHHHPHPPPPHPPHHPHPPPP
216,HPPHPHPHPHPPHPPPPPPPPPPHH
217,PPHPHPPHPPPPPPPPHPHHHPHHP
218,HHPHPHPPHPPHPHHPPPPPHPPPH
219,PHHHPPHPHPPPPHPHHPPPPPPPP
220,PPPPPHPPPHPHHHPPHPPHPHPPP
221,PHPHHHHPPPPPPPPHPHHPPPPHH
222,HPHHHPHPHPPHHHPPPPPPHPPPP
223,PHHPPPHPPPHPHHHPHPHPPPPPP
224,HPPHPPPPHPPPPHPHHPPHPHHPP
225,PPPHHHPPHPPHPPHPPPHPPHPPH
226,HHHPHPPPHPPPPPHHPPPPPHHPP
227,PHPHHPPPHPHPPPPPHHPHPPPPP
228,HHPPPHPPPHHPPPHPPPPPPHPHH
229,HHHPPPHHPPPPPPPHPHPPPHPHP
230,HPHPHPHPPHPPHPPHHHPPHPPPP
231,PPPPHHHPPHPPHHHPPPPPHPHHP
232,HHPHPPPHPHPPPPPPPHHHPHPPP
233,HHPPPPHPPPPHHPHPPHPPHPPPP
234,PPPHHPPHPPPPHPHHPPHPPPPHH
235,PHPPPPHPHHPPPPHPPHHPHHHPP
236,PHPPPHPHPPHHHPPPPPPHPHHPP
237,PHHHPHPHPPPPHHPPHPPPHPHPP
238,PPHHPPPPHPPHPPPHHPHHHPPPP
239,PHPPHPHPPPHHPPPHHHPPPPPPP
240,PHHPPPPHHHPPHPHHHHPPPPPPP
241,PHPPPPPHHHPHPPPPPHHHPPPHH
242,HHPHPPHHPPPHHPPPHPPPPPPPP
243,HPPHPPPHPPHPPPHPHHPHPHPPP
244,PPPPHPHPHHPPHPPHPPHHHPPPP
245,HHPPHHPPPPPHHPPPHPHPPPPHP
246,PHPPHHPHHPPPPPHPPPPPHPPPH
247,HPPHPPPPPHHPPHPPHHPPHHPPH
248,PHPPPPPPHPPPPPHHHHHPHPPPP
249,PPPPPHPHHPPHPPPHPPPPHHHPP
250,PPPPPPPPPPHHHHPHHPHHPPPHH
251,PHPPHHPHHPHPHPPPHPPPPPHPP
252,HPPPPHPPHHHPPHHPPPPHPPHPH
253,PPHHHPPPPHPPPPPHHPPPPHHPH
254,PHPPHPPPPHPPPHPHPHHPPPHPP
255,PPPHPPPPHHPPPPPPPHHHPHPHP
256,HPHHHHHPHPPPPPPPHPPPPHPPP
257,PHHPHPPPHPPPHHHPPHHPPHPPP
258,PPPHHHPHPHHPPHPHPPPPHHPPP
259,HHPPPPHHPHHPPHHPPHPHPPPPP
260,PPHPPHPPHPHHHPPPPPPPHPHPP
261,PPPHHPPPHHPPHPHHHHPPPHPPP
262,PPPPHHHHPPHPPHPHPPPPPHPPP
263,PPPPPPPHPHHPHPPHHPPPHPHPH
264,HHHPHHHPPPPHPPPPPPPPHPPPH
265,PHPPPPPPPPHHHHHPPHPPPPHHP
266,HHPPPHPPHPHPPPHPPPPPPPHHH
267,HHPHPHPPPPPHPPHPHPPPPPPPH
268,HPPHPHPPHHHHPPPPHPPPHPPPH
269,PPHPHHHPPHPPPPHPPPPPPPHPH
270,HHHPPPPPHPPHPPPPHPPPHHHPH
271,PHPHPPPPPPPPPHHHPPHHPPHPP
272,HHPPHHHPPPPPPHPPHHPPPPPHH
273,HPHPHHHPPPHPHHPPHPPPPPPPH
274,PHPPPHPHPPHHPPHPPPPPPPHHH
275,PPHPPPPPPHHHPPHPHPPHHPPHP
276,HPHPHHPHPPHPPHHPPPPHPHPPP
277,PHHPHPHHPPPPPHPPPHPPHPPPP
278,PPPPHHPHPPPPHPHHHHPPPPPHP
279,PHHHPHPPPHPPPPPHPPPPHHPPH
280,PPPHPPPHPHPPPPHPPHPHPHPHP
281,HPHPHPPPHPHPPPPPPPPPHHHHP
282,HHPPPHPPPPHPPHPPPHPHPHPPP
283,PHPPPPHPPPHHHPHPPPPPHHHPP
284,HPPHPHPPPPHPPPPPHHHPPPHHP
285,HPPPPHPPPPHPPPHPHHPHPHHHP
286,HHPHHPHPPPPPPPHPHPPPPHPHP
287,HPHHPPHPHPPPPHHPHPPPHPPPP
288,PHPHPPPPPPPPHHPHHHHPPPHHP
289,PPHHHPPPPPHHHPPHHPPPHPPHP
290,PPHPPPHPPPPHPHPPPPPHHHHHP
291,PPPHPHPPPPPPHPPHHHHPPHPHH
292,PHPPHPPPPPPPHPHHPHHPPPHPH
293,PHPPPHPHPPHHPPPPPHPPPPPHH
294,HHPPPHPPPHHPPPHPHPPHHPPPP
295,PPPPHPPPPPHPHHPHHPPPPPPHH
296,PPPHPHHHHHPPPPPPPPPPHHPHP
297,HPHHPPPHPPPHHHPPPHPHPPPPP
298,HHPPPPPPHHPHHHPHPPPPPHPPP
299,HPPPHPHPPPPPHHPHHHPPPPHPP
