id,sequence
0,HHHPHHHHPHHHHHHHPHHHHHHHH
1,PHHPHHHHHHPPHHHHHHHHHHHHH
2,HHHPPHHPHHHPHHHHHHHHHHHHH
3,PHHPHHHHPHHHHHHHHHHHHHHHH
4,HHHHHHHPHHHHHHHHHHHPPHHHH
5,HHPHHHHHPHHHHHHHHHHHHPHHH
6,HPHHPHHHHHHHHHHHHHHPHHHHP
7,HHHHPHHHHHHHHHHHHHHHHPHPP
8,HHHHHHHHHHPHHPHHHHHHHHPHH
9,HHHHHHHHHHHHHPHHHHPHPHHHH
10,HHPHHPHHHHHHHHPPHHHHHHHHH
11,HHPHHHHHPHHHHPHHHHHHHHHHH
12,PPHHHHHHHHHHHHHHHHHHHHPHH
13,HHHHHHHHHHHHPHHHHHHPHHHPH
14,HHHHHHPHHHHPHPHHPHHHHHHHH
15,HHHHPPHHHHHHHHPHHHPHHHHHH
16,HHHHHHPHHHHHHHHHHHHHPHPHP
17,HPHHHHPHHHPHHHHHHPHHHHHHH
18,HPHHHHHPHHHHHHHHHPHHHHHHH
19,PHHHHHHHHHHHPHPHHHHHHHHHP
20,HPHHHHHHHHPHHHHHHHHPHHHHP
21,HHHHPHHPHHHHHHHHHHPHPHHHH
22,HHHHHHHHHHHPPHHHHPHHHHHPH
23,HHHHHPHHHHHPHHHHHHPHHHPHH
24,HHHHHHHHPHHHHHHPHHPHHPHHH
25,HHHHHHHHHHHPHPHHHPHHHHHHH
26,HHHPHHHHHPHHHHHHHHPHHHHHH
27,PHHHPHHHHHHHHHHHPHHHHHHHP
28,HPHPHHHHHPHHPHHHHHHHHHHHH
29,HHPHHHHPHHPHHHHHHHHHHHHHH
30,HHHPHHPHHHHHHHHHHHHHHHPHP
31,HPHHHHPHHHHHHHHHPHHHHHHHP
32,HHHPHHHHHHPHHHHPHHHHHHHHH
33,HHHHHHHHHHHHHHHPHPPHHHHHP
34,HHHHHHHHPHHHPHHHHHPHHHHHH
35,HHHHHHHHHHHHHPHHPPHHHPHHH
36,PPHHHHHHHHHHHPHHHHHHHHHHH
37,HHHHHHHHHHHPHHHHHHHHHHHPP
38,HHHHHHHHHPHHHHHHPHHHHHHPH
39,HHHHHHHHHHHHHPHHHPHHHHHPP
40,HHHHHHHHHHHHHHHHHPPPHHHHH
41,HHPHHHHPHHHHHHHHHHPHHHHHP
42,PHHHHHHHHHHHHHHHPHPHHHHPH
43,PHHHHHHHHHHHHHHHPHHHPHHHP
44,HHHHHPHPPHHHHHHHHHHHHHHHH
45,HHHHHHHPHPHPHHHHPHHHHHHHH
46,HHPHHHHHHHHHHHPHHHHHPHHHH
47,HHHPHHHHHPHHHHHHHHHPHHHHH
48,HHHHHHHPHHHHHHHPHHHHPHHHH
49,HHHHHHHPHPHHHHHHHHPHPHHHH
50,HHHHHHHHHHHPHHHHHHHPHPHPH
51,HHHHHPHHHHPHHHHHHHHHHHHHP
52,PHHHHHHPHHHHHHHHHPHHHHHHH
53,HPHHHHHHHHHPHHHHHHHHPHHPH
54,PHHHHHHHHHHHHHHHHHPHHPHHP
55,PHHHHHHHPHPHHHHHHHHHHHHHH
56,HPHHHHHHPHHHHHHHHPHHHHHHH
57,HHHPHPHHHHPPHHHHHHHHHHHHH
58,HHHHPHHPHHHHHHHHPHHHHHHHH
59,HHHHHHHHHHPHPHHHHHHHPHHHH
60,HHHHHHPHHHPHHHHHHHHPPHHHH
61,HHHHHHHHHHHHHHPHHHPHPHHHH
62,HPHHHPHHHHHHHHHHHPHHHHHHH
63,HHHHHPHPHHHHHPHHPHHHHHHHH
64,HHHHHHHHHHPHHHPHHHHHPHHHH
65,HPHHPHHHHHHHHHHHHPHHHHHHH
66,HHHHHPPHHHHHHPHHHHHHHHHPH
67,HHHHHHHHHPHHHHPHPHHHHPHHH
68,PHHHHPHHHHHHHHHHHHHHHHHHP
69,HHHHHHHHHHHHPHHHHPPHHHHHH
70,HHHHHHHPHHHHHHHPPHHHHHHHH
71,HHHHHHHHPHHHHHPHPHHHHHHHP
72,HHHHPHHHHHHPHHHHHPHHHHHHH
73,HHHHHHHHHHHPHHHHHHPHHHPHH
74,HHPHHHHHHHHHHHHHHHHPHHPHH
75,HHHHHPHHHHHHHHHHHHHPHHPHP
76,HHHPHHHHHHHHHHHHHPHHHHHHP
77,HHPHHHHPHPHHHHHHHHHHHHHHP
78,HHHHHPHHHHHHHHHHHHHHPHPHH
79,HHPHHHHHPPHHHHHHHHHHHHHHH
80,HPHHHHHHHHHHHHPHHHHHHHHPH
81,HHPHHHHHHPHHHHHHHHHHHPHHH
82,HHHHHHPHHHPHHHHHHHPHHHHHH
83,HPHHHHHHHHHHHPHPHHHHPHHHH
84,HHHPHPHHHHHHHHHHPHHHHHPHH
85,HHHHHHHHPHHPHHHHHHPHHHHHH
86,HHHHPHHHHHHHHHHHPPHPHHHHH
87,HHHHHPHPHHHPPHHHHHHHHHHHH
88,HPHPHHHHHHHHHHHHHPHHHHHPH
89,HHHPHHPHPHHHHHHHHHHHPHHHH
90,PHHHHPPHHHHHHHHHHHHHHHHHP
91,PHHPHHHHHHHHHHHHHPHHHHHPH
92,HHHHPPHHHHHHHHHHHHHHHHHPH
93,HHHHHHHPHHHHPHHHHHHHHPHHH
94,PHHHHPHHHHHHHPHHPHHHHHHHH
95,HHHHHHHPHHHHHHPHHPHPHHHHH
96,HHHHHPHHHHPHHPHHHHHHHHHPH
97,HHHPPHHHHHHHHHHPHHHPHHHHH
98,PHHHHHHHHHHHHHHHHPHHPHHHP
99,HHHHHHHHPHHHHHHHHHHPHHPHH
100,HHHHHHHHHHHHPHHHPHHHHHHHP
101,HHHHHHHHHHHPHHHHHHHHHPPHH
102,HHHHPHHHHPHHHHHHHHHHHHPHH
103,PHHHHHHHHHHHHHHHHHHHPHPHH
104,HHPHHHHHHHPHPHHHHHHHHHHHH
105,HHHHHHHHHPHHHPHHHPHHHHHHH
106,HHHPHPHHHHHHPHPHHHHHHHHHH
107,PHPHHHHHHHHHHHHHPHPHHHHHH
108,PHHHHHHHHPHHHHHHHHHPHHHHP
109,HHHHPHHHHHHHHHHHHHPHPPHHH
110,HHHHHHHHHPHHHHHPHHPHHHHHH
111,HHHPPHHHHHHHHHHPHHHHHHHHH
112,HHHHHPHHHHHHHHHHHHHPPHHHH
113,HHPHHHPHHHHHHHHHHHHHHHHHP
114,HHHHHHHHHHHPHHHHHHHHHHPHP
115,HHHHHHPHHHHHHHHHPHHHHHPHH
116,HHPHHHHPHHHPHHHHPHHHHHHHH
117,HHHHHHPHHHHHHHHHHPHHHPHHP
118,HHHHHPHHHHHHHHHHHHHHHPPHH
119,HHHPHHHHHHHHHHHHHHPHHHHHP
120,HHPHPHHHHHHHHHHPHHHPHHHHH
121,HHHHHHHHHHHHHHHHHPPHHPHHH
122,HHHHPPHPHHHHHHHHHHHHHHHHH
123,HHHHHHHHPPHHHHHHHHHHHHHPH
124,HHHHHHPHHPHHHHHHHPHHHHHPH
125,HPHHHHHPHHPHHHHHPHHHHHHHH
126,HHHHHHPHPHHHHHHHHHHHHHPHH
127,HPHHHHHHHHHHHPHHHHHHPPHHH
128,HHHHHPHHHHHHPHHPHHHHHPHHH
129,HPHHHHHHHPHHHHPHPHHHHHHHH
130,PHPHHHHHHHHPHHHHHHHHHHHHH
131,HHPHHHPHHHHHHHHHHHPHHHHHH
132,HHPHHHHHHHHHPHPHHHHHPHHHH
133,PHPHPHHHHHHHHHHHHHHHHHHHP
134,PHHPHHHHPPHHHHHHHHHHHHHHH
135,HHHHHHPHHHHPHHHHPHHHHHPHH
136,PPHHHHHHHHPHHHHHHHHHHHHHH
137,HHPHHHHHHHHPHHHHHHHHHHHHP
138,HHHHHHHHHHHHPPPHHHHHHHHHH
139,HHHHHHHHHHHPHPHHHHHPHHHHH
140,HHHHPHHHPHHHHHHPPHHHHHHHH
141,HHHPHHHHHHPHPHHHHHHHPHHHH
142,HHHHHPHHHHHHPHPHHHHHHHHHH
143,HHHHHHPHHHHPHHHHHHHHPHHHH
144,HPHPHHHHHHPHHHHHHHHHHHHHH
145,HHHPHPHHHHHHHHHHHHPPHHHHH
146,HHHHHHHHHHHPHPHHHHHHPHHHH
147,HHPHHHHHHHHHHPPHHHHHHHHHH
148,HHHHHHHPHHHHHHHHHHHHPPHHH
149,HHHHHHHHHPPHHHHPPHHHHHHHH
150,HHHHHHPHHHHHHHHHHHPHPHHHH
151,HHHHPPHHHPHHHHPHHHHHHHHHH
152,HHHHHHHHHHHHHHPHHHPHHHHPH
153,HHHHHHHHHHHHPPHHHHHHHHHHP
154,HHHHHPHPHHHHHHHHHPHHHPHHH
155,HHPHHHHHHHPHHHHHHHHHPHHHH
156,HHHHPHPHHHHHHHHHHHPHHPHHH
157,HHHHHHHPHHPHHHHPHHHHHHHHH
158,HHPHHPPHHHHHHHHHHHHHHPHHH
159,HHPHHHHHHHHHHHHHHPHHHPHHH
160,HPHPPHHHHHHHHHHHHHHHHHHPH
161,HHHHHHHPPHHPHHHHHHHHHHHPH
162,HHPHHPHHHHHHHHHHHHHHHHPHH
163,HHHHPHHHPHHHHHPHHHHHHHHHH
164,HHHHHHPHHHHHHHPHHHPHHHPHH
165,HHPHHHHHHHPHHHHHHHPHHHHHH
166,HHHHHHHHPHHPHHHHHPHHHHHHH
167,HHHHHHHHHHHPPHPHHHHHHHHPH
168,HHHHPHHPHPHHHHHHHHHHHHHHH
169,HHHHHPHHHHHPHHHHHPHHHHHHH
170,HHHHPHHHHHHHHHPHHHHPHHHHH
171,HHPHHHHHHPHHHHHPHHPHHHHHH
172,HHHHHPHPHHHHHHHPHHHHHPHHH
173,HHHHHHHHHHHHHHHHHHPHHHPPH
174,HHHHHHPPHHHHHHHHHHHHPHPHH
175,PHHHHPHHHHHHHPHHHHHPHHHHH
176,HHHPHHHHHHHHHHHHHHHPHPPHH
177,HHHHHHHPHHHPHHHHPHHHHHHHH
178,HHHPHHHHHHHHHHPHPHHHHHHHH
179,HHHHHHHHHPHHHHPHPHHHHHHHH
180,PHPHHHHHHHHHHHHHHHHHPHHHH
181,PHHHHHHHPHHHHPHHHHHHHHHHP
182,HHHHHHHHHPPHHHHHHHHHHHPHH
183,HHHHHHHPHHHHPHHHHHHHHHHHP
184,HHHPHHHHHHHHHHHPHHHHHHHPH
185,HHHHHHHPPHHHHHPHHHHHHHHHH
186,HHHHHPPHHHHHHHHHHHPHHHHHH
187,HHHPHHHHHHHHHHPHHHPHHHHHH
188,HHHPHPHHHHHHPPHHHHHHHHHHH
189,HHPHHHHHHHHHHHHHPHHHPHHPH
190,HHPPHHHHHHHHHHHHHHHHPHHHH
191,HHHHHHHHHHHHHHHHPPHHPHHHH
192,HHHHHHPHHPHHHHHPHPHHHHHHH
193,PHHHHHHHHPHHHHHHHHHHHPHHH
194,HHHPHHHHHPHHHHHHHPHHHPHHH
195,HHHHHHHHPHHPHHHHHHHPHHHHH
196,HHHHHHHHHHHHPHHPHPHHHHHHH
197,HHHHHHHHHHHHHHHHPHHHHPHHP
198,HHPPHPHPHHHHHHHHHHHHHHHHH
199,HHHPHHHHPHHHPHHHHHHHHHHHH
200,HPHHHHHHHHHPHHHPHHHHHPHHH
201,PHHHHHHHHHHHPHHHPHHHHHHHP
202,HHHHHHPHHHPHHHHHHHHHPHHHH
203,HHHHHPPHHHHHHHHHHHHHPHHHH
204,HHHHHHHPPHHHHHHHHHHHHHHPH
205,HPPHHHHHHPHHPHHHHHHHHHHHH
206,HHHHHHPHHHHHHPHHHHHHHHPHH
207,HHPHHHHHPHHHHHHPHPHHHHHHH
208,HHHHHHHHHPHPHHHHHHHPHPHHH
209,HHHHHHHHHHPHHHPPHHHHHHHHH
210,HHHHPHHHPHHHHHHPHHHHHHHHH
211,HHHHHPHHHHPHHHHHHHHHHPHHH
212,PHHHHHHPHHHHHHHHHHHHPHHHH
213,HHHHHHHHHHPHHPHHHHHHHHHPH
214,PHHHPHHPHHHHHHPHHHHHHHHHH
215,HHHHHHHHHHHHPHHHHPHHHHPHH
216,HHHHHPHHHHHHHHHHHPHHPHHHH
217,HHHHHHHHHHHHHHPPHHHHHHHPH
218,HPHHHPHHHHHHHHHHHHHHHHHHP
219,HHPPHHHHHHHHHHPHHHHHHHHHH
220,HHHHHPHHHHPHHHPHHHHHHHHHH
221,HHHHPHHPHHHHHHHHPHHHPHHHH
222,HHHHHHHHPHHHHHHHHPHHHHPHP
223,HHHHHHHHHHHHPPHHHHHHPHPHH
224,HHHHHPHHHHHHPHHHPHHHHHPHH
225,HHHHHHHPHHHHHHHHHHPHHHHPP
226,HHHPHHPHHHHHPHPHHHHHHHHHH
227,HHHHPPHHHHHHHHHHHHHHHHPHH
228,HPHHPHHHHHHHHHHHHHHPHHHHH
229,PPHHHHHHPHHHHHHHHHHHHHHHH
230,HHHHPHHHHHHPHHHHHHPHHHHPH
231,HHHHHPHHHHHHPHHHHHHPHHHHH
232,HHHHHHHPHHHHHPPHHHHHHPHHH
233,HHHHHHHHHHHPPHPHHHHPHHHHH
234,HHHPHHHHHHHHHHHHPPHHHHHHH
235,HHHHHHHHHHHHHHHHPPHHHHPHH
236,HHHHPHHHHPHHHHPHHHHHHHPHH
237,HHHPHHHHHPHHHHHHPHHHHHHHH
238,HHHHHPPHHHHHHHHHPHHHHHHHH
239,HHHHHPHHHHHHHPHPHHHHHHHHH
240,HHHHHHHHPHHPHHHHHHHHHHPHH
241,HHHHHHHHPHPHHPPHHHHHHHHHH
242,HHHHHHHHHHHHHHPHPHHHPHHHH
243,HHHHHHPHPHPHHHHHHHHHHHHHP
244,HPHHHHHHHHHHHPHHPHHHHHHHH
245,HPHPHHHHHHHHHHHHHPHHHHHHH
246,HHHHHHHHHHHHHHPHHHHHHPHPH
247,HHHPHHHHHPPPHHHHHHHHHHHHH
248,HPHHHHHHHHHHHHHHHPPHHHHHH
249,HHHPHHHHHHHHHHHPHHHHHHHHP
250,HHPHHHHHHHHHHPHHHHHHHHPHP
251,HHHHPHPHHHHHHHHHHHHHHPHHH
252,HHPHHHHHHHHHPHHHPHHHHHHHH
253,HHHHHHHHHHHHPHHHHPHHHPHHH
254,PHHPHHPHHHHHHHHHHHHHHPHHH
255,HHHHHPPHHHHPHHHHHHHHHHHHP
256,PHPHHHHHHHHHHHHHHHPHHHHHH
257,HHHHPHHHHHHPHHHHHHHHHHHHP
258,HHHHHPPPHHHHHHHPHHHHHHHHH
259,HHHHPHHHHHHHPHPHHHHHHHHHH
260,HHHHHHPHHPHHPHHHPHHHHHHHH
261,PHHHHHPHHHPHHHHHPHHHHHHHH
262,PHHHPHHHHHHHHHHPHHPHHHHHH
263,HHHHHHHHHHHPHHHHHHPPPHHHH
264,HHHHHHHHHHHPPHHHHHHHHHPHH
265,HHHPPHHHHHHPHHHHHHHHHHHHH
266,HHHHHHHPHHHHPHPHHHHHPHHHH
267,HHHHHHHHHHHHPHHHHHPHHPHHP
268,HHHHPHHHHHHHHPHHHHHPHHHPH
269,HHHHHPHHHHHHHHHHHHHHHHPPH
270,HPHHHHHHHHPHHHHHHHHHHPPHH
271,HHHHHHHHHHHHHPHHPHHPHHHHH
272,HHHPPHPHHHHHHHHHHHHHHHHPH
273,HHHHHHHHHPHHHHHPPHHHHHHHP
274,HHHHHHHPHHHHPHHHHHHHHHPHP
275,HHHHHHHPPHHHHPPHHHHHHHHHH
276,HHHHHHHHHHHHHHHHHHHPHPHPH
277,HHHHHHHHHPHHHPHHPHPHHHHHH
278,HHHHHHHHPHPPHHHHHHHHHHHHH
279,HHHHHHHHHHHPHPHHPHHHHPHHH
280,HHHHHPHHHHHPHHHHPHHHHHHHH
281,HHHHHHPHHHHHHHHHHHPHHHHPH
282,PHHHHHHHPHHHHPHHHHHHHHPHH
283,HHHHHHHHPHPHHHHHHHHHPHHHH
284,HPHHHHHHHPPHHHHHHHHHHHHHH
285,PHPPHHHHHHHHHHHHHHHHHHHHH
286,PHHHPHHHPHHHHHHHHHHHHPHHH
287,HHHHPHHHHHHHHHHHHHHHPHHHP
288,HHHHHHPHHHHHHHPHHHHHHHHHP
289,HHHHHHHHHPHPHHHPHHHHHPHHH
290,HHHHPPHHHHHHHHHHHHHPHHHHH
291,HHHPHHHHHHHPHHHHHHHHHHPHH
292,PHHHHHPHHHHPHHHHPHHHHHHHH
293,HHHHHHHHHHHHHHPPHHHHHHPHH
294,HHHHHHHPPHHHPHHHHHHHHHHHH
295,HHPHHHHHHHHHHPHHHPHHHHHHH
296,HHHHHHHHHHHHPHPHHHHHHPHHH
297,HPHHHHHHHHPHHHPHHHHHHHHHH
298,HHHHHHHPHHHHHPHHHPHHPHHHH
299,HHHHHHHHHPHHHHHHHHHHPPHHH
300,HHHHHHHHPPHHHHHHHHHHHPHHH
301,PHHHHHHHHHPHPHHHHHHHHPHHH
302,HPHPHHHHPHHHHHHHHHHHHHHHH
303,HHHHHHHHPHHHHHHHHHHHPPHHH
304,HHHHHHHHHHHHPPHPHHHHHHHHH
305,HHHHHPHHHHHHHHHPHHHHPHHHH
306,HHHPHHHPHHHHHHHHHHPHHHHPH
307,HHHPHHHHHHHHHHPHHHHPPHHHH
308,HHHHHHHHHHHHHHHHPHPPHHHHH
309,HHHHHHHHHPHHHHHHPHPHHHHHH
310,PHHHHHHHHHPHHHHHHHHHHHHHP
311,HHHHHHHHPHHPHPHHHHHHHHHHH
312,HHHHHHHHHPHHHHHHHHHPHPHHH
313,HPHHHHHHHPHHPHHHHHHHHHHHH
314,HPPHHHHHHHHHHHHHHPHHHHHHH
315,HHHHHHHHPHHPHHHHPHHHHHHHH
316,HHHHHHHHHPHHHHHHHPHHHPHHH
317,HPHHHHHHHHHHPHHHPHHHHHHHH
318,HHHHHHHHHHHHHPHHHHHPPHHHH
319,HPHHHHHHHHHHHHPHHHHHHHHPP
320,HHPHHHHHHHHHHHPHHPHHHHHHH
321,HHHHHHHHHHHHHHHPHHPHHHPHH
322,PPHHHHHPHHHHHHHHHHHHHHPHH
323,PHHHHHHHHPHHHHHHPHHHHHHHP
324,HHHHPHHPHHHHHPHPHHHHHHHHH
325,HHHHHHHHHHHHHPHPHHHHPHHHH
326,HHHHHHHPPHHHHHHHHPHHHHHHP
327,HHHHHHHHHHHPHHHPHHHHHHHHP
328,HHPHHHHHPHHHPHHHHHHHHHHHH
329,HPHHHHHHHHHHHHHHPPHHHHHHH
330,HPHHHHHHHPHHPPHHHHHHHHHHH
331,HHHHHHHHHHHPHHHHPHHHHHPHH
332,HHPPHHHPHHHHHHHHPHHHHHHHH
333,HHHPHHHHPHHPHHHHHHHHHHHHH
334,HHHHHPHHHHHHPPHHHHHHHHHHH
335,HHHPHHHHHHPHPHHHHHPHHHHHH
336,HHPPHHHHHHHHHHHHHHHHHPHHH
337,HHHHPHHHHHHPHHHPHHHHHHHHH
338,HHPHHHHHHHHHPPHHHHHHPHHHH
339,HHHPHHHHHHHHHHHHHHHPHHHHP
340,PHPHHHHHHHHHHHPHHHHHHHHHH
341,HHHHHHHHPHHHHHHPHHHHHPHHH
342,HHHHHPHHHPHHHHPHPHHHHHHHH
343,PHHHHHHPHHHHHHHHHHHHHPHHH
344,HHHPHPPHHHHHHHHHHHHHHHHHH
345,HHHPHHHHHPHHHPHHPHHHHHHHH
346,HHPHHHHHHHHHHHHHHPHHPHPHH
347,HHPHPHHHHHHHHHHHHHHPHPHHH
348,HHHHHPHHHHPHHHHPHHPHHHHHH
349,HHHHPHHHPHHHHHPHHHHHHHPHH
350,HHHHHHHHHHPHPHHPHHHHHHHHH
351,HHPHHHPHHHHHHPHHHHHHHHHHH
352,HHHHPHPHHHHHPHHHHHHHHHHHH
353,HHHHHHHHHHHHHHHHHHPHPHHPH
354,HHHHHHHPHHHHHHPHHHHHHHHPH
355,HHHHPHHHHHHHHHHHHPPHHHHHH
356,HHHHPHPHHHHPHHHHPHHHHHHHH
357,HHHHHPHHHHHHHPHHPHHHHPHHH
358,HHHHHHHHHHHHHPHHHHPPPHHHH
359,HHHHHHHHHHHPHHPHHHHHHPHHH
360,HHHHPPHHHHHHHHHHPPHHHHHHH
361,HHHHHHHPHHHHPHHHPHHHHHHHH
362,PPHPHHHHHHHHHHHHHHHHHHPHH
363,HHHPHPHHHHHPHHHPHHHHHHHHH
364,HHHHHHHHHHHPHHPPHHHHHHHHP
365,HHHHHHHHHHHPPHHHHHHHPHHHH
366,PHHHHHHHHPHHHHHHHHHHHHPHH
367,HPHHHHPHHHHHHHHHHPHHHHHHH
368,PHHHHHHHHPHHHHHHHHHHPHHHH
369,HHHHHPHPHHHHHHPHHHHHHHHHH
370,PHHHHPHPHHHHHHHHHHHHHHHHH
371,HPHHHPHHHHHHPHHHHHHHHHPHH
372,HHPHHHHHHHHHHPHHHHPHHHHHH
373,HHHHHHHHHPHHHHHHHHHPHHHHP
374,HHHHPHHHHPHHHHHHHHHHHPHHH
375,PHHHHHHHPHHHHHHHHHHHHHHHP
376,PHPHPHHHHHHHHHHHHHHHHHHHH
377,PHHHHHPHHHHHHPHHHHHHHHHHH
378,HHHHHHHHHHHPHPHHHHHHHHHPH
379,PHHHHHHHHHHHHHHPHHHHHPHHH
380,PPHHHHHPHHHHHHHHHHHHHPHHH
381,HHHHHHHHPHHHHPHHHHHHHPHHH
382,HPHHHHPHHHHHPHHHHHHHHHHHH
383,HHHPHHHPHHHHHPHPHHHHHHHHH
384,PHHHHHHHHPHHHHHHHHHHHHPHP
385,HHPHPHPHHHHHHPHHHHHHHHHHH
386,HHHHHHHPHHHHPHPHHHHHHHPHH
387,HHHHHHHPPHHHHHHHHHPHHHHHH
388,HHHHPHHPHHHHPPHHHHHHHHHHH
389,PHHHHHHHHHHHPHHHHHHHHHHPH
390,HHHHPHHHHHPPPHHHHHHHHHHHH
391,HHPPHHHPHHPHHHHHHHHHHHHHH
392,HPHHHHHPHHHHHHHHHHPHPHHHH
393,HHHHHHHHPPHPHHPHHHHHHHHHH
394,HHHHHHHHHPHHPHHPHHHHHHHHH
395,HHHHHHHHHHHHHHHHHPHHHHPPP
396,HHHHHHPHPHHHPHHHHHHPHHHHH
397,HHHHHHHPHHPHPHHHHHHHHHHHH
398,HHHHHHPHHPHHHHHHHHHHHHHPH
399,HHHHHHHHHHHHPHPHHHHHHHHHP
400,PHHHHPHHHHHHHHHHPHHHHHHHH
401,HHPHHPPHHHHHHPHHHHHHHHHHH
402,PHHHHHHHPHHHHHHHPHHPHHHHH
403,HHHHPHHPHHHHPHHHHHHHHHPHH
404,PHHHHHHHHHHPPHPHHHHHHHHHH
405,HHHHHHHPHHHHHHHHHHHHPHHPH
406,HHHHHHHHHHHPHHHHPPHPHHHHH
407,HHHHPHHHHHHPHHHHHHHHPHHHH
408,HHPPPHHHHHHHHHHHHHPHHHHHH
409,HHPHHPHHHHHHHHHPHHHHHHHHH
410,HHHHHHHHPHHPPHHHHHHHHHHPH
411,HHHHHHHHHHHHHHPHHPHHPHHHH
412,HHHHHHHHHHHHPHHHPHHHHPHHH
413,HHHHHHHHHHPHHHHHHHHHHHPPH
414,HHHPHHHHPHPHHHHHHHHHHHHHH
415,PHHPHHHHHHHPHPHHHHHHHHHHH
416,HHHHHHHHHHPHHHHPHHHHPHHHH
417,HHHHHHHHPHHHHPPHHHHHPHHHH
418,PHPHHHHHHHHHHHHHHHHHHPHHH
419,HHHHHHHHHHHPPPHHHHHHHHHHH
420,HPHHHHHHHHHHHHHHHHHPPHHHH
421,HHHHHPHHHHPHHHHHPHHHHHHHH
422,HHHHHHHPHHPHHPHHHHHHHHHHH
423,HPHHHHHHPHHHHHHHHHHHHHHHP
424,PHHHHHPPHHHHHHHHHHHHHHHHH
425,HHHHPHHHPHHHHHHHHHHHHPHHH
426,HHHHHHHHHHHPHHHHHPHHHPHPH
427,HHHHHHHHHHHHHPPHHHPHHHHHH
428,HHHHPHHHPHHHHHHHHHHHHHHHP
429,HHHHHPPHHHHHHHHHHHHPHHHHH
430,HHHPPHHHHHHHHHHHHHHPHHHPH
431,HPHHHHHHHPHPHHHHHHHHHHHHH
432,HHHHHHHHHHPHHPHHHHPPHHHHH
433,HHPHHHHHHHHHHHHHPHHHHHHPH
434,HHHHHHHPHHHHHPHHHHHHHHPHP
435,HHHHHHHPPHPHHPHHHHHHHHHHH
436,HHPHPHPHHHHHHHHHHHHHHPHHH
437,HHHHHHHPHHHPHHHHPPHHHHHHH
438,HHPPPHHHHHHHHHHHHHHHHHHPH
439,HHPHHHHHHHHHPHHHHHHHHHHHP
440,HPHHHHHPHHHHHPHHHHHHHHHHH
441,HPHHPHHHPHHHHHHHHHHHHHHHH
442,HHHHHHHHHHPHHHHHPPHHHHHHH
443,HPHHHHHHHHHPPHHHHHHHHHHPH
444,PHHHHHHHHHHHHHPHHHHHPHHHH
445,HHHPHHHHHHHHHHPHHHHPHHHHH
446,HHHHHHHPHHHHHHHPHHHPHHHHH
447,HHHHHHPHHHHHHHHHPPHHHHHHH
448,PHHHHHHHHHHHHHHHHPHHHHPHP
449,HHPHHHHHHHHHPHHHHHHHHHHPH
450,HHHPHHHHPHHHHHHHHHHPHPHHH
451,HHHHHHHHHHPHHHHHHHHHHHPHP
452,HHHHHPHHHPHHHHHHHHHHHHHPH
453,HHPHPHHPHHHHHHHHHHPHHHHHH
454,HPHHHHHHHHHHHHHHHPHPHHHHH
455,HPHHHHHHPHPHHHHHHHHHHHHHH
456,HHHHHHHPHPPHHHHHHHHHHHHHH
457,HHHHHHHPHHHHPPHHHHHHHHHHH
458,HPHHHHHHHHHPHHPHHHHHHHHHH
459,HHHHHHHHHHPHHHHPHHHPHHHHH
460,HHHHHPHHHHHHHHHPHHHPHHHHP
461,HHHHHHHHHPHHHPHPHHHHHHHHH
462,HHHHHHHPHHHHHHPHHHHHHHHHP
463,HHHHHHHPHHHHHHPHHHPHPHHHH
464,HHHHHPHHHHHHHHHPPHPHHHHHH
465,HHHPHHHHHHPHPHHHHHHHHHPHH
466,HHHHHHHHHPPHHHHHHHHPHHHHH
467,HPPHHHHHPHHHPHHHHHHHHHHHH
468,PHHHHHHHPHHHHHHHHPHHHHHHP
469,HHHHHHHHHHHHPHPHHHHHHHPHH
470,HHPHHHHHHHPHHHHHHHPHHPHHH
471,HHPHHHHHHHHHHHPHHHHHHHHHP
472,HHHHHPHHHHPHHHHHHHHHHHHPH
473,HPHHHHPHHHHHHHHHHPHPHHHHH
474,HHHHHHHHPHHHHHHHPHPHHHHHP
475,PHPHHHPHHHHHHHHHHHHHHPHHH
476,HHPHHHHPHPPHHHHHHHHHHHHHH
477,HHHHHPHPHHHPHHHHHHHHHHHPH
478,HHPPHHHHHHHHHHHHPHPHHHHHH
479,HHHHPHHHHHHHHHHPPHHHHHHHH
480,PHHHHHHHHHHHPHHHPHPHHHHHH
481,HHHHHHHHPHPHHHHHHPHHHHHPH
482,HHHHPHPHHHHHHHHHPHPHHHHHH
483,HHPPHHPHHHHHHHHHHHHHHHHHH
484,HHHHHHHPHHHHHHHHPHHHHPHHH
485,HHHHHHHPHHHHHHHHHPHHPHPHH
486,PHHHHHPHHHHHHHHHHHHHHHPHP
487,HHHHHHHHHHHHHPPHHPHHHHHHH
488,PHHHHPHHHHHHHHHHPHHHHHHHP
489,PHHHHHHPHHHHHHHHHHHHHHPHH
490,HHHPHHHHPHHHHPHHHHHHHHHHP
491,PHHHPHHPHHHHHHHHHHHHHHHHH
492,HHHPPHHHHHHHHHPHHHHPHHHHH
493,HHHHHHHHHHHPHHHHPHHPHPHHH
494,HHPHHPHHHHPHHHHHHHHHHHHHH
495,HHHHHHHHPHPHHHHHPHHHHHHHH
496,HHHPHPHHPHHHHHHHHHHHHHHHH
497,PHHPHHHHHHHPHHHHHHPHHHHHH
498,HHPHHHHHHHHHHHHPHHHHHPHHH
499,HHHHHHHHPHHHHHHHPHHHHHHHP
500,HHHHHHHHHHPHPHHHHHPHHHHHH
501,HHHHHHHHHHHHPHHHHHHPHHHPP
502,HHHHPHHHHHHHHHHHHHHHHPHHP
503,HHHHHHHHHHHPHPHHPHHHHHHHH
504,HPHHHHHPHHHHHHHHHHHHPPHHH
505,HHHHHHHHHPHPPHHHHHHHHHHHP
506,HHHHHHHPHPHHPHHHHHHPHHHHH
507,HPHHHHHHHHHHHHPHHPHHHPHHH
508,HHHPHHHPHHHPHHHHHHPHHHHHH
509,HHHPHHHPHHHHHHHHHHHHHPPHH
510,HHHHHHHHHPHHHHHPHPHHHHHHH
511,HHHHHHHHHHHHHHHHHHHPPHHPH
512,HHHHPHHHHHHHHHHHHHPHPHHHH
513,HHPHHHPPHHHHHHHHHHHHHHHHH
514,HHHHHHHHHPHHPHHHHHHHPPHHH
515,HHHHHHHPHHPHHHHHHHHPHHHPH
516,HHHHHHHHHHHHHHHHHPHHPPHHH
517,HHHHPHHHPHHHHHHPHHHPHHHHH
518,HHHHHHHHHPHHHHPHHHPHHPHHH
519,HHHHPHHHPHHPHHHHHHHHHHHHP
520,HHHHHHHHHHHHPHHHPHHHPHHHH
521,HHHHHHHHHHHHHHHPHHPHHPHHH
522,HHHPPHHHHHHHHPHHHHHHHHPHH
523,HHHHHHHHHHHPHHHHPPHHHHHHH
524,HHHHPHPHHHHHHHHHHHPHHHHHP
525,PHHHHHHPPHHHHHHHHPHHHHHHH
526,HHHPHHHHHHHHHHHHHHHHHPHPH
527,HHHHPHHHHHHHHHHHHHHPPHPHH
528,HHHHPHHHHHHHPHHPHPHHHHHHH
529,HHHHHHHHHHHPHHHHHHPHHHHHP
530,HPHHHHHHHHHHHHHHHPHHHHPHH
531,HHHHPHHHHHPPHHHHHHHHHHHHH
532,HHHHHHHHHHHHHHHPPHHHPHHHH
533,HHHHHHHHHHPPHHHHHHHHHHPHH
534,HHHHHHPHHPHHHHHHHPHHHHHHH
535,HHHHHHPHHHHHHHHHHHHHPHHHP
536,HHHPHHHHHPPHHHHHHHHHHHHHH
537,HHHHPHHHHHHHHPHPPHHHHHHHH
538,HHHHHHHHPPPHHHHHHHHHHHHHH
539,HHHPHHHHHHHHHHHHHHHHHHHPP
540,HHPHHHHHHHHHPHPHHHHHHHHHH
541,HHHPHHPHPHHHHHHHHHHHHHHHH
542,HPHHHPHHHHHHHHPPHHHHHHHHH
543,HHHHPHHHHHHPHHPHHHHHHHHHH
544,HHHPPHHHPPHHHHHHHHHHHHHHH
545,HHHHPHHPHHHHHHHHHHHHPHHPH
546,HHHHHHPHHPHPHHHHHHHHHHHPH
547,PHHHPHHHPHHHHHHHHHHHHHHHH
548,HHHHHHHHPHHHHHHPPHHHHHHHH
549,HHHHHPPHHHHPHHHHHHHHHHPHH
550,HHHPHPHHHHHHHHPHPHHHHHHHH
551,HHPHHHHHHHHHHHPHPHHHHHHPH
552,HPHHPHHHHHHPHHHHHHHHHHHHP
553,HHHHHHHHHHPHPHPHHHHHHHHPH
554,HPHHPHHHHHHHHHPHHHHHHHHHH
555,HPHHPHHHHHHHHHHHHHPHPHHHH
556,HHHHHPHPHHPHHHHPHHHHHHHHH
557,HHHHHHPHHHHHHHPHHPHPHHHHH
558,PHHHHHHHHPHHHHHHHHPHHHHHH
559,PHHHHHHPHHHHHHHPHHHHPHHHH
560,HPHHHHHHHHHHHHPHHHPHHHHHH
561,HHHHHHHHHPHHHHPHHPHHPHHHH
562,HPHHHHHPHPHPHHHHHHHHHHHHH
563,PHHHHPHHHPHHHHHHHHHHHHHHH
564,HHHHPHHHHHPHHHHPHHHHHHHHH
565,HHHPHHHHHHPPHHHHPHHHHHHHH
566,HHHHHHHHPHPHHHHHHHHPHHHHH
567,HHHPPHHHHHHHHHHHHHPHHHHHH
568,HPHPHPHHHHHHHHHHHHHHHHHHH
569,HHHHHHHPHPHHHHHHHHHHHPHHH
570,PHHHHHHHPHHHHHHHHHPHHHHHH
571,HHHHHHHPHHHHHHHHHPHHPHHHH
572,HHHHHHHHHHPHHPHHHHPHHHHPH
573,HHPHHHHHHPPHHHHHHHHHHHHHH
574,HHPHHHHHHHHHHHHHHHPHHHHHP
575,HHPHPHPHHHHHHHHHHHHHHHHHH
576,HPHHHHPHHHHHHHHHHHHPHHHHH
577,HPHHHPHHHHHHHHHHHHHHHHHPH
578,HHHHHHHHHPHPHHHPHPHHHHHHH
579,PHHHHHPHHHHHHHHHHHHHHHHHP
580,HHHHHHHHHPPHHHHPHHHPHHHHH
581,HHHHHHHHHHHHHHHHHPHPHHHPH
582,HPHHHHHHHHHPHPHPHHHHHHHHH
583,HHPHHHHHHHHHHHHPHHHHPHHHH
584,HHHHHHHHPHHPHHHHHHHHPHHHH
585,HHHHHHHPPHPHHHHHHHPHHHHHH
586,PHHHHHHPHHHHHPHHHHHHHHHHH
587,HHHPPPHHHHHHHHHHHHHHHHHHH
588,HHHHPHHHHHHHHPHHPHHHHPHHH
589,HHHPHHHPHHHHHHHHHHHPPHHHH
590,HHHHHHHHHPHHHHPHHHPHHHHHP
591,PHPHHPHHHHHHHHHHHHHHHHHHH
592,HPPHHHHPHHPHHHHHHHHHHHHHH
593,HPHHHHHPPHHHHHHHHPHHHHHHH
594,HHHHHHHHHHHPHPHHHHHHPHHPH
595,HPHHHHHHPHHHHHPHHHHHPHHHH
596,HHHHHHHHHHHHHPHHHHHHHPHPH
597,PHHHHHHHHPHHHHHHHHPHHHHPH
598,HHHHHHHHHHPPHHHHHHHHHHHHP
599,PHHHPHHHHHHHHHHHHHHHHHHHP
600,HHHHHHHPHHHHHHHHHHPPHHHHH
601,HHHHPHHHHHHHPHHHHHHHHHHPH
602,HHHHPHHHHHHHHHPHHPHHHHHHH
603,HHHHPHHHHHHHHHHHHHPHHHPHP
604,HHPHHHPHPHHHHHHHPHHHHHHHH
605,PHHHHPHHPHHHHHHHHHHHHPHHH
606,HHPPHHHHHHHHHHHHHHHPHHHHH
607,HHHHHHHHHHHHPHHPHHHHPHHHH
608,HHHHHHHHHHHPHHHHHHPHHHHPH
609,HHHHHHPHHHHHPHHPHHHHHHHHH
610,HHHHPHHHHHHHHHHHPHHHHPHHH
611,HHHPHHHHHHHPHHHHHHHHPPHHH
612,PHPHHHHHHHHHHHHHHHHPHHHHP
613,HHHPHHHHHHHPHHHHHPHHHHHHH
614,HHHHPHHHHHHHPPHHHHHHHHHHH
615,HHHHHHHPPPHHHHHPHHHHHHHHH
616,HHHHHHHHHPPHHHPHHHHHHHHHH
617,HPHHHHHHPHHHHHHHHHHHHPHPH
618,HHHPHHHHHHHHHHPPHHHHHHHHH
619,HHPHPHHHPHHHHHHHHHHHHPHHH
620,HHHHHHHPHHPHHHHHPHHHHHHHH
621,HHPHHHHHPHHHHHHPHHHPHHHHH
622,HHHHHHHHHPHPPHHHHHPHHHHHH
623,HHHHPHPHHHHHHPHHHHHHHPHHH
624,HHPHHHHPHHHHHHHHHPHHHHHHH
625,HPPHHHPHHHHHHHHHHHHHHHHHH
626,HHHHPHHHHHHHHHHPHHHHHHPHH
627,HPHHHHHHHHHHPHHHHHPHHPHHH
628,HHHHHHHHHPPHHHHHHHHHHPHHH
629,PHHHHPHHHHHHHHHHHHHHHHHPH
630,HHHHHHHHHPHHHPHHHHHHHHHPH
631,HHPHHHHPHHHHHHPHHPHHHHHHH
632,HHPHHHHHHHHHHHHHHHPHPHHPH
633,HHHHPHHHHPHHHHHHPHPHHHHHH
634,PHHHHHHHHHHHHPPHHHHHHHHPH
635,HHHHPHHHHPHHHPHHHHHHHHHHH
636,HPPHPHPHHHHHHHHHHHHHHHHHH
637,HHHPHHPHHPHHHHHHHHHHHHHHH
638,HHHPHHHHHHHHHHHHPHPHHHHHH
639,HHHPHHHHHHHHHPHHHHHHPHHHH
640,HPPHHHHHHHHHHHHHHHHPHHHHH
641,HHHHHHPPHHHHHHHHHHHHHHPHH
642,HHHHHHHHHHHHHHHHHHHPPHHHP
643,HPHHHHHPHHHHHHHHHHHHHHHPP
644,PHHPHPHHHHHHHHHHHHHPHHHHH
645,PHHPHHHHHHHHHHHHHHHPHHHHH
646,PHHHHHPHHHPHHHHPHHHHHHHHH
647,HHHHHPHHHHHHHPHHHHHHHHHPH
648,HHHHHHHHHHHHHPHHPPHHPHHHH
649,PHHHHHHHHHHHHHHHHHHPHHHHP
650,PHHHHHHHHHHHHHHHPHHHHHHHP
651,HHHPHHPHHHHHHHHHPHHHHHHHH
652,HHHHPHHHHHHPHPHHHHHHHHHHH
653,HHHPHHHHHHHHHHPHHPHHHHHHH
654,HHHPHHHHHHHHHHHHHPHPHHHHP
655,HHHHHPHHHHPHHPHPHHHHHHHHH
656,HHHHHHHHHHHHHHHPHHHPHHPHH
657,HHHHPHHHHHHHHHHPHHHHHHHPH
658,HHHHPHHPHHPHHHHHHHHHHHHHP
659,PHHHHPHHPHHHHHHHHHHHHHHHH
660,HHHHHHHPHHHHPHHPHHHHHHHHH
661,HHHHPHHHHHHHPHHHHHHHHPHHH
662,HHHHHHHHHPHHHPHHHHHHHPHPH
663,HHHHHHHHHHPHHHHHHPPHHPHHH
664,HHHHHHHHPPHHHHHHHHHPHHHHH
665,HHHHHPHHHHPHHHHHHHPHHHPHH
666,HHHPHHHHHHHHHHPHHHHHHHPHH
667,PPHHHHPHPHHHHHHHHHHHHHHHH
668,HHHHPHHHHHHPHHHHHPHPHHHHH
669,HHHHPPHHPHHHHHHHHHHHHHHHH
670,HPHHHHHHHHHHHHPHHHHPHHHHH
671,HHHHHHHPHHHHHPHHHHHHPHHHH
672,HHHHHHHHHPHPHHHPHHHHHHHHP
673,HHHHPHHHHHHHPHHHHHHHPHHHH
674,HHHHHHPPHHHHHHPHHHHHHHHPH
675,PHHPHHHHHHHHHHHHHPHHHHHHH
676,PHHHHHPHHHHHHHHPHHHHHHHHH
677,HHHHHHHHHPHHHHHHHHHHPHPHH
678,HHHHHHHHHHHHPHHPHHHHHPHHP
679,HHPPHHHHHHHHHHHHHHHHHHPHH
680,PHHHHHHHPPHHHHHHHHHHHHHPH
681,HPHHPHHHHHHHPPHHHHHHHHHHH
682,HHHPHPHHHHHPHHHHHHHHHHHPH
683,HPPHHHHHPHHHHHPHHHHHHHHHH
684,HPHHHHHHHPHHHHHHHHPHHHHPH
685,HHHHHHHHHHHPHHHPHHHHHPHHH
686,HHHHPHHHHHHPHHPPHHHHHHHHH
687,HHHHHPHHHHHHHHHPHHHHHHPHH
688,HHHHHHPHHHHHHPHPHHHHHHHHP
689,HHHHHHHHHPHHHHHPHHHHHHHHP
690,HHHHHHHHHHHHHHPPPHHHHHHHH
691,PHHHPHHHHHHHHHHHHHHHPHHHH
692,HHHHHHHHHPPHHHHHPHHHHHHHH
693,PHHHHHHPHHPHHHHHHHHHHHHHH
694,HHHHHHPHHHHHHPHHHHHPHHPHH
695,PHHHHHPHHHHHHHHHHHHHPHPHH
696,HHHHHPHHHHHHHPHHHPHHHHHHH
697,PHHHHHHHHHPHHPHHHHHHHHHHH
698,HHHPHHHPHHHHHHHPHHHHHHHHH
699,HHHHHPHHPHHHPHHHHHHHHHHHH
700,PHHHHHHHHHHPHHHHHHHHHHHPH
701,HHHHHHHPHHHHHHHHPHHHHHHPH
702,HPHHPHHHHPHHHHHHHHHHHHHHH
703,HHHHHPHHHHHHHHPHHHHHHHHPH
704,HHHHHHHHHHHHPHHHPHHPHHHHP
705,PHHHHHHHPHHHHHHHHHHHPHHHH
706,HHHHHHHHHHPHHHHHHHHHPHHPH
707,HHHHHHPHHHHHHPHHPHHPHHHHH
708,HHHHPHHHHHHHHHHHHHHHPHHPH
709,HHHHHHHHHHHHHHHHPHHHHPPHH
710,HHHHHHHHHPHHHPPHHHHHPHHHH
711,HPHHHHHHHPHHHHHHHHPHHHHHP
712,HPHHHHHHHHHHPPHPHHHHHHHHH
713,HPHHHHPHHHHHHHPHHHHPHHHHH
714,PHHHPHHPHHHPHHHHHHHHHHHHH
715,HHPHHHHHPHHHHPHPHHHHHHHHH
716,HHHHHHHHHHHPHHPHHHHHHHHPH
717,HHHHHPHHHHHHHHHPPHHHHHHHH
718,HHHHHHPHPHHHHHHHHHHHPHHPH
719,HHHHHHHHHPHPHHHHHHHHHHPPH
720,HHHPHHHHHPHHHHHHHHHHHPHHH
721,HHPHHHHHHHHHHHHHHHPHHHPHH
722,HHHHPHHHHHHHHPHHHHHHHHHHP
723,HHHHHHHHHHHHHHHPHHPHPHHHH
724,HHPHHPPHHHHHHHHHPHHHHHHHH
725,HHHHHPHHHHHHHHHHHHHHPPPHH
726,HHHHHHHHPHHHHHHPHPHHPHHHH
727,HHHHHHPPHHHPHHHHHHHHHHPHH
728,HHHHHPHHHHHHPPHHHPHHHHHHH
729,HHHHHHHHHHHHHHHPHPHHHHPHH
730,HHHHHHPHHHHHPHHPHPHHHHHHH
731,HHHHHHHHPHPHHHPHHHHHPHHHH
732,HHHHHHPHHPHHHHHHHHHHHHHHP
733,HPHHHHHHPHHPHHHHHHHHHHHPH
734,HHHHHPHPHPHHHHHHHHHHHHHPH
735,PHPHHHHHHHHHHHHHHHHHHHHHP
736,HHHHHHHHHHHHHHPHHPHHHPHHH
737,HHHHPHHHHPHHHHHHHHHHHHHPH
738,HHHHHHHHPHHHHHHPHHHPHHHHH
739,HHHHHHHHHHHPHHPHPHHHHHHHH
740,HHHHHHHPHHHPHHHHHHHPPHHHH
741,HHHHHHHHHHHHHHHHHPPHHHPPH
742,HHHPHHHHHPHHHHHHHHHHHHHPH
743,HHHPHHHPHHHPHHHHHHHHHHHHP
744,HHHHPHHHPHHHPHHHHHHHHHHHH
745,PHHPHPHHHHHHHHHHHHHHHHHHH
746,HHHHHHHHPHHHHPHHHHHHPHHHH
747,PHHHHHPHHHPHHHHHHHHHHHHHH
748,HHHPPHPHHHHHHHHHHHHHHHHHH
749,HHHHHHPPHHHHHHHHHHHPHHHHH
750,HHHHHHPPHHHHHPHHHPHHHHHHH
751,HHHHHHHHHHHHHPHHHPHHHHPHH
752,PPHHHHHHHHHHHHHHHHHHPHHHH
753,HHHHHHPHHHHHHHHPPHHHHHPHH
754,HHHHHHHPHHHHHHHHHHHPHPHHH
755,PHHHPHHHHHHHHHHHHHPHHHHHH
756,HPHHHHHHPHHPHHHHHHHHHHHHH
757,HHPHHPHHPHHHHPHHHHHHHHHHH
758,HHHHHPHHHHHHHPHHHHHPPHHHH
759,HHPHHHHHHPHHPHHHHHHHPHHHH
760,HHHPHHHHHHPHHPHPHHHHHHHHH
761,HHHHHHHHPHHHHHHPHHHHHHHHP
762,HHHHHHHHHHHHHHPHHHHHPHHHP
763,HPHHHHHHHHHHPHHHHHHHHHPHH
764,HHPHHHHHHHHHHHHHHPHHHHHPH
765,HHHHHHHHHHHHHHHHPPHHHHHHP
766,HHHHPHHHHHHHHHHHPHHHHHHPH
767,HHHHHPHHHPHHHHHHPHHHHHHHH
768,PHHHHHHHHHHHHHHPPHHHHHHHH
769,HHPHHHHPHHHHHHHHHHHHHPHHH
770,HHHHHHHHHHHPHHHPHHHPHPHHH
771,HHHHPHHHHHHHHHPPHHHHHHHPH
772,HPPHPPHHHHHHHHHHHHHHHHHHH
773,PHHHHHHHHHHHHHHHHHHHHPHPH
774,HHHHHHHHHHHPHPHHPHHHHHPHH
775,HHHHHHHPHPHHHHHHPHHHHHHHH
776,HHHHHHHHHHHPHHPPHHHHHHHHH
777,PHHHHHHHHHHHHHHHHHHPPPHHH
778,HPHPHHHHHHHPHHHHHHHHHHHHH
779,HPHPHPHHHHHHHHHHHHHHPHHHH
780,HHPHHPHHHPHHHPHHHHHHHHHHH
781,HHHPHHHHHHPHHHHHPHHHHHHPH
782,HHHHHPHPHHHHHHHHHHHHHHHPH
783,HPHHHHHHHPHHHHHHHHHPPHHHH
784,HHHHHHHHHHPHHHHPHHHHHHHHP
785,HHHPHHHHHHHHHPHHHHHHHHHHP
786,HHHHHHHHPHHHHHHHHPHHHHPHH
787,HPHHPHHHHHHHHHHPHHHHHHHHH
788,HHHHHHHHHHHHHHHHHHPHPHPHP
789,HHHHHHPHHPHHHHHHHHHHPHHHH
790,PHHHHHHHHHHHHHHPHHPPHHHHH
791,PHHHHHPHPHHHHHHHHHHHHHPHH
792,HHHHHHHPHHHHHHHHPHHHHHPPH
793,HHHHHHHPHHHHHHHPHPHHPHHHH
794,HHPHHHHHHHHHHHHHHHHPPHHHH
795,HHHHPHPHHHHHHHHHHHHHHHPHH
796,HHHPPPHPHHHHHHHHHHHHHHHHH
797,PHHHPHHHHHHHHHHHHHHHHHHPH
798,PHHHHHHHHHHHHHPPHHHHHHHPH
799,HHHHHHPHHHHPPHHHHHHHHHHHH
800,HHHHHHHHHHHHHHPPHPHHHHHHH
801,HHHHHPHHHHHHHHHHPPHHHHHHH
802,HHHHPHHPHHHHHHPHHHHHHHHHH
803,HHHPHHHHHHHHPHHHHHHHHPHHH
804,HHHHHHHHHHPHHHHHPPPHHHHHH
805,HHHPHHHHPHHHHHHHHHHPHHHHH
806,HHHHHPHHPHHHHHHPPHHHHHHHH
807,HHPHHHHHHPHHHHHHHHPPHHHHH
808,HHHHHHHHPHHPHHHPHHHHHHHHH
809,HHHHHHHHHHHHPPHHHHHHHPHHH
810,PHHHPHHHHHPHHHHHHHPHHHHHH
811,HHHHHHHHPHPHHHPHHHHHHHHHH
812,HHHHPHPHHHHHHHHHHHHHHPHPH
813,HHHHPHPHHHHHHHHHPHHHPHHHH
814,PHHHHHHHHPHHPHHHHHHHPHHHH
815,HPHHHHHPHHHHHHPHHHHHHHHHH
816,HHHHHPPHHHHHPHHHHHHHHHHHH
817,HPHHHHHHHHPHHHHHHHHHHHPHP
818,HHHHHHHPPPHHHPHHHHHHHHHHH
819,HPHPHHHHPPHHHHHHHHHHHHHHH
820,HHHHHHHHHHHHPHHHPPHHHHHHH
821,HHPHHHHHPHHHHHHHHHHPPHHHH
822,PHHHHHHHHHHPHPHHHHHHHHHHH
823,HPHHHHHHHHHHHPPHHHHHHHHHH
824,HHHHHHHHHHHPHHHHPHHHPHHHH
825,HHHHHHHHPHHHPHHHHHHHHPPHH
826,PHHHHPHHPPHHHHHHHHHHHHHHH
827,PHHHHHHHPPHHHHHHHHHHHHHHH
828,HHHHHHHHHPHHHHHHPPHHHHHHP
829,HHHPPHHHHHHHHHHHPHHHHHHHH
830,HHHHHHHHPHHHHPHHHHHPHHHHH
831,HPPHHHHHHHPHHHHHHHHHHHHHH
832,HHHPHHHPHPHHHHHHHHHHHHHHH
833,HHHHHPHHHHHPHHHHHHHHPHHHH
834,HPHHHPHHHHHHHPHHHHHHHHHHH
835,HHHHHHHHPHHHHHHHPHHHHPHHH
836,HHHHHHHHHHHHHPPHHHHHHPHHH
837,HHHHHPHHPHHHHHHHHPHHHHHPH
838,HHHHHHHHHHHHHHHHHHPHHHPHP
839,HHHHHHHPHHHHHPHPHHHHHHHHH
840,HPHHHHHHPPHHPHHHHHHHHHHHH
841,HHHHHHHHHHHPPHHHHHHHHHHHP
842,PHHHHHPHHHHHHPHHHHHPHHHHH
843,HHHHHHHPPHHHHHHHPHHHHHHHH
844,HHHHPHHHHHHHHPHHHHHPHHHHH
845,HHPHHHHHHHHPHHHHHHPHHHHHH
846,HHHHHHPHHHHPHHHHHHHHHPPHH
847,HHHHHHHHPHHHHHHPHPHHHHHHH
848,HHHHPPHHPHHHHHHHHHHHPHHHH
849,HHPHHHPHHPHHHHHHHHHHHHHHP
850,PHHPHHHHHHHHPHHPHHHHHHHHH
851,HHHPHHHHHHHHHHHHHHHHHPHHP
852,HHHHHPHHHPHHHPHHHHPHHHHHH
853,HHHHHHHHPHHHHHHHHHHHHPHPH
854,HPHHHHPHHPHHHHHHPHHHHHHHH
855,HHHPPHHPHHHHHHHHHHHHHHHHH
856,HHHHHHHHHHHHHHPHHHHHPHPHH
857,HHHHHPHHHHHHHPHHHHHHHHPHH
858,PHHHHHHHHHHHHHHHHHPHHPHHH
859,HPPPHHHHHHHHHHHHHHHHHHHPH
860,HHHHHHHHHHHHHHHHHHHHHPPPH
861,HHHHHPHHPHHHHHHHHHHPHHHHH
862,HPPHHHHHHHHPHHHHHHHHHHHHH
863,HHPHHHHHHHHHHHHPHHHHHHHPP
864,HHHHHHHHHHHHHHPHHHPHHHPHP
865,HHHHPHHHHHHHHPPHHHHHHHHHH
866,HHHHHHHHHHPHHHHHPHHHHHHPH
867,PHHHHHHHHHHHHPHHHHPHHHHHH
868,PHHPHHHHHHHHHHHHHHHHHHHHP
869,HHHHHHPHHHHHHHPPHHHHHHHHH
870,HHPHHHHHHPHHHHHHHHHHPHHHH
871,HHHHHPHHPHHHHHHHHHPHHHHHH
872,HHPHHHPHHHHHHHHHHHHHPHHPH
873,HHHHHPHPHPHHHHHHHHHHHHHHH
874,HHHHHHHHHHHHHPPHHHHHPHHHH
875,HHHHHHPHPHHHHHHHHHHHHHHHP
876,HHHHHPHHHHHHPHHHHPHHHPHHH
877,HHPHHHHHHHHHHHHHPHHPHHHHH
878,HHHHHPHPHHHHPHHHHHHHHHHHH
879,HHHHHHHHHHHHHPHHHHHHPHHHP
880,PHPHHHHHPHHHHHHHHHHPHHHHH
881,HHHHHHHHHHPHHPHHHHHPHPHHH
882,HHHHHHPHHPHHHPPHHHHHHHHHH
883,HPHHHPHHHHHHHHHPPHHHHHHHH
884,HHPHHHHPPHHHHHPHHHHHHHHHH
885,HHHHHHHHHHHHHPHHHHHPHHPHH
886,HHPPHHHHHHHPHHHHHHHHPHHHH
887,PHHPHHHPHHHHHHHHHHHHHHHHH
888,HHHHHHHHHHHPHHHHHHHPHHPHH
889,HHHHPHHHHHHHHHHHHHHHHHPPH
890,HHHPPHHPHHHHHHHHHHHHPHHHH
891,HHHHHHHHHHPHHPPHHHHHHHHHH
892,HHHPHPHHHHHHHHHHHHHHPHHHH
893,HHHHHHHPPHHHHHHHHPHHHHHHH
894,HHHHHHPHHHHHHHHHHPHPHPHHH
895,HHHHHHHHHHHHHHHHHPPHHHHPH
896,PHHHHHHPHHHHHHHHHHHHHHHPH
897,HHHHHHHHHHHHHHHHPHHHHPPHP
898,HHPHHHPHHHHHHHPHHHHHHHHHH
899,HHHHPHHHHHHPHHHHHHHPHHHHH
900,HHHHHHHHHHHHPPHPHHPHHHHHH
901,HHPHHHHHHHHHHHHHPHHHHHHHP
902,HHHHHHHHHPHPHHPHHHHHHHHHH
903,PHHHHHHHHHHHHHHHHHPHHHPHH
904,HHHHPHHHHHHHHHHHPHHHPHHHH
905,HHHHHHHHHHHHHPHHHHPHHHHPH
906,HHHHHHHHHHHPHHHHPHHHHHHPH
907,HPHHHHPHHHHHHHPHHHHHHHHHH
908,HHHHPHHPHHPHHHHHHHHHHHPHH
909,HHHHHHHHHHHHHHPHHHHPHPHHH
910,HHHHHHHHHHHPPHHHHHHPHHHHP
911,HPHHHHHHHHHHHHHHPHHHPHHPH
912,HPPHHHHHHHHHHHHPHHPHHHHHH
913,PHHHHPHHHPHPHHHHHHHHHHHHH
914,HHHPPPHHHHHHHPHHHHHHHHHHH
915,HPHPHHHHHHPHHHHHPHHHHHHHH
916,HPHHPHHHHHHHHHHHHHHHHPHHH
917,HPHHHHHHHHPHHHHHHHHHHHHHP
918,HHHHHHHHHHHHHHHHHHHPHHHPP
919,HHHHPHHHPHHHHHHHHHHPHHHHH
920,HHHPHPHHHHHHHHPHHHHHHHHHH
921,HHHHHHHHHHPHHHHHHHHHPHHHP
922,PHHHHHHPHHHHHHHHHHPHHHHHH
923,HHHHHHHHHHHHHHPPHHPHHHHHH
924,HHHHPPHHHHHPHHHHHHHHHHHHP
925,HHHHHHHPHPHHHHHHHHHPHHHPH
926,HHHHPPHHHPHHHHHHHHHHHHHHP
927,HHPHHHHHHPHHHHHHHHHHHHPHH
928,HHHHHHHHHHHHPHHHHHHHHHHPP
929,HHHHHHHPHHPHHHHHHHHHHHPHH
930,HPHHPHHHHHHHHHHHHHPHHHHHH
931,HHHHPHHHHHHHHHHHHPHPHPHHH
932,PHHHHPPHHPHHHHHHHHHHHHHHH
933,PPHHHHHHHPHHHHHHHHHHHHHHH
934,HHHHHHHHPPPHHHHHHHHHHHHPH
935,PHHHHHPHHHHHHHHHHHHPHHHHP
936,HHHHHHHHHHHHHPHHHPHHPPHHH
937,HHHPHHPHHHHHHHHHHHHPHHHHH
938,HHPHHHHPHPHHHHHHPHHHHHHHH
939,HPHHHHHHHHHHHHHHPHHHHHPHH
940,HHHHPHHHHHHHHHHPHHHHHPHHP
941,HHHHHHHHPHHHHPHHHHPHPHHHH
942,HHHPPHPHHHHHHHHHHHPHHHHHH
943,HHHHPHHHPHHHHHHHHHHHHHPHH
944,HPHPHHHHHHHHHHHHHHHPPHHHH
945,HHHHHHPHHHHHHHHHHHHHPHPHH
946,HHHHHHHHHHHPHHHHHHHHHHPPH
947,HHHHHHHHHHHHHPHHHHPHHHHHP
948,HHPHHHHHHHHHHHHHHPHHHHPHH
949,HHHHHHHHHHHHPHHHHHHHHPHPH
950,HHHHHHHPHHHHHHPHHHHPHHHHH
951,HHHHHPHHHHHHPHPHHHHHHHHPH
952,HHHHPHHHHHHHHHHPHHPHHHHHH
953,HPHHHHHHHHHPHHHHHHHHHHHPH
954,HHHPHPHHHHHHHHHHHHHHHHHPH
955,HHPHHPHHHHHHHPHHHHHHHHHHH
956,HHHHHPPHHHHPHHHHHHHHHHHHH
957,HHHPHPHHHHHHHHHHHPHHHHHHH
958,HHHPHPHHHHHHHHHHHHHHHHHHP
959,HHHHHHHHHHPHHHHHHHHPPHHPH
960,HHHHPPHHHHHHHHHPHPHHHHHHH
961,HHHHHPHHPHHHHHHHHHHHPHHHH
962,HHHHPHHHHHPHHHHHHHHHHHHPH
963,HHPHHHHHHHPHHHHPHHHHHHHHH
964,HHHHHHHHHHHHPHHHPPHHHHHHP
965,PHHPHHHHHHHHHHHHPHHPHHHHH
966,PHPHHHPHHHHHHHHHHHHHHHHHH
967,PHHHHHHHHPHPHHHHHHHHHHHHH
968,HHHHHHHPHHPHHHPPHHHHHHHHH
969,HPHHHHHHHHHHHPHHHHHHHHHPP
970,HHHHPHHHHHHHHPHHPHPHHHHHH
971,PHHPHHHHHHHHHHHHPPHHHHHHH
972,HPHHHHHPPHHHHHHHPHHHHHHHH
973,HHHHPPHPHHPHHHHHHHHHHHHHH
974,HHHHHPHHHHHHHHHHHPHHHPHPH
975,HHHPHHPHHHHHHHHHHHHHHHHHP
976,HHPHHHHPPHHHHHHHHHHHHHHHH
977,HHHHPHHHHHPHHHPHHHHHHPHHH
978,HHHHHHHHHPHHHHHHHHHPPPHHH
979,HHHHHHHHPHPHHHHHHHPHHPHHH
980,HHHHPHPHHPHHHHHPHHHHHHHHH
981,HHHHHPHPHHPHHHHHHHHHHHHHH
982,HHHHHHHPHHHHHHHHHHPHHHHPH
983,HHHHHHHHHHHHPPHHHHHHPHHPH
984,HHPHPHHHHHHHHHHHHHHHPHHPH
985,HHHHHHHHPHPHPHHHHHHHHHHHH
986,HHHPHHHHHHHHHHHPHHHHPPHHH
987,HHPHHHHPHPHHHHHHHHHPHHHHH
988,HHHHPHHHHHHPHHHHPHHHHHHHH
989,HPHHHPHHHHPPHHHHHHHHHHHHH
990,PHHHHHHHHHHHPHPHHHHHHHHHH
991,HHHHHPHHHPHHHHHPHHHHHHHHH
992,HPHHHHHHHHHPHHHHHHHHHHHHP
993,HHHHHHHHHHHPHPHPPHHHHHHHH
994,PHHHHHHHHPPHHHHHHHHHHPHHH
995,HHHHHPHHHPHHHHPHHHHHHHHHH
996,PHHPHHHHHHHHHHHHHHPHHHHHH
997,HHHHPHHHHHHHHHHPHHHHPHHHH
998,HHHHHHHHPHHHPHHHHPHHHHHHH
999,HHHHHHHPHHHHHHHHHPHHPHHHP
1000,HHPHHHHHHHHHHHHHHHPHPHHHH
1001,PHHHHHHHHPHHHHHPHHHHHHHHH
1002,PHHPHHHHPHPHHHHHHHHHHHHHH
1003,HHHHHHHHHHHHHHHHPHHHPPHHH
1004,HHPHHHHPHHHHHHHHHHHHHHHPH
1005,HHHHPHHHHHHPHHHHHHHHHHPHH
1006,HPHHHHHHPHHHHHHHHHHHHHPPH
1007,HHHHHHHPHHHPHHHPHHHHHHHHH
1008,HHHHHHHHHHHHHHPHHPPHHPHHH
1009,PHHHHHHHHHHHHHHHHHHPHHPHH
1010,HHPHHPHHHHHHHHHHHPHHHPHHH
1011,HHHHHHHHHHHHPPHHHHHHHHPHH
1012,HHHHHHHHHPHHHHHHHHHHPHHPH
1013,HPHPHHHHHHHHHHHHHPHHHHHHP
1014,HHPPHHPHHHHHHHHHHHHHHHHPH
1015,HHHPHHHHHHHHHHHHHPPHHHHHP
1016,HHHHHHHHHHHHPHPPHHHHHHHHH
1017,HHHHHHHPHHHHHHHHHHHHHPPHH
1018,PHHHHHHHHHHHHPHHHHHHPHHHH
1019,HHHHHPHHHHPHHHHHHHPHHHHHH
1020,HHHHHHHHHHPHHHPHHHPHHHHHH
1021,HHHHHHHHHHHPHHHHHHHPHHHHP
1022,HHHHHHHHPHHHHPHHPHHHHHHHH
1023,HHPHHHHHHHHHHHHHHHHHHPHHP
1024,HHHHHHHHPHPHHHHHHHHHHPHHH
1025,HHHHPPHHHHHHHPHHHHHHHHHHH
1026,HHHHHPHHPHHHHHHHHHHHHHHPP
1027,HHHHHHHHHHHPPHHHHHHPHHHHH
1028,HPHHHHPHHHHHHHHHHHHHHHHHP
1029,HHHHHHHHHHHHHPHHPHHHHHHPH
1030,HHHHHPHHHHHHHHPHHHPHHHHPH
1031,HHHHHPHPHHHHHHHHHHHHHHHPP
1032,HHHPHHHHHHHHHHHPHHPHHPHHH
1033,HHHHHHHHHHHPHHHHPHHHHPHHH
1034,HHHPHHHHPPHHHHHHHHHPHHHHH
1035,HHHHHHHPPHHHHPHHHHHHHHHHH
1036,HHPPHHHHHHHPHHHHHHHHHHHHH
1037,PHHHHHHHHHHHHHPHHPHHHHHHH
1038,PHHHHHPHHHHPHHHHHHHPHHHHH
1039,HHHPHHHHHHHHHPHHHHHPHHHHH
1040,HHHHHHHHHHPPHHHPHHHPHHHHH
1041,PHHHHHHHHHHHHPPHHHPHHHHHH
1042,HHHPHHHHHPHHHHHPPHHHHHHHH
1043,HHHHHHHPHHHHHHHHHPHHHHHPH
1044,HHHPHHHPHHHHHPHHHHHHHHHHH
1045,HHHHPHHHHHHPHHHHHHHPHHHPH
1046,HHHHPHHHHPHPHHHHHHHHHHHHH
1047,HHHHHHHPHHPHHHHHHHHHPHHHP
1048,HHHHHPHHHPHHHHHHHHHPHPHHH
1049,PHHHHHHHPHHPHHHHHHHHHHHHH
1050,HHHHHHHHHPHHHHHHPPHHHHHHH
1051,HPHHHHHHHHHHHHHHHPHHHHHHP
1052,PHHHHHHHHHHPHHHHHHPHHHHHH
1053,HHHHHPPHHHHHHHHHHPHHHHHHH
1054,PHHHHHPHHHPHPHHHHHHHHHHHH
1055,HPHHHHHHHHHHHHHHPHPHHPHHH
1056,PHHPHHHHHHHHHHHHHPHHHHHHP
1057,HHHHHHHHHHHHHPHPHHHPHHHHP
1058,HHHHHHPHHHHHHHHHHHHHHHHPP
1059,HHHPHHHHHHHHHHHHPHPHPHHHH
1060,PHHHHHHHHHHHPPHHHHHHHHHHH
1061,HHHHHHHHHHHHPHPHHHPHHHHHH
1062,PHHHPPHHHHHHHHHPHHHHHHHHH
1063,HHPHHHHHHHHHHHHHHHHHPHHPH
1064,HHHHHHHHPPHHHHHHHHPHHHHHH
1065,PHHHHHPHHHPHHHHHHHHPHHHHH
1066,HHHHHHHPHPHHHHHHHHHPHHPHH
1067,HPHHHHHHHHHHHHHHHHHHHHPPH
1068,HHHHHHHHHHPHHHHHHHPHHHPHH
1069,HHHHHHHPHHHHHHHHHPPHHHHHH
1070,HHHHHHHHPHHHHHHPHPHHHHHPH
1071,HHHHHPHHHPHHHHHHHPHHHHHHP
1072,HHPHHPHPHHHHHHHPHHHHHHHHH
1073,HHHHHHHHPHHHPHHHHHHPHHHHP
1074,HHHHHHHHHHHHHHHHHPPHHPHPH
1075,HHHHHHHHHHPHHHHHHPHHPHHHH
1076,HPHHHHHHPHHHHHHHHHHPPHHHH
1077,HHHHHHHHHHHHHHHHPHHPHHHHP
1078,HHHHPHHHPHHHHHHHHHHHHHHPH
1079,HHPHHHHHPHHHHHHPHHHHPHHHH
1080,PHHHHHHHHHHHHPHHHHHHPHHHP
1081,PHHHHHHHHHHHHHHHHHPHPHHHH
1082,PHHHHHHHHHHHHHHHHHHPHPHHH
1083,HHPHHHHPHHHPHHHHHHHHHHHHH
1084,HHHHHHHPHHHPHHHHHHHHHPPHH
1085,HHHHHHHHHHHPHHHHHHPPHHPHH
1086,HHPHHHHHPHHHHHHPPHHHHHHHH
1087,HHHHPHHPPHHPHHHHHHHHHHHHH
1088,HHHHHHHHPHPHHHHHHHHHHHHHP
1089,HPHHHHHHHHHHHHHPHHHHHHPHH
1090,HPHHHHHHHHHHHHHHHHHHHHPHP
1091,HHHPHHHHHHHHHHHHHPHHPHHHH
1092,PHHHHHHHHHHPHHPHHHHHHHHHH
1093,HHHHHHHHHHHHHHPHPHPHHHHHH
1094,HHHHHHHHHHHHHHHHHHHHPHPHP
1095,HPHHHPHHHHHHHHHHHHHHHHPHP
1096,HHHHHHPHHHHPHHPHHHHHHHHHH
1097,HPHHPHHHHHHHHHHHHHHHHHHHP
1098,HHHHHHHHHPHPHHHHHHHHHPHHP
1099,HHHHHHPHHHHHPHHHHHHHHHHHP
1100,HHHHHHHHHHHHHPHHHHHHPPHHH
1101,HHHPHHHHHHHHHHHHHPPHHHHHH
1102,PHHPHHHHHHPHHHHHHHHHHHHHP
1103,PHHHHHHHHHHHPHHHHHHHPHHHH
1104,PHHHHPHHHHPHHHPHHHHHHHHHH
1105,HHHHHHHPHHHHHHHHPHHHHHPHH
1106,HHHHPPHHHHPHHHHHHHHHHHHHH
1107,HHHHHHPHHHPHHHPHHHHHHPHHH
1108,HHHHHHPHHHHHPHHHHHHHHPHHH
1109,HHPPHPHHHHHHHHHHHHHHHHHHH
1110,HHPHPHHHHHHHHHHHHPPHHHHHH
1111,HHHHHHPHHHPHHHHHHHHHHHHHP
1112,HPHHHHHHHHHHPHHHHHHHPHHHH
1113,HHHHPHHPHHHHHHPHHHHPHHHHH
1114,HHHHHHHHHHHPPHHHHHPHHHHHH
1115,HHPHHPHHPHHHHHHHHHHHHHHHH
1116,HHPHHHPHPHHPHHHHHHHHHHHHH
1117,HHHHHHHHPPPHHHHPHHHHHHHHH
1118,HPHHHPHHHHHPHHHHHHHHHPHHH
1119,HHHPPHHHPHHHHHHHHHHHHHHHH
1120,HHHHHPHHPHHHHHHHHHHHHHPHH
1121,HHPPHHHHHHHHHHHHHHHHPHHPH
1122,HPHHHHHHHHHHHHHHHPHHHHPPH
1123,HPHHPHHHHHHPHHHHHPHHHHHHH
1124,HHHPHHHHHHHHHHHPHPHHHHHHH
1125,HHHHHPHHHHPPHHHHHHHHHHHHP
1126,HHHHHPHHHHPHHPHHHHPHHHHHH
1127,HHHHHPPHHHHHHHPHHHHHHHHHP
1128,HHHHHHHHHHHHHPHHHHHPHPHHH
1129,HHPHHHHHHHHHHPHHPHHHHHHHH
1130,PHHHHPHHHHHHHHHHHPPHHHHHH
1131,HHPHHHHHHHHHHPHHPHHHHHPHH
1132,HHHHHHHPHPHHHHHHHHHHHHHPH
1133,PHHHHHPHHHHHHHPHHHHHHHHHH
1134,PHHHHHHHHHHHHHHHHHPHHHHPH
1135,HHPHHHHHHHHHHHHPHHHPHHHHH
1136,HHPHPHHHHHHPHHHHHHHHHHHHH
1137,HHHHHHHHPHHHHHPHHHHHPPHHH
1138,HHHHPHHHHHHHHPPHHHHHHHPHH
1139,HHHHHHHHHHHPHHHPHHHHHHPHH
1140,HHHHHHHHPPHHPHHHHHHHHHHHH
1141,HPHPHHHHHHHHHHHHHHHHHPHHH
1142,HHHHHHHHPHHPHHHHHHHHHPHHH
1143,PHPHHHHHHHHHHHHHHHHHHHHPH
1144,HHHHHHHHHHPHHHPHHPHHHHHHH
1145,HHHHHHHHHHHPPHHHPHHHHHHHP
1146,HHHHHHHHHHHHHHPHHHPPHHHPH
1147,HHHHHHHHHHHPHPHHPHPHHHHHH
1148,HHHHHHHPHHHHHHHHHHHHHPHPH
1149,HHHHPHHPHHHHHHHHHHHHHHHPH
1150,HHHHHHHPHHHHHHHHHHHPHPHPH
1151,HHPHHHHHHHHPHHHHHHHHHHPHH
1152,HHHHHHHHHHHHPHHHHHPHHHHHP
1153,HHHHPHHHHHHHPHHHHHHHPHHPH
1154,HHPHHHHHHHHHHHPHHHHHHHHPH
1155,HPHHHHHHHHHHHHHHHHPHHPHHH
1156,HHHHPHPHHHHHHHHHHHPHHHPHH
1157,HHHHHHHPHHHPHHHHHPHHHHHHH
1158,PHHHHPHHHHHHHHHHHHHHHHPHH
1159,PHHHHHHHHHHHHPPHHHHHHHHHH
1160,HHHHHHHHHPHHHHHPHHHHPHHPH
1161,HHHHHHHPHHHHHHHPHHHHHHHPH
1162,HHHHHHHHHHHHPHHHPHHHHHHPH
1163,HHHHHHHHPHHPHHHHHHHHPHHPH
1164,HPHHHHHPHHHHPHHHHHHHHHHHH
1165,HHPPHHHHHHHHHHHHHHPHHHHPH
1166,HHHHHHHHHPHHHHHHPHHPHHHHH
1167,PHHHHHHHHHHPHHHHHHHHHPHHH
1168,HPHPHHHHHHHHHHHHHHHHHHHHP
1169,PHHHHPHHHHHHHHHHHHHHHPHHH
1170,HHPHHHHHPHHHHPHHHHHPHHHHH
1171,HPHHHHHHPHHHPHHHHHHHHPHHH
1172,HHHHPHPHHHHHHHHHHPHHHHHHH
1173,HHPHHHHHHHHHHHHPHHPHHHHPH
1174,HHHPHPHHHHHPHHHHHHHHHHHHP
1175,HHHPHHHHHHHHHHPHHHHHHHHHP
1176,HHHPHHHHHHHHPPHHHHHHPHHHH
1177,HHHHHPHHHHHHPHHHHHPHHPHHH
1178,HHHPHHHPHHHHHHPHHHHHHHHHH
1179,HHHHHHHHHHPHHHPHHHHHHHPHH
1180,HHHHHHPHHHHHHHHHPHHHHHHHP
1181,HHHPHHHHPHHHHHPHHPHHHHHHH
1182,HHHHPHHPHHHHHHHHHHHHHPHHH
1183,HPPHHHHHHHHHHPHHHHHHHHHPH
1184,HHHHHPHHHHHHHHPHHHHHHPHHH
1185,HHHHHHHHPHHHHHHHHHHPHPHPH
1186,HHPHHPHHHPHHHHHHHHHHHHHHH
1187,PHHHHHHHHHHHPHHHHHPHPHHHH
1188,HHHHHHHHHHHHHPHHHPHHHHHPH
1189,HHHHHHHHHHHHHHHHPHHHHPHPP
1190,HHHPHHHHHHHHHHPHHHHHPHPHH
1191,HHHHHHPHHHHHHHPHPHHHHHHHH
1192,HHHPHHHHHHHHHHHHPHPHHPHHH
1193,HHHHHHHHHHHHPHHPPPHHHHHHH
1194,PHHHHPHHHPPHHHHHHHHHHHHHH
1195,HHHHHHHHHHHHHHHHHPHHHHPHP
1196,HHHHHHHHPHHHPHHHPHPHHHHHH
1197,HHHHHHHHPHHPHHHHHHHHHHHPH
1198,HHHHHHHPHHHPHPHHHHHHHHHHH
1199,HPHPHHHHHHHHHHHHHHHHHHHPH
1200,HHHHHHHHHPHHHPHHHHHPHHHHH
1201,HHHHHHHHHHPHHHHPPHHHHHHHH
1202,PHHPHHHHHHPHHHHHHHHHHPHHH
1203,HHHPHHHHHPHPHHHHHHHPHHHHH
1204,PHHPHHHPHHHPHHHHHHHHHHHHH
1205,HHHHHHHHPHHHHHPPHHHHHHHPH
1206,HHHHHHHHHHHHHHHHPHHPHHHPH
1207,HHHHHHPHHHHHHHPHHHHHHHHPH
1208,HHHHHHHHHHHHHHHPHHHHHHPHP
1209,HHPHHHHHHHHHHHHHPHPHHHHHH
1210,HHHHHHHHHHHHHHHHPHPHHHHPH
1211,HHPHPHHHHHHPHHHHHPHHHHHHH
1212,PHHHHHPHHHHHHHHHHHHHHHHPP
1213,HHPHHHHHHHPHHHHHHHHHHHPHH
1214,PHHHPHPHHHHHHHHHHHHHHHHHP
1215,HHPHHHHHPHHHHHHPHHHHHHHHH
1216,HHHHHHHPHHHHHHHHHHHHHPHHP
1217,HHHHHHHHHHPPHHHHHHHHPHHHH
1218,HHHHHHHHHHHHPHHPHHHPHPHHH
1219,HHHHHHHHHHHHPHHHHHHHPHPHH
1220,HHHPHPHHHHPHHHHHHHHHHHHPH
1221,HHHPPHHHHHHHHHHHHHHHPHHHP
1222,HHHHPHHPHHHHHHHHHHHHHHPHH
1223,PHHHHHHHHHHHHHPHHHHHHHHHP
1224,PHHHHHHHHHPHHHPHHHHHPHHHH
1225,HHHHHHHHHPHHPHHHHHHHHHHPH
1226,HHHHHHHHHHPHHHHHHPHHHHPHH
1227,HPHHHHHHHHHHHHPPHHHHHHHHP
1228,PHHPHHHHHHHHHHHHPHHHHHHHH
1229,HHHPHHHHHHHHPHHHHPHHHHHHH
1230,HHHPHHHHPHHHHHHHHHHHPHHHH
1231,HHHHHPHHHPHHHHHHHHHHHHPHH
1232,HHHHHHHHHHHHHHHPPHPHHHPHH
1233,HHHHHHHHHHPHHHHHHHHHPHHPP
1234,HHHHPPHHHHHHHHHHHHHHHHPPH
1235,HHHHHHHHHPHHHPHHHHPHHPHHH
1236,HHHHPPHHHHHHHHHHPHHHHHPHH
1237,PHHHHHPHHHHHHHPHHPHHHHHHH
1238,HHHHHPHHHPPHHHHHHHHHHHHHP
1239,HHHHHHPHHPHHHHHPHHPHHHHHH
1240,HHHHHPHPHPHHHHHHHHHHHHPHH
1241,HHHPHHPHPHHHPHHHHHHHHHHHH
1242,HPHHHHHHHHHPHHHHHHHHPHHHH
1243,HHHHHHHHHPHPHHHHHHHPHHPHH
1244,HHHHHHHHHHHHPHHHHHPHPHHHH
1245,PHHHHHHHHPHHHHHHHPHHPHHHH
1246,HHHPHHHHHHHHHHHHHHHHPHPHH
1247,HHPHHHHHHHHHHHHHPPHHHHHPH
1248,HHHHHHHHPHHPPHPHHHHHHHHHH
1249,HHHHPHHHHHHHHHHHHPHHHHHPH
1250,HHPHHHHHHHHHHHHHHHHHPHHHP
1251,HHHHHHPPPHHPHHHHHHHHHHHHH
1252,HHHPHHPHHHPHHHHHHHHHHPHHH
1253,HPHHHHHHHHHHPHHHHHPPHHHHH
1254,HPHHHPHHHHPHHHHHHPHHHHHHH
1255,PHHPHHHHHHHPHHHHHHHHHHPHH
1256,HHHPHHPHHHHHHHHHPHPHHHHHH
1257,PHHPHHHHHHHHHPHHHHHHHHPHH
1258,HHHHHHPPHHHHPHHHHHHHHHPHH
1259,HHPHPHHHPHHHHHHHHHHHHHHHH
1260,HHPHHHHPHHHHHHPHPHHHHHHHH
1261,HHHHHHHHPHHHHHHHHPPPHHHHH
1262,HHHHPHPHPHHHHHHHHHHHHHPHH
1263,HHPHHHHHHPHHHHHHHHPHHHHHH
1264,HHPHHHHHHPHHHHHPHHHHHHHHH
1265,HHHHPHHHHPHHPHHHHHHHHHHHH
1266,HPHHHPHPHHHHHHHHHPHHHHHHH
1267,HPHHHHHHHHHPHHHHPHHHHPHHH
1268,HHPHPHHPHHHHHHHHHPHHHHHHH
1269,HHHHHHHHHPHHHHHHHHHPPHHHH
1270,HHHPHHHPHHHHHHHHPHHHHHHHH
1271,HHHHHHHHHPPHPHPHHHHHHHHHH
1272,HPHHHHHHPHHPHHHPHHHHHHHHH
1273,HHHHHHHPHHHHHHHHHHHHPHHHP
1274,HHPHPHHHHHHHHHHHPHHHHHHHH
1275,HHHHHHHHPHHHHHHPHHHHPHHHH
1276,HHHHHHPHPHHHHHHHPHPHHHHHH
1277,HHHHHHPHHHHHHPHHHHPHHHHHH
1278,HHHHHHHHHHPHHHHHHHHHPPHHH
1279,HHHHHPHHHHHHHPHPHHHHHHHPH
1280,HHHHHHHHHHHHHHHPPHHPHHHHH
1281,HHHPHHHHHHHHHHHPHHHHHHPHH
1282,HHHHHHHHHPHHHPHPHPHHHHHHH
1283,HHPHHPHHHHHHHHHHHHHHHHHPH
1284,PHHHHHPHPHHHHHHHHHHHHHHHH
1285,HHHPHHHHHHHHHHHHHPHHHPHPH
1286,HHPHHHPHHHHPHHHHHHHHHHHPH
1287,HPHHHHHHHHPHHHHHHPHHHHHHH
1288,PHHHHHHHHPHHHHHHHPHHHHHHH
