id,sequence
0,HHPHPHPPHHHHHHHHHHPHHHPHH
1,HHHPHHHHPHPHHHHPHHHHHPHHH
2,HHHHPHHHHHHHHHHPHPHHHPHHP
3,PPHHHHHHHHPHHHHHPHHPHHHHH
4,PHHHHHHHHPPHHHHHHHPHHPHHH
5,HHHHPHHHHHHHPHHPHHHHPHHPH
6,HPPPHHHHHHHHHPHHHHHHHPHHH
7,PHHPHHPHHPHHHPHHHHHHHHHPP
8,PPHPHHPHHHHPHHHPHHHHPHHHH
9,HHHHHHPHPHHHHHHHHHPPHHPPH
10,HHHPHHHHHHHPHPHPHHHHHHPHH
11,HHHHHHPHPHHHHPHHHHHPHHHHP
12,HHHHHPHHHHHPPHHPHHHHHHPPH
13,HPHHPHPHPHHHPHPHHHHHHHPHH
14,HHHHPHHPHHHHHPHHPHHPHHHHH
15,HHPHHPHHHPHHPHHHHHHHHPPHH
16,HHHHHHHHPHPPPHHHHPHHHHHPH
17,PHHPPPHPPHHHHHHHHHHHHHPHH
18,HHHPHPHHHHPHHHHHHHPHHPPHH
19,HHPPHPHPHHHHHHHHHHPHHHHPH
20,HHHPPHPHHHPHHHHHPHHHHHPHH
21,PHHHPHHHHHPHPHPHHHHHHPHHP
22,PHPPHHHHHHHHPHHHPHHHHHHPH
23,HPHHPHHHHHHHHPPHHHHPHHPHH
24,HHHHHPHHHHHHPPHHHHHHPHHPP
25,HHHHHPHPPHHHHHHPHHHHHHHPH
26,HHPHPHHHHHHHPHHHPPHPHHHHH
27,PHPHHHHHHHHHHHHHHHHPHPHPH
28,HHHPPHHHPHHPHHHHHHHHHHHPH
29,HHHHHHHHHHPPHHHHHHHHPPPHP
30,HHHHHHHHHPHPHHHHPHPHHHHPH
31,HHHHHHHHPHHHPHHHHHPPHPHHH
32,HHHHHHHHPHHPPHHHHHHHPPHHP
33,HPPHHHHHPHHHPHHHHHHHHHPHH
34,HHHHHHPHHHHHPHPHPHPHHHHHH
35,HHHHHHPHHHHPPPPHHHHHPHHPH
36,PPHHHHHHHHHPHHHHHHHHHHHPP
37,HHHPPHPHHHHPHHHHPHHHPHHPH
38,HHHPPHHPHHPHHHPHPHHHHHHHH
39,PHHHPHHHHHHHHPPHHHHHHPHHH
40,PHHPHHPHHHHPHHHHHHPHHHPHH
41,HHPHHHHHHHHHPHPHPHHHPHPHH
42,HPHHHHHHHHHHPPPHHHHHHHHPH
43,HPHHHHHPPPHHPPPHHHHHHHHHH
44,HHHPHPPHHHHHHHHHHHPHHHHPP
45,PHHHHHHHHHHHPHHHHHPHPPPHH
46,HHPPPHHHHPHHHHPPHHHHHHHHH
47,HHHHPHHHHPHHHPHHHHPHPHHHH
48,HHPHHHHHHHHPHPHHPHHPPHHHH
49,HHHHHHHPHHPHPHHPHPHHHHHHH
50,PHHPPHHHHHPHHPHHHHPHHHHHH
51,HPHHHHHHHHPHHHHPHHPHHHPHH
52,HHHHHHHHPHHPHHPHPHHHPHHHH
53,HHHPHHPPPHHHHHHHHHHHHPPHH
54,HHPHHHHHHHHHPHHHHPHHPPHHH
55,HHPHHHHHHHPPPHHHPHHHHHPHH
56,HHPHHPPHHHHHHHHHHHHHHHHPP
57,HHHHHHHPHHHPHHHHPHHPHHHHP
58,HPHHHHHHPHHPHHHHHHHHPHHPH
59,HHHHHHPHHPHHHHHHPHHHHHHPP
60,HHHHHHHHHPPHPHHHPHHHHHHPH
61,HPHHPHHHPPHPHHHHHHHHHHPHP
62,HHPHPHHHHHHHPHHPHPHHHPHHH
63,HHPHHHPHHPHPHHHHHHHPHHHHP
64,PHHHPPPHHHHPHHHPHHPHHHHHH
65,HHPHHHPPHPHHHPHPHHHHPHHHH
66,HHHHHHPHHHHPHHHPHHHHPHPHH
67,PHPHHPHHHPPHHHHHHHHHPPHHH
68,HHHHPHHPPHPHPHHPHHHHHHHHH
69,HHHHHPHPHHHHHHHHHPHPHPHHH
70,HHHPPPHHHPHPHPHHHPHHHHHHH
71,PHHHHHHHHHHPHHPHHHPPHHHHP
72,HHHPPHHHHHHHHPHHHHPHHHHPH
73,HHPHHHHHHHPHHHPHHPPHHPHHH
74,HHHHPHHHPHHHPPHPPHHHPHHHH
75,HHHPHHPHHPHHHHHPHHHHPHHHH
76,HHPHHPPHPPHHHHPHHHHHHHHHP
77,HHHHHHPHHPPHHHHHHHHHHPPHH
78,HHHHHHHHPHPHPHHHHHHHPHHPH
79,HHHHPHPPHHPHHHHHHHPPHHHPH
80,HHHHHHHPHPHHPHHPHHPHHHHHP
81,HPHPHHPHHHPHPHHHPHHHHPHHH
82,PHPHHHHHPHHHHHHHHHPHHPHHH
83,HPHHHPPHHHPHHPHHHPHHHHHHH
84,HHPHHHHPHHPHHPHHHHPHHHHHP
85,HPHPHHHHHHPHHHHHHHHHPHHHP
86,HHHHHHHHHPHHHPHHHHHPPPHHH
87,PHHHHHHHHPPHHHHHPHHPHHHHH
88,HHHHHHPHHHHHHHHPPPHHHPHPH
89,PHPHHHPPHHHHHHHHHPHPHHHHH
90,HHHHHPHPHPHPHPHHPPHHHHHHH
91,PPHPHPHHHHHHHHPHHHHHHHPHH
92,HHPHHHHHHHHHHHPHPHHHHHPHP
93,HPHHPHHHPHPHHHHHHPHHHPHPH
94,HHHPHHHPHHHHHPHHHHPHPPHPH
95,HPHPHHHHHHHPHHHHHHHHHPHHP
96,HHPHPHHHHHPHHPPHHHPHHHPHH
97,HHHHHHHHHHPHPHPHHPHHPHPHH
98,PHHHHHHHPPHHHHPHHHPHHHPHH
99,HHHPHPHHHHHHHPHHPHHHHHHPH
100,HHHHPHHPHHPHHHPPHHHPHHPHH
101,HHHHHHHHPHPHHHPPHHHHPHPHH
102,HPPPPHPHHHHHHHHHHPHHHPHHH
103,HPHPHHHHHHHPHPHHHPPHHPHHH
104,PHHHHPHHHHHHHPHHHHPHHPHHH
105,HHPHHHHHHHHHPHPHPHHHHPHPH
106,HHHHPHHPHHHPHHHHHHHPPHHHH
107,HPHPHHHHHHHHHHHPPHHHHHPHH
108,HHHHHHHHPPHHHHHHPHHHHPHHP
109,HHHHHHPHHHHHPPHPPHHHHHPHH
110,HHHHHHHHPHPPPHPHHHHHHHHHH
111,PHHHHPHHPHHHHHHHHPHPHHHHP
112,HHPHHHHHPHHPHHPHHHHHHHHHP
113,PHHHHHHHHHPHHPHHHHPPHHHHH
114,HHPPHPHHHHHHHHHPHHHHPHHHH
115,PPHHHHPHHHHHHHHHHHHHPPPHH
116,HHHHHPPPPPHPHHHHHHHHHHHHH
117,HPHHHPHHHPHHHHPPHHHHHHHHH
118,HHPHPHHHHHHHHHHHPHPHHHPHH
119,HHHHPHPHHHPHHHHPHHHPHPHHH
120,HHPHHPPHHHHPPHPHHHHHHHHPH
121,HHHHHPPHHPHPHHHPHPHHHHHHP
122,PHHPHHHHPHHPPHHHHHHHHHHHH
123,HHHHHHHPPHHHHPHPPHHHHHHHH
124,PPHPHHHHHHHHHHHHHHPHHHHHP
125,HHPHHHHHHHHPPHHHHHHPHPHHH
126,HHHPHHHHPPPHHHHHPHHHHHHHP
127,HPHHPHPHHPPHHPHHHHHHHHHHH
128,HHHHHPHPHHHPHHHHHHPHHPHHP
129,HHPPHHHHPHHHHPHHHHHHHHHPP
130,PHHHHHHHPPHHHHHPHHHHHPHHH
131,HPHHHHHHPHPHHHHHPPHHHPHHH
132,HHHPHHPPHHHPHHHPHHHHHHHHH
133,PHPHHHPHHHHHHHHPHHPHHHHHH
134,HHHHHHPPHPHHHHHPHHHHHPHHH
135,HHHHHPHHHHPHPHHHPHPHHHHHH
136,HPHPHHHHHHPHHPHPHHHHHHHHH
137,HHPHHHHHHHHHHHPPHPHHPHHHP
138,HPHHHHHHHHHHHHHHHPHHPHPHP
139,HHHPHHPHPPHHPHPHHHHPHHHHH
140,HPHHHPHHHHPHHHHHHHPHPHHHH
141,PPHHHHHPHPHHHPPHHHHHHHPHH
142,HPHHHPHHHHHHPHHHHHHHHPPHH
143,HHPPPHHHHHHHHPHHHHHHPHPHH
144,PHHHHPHPHHHHPHHHPHHHPHHHH
145,HHHHPHHHHHPHHHPHPHHHHHHPP
146,HPHHPHHHHHPPHHHHPHHPHHHHH
147,HHHHHHHHPPHHHHPPHHPHHHHHH
148,HHHHHHPPHPHHPHHPHHHPHHHHP
149,HHHHHHPHPPHPHHHHHHHHPPHHH
150,HHHHHHPHPHHPHHHPHHHPHHHHH
151,PPHHHHHPHHPHHHHPHHHHHHPHH
152,HHHHHPPHHHPHHHHHHHPHHHPPP
153,HHPHHPHHHHHHHHHPPHPHHPHHH
154,HHHHHHHHPHPHHHHHHHPPHPPHH
155,PHHHHPHHPHHPHHHPHHHHHHHHH
156,HHHHPPHHPPHHHHHHHHHHHPHHP
157,HHPHPHHHHHPHHHHPHHHHPHHHH
158,HHHHHHHPHHHHPPHPHPHHHHHHH
159,HHHHHHPHPHPHHPPHPHHHPHHHH
160,PPHPHHHHHHHPHPHHHHHHHHHHH
161,HHPHHPHHHHHHPHHHHHHPHHPHH
162,PHPHHHHPHHHHPHHPHHHHHPHHP
163,PHHHHHHPHHHHHHHPPHPHHHHPP
164,PPPHHHHHHHPPHHHHPHHHHPHHH
165,HHHHHPHHPHHPPHHHHHHHHPHHH
166,HPHHHHHHHPHPPHHHPPHHHHHHP
167,HPHHHPHHPHHPHHHHHHHHHHHPH
168,HHHHHHHHHHHPHPPHPHHPHPHHH
169,HPHHHHHHHHPHHHHHHHHHPPHPP
170,HHHHPHHPHHHHPPHHHPHHPHPHH
171,HHHHHHHHHHHHPHHPPPHHHPHHH
172,HHHHHHPHHHHHPHHPHHHPHHHPH
173,HHHPPHHPHHHPHHHHHPHHHPHHH
174,PHHHPHPHHPHHHHPHHHPHHPHHH
175,HHHHHHHHPPHHHHPHHHHHHPPHH
176,PHHHPHPHHHPHHHHHHPHHHHHHH
177,HHHHPHHHHHHHHHHHHHPPPPHHH
178,HHHHHHPHHHHPHHHPHHHPPHHHH
179,HHPPPPHPHHHHPHHHHHPHHHHHH
180,HHHHHPHHPHPHHHHHHHHPHHHHP
181,PHHHHHPHHHHHHHHPHHHHPHHHP
182,PHHPHHHHHHPHPHHHPHHHHHPHP
183,HPHHHPHPHHPHPHHPHHHHHPHHH
184,HHHPHPHHPHHHHHHHHHPHHPHHH
185,HHHPHPHHHHPHHPHPHHHPHHHHH
186,HHHHPHHHHHHHHHHPPHPHHHHPH
187,PHHHHHHPHHHHHHHPPHHHHHHHP
188,HHHPHPHHHPHHHHHHHHHPPHPHH
189,HHPPHPHHPHHHHPHHHHHHPHHHP
190,HHHHHHHHHHPPHHHHHPHPPHHHH
191,PPPHHHHHHHHHPHHHHHPHHHHPH
192,HHHHPHHHPPPHHHHHHHHHPHHHP
193,HHHHHPHPHHPHHHHHHPPHHHHPH
194,HPHHHHPHHHPHHHHPHHHHHHPHH
195,HHHPPHHHHPPHHHHHHPHHHHHHP
196,HPHHHHHHPPHPHHHHHPHHHHHHH
197,PPHHHHHHHHHPPHHHHPPHHHHHH
198,PHHPPHHHPPHHHHHHHHPHHHHHH
199,HHPHHPHHPHHHHHHPHHHHHHHHP
200,HHPHPHHHHPHHPHHHHHHPPHHHH
201,HPHHHPHHHHHPHHPHPHHHHHPPH
202,HHHHHPPHHHHPHHHPPHPHHHHHH
203,HPHHHPHHHHHHHHHPHPPPHHHHH
204,PHHHHHHPPPPHHHHHHHPHHHHHP
205,HHHPHPPHHPHPHHPHHHHHHHHHH
206,PHPHHHHPPHHHHHHPHHHPHHHHH
207,HPHHHHHHHHHHPHPHHHPHPHHHP
208,HPHHPHHHHPPHHHPHHHPHHHHHH
209,HHHPHPHHHHHHHPHPHHHHHHHHP
210,HHHHHHPPHHHHHHPPHHHHHPPHH
211,PHHPHHHHHHHHPHHHHPHPHPHHH
212,HHHPHHHHHHPPPHHHHPHHHHHHP
213,HPHHPHHHHHPHHHHPHHHHHHHHP
214,HPHHPHHPHHHHPHHPHHHPHHHHH
215,PHHPPHHHHPHHHHHHHHHHHPHHH
216,PHHHHHHHHPHHPPPHHHHPHHHHP
217,HHHHHHHHPHHHHHPPHHHHHPPHH
218,PHHHHHHHHPHHPHPHHHHPHPHHP
219,HHHHHHPHHPHHHHHPPHPHPHHHH
220,HHHHHHHHHHHPPPHHHHHHPPHHH
221,HHHHHHHHHHPHPHPPHHHHHPHHH
222,HHPPHHHHHHHHPHHHHPHHHHHHP
223,PHHHHHPHHHHPHHPPPHHHHHHPH
224,HHHHPHPPHPHHHHHPHHHHPHHHP
225,HHHPHHHPPHPHHHPHHHHHHHHPH
226,HHHPHHHHHHHHHPHHHHPHPHPHH
227,HPHHHHPPHHPHHHPHHHHHHHHHH
228,HHHHPPPHHPPHHPHHHHHHHHHHH
229,HHHPHHHHHHHHPPHHHHHHPHHPH
230,HPHPHHPHPHHHHHHHHHPHHHHHH
231,HHHHPHHHHHPHHHHPHPHHHPHHH
232,HPHHHHHHHPHPHHPHHHHHHHPHH
233,HHHHHHPHHHHHPHPHHHPHHHHPH
234,HHHHHHHHHPHHHHHPHPPHPHPHH
235,HHHHHPHHHPHPPHHHHHPHHPHHH
236,PPHHHHHHHPPHHHHHHHPHHHHHP
237,HHHHHHHHPPHHHHHHHHHHPPPHH
238,HPPHHPHHHHPHHHHHHHHHHHHPH
239,HHHHHHHHPHHHHPHHPHPHHPHHP
240,PPHHHPHHHPHPHHHHHPHHPHHHH
241,HPHHHHHPPHHPHPPPHHHHHHHHH
242,HHHHHHHPHHHHPHHHHPHHPHHHP
243,PPPHHHHPHHHHHHHHHHHHHHHHP
244,PPHPPHHHHHHHHHPHPPHHHHHHH
245,HHHPHPPHHHPHHHHHHHHPHHHHH
246,HHPHHHHPPHHHHPHHHHHHHHHHP
247,HHHHHHHHHHPPPHPHHHPHHHHHH
248,HPHPHHHHHHHPHHPHHHHPHHHPP
249,PHHHPHHHPHHHPHHHHHPHHHHHH
250,PHPHHHHHHHHHHPHPHHHHHHHHP
251,HHHHHHHPHHPHHHHPHHHHHPHPH
252,HHPHHPHHHPPHHHHPHHHHHPHHH
253,HHHHHHHHPHHHPPHHHHHPHHHPH
254,HHHHHHPHHHHHHHPHHPHHHPHPH
255,HHPHHPHPHPHHHHHHHPHHHHHHH
256,HHHHHHHPHHHPHPHHHPHHHHHHP
257,HPPHHHHHPPHHHHHHHHHHPHHHH
258,PPHPHHHPHHHHHHHHHHHHPHPHH
259,HHHPHHPHHHHPHPPHHHHPHHPHH
260,HHHHHHHHHPHHHHHHHHHHHPPPP
261,HHHPHHPHHPHHHHHHPHPHHHPHH
262,HHHHHHHHPHPHHPHPHPHPHPHHH
263,PHHHHHHHPHHHHHHPHHHPHHPHH
264,HPHHHPHHHHHHPHHHHHHHPHHPH
265,HHHHHPHPHHHHHHHPPPPHHPHHH
266,HHHPPHPPHHHPHHHHPHHHHHHPH
267,HHHHPHHHPHHHHPHPHHHHHHPHH
268,HHHPHPHHHHHPHHHHPHHHPPHHP
269,HPPHPHHHHHHHPHHHHHPHHHHHH
270,PHHHHHPPHHHPPHHPHHHHHHHHP
271,PHPHPHHHHHHHHHHPPHHHHPPHH
272,HHHHHHHHPHHPPPHHHHHPHHHHP
273,HHHPPHPHPHHHHHHHHHHHHPPHP
274,HPHHPHHHPHPHHHHHHPHHPPHHH
275,HHHPHHHHHHHHHHHHHHPHPHPHP
276,HHHHPPHHHHHHHHHPPHPPHPHHH
277,PHHPPHPHHHHHHHHPHHHHHHHHH
278,PHPPHHHPHHPHHHHHHHHHHHHHH
279,PHPHPHHHHHHHHHHHPPHHHHHHH
280,HPHHHHPHHHPHPPPHPHHHHHHHH
281,HHPPHHHPHHHHHHHHPHHPHHHHH
282,HPPHHHHPHPHHHHHHHHHPHHHPH
283,HHHHHHHPHHPHPHHHPHHHHPHHH
284,PHHHHHHHHHHPHPPHHHPHHHHHH
285,HHPPHHPHHHHHPHPHHHHHPHHHH
286,HPHPHHHHPHHHHHHHHHHHHPHPH
287,HHHHHHHPHHHHPPHPPHHHHHHHP
288,PPHPHHPHHPPHHHHHPHHHHHHHH
289,HHHHHPPHHPHHHHHPPHHHHHHHH
290,HHHPHHHHPHHHHHPHHHHPHHPHH
291,HHPHHHHPHHPHHHHHPHHHHHPHH
292,HHHPHHPHHPHHHPPHHHHPHHPHH
293,HHHHHHHHPHPHPHHPPHHHHHHHH
294,PHHPHHPHHHHPHHPHPHHHHHHHH
295,HHHHPHPHPHHPHHHHHHHHHHPHP
296,HHPHPHHPHHHHHHHHHHHPHHPHH
297,HHHHHHPHHHHHHPHHHPHHHPHPH
298,HPPHHPHPHHHHHHHPHHPHHHHHP
299,HPHHPHHPHHHHPHHHHHHHPPHHH
300,PHHPPPHHHHHHHPHHHPHHPHHHH
301,HPHHHHHHHPPHHPHHHHHPHPHHP
302,HHHHHPHHHHHPHHHPHPHHPPHHH
303,HHHHPHHHPPHHPHHHHPHHHHHHH
304,HHHHPHHHHHPHHHPPHHHHPHHHH
305,HHHPHHHPHHHPPHHHPHHPPHHHH
306,PHHHPHHHHPHHPHHHHHHHHHPHH
307,HPHHPPHHHPHHHHHHHHHHHHPHH
308,HHHPHPHHHHHHHHPHHHHPHHHHP
309,HPHHHPHHHHHHPHHHHHHHHHPPH
310,HHHHHHHPPHHPHHPHHHHPPHPHH
311,HHHHHPHHPPHPHHHHPHHHPHHPH
312,HHPHHHHHPPPPHHHPHHPHHHHHH
313,PHPPHHHHHHHHHHHPHHHHHHPHH
314,PHPHHPHHPHHHPHHPHPHHHHHHH
315,PHPHHHHHPHHPPHHHPHPHHHHHH
316,HPHHHHPHHHHHHHHHPHHHHHHPP
317,HHHPPHHHHHPHHHPHHHHHHPHHH
318,PHHHPHHPHHHHHHHHHHHHHPPHH
319,HPHHHHHPHHHPHHHHHHPPHHPHH
320,HHPPHPPHHHHHHHHHHHHHPHPHH
321,HHHHPHHHPPHHHHPPHHHHHHHHH
322,HHHHHHHHPPHPHHHHPHPHHHHHP
323,PHPHHHHPHHHHHHHPHHHHHHHPH
324,HPPHHPHHHHHPHHHPHHPPHHHHH
325,HHHPHHHPHHHHHHHHPHPHHPHHP
326,HHHHHPHPHHHPHHPHHHHPHHPHH
327,HHHHHHHHHPHHHPHHPHPHHHHPH
328,HHHPHPHHPHPHHHPHHHHHHHHHP
329,HHPHHHHHHHHHHHHPPHPHHHHHP
330,PPHHHPHHHPHHHHHHHHHHHHHPH
331,PHHHHHHHHHPHHHPHHHHHPHPHH
332,HHHHPPPHHHHHHHHPHPHPHHHHH
333,HHHPHHHHHHHHHHHPPHPHHHHPH
334,HHPHHHHHPHHHHPHHHPHHHHHHP
335,HHHHHPHHHHHHPHHHPHHHHHHPP
336,HHHHHPHPPHHHHPHHHHHHHPHHH
337,HHPHHHHHHHHHPHHPPHHHPHHPH
338,HPPHHHHHHHPPHHHPHHHPHHHHH
339,HPHHHPHHHHHHHHHHPHHPPHHHH
340,HPHHPHHHHPHPHHHHPHHHHHHHH
341,HPPHPHHHHHHPHHHHHHPHHHHPP
342,HHHHHHHPHHHPHHPHPHPHHPHHH
343,HHHHHHPPHHHHHHHHPPPHHHHPH
344,PHHHHHHPHPHHPPHHHHHHHHPHP
345,PHHHHPPHHHHHHHPHHPPHHHPHH
346,PHPHHHHPHHPPHHHHHPHHHHPHH
347,PHHHPPHHHHHHHHHHHHPHPHHHH
348,HHHHPHHPHHHHHHPHHPHPHHHHH
349,HHHHHHHHHHPHPHHPHPHHHPPHH
350,HHHHHHHHHPHHHPHHPPHHHHHHP
351,HHHHHHPHHHHHHHPHPHHPHHHPH
352,HHHHHPHPHHHHHHPPPHHPPHHHH
353,PHPHHPHHHHHHPHHPHHHPHPHHH
354,HHHHHHPHHPHHHHPHHHHHPHPHP
355,HHHHPPHHHHHHPHPHHHHHHHHPP
356,PHHPHHHHPHHPHHHHHHHPHHHHH
357,HPHPHPHHHPHHHHHHHPHHPPHHH
358,HHHHHHHHPPHPHHPHHHHPHHHHH
359,PHHHHPHHHHHHHHHPHHHHHHPHP
360,HPHHHHPHHHPHHHHHHHHHPHPHH
361,PHPHHPHHHHHHHHPHHHPHHHHHH
362,HHHHHPHHPHHHHHHHPHPPHHHHH
363,HHHHHHHHHHPHHHHPHPPPHPHPH
364,HPHHPHPHHPHHHPHHHPHHHHHHH
365,PHHHHHHHPPHHPHHHHHHHPHHHH
366,PHHHHPHHHPHPHPHHHHHHHHHHH
367,HHPHHHHHHHHHHHPHHHPPPHHPH
368,HPPHHPPHHHHPHPHHHHHHHHHHH
369,HPHHHHHHHPHHPHHPHHHHHHPHP
370,HHHHPHHHHHHHPHHPHHHHHPHPH
371,HHPHHHPHHHPHHHHHHHHHPHPHH
372,HHHPHHHPHHHPHHHPHHPHHHHHP
373,HHHHHHPHPHHHPHHPHHHPHHHPH
374,PHHHHHHHPHHHHPHHHHPHPPHHH
375,HHPHHHHHPPPPHHHHHPHHHPHHH
376,HHPHPHHHHHPHHHHHHHHHHPPPH
377,HPHPHHHHPPPHHHPHHPHHHHHHH
378,HHHHPHHPHHHPHHHHHHHHHPPPH
379,HHHHHHHPPHHHHHPHHHHHPHPHH
380,HPHPHHHPPPPHHPHHHHHHHHHHH
381,HHPHPHHHHHPHHHHHHPPHHHPPH
382,HPHHHHPPHHHHHHHPHHHHHPHHH
383,HHHHHHPPPHHPHHHPHHHHHHHHH
384,HPHPPHHHHHHHPHHHHPHHHPHHH
385,HPHHHHHPHHHHHHHHHPHHHPHHP
386,HHHHHHPHHPHHHHHHPPPPHPHHH
387,PPHHHHHHHPHHHHHHPHHHHPHPP
388,PHHHHHHHHHPHPHPHHPHHHHHHH
389,HHHPHHHHHHHHHPHHHHHHHHPPP
390,HHHPHHPHPHHPHHHHHHHHPHHHH
391,HPPHHHPHHHHPHHPHHHPHHHPHH
392,PHHPPPHHHHPHPHHHHHHHPHHHH
393,PHHHPHPHHHHPHHHHHPHHHHHHH
394,PHHHHHHHHHHHHPHHHHPHPHHHP
395,HHHPHHHPPHHHHHHHHHHHHPHPH
396,PHHHHHHHPHHHHHHHPHHHHPPHH
397,HPHPHHHPPPHHHHHHHHHPPHHHH
398,HHHPHHPPHHHHHPHHHHHHHHHPH
399,HHPHHHHPHHHHHHHPHHPHHPHHH
400,HHHHHPPPPHHPHHHHHHHHHHHHH
401,PHHHHHHPHHPHHHHHHHHHPPHHH
402,HHHHPHHPPPHHHHHHPHHHPHHHH
403,HHHHPPPHPHHHHHHPHHHHHHHHH
404,PHHHHHPHHPHHHPHHHHPHHHHHH
405,HHPHHHHHHHHHHPPHPHHHPHHHH
406,HHHHPHHPHHHHHHHHHPHHHHPHP
407,HHHPHHHHHPPPHHHHHHHHHHHPH
408,HHPHHHHPHHHHHPHPHHHHHHHPH
409,HHHPHHHHHHHPPHHHHHHHPHPHH
410,HHHHPHHHHPHHHHHPHHPHHPHHH
411,HHHHHHPHHHHPHPHHHHHHPPHHH
412,HPHPHHHPHHHHHHHPHHHHHHHPH
413,HHHHHHHPPHHPPHHHHHPHHHHHP
414,HHHHHHHHHHHHPHHHHPHPHPHPH
415,HPHHHHHPHHHHHHPHHPHHHHHHP
416,PHHHPHHHHHHPHHHHHPPHHHHHP
417,HHHHHHHHHHHHHHHHPPHPHHPHP
418,HPPHHHPHHHPPPHHHHHHHHHHHH
419,PHHHPPHHHHPHPHHHHHHHHHHPH
420,HPHHHHPHHHHHHPPPHHHHHPHHH
421,HHHHHPHPHHPHHPHPHHPHPHHHH
422,HHHHHHPHPPHHHHPHHPHHPHHPH
423,HHHHHHHHPPHPHHPHPHHHPHHHH
424,HPHHHHHHPHHHHHPHHHPHHPHHP
425,HHHHPHHHPHHHHPHHPHPPPHHHH
426,HHHHHHPHHPHHHHPHHHHPHHHHP
427,HHPHHHHHHHPHHPPHPPHHHHHHH
428,PHPHHHHPHHHHHHHHPHHHHHHPH
429,HHPHHHHHHHPHHHPHPHHPPPHHH
430,HHHPHHHHHHHHHHHHHHPHHHPPP
431,HHHHPHHPHPPHPHHHHHHHHHPHH
432,HPPHHHPHHPHHHHHHHHHPHHHHH
433,HHPHHPHPPHHHPHHHHHHHHHPHH
434,HHHHPHHPHHHHHHHHHPHHHPHHP
435,PHHHHHPHHPHHPHHHHHHPPHHHH
436,HHPHHHHHPHHPPHHPHHHHPPHHH
437,HPHHHHHPHHHHPHPPHHHHHHHHH
438,PHHHHHHPHHHPHHPPPHHPHHHHH
439,PHHHHHPHHHHHPHHHPHHHPHHHP
440,HHHHHHHHHHHPHHHHPPHPPHHHP
441,HHHHPPHHPHHHHPHHHHPPHHHPH
442,HPHHHHHHPHPHHHHPHHHHHPHHP
443,HHHHHHHHHHPHHPHPHHHHHPHPH
444,HHHHHPHHHPPHHPHHHPPHHHHHP
445,PHHHHHPPHHHHPHPHHHHHHPPHH
446,HHHPPHHHHPHHHHHHHHHHHPHHP
447,PHPPHHHHHPHHHHHHHHHHHPHHH
448,HHHHPPHPHHHHPHHHPHHHHHPHH
449,HHPHHHHHHPHHHHHHHHPHPPHHH
450,HHPHHHHHHHPHHPPPHHHHHHHHH
451,HHHHPHPPHHHPHHHHPHHHHHHHH
452,HPHHHPHPHHHHHPPHHHHHHHPHH
453,HHHHHHHPHHPHHHPPHPHHHHHPH
454,HHPPHHHHHHHHPPHPHPHHHHHHH
455,HHPHHHHHHHHHPPPHPHHPHPHHH
456,HPHHHHHHHHPHHHHHPHHHHHPPH
457,PHPHHPHPHHHHHHHPHHHHHHPHH
458,HHHPHPHHPHHHPHHHHHHPHHHHH
459,PHHPHHHHPPHHHHPHHPHHHHHPH
460,HHHHHHHPHHPHHPHHPHHPPHHHP
461,HPHHHPPHHHHHHHHHPHHPPHHHH
462,HHPHHHHHPHHHHHPHHPHHHPHHP
463,HHPPHPPHHPHHHHHHHPPHHHHHH
464,HHHHPHHHPPHHHPHHHHHPHPHHP
465,HHHHHPHHHHHPHHHHPHHHHPPHH
466,HHHPHHPPHPPHPHHHHHHHHHPHH
467,HPHHHHHHHPHHHHHHHPHHPHPHH
468,PHHHHHHHHHHHHHPPPHHHHHHPH
469,HHPPHHPHHHHHHHPPPHPHHHHHH
470,HHPHHHHPHPPHHPHHHHHHHHHPH
471,HPHPHPHPHHHHHHHHHPHHHHHHP
472,PHHHHHHPPHHHHPHHHHHHHHPPH
473,HHPHHHHPHHHHHHPPPHHHHHHHH
474,PHHHHHHHHHHHHHPHHPHPPHHHP
475,HHHHPHHHHPPHPHHHHPPHHHHHP
476,HHPHHHHPHHPHHHHHPHHPHHHHH
477,HHHPHPHHHPHHHHHHHPHPHHHHH
478,PHHHPHHHHPHHHHHHPPPHHHHHH
479,HHPHHHHHHHHPHHHHHPHHHPHPH
480,PHPHHHPHHHHHHHPHHHHHHPPHH
481,HHHHPHPHHHPHHPHPHHHHHPHPH
482,HPHPHHPPPHHHHHHHHHHHHHHHP
483,PPHHHHHHHHHHHHPHHHPHHHHHP
484,HHHPHHHHHPHPHHHHPHHHHPHHH
485,PHHHHHHPHHHHHHPPHHPHHHHPP
486,HPHHHHHHPPHHHHHHHHHPHHPHH
487,PHHHHHPPHHHPHHHHPHHHHHHHP
488,PHPHHHPHHHHHHHHPHHPPPHHHH
489,HHHHHHHHPPPHHHHHHHHHPHHPH
490,PHHHPHHPPPHHPHHHPHHHHHHHH
491,HHHHHPHPHHPHHHHPHHPHHHPHH
492,HPHHHHPHHHHHPPHHHPHHHHHHH
493,HPPHHHHHHHPHHHPHHHHHHHPHP
494,HHHHPHPPHHHHHHPHHHHPHHPHH
495,HHHHHHHPPHHHHHPHHHHPPHHHH
496,HHPHHHPHHHHPPHHHHHHHHHHHP
497,HHPHPHHHHHHPPHHHHPPHHPHHH
498,HHHHPHHHPPPHHHHPHHHHHHHHH
499,HHHPHHPPPPHHHHHHHHHHHHHHP
500,PHPHPHHHHHHHPHHPHHHHHHHHP
501,HHPPHPHPHPHHHHHHPPHHHHHHH
502,HHHPHHPHHHPHHHHHHHPPHHHHH
503,HPPHHHPHHHHHHHPHHHHPHPHHH
504,PHHHHHHHPHHHPHHPHPHHHHHHH
505,HHHHHHHHPHHPHHHHHHHPHHPPH
506,HPHHHHHPPPHHPPHHHHHHHPHHH
507,PHHHHPPHPHHHHHHPHHPHHHHHH
508,PHHHHHHPHHHHHHPHHHHHHPHHP
509,HHHPHHHHHHPPPHPHHHHHHHHHH
510,PHPHHHPHPHHHHHHHHPHHPHHHH
511,PPHPHHHHHHHHHHHHPHPHPHHHH
512,HHPHHHHHHPHHHPPHHHHPHHPHH
513,HHHHHPHHHHHHHPPPHPHHHHHHH
514,HHPHHHHHHHHHPHHHHHPHPPHHH
515,PHPHHPHPHHHHHHHHPHHPHHHHH
516,HHHPHHHPHHPHHHHHPHHPHHHHP
517,HHHPPHHHPHHHPHHHHHHHHHPHH
518,HPHHPHPHHPHHPPHHPHHHHHHHH
519,HHPHHHPHHHPHHPHHHPHHHHHHH
520,PHHHHHPPHHPHPHHHHHHHHHHHP
521,PHPHHHHHHHHHHHPHHPHHHHHPH
522,HHPHHPHHPHHPHHHHHHHHHPHHH
523,PHHHHHHHHHHHHHHPHHPHPHHPH
524,PPHHHHHHHHPPPHHHHHHHHHHHP
525,HPHHHHHHPHHHPHHPHPHHHHHPP
526,HPPPHHHHHHHHHHHPHHPPHHHHH
527,HHPHPHHPHHHHHHHHPHHPHHPHH
528,HPHHHHPHHHHPHPHHHHHHPPHHH
529,HHHHHPHPHHHHHHHHHPHHPHHHP
530,HHHPPHPHHHPPHHHHHPHHHHHPH
531,PHHHHHHHPHHHHPHHHHPHHHPHP
532,HPHHHHHHHHHPHHHHHHPHHHPHP
533,HHHPHPHHHHPHHHHHHPHHHPHHP
534,HPHHHHHHHPHPHHHPPHPHHHHHP
535,PHHPPHHHPHHHHHHHHHHHHPHPP
536,HHHHHHPPHPHHPPHHHPHHPHHHH
537,HHHPPPPHHHHHHHHHPPHHHHHHH
538,PHHHHPHHHHPHHPHHPHPHHHHHH
539,HHPHHHHHHPPHHHHPPHPHHHHHH
540,HHHHHPPHHHHPHHHHHHPHHPHPH
541,HHPHPHHHHHPHHHHHHHPHHHHPP
542,HHHHHHHHPHPHHHHHHHHHHPPPH
543,HHHHHHHPHHPHHHPHPHPHHPHHH
544,HHHHHPHHHHHPHPHHHHHHPPHHH
545,HHHHHPHHHPPHHHHHPPHHHHHHP
546,HHHHHHHHPHPHHPPHHHHPPHHHH
547,HHPPHHPHHHHHHHPHHHPHHHHHH
548,HHHPHHHHHHHPHHPHHHPHHPPHH
549,HHHHHHHPHHHPHHHHPPPHHHHHH
550,PHHHHPHHHHPPHHHHPHHPPHHHH
551,HHPHHPHHPHHPHHPHHHHHHHHHH
552,PHHHHHHHPHHHHHHHHPPHHHHHP
553,HHPHHHHPHPHHHHHHHPHPHHHHH
554,PHHHHHHHPPHHHHPHHPHHHPHHH
555,HHHHHPPPHHHHHHHHPHPHHHHPP
556,HHPPHHHHHPHHHPHPHHHHHHPHH
557,HHHHHPHHHHHHHPHHHPHPHPHPH
558,HHPPHHPHHHPHHHHHHHPHHHHHP
559,HHHHHHHHPHPPHHPHHPHHPHHHH
560,PPHHHHHHHHHHHHHPHPHHPHPHH
561,PPHHHHHHPHHPHHPHHHHHHHHPH
562,HHPHPHHHHHHHPHHPHHHPHPHHH
563,PHHHHPPHPHHPPHHHHHHHHHHHH
564,HPHHHHHHPHHHHHHPPPHHHHHHH
565,HHHHHHHHHPHPPHPHHHHHHHHPH
566,HHPHPHHPHHHPHHHPHHHPHHHHP
567,HHHPHPHHPHHHPPHPPHHHHHHHH
568,HPHHHHHHHHPPHHHHHPPHHHHHH
569,HHHHHPHHHHHHHHHPHHPPHHPHH
570,HHPHHHPHHHHHHHPHHHHHHHPHP
571,PHPHHHPHHHHHHHHHHHPHHPHHP
572,PHHHHHPPPHHHHHHHPHHHHHHHH
573,PHHHHHHHHHPPPHHHHHHHHPHHH
574,HHPHPHHHPHHHPHHHHHHPPPHHH
575,HHHHHHHHHPHHPHPHHHHHHHPPH
576,HHHHHHPPHHPHPHHHPHHHHHPHH
577,PHHHHHPHHHHPHHHHHHHPHHHPP
578,PHHHPHPHHHHHHPHHHHHHPHHHH
579,HHHHHHPPPHHHHHHHHHHHHPPHH
580,PHHHHPHHPHHHHHHPHPPHHHHHH
581,PHHPHHHHHHHPHPHHHPHHHHHHH
582,PHHHHHHHHHHHHHHHHPHPHPPHP
583,HHHPHHHHHPHHHHPHHHHHHHPHP
584,HHPHHHPHHHHHHHHHPPHPHHHPP
585,HHPHHHHHHPHPHHPPHHPHHHHHP
586,HHHPHHHHHHPHHHPHHHHHPHPHH
587,HHHPHHHHHPHPPHHHHHHHHHHHP
588,HHHHHHPHPHHHPHHHPHHHHPHHH
589,HHHHHHPHHHPHPHHHHPHHHHHPP
590,HHHPHHHHHHPHPHHHHHHHHPHHP
591,HHHHHHPHPHHHHPHPHHPHHHHHH
592,HHPHHPHHHHHHHHHHHHHPHPHPH
593,HHPHHHPHHHHHHPPHHHHHHPHPH
594,HHHHPHHHHHHHHHPHHHPPHPHPH
595,HHHHHHHHHPHPPHHHHHHHPPHHH
596,PHHHPHHHPHHHHPHHHHHHHHHPH
597,PHHPHPHHHHHHPHHHPHPHHHHHH
598,HHHHHHHPHHPHHHHHPHHHPPHPH
599,HHHPPHPHHHHHHPPHHHHHHHHHH
600,PHPHPHHHPHHHHPHHHHHPHPHHH
601,HHHHHHHPHHHPPHPHHHHHPHHHH
602,HHHHPHPHHHPHHHHHHPHPHHPHH
603,PHHHHHHPHHPHPHHHHHHHHPPHH
604,PPHHHHHHHHHPHHHHPHPHHHHHH
605,HHHHHHPPPHPHPPHHHHHHHHHHH
606,HHPPHHHHPHHHHHHHHHHHPHHHP
607,HHHHPHPHHHHHHHHHHPHHHHHPP
608,HHPPHPHHHHHHHHHHHHHPHHHPH
609,HHPPHHHHHHHPHHHHHPHPHPHPH
610,HPHHHPHHHPHHHHHHHPHHHHHPH
611,HPHPHHHPHHHHHPPHHHPHHHHHH
612,PHPHHHHHHHHHHPHPHPHHHHHHH
613,HHPPHHHHHHPHHHHHHHHHHHPPH
614,HHHPPHPHPHHHHHHPHHHPHHHHH
615,HHPHHHPHPHHHHHHHHHPHHHHHP
616,PPHHPHHPHHPHPHHHHHHHPHHHH
617,HPHHHHHHHHHHPHPPHHHHPHHHH
618,HHHHHPPHHHHHPHHHPHHPPHHHH
619,HHHPHHHPHHHHPHHHHPHPHHHHH
620,HHPHPHHHHHHHHPHHHHHPHPPHH
621,HHHHPHHHHHPHHHHPHHHPPHHHH
622,HHHHHHHHPPPHPHHHHHPHPHHHH
623,PHHHHPHHHHHHHPHHHHHPHPHHH
624,HHHPHHHHPHHHHHPPHHHHPHHHH
625,HHHHHHHHHHPHHPHPHHHPPHHHH
626,HPHHPPHHHHHHHHHHPPHHHHHHH
627,HPHPPHHHPPHHHHPHHHHHHHHHP
628,HHHHPPHHPHPHHHHHHHPHHHHHH
629,HHHHHHHPHHPPHHPHHHHHPPHHH
630,HPHHHHHHPHPHHHHHHHHPHPHPH
631,PHHHHHHHHHPHHPHPHPHHHHHHH
632,HPHHHHHHHHHHHPHHHHPHHHPHP
633,HHHHHHPPHHHHHHHPHPHHHHPHP
634,HHHHHHPHHHHHHHPHHHPHHHPPH
635,HHHHPPHHHHHPHHHHPHHHPHHHH
636,HHHHPHHPHHHPHPHHPHHHHHHHP
637,HHPPPPHHHHHHHPHHHPPHHHHHH
638,PHPPHHHHHPHHHHHHPHHHHHHHH
639,PHHHHPHPHPHPHHPHHHHHHHHHH
640,HHHHPPHHPHHHPHHHHHHHPHHPH
641,HHHHPHHHHHPHHPHHHPHPHPHHH
642,HPHHPHHHPPHHPHHHHHHPHHHHH
643,PHPHHHPHHPHHHHHPHHHHHHHHH
644,HHHHHHHPPHPHHHHHPHPHHHHPH
645,HHHPHHHHPHHHHPPHHHPHHHHPH
646,HHHPPHPHHHPHHHHHHHHHHPHHH
647,PHHHHHPHHHHPHPPPPHHHHHHHH
648,HHPHHHHPHHHPPHHHHHPHHHPHH
649,HHHHPPPHHPHPHHPHHHHHHPHHH
650,PHHHHPHHHHHHHPHHHHHPHHHPH
651,HHHPHHHPPHPPHPHHHHHHHHHHH
652,HHHPHHHHPPHHPHHHHPPHHPHHH
653,HHPHHHHHHHHPHHHHPPHHHPPHH
654,HHHHHHHHPHHPHPHPHHHHHHHHP
655,PHHHHHHHHHHHHPHHHHPHPPHHH
656,HHHHHHPHPHHHHPHPPHHHHHHHH
657,PPHHHPHHHHHPHHHHPHHHHPPHH
658,HPHPHHHPPHPHHHHHHHHHHPHHH
659,HHHHHPHHHHHPHHHHHHPHHHPPH
660,HHPHHHPHHHPHHHHHHPHHHHPHH
661,PHHHHHHHHHHHHHHHHPHPPHHPH
662,HHHPPPHHHHHHHPHHHPHHHHHHH
663,HHHHHHHHPPPPHPPHPHHHHHHHH
664,PHHPHHHHPHPPHHHHHHHPPHHHH
665,HHHPHHHHHHHHHPHPPHHHHPPHH
666,HPPHHHHPHHHPHHPHHHHHPHHHP
667,HHPHHHPHPHHHHHPHPHHHHHHHP
668,PHHPHPPHHHHPHHHPPHHHHHHHH
669,PHPHHHHHHHHPHHHHHHPHPHHPH
670,PPHHPHHHPHHHHHHHHHHPHHPHH
671,HPHPHHHHHPHHHPHHHHHHPHHHP
672,HPPHHHHHHHHHHHPPHHHPHHHHH
673,HPPHHPHHPHHHHHHPHHHHHPHHH
674,HHHHHPHHHHHHHPHHHHPHHPHHP
675,PHHHHHHHHHHPHPHHPHPHHHHHH
676,PPHHHHHPPHPHHHHHHHPHHHHPH
677,HHHHHHHPHHHHPHHHHPPPHHHHH
678,HHPHHHHHHPHHHHHPHHPPHHHHH
679,HPHHHHHPHHHHHHHPHHHPHHPHH
680,PHHHHHHHHPHHHHHPHPHHHPHHP
681,HHPHPHHHHPHHHHHPPHHPHHHHH
682,HHHHHHPHHHHHPHHPHPPHHHHHP
683,HHHHHHHHHHHHHHPHHPPHPHHHP
684,HHPHHHHPPHHHHHHHHHPHPHHPP
685,PHHHHHPPHPHHHHHPHHHHHHHHP
686,HHHHHHHHPHHHHHHHPHPPHHPPH
687,HHHPHHPHPHHPHHHHHHHHHPHHH
688,HHHHHHPHHPHHPHHHHPHHHHPHP
689,PHHHHPPHHHHHPHHHHHHHHHPHH
690,HHHHHHHHHPHPHPPPPHHHHHHHH
691,HHPHHHPHHHHPHHPHHHHHHHPPH
692,HHHHHPHHHHHHHHHPPHPPHHPHH
693,HHHHHHHHHPHHHHPPHHPHPPHHP
694,HHPHPHHHHHHHHHHHHPHHHHPHP
695,PHHHHHPHPHPPHHHHPHHHHHHPH
696,HPHPHHHPHHHHHHHHHHHPPHPPH
697,HHHPHHHHPHHHHPHPHHHHPHPHP
698,HHHHPHPHHHHHHHHHPHHHPHPHH
699,HHPHHHHHHHHHHHHHHHPHPHPPH
700,HPPHHHHHHHPHPPPHHPHHHHHHH
701,HHHHPHHHHHHPHPHHHHHPHHPPH
702,HHHHHHHHHPPHHHHHHHPHHPHHP
703,HPPHHHHHHHHHHPHPHHHHHHHPH
704,HHHHHPPHPHPHPHHHHHHHHHHHH
705,HHHPPHHHHHHHHPHHPHHPHPPHH
706,HPHHPHHPHHHPHHHHHHHHPHHHH
707,HHHHHPHHHHHHHHHPPHHPPPHPH
708,HPHHHPHHPHHPHHHPHHHHHHHHH
709,HHPHHHHHPHHHHHPHHHHPPHHHH
710,HHHPHPHHHHHHPPPHHHHHHHHHH
711,HHHHHPHPHHHHHPHHHHHHPHHHP
712,HHPHPPHHHPHHHHHPHHHHHHHHH
713,HPHHHHPHHHHHHPHHHHPHHHPHH
714,HHHPHHPHPHHHHPHHPHHHHPHHH
715,PHHHHPHHHHHHHHHPHHHPPPHHH
716,HPPHHHHHPHHHPHHHHHPHHHHPP
717,HHPHPHPHHHPPHHPHHHHHHPHHH
718,HHHHHPHPHHHHHHPHHHHPPPPHH
719,PHHHPPHHHHHHHHHHPHPHHHHHH
720,HHPHHHHHHHHPPHPHHHHPHHHHH
721,HHHPHPHHHHHHPPHPHHHHHHHHH
722,PPHPHHPHHPHHHPHHHHHHHHHHH
723,HHPHHHHHPHHHHPPHHHPHHPHPH
724,HHHHHHPHHHPHPHPHHPHHHHHHP
725,PHHHPHHHHHHHHHPPHHPHHHHHH
726,HHHHHPHHHHHHHHHPPPHHHHHHP
727,HHHHHPHHHHHHHPHHPHPPHHHHH
728,HHPHHHHPHHHHHHHHHPHHPHHHP
729,PPHPHPHHPHHHHHPHHHHHHHPHH
730,HHHHHHPPHHPHHHPHHHHHHHHPH
731,HHHHPHPPPHHHHPHHHHHHHHHHH
732,HHHPHPPHHHHHHHHHHHHPHHPHP
733,HPHHHHHPPHHHHPHHHHHPHHHHH
734,HHHPHHHPHPPHHHHPHHHHPHHHH
735,HPHPHHPPHHHHHHHHHHHHPHHHH
736,HHHHHHHPHHHPPHHHHPHHHPHHH
737,HPHHHHHPPHPHHHHHHHHHHHHPH
738,HHHHHHHPHHHHHHPHHPHHHPHPP
739,HHHHHPHPPHHHHHPHHHHHHPHHH
740,HHPHHHHHHHPHHHHPPHHHHHHHP
741,HHHHHHPPHPHHHHPHHHHHHHPHH
742,PHHHPHPHPHPHPHHHPHHHHHHHH
743,PHHPPPHHHHHHHHHPHHHHHHPHH
744,HHHHHHPHHHHHHHPPPPHHHHHPH
745,HPPHHHHHPHHHPHHHPHHHPHHHP
746,HPPHHHHPHHHPHHHPHHHHHHHHH
747,PHHHPPHHHHHHHHHHHHPHHHPHH
748,HHHHHHPPHHPHPHPHHHHHPHHHH
749,HHHHHHPPHPHHHHHHHPHPHHHHH
750,HHHHHHHHPHHPPPHHHHHPHHHHH
751,PHPPHHHHHHHHHHHHHPPHHPHHH
752,HHPHHHHHHPHHHHHPHPHHHHPHP
753,HPHPHHHHHHHHHHHHPHHHHPHHP
754,HHHHHHPPHHHHHHHHHPHPHHPHH
755,PHHHPPHHHHHHHHHPHHHHHHPHP
756,PPHHHHHHPPHHHHHHHPHHPHHHH
757,HHHHHHPPHHHPHHPHHHHHPHPHH
758,HHHHPHHHPPHHHPPHHHPHHHHHH
759,HHHHHHHPHPHPHHHPHHHPHHPHH
760,HHHHHPHHHPHHHHHHHHHPPPHPH
761,HHHHHPHHHHHHHHHPHHHHHHPPP
762,HHHPPHHPHHHHHPHHHHPHHHPHP
763,HHHHHPHHHPHHHHPHHHPPHHHHH
764,PHHPPHHHHPHHHHHHPHHHPHHPH
765,HHHHHHHPPHHHHHHHHHPHPHHHP
766,HHHHHPPHPHHHPHPHHHHHHPHHH
767,HHPHHHHHHPHHHHHHPHHPHHHPP
768,HHHHPHHHPHPPHPHHHHHHHHPHH
769,HPHHHHPPHHPHHHHPHPHHHHHHH
770,PHHHPPHHHHPHHHHHHHHPHHHHP
771,PHHHHHPPHHPHHHHHHHHHPHPHH
772,HHHPPPHHHHPHHHHHPHHPHHPHH
773,HPHHHHPPPHHHHHHHHHHHHHPPH
774,HHHPHPPHHHPHHPPHHHHHHPHHH
775,HPHPHHPPHPHHHHPHHHHHHPHHH
776,PHHHHHPHHPHHPHHHPHPHHHHHH
777,PHHHHHHHHHHHHPHHPHHPPHHHH
778,HHHHPHHHHHPHHHHPPHHPHHHPP
779,HPHHHHPHPPPHHHHHHHHHHHHHH
780,HPHPPHHPHHHHHPPHPHHHHHHHH
781,HHPHPHHPHHPHHHHHHPHHHHHHP
782,PHHHHHHHHPHHPHHPHHHHHHHHP
783,HPHHHPHHHHHHPHHPHPHHHHHHH
784,HPHHPHHPHPHPHHHHHHHHHHHHH
785,PHHHHPHHHHPHHPHHPHHHHHHPP
786,PHPPHHPHHHHHPHHHHHHHHHHHH
787,HHHHHHHHHPPHHHPHHHHHHPPHH
788,PHHHHHHHHHHPHHHPHPHHHHPHH
789,PHHPHHHHHPPHHHHHHHHHHPHHP
790,HHPPHHPPHHHHHHHPHHHPHHHHH
791,HHPPHHHHHHHHHHHHPHPHHHHHP
792,HHHHHHPHPHHPPPHHPHHHHHHHH
793,HHHHHHHHHHHPPHPPHHHHPHHPH
794,HHHHHPPHHHHPHPHHHHPHHHHHH
795,HHHHHHHHHHPHHPPPHPHHHHHHH
796,HHHHHPHHPHHPHPHHHHPHHHHHH
797,HHHPHHHHHHHHPHHPPHHPHHPHH
798,PHHHPHHPHHHHHHHHHHHPHPHHP
799,HHHHPHHHPPHHHHHHHHHHHHPPH
800,HPPHPHHPHHHHHHHHPHHHHHHHH
801,HPHPPHHPHHPHHHHHHHHHHHHHP
802,PPPHHHHHHHHHPHHHHHHHHHHHP
803,HHHHHHHPHHHPHHPHPPPHHHHHH
804,HHHHPPPHPHPHHHHHHHHHPHHHH
805,PHPHHPHHHHHHHHHPHHHHHPHPH
806,HHHHHHHPPHPHHHHHHPPPHHHHH
807,HHHHHPPHPHHHHHHPHHPHPHHHP
808,PHHHHPPHHHHPPHHPHHHHHHHHH
809,PHPPHHHPPHHHHHHPHHHHHHHHH
810,HPPHHHHHHHPHHPPPHPHHHHHHH
811,HHHPHHHPPHHHHHHPHPHHHPHHH
812,HHHHPPHHHHHHPHHHHPHPHHHHH
813,HHHHPHHHHPHHHHHHHPPHPHHHH
814,HPHHHHHHHHHHPHHPPHHHHHHHP
815,PHPHHHHPHHHHHPHHPHPHHHHPH
816,PHHPHHHPPHHHHHPHHHHHHPHPH
817,HHHHHHHHHHHPHHPPPPHHPHHHH
818,PPPHHHHHPPHHHHHHHHPHHHHHP
819,HHHPHHHHHPHHHPPHHPHHHHHPH
820,PHHPHPHPHHHHHHPHHHHHHHHHP
821,HHHPHHHHHHPHHHPHHHPHPHHHH
822,HHHHHHHHPHHHHHPHPHPHPHHHH
823,HHHHHHPPHHHHHHPHPHHHPHPHH
824,HPPHHPPHHHHHHHHHHHHPHHHHH
825,HHPHHHPHHHHPPHHHHPPHHHHHH
826,HHPHPHPPHPHHPHHHHHHHHHHHH
827,PHHPHHPHHHPPHHPHHHHHHHHHH
828,PHHPHPHHHHHPHHPHHHHHHHHPP
829,PHHPHHPHHHPHPHHHHHHHHPHHH
830,HHPHHHHHHPHHHHHHHHHHPPPHH
831,PHHHHPHHHHHHPHPHHHHHPHHHH
832,HHHHHPPHHHHHHHPPHHHHHHPHH
833,HPHPHHHHHHHHHHHHHHHHPHPHP
834,PHPHPHHHHHHHHHPPPHHHHPHHH
835,PPHHHHPHHHHHHHHPHHHHHPHHH
836,HPHPHHHHHPHPHHPHHPHHPHHHH
837,HHPPHHPHHHHHHHHHPHHPPHHHP
838,PHHHHHHHPHHHHHPPHHHHHHPHP
839,HHHPHPHHHHHHHPPHHHHPPHHHP
840,PHPHHHHHHHHPHPPHHHHHHHPHH
841,HPPPHHPHHHHHHHHHPHHHHPHHH
842,HPHPPHHHHHPHHHHPHHHHHHPHP
843,PPHHHHHHPHHPHHHHHHHHPHHHH
844,HHHHPHHHPHHHHHHHHHPHPHHHP
845,HHHHHPHHPPHPHHHHHHHHPPHHP
846,HPHPHHHHHHHPHPHHHHPPHHHPH
847,HHHHPHHHPHHPHHHHPHHHPHHHH
848,HHHPHHPHHPHHHHHHHPPHPHPHH
849,HHHHHHHPHPHPPHHHHHHPPPHHH
850,HHHHHPHPHPHHHHHHPHHPHHHHH
851,PPPHHHHHHHHHHHHHHHHHHHHPP
852,HHHPHPHHPHHHHHHHHHHHPHHHP
853,HHHHPPHPPHHHHHHHHHHPHHPHH
854,HPHHHHHHHPHHHPHHPPHHHHHHH
855,HHHHHHHHHHPHHPPPPHPHPHHHH
856,HHHHHPHHHHHHHHPPPHHPHHHHP
857,HHHHPHHPHHPPHHHPHHHHHPHHH
858,PPHHPHHPHHHHHHHHHHPPHHHPH
859,PHHHPHHHHPHHHHHHHHPHHPHHH
860,HHHHHHHHHPHPHHHHHPHHHHPHP
861,HPHHHPHHHHPHPHHHHHHHHHPHH
862,HHHHHPHHHHHPHHHHPHPHHPPHH
863,HHHHPPHHHHHPHHPHHHHHHHHHP
864,HHHHHHHHHHPHHPPPHPHHHHPHP
865,PHHHHHHHPHHHPHHPHHPHHHPHH
866,PHHPHHHHPHPHHHHHHHHHHPHPH
867,PHHPHHHHHHHHHHHPHHHHPPHPH
868,PHHHHHHHHPHHPHHPHPHHPHHHP
869,HHHHHHHHHHPPHHHPHHPPHHHHH
870,HHHHHHPHHPHPHPHHHHPHHHPPH
871,HHHHHHPHHHHPHHHPHHHPHHPHH
872,PPPHHPHHHHPHHHHHHHHPHHHHH
873,HPHHHHPHHPHHHPPHHHHPHHHHH
874,HPHPHPHPHHPHHHHHHHPHPHHHH
875,HHPHHPHHHHHPHHHHPHPHHHHHP
876,HPHHPHHPHHHHHHHPHHPHPPHHH
877,HHHPHHHHPHPPHHHHHHHPHPHHP
878,HHHHHPPHHPHPHHHHHHHHHHHPH
879,PPHHHHPHPHHPHHHHHHHPHHHHH
880,HPHHPHPHPPHHHPHHHHHPHHHHH
881,HPHHHPHHHPPPHHHHHHPPHHHHH
882,HHHHPPHHPHHHHHHHPHHHPHPHH
883,PPHHHHHHHHHPPPHHHHHHHHPHH
884,HHPHHHPHHHHHHHPPHHHPHHHHP
885,HHHHPHHHHHPHHHHHPHHPHPHPP
886,HPHHHHHHPPHHPHHPHPHHHHPHH
887,HPHHHHHHHPPPHHHHHHHPHHHHH
888,HHPHHHHPHHPHHHHPPHHPHHHHH
889,HHHHHHPHHPHHHHPHHHPHHHHPH
890,HHHHHPPHPHPHPPHHHHHHHHPHH
891,HHHPHPPHHHHHHHHHHHHHPPHHH
892,HHHHHHHHHHHHHPHPHHHHPPHPP
893,HHHHHHPHPPHHHHPHHHHHHHPPH
894,HHHPHHPHPHHHPHHPHHPHHHHHH
895,HHPPHHHPHHHHHPHHHHHPHHHHH
896,HHHHHHPHHHHHHHHHPHHPHHPPH
897,HHPPHHHHHPHPHHHHHHPHPHHPH
898,HHHHHPHPPHHPHHPHHPPHHHHHH
899,HHPHPHPHHPHHHHHHHPHHPHHHH
900,HPHHHPHHHHHHHPPHHPHHHHHHH
901,HHHPPHHHHPHHHHHPPHPHHHHHH
902,HHHHHHPHPPPHPHHHHPHHHHHPH
903,HHHHHHPPHPHHHPPHHPHHHHHHH
904,HHHHPHHPHPPHHPHHHHHHHPHPH
905,HHHPHHHHHHPPPHHHHPHHHHHHH
906,HPHPHPHHHHHPHHHPHHPHHPHHH
907,HHPHHHHPPPHPPHHHHHPHHHHHH
908,HHHHPHHHHHHHHHHHPHHHPPHHP
909,HPPHHPHHHHHHHHHPHHHPHHPHP
910,HHHHHHHHHHHHPHHHHPPPHHPHP
911,HHPHHHPHPHHPHHHHHPHHHHHHH
912,PHHHHHHHPPHHHHHHPHHHHPHHH
913,HHHPHHHHHHHHPHHHHPHHHPHPH
914,HHPHHHHHPHHHHHPHHHHHPHPPH
915,HPHHHHHHHHHHHHHPPHHPPHHHH
916,HHHPHPPHHHHHHHHHHHHHPHPHH
917,HHPHHPPPPHHHHHHPHHHHHPHHH
918,HHHHHHPHPHHHHPHHHHHHHHPHP
919,PPHHPHHHHHHHHPHPHHHHHHHPP
920,PHHHPHHPPHHPHHHHHPHHHHHPH
921,PHHPPPHHHHHHHHHHPHHHHHHHH
922,PPPPHHHPHHHHHHHHHPHHHHHHH
923,HHHHPHHHHHHHHPHHHHPPHPHHP
924,HHPHHHPPHHHHHHHHHHHPHPHHH
925,HHHPHHHHPHHHHHHHHPHPHHHPP
926,HHHHHHPHPHHHHHPPHHPHHHHPH
927,HHHHHHHHHHHHPPHHPHPPPHHHH
928,HHPHPHPHPHHHHHHHHHHHPHHHH
929,HHHHHHHHHHPPHHHPHHPHHHHPH
930,HPHHHHHPHPHHHHHPPHHPHHHHH
931,PHHHHHHHHHHHHHHPPHPHHPHHP
932,PHHHPHHHHHHPHPHHPHHHHHHHH
933,PPHHHHPHHHHHHHHHHHHHHPHHP
934,HPHHHHHHHHHHHPHHHHHHPPHPH
935,HHHHHPHPHPHHHHPHHHHPHHPPH
936,HHPHHHHHHPPPHHHHHPHHPHHHP
937,HHHHHHHHHPHPHHPHHHHHPHPHH
938,PHHHHHPHHHPHHHHHHPHHHHHHP
939,HPHHPHHHHPHHHHPHPPHHHHHHH
940,HHHHHHHHHHHHPPHPPHHHHPPHP
941,HHHHHHHHPHPHHHHHHPPHHHHHP
942,PHPHHHHHHHHHPPHHHHHHPHHHH
943,HHPPHHPHPPHHHHHPHHHHHHHHH
944,HHHHPHHHHPHHPHHHHHHHPHPHH
945,HPHHHPHHHHPHHPHHHHPHHHHHH
946,HHHHPHHHHHPHHHHPPHHPHHHHH
947,HHHHHHHHHPHHPPHPHPHHPHHHP
948,HPHHHHHHHHHPHHHHHPHHPHPHH
949,HPHHHHHHHPHHHHPPHHHHPHHHH
950,PHHHHHHHHHHPHPPHHHHHPHHPH
951,HHPHHHHHPHPHPHHHPHHHHPPHH
952,HHHHHPHHHPHHHPHHHHHHPHHHP
953,HPHHHHPHHHPHHHPHHHHHHPHHH
954,HHPHHPHHHHPHHHPHPPHHHPHHH
955,HHHPPHHHHHHHHHPPHHHHHHHHP
956,HHHHPHHHHHPHPHHPHHHHHPPHH
957,PHHHHHPHHHHHPPPHPHHHHHHHP
958,PHHHHPPHHHHHPPPHHHHHHHPHH
959,HHPHHPPHHPHHHHHHHHHHHHPHH
960,HHHPHHHHPHHHPHHHPHHHHHPHH
961,HHHPHHHPHHHPHHPHPHHHPHHHP
962,PHHHHHHHHPPHHPHHHHHHHHPHH
963,HHHHHHHPHHHHHHPPHHHHPHPHH
964,PHHHHHHHHPHHHPPHHPPHHHHHH
965,HHHHHPHHHHHHHHPHPHHHPHHHP
966,HHHHHHHHPHHHHHPPHPHPPHHHH
967,HHPHHPHHPHHHHHHPHHHHPPHHH
968,HPHHPHHPHPHHHPHHHPHHHHHHH
969,HHPHHHHHHPHHHHPHHHPHHHHHP
970,HHPPHHHHHHPHPHHHHHHPHHPPH
971,HHHPHHHHHPPHHHHHPHPHPHHHH
972,HHPHHHHHHHHHHHPHHPPPPHHHH
973,HHHHHHHHPPHHHHHPPHPHHHHHH
974,HHHPHPPHHHHHHHHHHHHHPHHPH
975,HHPHPHHPHHHHPHHHHHHHPHHHH
976,HHHPPHHHHHPHHHHHHPHHHHPHH
977,HPHHPHPHPHHHHHHHHHHHPHHHP
978,HHHPHHHHPHHPHPHHHPHHHHHHH
979,HPHHPHHHHHHHHHPHHHPPHHPHH
980,HPPHPHHHHHHPHHHHHPHHHPHHH
981,HHPHPHHHHHHHHPHPHHHHHHPPH
982,HHHHHHHHPHHHHPHPPHPHHHHPH
983,HHHHHPHHHHHHHHHPPHHHPHPHH
984,HPHHHPHHHHHPHHHHHPHHHHPHH
985,HPHHHHHHHHPPHHHHHHPHHHPHH
986,PPHHPHHHHHHHHHHHHHHPHHHPH
987,HHHHHHHPPHPHHHHHHHHHHHPHP
988,PHHPHPHHHPHPHHHHHHHHHHHPP
989,PHHHHHPHPHHHHHPHHHPHHHHHH
990,PHHHHPHHHHHPPHHHHPHHHHHHH
991,HHHPPHHHPHPHHHHHHHHHPHPPH
992,HPPHPHPHHHHPPHHHHHPHHHHHH
993,HHPHHHHHHHHHPHHPHPHHHHHPH
994,HHHHHHPHHHHPHHHHPPHHHHPHH
995,HHHHPHHHPPHHHHPPHPHHHHHHH
996,HHHHPHHHPPHPHHHHHHHHPHHHH
997,HPHHHHPHHHPHPHHHPPHHHHPHH
998,PHHPHHHHPHHPHHHHHHHHHPHHP
999,HHPHPHHHHHHPHHHHHHHPPHHHH
1000,HHPHPHHHHHPHHHHHPHHHHPHPH
1001,PPHPPHHPHHHPHHHHHHHHHPHHH
1002,HPPPHHHHHPHHHHHHHHHHHHHHP
1003,HPHHHPHHPHPHPHPHHHHHHHPHH
1004,HHHHHPPPHHHPHHHHHHPHHHHHH
1005,HPHHHHHHHPHHHPHHHHPHHHHHP
1006,HHHHHHHHPHHHHPHPHPHPPHHHH
1007,HPHHPHPHHHHHPPHHHHHHHHHHH
1008,HHPPHHHHHHPPHHHHPHHPHHHHH
1009,HHHHHHHHHHHHPPPPPHHHHPHHH
1010,HHHPPHHHHHHHHPHHPHHHPHHHH
1011,HPHHPHHHHHPHHHHHPHHPHHHHH
1012,HPHHHHPHHHHHHHHHHHHPHHHPP
1013,HHPHHHHHPPHHHHHHHHPHPPHHH
1014,HHHHHHHPHHHHPHHPPHPHPPHHH
1015,PHHPHHHHHHHHPHHPHHHHPHHHP
1016,HHHHHHPHHHHPHPHPPHPHHHHPH
1017,PHPHHHHHHHPHHHPPHPHHPHHHH
1018,PHHHHHPHHHHHHPHHPHHHHHHPH
1019,HHHHPHHHHPPHHPHHHPPHHHPHH
1020,HHHPHHHHHPHPHHHHHPPHHHHHP
1021,HHHPHPHHHPHHPPHHHHHHHHHHP
1022,HHHPPHHHPHPHHHPHHPHHHHHHH
1023,HHHHHPHHHHHHHHPHPPHHHHHHP
1024,HHHHHHHHPHPPHHPHPPHHHHPHH
1025,HHHHPHHHHPHHPHHHHPHHPHHHH
1026,HHHHHHHHPHPHHHHHPHHHHHPHP
1027,PHHPHHHPPHPHHHHHHHHHHHHHH
1028,HHHPHHHHHPHHHHPHHHHPHPHPP
1029,PPHHHHHHHPPHPHHPPHHHHHHHH
1030,HHHHHPHHHHPHHPHHPHHHHHHHP
1031,PHHHHPHHHPPHHHHHHHHHHHHPH
1032,HHPHHHPHHPHHHHHHHPHHHHHPH
1033,PPHHHHHHHHHHHHHHHHHPHPPHH
1034,HHPHHHHHHHHHHHPHPPPPHHPHH
1035,HHPHHHHHHPHHHHHHHHHPPHHHP
1036,HPHHHHPHHHPHHHPHPHHPHPHHH
1037,HPHHHHHPHHHHPHPHHHHPHHHHH
1038,PPHHHHPPHHHHHHHHHHHPPHHHH
1039,HHHHHHPHPPHHPHHHHHHHHHPHH
1040,HPHPPPHHHPPHHHHHHHHHPHHHH
1041,PHHHHHHHHHHPPHHHHHPHHPHHP
1042,HHHHPPHHHPPPHPHHHHHHHPHHH
1043,HHPHPHPHPHHPHHHHHPPHHHHHH
1044,PPHHHHHHPHPHPHHHHHHHHHPHH
1045,HHHPHHHPHHHPHPHHPHHHHPHPH
1046,HHHHHHHHPHHHHHHPPHHHHHHPP
1047,HHHPHHHPPHHHHPHHHHHPHHHHH
1048,PHHHHHPHHPHPHPHPHHPHHHHHH
1049,PHPPHHHHHHHHPHPHHPPHHHHHH
1050,HHHHHHHHPHPHHPHHPPHHHHHPH
1051,PHHHHHHHHHHHHPPHPHHHHPPHH
1052,PHHHPHHHHHHPHHHHHHPHHHPHH
1053,PHHHHPHHHHHHHHHPHPHHPHHHH
1054,HHHPHPHHHHHHHPHHPHHHPHHHP
1055,HHPHHPPHHHHHPHHHHHHHPPHHH
1056,HPHHPPHHHHPHHHHPHHHHHHPHH
1057,PHHHHHPHHHHHPPHPHPHHHHHHH
1058,HHHPHHHHHHHPHPPHHPHHHHPHH
1059,HHHHHHHPHHHHHPHPHHPHHHPHH
1060,PHHHPHHHHPHHHHHHHPHHHHHHP
1061,PHHHHPHHPHHHHHHPHHHHHHPHH
1062,HHHHPHHHPHHHHPPPPHHHHHHHH
1063,HHHPHHHHHHPHHHHHHPHPPPHHH
1064,HHHPPHHPHHHHHHHHHHHHHHPHP
1065,HPHHHHHHHHHHHHPPHPHHHPHHH
1066,HHHPPPHHHPPHPHHHHHHHHPHHH
1067,HHHHHPHPHHHHPHHPPPHHHHHHP
1068,PHPHHPHHHHHHHPPHHHHHHPHHH
1069,HPHHPHHPHHHHHPPHHHHHHPHHP
1070,HHHPPHHPHHHHHHHPHHPHHHPPH
1071,HHHHHHHHHPPHPPPHPHHHHHHHH
1072,HHPPHHHHHPHHHPHHHHPHHHHHH
1073,HHHHHPHPPPHPHPHHHHHHHHHHH
1074,PHHHHPPHHHHHHHHPHHHHHPPHH
1075,HHHHHHHPHHHHHPPHHHHHHPHHP
1076,HHHHHPHHHHPHPHPHHPPHHHHHP
1077,HHPHHHHPHPHHPHHPHHPHPHHHH
1078,PPHHPHPHHHHPHHHHHHHHPHHHH
1079,HHHHHHPHPHPHPPHHHHPHHHHHP
1080,HPHPHHHPPHHHPHHHHHHHHHHPH
1081,HHHHHHHHHHPHHPPHPHPHHHHHH
1082,HHPPHPHHHHPHHHHPPHHHHHHHH
1083,HPHHPHPHHHHHHHPHHHHHHHHPH
1084,HHHHHPHPHHHHHHHHHHPPHHHPP
1085,HHHHPHHPHHHHHHPHPPHHHHHPH
1086,PHHHPHHHHHHHHHHHHPPHHHPPH
1087,HHHHHHPHHHHPHPHHPPPHHHPHH
1088,HHHPHHHHPPHPHHHPHHHHHHHHH
1089,HHHPHHPPHHHPHPHHPHHHHHHPH
1090,PPHHHHPHHHHHPHPHHHPHHPHHH
1091,HPHHPHHHHPHPHHPHHHHHHHHHH
1092,HHPHHHHPHHPPHHPHHHHHHHPHH
1093,HHHHHPHPPHHPHHHHHHHPPHPHH
1094,HHHHPPHHHHPPHHHHHHHHPPHHH
1095,HHHHHHHHPPHPHPHHHHPHHPHHH
1096,HHHHHPHPPHHHHHHHPHHPHHPHP
1097,HHHHHHHHHHHHHPPHHHHPPPHHP
1098,HHHHHPHHHHPHHHHPHPHHHHPPH
1099,HHPPHPHHHHHHHPHPHHHHHPHHH
1100,HHHHHHPHHPHHHHHHHPHPPHHHP
1101,HHHHHHHHHHHHHPHHPHPPHPHHH
1102,HHHHHHHHHPHHHPHPHPHPHHHHH
1103,PHHPHPHHHPHHHHHPHHHHHHPHH
1104,HPPHHHHHPHHHHHPHPHHHHHHHH
1105,HHHPPHHHHHHHHHPHPHHPPHHHH
1106,HHHHPHHPHPHPPHHHHHHHHPHHH
1107,HHPHHPHPHHHHHHPHHHPHHHHHH
1108,HHHPHHHPHHPHHHHPHHPHHHHHH
1109,HHHHHHPHPHHHHHHHPPPHHHHHH
1110,HHHHHPHHPHHHHHHHPPHHHHPHH
1111,HHHHPHHPHHHPHHHPPHHHPHHHH
1112,PHHHHHHHHHPPHPHHHHPPHPHHH
1113,HHHPHHPHHHHPHHHHPPHHHHHHH
1114,PPHHPHHHHHHHHHHHHHHHHHPHP
1115,HPHHPHPHHHHHPHPPHHHHHPHHH
1116,PHHHHPHHHPHHHPHHHHHHHHHPH
1117,HPHHHHHHPHHHPHHHHHPHPPHHH
1118,HHPPHHHHHHHPHHHHHHPHHHPHP
1119,HHPHPHHHHHHHPHHPHHHHPHHHP
1120,HHHPHHHHPHHHPPPHHHHHHHPHH
1121,PHPHPHPHPPHHHHHHHHHHHHHHH
1122,PPHHHHHHPHHHHPHHHHHHHHHPH
1123,PHHHHPHPPHHHHPPHHHHHHHHHH
1124,PPHHHHHHHHHPHHHHPHHHPHHHH
1125,PHHPHHPHHHHHHHHHPHHHHHHPH
1126,HHHPHHHHHHPPHHPHHHPHHHHHH
1127,PHHHHPHHHPHHHPHHHHHHHPHHP
1128,HPHHHHHHHHPHHHHHHHHPHHPPH
1129,PHHHHHHPPPHHHPHHHHPHHHHHH
1130,PHHHHPHHHHPHHHHHPHHHHPPHH
1131,HPHHPHHPHHHHPHHHHHHHPHHHP
1132,HPHHHHHHHHHHHHHPHPPPHHHHP
1133,PHHHPHHHHHHHHHHPHPHHHHHHP
1134,PHHHHPHHHHHHPHHPPHHHHHHHP
1135,HPHHHHHHPHPHHHHPPHHHHHHHH
1136,PHPPHHPHHHHHHHPPHHHHHHHHH
1137,HHHHPPHHHHHHHPPHHHHHHPHHH
1138,PHHHHPHHHHPHHHHHHHPPHPHHH
1139,HHHPHHHHHHHHHHHHHPPPHHHHP
1140,HPPHHPPHHHHHPHHHHHPHHHHHH
1141,HHHPHPHHHPHHPPHPHHHHHHHHH
1142,HPHHHHHPHHHHHPHHHHHHHPHPH
1143,PHPPHPHHHHHHHHHHHHHHPHHHP
1144,PHPHPHHPHHHHHHHHHPHHHHHPH
1145,HPHPPHHHHHHHPHHHHHHPHPHHH
1146,HHHHPHPHHHHHHPHPHHPPPHHHH
1147,HPHPPHHHHHHHHPHPHHHHHHPHH
1148,HHHHHHHHPHHHHPHHHPHHPHHHP
1149,HHHHHPPHPHHHHHPHHHPHHHHPP
1150,HHHHHHHPHHHHPPPHHHHHHHHPH
1151,HHHHHHHPHPPPHHHHHHHHHPHPH
1152,PHHHHHHHHPHHHPHPHHHHHPHPH
1153,HHPHHHHHHHHPHHHPHHPHPPHHP
1154,HHPHHHPHHHHHPHHHHHHHHHPPH
1155,HHHHHPHHPPHHHHPHHPHHHHHHH
1156,HPHHPHHHHHHHHHPHHPPHHHPHH
1157,PHHHHPHHHHPHHHHPHHHPHHHHH
1158,HHHHHPHHHHHPHHHHPHHPPPHHH
1159,HPHHHHHHHHHHPHHPPPHHPHPHH
1160,HHPHPHHHHHHPHHHHHHPHHHHHP
1161,HHHHHHPHPHHPHHHHHHHHPHPHP
1162,HHPHHHHHHHHPHHHHPHPHHPHHP
1163,PHHHPHPHHHPHHHHHHPHPHPHHH
1164,HHHPHHHHPHHPHHHHHHPHPHHPH
1165,HPHHHPPHHHHPHHHHHHHHPPHHP
1166,HHHHHHPHPPHHPHHPHHPHHPHHH
1167,HHPHHHHHHHHPHPHHHHPHHHPHP
1168,HHHHHHPHHHHHHPHHPHPPPHPHH
1169,HPHHPHHPHHHHHPHHPHPHHHHHH
1170,HHHHHPHHPPHPHHHPPHHHHHHHH
1171,HHHHHPHHPHPHHHPPHHPHHHHHH
1172,HHHHHHPHHHPHHPHHHHPHPHHHH
1173,HHHHHPHHHHHHHHHHHHPHPPPHH
1174,HHPHHPHHHHPHHHHHPHHHHHHPH
1175,HHHHPHHPHPHHHPHHHHHHHHHPH
1176,PHHHHPHHHHHHHPHHPPHHHHHHH
1177,HPHHHPHPHPHHPPHHHHHHHHHHH
1178,HPHHHHHPHPHHHHHHPHHPPHHHP
1179,PHPHHHPHHHHHPHHPPPHHHHHHH
1180,HHPHHHHHHHPHHPPPHHHHHHHHP
1181,HHHPPHHHHHHHPHHHHHHHHPPHH
1182,HHPPHHHPHHHHHPHHHPHHHHHPH
1183,HHPPHHHPHPHHHHHHHHHPPHHHH
1184,HHPHHHPHPHHHHPHHHHHHHHHHP
1185,HHHHHHHHPHHPHHHHPHPPHHHHH
1186,HHPHHHHHHHHHPPPHHHHHPHHPH
1187,HHPHHPHHHHHHPHHHPHHHHPHPH
1188,HPHHHHHPHPHHPHHHPPHHPHHHH
1189,HHHHPHHHHHPPHHHHHHPHHHHPH
1190,HHHHPHHPHPHHHPHPHHHHHPHHH
1191,HHHHPHHHPHHPPHHHHPHHHHHPP
1192,HPHHHHHHHHPHHPHPHHHHHHHPH
1193,HHHPHHHHPHHHHHPHHPHHHPHHP
1194,HPHHHPPHHPHHHHHHPPHHPHHHH
1195,PHHHHHHHHPHHHHPHHHHPHHHPH
1196,PHHHHHHHHPHHHPHHHPPHHHHHP
1197,HHHPPHHHHHHHPPHHHHHHHPPHH
1198,HPHHPHHPHHHHPHHPHHHHHHHHH
1199,HHPHHPHHPHPHHPHHHHHPHHHPH
1200,PHHHPHHPPHHHPHHHHHHHHHHPH
1201,PHHHHHHHHHPHHHHHHHPPPHHHH
1202,HHHHHHHHPHHHHHPHHPHPHPPHP
1203,HHPHHHHPHPHPHHHPPHHHHHHHH
1204,HHPHHHPHPHHHHPPHHHHHHHHHH
1205,HHPHHHPHPHHHPHHHHPHHHHHHH
1206,HHHHPPHPHHHHHHHHHHHHPPHHP
1207,HPPHHHHHHHPHHHHPHHHHHPHHH
1208,HHPPPHHHPHHHPHHHHHHHHHHPH
1209,HHHPHPPPHHHHHHPPHHHHHHHHP
1210,HHHPHHHPPHHHPHPHHPPHHHHHH
1211,HHHHHHHPHHHHHHHHPPHPHHHPH
1212,HHHHHHHHHHHHPPPHPHHHHPPHP
1213,HHHHHPHHHHHPPHHHHHHHHPHHP
1214,HHHHHPHHPHHHHHHHHPPHHPHPP
1215,HHHHPHHHHPHHHHHPHHHHHHPHP
1216,HHPPHHHHHHHHHHHHHHHPPHHPP
1217,PHHHHHHHHHHHHPHHPHHPHHPHH
1218,HHHHHPHHHHHHPHHPHHHHHHHPP
1219,PHHHHHPHPHHHHHHPHHHHHHHPH
1220,HPHHHHHPHHHPHHPHHHHHHHPPH
1221,PHHHHHHHHHPHHPHHHPHHPHHHH
1222,HHHHHHPHHHHPHHHHHPHHPPHHH
1223,PHHHHHPPHHHHHPHHHHHHHHPHH
1224,PHHHPPHHHHHHHHPHHHHHPHHHP
1225,HHHPHHHHHPPHHPHPHHHHHHHHH
1226,PHHPHHHHHHPHHHHHHHPHHHHHP
1227,HPHHHPHPHHHHHHHPHHHHHPHHH
1228,PPHHHHHHHHPHPHHPHHHHHHPHP
1229,HHHHHHHPHHHHHHPHHPHHHHHPP
1230,HPPHHPHHHHHHHPHHHHHHHPHPH
1231,HHPHHHHHPHPHHHHHPHHPHHHHP
1232,PHPHHHHPHHHHHHHHHPHHHPHHH
1233,HPHHPHHPHHHHHHHHHPHHHPHHH
1234,PHHPPHHHHHHHPHPHHHHHPHHHH
1235,HHPPHHPHPHHHHHHHPHPHHHHHH
1236,HPHPHHHHPHHPHPHHHHPHHPHHH
1237,HPHHPHHPHHHHHHPHHHHPHPHPH
1238,PPHPHHHHHHPHHPPHHHHHPHHHH
1239,HHPHHPHHHPHPPHHHHHHHHHPHH
1240,HHHHHHHHPHPHHHPPHHPHHHHHH
1241,HPPHHHHHHHHHHHHHHPHHHPHHP
1242,HHPHPHPHHHHPHHHPPHHHHHPHH
1243,HHHPHHPHHHHPHHHHHPHHPPHHH
1244,PPHPHHHHHPPHHHHHHHHHHHHHH
1245,HHHHHHHPHPHHHHHPHPHPHHHHH
1246,HHHHHHHHHPHPPHHHHHHHHHPPH
1247,HPHHPHHHHHHHPHPPHHHPHHHHP
1248,PHHPHHHHHHHPHHHHPHHPHPHPH
1249,HHHHHPHHHHPHPPPPHHHHPHHHH
1250,HHHHPHHPHHHPHPHHPHHHHHHHH
1251,HPHHHHHHHPHHPHHHHHHPHHPHH
1252,PHHHHPHPHHHHPHHHHHHHHPHHP
1253,PHPPHHHHPHHHHPHHHPHHPHHHH
1254,HPHHPPHHPHHHHHHHHPHHHHHHH
1255,HPHHHPHHHHHHPHHHHPHHPHHHH
1256,HHHPPHHPHPHPHHHHHPHHHHHHH
1257,HHHPHHHHHHHHHPHPHHHPHHPPH
1258,HHHHHHHHPHHHPPHPHPHHHPHHH
1259,HPHHHHHPHHHHHHHHHPHPHHPHH
1260,HPHHPHPHPHPHHHHHHPHHHHHHP
1261,HHHHHPHHPHHHHHHPHPHPHHHPH
1262,HHPPHPHHHHPHHHHHHHHHHHHPP
1263,HHHHPHHHPPPHHHHHHPHHHHHPP
1264,HHHHPHPPHHPHHHHHHHHPHHHPH
1265,HHPHHHHPHHHHHHHPHHHPHHHPH
1266,PHHPPHHHHHHHHPPHHHHHHHHPH
1267,HPHPHHHHPHHHHPHHHHHHHHHPH
1268,HHHHHHHHHHPHHPHHPHHPPHHHH
1269,HHHHPHHHHPPPHHPHHHHPHHHPH
1270,HPHPHHHPHHHPHHHHHHHHHHHPH
1271,HHHHHHHPHPHHHPHHHHPHPPHPH
1272,HHHHHPHPPHHHHHHHPHHHHPPHH
1273,PHHHHHHHHPPPHPHHHHHHHHHPH
1274,HPHHPPHHHHPPHHHHPHHHHHPHH
1275,HHHHPPHHHPPHHPHPHHHHHHHHH
1276,PHPHHHHHHHPHHHHPPHHHPHPHH
1277,HHHHHHHHHPPHHHPHHPPHHHHHH
1278,HPPHHHHPHHPHHHPPPHHHHHHHH
1279,HHHHHHHHHHHPPHHPHHPHHHHPH
1280,PPHPHHHHPHHPPHHHHHHHPHHHH
1281,HHHHHPHHHHPHHPHHHHPHHPHHP
1282,PHHHHHHHHPHHPHHHHHHHPPHHH
1283,HHPHPHHHHHPHHPHPHHHHHHHPH
1284,PPHHPPHPHHHHHHHPHHHHHHHHH
1285,HHHHHHHHHPHPPHHHHHPPHHHHH
1286,HHHHHHHHHHHPHPHPPHHHHPHPH
1287,HHHHHPPHPHHHHPHHHHHPHHHHH
1288,HHHHHHHPPHHHPPHPHHHHHHPHP
1289,HPHHPHHPHPHHHHPHPHHHHHHHH
1290,HHHPHHHPHHHHHPHPPHHHHHHHH
1291,HHHPHHPHPHHPHPPHHHHHPHHHH
1292,HHPHHHHHHHHHHHPPHHPHHHPHP
1293,HHHHPHPHHHHPHHHPHPHHHHHHH
1294,HHPPHPHHHHHPHHHPPHHHHHHPH
1295,HHHHHHHPPHHPHHHHHPPHHHHHH
1296,HHHHPHHHHHPPHHHPPHHHHHHHH
1297,PHHPHHHHHPHHHHPHHHHHPHPHH
1298,HHPPHHHHPPHHHHHHHHHHHHPPH
1299,HHHHHHHHHPHHPHPHHHPPHHHHH
1300,HHHHHHHHHHHPHHPHHHHHHPPHP
1301,HHPHHHHHHPHHHPPHHHHPPHHPH
1302,HHHHPPHHHPHHHHPHHHHPHHPPH
1303,HHPHHHHHHHPPPHHHHHHHHHPHH
1304,HHPHPHHPHHHHHHHHHHHHHHHPP
1305,HHHHPPHHHHHHHPHHHHHHPHHPP
1306,HHHHHHPHPPPHHHPHHHPHHHHHP
1307,HPPHPHHHPHHHHPHHHPHHHHHPH
1308,PHHHHHHPHPHHHHHPPHHHPHHHH
1309,HHHHHHPHPHPPPHHHPHHHHHHHH
1310,PHHHHPHHHHHHHPPHHHHHPHHHH
1311,PHHHHHHHHHHHPPHPPHHHHHHHH
1312,PHHHHHHHHPHHHHHPPHHPHHHHH
1313,HHHHHPHHHPHHHHHPPHHHHHHPH
1314,PPHHHHHPPPHPHHHHHHHHHHHHH
1315,HHPHHHPHHHHHHHPHHHHHHPPPH
1316,PHHHPPHHHHHHHPHHHHPHHHHHH
1317,HPHHHHHPHHHHPPHHHHHHPHHHP
1318,HPPHHHHHHHHHPPHPHHHHHHHHH
1319,PHHPPPHHHPHHHHHHHHPHHPHHH
1320,HHPHHHHHPPHPHHHPHHHHHHHHP
1321,HPHHHHHHHHHHPHHHHPHHPHPHH
1322,HPHPHHPHHHHHHHHHHHHPHHHHP
1323,PHHHHHPHHPHHHHHHHPPHHPHHH
1324,HHHHHHHHHHHHHPHPPHHHPHHPP
1325,PHPHHHHHPHHHPHHHHPHHHHHHH
1326,HHHHPHHPHHPHHHPHHHPHHHHHH
1327,PHHPPHHPPHHHHHHHHPHHHHHHP
1328,HHHHHHHPHPPHPHHHHHHHHHHPH
1329,HHHPHHHHHHHHHHHPHHHHPHHPP
1330,PHHHHHPHHHPPHHHPHPHHHHHHH
1331,PHPHPHHHHHPPHHHHHPHPHHHHH
1332,HHPHHHHHHHHHHHHPHPPPHPHHH
1333,PHPHHPHHHHHHHHHPPHHHHHHPH
1334,HHPPHHHHHPHHHHHHHHHPHHPHH
1335,HPHHHHHPHHHHPHPHPHHHHHPHH
1336,PHHHHHPHHHHHHHPHPHHHPHHPH
1337,HHHPHHPPHPPHHHPHHHHHHHHHH
1338,HHHHHHHPHPHHHHHHHPPHPHPHH
1339,HHPHHPHPHPHHHPHHHHHHHHHHH
1340,HHHHPHPHHHHHPHHHHHHHHHHPP
1341,HHHHHHHHHHHHHPPHPHHHPHHPH
1342,PPHHPPHHHHHHHHHHPHHHHHHPH
1343,HPHHHHHHPPHHHHHHHHPPHPHHP
1344,HHHHHHPHHHHPHHHHPHHPHPHPH
1345,PPHHHHHHPHHHHHHHHPHHHHPHH
1346,PHHHHHHHPHHPHHHHPHPHHHPHP
1347,PHHPHHHHHHHHHHHPHHHHHPPHH
1348,HHHHPPHHPHHHHPHHHHHHHHPHH
1349,HHHHHHPPHHHPHHHPHHHHHPHPP
1350,HHHHHHHHHHHPPHHPHPHHHPHHH
1351,HHPHPPHHHHHPHPHHHPHHPHHHH
1352,HHHPHHHPPHHHPHHHHPHHHPHHH
1353,HPHHHHHHHPHHHHPPHHHHHHHHP
1354,PPHHHHHHPHHHHHPHHHHPHPHHP
1355,HPHPHHHPHHHHHHHHHPHHHHPHP
1356,HHHPHHHHHHPHHHPHHPHPPHPHH
1357,HHHPHHPHHHHHHPHPHHHPHPHPH
1358,HHHHHPHPHHHPHHHPHHPHPHHHH
1359,PHHHPHHHHHHHPHPHPHHHHHHHH
1360,HHPHPHPHHHHHHHPPHPHHHPHHH
1361,PHHHPHPHHPHHHPPPHHHHHHHHH
1362,HHHHHPPHHPHHHPHPHPHHPHHHH
1363,HHHHHHPHHHPHHHPHPHHHHHPPH
1364,HHHPPHHPHHHHHHPHHHHHHHPHH
1365,HHHHHHHPHHPHPHPHHHPHHHHPH
1366,HHPHPHHHHHHPPHHHHHHPHHPHH
1367,HHHHHHHHPHHPHHPHHHHPPHHHH
1368,HPPHHHHHPHHHHHHPHHPHHHHHH
1369,HHHHHPPHPHHHHHHHHHHHHPHPP
1370,HHHHHPPHHPPHHPHHHHPHHHHHP
1371,HPHHHHHPHHHHHHHHPHHHHHPHP
1372,HHHHHPHHHPHPHHHHHHPHHPHHH
1373,PHHHHPHHHHHPPHHHHHHHPPHHH
1374,HHPHHHPHHHHPHHHPHPHHHHPHH
1375,PHPHHHHHHPHPPHHHHHHPHHHHP
1376,PPHHHPHPHHHHHHHHHHPHHHHPP
1377,HHHPHHHHHHHHHHPHPHHHHHPHP
1378,HPPHHHHPHHHHPHHHHHHPHHHHH
1379,PHHHHHPHHHHPHHHHHHHHPHHHP
1380,HHPHPHHPHHHHHHPHHHHPHHHHH
1381,HHHPHHHHPHPHHHPHHHPHPHHHP
1382,HHHHHPHPPHPHHHHHPPHHPHHHH
1383,HHHHPHPHHHHHHPHHHHPHPPHPH
1384,HPHHHHPHHPHHPHPHHHHHHHHPH
1385,HPHHHHHPPHPHHHHHPHHHHHPHH
1386,HPHHHHHHPHHHHPHPHHHHHPHHH
1387,HHHHHHPHHHPPHHHHHHPHPHHHH
1388,PHHHPHHHHHHHHPHPHHHPHHHHH
1389,HHHHHHPHHHPHPPHHHHHPPHPHH
1390,HHHPPHHHHPPHHHHHHHHHHPPHH
1391,HHPPHHHHHHHPHHHHHHPHHHPHH
1392,HPHPHPHHHHHHHPPHHHPHHHHHH
1393,HHPPHHHPHPHPHHHHHHHHHHHHH
1394,HHHHPHHHPHHHPHHHPHHHHHHPH
1395,HHHHPHPHPHPHHHHHHHHHHPHHH
1396,HHHHHHHPHHHPHHHHHPHHPHPPH
1397,HHHPPPHHHPHHHHHHPHHHHHHHP
1398,HHHHPPHHHHHHHHPPHPHHHHHPH
1399,PHHHHHPHHHHPHHHHHPHHPHHHH
1400,HPHHPHHHPHHHHHHHPHPPHHHHH
1401,HHPHHHHPPHHHPHHHHHPPPHHHH
1402,HPPHHHHHHHHPHHPHHPHHPHHHH
1403,HPHHHHPHHHHHHHPPHHHHPPHHH
1404,HHHHHHHHHHPPHHHPHHPPPHHHH
1405,HPHHHPPHHPHHHPPHHHHHHHHHH
1406,PPHHPHHHPHHPPHHHHHHPHHHHH
1407,HPHHHPHHPHHHHPHHHHPHHHPHH
1408,HHHHHHHPHPHHHHPHHHHPHHHHP
1409,HHHPHHHHPPPHPHPHHHHHHPHHH
1410,HHHHPHHHHHHHPHHHPHHHPHHHP
1411,HHHPHPHPHHHHPHHPHHHHHHHHP
1412,HHHPHHPPHHHHHHHPPHHHHHHHH
1413,HHPHHHHHPHPHHHHHHHHHPHHPH
1414,HHHHPHHHHHHHPHPHHHHPHHHPH
1415,HPHHHPHHHHHHHHHPHHHHPHHPP
1416,HHHHPHHHHPHHPHPHPHPHHHHHH
1417,PPPPHHPHHHHHHHPHHHHHHHHHH
1418,HHPHHHPHHHPHHPHHHHHHHHPHH
1419,HHHHPHHHHHPPHPHHHHHPHHHHH
1420,HHPHHHPPHPPHHHPHHHPHHHHHH
1421,HPHPHHHHHPHHHPHHHPHPHHPHH
1422,HHHHHPHHHPPPHHHHHHHHPHHHH
1423,HPPHHHHHHHHPHHHHPHHHHPHPH
1424,PHHHHHHHPHHHPHHHHHHPPHHHH
1425,HHHHHHHPHPHPHHPHHPHPHHHHH
1426,HPHHHHHHPHPPHPPHPHHHHHHHH
1427,HHHHPHHHHHPHHHHHHHHPPHHPH
1428,HPHHHPPHPHHHHHHHHPHHPHHPH
1429,HHPHHHHHPHHHHHPHHHHHPHHPH
1430,HHHHHPPHHHHHHPPHHHHHHPHHH
1431,HHHHPPHHHHHPHHHHHHHPHHHPH
1432,HHHHHPHHHHPHPHHHHHHPPHHHH
1433,HPHPPHHHHPHHHHPHHHHHPHHHH
1434,HHHHPHHHHHPHPHHPHHHHPHHHH
1435,HHHHPHHHHHHPHHHHPHHPPHPPH
1436,HPHHPHHHHHPHHHHPPHHHHHHHH
1437,HPHHHPHHHHHPPHHHHHHPHHHHP
1438,HHHPHPHHHPHHHHPHHPPHHHHHH
1439,HHPHHHHHHHHHPPHPHPHHHHHHH
1440,HPHHHHPHPHPHHHHHHHHHPPHHH
1441,HHHHHHHHHHHHPHHPHHHHPHPHP
1442,HPHPHHHPHPHHHHHHHHPHHHHHH
1443,HHHHHHHPHPHHPHHHHPHPHHPHH
1444,PHHHHHHHHHPPHHHHHPPHHHHHH
1445,HHPHHHHHHHPHHHHHPHPPHHHHH
1446,HPHHHHHHHHHHPHHHHPHHHPHHP
1447,HHPHHHHHHHHHHHHHHPPHHPPHH
1448,HHPHPHHHPHHHPHHHHPHHHPHHH
1449,HHPHHHPHHHHPPHHHHHHHHHPPH
