id,sequence
0,PPPPPPHPPHHPPHPPPPPPHPPPP
1,PHPPPHPHPPPPPPHPPHPPPPPPP
2,PPPHHHPPHPPPPPPPHPPPPPPPP
3,PHPPPHPPPPPHPPPPPPPPHPPPP
4,PPPHPPHPPPPPPPPPPPHPPPPHP
5,PPPPPPPHPPPHPPPPPHPPPPPPP
6,PPPPPHPHPPPPPPPPPPPPPHHPP
7,PPPHPPPPPPHPPHPPPPHPPPPPH
8,PPPPHPPPPPPPPPPHPPPPPPPHH
9,PPHPPPPPPPPPPPPPPPHHPPPPP
10,PPPPPPHPPHHHPPPPPPPPPPPPP
11,PHPPPPPPPHPPPPPHPPPHPPPPP
12,PHPPPPPPHPHPPPPPPPHHPPPPP
13,HPPPPPPPPPPPPPPHPPPHPPHPP
14,PHPPPHPPPHPPPPPPPPPPHPPHP
15,PPHPPPPPPPPHPPHPHPPPPPHPP
16,PPHHPHPPHPPPPPPPPPPPPPPPP
17,PPPPPPPPPPPHPPPPPHPPPPHPP
18,PPPHPPPPPPHPHPPPPPPPPPPPH
19,PPPPPPPPPPPHPPPPPPHPPPPHP
20,PHPHPPPPPHPPPPHPPPPPPPPPP
21,PPPPHPPPPPPPPPPHHHPPPPPPH
22,PPPPPPHPPPPPPPPPHPHPPPHPP
23,PPPHPPPHPPPPPPPPPPPPPHPPP
24,HHPPPPPPHPPPPPPPHPPPHPPPP
25,PPPPPPPPPPPHPHPPPPPHPPPPP
26,PHPHPHPPPPPPHPPPPHPPPPPPP
27,PPHPPPPPPHPPPPPPPPPPPPPPH
28,PPPPPHPPPPHPPPPPPPPHHPPPP
29,PPPPPPHHPPPPPHHPPPPPHPPPP
30,PPPPPPHPPHPPPPPPHPPPPPHPH
31,PPPPPPPPPPPHPPPHHPPPPPPPP
32,PHPPPPPHPPPPPPPPPPPPHPPPP
33,PPPPPPPPPPPPHPPPPPHHPPPHP
34,PPPPPPPPHPHPHPPPPPPPPPPPP
35,PHPPPPPPHPPHPPPPPPPPHPPPH
36,PPHPPHPPPHPPHPHPPPPPPPPPP
37,HPPPHPPPPPPPPHPPPHPPPPHPP
38,PPPPPHHPPHPPPPPPPPPPPPPPP
39,PPPPPPHPHPHPPPPPPPPHPPPPP
40,HPPPPHPPPPHPPPPPPPPHPHPPP
41,PPPPPHHPPPPPPPPPPPPPPHPPH
42,PPPPPPPPPPPPPHPPPPHPPHPPP
43,PPPHPPPHHPPHPHPPPPPPPPPPP
44,PPPPPPPHHPPPPHHPPPPPPPPPP
45,PPPPPPPPHHPPPPPPPPPHPHHPP
46,PPPPPPPPPPPPPPPPHPHPPHPPH
47,HPPPHPPPPHPPPPPHPPPPPHPPP
48,PPPHPPPPHHPPPPPPPPPPPPHPP
49,PPPPPPPPPHPPPHPPPPHPPPPPP
50,PPPHHPPPPHPPPPPPPPPPPPHPP
51,PPPPPPPPHPPPPPPPHPPHPPPPH
52,PPPPHPPPPHPPPPPPPPPPPPPHP
53,PPPPPPPPPPPPHHPPPHPHPPHPP
54,PPHPPPPPPPPPPPHPPPPPPPPPH
55,PPPPPPPHPPHPHPPPHPPPPPPHP
56,PPPPPPPPPPHPPPPPPPPPPHHHP
57,PPPPPPPPHHPHPPPPPPPPPHHPP
58,PPHPHPPPPHPPPPHPPHPPPPPPP
59,PPPPPPPPPPPPPPHHPPPHPPPPP
60,PPPPPPPPPPPPPPHPHPPPPPPHP
61,PPPPPPPPPPHPPPPHPHPPPPHPP
62,PPPPPPHPHPPHPPPPPPPPPPPPP
63,PPHPPPPPPPHPPPPPPHPPPPPPH
64,PPPPPPHPPHPPPPHPPPPPHHPPP
65,HPPPPPPPPHPPPPHPPPPPHPPPP
66,PPPHPPPPPPHPPHPPPPHPPPHPP
67,PHPPPPPPPHPPHPPPPPPPHPPPP
68,PPPPPPPPHHPPPPPHHPPPPPHPP
69,PPPHPPHPPPPPHPPPPPPPPPPHP
70,PPPPPPPPPPHPPPPPPHPPPPHPP
71,PPPPPPPPHPHPPHPPPPPPPHPPP
72,PPPPPHPPPPHPPPHHPPPPPPPHP
73,PPPPPPPPPPPPPPHPPHPHPPPPP
74,PHHPPPPPPPPPPHPPPPPPPPHPP
75,PPHPPPHPPHPPPPPPPPPPPHPPP
76,PPPPPPPPPPPPHPHHPPPPPPPPP
77,PPHPHPPPPPPPHPPHPPPPPPPHP
78,PPPPPPPPHPPPHPPPPPPPPHPPP
79,PPPPPPPPPPHPPPPHPPHPPPPPP
80,PHHPPPPPPPPPHPPPPPPPPPPHH
81,PPPPPPPHHPHPPPPPPPPPPPPPP
82,PPPHPPPPHPPPPPPPPPPPPHPPH
83,PPPPPPPPPPPPHPHHPPHPPPPPP
84,PPHPPPHPPPHPPHPPPPPHPPPPP
85,PPHPHPPHPPPPPPPPHPPPPPPPP
86,PHPPPPPPPPPPPHPPHPPHHPPPP
87,PHPHPHPPPHPPHPPPPPPPPPPPP
88,HPPPPPPPPPPPPPHPPPPPPPHPH
89,PPPPPPPPPPHHHPPPPPPPHPPPP
90,PPPPPPPPPHPPPPPPPHPHPHPHP
91,PPPPPPPPHPPPPPHPHPPPPPPPP
92,HPPPPPPPPPHHPPPPPPPHPPPPP
93,PPPPPHPPPHPPPHPPHPPPPPPPP
94,HPHPPPPPPHPPPPPHPHPPPPPPP
95,HPPPPPPPHPPHPPPPPPPPHPPPP
96,PPHHPPHPPPHPPPPPPPPPPPPPP
97,PHPPPPHPPPPPPPHHPPPPPHPPP
98,PPPHPPPPPPPPPPPPHPPPPPHPP
99,PPPPPHPPPPPPPHPPPHPPPHHPP
100,HPHHPPHPPPPPPPPPPPPPPPPHP
101,PHPHPPPPPPPPPPPHPPPPPPPPP
102,PPPPPPPPPPHPPHPPPPPHPPPPP
103,HPPPPHPPPPPPPHPPPPHPHPPPP
104,PPPPPHPPHPPPPPHPPPPPPHPPP
105,PPHPPPPPPPHPHPHPPPPPPPPPP
106,PPPPPPPPPHPPPHHPPPHPPPPPH
107,PPPPPPHPHPPPPPPPPPPPPPPHP
108,PPPPPHPPPPPPHPHHPPPPPPPHP
109,PPPPPPPHPPPPPPHPPHPPPPPPP
110,PPPPPPPPPHPPPPHHPPPHPPHPP
111,PPPPPPPPPPHHPPPPPHPPHHPPP
112,PPHPPPPPHPPPPHPPPHPPPPHPP
113,PPPPPHPHHPPPPPPHPPPHPPPPP
114,PPPPPPHPPPPPPPPPPHPPPPHHP
115,PPHHPPPHPPPPPPPPHPPPPPPPH
116,PPPPPHPPPHPPPPPHPPPPPPPPP
117,PHPHPPPPPPPPPPPPHPPPPPPPP
118,PPHPPHHHPPPPPPPPPPPPPPPPP
119,PPPPPPPPPPHPHPHPPPPPPPHPP
120,PPHPPPPPHPPPPHPPPPPPHPPHP
121,PPPPPPPPPHPHPPPHPPPPPPHPP
122,PPPHPHHPPPPPPPPPPPPPPPPPP
123,PPHPPHHPPPPPPPPPPPPPPPPPP
124,PPPHPHHPPPPPPPPPPHPPPPPPP
125,PPPPPPHPPHPPPPPPPPPPPPHPP
126,PPPHPPPPPPPPHPPPPPPHPHPPP
127,PPPHPPPHPPPPPPPPPPPPHPPHH
128,PPPPPPHPPPPPHPPPHHPPPPPPP
129,PPPPPPPPPPPHPHPPPPHHPPHPP
130,PHPPPPPPPPPPPHPPPPPPPPHPP
131,HPHHPPPHPPPPPPPPPPPPPPPPP
132,PPPPHPPPPHPPPPPPPPPPHPPPP
133,HPPHPPPPPPPPPPHPPPPPPPPPP
134,PHPPPPHPPPPPPPPPPHPPPHPPP
135,PHPPPPHPPHPPPHHPPPPPPPPPP
136,PPPPPPPPPHPPPPHPPHPPPPPPH
137,PPPPPPHPPPPHPPHPPPHPPPPPP
138,PPPPHPPPPPHPPPPPPPPPPPHPP
139,PPPPPPPPPPPHPHPHHPPPPPPPH
140,PPPPPPPPPPHPPPPPHPPHPPPPP
141,HPPHPPPPPPPPPPPPHHPPPPHPP
142,PPPPPPPPPPHPPHPPPPPPPPPPH
143,PPPPPHPHPPPPPHPHPPPPPPPPP
144,HPPPPHPHPPPPHPPPPPPPPPHPP
145,PPPHHPPHHPPPPPPPPPHPPPPPP
146,PPHPPPHPPPPPPHPHPPPPPPPPP
147,PPPPPPPHPPPPPHPPPPPPHPHPP
148,HPPPPPPPPHPHPHHPPPPPPPPPP
149,PPHPPPPHPPPPPPPPHPPPPPPHP
150,PPPPHPPPPPPPPPPPHPPPHHPPP
151,PPPPPPPHPHPPPHPPPPPPPHPPH
152,PPPPHPPPPPPPPPPPPPHHHPHPP
153,PPHPHHPHHPPPPPPPPPPPPPPPP
154,PPPPPPPPPPPPPPHPPPHHPPPPH
155,PPPHPHPPPPPPPPPPPPHPPPPPP
156,PPPPPPHPPPHPPPPPPHPPPPPHP
157,PPPPPHPPPPPPPPHPPHPPHPPPP
158,PPPPPPPPPPPHPPPPHPHPHPPPP
159,PPHPPHPHPPPPHPPPPHPPPPPPP
160,PPPPPPHPPHPHHPPPHPPPPPPPP
161,PPPPHPPPHPHPPPPPPPPPPHHPP
162,PPPPHPPPPPPPPPPPHHPPPPHPP
163,PPPPPPPPPHPPPPPPHPHPPPHPH
164,HPPPHPPPPPPPPPPPPPHPPHPPP
165,PPHPPPPPPPPPHPPPPPHPPPPPP
166,PHPHPPPPHPPPPPHPPPPPPPHPP
167,PPPPPHPPPPPPPHPPPPHPPPPHP
168,PPPHPHPPPPPHHPPPHPPPPPPPP
169,HPPPPPPPPPPPPPPHPPPHPPPHP
170,PHHPHPPPPPPPPPPHPPPPPPPPP
171,PPPPPPPPPPPPHPPPPPPHHPHPP
172,HPPPPPPHPPPPPHPPPPPPHPHPP
173,PHPPPPPPPPHPPPHHPPHPPPPPP
174,PHPPHPPPPHPPPPHPPPPPPPPPP
175,PPPPPPPPPHPPPPPHPHPPPPHPP
176,PPPPPPPHPPPHHPPPPPPPPPPPH
177,PPPPHHPPPPPPHPPHPPPPPPPPP
178,PPPPPPPPPHPPPPPHPPPPPHPPP
179,PPPPPPPPHPPPPPPPPPPHPPHPP
180,HPHPPPHHPPPPPPPPPPPHPPPPP
181,PPPPHPPPHPPPPPPPPPHHPPPHP
182,PPPPPPPPPPHPPPPHPPPPPHPPH
183,PPPPPPPPPPHHHPPHPPPPPPPPP
184,PPPPPPPPPPHPPPPPPPHPPHPPH
185,HHPPPPHPPPHPPPPPPPHPPPPPP
186,PPPHPPPPPHHPPPPPPPPPPPPPP
187,PHPPPPPPPPPPPPPPPPHPPPHPP
188,HPPPPPPHPHPPPPPPHPPPPPPPP
189,PPPPPHPPPPPPPPHPHPPPPPPPH
190,PPPPPPPPHPPHPPPPPPPPPPPHP
191,PPPPPPHPHPPPPPPPPPPPPPPPH
192,PPHPPPPPPPHPHHPPPPHPPPPPP
193,PPPPPPPHPPPPPPPPPPPPPPPHH
194,PPPPHPPPPHPPPHPPPHPPHPPPP
195,PPPPPPPPPPPPPHPHPHPHPPHPP
196,PHPPPPPPPPPPPPPPPHPPHPPPP
197,PPPPPHPPPHPPPPPPPHHPPPPHP
198,HPPPPPPHPPPPPHHPPPPPPPPPH
199,PPHPPPPPPHPPPPPHPPPPHPPPH
200,PPPPPPPPPPPPPPPPPHHPPPPHP
201,PPPPPHPPPHHPPPPPPPPHHPPPP
202,PPHPPPHPPPPHPPHPPPPPPPHPP
203,HHHPPPPHPPPHPPPPPPPPPPPPP
204,PHPPPPHPHPPPPPPPPPPPPPPPP
205,PPPHPHPPPHHPPPPPPPPPPPHPP
206,HPHPPPPPPPPPPPPPHPPPPPPPP
207,PPPPPPHPHHPPPPPPHPPPHPPPP
208,PPPHPPPHPPPPPPPPPPPPHPPPP
209,PPPPPPPPPPPPPPPHPPPHPHPPP
210,PPPPHPPPPPHPPHPPPPPPPHHPP
211,PPPPPPPPPPPPPHPHPHPPHPPPP
212,HPHHHPPPPPHPPPPPPPPPPPPPP
213,PHPPPPPPPPPPPPPPPHHPPPPPP
214,PPPHHPPPPPPPHHPPPPPPPPPPP
215,PPPPHHPPPPPPPPPPPPPPPPHPP
216,PPPPHPPHPPHPPPPPPPPPPPPPP
217,PPPPHPHPPPPPPPPPHPPHPPPPH
218,PPHPPPHPPHPPPPPPPPHPPPPPP
219,PPPPPPPPPPPHHHPPPPPPHPPHP
220,PPPPPPPPPPPHPPPHHHPHPPPPP
221,PPPPPPPHHPPPPPPHPPHPPPHPP
222,PPPPPPPHHPPPHPPPPPHPHPPPP
223,PPPPHPPPPHPPPPPHPPPPPPPPP
224,HPPPHPPPPHHPPPPPPHPPPPPPP
225,PPPPHPPPPHPHPPPPPPPPPPPPP
226,PHPPPPPPPPPHHHPPPPHPPPPPP
227,PPPPPPPPPPPPHPHHPPPPHPPPP
228,HPPHPPPPPPPPPPPPPPPPHPPPP
229,PPPHPPPHPHPHPPPPPPPPPPPPP
230,HPPPPPPPPPPPPHPPPPPPPHPHP
231,PPPPPPPHHHPPPPHPPPPPPPPPH
232,PPPPPPPHPHPPPPPPHPPPPPPHH
233,PPPPHPPPPHHPPPPPPPPPHPPPH
234,PPPHPPPPPHPPHPPPPPHHPPPPP
235,PPPPPPPPPPPPPHPPPHPPPPHHP
236,PPPPPPPHPPPPHPPPHHPPPPHPP
237,PPPPPPHPPPPPPHPPPHPHPPPPP
238,PPPPPPPPHPHHPHPHPPPPPPPPP
239,PPHPPHPPPPPPPPPPPHPPPPPHP
240,HPHPPHPPPPPHPPHPPPPPPPPPP
241,PHPPPPHPPPPPPPPPPPPPHHPPH
242,PPPPPPPPPPPPPHPPPPHPPHPPH
243,HPPPPPHPPHPPPPHPPPPPPPPPP
244,HPPHPPPPPPPPPPPPPPPPPHPPP
245,PPPHPPPPPPPPPPPHPPPPPPPHP
246,PPHHHPPPPPHPPPPPPPPPPPPHP
247,PPPPPPHPPPPPHPPPPPPPPPPHP
248,PPHHPPPPPPHPPPHPHPPPPPPPP
249,HPPPPPPHPHPPPHPPPPPPPPPPP
250,PPPPPPHPHPPHPPPHPPPHPPPPP
251,PHPPPPPPPPPPPPPHPPHHPPPPP
252,PPPPPPPPPHHHPPPPPHPPPHPPP
253,PPPPPHPPPPPHPPPPHPPHPPPHP
254,PPPPHHPPPHPPPHPPPPPPPHPPP
255,HPPHPPPHPPHPPPPPPPPPPPPPP
256,HPHPPPPPPPHPPPHPPPPPPPPHP
257,PHPPPPPPPPPHPPPHPPHPPHPPP
258,PPPPPHPPPPPHHPPPPHPPPPHPP
259,PPPPPPPPPPPHPPPPHHPPPPPHP
260,HPPPPPHPHPPPPPPPPHHPPPPPP
261,HPPPHPPPPPPPPPPHHPPPPPHPP
262,PPPPPPPPPPPPPPPHPPHPPPHHP
263,PPPHHPPPHPPHPPPPPPPHPPPPP
264,PPPPHPPPPHPPHPPPPHPPPPPPH
265,PPPPPPPPPPPHPPPPPHHPPPPPP
266,PPHPPPPPPPPPPPPPPPPHHHPPP
267,PPPHHPPHPPHPPPHPPPPPPPPPP
268,PPPPPPPPPHPHPPPPPPPPHPPPP
269,PPPPHHPPPPPPPPPPPPPPPPPHP
270,PHPPPPPPPPPPPPPHPPPPPPHPP
271,PHPHPPPPPHPPPHPPPPPHPPPPP
272,PPPHPPPHPPPPPPPPPPHPPHHPP
273,PPHPHPPPPPPPPPHPPPPPPPPPP
274,HPPPPPPPPPPPPHPPPHPPPPPPP
275,HPPHHPHPPPPPPPPPPPHPPPPPP
276,PPPPPPHPPPPHPPPPPPPPHPPHH
277,PPPPHPPPPPPPHPPPPPHPPPPPP
278,PPPPPHPPPPHPPPPHPPPPHPPHP
279,PPPPPPPPPPHPPHPPPHPPPPPPP
280,PHPPPPPPHPHHPPPPHPPPPPPPP
281,HPPPPHPPPPPPPHPHPPPHPPPPP
282,HPPPPPPPPHHPPHPHPPPPPPPPP
283,HPPHPPPHPPPPPPPPHPPPHPPPP
284,PPPPPPPPPPPPPPHPPHPPPPHHP
285,HHPPPPPPPPPPHPPPPPHPPPPPP
286,PPHPPHPPPPPPPPPPPPPPPPPHP
287,PPPPPPPPHPPPPPHPPPHPPHPPH
288,PPPPPPPPPPPPHPPPPPPHPHPPP
289,PPPHHPHPPPPPPPHPPPHPPPPPP
290,PPPPPPPPPPHPPPPPPPPHPHPPP
291,PHPPPPPPPPPPPPPPHPPPHPPPH
292,HPPPPPPPHPPPPPPHPPPHPHPPP
293,PPPPPHPPHHPPPPPPPPPPHHPPP
294,PPPPPPPPPHHPPPHPPPPPPPPPP
295,PHPPHPPPPPHPPPPPPPPHPPPPP
296,PPPPPPHPPPPPPPPPHPPPHPHPP
297,PHPPPPPPPPPPPHPPPHPPPPPPP
298,HPPPPPHPPPHPPPHPPPHPPPPPP
299,PHPPPPPPPPHPPPHPPPHPPPPPH
