id,sequence
0,PPHHPHPPPHHPPHPHHPHHPPHHH
1,HHHHPPHHPHPPPPHHHHHHHPPHP
2,HPHHPHHPHPHPHPHHHPPPHPPHP
3,HHPPHPHPHPPHPPHHPHHHPHPPH
4,PHHHHPHHPHHPHPHHHHPPPHPPH
5,PPHHHPHPPHHPHHHHPPHHHPPHP
6,HHPHHHPHHPHHHPPHHPHPHPHPP
7,PHPHHHPPHHPPPPHPHPPHHHHPH
8,PHHPPHPPHHHPHPHHHHHHPPHPH
9,HHHHHHPHHHHPHPPPPPPHPHPPH
10,HPPPHHHPPPPHHHPHHHPHHHHPH
11,HHHHHPHHPHPHPPHHPHPHHPPPH
12,HHHPPPPPPHHHPHHPPHHPHHPHH
13,PHHPPHHHHPHHHPPPHPHPHPHPP
14,HPHHPPHHPHPPHHPPPHHHHHHPP
15,PHPHPPPHHHHHHHHPPHHHPPHPH
16,PHPHPPHHHHPPHPPPHHHPHHHHP
17,HPHHHHPPHPPPHPHHPHHHHPPHH
18,HPHHPHHPHHPHHPPPHHHPHPPHP
19,PPHPHHHPHHPHPPPHPHHPHHHPP
20,PHPHHPPHPHHPHHPHPHPPHHPPH
21,HPPHPPHHHHPHHHPPPHHHPPHHH
22,HHHPHHHPHHHPPPHHPPHHPHHPP
23,HHPHHPPHPHPHHPPPPPPHHHHHH
24,PHHPHPHPPPHHPHHPHHHHHHPHP
25,HPPHPHHPPPHHHHPHHHHPHPHPP
26,PPPHHHPHPPHPPPPHPHHHHHHPH
27,PPPHHPHPHPPHPPHPHPHHHHHHH
28,PPHHPPPHHHHHHPHHHPPHPHPPH
29,HHPHPPHHHHHHHHPHPPHPPPPHP
30,PHPHPHPHPPHHHHPPHPPHHHHHP
31,PPPHHHHPHHHHPPHPPHPPHHHHP
32,PHPPPHHHHPPPHHHHHPPHHHPHH
33,HPPHHHHHPPHPPHPHPHPHPHHPH
34,HPHHHHPPPPPPHHHPHPPHPHPHH
35,PHHPPHHHPHHHHPPPPPPHHHHHH
36,PHHHPPPHHPHHHPPHHHPPHHHPH
37,PHPHPHHHPHHPPPPPHHPHHHPHH
38,HHPHPPPHHPPHPPHPPPHHHHPHH
39,PHPHPPPPHHHPHHHHPHHHPPHHP
40,HPPPPHPPHHPPHHHHPPHHPHPHH
41,PPHHHPHPPHPHHPHHHHPHPHHHP
42,PHHHPHHHPHPPHPPHHPPHPHHHH
43,PHHHPHHPHHHHPHHPPPPPHHHPP
44,PPHPHHPPHPPPHPHPHHHPHHHHH
45,HHPHPHPHPHHHPHPHHPPPHPHPP
46,HHHHPHPHHPPPHHHPPPPHHHPPP
47,PPHPHPPHHHPHHPHHPHPHHPPHH
48,PPHHHPPPPHHHHHHHPPPPPPHHH
49,HHPHPHPHPPHHPPHPHPPHHHHPP
50,PHHHHHHHPHHPPHHHPPHHHPPPP
51,HPPHHHHPPHPHPHHPHHHPPPPHP
52,HPHHHPPHPPHHPHHPPHHPHHPHP
53,PHHHPHPHPHPHHHHHPHPPPPHPH
54,PPHHHPHHPHPHHPHHPPPHPPHHH
55,HPPHHPHHHPHHPPHPHPHHPHPPP
56,PHHHHPHPPHPHPHPHHHPPHHPPH
57,HPHHHPHPPPPHHHPHHHPPHPHHH
58,HPHPHPHPHHHPHPHHPHPPHHHPH
59,PHPHHPPHHHPHPPHPHPHHHPHHH
60,HHPHPHHHPHPHHPPHHHPHHPPPP
61,HHPPPPHPHHHHPHPHHHHHPPHHP
62,PHHPPHHHHHPPPHHHHPPHHHPHP
63,PPHHPPPPHHHHHHPHPHHPHHHPH
64,PHPPPHHHPPHHHHHHPPHHPHHPH
65,HHPHPHPHPPHHPPHHPPHHHPPPH
66,HHHHPHPPPPHPPHHPPHPHPHHHH
67,HHHHHHPPHHPPPPHHPPPHHHPPH
68,PHHHHHPPPHPHHPHHHHHPHPHPP
69,PPPHPHHHPHPHHHPHHPPHHHPPH
70,HHHHHHHPPPPPHPHHPPHPPHHPP
71,HPHPHPHPHPPHPHPHHHHHPPPHH
72,HHHHPHHPHHPHPHPPPPHPHPHHH
73,HHPHPHHHHHHPPHHHPPPHHPPPH
74,HHPPHPHHHHPHPPPHPHPHPHHHH
75,HHHPHPPHHHPHPHPHPHHHPHPHP
76,HPPHHHHHPPHHPHHPHHPHHHPPP
77,HHPHHHPPHHPHPPHHPHHPPHHHP
78,HPHPHPPHHHHHHPPHPPPHHHPPH
79,PPHPPHHHPPHPHPHPHPPPHHHHH
80,HHHHHHPPHHPHPPHPPPHHPHPPP
81,PPHHHPHPHHPPHPHHHPPHHHHHP
82,PHPHHHHPHHHHPHHPHPPPPPHPH
83,PPHPHPHPHHPPHHHHPHHHHPHPP
84,PPHPPPPPHHPHHHHHHHHPPPHPH
85,HHHHHHHHHPPHPHPPHPHPPPHPH
86,PPHHPHPPHPHHPHPHHHPHHHPHH
87,PPHHPPPHHHHHHPPHPHPHHHPHH
88,HPPHHHPHPHHHPPHHHPHPPHPHH
89,PHHPHHHPPHHHPHPHPPPHPPHPH
90,HHHPHPHHPPHPPHHPHHHHHPHPP
91,PPPHPHPPHHHHPPHHHHHHHPPPH
92,HHPHPPPPHHPHPHHHPHHHPHHPP
93,PPHPPHPPHPHHPHHHPHHHHPPHH
94,HHHHPPPHHPHHHPPHPPHHHHPHP
95,PPHPPPHHPHHHHPHHPHPHPHPHH
96,HHPHHHHHPHPPHPHHHPHPHPHPP
97,HPPHPHHHPHPHHPPPPHHPHPHHH
98,HHHPHHPHPPHPHPPHPHPHHPPPH
99,HHPHPPPHPPPPPHHPHPHHHHHHH
100,HPHHPPPHPPHHHHPHHPPHPHHHP
101,HPPPHHPHHHHPHPPHHPPPHHPHP
102,PPPHHPPHPHPHHHHHPPPPHHHHH
103,PHHHHHHPPHPHPPHHPHHHPHPPH
104,HPPHHHHPPPHHPHHPHPHPHHPPP
105,HHHHPPHHPHPHHPHPPPPHPPHPH
106,HHHHPHPPHHPHHPPHPHPPHHPHH
107,HHPPHPHHHPPHHPPPPHHPHPHHP
108,PPPPHPHHPPHHHHHPPHHHPPHPH
109,PHPPHHHHPPPHHHHHPHPPPPHHP
110,PHHPHHHHPHPPPHHHPHPPPHHPP
111,PPHPPPHHPHHHPHPPHHHPPPHHH
112,HHPHHHPHHPHHPHPPPPHPPPPHH
113,PPPHPPPHHPHHHHHPPHHHPHHHP
114,PPPPPHPHPHHHHHHHPHHHPPPHP
115,HHPPHHHHPHHPPHHHPPHHPHPPP
116,PHPPHHPPHHHHPHHHHHPHPPPHP
117,HHPHPHHPHHPHPHHPPPHHPPPPH
118,HPPPPPHHHPPPHHHHHHHHHPHHP
119,HHPPHPPPHHPPHPHPHPHHHHHHP
120,HHHHHPHHPPHHHHPPPPHHHHPPP
121,HPPHHHPHPHHPPPHHHHPPHPHPH
122,PHPPPHPHPHHHHPHHHHPHPHHPP
123,PHHPPHPHHPPHHPHHHHHPHPHHP
124,PHHPHHHHPHPHHHHPHPHPPHPPP
125,HHHHHHPHPPPPHHPPHPHPPHHPH
126,HPHHHPHHHPHPPPHPPHPHHHPPP
127,PPPHHHHHPPPHPPPHHHHHPHHPP
128,HPHPHHPHPPPHHHHHPHPPPHHPH
129,PPHHHHHPHPPHPHPPHPHHPHPHP
130,PHPPPHHPHHPPHPHHPPHHPHPHH
131,HHPPHPPHHHPHPHHHHPPHHHPHP
132,HHHPPHHHPHPPHPHHPHPHHHPPH
133,HPPHPHHHPPHPPHHPHHHHHHPHP
134,HHPPHHPPPPHHHHHPPPPHHHHHP
135,HPHPHPPHHPPHHHPHHHHPHPPHP
136,HHHPHHHPPHPHPHPPHHHHPPPHP
137,PPHHPHHHPHPHPHHPPPHHHHHPH
138,HPPPHHHHHHHHHPPPHHHPPPPHP
139,HHHHPHHPPHPPHPHHHPPPHHPHH
140,PPPPHHHHHHPPHPHPPHHHPHPHH
141,PPHHHHHHPPPPHHHHHHHPHPHPP
142,PHPHPHPPHHHPPHHHPHHPHHHPH
143,PPPHPHHPPHHHHHPHHHPHPHPPH
144,HPPHHPHHHPPHPPHHPHHPPPHHP
145,PHPHHHHPPPHPHHPHHHHHPPHPH
146,HPPPHHPPHHPPHPHHHPHPHPHHP
147,PHHHHHPPHPHHHPPPHHHHPPHHP
148,PHHHPPHHPHPHPPPHPHHHHPHHH
149,HHHPPHPPHHHHHHHPPPHHPHPHP
150,HPPHHHHHPHPPPHHHHPHPPHHHP
151,PHPHPPHHPPHHHHPHHHPHHPHPP
152,PHHPHHPHPHHHPHHPPHHHHPPHP
153,PPHHHHHHPPPPPHPPHHPHHHHPP
154,PHPHHPHHHHPHPPHPPPPHHHPHP
155,PHHPHHPPPHHHHPHPPPHHPPHHP
156,HPHHHHPPHHPHPPPHHPPPHPHHH
157,PPPHHHHPPHHHPHPHHPHPPPPHH
158,HHPHPHPHPHHHHHPPPHPHHHPPP
159,PHHHPHHPHPHHHPPPPPPHPHHPH
160,PPHPHHPHHPHPPHPHHHHHHPPPP
161,HPPHPPHHPHPHPPHPHPPHHPHHH
162,PPHPHHHPHPPHPHPHPHPPPHHHH
163,PHPPHPHPHPPHHHPPHHHHHPHHP
164,PHHHPHHHPPPHPHPHPHPHHHPHP
165,PHPPHPHPHHPHPHHHPHHHPPHPH
166,PPHHPHPHHPHPPPHHPPHHHHHHH
167,HPPPHHHHHHPHHPHPPPPHHHHHP
168,HHPHHHPHPPHPPHPPHPHHHHPPP
169,HHPHHHHPHPHPPHHPPPHHHHHPP
170,PHHHHPHPHHPHHPPHPHHHPPHPP
171,HPPHHPHHHPPPHPHPPPPHHHHPH
172,HHHPHPHHPHPPHPHHHHPHPPPHH
173,HPPHHHPHPHHHPPPPHPHHPHHHH
174,PPPPHHHHHHHPHPPHPHHHHHHPP
175,HHHPPPPPPHHPHPHHPHHPPHPHH
176,PHHHHPHHHPHHPPPHPHPHPPHHH
177,HHPHHPHPPHHHPPHPHHHHHHPPP
178,HPHHPPHHPHHPHHPHPPHPHHHPH
179,HHPHPPPHHHPHPHHHHPHHPPPPP
180,PHHHHPPHPHPHHPHHHPPHHHHPP
181,HHHHPHHPHHPPPPPHHHPHPPPHP
182,PHHHHHHPPPHHPPHPHPHHPHPHH
183,HPPHPHPHPPPPHHPHHPHHPHHHP
184,HPHPPPPHHPHHHHHPHHHHPPHHP
185,HHHHHHPPHPHPHHPPPPPHHHPHP
186,HHHHPHPPHHHHPPHHHPPPPHPHH
187,PHPHHHPHPPPHPPPHHHHPHPHPH
188,HPPHPHHHPPHPPPHPPHHHHPHHH
189,PHPHHHPHPHHPHHPHPHHPPHPHH
190,HHHHHPPHHPPPHHPHPPHPPPHHP
191,HHHPPHPHPPHPPPPPHPHPHHHHH
192,HHHPPPHHPPHHPHPHPHPPHPHHH
193,PHHHPHHHHHHPPHHHPHPPHPPPH
194,PHHHHPHHHPPPHPHHPPHHHHPPH
195,HHPPPPPHHHHPPHPPHHPHPHHHH
196,HPPHHPPHPHHHHPPPPHPHHPHPH
197,HPHPPPHPHHHPHPHHPPHHHHPPP
198,PPHPPHHHHPPHHHHHPHPPPHHHH
199,HPPPHPPPHPHPHHHHHPHHPHHHH
200,HHHHPPPPHHPPPHPPHHPHHPHHH
201,HHPPHHHHPHHHHPHPHPPHHPHPP
202,HPPPHHHHHHHHHPHPHHHPHPPPP
203,PPHHHHHHHPHPHPHPHHPPPPHHP
204,HPHPHPPHPHHPPHHHHPPHPPHHP
205,PPHHHHHHHPHPPHPHPHPPHHHHP
206,HPPHHPHHPHHHPHPHHPPPPHHHH
207,HPHHHHHPHPHHHPHPPPHPHPPHP
208,PHHPHPPPHHHPPHHPPHHHPHHHP
209,PHHHPHPHHHPHHPHPPPHPHHHPH
210,HPPHPPHPPHPHPHPHHHHPPHHHH
211,HHPHHPPHHHPHPPHHHPPPHPPHP
212,PHPHHHHHHPHHPHPHPHPHHHPPP
213,PPPPPHPHHPHPHHPHHHHHPHPHH
214,PHPHHPPPHPPPPPHHPHHHHHHHH
215,PHHHPHPHPHPPPHPHHHPPHHPPH
216,HHHHPHPPHPPPPPHHHHPPHPHPH
217,HPPHHPHPHHHHHPHHPHPHHPHPP
218,PHPPHPPPHHPHHHPHHHHPPHPHP
219,HHHHHPPHHHHPPHHPPPPHPHHHP
220,PPHHPPPPHPHHPPHHPHHPHHPHH
221,PPHHPPPHHPPHPPHHHHHPHHHPP
222,HHHHPHHPHPPHHPHHHPPPPHHPH
223,HPHHHHPHHPHPHPPHHHHPPHHPP
224,HPPHHPHPHHHPHHPHHHPPHPPHP
225,PHHHPPHPPHPPHPHHHHPPHHHHH
226,HPPPHPHPHHHHPPPPHHHHHHPHP
227,HPHHPHPHPHPPHPHHPPPHHHPHH
228,HPPPPPHHHHHHHPHPPHHHPHHPH
229,PHHHPPPPHHHHPHHHHPHHPHPHP
230,HPHHHPPPHHPPHHPHHHPPPPHHH
231,HHPPPHPHHPHPPHHPHHPHPHHHH
232,PPPHHPPHHPHHHPHPHPHPPHPHH
233,PHPHPHHPPPPHHHHHHHPHHPPPP
234,HHPPPHPHHPHHHPHHHPPHPPPHP
235,HPPPPHHHPHPPHHHHHPHPHPHHH
236,HHHPHHPPPPHHPPHPHHPHPHHPH
237,HHPHPHPPPHPPHHHHHHPPHHHPH
238,PPHHPPHHPHHHPPPHHPHPHHHHH
239,PHHPPPPHHHHPHHHPHHHHHPHPP
240,PPHHHHPHHPPHHPHHPPPPHHHPH
241,HHHPPPPHHPHPHHHPPHHHPPPPH
242,HPHHPHHHPPHPHHHPHHPHPPPHH
243,PPPPHHPHPHHHHHPHPHPHHHPHH
244,HPPHHPPHPHHHHHHPPPPPHHPHH
245,PPPPPHHPPHHHHPPHHHHHHHHPP
246,HHHHHHPPHPPPPHHPHPPPHPHPH
247,PHHHPPHPHPHPHHPHHPHHHPPPH
248,HPPPHPHPHHPHPPPHHPPHHHHPH
249,PPHHHHHHHPPHHPHPHPPHPHHPH
250,HHHHPPHPPPHHPPHHHPHHHPPPH
251,HHHHPHHHHPPPPHHPPHPHHHPPP
252,PHPHPHHHPPHHHPPHHPPPHPHPH
253,HPPHHPHPPHHHPHHPHHPHHPHPH
254,HHHHHHHPPHPPPPHPHHPPHPPPH
255,HHHPPHHHHPHHPPHHHPPPHPPHH
256,PHHHHHHHPPHPPPPHHHPHPHHPP
257,PHPPHHPPHHPHHHPPHHHHPHPPH
258,HHPHHPPPPHHPHHHPHHHPPPHHH
259,PPHHHPHHHPPHHHHHPHPPHPHPP
260,PHHHHHPPPHPPHPHHHHPPHHHPH
261,PPPPHHPHHPPHHHPHHHPHHHPPP
262,PPPHPPPHHPHHPHPHHHHHHHPPH
263,HPHHHHPHPPHHHPPHHPPPPHPHP
264,PPHHHHPPHPHHPPPPHHHHHHPHH
265,PHHHHPPPHHPPHHPHPHHHHPPPP
266,PPPHHPHHHHPHHHPHHPPPHHPHH
267,HPHPHPHHPPHPHPPHHHHPHHPHP
268,HPPHPHHPHHHPPHPHHHHPPHPHH
269,HHPHHHHPHHPHPHPHHPHPPHPPH
270,HPHHHPHHHPHHPHPPPPPPPHPHH
271,HHPPPPHHHPHHHPPHHHPHPHHPP
272,HPHPHHHHPPPPHHPHHPPHHHHPH
273,PPHPPPPPHPHHHHHHHPHHPHPHP
274,PHPPHHHHPHHHPPPHPHHPHHPPH
275,PHHHPHPPPHHPPHHPHHPHPHPPH
276,HHHHHPPPHPPHHPHPHHHPPHHPH
277,PHHPHPHHHHHPHHPHPPPHHPPHP
278,PHPHPPHHHPPPPPHHHHHHHPPPH
279,PPPHHPHPHHHHPPHHPHPHHHPHH
280,HPPPHHPHHHPPPHPPPHHHHHPHH
281,PHHPPHPPHPHHHHHHPPHHPHHPH
282,PHPPPHHPHHPHHHHPHHPHHHHPP
283,HHPHPPHPHHPPHPHHHHHHPPHPH
284,HHHHHPPHHPPHHPHPPPHPHPHHH
285,HHPHPHHPHHPPHHHPHPPPPHHHH
286,PHHHPHPHPPPPHHHHPPHHPPHHH
287,HPHPHHHHHPPPPHPHHPHHHHPPH
288,HHHHPHHHHHPPHPPHPPHHHHPPP
289,HHPHHHPPHPHPHHHHHHPHPPHPP
290,PHPHPHPPHHHHPHHPHPHHHHPHP
291,PHHHPHPHHHPPHHHPPPHHPHPPP
292,HHPPHHHHHPHPHPPPHPHPHHHHP
293,HHHPHHHHHPPPHHPPHHPPPPPHH
294,PPHHPHHHPHPHHHHPPPPPHHHHP
295,HHHPPHPHHHPHPHPPHPPHPHPHH
296,HHPPPPHPHHPPPHPHHPPHHHHHH
297,PHPPPHHHPHPHHPPHHPPHHHHHH
298,PPHHPHHHHHHHPPPHHHHPPPHPH
299,PPHHHHPHPHPHPHHHHPPHPHHHP
