id,sequence
0,PPPPPPPHPHHPPPPHPHPPHPPPP
1,HPHPPPPPHPHPPPPPPHPPHPPPP
2,PPPPHPPHHHPPHPHPPPPPPHPPP
3,HPPPHPPHHPPPPPPPPHPPHPHPP
4,HPHPPPPHPHPPPPPPPPPPPHHPH
5,HPPPPHPPPHPHPPHPPPPHPPPPP
6,HPPPPHPPHPPPPPPPHHPHPPPPH
7,PHHPHHPPPPPPPHHHPPPPPPPPP
8,HPPPPPPHPPPHPPHPPHPHHPPPP
9,PPHPHPHPPPPHPPPPPHPPHPHPP
10,PPPHPPPHPPHHPPPPPPPHPPPPH
11,PHPPHHPPPPPPPHPPHPPPPHPPP
12,HPPHPPPPPPHPPPPPHPPHPPHHP
13,PPPPHPPPPPHHPHHPPPPHPPPPH
14,HHPPPPPHHPPPPHPPPPHPPPPPH
15,PPHPPPHPHPPPHPHPPPPHPPPPP
16,HPHPHPPHPPPPPPHPPPPPPPPPH
17,PPHPPPHPPPPPPHPPPPPPHHPPH
18,PHHPHPPHPPPPPPPPPPPPPHPHP
19,HHHPHPPPPHHPPPHPPPPPPPPPP
20,PPHPPPHPHPPHPPPHPPPPHHPPP
21,PPPHHPPPPPPPPPPHPHPHPHPPP
22,PHPPPPPPPHPPPPHPHPHPPPPPH
23,HPPPHPPPPPPHPPPPHPHPHPPPP
24,PPPHPPPHPPPPPPPPPHPHHHHPP
25,PHPPHPPHHPPPPPHHPPPHPPPPP
26,PHPPPHPPPPPPHPHPHPPPHPPPP
27,HPPPPHHPPPHPHPPHPPPPPPPPP
28,PHHPPPPHPPPPPHPHPPPPPPHPH
29,HHPPPPPPPPPPHPPHHPPHPPPPP
30,PHPPPPPPPPPPPPHPPHHPHHPPP
31,HPPHPPPPPPPPPHHPPHPPPHPPH
32,PPPPPPPPPPPHPHPPPPPPPHHHH
33,HPPPHPHPPPPPPPPPHHHPHPPPP
34,PPPHPPHHPPHPPHPPPPHHPPPPP
35,PPPPPHHPPPPPHPHHPPPPPPHHP
36,HPHPPPPPHPPPHHPPPHPPPPPPP
37,PPHHHPPHPPPPPPHPPPPHPPPPP
38,PPHHPPHPPPPPPPHPHPPPPPPHP
39,PPPPPHPHHPPPPPHHPPPHPPPHP
40,PPPHHPPHPPPHHPPPPPHHPPPPP
41,PHPPPPPHPHHHPPPPPHPPPPPHP
42,HPPPPPPPPPPPPPPPHPHHPPPHH
43,HPPPPPHPPHPPPPHHHPPHPPPPP
44,PPPPHPPPPPHHPPHPPPPPHHPPH
45,PPPPHHPHHPPHPPHPPPPPPHPPP
46,PHPPPHHPHPPHHPPPPPHPPPPPP
47,PPPHPPPPHPPPPHPPPPPHHHPPP
48,PPPHHHPPPPPPPPPHPHHPPHPPP
49,PPPHPHPHHPPPPHHPPHPPPPPPP
50,PPPHPHPPPPPPPHPPPHPPPHPHP
51,PHPPPPHPPHHPHPPPPPPHPPPPP
52,PPHPPPPPPPPHPHPHHPPPHPHPP
53,PHPHPPHPPHPPPPHPHPPPHPPPP
54,HHPPPPHPHPHPPPPPPHPPPHPPP
55,PPHPPHPPPPPPPPPHPPHHPPPPH
56,PPPHPPPHPPPPPHPPPPPPHHHPP
57,HPHPPHPPHHPPPHPPPPPPPPPPP
58,PPPPPHPPPHHPPPPPPPPPPHPHH
59,HPPPHPPHPPPPPHPPPPHPHPPPP
60,PPPPPPHHPPPPPPPPPHPPHHHHP
61,PPPPPPPPPPPPPHPPPHPHHPHPH
62,HPHPHHPPPPHPPPPPHPPPPPHPP
63,PPHPPPPHPPPHPPPPPHHHPPHPP
64,HHHPHPPPPPPPPPHPHPPPPPPPH
65,HPHPPHPPPPPHPPPPHPHPPHPPP
66,HPPPPPHPPPPPHPPHHHPPPPHPP
67,HPPPPPPHHPPPHPHPPPHPPPPPH
68,HPPPPPPPPPPPPHHPHHPPPPPPH
69,PPPPPPHHPHPPPPPPPPPHPPPHH
70,PPHPHPPPPPPPPPHHHPPPPPHPH
71,PPHPHPPHPPPPPHPPPPPPHPPHP
72,HPPPPHPPPPPHPHPPPPPHPPPPH
73,PHPPPHPPPHPPHPPPPHHPPPHPP
74,PPPHPPPPHHPPPPPPHPPPPPPHH
75,PPPPPPHHPPHPPPHPPHPPPPPHP
76,PPHPHHPPPPPPPPPPHPPHPPHPP
77,PPPPHPPPHPPPHPPPHPPPPPHPH
78,HPPHPPPPPPHHPPPPPHHPPHPPP
79,PHPHHHPPHPPPHPHPPPPPPPPPP
80,PPPPHHPPPPPHPHPPPPHPHPPPP
81,PPPHHPHPHPHPPPPPPPPPPHHPP
82,PPPHPPPPPHPHHHPHPPPPPHPPP
83,HHPPPPPPPPPPHHPPPHPPHHPPP
84,PHPPPPPHPPPHHPPHPPPPPHPPP
85,PHPPPPPPPHPPPHPHPPPPPHPHP
86,PPPPHPPPPHHPHHPPPPPPPPPHP
87,PPPPHPHPPPPHPPHPPHPPPHPPP
88,HHHPPPPPPHHPPPPPPPPPPPHHP
89,PHHPPPPPHPHPPHPPPHPPPPPPH
90,PPPPPPPPHPPHPPHHHPPPPPPHP
91,PPPPHPHPPHPPPPPPHPPHPPPPH
92,HPPHHPPPPPPPHPPHPPPPPHPPP
93,PPHPPHPPPPPPPHPHHPPPHHPPP
94,PPPHPPPPPHPPPPHPHPPPPHPHP
95,PPPPPHPHHPPPHHPPPHPPPPPPP
96,PPHPPPHPPHPPPPPPPHHPHHPPP
97,PHPPHHPPPPPPPPPHHHPPPPPPP
98,PPPHPHPPPHPPPPPPPHPPPPPHH
99,HPHPPHPHPPHPPPPPPPPHPPPPP
100,PPPPPHPPHPHPHPPPHPPPHPPPP
101,HPHHPPPHPPPPPPPPPPPPHPHPH
102,HPPPPHPHPPPHPPHPPHPPPPHPP
103,PPPPPPPHPHHPPPHHPHHPPPPPP
104,PHPHHPPHPPHPPPPPPPHPPPPPP
105,HHPPPHPPPPPPHPPHPPHHPPPPP
106,PPPPPPHPPHPPPHHPPPHHPPHPP
107,HPPPPPHPPHPHHPPPPPPHPPPPH
108,PPPPPPPPHPPHPHPHPPPPPPPHH
109,PHHPPHPPPPPPHPPPPPHPPPPPH
110,HPPHPPPHPPPPPPPPHHPPHPPHP
111,HPPPHPHPPHPPPHPPHPPHPPPPP
112,HPPPHPHPPPPPPHPPHPPPPPPPH
113,HPPPHPPPHPPPPPPPPHPPHPPHP
114,PPHPPPPHHHPPPPPPPHPPPHPPP
115,PHPHPPPPPPHPHPPHPHPPPPPHP
116,HHPPPPPPHPPPHHPHPPPPPPHPP
117,PHPPPPPHPPHPPPPPHPHPHPPPH
118,PPPPPHPPPPHPHHPPPPPPHHPHP
119,PPPPHPHPPPPHPHHHPPHPPPPPP
120,HPPHPHPHPPPHHPPPPPPHPPPPP
121,HPHPPPHPHPPPPPHPPPPPHPPHP
122,PHPHPPPHHPPPPHHPPPPPPPPHP
123,PHPPHPHHPHPHPPPPPPPPPPPHP
124,HHPHHPHPPPPPPPPPHPPPPPPPP
125,PPPHHPPPPPPHHHPPPPHPPHPPP
126,PPHPHPPPPPHHPHPPHPPPPPPPP
127,PHPPPHPHPPPPPHPHPPPHHPPPP
128,HPHHPHPHPPPPPPPPPPPHPPHPP
129,PPPPPPHHPHPPPHPPPPHPHPPPP
130,HPPPHPHPPPPPPHPPPHPPPPPPH
131,HPHPPPPPPHHPPPPPHHPPPHPPP
132,PPHPPPPPPPHHPPPPPPPHHPHHP
133,PPHPHPPHHPPPPPHPHPHPPPPPP
134,PPPPPPPHPHPPHHPHPPPHPPPPP
135,HPPPPPHPPHPPPPPPPHPPPPHPH
136,PPHPHPPPPPPHHPPPPHPHHPPPP
137,PHPPPPPPHHPHPPPHPPHHPPPPP
138,PPHPPPPPPHHPPPHPHPPPPHPPP
139,HHHHPPPPPPPPPPPPPPHPPPPHH
140,PPPPPHPHPPPPPPPHHPHHHPPPP
141,HPHPPHPPPPPPPPPHPHHPPPPPH
142,HPPPHPPPPPPPPHPPHHPPPHPPP
143,HPPPHHPPPHPPPPPPPHPPPPHPP
144,PPPPPHPPPHHPPPPPPHHPHPHPP
145,PPPHPPPHPPPHHPPPHHPPPPPPP
146,PPPPPHHPPPPHPHPPHPHPPPPPP
147,PPPPHPPPPHPPHHHPPPPPHPPHP
148,HPPPHPPPPHPPPPPHHPPPPHHPP
149,PPPPPHHHPPHPHPPPPPHPPPPPP
150,PPHHPPPPPPPHHPPPPPPPPHPPH
151,PHPPPPPPHPPPPPPHPPPPHHPHP
152,HPHHPPHPPPHPPPPHPPPPPPPHP
153,HPHPPHPPPPHPPPPPHPPPHPPPH
154,PPPHHPPPPHPHHPPPPPPHHPPPP
155,PPPHHPPPHHPPPPHPHPPPPPPHP
156,HPPPHPPPPPPPHPPHPPHPPPPHP
157,PPPPHPHPPHHPHHPPPPPPPPHPP
158,HPPHPHPPPPPPHPPPHPPPPPHPH
159,PPPPPPHHHPPPPHPPHPHPHPPPP
160,PPPHPPPPHHPPPPPPPHPHPPHPH
161,PPHPHHPHPHPPPPPPPPPPPHPPP
162,PPPHPPHPHPPPHPPPHPHPPPPHP
163,PPPPHHPPPPPHPHPHPPHHPPPPP
164,HPPPPPPPPPPPPHPHHHPPPPPPH
165,HPHPPPPPPHPPHPPPPPPPPPHHH
166,PPPPPPHHPHPHPPPPPHPPPPPPH
167,HPPPHPPPHPPPPPHPHHHPPPPPP
168,PPPPPPPPHPPHHHPHPPHPPPPPP
169,PPHPPPPHPPHPPPHPPHPHPPPPP
170,HPPPPPPPHPHPPPPPHHHPPPPPP
171,PHPHPPPPHPPPPHPPHPHPPPPPP
172,PPHPPHPPPPHPPPHPHHPPPPHPP
173,HPPPPPHHPPPPPHPHPHPPPPPPH
174,PPHPHPHPPPPPHPPPHPPPPPPPH
175,HPPPPPPPPPHPHHHPPPPPPHPPP
176,HPHPPHHPPPPPPPPPPPPPPHPHP
177,HPPPPPPPPPHPPPPHHPHPPPHHP
178,PPHHPPPPHPPHPPPPPPPPHPPPH
179,PHHPPHPPPPPPHPHPPHPPPPPPP
180,PPHPPHPPPPPPHPPPPPHPHHPPP
181,HPHPPPPHPPPPHPHPPPPPPPPHP
182,PPPPHHPHPHPHPPPPPPHHPPPPP
183,PPHPPPPPPHPPPPHPPPPHPPHHP
184,HPHPPPPHPPPHPPPHPPPHHPPPP
185,HHPPPPPHHPPPPPPPHPPPHHPPP
186,PPPPHPPHHPPPPPPHHHPHPPPPP
187,HPPPHPPPPPPHPHHHPPPPPPPHP
188,PHPPPPPPPPHHPPPPHHPPHPPPP
189,PPPPHPPHPHPPPPPPPHHPPPPHP
190,PHPPPPPPHPPPHPPPPHPHPPHHP
191,HPPHPPHPPHPPPHPPPPPHPPPPP
192,PPHPPPHPHPPPHPPPPPPHPPHPH
193,PPPPHPPPPHPPPHPPPHPPPPHHH
194,PHPPHPPPPPHPHPPPPPPPHHHPP
195,HPPHHPHPPPPHPPPPPHPPPPPPP
196,PPHHPPPPPPPPPHHPPPPHPHHPP
197,PHPPHHPPHPPHPPPPHPHPPPPPP
198,PPPPPHHHPPPPPPPPPPPHHPHPP
199,PPHPHPHPPPPPPPHPPPPHPPHPH
200,HHPPPPPPPPPPPHHPHPPPPPHHP
201,PPPPPHPHPHPHPPPPHPPPHPPPP
202,HPHPPPPHPPPHHPPPPPPPPPPPH
203,PHPPPHPPPPPPPPPHPPPHHHPPP
204,HPPPPPHHPPHPPHPPHPPPPPPPP
205,PHPPPPPHHPHPPPHHPPPPPPPHP
206,HHPPPPPPPPPPPPHHPHPPPPPHH
207,PPHPPHPPHHHPPHPPPPPPPPPHP
208,PPPPHHPPPPHPHPPHPPPPPPHPH
209,PPHPPPPPPPHPPHPPPPPHPPHHH
210,HPPPPPPPPHHPPPHPPPPHPPHPP
211,PPPPPHPPHPHHHPPPPPPPPPPHP
212,HPHPPHHPPPPPHPHPPHPPPPPPP
213,PPPHPPPPPPPPHHHPPPHPHPPPH
214,PPHPPPHPPPPHPPHHPPHPPPPPP
215,HPPPPPHPPHPHPPHPPPHPHPPPP
216,PPPHPPPHHPHPPPPPPHPHPPPPP
217,PHPHPPPPHPPPPPHPPHPPPPPHH
218,PPPPPPHPPPHPHPHPHPHPHPPPP
219,HPPPPPPPPPPPHPHHPPHPPHHPP
220,PPPPHPPHHPPHPPPPPPHHPHPPP
221,HHPHPPPPPHPPPPPPPPPPPHPPH
222,PPHHHPPPPPHHPPPPPHPPPPPPP
223,HPHHHHPPHPPPPPPPPPPPPPPPP
224,PPHPHPPHPHPPPPPPHHPPHPPPP
225,PPPPPPHHHPPPHPHPPPPPHHPPP
226,PPPPPHPPHPPPPHPPHPPPPHPHH
227,PPPHHPHPPPHPPPPPHHPPPHPPP
228,PPPPPHHPPHPPPPPPPPHPHPPHP
229,PPPPPPHHHPPHPPHPPPPHPPPHP
230,PPHHPPHHPPPPPHPPPPHPPPHPP
231,PPPPPPPPPHPPHHPPPHHHPPHPP
232,PPPHHHPPPPPPPHHHPPPPPPPHP
233,PPPPPPPHPPPPPPPPHHPHHPPPH
234,PPHPHPPPPPPPHHHPPPHPHPPPP
235,PPPPHHPPPHPPHPPPPHPHPPPHP
236,HPHPPPPPPHPPHPPHPPPPPHPHP
237,HPPPPPHPPPHPHPPPHHPPPPPPP
238,PPPPHPPHPHPPPHPHHPPPPPPHP
239,HPPPPHPPPHPHPPPPPPPPHHPPH
240,PPHPHHPPPHPPPPPHPPPHHPPPP
241,PPHPPPHPPPPPHPPPPPPHHPPHP
242,HPPPPPPPHHPPPPPPPPHPHHPHP
243,HPPPHPPHPPPPPPPPPPHHHPHPP
244,HPPHPPPPHPPPPPHPHHPHPPPPP
245,PPPHHPPHPPPPPPPPHPPPPHPHH
246,PHPPHHHPPPHHPPPPPPPPHPPPP
247,PPPPPHHPPHPPPPHPPPPPHPHPH
248,PHHPPHPPPPPPPPPPPHPPPHHHP
249,HPPPHPPHPHPHPPPPHPPPPPPPP
250,PPPHHPPPPPPPPPPHPPPHHPPPH
251,HHHPPPPPPHPPPHPPPPHPPHPPP
252,PHPPPHPPPPPHPPHHPPPPHPPPP
253,PPHHPHPHPPPPHPPHPHPPPPPPP
254,PPPHPHPPPPPHHPHPPPPPHHPPP
255,PPHPHPHPPPHPPPPPPHHPPPPPP
256,HPPPHPPPPHPPPHPPHPPHHPPPP
257,HPPPPHPPPHHPPPPPHPPHPHPPP
258,PHPPHPHHPPPPPHPPPPPHPPHPP
259,PHPPPPPPPPPPPHHPPPHPPPPHH
260,HHPPPHPPPPPHPHPHPPPHPPPPP
261,PHPPPPHPPHPPPPHPPPPPPPPHH
262,PPPPHPPHPPPHPPPPPPPPHHHHP
263,PPPPPHPPPPPHPHPPPHHPPPHPP
264,HPHPPPHPPHPPPHPPPPHPPPPPP
265,PPPPPPPHPHPPPPPPHPHHPPHHP
266,PPPPHPHHPHPHPPPPPPPPHPPPP
267,HHPHHHPPPPPPPPHPPPPPPHPPP
268,HPHHPPPPPPPPPPHPPPPHPPHPP
269,HPPPPPPPPPPPPPPHHPHHPHPHP
270,PPPPPHPHPPHPPHPPPHPHPPPPH
271,HHPPPPPPPPPHHHHPPPPPPPPPH
272,PPPHPPPPHHPPHPPPPPPHHPPHP
273,PHPHHPHPPPPPPHPPPPPPPPHPP
274,PPHPPPHPPHPPPPPPPHPPPPPHH
275,PPHHPPPPPPPPPHHPPPPPHPHPH
276,HPPPPPPHPPPPPPHPPHPPPHHPP
277,PHPPPPPHPPPHPPPHPPHPPHHPP
278,HPPHPHHPPPPPPHPPPPPPPHHPP
279,HHPPPPPHPHHPPPHPPPPPPPPPP
280,PPPPPPHPHPPHPPPPPHPHPPHHP
281,HHPPHPPPPHPPPHHPPPPPPPPHP
282,PHPPPHPHHPPPPPHPPHPPPPPHP
283,PHPPPHHHPHPPPPHPPPPPHPPPP
284,PHPHHPPPPPPHHPPPPPPPHPPHP
285,HPPPPPPHHPPHPHPPHPPPPPPPP
286,PPPPPPPPHHHHPPPPPPPPHPPHP
287,PPPPHPPPHPPPPPHPPPPHPHPHH
288,HPPHPPPPHPPHPPPHHPPPPPPPP
289,PPPHHHPPPPPPPPHPPPPPHPPPH
290,PHPPPPHPPHHPPHPHPPPPPPPHP
291,PPPPPHPPPPPPPHPPPHPPHHPHP
292,PHPPHHPPPHPPPPPPPPPHPPPHP
293,HPHHPPPPHPPPPPPPPHPPHPPPH
294,PHPPPPPHPPHPHHHPPPPPPPPPP
295,PPPPPPPPHPPHPHPPPPHHHPPPP
296,PPPPPPPPHPHPPPHPHPPPPHHHP
297,PPHPPPHPPPPHPPPHPPPHPPHHP
298,HPPHPPPPPPPPPPHPPPHPPPHPH
299,PPPPPPPHPHPPHPPPHHHPPHPPP
300,PHHHPPPPPPPHHHPPPPPPPHPPP
301,HPPPHPPPHPPPHPPHPPPPPPHPP
302,PPPPHHHPPPPPPPPHPPPPHPPHH
303,HPPPHPPHPPHPPPPHHPPPPHPPP
304,HPHPHHPPHPPPPPPPPPPPHPPHP
305,PHHPPPPPHHPPHPPPPPPPPPPHP
306,PPPPPPPHPPPPPPHPPPHHHHPPP
307,PPHPPPPHPHPPHPPPPPPPPHPHP
308,PPPPPPPPHHHPPPPPHHHPPPPPP
309,PPPHPPPPPPHPPHPHPHPPPHPHP
310,PPPPHHPHPPPHPPPPHPPPPPPPH
311,HPPHPPPPPHPPPHPPPPPHPHPPP
312,PHHPPPHPPPPHPPPPPPPPHHPPP
313,PPHPPPPPPPHHPPHPPPHPPHPHP
314,PPHPPPPPHPPHPPPHPPPPPPPHH
315,PPHPHPPPHPPPPHPPPPPHHPPPP
316,PPHPPPPPPPPPPHPPHPPHPPHPH
317,HHPPPPPPPPHPPHPPHPPHPPPPP
318,PPPPPHPPPPPPHHPPHHHPHPPPP
319,PPPHPPPPPHPHPHPPPPHPHPPPP
320,HPHPPPHPPHPPPPPPPPPPHHPPP
321,PHPPPHPPPPPPHHPPPPHPHPPPP
322,PPHHPPHHPHHPPPHPPPPPPPPPP
323,PPPPPHPHHPPPPPHPPHPPPHPHP
324,HPPPPHPPPPPHHPHPPPHPPPPPH
325,PPPPPPPPPPHPHPHPPPHPPHPHP
326,PPPPPHPHPHPPPPHHPPPPPPHPH
327,HHPPHPPHHPPPHPPPPPPPPPPPH
328,PPPPHHPPPHPPHPHPHPPPPPPPP
329,PHPPPPPHHPPPPPHPHHPPPPPPP
330,PPHPPPHPPPPPPPPHHPPPPPHHH
331,HPPHPHPPPHPPPPPHPPPPPHPPP
332,PPPPPPPPPHPPPPHHHHPHPPPPP
333,HPPPPPPPPPPPHPPPHHPHPPPHH
334,PPPPHPPPHPHPPPPPPPPHHPHPP
335,PPPPHPHPPHPPPPPPHHHPHPPPP
336,PHPPHHPHPPPPPPPPHHPPPPPHP
337,HPPHPPHPPHPHPHPPHPPPPPPPP
338,HHPHPPPPHPPPPPPPPPHPPPHPP
339,PHPHPPHPPPPPPPPHHHPPHPPPP
340,PHPHHPHPPPPPPPPPPHPHPPPPH
341,HPPPHPPPHHPHHPPPPPPPPPHPP
342,PPPPHPPHHPPPHHPPPPPPPPPHP
343,PHPPPHPPPHPPPPHPHHPPPPPPP
344,PPPPPPPPHPHHPPHPHPPPHPPPP
345,HPPHPPHPPHPHHPPPPPPPPPHPP
346,PHPPPPPPPHPHHPHHPPPPPPPHP
347,HPHPPPHPPPHPPPPPHPPPPHPPP
348,HPPPHPPHHPHPPPPPPPHPPHPPP
349,PPHPPPPHPPPPHPPPPHPHPHHPP
350,PPPPPHPPHHPHPPPPPPHPHPPHP
351,PHPHPPPPPPHHHPPPPPPPPPPPH
352,PHHPPPPPPHPHPPHPPPPHPPPHP
353,PPPHPPHHPPPHPPPPPHHPPPHPP
354,HPPPHPPPPPHPPPHPPHPPPPPHP
355,HHPPPPPPHPHPPPHPPPPPHHPPP
356,PHHPHPPPPPPPPPPPPHPHHPPPP
357,HPHPPPPPHPPPPPHPPHPPPPPPH
358,PHPHPPHPPPPPPHPPPPPPPPHHH
359,HPPHPPPPHPHPPHPPPPPHPPPPP
360,HPPPHHHHPPPPPPPPPPPPPHHPP
361,HPPPHPPHPHPPPHPPPPHPPPPPP
362,HHPPHPPPPPPPPHPHPPPPHPPPP
363,PPPPPPPPPPHPPPHHHPPPPHPHP
364,PPPPPPPPPHPHPHPPPPPHHPHHP
365,HHPPPPHHHPPPPPPPPPPPPHPPP
366,HPHPPHPPPPPPHPHPHPPPPHPPP
367,HPPPPHHPPHPPPPHPPPPHPPPPP
368,PPPPPHPHPPHPPHPHPPPPHPPPP
369,PPPPPHPPPPHPHHPPPPHHPPPPP
370,HPHHPPPHPPPPPPHPHPHPPPPPP
371,PHPPPPHPPHHPHPPPPPPPHHPPP
372,PHPPHPPHPPHPPHPPPHPPHPPPP
373,PHPPPPPPPPPPHHPPHHPPPPPHH
374,HHPHPPPPHHHPPPPPPPPHPPPPP
375,HPPPPPPPHPHPPPPPPPPPHPHPH
376,PHPPPPPPPPPPPPHPPPPPPHHHH
377,PPPPPPPHPPPPHPPHPHPPPHHPH
378,PPHPPHPPPPPPHHPHPPPPPHPPP
379,PPPHPPPPPPPHHPHPPPPHPPPHP
380,HPPPPPPHPHPPPPHPPPPPPHPHP
381,HHHHPPPPPPPHPPPPPPHPPPPPP
382,PPPPPPPPPPHHPPHPPPPHHPPPH
383,HPPPPHHPPPPPPPPHPPPPHHPPP
384,PPPHPPPPPHPPPPHPPHHPHPPPH
385,PHHPPPHPPPPPHHPPPPPPPPHPP
386,PPPPPPHHPPPPHPPPPPPHHHPPP
387,HPPPPHPHHPPPHPHPPPPHPPPPP
388,PPPPHPPPPPPHPPHPPPPHHHPHP
389,PPPHHPPPHPPPHPHHPPPPHPPPP
390,PPHPPPPHPHPPPPHHPHPPPHPPP
391,PPPHHHPPPPPPPHPPHHPPHPPPP
392,PPHPPPPHHPPPHHPPHPPPPPPPP
393,HPHPPPPPHPPPPPPPHHPHPPPPP
394,PHPPHPPPHPHPHPPPPPPHPPPPP
395,PHPHPHPPPPPPHPPPPPPPHHPPH
396,PHHPPPPPHPHPHPHPHPPPPPPPP
397,PHHPPHPPPPPPPPPPHPPHPPPPH
398,PPPPPPHHPHPPPHPPPPPPHPHHP
399,PPPHPPHPPPHPPHPPPPPHHPPPH
400,HPPPPPHHHPPPPPPPHPPHPPPPH
401,PHHPPHPPPPHPHHPPPPPPPHPPP
402,PHPHPHPHPPHPPPHPHPPPPPPPP
403,PPPHHPHPHPHPPPPPPPPHPPPPP
404,PPPPPHPHHPPPPPPHHHHPPPPPP
405,PPPHHPPPPHPPHPPHPPPPPHPHP
406,HPPPPHPPPPHPPPPPPHPPPHPPH
407,HPPHPPPPHHPPPPPPPPPPHHPHP
408,HHPPPPPPPPHPHPPPHPPPHPPPP
409,PPPHPPPHPPPPPHPPPHPHHPPPP
410,PPPPHHPHPPPPHPPHPPHPPPPHP
411,PPPPPPHPPPPPPHHPHPPPHPPHH
412,HPHHPPHPPHHPPPPPPPHPPPPPP
413,HPPPHPPPPPHPPPPHPPPPHHPPP
414,PPPHPPPPPPPPPPPHPPPHHPHHP
415,HPPPHPPPHPHHPPHPPHPPPPPPP
416,PHPHPPHPPPPPHPPHPHPHPPPPP
417,PHHPPPPHHPHPPPPHPPPPPPPPP
418,PHPPPHHPPPPPHPPPPPHPPPHPP
419,PPPHPPHHHPPPHHHPPPPPPPPPP
420,PPPHHPPPPPPPHPPPHPHPHPPPH
421,PPPPPPPHPHPPHHPHPPHPPPPPH
422,HHPHPPPPHHPPHPPPPPPPPPPHP
423,PPPPPHHHPPPPPHPHPHPPPPPHP
424,HHPPPPPHPPHPPHPHPPPHPPPPP
425,HPPPPPHPPPPPPHPPPPPPHPHHP
426,HPPPHPPPPPPHPPHPPHPPPPPPH
427,PPPPPPPHPPPPHPPPPHHPHPHPH
428,PPPHHPPPPHHPPPPPPPHPPPPHP
429,HPPPPPHPPPPPHHPPHPPPPHHPP
430,PPHPHPPPPPPHPPPHHHPPHPPPP
431,PHPPHPPPPHHHHPPPPPPPPPHPP
432,PHPPPPPPPPPHPPPPPPPHPHPHH
433,HPPHPHHPPHPPPPPPPPPPPPPHP
434,PPPPHPPPHPPPHPHPPPPPPPPHH
435,PPHPHPPPPPPHPPHPPPHHPHPPP
436,PPPPPPPPHHPPPPHPHHPPPPHPP
437,PPPHPPHPPPPPPPPHHHPPPPHHP
438,HPPPPPPHHPHPPHPPPPPHPPPPP
439,PHPPPHHPPPPPPPPPPPPHHPPPH
440,HPPPPPPHPHPPHPPPPHPPPPHPP
441,PPHPPPPHPPPHPPPPPPPHHPHPH
442,PPPPHHHPPPPPPHPPHHPPPPPPP
443,PPPPHPPPPPHHPHPPPHHHPPPPP
444,PPPHHPPPPHPPPPPPPPPHHHPPP
445,HPPPPPPPPHPPHHPPPPPPPPPHH
446,PPPHPPPPHPHPPPPHPPHHPPPPP
447,PPHPHPPPPHPHPPHPPPPPPPPHH
448,PPPPPPPHPPPHPHPPPPPHPHHPP
449,PPPPPPHPPPPHPPPPPPHPHPPHH
450,PPPHPHPHPPPHPHPPPHPPPPPPP
451,PPPPHPHPPHPPPPHPPPPPHPPHP
452,HPPHPPPHPHPPPPPPPPPHHPPPH
453,PPPHPPHPPPPHPPPPPPHHPHPHP
454,PPHHHPPHPPPPHPHPPPPPHPPPP
455,PHPPHPPPPPPHPHPPPPPPHHPPP
456,PHPPHPPHPPPHPPPPPPPPPHHPP
457,HPPPPHHHPPPPPPPPPPPHHPPPP
458,PHPPPPHPHPPHPPPPHPPHPPPHP
459,PPPPPHPHPPPPPPPHHHPPPPPPH
460,PPPPPPPPHHHPHPPPPPHPPPPHP
461,PPPHPHPPPPPPPPPHHHPPHPPPP
462,PPPPPHHPHHPHPPPPHPPPPPPPH
463,HPPPPPPHHPHPPHPPPPPPPHHPP
464,PPPHHPPHPPPPPPPHHPPPHPPPH
465,PHPPPPPPPPPPHHHPHPPPHPPPH
466,PPPHPPHHPPPPPPPHPPPHHPPPP
467,PPHHPPPPHPPPPPPPPPHPPPHHH
468,HPPHPHPPPPHPPPHPPPPPPPPHP
469,PPPPHPPHPPPHPHPPPPHPPPHHP
470,HPPPHPHPPPPPPHPPHPHHPPPPP
471,PPPPPPPPPHPHPPPHPPPPPHHHP
472,PPPPPPHHPHHPPPPPPHPPPPPHP
473,PPHPPHPPHHPPPHPPPPPHPHPPP
474,PHHPPHPPPPPPPPPPPPPPHHHPP
475,PPPHHPPPPHPPHHPHPPPPPPPPH
476,PHPPPHHHPPPHPPHPPPHPPPPPP
477,HHPHPPPPPPPHHHPHPPPPPPPPP
478,HPPPHPPPPPPPHPHPHHPPPPHPP
479,PPPPHHPPPPHPPPPHPPHPPHPPP
480,PPPPHHPPPPPPPPPHHHHHPPPPP
481,PHPHPPPPPPPPHPPPPHHHPPPPP
482,PPPPPHHPHPPPPHPPPPPHPPPHP
483,PPPPPPHHHHHPPPPPPPHPPHPPP
484,PHHPPPPHPPHPPPPPHPPHPPHPP
485,PPPPPHPPPPHPPPPPPHPPHHPPH
486,HPPHPPPPHPPPPHPPPPHPHPPHP
487,HHPPPHPHPPPPPHPHPPPPPPPPH
488,PPHHPHPHPHPPPPPPPPHHPPPPP
489,PPPPPPPPPHPHHPPPHHPPPHPHP
490,HPPPPPHPPPHPHPPPPHHPHPPPP
491,PPHPPPPPPPHPPPPHPPHHPPHPP
492,PPPPPPPPHHHPPPPPHPPHPHPPP
493,PHPPPPPPPHPPHPPPPHHPPPPPH
494,HPHHHPPPPPPPPPPPHPPPHHPPP
495,PPPPPPPPPPPHHPHHPHPPHPPPH
496,PPPPPPPPPHPHPHPPHHPPPPPHP
497,PPHHPPPHPPPHHPPPPPPPHPPPH
498,PHPPPPPPPPPHPPPPHPPPHPPHH
499,PPHPPPPPPHHPPPHHPPPPPPPHH
500,HPHPPPHPPHPPPPPPHHHPPPPPP
501,PHPPHPHPPPPPPPPPPHHPPPHPP
502,HPPPHPPHPPPPPHPPPHPPPHPHP
503,PPPPPHPPPPPPPHPHPPPPPHHPH
504,PHPPPPHHPPHPPPPHPPPPHPHPP
505,PPPPPPHHPHPPHPPPPHPPPPHPP
506,PPPPPPHPHPPPPPHPHPPPPHPHH
507,PPHHHPPPPHHPPPHPPPPPHPPPP
508,PHPPPPPPPPPPPPHHHPHHPPHPP
509,HHPPHPHPPPHPPHPPPHPPPPPPP
510,PPPPHPPPPPPHHHPPPPPPHPPHP
511,PPPPPPPPPHPPPHHPPHPPHPPHH
512,PPHHPPHPPPPPPPHPHPPPHPPPH
513,PPHPPPHHPPPPPPPPHPPHPPHPH
514,PHHPHPPPPPHPPHPPHPPPPPPPP
515,HHPPHHPPPPPHPPPPPHPPHPPPP
516,PPPPPPPHHHPHHPPHPPHPPPPPP
517,PPPHPHPPHPHPPPPPHPPPPPHPH
518,PPHPHPPPHPPPPPHPPHPHPPPHP
519,PPPPPHHHHPHPPPPPHHPPPPPPP
520,PPPPHPPHPPPHHPPPPPPPPHPPH
521,PHPPHPPPPPHPPHHPPPPHPHPPP
522,HPPPPPPHPPPPPPPHPHHHPPPPP
523,HHPHPPHPHPPPPPPPHPHPPPPPP
524,PPPPPHHPPPPPPHPHPPPPPHPHH
525,PPPHPPHPHPPPHPPPPHHHPPPPP
526,PPPPPPHPPPPPHPPHHHPPHPPPH
527,PPPHPHHHPPPHPPPPHPPPPPPPH
528,HPHPPPHPPHPPPHPPPHPHPPPPP
529,PPPPPPPPPHHPPPPPPHHHPPPPH
530,PPPPHHHPPPPHPPPHPPPPPHPPH
531,HPHPHPPPPPPPPPHPHPPPPPHHP
532,HHPPPPHPPPPPHPPHPPPPPPPHP
533,PHPPPPPPPPPHPPPHPHPPPHPPH
534,HPPPPPPHHPPPPPPPHPHPPPPPH
535,PPHPPPHPHPPPPPPPHPPPHPHPP
536,HPPHHPPPPPPHPPPPHPPPPPHHP
537,HPPPPPPPHHPPPPPPPHHPPHPPP
538,PPPHPPPPPHHPPHPPHPHPPPPPP
539,PHPPPPPPPPHPPPPPHPHPPPPHH
540,PHPHPPPPPPHHPPPPHPHPPPPPP
541,PHPPPPPPPPPPPHPPHPPPHHPHP
542,PPPPHHPPPHPHHPPPPHPHPPPPP
543,PPPPPPPPPHPPHPHHHPPHPPPPP
544,PHPPPPPPHHHPPPHPPPHPPPPPP
545,PHHPPPPPPPHHPPPPPHHPPPPPP
546,PHPPHPPHPPPPPHPPPPHHPPPPH
547,HPPHPHPHPPPPPHPPHPPHPPPPP
548,PPHHPPPPPHPPPHPPPPPPPPHHP
549,PHPPPPPHPPHPHHPPPPPPPHPPP
550,HHPPPHPPPPHHPPPHPPPPPHPPP
551,PPHPPPPHHPPPHPPPPPPPHPPPH
552,HHPPPPHPPPHPPHHPPPPPPPPPH
553,PHPPHPPPPPHPPHHPPPPHPPHPP
554,PPHPHHPPPPPPPPPHPPPPHPHPP
555,HPPPHPPPHPPPPPPPPHPPHPHPH
556,PPHPPHPPPPPHPHHPPHHPPPPPP
557,HHPPPPPHPPPPHHHPPPPPPPPPP
558,PPPHPPPPHHPPPPPPPHHPHHPPP
559,PHHPPHPHPPPPPPPPHPPHPPPPP
560,HPPPPPPPPPPPPPHPPPPHHHPHP
561,PPPHPPPPPHHPPPPHHPHPPHPPP
562,HPHPPPHPPPPPPHPHPHPPPHPPP
563,PPHPPHPPHHPPHPPPPPPPHPPPP
564,PHPPPPPPPHPPHPPHPPHPPPHPP
565,PPPPHHPHHPPPPPPHPPPPHHPPP
566,HPPHPPPPPPPHPHHPPPPHPPPPP
567,PPHHPHPHPPPPPPPPPHPHPPPHP
568,PPPPPPPPPPPPHPPHPPPHHPHPH
569,PPPHPPPPHPPPPHHPPPPPHHPPP
570,PHPPPPPHPPPPHHPPPPPHHHPPP
571,PPHHHPPPPPPPHPPPHPHPHPPPP
572,HPPPPPPHPHPPPPHPHPHPHPPPP
573,PPHPPPHPPPPPHPPHPPHPPHPPP
574,PPPPPHPHPHPPPHPHPPHPPPHPP
575,PPPHPHPPPPPHHPPHPHPHPPPPP
576,PPHHHPPHPPHPPPPPPPPHPPPHP
577,PPPHPHPPPHHHHPPPPPPPPHPPP
578,HPPPPPPHPPPPPPHHPPPHPPPHP
579,HHPPPHPPHPHPPPPPPPPPPPHPP
580,PHPHPPPPHPPPPPPPHPPHPPPHH
581,PPHPPPPPPHHHPPPPPPPPHPPHH
582,PPHPPHHPPPHHPPPHPPPPPPHPP
583,HPPHHHPPHPPPHPPPPPPPHPPPP
584,PPPPPPPHPHPPPPHPHPPHPPPPH
585,PHPPPPHHHHPHPPPPPPPPPPPPP
586,PPPHPHPHHPPHPPPPHPHPPPPPP
587,PHPPHPPPHPPPPPPHPHPPHHPPP
588,PPPPHHPPPPPPPPPPPPHPHHPHP
589,PPPPPPPPHPPHPHPPHHPPPPPPH
590,PPPPPHPPPPPHPPPPHPPHPPPHH
591,PPPPHPHPPPPPHHPPHPPPPPPHP
592,PHPPHHPPHPPPPPPPHPPHPPPPH
593,HPPHPPPPPPHPPHPPHPHPPPPPP
594,HPHPPPPPPPPPPHPPPPPHPPHHH
595,PPPPPHHPPPHHPPPPPPPPHHPHP
596,PPHPHPPPPHPPPHPPPPPPHPPPH
597,HPHPPPPHPPPPPPPPPPPPPHHPH
598,PPPHHPPHHHPPPHPPPPPPPPPPH
599,PHPPPHPHPPPPPPPHHHPPHPPPP
600,PPHHHPPPPPPPPHHPPHPPPPHPP
601,PPPPPPHPPHPPPHPPHHHPPPPPP
602,PPPPPPPPHPPHHPPPPPHPPPPHH
603,PPPPHPPPHPPPHPPHPPPPHPPHP
604,PPPPPPPPHPPHHPHHPPPPPPHPH
605,PHPPPHPHPHPPPPPPHPPPHPPPP
606,PPPPPPPPPHPPPPHPHHPHPPPHP
607,HPPPPHHPHPHPPPPPPHPPPPPPP
608,PHHPPPPPPPPHPPPHPHPPPHHPP
609,PPHPPPPHPPPPHPPHPPPPPPHHP
610,PHPPPPPPPHPPHPPPHHPPPPPHH
611,PPPHHHPPPPPPHPHPPPHPPPPPH
612,PHHHPPPPHHPPPPPPPPPHPPPPH
613,PPPPHHPPHPPHHPPPPPPPPPHHP
614,HPPPPHHPPPPPHPPPPHPPPPPPH
615,PHHPHPHPPHPHPPPPPPPPPHPPP
616,PHPHPPPPHPPPPHHPHPPPPPPPP
617,HHPPPPPHPPPHPPHPPPHPPHPPP
618,PPPPPPPPHPPHHPPPHHPPPPHHP
619,HHHPPHPHHPPPPPPPPPPPPPPPP
620,HHHPPPPPPHPPPPHPPPHPPPPPP
621,PHPPPPPPPPPHPPPPPHPHPPHHP
622,PHHHHPPPPPPPHPPPPPPPHHPPP
623,HPPPPHPHPPPPPPPPPHHHPPPPP
624,PPPPPPHPHPPPHPPPHPHHPHPPP
625,PPPPPPHPPPHPHHPPPHPHHPPPP
626,PHPPPPPHPHPPPPPHPPPPHHPPP
627,PHHPPPHPHPHPPHPPHPPPPPPPP
628,PHPPPHPPPHPPPPPPPHPPPPHPH
629,PPPPPPPPHHHHHPPPPPPHPHPPP
630,PPPPPPHHPPPHPHPPPPHHPHPPP
631,PPPHPPPPPPPHPPHPHPHPHPPPP
632,PPPPPHPPPPHPPPPPPPPHHHHHP
633,PHPHPPPPHPPHHPPPPPPHPPPPH
634,PPHHPPHHPPPPPHHPPHPPPPPPP
635,HPPPPPPPPPHPPHHHPPPPPPHPP
636,PPPPPPPHPPPPPPHPHPPPHHPPH
637,PPPPPPPHPPHPPHHPPHHPHPPPP
638,HHPHPPPPHPPPPPPPPPPPPHHPP
639,PPPPHPPPPPHPPHPPHPPPHHPPH
640,PHPHPPPPPPHPHHPPPPPPPPPHP
641,PHPHPPPHHPPPPHPPPPPPPHPPH
642,HPPPHHHPPPPPPPPPHPPPPHPPP
643,PPPHPPPPHPPPPPPHPHPPHHHPP
644,PPPHPPPPPPHPHHPPPPPPPPHHH
645,HHPPHPPPPHHPHPPPPPPPPHPPP
646,HPPPPHPPPHPHPHPPPHPPHPPPP
647,PHPPPPPPPPPPPHPHPHPPPHHPP
648,HPPPPPHPPPPHHPPPPPPHPHPPH
649,PPPPPPPPHPHPHPPPHPPPHPHHP
650,PPHPHPPPPHPHPPHHPPPHPPPPP
651,HPPPPPHPPPPHPPPPHHPPHHPPP
652,PPHPPHPPPPHPPHPHPPPPPPHPP
653,HHPHPPPPPPPPPPPHPPHHPHPPP
654,PPHPPPPPPPPPPHHPPPHPHHPPP
655,PHHPPPPHPHPPPPHPPHPPPPPPH
656,PHPPPPPPHHHPPHPHPPPPPPHPP
657,PPPPPPHPPPPHPHHPPHPPHHPPP
658,HPPPHPHPPHPHPPPPPHPPPHPPP
659,HPPPPPPPPPHPHHPPPPPPHHPPP
660,PPHPPPPPPPPHHHPPHPPPHPPPH
661,PPPPPHHPPPPHHPPPHPHPPPPPP
662,PPPPPPPPHPPPPHPPHPPPHPHPH
663,HPPHPPPPPHPHPPPPPPPPPPHPH
664,HPHPPHPPPPPPPPPHPHPPPHHPP
665,PPHPPPHPHPHPPHPPPHPPPPPHP
666,PPPPPPHPPHPPHPHPPHPPPHPPP
667,PPHHPPPPPHHPPPPPPPPPPHPPH
668,PPPPPPPPPPPHHPPPHHHPHPPPP
669,PPHPHHPPPHPHPPPPPPPPPPHHP
670,HPPPPPHPPHPHPPPPPPPHPPHPP
671,PPPPPHHPPPHPPPHHPHPHPPPPP
672,HPPPPPPPHPPHPHHPPPHPPPHPP
673,PHPPPPPPPPHPPHPHPHHPPPPPP
674,PPHPPHPHHPPHPHPPHPPPPPPPP
675,PPPPPHPPPPPPPHHPPPHPHHPPP
676,PHPHHPPPPPPPPHHPPPPPPPPHP
677,PPPPHPPHHPPPHHPPPPHPPPPPP
678,PPHHPPPPHHHPPHHPPPPPPPPPP
679,HHHPPPPPHHPPPPPPPPPPPHHPP
680,PHPPPPPPHPHPPPHHHPPPHPPPP
681,PHHPPPPPHPPHPPPPPHPPPPPHP
682,HHPPHPPPPPHPPPPHPPPPHPHPP
683,HHPPPPPPPPPPPPPPPHPHPPPHH
684,PPHPPPPHPHPPPHPPPHHPPPPPP
685,PPPHHPPPPPPPHHPHPHPPPPPPP
686,PPHHPHPHPPHPPPPPPPPHPHPPP
687,PHPPHPHPPPPPPPPHPPPHPPHPP
688,PPPPHHPPPPPPHPPHHHPPPPPPP
689,PPPPHPPPHHPHPPPPPPPPPHHPP
690,HHPHPPPPHPPPPPPPHPPPPPPPH
691,PPPHHPPHPPHPPPPPPPPPHPPHH
692,PPHHPPPPPHPHPPHHPPPPPPPPH
693,PHPHPPPPPPPHHPPPPHPPPPHPH
694,PPPPHPPPPHPPHPPPPPPHPHHPH
695,PPHPHPPPPHPPHPHPPPPPHPHPP
696,PPHPPPHHHPPHPPHPPPPPPPPPP
697,PHPPPPPPHHHHPPPPHPPPPPHPP
698,HPPPHPPHPPPHHHPPPPPPPPPPH
699,PPPPPHPHPPHPPHPHPPPPPPPPH
700,PPPPPPPHPPPHPPPHHPPHHPPPP
701,PPHPPHHPHPPPPPPPPHHPPPPPP
702,PPPPPHPPPPPHPPPPPHHPHPPHP
703,PPHPPPPHPPPPHPPPPHHPPHPHP
704,PPPHPPPPPPHPHPPHPPPPPPHHP
705,PHPPPPPPHPHHPPPPHPPPHPPPP
706,PPPPHPPPPPPPPHHPHHPPPPHPH
707,PPPPPPPPPPPHPPPHHPPPHHPPH
708,PPPHPPPPPPHPPPPHPPPPHPHHH
709,PPPHPPPHPHHPPPPPHPHPPPHPP
710,HPPPHPPPHPHPHHPPPPPPPPPPP
711,PHPPPPPPPPHHPHPHHPPPPHPPP
712,PPPPPHPHPHHPPHPPPHPPPHPPP
713,PPHPPPHHHPPPPPPPPPPHPPPPH
714,PPHPPPPHHPPPPPHPPPHPHPPPP
715,HHPPPPPHPPPPPPHHPHPHPPPPP
716,HPHPPPPPPPPHPPPPPHPPHPPHP
717,PPHPPPPHPHPPHPPPPPPPHHHPP
718,PPPHHPHPPPPPPPPHPPPPHPPHP
719,PPPPPPPHHHPHHPPPPPPPPPHHP
720,PPPPPPPPPPPHPPPHHPPHPHPPH
721,HPPPPPHPPPPPPPHHHHPPPPPPP
722,PPPHPPPPPPPPPPHHPPHPHPHHP
723,PHPPPPHPPPHPPPPPPPPHHPPHH
724,PPPHPHPPHPPPHPPPPPHPHPPHP
725,PPHPPPPPHPPPPHPPHHPPPPPPH
726,PPPHHPHHPPHPPHPPPPPPPHPPP
727,PHPPPPPHPPPPPPPPHHPPPHHPP
728,HPPPHPPPHPPPPPPPHPPHHHPPP
729,PPPPPPHPPPHPPHPPPPPHHHHPP
730,PPPPPPPHHPPPPHPPHPPPHPHHP
731,HPPHPHPPPPPPPPPHPHPPPHPPP
732,PPPHPPPHPPHPPPHHPPHPPPPPH
733,PPPPPPPHPPHPPHHHPHPPPHPPP
734,HHPPPPPHHPPPPHPPPPPPPPHHP
735,HPPHPPPPHPPHPPPPPPPHPPPPH
736,PPPPPHPHPHPHHPPPPPHPPPPPP
737,PHPHPPPHPPHPPPPPPPPHPHPPH
738,PHPPHPPPHPPHHPPHPPPPPPPPP
739,HPPPPHHPPHPPPHPPHPPPPPPPH
740,PHPHPPPPPPPHPPPPHHPHPHPPP
741,PHHPPPHPPPHPPPPPPPPPHPHHP
742,PHPPPPPPHPPPHPPHPPHPPPPHP
743,PPPPPPHPPPPHPPPHPPHPHPHHP
744,PPHHPPHPPPPHPHPHPHPPPPPPP
745,PPPPHPHPPPHPPHPPPPPPHHPPH
746,HPPPPHPPHPPPHPPPPPPHPPHPP
747,PHPPHHPHHPPPPPPPPHPPPHPPP
748,PPPPPPPHPPPPPHHPPHHPHPPPP
749,PHPHPPPPPPPHHPPPPPHPPHPPP
750,PPHPPHPPPPPHHPPPPPPPHPPHP
751,PHPPPPPHHHPHPPPPPPPPPPPPH
752,PHPPPPPPHPPPPPHPHPPHPPPPH
753,PPHPHPHPPPPPHPPHPHPPPPPPP
754,HHPPPPPPPPPPPPPHPHHHPPPPH
755,PPPPPPPPHHHHHHPPHPPPPPPPP
756,PPPPHPPPHHHPPPHPPPPPPHHPP
757,HPPPHPPPPPPHPPPHPPPPHPPPH
758,HPPHHPPPHPHPPHPPPPHPPPPPP
759,HPPPPPPPPPPHPHHHPPPPPHPPP
760,PHPHHPPPPPPHPPPPPPPPPPHPH
761,PPHPPPPPHPPPPHHPPPHHPPPPP
762,PPHPHPHPHPPPPHPPHPPPPPPPH
763,PPPPPHHPPPPPPHHPPPPPPPHPH
764,PPPPHHPHHPPPHPPHPPPPPPPHP
765,PPPPPHPPPPPPHHPHHHPHPPPPP
766,HPPPPPHPPPPHPHHHHPPPPPPPP
767,PPHPHPPPPPHPHPPPHPHPPPHPP
768,HPPPPPPPPPPPPPPHHHPPHHPPP
769,PPHPPPPPPPHHHHHPHPPPPPPPP
770,PPPPPHHPPHPHPHPPPHPPPPPHP
771,HPPHPPHPPPHPPPPPHHPPPPPPP
772,PPPPHPPHPPHPPPHPHPPPHPPPP
773,PPPHPPPHPPPPPPHPPPHPPPPHH
774,PHPPPPHHPPPHPPPPPPHPHHPPP
775,HPPPPPPPPPHPPHPPHHPPPHPHP
776,PPPPPPHHPHPHHPPPPPHPPPPPH
777,HPPPHPHPPPPPPPPHPPPPHHHPP
778,PHPPPPPHHPPPPHPPHPHHPPPPP
779,PPHPPPHPPPHPPPHPPPHPPPHHP
780,PHHPPPPHHHHPPPPPPPPPPHPPP
781,PPPPPPHPHHPPHHPPHPHPPPPPP
782,PHPPPPHHPPPPHPPPPHPPHPPPH
783,HPPHPHPHPPPPPPPPPHPPPHPPP
784,HPPPPPHPPPPPPPHPPHPHPPHPP
785,PPHPPHPPPPPPHPPPPHHPPPHPP
786,PHPPPPPHHPPHPPHHPPPPPHPPP
787,PPPPHPHHPPHPHPPPPPHPPPPPP
788,PPPHPPHHPPPPPHPHPPPPPPPPH
789,PPHPPPPPPPHPHHPPPPPHPPHPP
790,PPPHHPPPPPHPPPPPPHPPPHHPP
791,HHPPPPPPPPPPPHPHPHPHPPPPH
792,PPHPPPPPPHHPPHHHPPPPHPPPP
793,PPHPHPPPHPPHPPHPPPPPPPHHP
794,PPPHPPHPHPPHPHPPPPPPPPHPP
795,PPHPPHHPPHPPPHPPPPPHPHPPP
796,PPPPPHPPPPHPPPHPPPHPPHHPH
797,PPPHPPHPPHPHPPPHPPPPPPHPH
798,PPPPPPPPPPPHPPHHHPPPHPPPH
799,PHPHPPPHPPPPPPPHPPPHPHPPP
800,PPPPHHPHPHPPPPHPPPPPPPPHP
801,PHPPPPHHPPPPHPHPPPPPPPHPP
802,PPPPHHPHPHPPHPPHPPPHPPPPP
803,PHPHPPPPPHHHPPPPPPHPPPPPP
804,PHPPHPPPPPHPPPHHPPPPPPHPP
805,PHPPPPPHPHPPPPPPHPHPPHPPP
806,PPPPPPPPHPHHPHPPPHPPPPHPP
807,HPPHPPPHPPPHPHPHPPPPPPPPP
808,PHPPPHPHHPPPPHPHPPPPPPPHP
809,PHPPPPPPHPHPPPPPPPPPHHPHP
810,PPPPHPHPPPHHPHPPHPPPPPPPP
811,PPPHPHHPPHPPPPPHHPPPPPPPH
812,PPPHPHPHPPPPPPPPPPHHPHHPP
813,PHPPPPPPPPHPHHPHPPPPPPHHP
814,HHPHPPPPPPHPPPHPPPPPPPPPH
815,HPPPHPPPPPHPPHHHPHPPPPPPP
816,PPPPPHPPPPPPHPPHHPHHHPPPP
817,PPPPHPPPPHPHPHPPPHPHPPPPH
818,PPPPPHHPPPPPPPPHHPPHPHPHP
819,PPPPHHPPPHHPPHHHPPPPPPPPP
820,PPHPPPHPPPPHPPPPPHPPHHPPP
821,PPPPPPHPPHHPPPPHPHPPPHPHP
822,PPPPPPPHHHPHPPHPPHHPPPPPP
823,PPPPPPPPPHPPHPPHHPPHPPHPH
824,PHPPPPPPPHPPPPHPHPPPPPPHH
825,HPHPPPPPPHPPPPHPPHPPHPPPP
826,HPPPPPHPPPPPPHPPPPHPHPHPH
827,HPPPPPPPHHHHPPHPPPPPPPPHP
828,HPHPPPHPHPPPPPHPPHHPPPPPP
829,PHPPPHPPPPHPHPPPPPPHPPPHP
830,HPHHPPPPPPPHHPPHPPPPPPPPH
831,PPPPHPPPPHPPPHPHPHHPPHPPP
832,PPPPPPHPPPPHPHHPPPPPPHPPH
833,PPPHPPPPPPHHHPPPPPPHPPHPH
834,HPHHPPHPPPHPPPPPPPPHPPPPH
835,PPPPPPHHPPPPPPPPPPPHHHHPP
836,HPPPHHPPPPPPHPPPHHPPPPPPH
837,HPPPPHPHPPPHPHPPPPPPPPPHP
838,PPPPPHHHPPPPPHPHPPHPPPPPP
839,PPHPPPHHHHPPPPPHPPPPPPPPP
840,HPPPPPPHPPPPPPHPPPHHHHPPP
841,PPHHPPPPHPPPPPHPPPPHPPHPH
842,PPPPPPPHHHHPPPPPPPPHHPPHP
843,HHPPPPPPHPHHPPPPPHPHPPPPP
844,HPPPPPHPPPHPPHHPPPPPHHPPP
845,PPPPHPPHPPPPHPPPPPHPHPHPP
846,HPPPPPHPPPPPHPHPPPPPHPHPP
847,PPPHPHHPPHPHHPPPPHPPPPPPP
848,PPPPPPPPHHHPPPPPHPPPHPHPP
849,PHPPPPPPPHPHHHPPHPPHPPPPP
850,HHPHHPPPPPPHPPPPPPPHHPPPP
851,PPPPPHPPPPHPPHHPPHPPHPPPP
852,HPPPPPPHHPPPPHPPPPHPPPPPH
853,PPHPPPPPHPPPPHPPPHHPHPPHP
854,PPPPPHPPPPPPHPHPPPHHPHHPP
855,PPPPHHHHPPPHPPPPPPPHPHPPP
856,HPPHPPPPPPPPPPHHPPPPHPPPH
857,PHPHPHPPPPPPPPPPPPPPHPHHH
858,HHHPPPPPHPPPHPHPPPPPPHPPP
859,PPHPHPPPHPPPHPPPHPPPHPPPP
860,PPPHPHPPPPHPPHPPPPHPPPPHP
861,PPPPPPPPPPHPPPPPPHPHPPHHH
862,PPPPPPPHHPPPHPPPHPPPHHPPP
863,PPPPHHPPHPPPPPHHPHPPPPPPP
864,HPHPPPPPPPPPPPHHPPPHPPPPH
865,PPPHPPPPPPHPPHPPHPPPPPHHP
866,PPPPPPHPPPPPHPPPPHPPPHHHH
867,HPHPPPPPPPHPHHPHPPPHPPPPP
868,PHHPPPPPPHPPHPPPPPHPHHPPP
869,PPPPPPHPPPPHHPPHPHPPPPPHH
870,HPPPHPPPPPHPHHPPPPPHPPPPP
871,PPPHPHPHPPPPPPPPHPPPHHPPP
872,PPPPPPPPPPHPPHPPHPPHPPHPH
873,PPHPHPHHPPPPPPPPPPHPPPPHP
874,PHPHHPPHPPPPPPPPPPHPPPPPH
875,HPPHPPPPPPPPHPPPHPPHHPPPH
876,PPHPPPPHPPPPPPHPHPPHPPPHP
877,PPHHPPPPPPHPPPPPPPHHPHHPP
878,PHPPPPPPPHPHPPPHPPPHHPPPP
879,HHPPPPPPHPPPHPPPPPPPPHPPH
880,PPPPHPHPPPHPPHPPPHPPPHHPP
881,PPPHHHPPPPPPPPPPPHHPPHPPH
882,PPPPPPHHPPPPHPPHPHPPPHPPP
883,HPPPPHPPHPPPPPPHPPPPPHPPH
884,PPPHPPPPHHHPPPPPHHHPPPPPP
885,PPPPPPPPHPPPHPPHHPHPHPPPP
886,PPHHPPPPPHPPPPPPPPPHPHPHH
887,PPHPHPHPPHPHPPPPHPPPPPHPP
888,PPPHHHPPPPPHHPHPPPHPPPPPP
889,PPPPPHPPPPPPHHHHHPPPPPPHP
890,PPPPPPPPPHPPPHPPPPHPHPHPH
891,PPHPPPPPHHHPPHPHPPPPPPPPH
892,HPPHHPPHPPPPPPHPHPPPPPHPP
893,HHPHPPPPPPPPPHPPPPPHPHPPP
894,PHPPHPPPPPHHPPHPPPPPPPHPP
895,PPHPPHPPHPPPPHPPPPHPPPPHP
896,PPPPPPPPPPPPPHHPPPHPHHHPP
897,HPHHPPPPHPPPPPPPHPPPPHPHP
898,HHPPPPPPPPHPPPHPPHPPPPHPH
899,PHPPPPPPHPPPHPPPHPHHHPPPP
900,PPPPHPHPPHPPHPPPPPPPHPHPP
901,PHHPPPPPHPHPPPPPPPHPPPPHH
902,PPPHPHHPPPPPPPPPPPPPPHHPH
903,PPPPHPPPPHPPHHPPPPHPHPPPH
904,PPHPHPPPHPPHPHPPPPHPHPPPP
905,PPPPPHPPHPPPPHPPPPPHHHPPH
906,PPHPPHPPPHPHPPHPPPPPPPPPH
907,HPPPPHPPPPPPPPHPHHPPHPPPP
908,PPPPHHPPPHPPPPPPHHPPPPPPH
909,HPPPPPHHPPPHPPPPHHPHPPPPP
910,PPHPHPPPHHPPHPPPPHHPPPPPP
911,PPPPPHPPPHHPPPPHPPHPPPHPP
912,PPPHHHPPPHPPPPHPPPPPPPPPH
913,PPPPPHPPHHPPPPHPHPPPPPPPH
914,HPHPPPHPPPPPPPPPPPHPHPHPP
915,PHPHPHPPHPPPPPPPHPPPHPPPP
916,PPPPPPPHPPHHPPPHHPPPHPHPP
917,HPPPPPPPPHPHPPHPPPPHPPPHP
918,HHPPPPPPHPPPPHPPPPHHPPPPP
919,PHPPHPPPPHPPPPPPPPPHHPPHP
920,PPHHPPPHHPPPPPHPHPPHPPPPP
921,PPPPPHPHHPPPHPPPHPPPPHPPH
922,PPPPPPPPPPPPHPHPHHPPHPHPP
923,PHPHPPHHHPPPPPPPPPHPPPHPP
924,PPPHPPPPHPPPPHHPHPPPPPHPP
925,PPHHPPPPHHPHPPPHPPPPPPPPP
926,PPPHPHPPPHPPHPPHPPPPPPHPP
927,PHPPPPPPHPPHPHHPPPPHPPHPP
928,PHHPPPPPPHHPPHHPPPPPPHPPP
929,PPPHPPPPPHHHPPPPPPHPHPPPP
930,PHPPPPPPPPHPPHPPHPHPPHPPP
931,HPHPPPHPHPHPPPPHPPPHPPPPP
932,PPPPPPPPPHHPPPHHPPPHPHPHP
933,PPPHPPHPPPHPHPHPPPHPPPPPH
934,HPPPHPPPPHHPPPPPPHHPPPPPH
935,PHHPPPPPPPHPHPPPPPPHHPHPP
936,PHPPPPHPPPPHPPHPHPPPPPPHP
937,HPHPPPPHHPPHPPPPPPPHPPPPH
938,PHPHPPPPPHPPHPPPPPHPPPHPP
939,PPPHPPPHPPPHPPPPHPHPPPPPH
940,PPPPPPPPPHHHPPPHHPPPPHPPH
941,PPPPHPPPPPPPPPPHHPHHPPHHP
942,PPPPPPHHPPPPPHPPHPPPHPPPH
943,HPHPHPPPPHPPHPPPPPHPPPPPP
944,HHHPHPPHPPPPHPPPPPPPPPPHP
945,PPPPPHPPHPHPPPPHPPPPPHHPH
946,PPPPPPHPHPPPPPHHPPHHPPHPP
947,HPPPPPPPPHPHPPHPHPPPHPPHP
948,PPHHPPPPHHPPPPHPPPPPPPPPH
949,HHPPHHPPHPPPPPPPPPPPPPHHP
950,HPPHHPPHHPPPPPPPPPPHPPPPP
951,PPPHHPPPPHHPHHPPHPPPPPPPP
952,HPHHPPPHPPPPPHPPPPPPPPPPH
953,PPPPHPPPHHPPPPHPPPPPHHPPH
954,PPPHPHPPPPHPPHPPHPPPPPHPH
955,PPPHPHPPPPHPHPHPPHPPPPHPP
956,PPHPPPPHPPHPPPPHPPHPHHPPP
957,PHPPHPPPHHPHHHPPPPPPPPPPP
958,PPPHPPPPPHPHPPPPPPPHHHHPP
959,PPPPHPHPHPPPPHPPPHPPPPPHH
960,PHPPPPPPPPPPHHPPPPHPPPHHH
961,HPHPPPHHPPPHHPPPHPPPPPPPP
962,PPPPPPHPPPHHPHHPPPPPHPPPH
963,PPPHPPPPPPPPHPHPPPPPPHHHP
964,PPHHHPPPHPPPPPPPPPHHPPPPP
965,PPHPHHHPPPHHPHPPPPPPPPPPP
966,PPPPHPPHPHHPPHPHHPPPPPPPP
967,PPPHPPHPPPPPPPPHHPPHPPPPH
968,PPPHPPPHPPPPPPPPPPHPHHPPH
969,PHHPPPPPPPPPPPPPPPHPHHHPH
970,PHPPPPHPHPPPHPPPPPHPPPPHP
971,PHHPPPPHPPHHHPHPPPPPPPPPP
972,PHHPPPPPHPPPPHPPHPPPHPPPP
973,PPPHPPPPHPPPHPPPHHPPPPHHP
974,HPPPPHPPPPHHPPPPHPPPHPHPP
975,PPPPPPPHPPPHPHPPHPPHHPPPP
976,HPPPPPPPPHPHHPPPPHPPHPPPP
977,HPHPHPPPPHHHPPPPPPPPPPPPH
978,PPHPPPPPPHHPHPPHPPHPPHPPP
979,PPPPPPPPHPHPPHPPHHPPPPHPP
980,HPPHPPPPHHPPPPPPPPPPHHPPH
981,PPPPPPPHHPPPPHPHPHPPPHHPP
982,PHPPPPHPPPPPPHPPPHPPHPHPH
983,HPPPPHHPPPPPPPPPPPHPHHPPP
984,PPPPPPHPPHHPPPHPPPHHPPPPP
985,PPPPPHPPPPPHHPHHPPHPPPPPP
986,HPPHPPPPPHPPPPPPHPHPPPHPP
987,PPHHPPPPPPPPHPHPPPPHPHHPP
988,PPPPHPPPPPHPHPPPPHPHHPPPP
989,PPPPPPPHHPPHPHHHPPPPPPPPP
990,PHPPPHPHPPPPPPPPPHHPPPHPP
991,PPPPHPPPPPPHPPHHPHPHPPPPH
992,PPPPHHPHPPPPPPPPHPHHPHPPP
993,PPPPPHPPPHPPPPHPHHPPPPPHP
994,PHPPHHPPPHHPPPPPHPPPPPPPP
995,HPPPPHPPPPPPHPPPHPPHPHPPH
996,PPHHPHPPPPHPPHPPPPHPPPPHP
997,PPPPPPPPHHPPHPHHPPPHPPHPP
998,PHPPHPPHPPPPPPHHPPHPPHPPP
999,HPPPPPPHPPPHPPPPHPPPHHPHP
1000,HPPPPPHHHPPPPPPHPPPPPPHPP
1001,PPPHPPPHPHHPPPPPHPPPHPPPH
1002,PHPPPHPPPPHPPPHPPPPHPPPPH
1003,PPPHPPPPPPPPPPPHHPHPHPHPP
1004,HHPPPHPPPHPPPPPPPPPHHPPHP
1005,PPPPPHHPHPHPPPPHPHPPPPPPP
1006,HHPPPPPHPPHPHHPPPPPPPHPPP
1007,PPHPPPPPPPPHHPHHPHPPPPPPP
1008,HPPHPPPPHPPPPPPPPPPPHPHPH
1009,HPPPPHPHPPPPPPPPPPPPHHPPH
1010,HHPPPPPHPHHPPHPPHPPPPPPPP
1011,PPHHHPPPPPHPHPPPPPPHPPPPP
1012,HHPPHPPPHPHPPHPPPPPHPPPPP
1013,HHPPPPPPHPPHPPPPPHPPPHHPP
1014,PPPPPPHPPPPHPHPPHHHPPPPHP
1015,PPPPHPHPPPHHPPPHPPPHPPPPP
1016,PPHPPPPPHPPPPPPPHPHPPHHPP
1017,PPHPHPPHPPPHPPPPPPHHHPPPP
1018,PHPPPPPPPPHPPPHPPHPPPPHPH
1019,PPHPHPPHPPHPPPPPPPPPHPHPP
1020,HPPPPPPPHPPPHPHHPPPPPHPPP
1021,PPPPPPHPHHHPPPPPHPPPPHHPP
1022,PHPPPPHPHHPPPPHHPPPPHPPPP
1023,PPHHPPPHHPPPHPPHPPPPPPPPH
1024,PHPPPHPPPHPPPPPHPPHPPHPPH
1025,PPHPPPHPPPHPPPPPPPPHPHHPP
1026,PHPPPPPHPPPPPPPPPHPHPHHPP
1027,PPHHPPPPPHPPPHPHPPPPHPPPH
1028,PPPHPPPHHPPPPPPPPPPHPPHPH
1029,PPPPPPPPHPPPHPHPHPHPHPPPH
1030,PPHHPPPPHHPPPPPPPPHPHPPPP
1031,PHPPPPPPPHHPHPHPPPHPPPPPH
1032,PPPPHPPPHPPPHPPHPPPPHPHHP
1033,HPPPHPPPHPHPPPPPPPHPHPPHP
1034,PPPPHHPPPPHPHHPPPPPHPPPHP
1035,PPPHPHHHPPPPPHPHPPPPPPPPP
1036,PPHPHPPHPPPHPPHPPPPPPHPPP
1037,PPPPPHPPPPHPHPPPHHPPPHHPP
1038,PPHPHPPHHPPPPPPPPHPHPPPPP
1039,PPHPPPPPHPPHHPPPHPPPPHPHP
1040,HPPPPHPHPPPPPPPPPPHPHPHPH
1041,PPHHPHHPPPPPHPPPPHPPPPPHP
1042,PHPHPPPPPPPPPHPPPPHPPPHHP
1043,PHPHPPPHPPPPHPPPPPHPHPPPH
1044,PPPPHPPPPPPHPPHHPPHPHPPPH
1045,PHPPHHHPPPPPPPPPPHPPPPPHP
1046,PPHPHPHHPPPPPPHPPPPPPPHPP
1047,PPPHPPPPPPPPPHPHHHPPHPHPP
1048,PPHHPHPPPPPPPHPPPHPPHPHPP
1049,PHPPHPPPHPPPHPPPPPPHPHPHP
1050,PPPPHHPPHHHPPPPHPPPPPPPPH
1051,PHPPPPPPHPPHHPPPHPHPPPPPP
1052,PHPPHPPPPPPPHHPPPPPPHHPPP
1053,PPPHHPPPPPHHPPHPPPPHPPPPH
1054,PPPPPPPPHHPPPHHPHPPPPPPHP
1055,HPHHPPPPPPPPPPPPHPPHPHPPP
1056,HPHHPPHPPPPHHPPPPPPHPPPPP
1057,PPPPPPPPHPPPPHPHHPHPPPPHP
1058,PPPPPPPHPPPPPPHPHHHPHPPPH
1059,PHPHPPPHHPPPPHPPPPPPPPHPP
1060,PHPPPHPHHPPPPPPPPPHPPPHPH
1061,HHPHPPPPPPPPPHPHPPPHHPPPP
1062,PPHPPPPHPPPPHPPPPPPHHPPHH
1063,PPPPHPPHPPPHHPHPPPHPPPPPP
1064,PPPPPPHPPHPHPHPHHPPPPPPHP
1065,PPHHPPPHPPHPPPPPPPHPPHPPP
1066,PHHPPPHPPPPHPPPPHPPPPPPPH
1067,HPPPHPPPPPHHPPPHHPPPPPPPH
1068,PPPPPPHPHPPPPPPPPPHPPPHHH
1069,PPPPPPHPPPPHHPHPPHPPPPPHH
1070,HPHPPHPHPPPPPPPPPPPHHPPHP
1071,HPHPPHPPHPPPPPPPPPPPHPPHP
1072,PPPPPHHPHHPPPHPPPPPPPHPPH
1073,HPHHPHHHPPPPPPPPPPPPPHPPP
1074,PPPHPPPPPPHPPHPPPHPHHPHPP
1075,HHPHPPPPHPPPHPPHPPHPPPPPP
1076,PPPPHPPPPPPPPHPPPHPHHPPPH
1077,HPHPPPPPPPPHPPPPPHPPPPHPH
1078,PPHPPPHPPPHPPPPHPPHPPPPPH
1079,PPHPPPHHPPHHPPPPPHPPPPPPP
1080,PPPPPHHPPHPPPHHPPPPPHPPPP
1081,HPPPPHPPPPHHPPHPPPPPHPPPP
1082,PPHPPHPHHPPHPPHPPPPPPPHPP
1083,PPPPPPHPPHPPHPHPHPPPPPHHP
1084,HPHHPPPPPHPPPPPPPPPPPHPPH
1085,PPPPPPPPPPPPHHPHPPPHPHHPP
1086,HPPPPHPPHHPPPHPPPPPHPPHPP
1087,PHPPHPPPHHPHPPPPPPHPPPPHP
1088,HPPHPPPHPPPHPPPPPHPPPPPHP
1089,HPPPHPPPPHPPHHPPHPPPPPPHP
1090,PPPPPHPHHPPPPPPPHPPPHPHPP
1091,PHPPHPPHHHPPPPPPPHPPPPPPP
1092,PPPPHHPPPPHPPPPPHPPHHPHPP
1093,HPHHPPPPPPPPPPPPPHPPHPPHP
1094,HPHPPPPPPPPHPPPHPPPPHHPPH
1095,PPHPPPPPPHHPPPPPHPPHPPPHP
1096,PPPPPPHPPHPPPHPPHHPHPPHPP
1097,PHPPPPPPPHPHPHPPPPPPPPPHH
1098,PHPPPPPHPPPHPPHPPHPPPPPHH
1099,PPPPPPHHPPHPPPHPPPPHPHPPP
1100,HPHPPHPPPHPPPHPPPPPPPPPHP
1101,PPHPHHPPHPPHPPPPHPPPPPPPP
1102,HHPPPPPPPPHHPPPPHPPPPPHPP
1103,HPPPPPPPHPPPPPPPPPHPHHPPH
1104,PPPPHPPPHPPHPPPPHPPPPPHHP
1105,PPPHPHPPPPHHPPPPPPHPPPPHP
1106,HHPPPPPPPPHPHPPPPPPPPHHPP
1107,PPPPHHHPPHPPHPHPPPPPPPPPH
1108,PHPPHPPPPPPPPHHPHHPPPPPPP
1109,PPPHHPPPPHHHPPPPPPPPPPPHP
1110,PPHPPPPPPPPPPHHPPPHPHPHPP
1111,PPPHPPHPPHPPPHHPPPPPHPHPP
1112,PHPPHPPPPPPHPHPPPPPPPPPHH
1113,PPPPPHPPPHHPPPHHPPPHPPHPP
1114,PPHPPPHPPHPPHPHPPPPPHPPPH
1115,PPHPPHHPPHPPPPPPPPHPHPPPH
1116,HPPPPPHPPPHPPPHPPHPPPPPHP
1117,PPHPPPPPHHPPPPPPHPPHPHPPH
1118,HPHPPPPPPPPPPPPHPPPPPHPHH
1119,HPPPPPHPPHHPPHPPPPPPPPHPH
1120,PPPHPPPPPPPPPHHPPHPPPHPHP
1121,PPHPPPPPPHPHPPPPPPPHPHPHP
1122,PPPPHHPHPPHPHPPPPHPPPPPHP
1123,PHPPHPHPPPPPPHPPPPPHPPPHP
1124,PPPPPPPHHPPPPHPPPPHPHPHPP
1125,PPPPHHPPPPPPPHHPHPPHPPPPP
1126,HPPPPHPHPPPPHPHPPPPPPHPPH
1127,HPHPPPPHPPPHPPPHPHPPPPPHP
1128,HPPPPPPPPPPPPHPPPHHHHPPPH
1129,PPPPPPPHPPPPPPHHPPHHHPPPH
1130,HPPPHHPPHPPPHPPHPPPPHPPPP
1131,PHHPPPPHHPPPPHPPPPPPHPPPP
1132,PHPPPPHHPPPPPPPPHPPHPPPHP
1133,PPPHHPPPPPPPHPHPHHPPPHPPP
1134,HHPPPPPHHPHPHPPPPPHPPPPPP
1135,HPHPPPHPPPPHPPPHPPPPPPHPH
1136,HPPHHPPPPHPPPPPPPPHHPPPPP
1137,PHPPPPHPPPPPPPPPHPPPHHPPH
1138,PPPPHHHHPPHPPPPPPHHPPPPPP
1139,PPPPPHPPPHPHPHHPHPPPPPPPH
1140,PPPHPPPPPPPPPPPHHPPPHPHHP
1141,PPPPPHPPPHPPPHPPPHPPPPHHH
1142,PPHPPPPHPPPPPPHPHPPHPHPHP
1143,PPPPPPHHHPPPPPHPPPPPPPPHH
1144,PPHPPPPHPHPHPPHHPHPPPPPPP
1145,PPPHPPPPPPPHPHHPHPPHPPPPP
1146,PPHPPPPPPHHHPHPHPPPPPPPPH
1147,PPPHPPPPHHHPPPPPPHPPPPHHP
1148,PHHPPHPHPPPPPPPHPHPPPHPPP
1149,PPPPPPPPHHPPPPPPPPHPPHHPH
1150,HPPHHPPHPHPPPPPPHPPPPPPPH
1151,PHPHHPPPPPPPPPPPPHHPPHPPP
1152,PPPPPPPPHHPHPPHPHHPPPPPPP
1153,PPHHHPPPHPPPPPPPHPHPPPHPP
1154,PPHPPPPHPPPPPPHPPPHHHPPPP
1155,PPHPHPPPPPPPHHHPPPPPPPPHP
1156,PPHPPPPPHPPPHPHPPPHHHPPPP
1157,HPPPPPPPHPHPPPPHPHPPHPPPP
1158,PHPHPPPPPPPPPPPPHHPHHPHPP
1159,HHPPPPHHPPPHPPPHPHPPPPPPP
1160,HPPPPHPPPPPHPPPHPPHPHPPPP
1161,HHHHPPHPPPPPHPPPPPPPPPPPP
1162,PPHPPPHPPPPHHPPPPPPPPHHPP
1163,HPPPPHPPHPHPPPPPHPPHPHPPP
1164,HPHPPPPPPPPPPHPPHPHPPPHHP
1165,PPPPHPPPHPPPHPHPPPHHPPPPP
1166,PPPHPHPPHHPPPPPHHPHPPPPPP
1167,HPHPHPPHPPHPPPPPPPHHPPPPP
1168,PHPPHPPHPPPHPPPPHPPPPPPHH
1169,PHHPPPPPPPHHPPPHHPPPPHPPP
1170,PPHPHPHPPPHPPHPHPPPPPPPPP
1171,PPPPHHPPPPPPHPPPHHPHPPPPH
1172,PPPPPHHHPPPPHPPHPPPPPHPPH
1173,PPPPPPPPPHPPPHPHHPPPHPPPH
1174,HHPPPHPPHPPHPPPHPPPPPPPPP
1175,PPPPPPHPHPHPPPPPPHPPPPHPH
1176,HPHPPPPHHPPPPPPHPPHHPPPPP
1177,PPPPHPPPPHHPPPHPPPHPPHHPP
1178,PHHPHHPPPPPPPHHPPHPPPPPPP
1179,HPPPPPPPPHPPPHPPPHPPHPPPH
1180,PPPPHPPPHPPPHHPHPPPPPPHHP
1181,PHPHPPPPPPHHPPHPPPPHPPHPP
1182,HPPPPPHPPHPPHPPPPHPPPHPHP
1183,PPHPPHPPPPPPPHPPHPHPPHPPP
1184,HHPPHPPHPPPPPPPHHPPHPPPPP
1185,HPPHPPPHHPPPPPHHPPPPPPPPP
1186,PHPPHPPPPPPHPPHPPPPPPPHPH
1187,PPPPPHPPPPPPHPPPHHPHPHPPH
1188,PPPPPPHPHPPHPPHPPPPHPPPHP
1189,PHPPPPPPPPPHHPPPPPPHPPHHP
1190,PPPHPPPHHPHPHPPHPHPPPPPPP
1191,HPPPHPPPPPPHPPHPPPHPHHPPP
1192,PPPPPHPPPPPHPHHPPPHPPPPPH
1193,PHPHHPPPPPHHPPPHPPPPPPHPP
1194,PPHPPPPPPPHPPPPHHPHPHPPPP
1195,PPPHPPPPHPPHHHPPPPPPPPHHP
1196,HPPHPPPPPPPHPHPHHPPPPPPPP
1197,HPHPHPPPPHPPPHPPHPPPPPPPH
1198,PPPHPPPPPHHPPPPPHHPPPHPPP
1199,PHPPPHPPHPPPPPPHPPHPPHPPH
1200,HHPPPHHPPPPPPPPPPPHPPPPHP
1201,HHPPHPPHPPHPPPPPPPPPPPPPH
1202,PPPPPPPHPPHHPPPHHPHPPPPHP
1203,PPPHHHPPPHHHPPPHPPPPPPPPP
1204,PPPPPPHPPHPHPHPHPHPPPPPPP
1205,PPPPHPPPPPHPPPHHPHHHPPPPP
1206,PHPPHPPHPPPPPPPPPPPHPHPPH
1207,PHPPPHPHPHHPPPPPHPPHPPPPP
1208,PHPPPPPPHPPPPPPHHPPPPPPHH
1209,PPPPPPPPHPHPPPHPHHPHHPPPP
1210,HPPPPPHHPHPPPPPPHPPPPPPPH
1211,HPPPPPHPPPPHPHHPHPPPHPPPP
1212,PHHPPPPPPPHPPHHPPPPPPPHPP
1213,PHPPPPPPHHHPPPPHPPPPPHPPP
1214,PPPPPHPHPPPPPHPHPPHPPPHPP
1215,PPPPHPPPPPHPHPPPHHPPPPPHP
1216,HPPPPPPPHHHPPHPHPPPPPPPPH
1217,PPPPHPPPPHPPPPPPPPHPHHHPH
1218,HPPPPPPPHPHHPPHPHPPPHPPPP
1219,HHPPPPPHPHPPPPPPHPPPHPPPP
1220,PPPHPPPHPPPPHPPPPHHPHPPPP
1221,PHPPHPPPHPHPPPPPPPHHPPPPH
1222,PPPPPPPPHPPHPPPPPPPHHHPPH
1223,PHPPPHHPHPPPPPHPPPPHPHPPP
1224,PHPHPPPPHHPPPPPPPPPPPHHHP
1225,PHPPHPPPPPPHHPHPPPPHPPPPH
1226,PHHPHPPPPPPHPPPHPPPPPHPPH
1227,PPPPHPHPPPPPPPPPPPPHPHHHP
1228,PPPPPHPPPPHPHHPPPPPHPPHPP
1229,PHPPPHHPHPHPPPHPPPPPPPHPP
1230,HPHPPHPPHPPPPPPPHPPHPPPPP
1231,PHPPPPPHHPHHPPHHPPPPPPPPP
1232,PPPPHPHHPHPPPPPPPPPPPHHPP
1233,HPPPPHHPPPPHHPPPPPPPPHPPP
1234,PPHPHPHPPHPPPHPPHPPPPPPPP
1235,HPPHPHPPPPPPPPPHPPHHPPPHP
1236,PPHPPPPPHPPPPPPHPPHPPHHPP
1237,PPPPPPPPPHHHPPPHPPHPPPPHP
1238,PPPHPPPPPPHHHPPPPPPPPHHPH
1239,PHPPPPHPPPHPHPPPPPHPPHPPP
1240,HPPPPPPPHPHHPPPPPHPPPPPPH
1241,PPPPHPPHPPPPPHPPHPPHPHPHP
1242,PHPPHHPPHPPPPPPPPPPPPPHHP
1243,PPHPHPHPPPPPPPHHPHPHPPPPP
1244,PHPPHPHPHPPPPHPPPPHPPPPPH
1245,HPHPPPPHPPPHPPPPHPPPPPPPH
1246,HHPHPPPHPPPPPPPHPPHHPPPPP
1247,PHPPHPPPPHHPPPPHHPPPPPPHP
1248,HPPPPHPPPPPPPPHHPPHPPPHPH
1249,PPPPPHPPPPPHPPPPPPPHHHHHP
1250,PPPPPHHPPHPHPPPPHHPPPPPPH
1251,PPHPPPPPHPPHPPHPPPPPHHPHP
1252,HPPHPPPPPPHHPHPPPPPHPPPPP
1253,PHPHHPPPHPPHPPPPPPPHHPPPP
1254,PHPPPPHHHHPPPPPPPPPHPHPPP
1255,HPPPPPPPPPPHPPHHPPPPHHPPP
1256,PHPPHHPPPPPPHPPPPPPPPHHHP
1257,HHPPHPPPPPPPPPPPPPPPHHPHH
1258,HHPPPHPPPHPPPPPPPHPPPPPHP
1259,PPPPHPPPPPPPPPPPHHHPPHHPP
1260,PPPPPPPHPPHPPHPPHHPPPPHPH
1261,HPPPPPPPPHPPHPHPPPPPPHPHP
1262,PPHHHPPHHPPPPPHPPPPPPPHPP
1263,PPPPPPPPPPPPPHPHPPHHHPHPH
1264,HPPPHPHPHPPHHHPPPPPPPPPPP
1265,PPHPHPPPPPPPPPPHHHPPPPHPP
1266,HPPPPHPPPPPPHPHHPPPHPPHPP
1267,PPPPPPHPPPPHPHPPHHHPPPPPP
1268,PHPHPPPPPPPPPPHPPHPPHPHPP
1269,PPPHPPHHHPPPPHPPPPPHPPPPP
1270,HHPPPPPPHPPPPPHHPPHPPPHPP
1271,HPPPPPHPPPPPPPPHHPPPPHPPH
1272,PPPPHPHPPPHPPPPPPHHPPHPPH
1273,PPPHPPHPPPPHHHPHPPPPPPPPP
1274,HPPPPHPPPPPPPPPPHPPHHPHPP
