id,sequence
0,PPPPPPPPHPHPPPPPPPPPPPPPP
1,PHPPPPPPPPPPPPPPHPPPPPPPP
2,PPPPPPHHPPPPPPPPPPPPPPPPP
3,PPPPPHPPPPPPPPPPPHPPPPPPP
4,PPPHPPHPPPPPPPPPPPPPPPPPP
5,PPPPPPPPPPPPPPPPPHPPPPPPH
6,PPPPPPPPPPPHPPPPPPPPPPPHP
7,PPPPPPPHPPPPPPPPPPPPPPHPP
8,PPPPPPPPPPPPPHHPPPPPPPPPP
9,PHPPPPPPPPPPPPPPPPPPPPPPH
10,PPPPPPPPHHPPPPPPPPPPPPPPP
11,PPHPPPPPPPPPPHPPPPPPPPPPP
12,PPPPPPPPPPPPHPHPPPPPPPPPP
13,HPPPPPPPPPPPHPPPPPPPPPPPP
14,HPPPPPPPPPHPPPPPPPPPPPPPP
15,HPPPPPPPPPPPPPPPPHPPPPPPP
16,PPPPPPPHPPPPPHPPPPPPPPPPP
17,PPPPPPPPPHPHPPPPPPPPPPPPP
18,PPPPPPPPPPPPPPPPPPHPPPPHP
19,PPHPPPPPPPPPPPHPPPPPPPPPP
20,PPPPPPPPPPHPHPPPPPPPPPPPP
21,PPPPPPPPPPPPPPPPPPPPHPPHP
22,PPPPPPPPPPPHPPPPPPPPPPPPH
23,PPPPPPPPPPHPPPPPHPPPPPPPP
24,PPPPPPPHPPPPPPPPPPPPPPPHP
25,HPPPPPPPPPPPPPPPPPPPPPHPP
26,PPPPPPPPPPPPPHPPPPPPPPPHP
27,PPPHPPPPPPPPPPPPPPHPPPPPP
28,PPPPPPPPPPPPPPPPHHPPPPPPP
29,PPPPPPPPPPPPPHPPPPHPPPPPP
30,PPPPPPPPPPPPPPPHPPPPPPPPP
31,PPPHPPPPPPPPPPPPPPPPPPHPP
32,PPPHPPPPPPPPPPPPPPPPPPPPH
33,HPPPPPPPPPPPPPPPPPPPPPPHP
34,PPPPPPPPPHPPPPPPPPPPPPHPP
35,PPPPPHPPPPPPPPPPPPHPPPPPP
36,PPPPPPPPPHPPPPHPPPPPPPPPP
37,PPHPPPPPPHPPPPPPPPPPPPPPP
38,PPHPPPPPPPPPHPPPPPPPPPPPP
39,PPPPPPPPPHPPPPPPPPPPPPPPH
40,PPPHPPPPPPPPPPPPPPPPPHPPP
41,PPPPPPPPPPPPPPHPPPPPPHPPP
42,PPPPPPPPPPPPPPPPPHPPPHPPP
43,HPPPPPPHPPPPPPPPPPPPPPPPP
44,PHPPPPPPPPPPPPPPPPPPPPPHP
45,PPHPPPPPPPPPPPPPPHPPPPPPP
46,PPPPPPPPHPPHPPPPPPPPPPPPP
47,PPPPPPPPPPPHPPPPPPPPPHPPP
48,PPPPHPPPPPPPPPPPPPPPPPHPP
49,PHPPPPPPPPHPPPPPPPPPPPPPP
50,PPPPPPPPPPPPPPPPPPPPPPHHP
51,PPPPPPPPPPHPPHPPPPPPPPPPP
52,PHPPPPHPPPPPPPPPPPPPPPPPP
53,PHHPPPPPPPPPPPPPPPPPPPPPP
54,PPPPPPPPPHPPPPPPPPPPPPPPP
55,PPPPPPPPPPPPHPPPPPPPPPPPP
56,PPPPPPPPPPPPPHPPPPPPPPHPP
57,HPPHPPPPPPPPPPPPPPPPPPPPP
58,PPPPPPPPPPPPPPPPPPPHPHPPP
59,PPPPHPPPPHPPPPPPPPPPPPPPP
60,PHPPPPPPPPPPPPPPPHPPPPPPP
61,PPHPPPPPPPPPPPPPHPPPPPPPP
62,PPPPPPPPHPPPPPPPPPPPHPPPP
63,PPPPPPPPPPPPPPPPPPPHPPHPP
64,HPPPPPPPPHPPPPPPPPPPPPPPP
65,PPPPPPPPPPPPPHPPPPPPPPPPH
66,PPPPPPHPPPPPPPPPPPPPHPPPP
67,PPPPPPPPPPPPPPPHPPPPPPPHP
68,PPPPPPPPPPPPPPPPHPPHPPPPP
69,PHPPPPPPPPPPPPPPPPPPHPPPP
70,PPPPPPPPPPPPPPPPPPPHPPPHP
71,PPPPPPPPPPPPPPPPPHPPHPPPP
72,PPPPPPPPPPPPHPPPPPPHPPPPP
73,PPPPHPPPPPPPPPPPPPPPPPPPP
74,PPPPPPPPHPPPPPPPPHPPPPPPP
75,PPPHPPPPPPPPPPPPPPPPHPPPP
76,PPPPPPPPPPPPPPHPPPPPPPPPH
77,PPPPPPPPPHPPPPPHPPPPPPPPP
78,PPPPPPPPPPPPPPPHPPPPPPPPH
79,PPPPPPPPPPPPPPPPPHPPPPPPP
80,PPPPHPPPPPPPPPHPPPPPPPPPP
81,PPPPPPPPHPPPPPPPPPPPPPPHP
82,PPPPPPPPPPPPPHPHPPPPPPPPP
83,PPPPPPPPPPPPPPHPPPPHPPPPP
84,HPPPPPPPPPPPPPPPPPPPHPPPP
85,PHPPPPPPPPPPPPPPPPPHPPPPP
86,PPPPPPHPPPPPPPPPHPPPPPPPP
87,PPPPPPPPPPPHPPPPHPPPPPPPP
88,PPPPPPPHPHPPPPPPPPPPPPPPP
89,PPPPPPPPPPPPPPPPPPPPHPHPP
90,PPPPPHPPPHPPPPPPPPPPPPPPP
91,PPPPPPPPPPPPPPPPPHPPPPHPP
92,PPPPPPPPPPHPPPPPPPPPPPPPP
93,PPPPPPPHPPPPPPPPPHPPPPPPP
94,PPPPPHPPPPPPPPPPHPPPPPPPP
95,PPPPPPPPPPPPPPPPPPPPPHPPP
96,PPPPHPPPPPPPPPPPPHPPPPPPP
97,PPPPPPPPPPPPPPPPPPPHPPPPP
98,PPPPPPPPHPPPPPPPPPPPPPPPP
99,PPPPPHPPPPPPPPPPPPPPPPPHP
100,PPPPPPPPPPPPHPPPHPPPPPPPP
101,PPPPPPHPPPPPPHPPPPPPPPPPP
102,HPPPPPPPPPPHPPPPPPPPPPPPP
103,PPHPPPPPPPHPPPPPPPPPPPPPP
104,PPPPPHPPPPHPPPPPPPPPPPPPP
105,PPPHPPPPHPPPPPPPPPPPPPPPP
106,PPPPPHPPPPPPPHPPPPPPPPPPP
107,PPPPPPPPPPPPPPPPHPHPPPPPP
108,PPPPPPPPPPPPPPPPPPPHHPPPP
109,PPPPPHPPPPPPPPPPPPPPPPPPH
110,PPPPPPHPPPPPPPPPPPPPPHPPP
111,PPPPPPHPHPPPPPPPPPPPPPPPP
112,PPPPHPHPPPPPPPPPPPPPPPPPP
113,PPPPHPPPPPPPPPPPPPPPPPPHP
114,PPPPPPPPPPPPPPPPPPPPPPHPH
115,PPPPHPPPPPPHPPPPPPPPPPPPP
116,PPPPPPPPPPPPPPPHPPHPPPPPP
117,PPPPPPPPHPPPPHPPPPPPPPPPP
118,PPPPPPPPPPHPPPPPPPPPPPPHP
119,PPPPPPPPHPPPPPPPPPPPPPHPP
120,PPPPPPPPPHPPPPPPPPHPPPPPP
121,PPPPPPPPPPPPPPHHPPPPPPPPP
122,PPPPPPPPPPPPHPPPPPPPPHPPP
123,PPPPPPPPPPPPPPHPPPPPPPPHP
124,PPPPPPPPPHPPHPPPPPPPPPPPP
125,PPPPPPPPPPPPPPPPPPPPPPPHH
126,PPPPPHPPPPPPHPPPPPPPPPPPP
127,PPPPPPPPHPPPPPHPPPPPPPPPP
128,PPPHPPPPPPPPPPPPPPPHPPPPP
129,PPHPHPPPPPPPPPPPPPPPPPPPP
130,PPPPPPPPPPHPPPPPPPPHPPPPP
131,PPPPPPHPPPPPPPPPPPPPPPPPH
132,PPPPPPPPPPPPPPPPPPPPHPPPP
133,PPPPPPPPPPPPPPPPPPHPPPPPH
134,PPPPHPPPPPPPPPPPPPPPPPPPH
135,PPPPPPPPHPPPPPPPPPPHPPPPP
136,PPPPPPPPPPPPPPPPPHPHPPPPP
137,PPPPPPHPPPPPPPPPPPPPPPPHP
138,PPPPHPPPPPPPHPPPPPPPPPPPP
139,PPPPPHPPPPPPPPHPPPPPPPPPP
140,PPPPPHPPPPPPPPPPPPPPPPPPP
141,PPPPPPHPPHPPPPPPPPPPPPPPP
142,PPPPPPPPPPPPPPPPHPPPPPPPP
143,PPPHPPPPPPPPPPPHPPPPPPPPP
144,PPPPPPPPPPPPPPHPHPPPPPPPP
145,PPPPPHPPHPPPPPPPPPPPPPPPP
146,PHPPPPPPPPPPPPPPPPPPPPHPP
147,HPPPPPPPPPPPPPPHPPPPPPPPP
148,HPPPPPPPPPPPPPPPPPHPPPPPP
149,PHPPPPPPPPPHPPPPPPPPPPPPP
150,PPPPPPPPPPHPPPPPPPPPHPPPP
151,PPPPPPPPPPPPPHPPPHPPPPPPP
152,PPPPPPPHPPPPPPPPPPPPPPPPH
153,PPPPPPHPPPHPPPPPPPPPPPPPP
154,PPPHPPPPPPPPPPPPPHPPPPPPP
155,PPPPPPPPPHPPPPPPHPPPPPPPP
156,PPPPPPPPPPHPPPPPPPPPPPPPH
157,PPPPHPPPPPPPPPPPPPPPPHPPP
158,PPPPPPPHPPHPPPPPPPPPPPPPP
159,PPPPPHHPPPPPPPPPPPPPPPPPP
160,PPPPPPPPPPPPPPPPPPPPPPPHP
161,PPPPPPPHPPPPPPPHPPPPPPPPP
162,PPPPPPPPHPPPPPPHPPPPPPPPP
163,PPPPPPPPPPPPPPPPPPHPPPPPP
164,PPPPPPPPPPPHPPPPPHPPPPPPP
165,PPPPPPPPPPPPPPPPPPHPHPPPP
166,PPHPPPPPPPPPPPPPPPPPPPHPP
167,PPPPPPPHPPPPPPPPPPPPPPPPP
168,PPPPPPPPPPHPPPPHPPPPPPPPP
169,HPPPPPPPPPPPPPPPHPPPPPPPP
170,PPPPPPPHHPPPPPPPPPPPPPPPP
171,PPPPPPPPPPPPPPPPPPHPPPHPP
172,PPPPPPPPPPPPPHPPPPPPPHPPP
173,PPPPPPPPPHPPPPPPPHPPPPPPP
174,PPPPHHPPPPPPPPPPPPPPPPPPP
175,PPPPPHPPPPPPPPPHPPPPPPPPP
176,PPPPPPPPPPPPPPHPPPPPPPHPP
177,PPPPPPPPPPPPPPPPHPPPPPPPH
178,PPPHPPPPPPPPPPPPPPPPPPPPP
179,PPHPPPPHPPPPPPPPPPPPPPPPP
180,PHPPPHPPPPPPPPPPPPPPPPPPP
181,PPPPHPPPPPPPPPPPHPPPPPPPP
182,PPPPPHPPPPPPPPPPPPPPPPHPP
183,PHPPPPPHPPPPPPPPPPPPPPPPP
184,PPPPPPHPPPPPPPPPPHPPPPPPP
185,PPPPPPPPPPPPPPPPPPPPHHPPP
186,PPPPPPPPPPPPPPPHPPPPPPHPP
187,PPPPPPPPPPPPHPPPPPPPPPPPH
188,PPPPPPPPPPPPPPPPHPPPPHPPP
189,PPPPPPPPPPPPHPPPPPPPPPPHP
190,PPHPPPPPPPPPPPPPPPPPPPPHP
191,PHPPPPPPPPPPPPPPPPPPPHPPP
192,PPPPPPPPPPHPPPPPPPPPPHPPP
193,PPPPPPPPPPHPPPPPPHPPPPPPP
194,HPPPPPPPPPPPPPPPPPPPPPPPP
195,PPPPPPPPPPPPPPHPPPHPPPPPP
196,PPHPPHPPPPPPPPPPPPPPPPPPP
197,PPPPPPPPPPPPPPPPPPPHPPPPH
198,PPPPPPPPPPPPPPHPPPPPPPPPP
199,PPHPPPPPPPPPPPPPPPPPHPPPP
200,PPPPPPPPPPPPPHPPHPPPPPPPP
201,HPPPPHPPPPPPPPPPPPPPPPPPP
202,PPPPPHPHPPPPPPPPPPPPPPPPP
203,PPPPPPPPPPPPPPPPPPPPPHHPP
204,PPPPPPPPPPPPPHPPPPPPHPPPP
205,HPPPPPPPPPPPPPPPPPPPPPPPH
206,PPPPPPPPPPPPHPPPPPPPHPPPP
207,PPPPPPHPPPPHPPPPPPPPPPPPP
208,PHPPHPPPPPPPPPPPPPPPPPPPP
209,PPPPHPPHPPPPPPPPPPPPPPPPP
210,PPPPPPPPPHPPPPPPPPPPHPPPP
211,PPPPPPPPPPPPPPPPHPPPPPPHP
212,PPPPPPPPPPPPPPPHPHPPPPPPP
213,PPPHPPPPPPPPPPHPPPPPPPPPP
214,PPPPPPPPPPHPPPPPPPPPPPHPP
215,PPPPPPPPPHPPPPPPPPPPPHPPP
216,PPPPPPPPPPPHPPPPPPPPHPPPP
217,PPPPHPPPHPPPPPPPPPPPPPPPP
218,PPPPPPPPPPHPPPHPPPPPPPPPP
219,PPPPPPPPPPPPPPPPPPPPPHPHP
220,PPPPPPPPHPPPPPPPPPPPPPPPH
221,PHPPPPPPPPPPPPPPPPHPPPPPP
222,PPPPPPPPPPHHPPPPPPPPPPPPP
223,PPPHPPPPPPPPPPPPPPPPPPPHP
224,PPPPPPPPHPPPHPPPPPPPPPPPP
225,PPPPPPPPPHPPPPPPPPPHPPPPP
226,PHPPPPPPPPPPPHPPPPPPPPPPP
227,PPPPPPPPPPPHPPHPPPPPPPPPP
228,PPPHPPPPPHPPPPPPPPPPPPPPP
229,PPPPPPPHPPPPPPHPPPPPPPPPP
230,PHPPPPPPPPPPPPPHPPPPPPPPP
231,PPPPPPPHPPPPPPPPPPPHPPPPP
232,PHPPPPPPHPPPPPPPPPPPPPPPP
233,PPPHPPPPPPPPPPPPHPPPPPPPP
234,HPPPPPPPPPPPPHPPPPPPPPPPP
235,PPPPPPPPPPPHPHPPPPPPPPPPP
236,PPPPPHPPPPPPPPPPPPPPHPPPP
237,PPHPPPPPPPPPPPPPPPPPPPPPH
238,PPPPPPPPPPPHPPPHPPPPPPPPP
239,PPPPPPPPPPPHPPPPPPPHPPPPP
240,PPHPPPPPPPPHPPPPPPPPPPPPP
241,PPPPPPPPPPPPHHPPPPPPPPPPP
242,PPPPPPPHPPPPHPPPPPPPPPPPP
243,PPPHPPPPPPPPHPPPPPPPPPPPP
244,PPPPPPPPPPPPPPPHHPPPPPPPP
245,PPPPPPPPHPPPPPPPPPPPPHPPP
246,PPPPPPPPPPHPPPPPPPHPPPPPP
247,PPPPPPPPPPPPPPPPPHPPPPPHP
248,HPPPPPPPPPPPPPPPPPPHPPPPP
249,PPPHPPPHPPPPPPPPPPPPPPPPP
250,PPPPPPPPPPPPPPPPPHHPPPPPP
251,HPPPPPPPHPPPPPPPPPPPPPPPP
252,PPPPPPPPPPPPHPPPPPHPPPPPP
253,PPPHPPPPPPHPPPPPPPPPPPPPP
254,PPPPPPPPPPPHPPPPPPPPPPHPP
255,PPHPPPPPPPPPPPPPPPPPPPPPP
256,PPPPPHPPPPPHPPPPPPPPPPPPP
257,PPPPHPPPPPPPPPPPPPHPPPPPP
258,PPPPPPHPPPPPPPPPPPPHPPPPP
259,PPPPHPPPPPHPPPPPPPPPPPPPP
260,PPPPPPPPPPPPPPPHPPPPPHPPP
261,PPPPPPHPPPPPPPPPPPHPPPPPP
262,HPPPHPPPPPPPPPPPPPPPPPPPP
263,PPPPPPPPPPPPPPPPPPPPHPPPH
264,PPHPPPPPPPPPPPPPPPPPPHPPP
265,PPPPPPHPPPPPPPPHPPPPPPPPP
266,PPPPPPPPPHPPPHPPPPPPPPPPP
267,PHPHPPPPPPPPPPPPPPPPPPPPP
268,PPPPPPPPPPPPPPPPPPPPPPPPH
269,HPHPPPPPPPPPPPPPPPPPPPPPP
270,HPPPPPPPPPPPPPHPPPPPPPPPP
271,PPPHPPPPPPPPPHPPPPPPPPPPP
272,PPPPHPPPPPPPPHPPPPPPPPPPP
273,PPPPPPHPPPPPPPPPPPPPPPPPP
274,PPPPPPPPHPPPPPPPHPPPPPPPP
275,PPPPPPPPPPPPPPPHPPPPHPPPP
276,PHPPPPPPPPPPPPPPPPPPPPPPP
277,PPPPPPPPPPPPPHPPPPPHPPPPP
278,PPPPPPHPPPPPPPPPPPPPPPHPP
279,PPPPPPPPPPPHPPPPPPPPPPPPP
280,PPHPPPPPHPPPPPPPPPPPPPPPP
281,PPPHHPPPPPPPPPPPPPPPPPPPP
282,PPPPPPPPPPPPPPPPPPPPPPHPP
283,PPPPPPPHPPPPPPPPPPPPHPPPP
284,PHPPPPPPPPPPPPHPPPPPPPPPP
285,PPPPPPPPPPPPHPPHPPPPPPPPP
286,PPPPPPPPPPPPPHPPPPPPPPPPP
287,PPPPHPPPPPPPPPPPPPPPHPPPP
288,PPPPPPPPPPPPPPPPHPPPHPPPP
289,PPPPPPPHPPPPPPPPHPPPPPPPP
290,PPPPPHPPPPPPPPPPPPPHPPPPP
291,PPPPPPHPPPPPHPPPPPPPPPPPP
292,PPPPHPPPPPPPPPPHPPPPPPPPP
293,PPPPPPPPPHHPPPPPPPPPPPPPP
294,PPPPPPPPPPPHHPPPPPPPPPPPP
295,PPPPPPPPPPPPPPPPPPPPPHPPH
296,PPPPPPPHPPPPPPPPPPHPPPPPP
297,PPPHPHPPPPPPPPPPPPPPPPPPP
298,PPPPPPPPPPPPPPPPPPHHPPPPP
299,HPPPPPHPPPPPPPPPPPPPPPPPP
