id,sequence
0,HHHPHHHPHHHPPHHHHPHPHHPPH
1,HHPPHHHPHPHHPPHPHHHHHHHHP
2,HHHPHPPHPHPHHHHHHHPHPHHHP
3,HPHPPHHHPPHHPPHHPPHHHHHHH
4,PHHPHPPHPPHHHPHPHHHHHHHHH
5,HHHHPPHPHHPPHPHHHHHHPHPPH
6,HHHHHHHHPHHHPHHPHPPPPPHHP
7,PHHHHPPPHHPHHHHHPPPPHHHHH
8,HHHHHHPHHHPHPPHHHPPHHHPHP
9,PHPHHPHPPPHPHHPHHHHHHHHHH
10,HPPPHHHHPHHHHPPHHPHHPHHHP
11,HHPHHPHHHHHHHHHPHHPHPPPHP
12,HHHPHHPHPHHPPPHHHPHHHHPHP
13,HHHPHHPHHPPHHHPHHPHHHPHPH
14,HHHHPHHHPPPHPHHHHPPHHHPPH
15,PHHPPHHPHHHHHPHHHPHHHPPHH
16,HHHHHHHHHHPPHPPPPHPHPHHHH
17,HHHPHHPPHHHHPHPHHPHHHHHPP
18,PPHHHHHHPHPHHPHHPPHHHHHHP
19,HHHHHHHPPHHPPHHHPHHPPHPHH
20,HPPHPHPHHHPHHHHHHHHHPPPHH
21,HHHHHHHHPHPHPHHPHPPPHHPPH
22,PHHHHPHHPPPHHPPHHHHHHPHPH
23,HPHHPHPHHPHHHHPHHHPHHPPHP
24,HPHPHHHHHHPHPPHPHHHHHPPHP
25,PHHHHHPPPPPHHPPHHHHHHHHHH
26,HPPHHPHHPHPHPHHHHHHHPPHPH
27,HHPHHHHPHHHHHHPPHPHPPHHPP
28,PHHPHHHPHHHHHHPHPPHPHPHHH
29,PHHHPPHHHHPPHPHHHHPHHPPHH
30,HHPPPPPHHPHHHHHPHPHHHPHHH
31,HHPHHHPHHPHHPHHPPHPHPPHHH
32,PHHHHPHHHPHHPHPPHPPHHHHHP
33,PHHHPPHHHHPHPHPPHHPHHHHPH
34,HPPHHHPHPPHHHHHHPHHPHHHPH
35,HHHPHHHHHHPHPHHHPPHPPHHHP
36,HPHPPHPPHHHHPHHHHHPHHHHPP
37,PHHHPHPPHHHHHHHHHPHPHHHPP
38,HHHPHHPHPPHHHHPHHHPHHHPPH
39,PHPPHHPHHHPHHPHHHHHHHPPHH
40,PHHHPHHPHHHPHHPHPPPHHHHHH
41,PHHHPHHPHHHPHPHPHHHHHPPHH
42,HHPHPHHHHPHHHPPPPHHHHHHPP
43,PHHHPPHPHHPPHHHHHHHPPHPHH
44,HPHHHHHPPPHPHPHHHPHHPHHPH
45,HPHHPHHHPHHHHPHHPHHHHHPPP
46,HHHPPHPHHPHHHPHHPPHHHHHPH
47,HPHHHPPPHHPPPHHHPHHHHHPHH
48,PHPHHPPHHPHHHPHHHHHHHPPHH
49,PHPHPHHHHPHHHHHHPHHHPPHPH
50,HHHPHHPPPHHHHHHHHPHHPPPPH
51,HHPHHPPPHHHHPPHHHHHHPHHHP
52,HHHHHHHHHPHPPHPHHPPPPPHHH
53,HHPHPHHHHPHPHHHHPPHHPHPPH
54,HHHHHHPHPHHHPPHHHHPPPHHHP
55,HPHPHHHPHHHPPHHPPHHHPPHHH
56,HPPPPHPHPHHHHPHHHHPHHHHHH
57,HHPHPHHHHPHHHPHPHHHPPPHHH
58,HHPHHHHPHHHPHPPPHHPHHHHPP
59,HHHPPPHHHHHPHHHHHPHPHPHPP
60,HHHHHHPPHHPHHHHPHHHPPPPHH
61,HHHHHHHPHPPPHPPHHPHHHPPHH
62,HPHHHHPHHPHHHPPPHPHPHHPHH
63,HHHHPHHHHPPHPHPHPHPHHPHHH
64,HHHHPPHPPHHPHHHPPHHHPHPHH
65,HHHPPHPHPPPHHHHHHHPPPHHHH
66,HHHPHPPHPHHHHHHHPPPHPHHPH
67,HPHHHHHHHPPHPPHHHHPPHHHHP
68,HHPHHPPHHPHPHHHHHPHHHPHPH
69,HPHPHHPHPHPHHPHHHHPHPHHHH
70,HPHPHPHHHPHPHHHPPHHHPHHHH
71,HHHHHPHPHHPPHHHHHPPPHHPHP
72,PHHHPHHHPHPPPHHHPHHHPHHHH
73,HHHPHHHHHPHHPHPPPHHHHHPHP
74,HHPPHHHHHHHHPPHHPHHHPHHPP
75,PHHPHPHHPPPHHPHHHHPHHHHHP
76,HHHHPHHHHPPHPPHHHPHPPHHHP
77,HHPPPPHHPHHPHHHHHHHHHHPPP
78,PPPHPHHHHHHPHPHHHHHHHPPHH
79,HHHHHHHPPHPPHPHHHPPHHHPHP
80,HPHPHHHPPHHHPHHHHPHPHPPHH
81,HHHPHHPHHHHHHPPHHHPHHPPPH
82,HHHHHHHPPHPHPPHPHHHHHHHPP
83,HHPHHHHHPHPPHHHPHHPPHHPHH
84,HHHHHHHPHHHHPHPHPHPPHHHPP
85,HPHPPHPHPHPPHHHHHHHHHHPHP
86,HHHHPPPHHHHHPPHPPHHPHHHHH
87,HHHHHHHHPHHPHHHPHPHPPHPHP
88,HHPPHPHHHHHPPHPHPHHHHHHHP
89,PHPHHHHHHPPHHPHHPPPHHPHHH
90,PHHPHHHHHPHPHPHHHHPPHHPPH
91,PPHHPHHHHPHHPHHHPHPHPHHPH
92,HHHHPHHPPHPPHPPHHHPPHHHHH
93,PHHHPHPHHHHPHPPHHHHHPHPHH
94,HHPHHHHHHHHPPHHHHPPPPPHHP
95,PPPHHHHHHPHHPHHPHHHHPHHHP
96,PPPHPHHHHPHHHHPHHHHHHPPHH
97,PHPHHHPPPPHHHHHHHPHHHHPHP
98,PPPHHHHHPHHHHHHPHHHHPPPHH
99,PPHHPHPHPHPHHHHHHHHPPHPHH
100,HHPHPHHPHPHHHHHPHPHHHPHPH
101,HHHPHPHHPHPPHHHPPHHHHPHHH
102,HHPPHHPPPPHHHHHPPHHHHHPHH
103,HPHHHHPHHHHPHHPPHHPHHPHHP
104,HPHHHHHHPHHHPPHHHPPHHPPPH
105,HPHHHHHPPHPHHHHPHHHPHPHHP
106,PHHPHHPHHHHHHHHPPHHPHPHHP
107,PHHHHPHHPHHHHHPHHHPHPHPHP
108,PPPHHHHHHHHHPPHPPHHHHHPHH
109,HHHHHHHHHPPHHHHHPHPPHPPPP
110,HPPHHPHHHHHPPPPPHHHHHPHHH
111,HHPHHHHHPHHHPHHHHPHPHPPHP
112,PHHHPPHPHHHHHHPHHPHHHPHPH
113,HPPHHPHPHHHHPHHHPHPHPPHHH
114,PHPHPPHHHHHHHPHPHHPHPHHPH
115,HPHHHPPPHHHHHHPHPHHHHPHHP
116,HHPHHHHHHHPHPPHPPPPHHHHPH
117,HHHPHPPHHPHHHHHPHPHPHPHHH
118,PHHHHPHHPPHPHPPPHHHHHHHHH
119,HHHPHHHHPPHHHHPHPPHHHHPHP
120,PHPHHPHHHHHHHHPHPHPPPHHHP
121,HHHPPHHPPPHHHHHHHHPHPHHHP
122,HHHPHPPPHHPPHHHHHHHHPHPHH
123,HPHHPHHHHHHPHHHHHHPPPPHHP
124,PHHHHHHPPHPHPHPHPHHPHHHHP
125,PHHHPHHHHPPHHHPHHPPPHHPHH
126,HPHHPHHPHPPHHPHHHHHPHHPHH
127,PPHHHHPPPPHHHHPPHHHHPHHHH
128,HHHPHHHHHHHPHPHPPHHPHPHHP
129,HHHHHPPPPHHHHHHPHHHHHPPPH
130,HPPHHHPHHPHPHPHHHHHHHPPPH
131,HHHPPHHPPHHPPHPHHHHPHHHHH
132,HPHPHHHHHPHHPHPPHPHHHHPPH
133,HPHPHHPHHHPHHPHHHHPPPPHHH
134,PHPHHPHHHHHHHPHPHHHHPPHPP
135,HHHPHPHHPHPHPHHPHHHPHHHPH
136,HHHHPHHPPHPHHPHPHPHHHHHPH
137,PHHPPHHHPHPHHHHPPHPPHHHHH
138,PPHHHPHHPHHHHHHHHPPPHPHHH
139,PHHHPPPHPHHPHHHHPHHHHPHHP
140,HHHHHPHHHHPHHPPPHPPHHHPPH
141,PHHPHHHHPPHHPPHHHHHPHHHHP
142,HHPHPHHHHHHHHHPHPHPHPPHPH
143,HHPHHHHPPPHPHHHHPHHPPHHHH
144,HPHHPPHPHHHHHPPHPHHHPHPHH
145,HHPHHHHPHHPHHPPHPHPPHHHHH
146,HHHPPHHHHPHHHPHPPPPHHHHHH
147,PHHPHPHPHPHPHHHHHPHHHPPHH
148,PHHHPHHPPPHHHHHPPHHHHHHHP
149,HHHHPPPHHHHHPPHHPPHPHHHHP
150,HHHPHPHHHPPHHHHHPHHHHPPHP
151,PHPHHHHHHPHHPPHPHPHHHHPHH
152,HPHHHPHPPPPHHPHHHHPHHHHHH
153,PHHHHHHPPPPHPHHHHHPPHHPHH
154,HHHPHPHPHPHHHPHHPHHHHHPHP
155,HHPHPHHPHHHHPHHPPHPHPHHHH
156,PHPPPHHPHHPHPHHPHHHHHHHHH
157,HHHPHPHPPHPHPHHPHHHHHHPHH
158,PHHHPHPHHHPPHHHHPHHHPHHHP
159,HHHPPHHPHHPPHHPHHPPHHHHPH
160,PHHPHHPPHPHHHPHPPHHHPHHHH
161,HHHPPHHHPHHHHHHHPHHPHHPPP
162,HHPHPPHPHHHPHHHHPHHHHHHPP
163,HHPPHHHHHPPPPPPHHHPHHHHHH
164,HPHHPPPHPHPHHHHPHPHHHHHHP
165,HPHHHHPPHHHPHHHPHHHHPHPPH
166,PHPHHHPHPHPHPHHHPHPHPHHHH
167,HHHHHPPHHPHHHPPPHPHHPHPHH
168,PHHHHHHHHPHPHPPHPPHHHPHHH
169,PPPHPHHHHHHPHHHHHPHHHPPHH
170,HHHHHPPHPHPHPHHHPPHHHHHPP
171,HHHHHHHHPPHHHHHPPHPPPPHHP
172,HHHHHPHPHHHPHHPPHHHPHPHPH
173,PHPHHHHHHPHPHHPPPHHHPHHPH
174,HHPPHPHHHHHHPPPHPHHHHHHHP
175,HHPHPHHHPHHHHHPHHHPPPHPPH
176,PHHPHHHHHHPHPHHPHPPHPHHHH
177,PPHHHPHPPPHPHHHHHPHHHHHPH
178,PHHHPPHPHHHHHPPHHHHPHHPHP
179,HHHHPPHHHHHHPHHHHHPPPPHPH
180,HPPPHPPHHPPHPHHHHHHHHHHPH
181,HPPHHHHHPPHHHHPHHPHHHHPPP
182,HHPHHHPHHHHPPHHHHHPPPHPHH
183,HPPHHHPHHPHHHHHHPHHHPHPPH
184,HHHHHHHPPPHPPPHHHHHHHPHPP
185,HHPHHPPHPHHHPPPHHHHHHHHPH
186,HHPHHPPHHHHHHHHHHHPPPPHPH
187,PHHHHPHHHHPHPHPHPPHHHPHHP
188,HHHHPHHPPPHHHPPHHHHHPHPHH
189,HHHPHPHPHPHHHHHHPPHPHHPPH
190,HHHPHHHPHPHHHHPHHHHPHPPPH
191,HPPHPPHHHPHHPPPPHHHHHHHHH
192,PHHPHHHPPHHHHHPPPHHHHPHHP
193,HHHHHHHHHHHPHPPPPPPHHHPHP
194,PHHHHHPHHHHHHPPPHPHPHHPHH
195,HHHHHPPHPPHPHHHHPHHHHPPHP
196,HPHHHHHHPHPHPHHHHPPHPHPPH
197,HHPHPHPPHHHHPHHPPHHHHHPHH
198,HHHPPPHHPPPHHPHHPHHHPHHHH
199,HHHHHHPHHHPHPPPHHHHPHPHHP
200,HPPHHHPPHHHPPHHHHHHHHHPHP
201,HPHHHHPHHPHPHHHHPPHPHHHPH
202,PPPHHHPPHPHPHHHHHHPHPHHHH
203,PHHPHHHPHHPHPHHPPHHPHHHHH
204,PHPHHPHHHHHHPPPPHHHHHHHHP
205,HHPPPHHPPHHPHPHPHPHHHHHHH
206,PHHPHHHPHHHPPPHHPHHHHHPHP
207,HHHPPPHHPHPHHPPHHHHHHHHHP
208,PHHHHHPPHHHHPHPHPHHHPHPHH
209,HHHPHHHHPHHPPHPPHHHHPPHPH
210,PHHPPPHHHHHPHPHHPHHHHPHHP
211,PPHHHHHHHHPHPPPHPHHHHHPHH
212,HPHHHHHHHHHPHPPPHPHHHHPHP
213,HHPPPPPHHHHHHHHHHPPHHHHPH
214,HHPPHPPPHPHHHPHPHHHHHHHHP
215,PHHHPPHHHPHPHHHPHHPHHHHPH
216,PHHHHHHHPHHHHPPHHPHPPHHPH
217,PPHHPHHHHHPHHHPHPHPPPHHHH
218,HPHPPPPHHHPHHHHHPHHHHHPHP
219,PHHPPHPPHHHHHHPHHHHPHHHPH
220,HHHPHHHHHHHPHPPPHPHPHHHPP
221,HPHHHPHPHHPPHHPHHHHPHHHHP
222,HHHHHPHPHPHHHHPPPPPHHHPHH
223,PHHHHHHHHHPHPHHHPPPHHHHPP
224,HPHPHPPHPHHHHPPHHHHHHHHPH
225,HHHHHPHPHHHHHHHPPHPHHPHPP
226,PHPHPHHHPHHHHHHPPHPHHHHPP
227,HPHHHPHHPHPPHHPPHHHHPHHPH
228,HHPHPPHPHHHHPPHHPHHHPHHHH
229,HHHPPHPHHHPHPHHPHHHHHPHPP
230,PHHHHHHPPHHPHPHHHPPHHPHPH
231,HPPHHHPPHPHHHHHHPHHHPHHPH
232,HPHPHHHPHPHHHHHHHPPPHHPHH
233,HHPHHHHHHPHPHPPHPHHHPHPHH
234,HPHHPPHHPHPHPHPHHHHPHPHHH
235,HPPHHHPHHHPPPHHPHHPPHHHHH
236,PHHHHPPHHHHPHHHPPHHHPHPHH
237,HHPHHHHPPHHHHHHPHPHHPPPHH
238,PHPHHPHHHPHHHPHHHHPPHHHHP
239,PPHHHHPPHHPHHPHHPPHHHHHHH
240,HPHHHHHHHPPHHPPHPHHPHHHPH
241,HHPPHHHHHHPPHHHHPPHHHPHHP
242,HPHHPHHHHPPHHHHHPHHPPHPHP
243,PHPPHHHHHHPHPHHHHPHPHHHHP
244,HPHHHPPHHHHPHPHHHHPHPHPHH
245,HHPHPPPHPHHHHPHPHHPHHPHHH
246,HHHHPHHHPPPHHHPHHHHHPHHPP
247,HPPPHHHHHHPPHPHHHHHHPPPHH
248,PHHHHHHPHHHHPHHHHPPHPPHPH
249,HPHPHHHHPPPPHPHHPHHHHHHHP
250,HPHHHHHPPHHHHHPPPPPHHHHHP
251,HHHPPHHHHPPHHPPHHPHHHHPPH
252,HPHHHPHPHHHHHHHHHHPPHHPPP
253,HHPPHHPHPHHHHHHHHHHHPPPHP
254,HHHPPHHHHPHHPPPHHHPPHPHHH
255,HPHHPPPHPHHHHHHHHPHHPHHPH
256,PPHHHHPPHHHPPHHPHHHHHPHHH
257,HPHPHPHHPHPHHHPHPHPHHHPHH
258,HHPHHPPHPPHHPHHHHPHHHPHHH
259,PPHHPPHPHPHHHHHHHHPHPHHHH
260,PHHHPHHPHHPHPHHHHHHHPPHPH
261,HPHHHHHPHPHHPHHPHHPHPHHPH
262,HHHHPHHHHHPHHPHPHHPPHPHHP
263,HHHPHHHHPHPPHHHHPHHHPPHPH
264,HHHHHPPHHHHPHHHHHPHPPPHPH
265,HPHPHPHPPHPHHHPHHHHHHHPHP
266,HHHPPHHPHHPHPHHHPPHHHPPHH
267,HHHHHPPPPHHHHPPHHHHPPHHHH
268,PPHHHPHPHHHHHHHHPHPHHPHPP
269,HHHPHPHPHHHHHPHPPHPPHPHHH
270,PHHHHHHHHPHPPHPHHPHPHHHHP
271,HPPHHPPPHPHHPHHHPHHHHPHHH
272,PPHPHHHHHHPHPHHHHHPPHPHHH
273,HHHHPHHPPPHHHHPPHHHPHHHHP
274,HHHHHHHPHPPPPHHHPHHPHHHPH
275,PHHHHHPHPHHPPPHHHHPPHHPHH
276,HHHPHHPPHHHPHPHHHHPPPHHHH
277,HHPHHHHHHPPPHHPHPHHHHHPPH
278,HHHHPPHHPPHPHHHHHHHPPPHHH
279,HPHPHPHHHHHHHPPHPHHHPHHPH
280,PHHHHHHHPHHPHHHHHPPPHPPHH
281,HPHPHHHPPHHHPHHPPHHPHHHPH
282,HHHHHHHHHPPPHHPHPHPHPPHHP
283,PHHHHHPHPHPHHHHHPHPPHPHPH
284,HPHHPPHPPHPHHPHHHHHPHHPHH
285,HHHHHHPHPHHPHHHHPPPHHHHPP
286,PPPHHHHHHHHHHPHHHPPHPHHPH
287,HHPHHHPHPHHPHPHHHPHPHHPHH
288,PHHHPHPPHHHPHHPHPHPHHHHHP
289,HHHHPPHPHHPPHPPHHHHHHHPPH
290,HPHPHHHHHPHHPPHPHHHPHPHHP
291,HPHHPHHHPPPHPHHHHHPHPHHHH
292,HHHPHPHPHPHHHHHPHPHPPHPHH
293,HHHHPPHHHPHPHHPHHPHHPPHPH
294,HHPHPHHHHHPPHHPHPPHHHHHPH
295,HHHHPHPHHHHHPHPHPHPHPPHHH
296,HHHHHHPHPHHHPHHHPPHHPHHPP
297,HPHHHPPHHHHPHHHHHPPPHPHPH
298,PPHPHHPHHPHHHHHPHHHHHHHPP
299,HHHPHPHHPPHPPHHHPHHHHPPHH
