id,sequence
0,PHPPPPPHPPPHPPHHPHPPPPPPP
1,PPPHHPPPPHPPPPPPPPPHHPHPP
2,PPHPHHPPPPPPHPPHHPPPPPPPP
3,HPPPHHPPPPPPHPPPPHPPHPHPP
4,PHHPPPPPPPPHPPHPPHPPPPHPH
5,PPHHHPPPPPPPPHHHPPPPPHPPP
6,PHPPPHHPPPHPHHHPPPPPPPPPP
7,PPHHPPPPPPPPPPHPPPPPPHHPH
8,PHHPHPPPPHPPPPPPHHPPPPPPP
9,PPPPPPHHPPHPPHPPPHPHPPHPP
10,PPPPPPPPPPPPPHPHHPPHHPPHH
11,PPPHPPHPPPPPPPPPPPPPHPHHH
12,PPHPPPHPPHPPPPHPPHPHHPPPP
13,PHHPPPPPPPHPHPPHHPPPHPPPP
14,PHPPHPHPPPHHPPPPPPPPPPHPP
15,PPPHPHHPPPPHPHPPPPHPPPHPP
16,PPHPHHPHPPPPPPPPPPPHHPHPP
17,PPHPPPPPPPHPHPPPPPHHPPPHP
18,HPPPPPHPPHPPPPPHHPPPPPPHP
19,PPPPHPHHHPPPPPPPPPPPPHHPP
20,PPPPHPPPPPPHHPPPPHPPHPPHP
21,HPPPPPPPPPHPHPPPPPPHHPPHP
22,PPPPPPPHHPPHHHPPPHHPPPPPP
23,PHHPPPPHHPPPPPPHPPPHPPPPH
24,PPHPPPPPPPPHPHPHPPHPPPPHP
25,PHPPPPPPPHPHPHHPPPPPHPPPP
26,PPPHPHPPPPHPPPHHPPHPPPPPP
27,PPPPPPPHPPPPHHHPHPPPPPPPH
28,HPPPPPPPPPPPPHPPPHHPHHHPP
29,PHPPPHPHHPPPPPPPPPPPPPHHH
30,PHPPHHPPPPPPPPPPPPHHHHPPP
31,HPPPPPPPPPPHPPHPPPPPHPPHH
32,PPHPHPPPHPPPPPHHPPPPPPPPH
33,PPPPPPHHPPPPHPPHPPPHPHPHP
34,PHPPPHPPPPPPHPHHPPPPHPPPP
35,PPPPPHHPPPHPHPPPHPPPHPPPP
36,PPPPPPPPHHHPPPPPHPPHHPPPP
37,PHHHHPPPPPPPPPPHPPHPPPPPP
38,PPPPPPPPPHHHPPPHPPHPPPPHH
39,PPHHPPHPPPPHPHHPPPPPPPPPH
40,HPHHPPPHPPHPPPPHPHPPPPPPP
41,HHPHPPPPPPPPHPPPPHPPHPPPH
42,PPPPPPPPHPHHPHPPPHPPPPPHP
43,PPHPHPHPPPPPPHPPPHHPHPPPP
44,PPPPPPPHPHPPPPPPPPPHPHHPH
45,PHPPPHPPPPPPPPPHPPPPHPHPH
46,PPPPPPPPHPPPHHPPPPPPHPHHP
47,PPHHPHPPPPHPPPPPPPPHPHPPP
48,PPPHHHPHPPPPPPPPPPPHHPPHP
49,PPPPPPPPPPPHPPPPHHHPHHPPH
50,PPPPPPHHPPPPPHHPPPPPPPHHP
51,PPPPHPHPPPHPPPHPPPPHPHPPH
52,PHPHPPHPPPPPPPPPPPHPHPHHP
53,HPPPPPPPPPPPPPPPHHHPHHPPP
54,PPPHPHPPHPHPPPHPPPHPPPPPP
55,HPPPHPHPPHPPPPHPPPPPPHPPP
56,HPHPPHPPPPPPPPPPPHPPHPPHP
57,PPHPPPHPPPHPHPPPPPHPPPHHP
58,PPPPPHPHPPPPPPPHHPHPHPPHP
59,PPHPPPPPPPPPPPPHHPPHPPHHP
60,PPPHPHPPHPPHPPPPPPPPPPPHH
61,PPPPPPPPPHPPPHPHPPPHPHPHP
62,PPPHPPPPPHHPPPPPHPPPPHPHP
63,PPPHPPPPPHPPHPHPPHPPPHPPP
64,PPHPPPPPPPHHPPHPHPPHPPPPP
65,PPPPHPPPHPPHPPPHPPPPPHPHH
66,HPPPPPPPPHPPPPPPPHHPPHHPH
67,PPPPPPHPHPPPHPPHPPHHPPPPH
68,PPPPPPHPPHHPPPPPHPPPPPHHP
69,PHHPPPHPPPHHPPPPHPPHPPPPP
70,HPPPPPPPHPPPPPPPPPHPHHPPH
71,PHPPPPPHPPHPPPPHPHHPHPPPP
72,PPHPHPPHPPHPPPHHPPPPPPPHP
73,PPHPPPPHPPPPPPHPPPHPHPHHP
74,PPPPHHPPHPHHPPPPPPPPPPPPH
75,PPPHPPPPPPHPPHPPPPPHPPHHP
76,PHPPHPHPHPPPHPHPPPPPHPPPP
77,PHPPPPPHHHPPPHPPPPHPHPPPP
78,PHHPPPHPPPPPPPPPHPHPHPPPP
79,PPPHPPHHPPHHPPPPPPPPPHPPP
80,PPPPPHHHPPPPPPPPPHPHHHPPP
81,PHHPPHPPPPPPPPPPPHPPHPPHH
82,HHPPPHHPPPPPHPPPPPPPPPPHP
83,HPPPPPPHPPHPPHPPPHPHPPPHP
84,PPPHPPHPPPPHPPPPPHPHPPHHP
85,HPHPPHPPPHPHPPPPPPPPHPPPH
86,PPPPHHPPPPPHHPPHHPHPPPPPP
87,HPPPPPHPPPPHHPPPPPHPHPPPH
88,PPPPPPPHHPPPPPHPPPHPHPHPP
89,PPPPPPHPPHPPPPPHHHPHPPPPP
90,HPPPHPPHHPHPHPPPPPPPPPHPP
91,PHHPPPPPPPPPPPPPHPPHHHPPH
92,PPPPPPPPPHPHHHPPPPHHPHPPP
93,PPHPPPPPPHPHHHPPHPHPPPPPP
94,PPPPPHHPHPPPPPPPPPHHPPPHP
95,PPHPPPHHPPPPPPPPHPPPHHHPP
96,PPPPHPPHHHPPPHPPPPHPPPPPP
97,HPPPPPHHHPPPPPPPHPHHPPPPP
98,PPPPPPPPHPPHPPHPPHHHHPPPP
99,PPPHPPHPHHPHHPPPPHPPPPPPP
100,PPPHHPHPPHPPHPPPPHPHPPPPP
101,HHPPPPHPPHPPHPPPPPPHPHPPP
102,PHPPPPPHPPHPPPHHPPPPPPHHP
103,PPPHPPHPPPPPHHPPPPPHPPHPP
104,PPPPPPPHPHPPHPHHPPPPPPHPP
105,PPPPPHPPPHPPPHHHPPPHPPPPP
106,HHHPPPPPHPPPPPPHPPHPPPHPP
107,PPPHHPPPPPHPPPHHPPPPHHPPP
108,PPPPPPHHHHPPPHPPPPPPHHPPP
109,HPPPPPHHHHPPPHPPHPPPPPPPP
110,HPPPPPPPHPHPPHPPPPHPPPHPP
111,PPHPPPHPPPHHPPHPPPHPPPPHP
112,HPPPPPPPPHPHPPPHPHPPPPPHP
113,PPPPPPPPHPPPPPHHHHPHPPPPP
114,HPPPPPHPPPPPPPPHPHHPHHPPP
115,PHHPHHPPPPHPPPPHPPPPPPPHP
116,PHHPPPHPPPPPPHPPPPHPPHHPP
117,HPPPPPHPHHHPHPPPPPPPPPHPP
118,HHPPHPPPPHPPHHPPPPPPPHPPP
119,PPPPHPPPPPPPHPHPHPPHPHPPP
120,PHPHPPPPPPPPPHPHPPPPHPPPH
121,PPPPPHHPPPHPPPPHPHPHPPPPP
122,PHHPHHPPPPPPPPPPPPPHPHPPH
123,PHHPHPPPPPPPPPPPPPPHHPPPH
124,HPHPPPPHHPPPPPPPPPHPPHPPP
125,PPPPHPPPPPHPHHPPPPPPHPPHP
126,HPPHHPPPPPPPPPHPPPPHPHPPP
127,PHHPPPPPPPPPHPPPPPPHPPHPH
128,HPPHHPPPHHPPPPPPHPPPPPPPH
129,PPPPPHPPHPPPPHHHPHPPHPPPP
130,PPPPPPPPHHPPPPPHHPPHPHPHP
131,PPPHHPPPPPPPPHPPHPHHPPHPP
132,PPPHPPPPPHHHHHPHPPPPPPPPP
133,HHPPPPPPPHPPPPHPPHPPPPHPP
134,PHHHHPPPPPPPPPPHPPHPHPPPP
135,PHPHHPPPPPHPPPPPPHPPPHHPP
136,PHPPHPHPPHPPPHPPPHPPHPPPP
137,PHPPPPPPPHHPPHHPPPHPPPPPH
138,PHHHHPPPPHPPHPPPPPPPHPPPP
139,PPPPPPPPPPPPPHHPPPHPHHHPP
140,PHPHPPPPPHPPPPPHPHPPHPPHP
141,HPHPPPPPHPHPPPHPPHPPPPPHP
142,PPHPPPPPPPPPPPHPHPPHHPPPH
143,PHPPPHPPPPPHHPPPPPPPHPPHP
144,HPPPPPHPPPPPPPHHPPPPHHPPH
145,PPPHPHPPPPPPPHHPPPPPHPPHP
146,HPPPPPPPHPPPHPHPPHPHPPPPP
147,HPPPPHPHPPHPPPPPPPPHPHPPP
148,HHHHPPPPPPPHPPPPPHPPPPPPH
149,PPPPPHPPPPHPPHPPPHPPPHPPH
150,PPPHPPPPHPPHPHPPPPPPHPPPH
151,PPPPPPPPPPPPHHPHPPPPPHHHH
152,HPPPHPPPHPPHHHPHPPPPPPPPP
153,HPPHPPPPPPPPPHPPPHPPPHPPH
154,PHPPHPHPPHPHPPHPPPPPPPPPH
155,PPPPPHPPHHPPPPHPHPPPPHPPP
156,PPPHHPPPPPPPPPPHPPPHHPPHP
157,PPPPPPHHPPPPPPHPHPPHHPHPP
158,PPPPPHHHPHPPPPHPPPPPHHPPP
159,PHPHPPPPPPPPPPHPHHPPPPHPP
160,HHPPHPHPPPHHPPPPPPPPPPPPP
161,PPPPPHPPPHHPPHPPHPPPHPPPP
162,PHPPPPPPPHPPPPPHPHHPPPPHP
163,PPPHPPPPPHHPPPHPHPPPPPPHP
164,PPPPHPPPHPPPPPPPHHPPHPPPH
165,PPPPPPPPPPPHHPPHPHHPPPHPP
166,PPPPPPPHHPPHPPPPHPPHPHPHP
167,HPPPHPHHPPPPPPPHPPHPPPPPP
168,PPPPPHHHHPPPPPPPHPPHPPHPP
169,PHPPPPHHHPHPPPHPPPPPPPPPP
170,PPPPPPHHHPPPPHPPPPPPPHHPP
171,PPPPPPPHHPPHPPPPPPPHHHHPP
172,PPPHPPPPPPPHPPPHPPHPPHHPH
173,PPPHPPPPHHPHPPPPHPPPPHPHP
174,PPHPPHPPPPPHPHHPPPPPPHPPH
175,PPPPPPHPPHPHPPPPHPPPPPPHH
176,HHPPHPPPPPPPPPHPHPPHPPHPP
177,HPPPPHPPHPHPPPHPPPPHHPPPP
178,PPPPPPPHPHHPPPPPHPPHPPPHP
179,PHPPPHPPHPPPPHPPPPPHPPHPH
180,PPPPPPPPHPPPPHPPHPHHHPPPH
181,PPHPHPPPHPPPHPHPHPPPPHPPP
182,PPHPPPPPPPPPHPHPPPPHHPHHP
183,PPPPHPPPHPPPPPPPPPPHHPHPH
184,PPPPPPPPPPPPPHHPPPPHHHPHP
185,HPPPPPHHPPPPPPPPHHPPPPPHP
186,PPPHPPHPPPHHPPPPPPPPPPHHP
187,PPPPPPPHHHHHPPPHPPPPHPPPP
188,PHPPHPPPPPPPHHHPPHPPPPHPP
189,PPPHPPPHHPPPPPPPHHHPPPHPP
190,PHPPPPPPPPPPPPHHHHPPPHPPH
191,PPHPHPHHPPPPPPPPPPPPPHPHP
192,PHPPPPPPHPPPPPPHPHPHPPPPH
193,PPPPPPHPPHHPHPPPPPHHHPPPP
194,PPPPPPHPPPPPPHPPPHHPPPPHH
195,PPPHHPPPHPPPPPPPPPPHPPHHH
196,PPPHHPPPPPPHPPPHPPHPPPPPH
197,PPPHPHPHHPPPPPPPPHHPHPPPP
198,PPPHPHPPPPPPHPPPPHHHPPHPP
199,PPPHPPHPPPHPPHPHPPHPPPPPP
200,PHPPHHPPPHHPPPPPHPPPPPPPH
201,PPPPPPPPPHPHPPHPPHPPPPHHP
202,HPPPPPPHPPHPHPPPHHPHPPPPP
203,PPPHHHPHPPHHPPPPHPPPPPPPP
204,PPPPPPPHHPPPPHPPPHPHPPPPH
205,PHPPPPPPPPHPPPPHPPPPHPHPH
206,HPPPHHPPPPPHPPHPHPPPPPPHP
207,HPPPHPPPPPPPPPHPPPHPHHPHP
208,PPHPPHPPHPPHPPHHPPHPPPPPP
209,PPHPHPPPPHPPPPPHPPPPHPPPH
210,PPHPPPPHPPPPPHHPPPPPPHPHP
211,PPPPHPPPHPHPHPPPHPPPPPPPH
212,PPHPPPHHHPHPPPPPPPPHPPHPP
213,PPHPPPHPHPPPPPPPPPPPPHPHH
214,PPPPPPPPHPPHPPPHPPPHPPPHH
215,PPPPHHHPPHHPPHPPPPPPPPHPP
216,PHPPPPPPPHPPPHPPPPHPPPHHP
217,PPHPPHPPPPPPHHPPPPHPPPHPP
218,PPHHPPPPPPPPPHHHHHPPPPPPP
219,HHPPPHHPPPHPPPPPPHPPPPPPP
220,PHPPPHHHPPPPHHPPPPPPPPHPP
221,HHHPPHPHHPPPPPPPPPPPPPPPP
222,PPHPHHPPPPHPHPPPPPPPPHHPP
223,PPPPPHHPPPPHPHPPPPPPHPHPP
224,PPPPPPPHHPHPPHPPPPHHPPPPP
225,HPPHPHPPHPHPPPPPPHPPHPPPP
226,PPPHHPHHPPPPPHPPPPHPPPPPH
227,PHPPPHPPPPPHPPHPPHPHPPPHP
228,PPHPPPPPPPPPPHHPPHHPHPPPH
229,PPHPPPPHHHHPPPPPPPPPPPPHH
230,PPPPPPHPPPPPHPHPPHPHHPPHP
231,PPHPHPPHPHPHPHPPHPPPPPPPP
232,HPPPPHPPHPPHHPPPPPPPHPHPP
233,PPPHPPPPHPHPPHPPPPHPHPPHP
234,HPPPPPPPPHHPPPHPHPPPPPHPP
235,HPPPPPHHPPPPPHPPPPHPPPPPH
236,HPPPHPPHPPHPPPHPPPPPPPHPH
237,PPPPHPPHPPHPHPPPPPPPHPPHP
238,PPPPHPPPPHPPPHPPPPPPPHHHP
239,HHPHPPHPPHPPPPPPPPHPPHPPP
240,HHPPPHPPHPPPPHPPPPPPPPPPH
241,HPPHPHPPPPPHPPPHPHPPPHPPP
242,PHPPPHPPHHPPPPPPPPPPHHPPP
243,PPPHPPPPPPHPPHPHHPPPPHPPP
244,PPPPPPPHHHPPHPPHPPPPHPPHP
245,PHHPPHPPPPHPPPPHPPPPPHPPP
246,HPPPHPPPPPPPPPPPHPPPPPHHH
247,HPHPPPPPPHPHPPPPPPPPPHPHP
248,PPPPPPPHPHPPHPPPPPPHHPPPH
249,HPHPPPHHHPPHPPPPPPPHPPPPP
250,PPPPHPPHPHPPPPPPHHPPPPPPH
251,PPPPHPHPHPPPPPPPPPHPPPPHH
252,PPPPPPHHHHPPPHPPPPPPPHHPP
253,PPPHPPHPHHHPPPPPPHPPPHPPP
254,PPPHPHHPPHPPPHPPHPPPPPPPP
255,PPPPPPHHPPPPHHPHPPPPPHHPP
256,PPPPPPHPHPPHHHHPPPPHPPPPP
257,HHPPHHPPPPPPPPPPHHHPPPPPP
258,PHPPPPHPHPPHPPPHPPPPPPHHP
259,HPPPPPPPPPHPPPHHPHHPPPHPP
260,PPHPPPHPPHPPPPPHPHPPPHPPP
261,HPPPPPHPHPPPPHHPHPHPPPPPP
262,PPPPPPPHHPPHPHHHPPPPHPPPP
263,PHPPPPPPHPHPPPPPPPPHPHPPH
264,PPPHHPPPPHPPPPPPHHPPHPPHP
265,PPPHPPPPPPPPPHPPPPHHPHHPH
266,HPPPPPHPPPHPPHPPPPHPHPPPP
267,PPPPHPPPPHPPPPPPHPPPPPHHH
268,HPPPPPHPPPPPHPHPPHPPHPPPH
269,PPHPPPHPPPHPHPPPPPHHPHPPP
270,PPPPPHPHPHPPPPPHPHPHPPPPH
271,HPPPPPPPPHHPPPPHPHPPPPHPP
272,PPPPPPPHPHPPPHHPPPPPHHPPH
273,HPHPPPPPPHPHPPPHPPPPPHPHP
274,PPPPHHHPPPPPPPHPPPPPHPHPP
275,PHPPPPHPPPHHHPPPPPPPPPPHP
276,PPHPHHPHPPPPHPPPPPPPPPPHP
277,PHPPPHPPPPHPPPPHPPHPPHPPP
278,PHPHPHPPPPPHPHPPPPHPPPHPP
279,PHPPPPPHPPPPHHPPPHPPPPPHP
280,PHPPHPPPPPPHPPHPPHPPPPPHP
281,PPPPHPHPHHPHPPPPPPPPHPPPP
282,HPHHPPPHPHPPPPPPPPHPPPPHP
283,HPPPPHPPPPPPPPHPHPPPHHHPP
284,PPPPPHPHHPHPPPHPPPPPPPHPH
285,PPPPPHPPHHPPHHHPPPPHPPPPP
286,PPPPHPHPPPPPPPPPPPPHHPPHH
287,PPPPHHPPPPPPPPHHHPPPPPPPH
288,PPHHPPPPPPHPPHPHPPPPPPHHP
289,PPPHPPPHPHPHHPPPHHPPPPPPP
290,HPPPPPHPHHHPPHPPPPPPPPPPH
291,PHPPHHPPPPPPPPPPPHPPHHPPP
292,HPHPPPHPPHPPHHPPPPPPPHPPP
293,PPPPHPHHHPPHPPPPHPPPPPPPP
294,PPPPHPPHPHHHPPHPPPPPPPHPP
295,HHPPHPHPPPPPPPHPPPPHPHPPP
296,PHPPPPHPHPPPPPHPPPPHPPPPH
297,PPPHPPPPPHPHPPHPPPPPPPHPH
298,PPPPHPPPHPHHPPPHPPPHPPPPP
299,HPPHPPPHPPPPHPPPPPPHPHPPP
