id,sequence
0,PHHPPPHPPHPPPPPHHPPHPPHPP
1,PPPHHHPPPHPPPPHPPPHPHPPHP
2,PHPPPHPPPPPPPPHHPHHPHHHPP
3,PPHPPPPPHPHPHPPPHHPHPPPHH
4,HPPHHPHPPPPPPPPPPPHPPHPHH
5,PHPPPHPPPHHHPPHHHPPPPPHPH
6,HHPHPPHPHPHPPPPPHPPPPHPPP
7,PPPPPPHHHHPPHPPHPPHPPHHPP
8,HPPPPHPPHPPHPHPHPHPPHPPPP
9,HPPHHPHHHPPPPPPPPPPPHHHPH
10,PPPHPPHPPPHHHPPPPHHPHPPHH
11,HPPPPHHPPPPHHHHPPPPPPPPHP
12,PPHHHPPPPPPHHPHHPHPPHPPPH
13,HPPPHPPPHPPHPHHHPPHPHPPPP
14,HPHHPPPPPPHPPHPHPPHPPPHHH
15,PPPPPHHHHPPPPPHHPPPPHHPPP
16,PHPPHPPPPHPPHPPHHPPHPPHHH
17,PHHHHPHPHPHHPHHPPPPPPPPPP
18,PPHPPPPPPHHHHHHPPPHPPPPPH
19,PHPPPHPPHPPPPHPHPHPPPHHHH
20,PPHPPHHHHHPPPPPHHPHPPPHPP
21,PHPPPPPPPHPPPPHPHHPHHPHPP
22,HPHPHPPPPPPHPPPHPPHPPPHPH
23,HPHPHPPPHPHHPPPPHPPPPPHPP
24,PHHHHPPHHPPHPHPPPPPPHPHPP
25,PPPHPPHPPHHPPPPHPPPPHHHHH
26,PPPPHHPHPPHHPHPPHPPPHHPPP
27,HPHPHHPPHHPPPPHPPPPHPHPPH
28,PPHPPPPHPPPPHPHPPPPHHPHPH
29,PPPPPPHPPHPHHHHPHPPPPHHHP
30,HPPHPPHPPPPPPHHPHPPPHHPPP
31,HHHPPPPPPHHPPPHHPPPPPHHPH
32,PPHPPHPPHPPHPPHPPHPPHHPPH
33,PHPHPPPPPPHHHPPPPPPHPHHHH
34,PHPPPHPHHPPPHPHPPHPPPPHHP
35,PPHPHPPHPPHHPPHHPPPHPHPHP
36,HPPHPPPPPPPPHHHHPHPPPPPPH
37,HPPPHPHHPPPPPPPPPHPHPPHHP
38,HPPPPHPHHHHHPPPPHPPHPPPHP
39,HHPHHHPPPPPPPPPPPHHPHPPPH
40,PPPPHPPPPPPPHPPPHPPPHHHHH
41,PHPHPPPPHPHPPHHPHPHPHPPPP
42,PHHHPPPPHHHPPHHHPPPPPPPHP
43,HPHPPPPPHHPPPPPPPHHHPPPHP
44,PPPPPPHPPPHHPHPHPHHHPPPHH
45,PPPPHHPPHPHHPPHHPPPPPHHPH
46,PHPPHPPHHPHHPPPPHHHPPPPHP
47,PPPPPHPPHHPPHPHPHPPPHHPPH
48,PHPHPHPHPPHPPPHHPHPHPPPPP
49,PPHPPHHPPPPPHPPPPHPPHPHHP
50,PHPPHHPPHPHHPPPHPPHPPPPPP
51,PPHPHHPHPPPPPPPHPPHPPHHPP
52,HPPPPPHPPHHPPPPPPHHPPPPHH
53,PHPPPPPHHPHPHPPPPPPPHHHPP
54,PPHHPPPHPPHHPPHPPPHHPPPHP
55,PHHPHPPHPHPHPPPPHHHPPPPPP
56,PPPHHPPHPPPHPHPHPPPHPHPPP
57,PPPHPPHPPPHPHHHPHHPPHPHPP
58,PPPPPHPPPHHHPHHPPPHHPHPHP
59,PPPPPHHPPHPPPPHHPPPHHPHHH
60,PPHPPPPPHPPHPHPPPHHPHPHPP
61,PHPPPPHHPPPPPHHPHHPPHPPPH
62,HPHPPPPHPPPHPPHPHPHPPPHPP
63,PPPHHPPHPHPHHPPPPHHPPPPHP
64,PHPHPHHPPPPPHHPPHPPHPPPPP
65,PPPPHHHHHPPHPPPPPPHPPPHHP
66,PHPPPHPPHHPPPPHPHHPHPPPPP
67,HPPHHHHHPPPPPPPHPPPHHPPPP
68,PPPPPPPHPPHPPPHPHHHPHHPPP
69,PPHPPHPPPPHHHHPHPPHHPPPPP
70,HHPPHPPPHHHPPHPPPHPHPPPPH
71,PPHPHPPHHHPPHPHHPPPPPHPHP
72,HPHPPPPPPHHPPPHPHPHPPHHPH
73,PPHHPHPPHPHPHPPPPPHPHPHHP
74,HPHPPPPHPPPHPPHHPPHHPHPPP
75,HHPHPHHPHPHHPPPPHPPPPPPHP
76,HPPHHPPPHHPHPPPPHPPHPPHPP
77,PHPPHPPHPPPPHHPPPPPHHPHHH
78,HPHPHPPPPPPPPPHPPHHHPHPPH
79,PPHPPPHHHHPPPHPPPHHPHHPPP
80,PPHPHPHPPPHPHPPPHPHHHPPHP
81,HPPPPPPPPPHPPPHHHPHHHHPPP
82,PPPPPHHPHPPPHPHPHPPHPPHHP
83,PHHPPPPPPPHPPHHHPHHPPPPHP
84,PPHHPHHPPPPPPPHHPHPPPPPPH
85,PPPPHPPHPPHHPPPHHPPHPPPHP
86,HHHPHPPPPPHPHPPPPHPPPHHPH
87,PPHPHPHHHPHPHPPPHPPPPHPPH
88,PPPPPHPPHHPPPHPHHPHPPPPPH
89,HPPPHHHPHPHPHPHPPPPHPHPPP
90,HPPHHPPPHPPHHPPPPPPHHHPPH
91,PPPHHPPPPPHPPPPPHHHHPPHHH
92,PHHPPPPPPHHHHPPHPPPPHPPPP
93,PPPPHPPHPPHPPPPHHPHHPHPHH
94,PHHHPHPHHPPPHPPHPPPPHPPHP
95,HHPHPPHPPPHHPPPHPPPPPHPHP
96,HHHPPHHPHPPHPPPPPPHPPHPHP
97,HHPHHHPPHPPHHHPPPPPPPPHPP
98,PHPPHHPPPHPPPPPPHHPPHPPPH
99,PPPHHPHPHPPHHPPPHPPHPPPPP
100,HPPPHPHPHPPPPPHPHPPPPHPPH
101,PHPPPHPPHPHPPHHPPPHPHPPPP
102,PHHHHPPHPHPPPPPPHHHPPPPPP
103,HHPHHPHPHPPPPPHPPHPPPPPPH
104,PPPHHHHPHPPPHHPPHPHPPHPPP
105,PHHHHPPHPPPPHPPHPPPHPPHPH
106,PHPPPHHPPHHPPHPPPPPHHPHPP
107,PHHPPPHHPPHPPHHPHPHPPPHPP
108,PPPPPPHHPPHHPHHPPPHHPPHPP
109,HHHHHHPPPPPPPPHPPHPPPPPHP
110,PPPHHPPPPPHHPHHPHPPPHPPHH
111,PHPHHHPPPPHHPHPPPPPHHPPPH
112,PHPPPHPPHHHHPPPHPPHPHPPPH
113,PPPPPPPHPPHPHPPHHHPHPHPPP
114,HPHPPPPPPHPPPHHPPHPHPHHPP
115,PHPPHHHPPHPPPPPPPHHPPHPHP
116,PPHPPPPPPPPHHPPHPHHPHHPPP
117,PHHHPPPPPPPHPPPHPPHPPHPHP
118,HHPHPPPPPPHPPHHPHPPHPHPPH
119,HPPHPPPPHHPPPHHHHPPPPPPPH
120,HPPHPHPPPHPPPPPHHHHPPPPHP
121,PHPHPPHHHPPHPPPPHPPPPPPPH
122,PPHPPPPHPPPPHPHPHPPHHPHPH
123,PHPPHPPPPPPHPHHPPPHHPHHPH
124,PPPHPPHHPPHPPPHPPPHPHHPPP
125,PHPHHPHPHHPPHPPPPPPPPHPPH
126,HPPPPPHPPPHHPHPPPPHPPHPHP
127,PPHPPHPHPHPHPPHHHHPPHPPPP
128,HPPPPPPPPHPPHHHHPPPPHPHHH
129,HHPPPHPPPPHPPHHPPPPPHHPPH
130,HPHPHPHPPPPPPPHHHPHPHHPPP
131,HHPPHPPPPHPPHPPPHPPHHPPPP
132,PPPHHHPPHPPHPPHHPPPPPPHPH
133,PPHPPHPPHPPHPPPPPPHPPHHHH
134,HPPPHPPPHPHPHHHPHHPPPPPPP
135,PPHPPPHPPPPHPPPPPPHHHPHHP
136,PPPHHPPHPPPHHPPHPHHPHPPPP
137,PHPPPPPHHPHHPPHPHHPPPHPPP
138,PPPHPPPPPHPPPPHPPPHHHPHHP
139,HPPHPPHPHHPHPHPHPPPPHPHPP
140,HPPPHHPHPPPPHHPPPPPPPHHPH
141,PPPHPPHPHHHHPPPPPPHPHPPPP
142,PPPHPHHHPHPPPPPPPPPPHHHPP
143,HPPPPHHPPHPPPHPPHPHPPPHHP
144,HHPPPPPHPPPPPHHHHPPPHPHHP
145,PPHPPPHPHPHPPPPHHPHPHPPPH
146,PPPPHPPPPHPHHPPHHHPPPPHPP
147,PPPHPPHHHPPPHPHPPPHPPPPPH
148,PPPPPPHPPHPPHHPHHPPHHPPHP
149,HPPPPHPPHHHPHPPPHPPPPHPHP
150,HHPPPPPHPPPHPHPPHHPHPHPPP
151,HPPHPPPHPHHPHPHHPHHPPPPPP
152,PPPHHPPHPPHHHPPPPPPHPPPHP
153,HHPPPHPPHHPHPPPPPHHPPPHPH
154,HPPHHPPHPHHPPPHPPHPPHPPPP
155,PPPPPPHHPPPHHPHPPHPPHPHHP
156,PHPPHPPHPPPPHPPPPHHPPHHPH
157,PPPPPHPHPHPHPPHHPPHHHPPHP
158,HPPPPHHPPPPPPPHHHHPHHPPPP
159,PPHPHHPPHPHPPPPHHPPPHPHPP
160,PPPPPPPHPHHPHPHHPHPHPPPHP
161,PPPPHHHPPPPPPPPHHPHPHPHHP
162,PHHPHPPHPHHPPPPPPHPHPPHPH
163,PPPHHHPPPHHPHPPHHPPPPPPHH
164,PHHPPPHHHHPPPPHPPHHPPPPPH
165,PHPPPHPPPPHHPPPPPPPPHHHHH
166,HPPPPPHHHHHHHPPPPPPPHPPPH
167,HHPPHPPPHPHPPPHPPPPPHPHPP
168,PPPPHHHPPPPHPPPPPHPPHHPHH
169,HPPHPHPHPHPPHPHHHPPPHPPPP
170,PPHPPPHPPPPPHHHHHPHPHPHPP
171,HHPPPPHPPPPPPPHPHHPHPHPPH
172,PHHPHPPPPHPPHPPPPHHPHPHPP
173,HHPHPPHPPPPHHPHHHPPPPPPHP
174,HHPHHPPPPPPHHPPPPHHPPHPHP
175,PPHHHPPHHPPPPHPHHPPPHPHPP
176,PPPPPPPPHHHHHHHPPPPPHPPPP
177,HPHPPHPPHHHPHHPPHPPPPPPPH
178,HHPPPHPPPPPHPHPPPHHPPHPPP
179,HHHPHPPPPHHPPPPPPPHPHPHPP
180,PHPPPPHPPPHHPPHPPHHPHPPPH
181,PHPHPHPPPPHPPPPPHPPHPPHHH
182,PHHPPHPPPHHHPPPPPPPPPPPHH
183,PHHPHPHPHPPPPHPHHPPHPPHPP
184,PHHPPPHPHPHPHPPPHPPHPHPPH
185,HHPHPPPHPHHPHPPPPPPPPHPPP
186,HPHPHPHHPPHHPPHPPPHPPPPHP
187,HHPHPPPPPPPHPHHHPPPPHPPHH
188,HPPPPHHHPPPPHPPPPHHHPPPPH
189,HPPPPPHHPPPPPPPHPHPHHPHHP
190,HPPHPHPPPHHHHHPPPPPHHPPPP
191,PHHPPPPPHPPHHPPHHHHPPPPHP
192,HPPPHHPPPPPHHHPHPHHPPPPPP
193,PHHHPHHPHPHHPPPPPHPPPPHPP
194,HPHPHPHHPPPPPHHPPHPHPPPPH
195,HHHPPHPPPPHPPPPHHPPPPHHHP
196,PHPHHPHPHPHPPPPHHPHPPHPPP
197,HPPPPPHPPHPPPPHPPHHHHHPHP
198,PPPPHPPPHPHPPPPPPHHHPHPHH
199,PHHHPPPPHHHPPPPPPHPPHPHPP
200,PPPHHHPHPPHPPHPHPPPPHPHHP
201,HHPPPHPPPPPHHPHHPPPHPHHPP
202,HPHHPPPPHPHPHPPPPHHPHHPPP
203,HPPPPPHHPPPPHPPPPPHHPHPHP
204,HPHHPPPPPPHHHPHPHPPPPHPPH
205,PPHPHPHPHPPHHHPPPPHPPPHPP
206,PPHPHPPHHPPPHPPPPPHHHHPPP
207,PPPPPHPPHPPHHHPPHPPPHPHHP
208,PPHPPPPHPPPPPHPPHHHPHPHHH
209,PPPPPPPPHHHPHHPHHPHPPPPPP
210,PHPPHHPPPHPHPPHHPHPHPHPPP
211,PPHPPPHPPPPPPHPHPHPHPPHPH
212,PPPHPPHHHPHPPHHPHPHPPPPPH
213,HHPHHHPPHPHPPPHPPPHPHPPPP
214,PPPHPPHHHPPPPHHPPHPHHHPPP
215,PPHHPHPHPHPPHHPPPPPPPHPPP
216,PHPHHPPHPPPPPPPPPHPPHHHPP
217,HHHPPPPHPPHPPPPPPHHPHPHHP
218,HPPHPHPPPPPPPHHPPPHHPHPPP
219,PPPPPPPPHPPHHPPPPPHHHPHHH
220,PPHHHHPPPHPPPPPPPPHPHHHPP
221,PPHHPHPHPPHPPPPHPPPPHHPPP
222,PHPPPHPPPPPPPHHPHHPPPHHPP
223,PHPPHHPPPPPPPHPPHHPHPPHHH
224,PHPPHHPPHHPHPPPHPHPPPHPHP
225,PPPHHPPHPHPHPHPPHPHPPHPPP
226,PPHPHPHPPPHHPPPHHPHPHHPPP
227,PPHHHHPPHPHPPPHHPPPPHPHPP
228,PPHHPPPPPHHPPPPPPHHHHPPHP
229,PHPPHPHHPPHPPPHHHHPPPPPPP
230,PPPPPPPHHHHPPPPHHPHPPPHHP
231,PHPPHHPPPHPPPPPHPPPPHPHPH
232,PHHHPPHPPHPHPPPHPHPPHHPPP
233,HHPHPPHHPPHHPPPPHHPPPPPHP
234,HPPPPPPPPPPPPHPHPHPHPHHHP
235,PHHHPPPPHHPPHPPPHPHHHPPPP
236,PPPHPHPHHPPPHHPHHPHPPPHPP
237,PPHPPHHPPPHHPPHPHPPPPPHHP
238,PHPPPPHHHPPHPPPHPHHHPPPPH
239,PPPPHPHPPPHPPPPPHHPHPPHHP
240,PPPPPHHHPPPPHPPPPPHPHHPHH
241,HPPHHPHPHHPPPPHPHHPPPPPPP
242,HHPPHPPHHPPPHPPPPHPPPHPPP
243,PPPHHPHPPHHPPPPHPPHHPPPPP
244,HPHHPHPHPPPHPHPPHPHPPPHPP
245,HPHHHHHHPPPPPHPHPPPPPHPPP
246,PHPPPPPHPHHPPHPPPPHHHPHHP
247,PPPPPHPPHPHHPHHPPHPPPPHPP
248,PPHPPHPPPPHHPHPHPHPPHPHPH
249,PHPPPHHPHPHPPPPPPHHPPPPHP
250,PPHPPPPHPHPHPPPHPHHHPPPHH
251,PHPPPHPHPPHPPHPPHHPPHPPPP
252,HHPPPPPHPPPHPHHHPPHPPPPPP
253,PHPPHPPHPHPHHPHPPHPHPPPHP
254,PHPPPPPHPPPHPPHPPHPPPHHHH
255,HPPHHPPPHPHPPHPPPHHPHHPPP
256,PPPPPPHHPPHPPHPHPPPHHHPPP
257,PHPHHPHPPHPHPPHPPHHPPPPHP
258,HPHPHHPHPHPPPPHPPPPPHHPHP
259,HHPPPPPHPPPHPPHPHPPPHPHHH
260,PHPPPHHPPPPHPPHPHHPHPHPPP
261,PPHPHPPPHPPPHHPHPPHPPHPHH
262,PPHPPPPHPPHHPPPPPPHPHHPHH
263,HHPHHPPPPPHPPHPHHPHPPPPPP
264,PHPPPPPHHPHPPPPHHHPHPHHPP
265,PPPPPPPPPHPPHPHHPPHPPHHHH
266,HHHPHPPPHHPHPPPPPPPHHPPHP
267,PPPPHPHPHHPPHPPHPPPHPPHPH
268,PHPPPPPPPPPHHPPPHPHPHPHHP
269,PPPHHPHPHHPPPPPHPPPPPPHPH
270,HHPPPHPPPPHPPHPHPPPPPHPPH
271,HPPPHHPPHPHHPHPHPPPPPPPHP
272,PPPHHPHHPPPHPPPPHHHPPHPPP
273,PHPPPHPPHPPPPPHPPPHPHHPPH
274,PPPPHPPHPPPHPPHPHPHPHPPHP
275,PPHPHPPHPPPPPPPPHHHHHPPPP
276,HPPHPHPHHPPPPHPPPPPHHPPHP
277,PHPPHHPHHPPHPPHPPPPPPHPPP
278,PPPHHHPHPPPPHPHPPPPHHPPPP
279,HPPPPPHHPHPHPPPPPHHHPPPPH
280,PPPPHPHPPPHPPHPPPHPHHHPHP
281,PHPPPHHHPPHHPHPPHPPPPHPPP
282,HPHPHPPPPHPPHHPHPPPPPHPPP
283,HPPHPPHPHHPHPPPPHPHPPHPHP
284,PPPPHPPPPHHPPHHHHPHPHPPPP
285,PHPPPPPPHHPPPPPPHHPHPPHPH
286,PHHPPPPPHPPPPPHPHHPHPPPPH
287,PPPHHHPPPPPHHPHPPHPPHPHPP
288,PPPHPHPPPPHPHHHPPPHPPHPHP
289,HPPPHPHPPHHHPPPPPPHPPHPHP
290,PPPPHPHHPPHPPPHPPPPHHPHPP
291,PHHPPPPPHPHPPPPHHPHPPHHPP
292,HPPPPPPHHPHPPHPHPHHPPHPPP
293,HHPHHPPPHPPPPHPPPHPPHHPHP
294,PPPPPHPHPHHPPHHPPPHPPPPPH
295,PHPHPPPPPPPPPPPPPHPPHHHHH
296,PHPHHPPPPPHPPHHPPPPPHHHPH
297,PPPHPPPPHPHPHPHPHHPHPPHPP
298,PPPHPPPPPPHPHHHHHPPPPHPHP
299,HHPPPHHHPPPPPHPPHPPPPHPHP
300,HPPHPHPPHHPPPPHHHPHPHPPPP
301,HPPPHPPPPPPHHHHPHPHPPHPPH
302,PPHPPPHPPHHPPPPPPHPHPHHPP
303,PHPPHPPHHPPPHPPHPHHPHHPPP
304,HHPPHPPHPPHPPPPPHPPPPHHPP
305,HPPPPHHPHPPHPPPHHPHPPHPHP
306,HPPHPPPPPPPPPPHPHHPHPPHPH
307,PHHHPPHPPHPPHPPPPPPHPHPPH
308,HPPHHPPPPPHPPHPPHPPHHPHPP
309,PPHPPPHHPPHHHPHPPHPPPPPPP
310,PPPHPPPHPHHHPPPPPPPHPPPHH
311,HPPPPHHPPPPPHHPPPPPPHHHHP
312,HPPPPPPHPHHHPHPPPHPHHPPPH
313,PHHPPHPHPPHPPPHPHHPPHPPPP
314,PHPHHHPPPHPHPHHPPPPPPHHPP
315,PPHHHPPHPHPPPHHPHPHPPPPHP
316,PHPPPPHPHPPPPHPPHPPHHPHHP
317,HPPPPPHPHHHPPHPHHPPPPPPPH
318,HPPPHPPPPHPPPPPHPPHHPPHPH
319,HHPPPHHPPPPPPPPHPHPHPPHPP
320,HHPPHPHPPPHPPPPHPPHPHHPPP
321,PHHHPHPHPPPPPPPPHPHPPHHPP
322,PPHPPHPHPHPPPHHPHPPPPPPPH
323,HHPPPPPPHPHPHPHHHHHPPPPPP
324,HPPHHPPPHPPPPPPPHPHPHPPHP
325,PPHPPPHPPHPPHHPPPHHPPPPPH
326,HPPHPPHHHPPHPPPPPHPPHHPPP
327,PHPHHPPPHHPPPHHPPHHPPPPPP
328,PHHHHPHPPPPHPPPPPPHHHHPPP
329,PPHPPPPPPHHPPPHPHPHPPHHHH
330,PPPHPHHPPHHPHHPPPHPPPPPHP
331,PPHPHPPHPPPPPPHPPHPHHPPPH
332,PPPPHPPPPHHHHPHHPHPHPPPPH
333,PHHPPPPPHPPHHPPPHPHPHPPPP
334,PPHHHPPPPHPPHPPPHHHPHPHPP
335,HPPPPPHHPHPPHHPPPHHHPPHPP
336,PHPHPPPPHPHHPHPPHHHPPPPHP
337,HPHPPPHHHHPPPPPHPPPHPPPPH
338,PHHPHHPPPPHHPPPHHPPHPHPPP
339,HHPPPPPHPPPHPHHHPPHPPHPPH
340,HHPPHPPPHHPPPPPHPPPHHPHHP
341,HPPPHHHPHPHPHPPPPPPPPHPPP
342,HPHHPHPPPHHPPPHPHPHPPPPPP
343,PHHPPPPPPPPPPPPHHHHHPPPHP
344,PPPPHHHPPPHPPPHHPHPHPPPHP
345,HHPHHPPPPHHPPPPPPPPHHPHHP
346,PPPPPHPPHPPHHHHHPPPPHPPPP
347,PPPHHHPHPPHPPPPPHPHPPHHPP
348,PPPPPHHHPHPHPPPHHPPPPHPPP
349,PPPPPHPHPPHHPPPPHHPPHPPHP
350,PPHPHHPPPPPHPHHPHPPHHPHPP
351,PHPPPHHPPPPPHHHPPPHPPHPHH
352,HPPHHPHPPPPHHPPPPPPPPHPPH
353,PHPHPHPHPPPPPHPPPHHPPPPPH
354,HPHHPPPPHHPHPPHHPPPHHPPPP
355,HHPHPPPPPHPPHHPHPPPPHPPHH
356,PPPHPPPHPPPPPHHHPHPHPPPHP
357,PPPPPHHPPPPPHPPPPPHPHHPHH
358,HPHPPHPPPHPPPPHPPHPPHPPHP
359,PHHHPPPPHPHPHHPPPPPHHPHPP
360,PPPPHHPPPHHPPHPPHPPPPHPHP
361,PPPPPHPHPPPPPHPHHHHPPPHPP
362,PHPHHPPPHPPHPPPHPPPPPPHHH
363,HPPPHPHPPPHPPPPHPHPHPHPHP
364,PPPPPHHPPPHPPHHHPHPPPHPHP
365,HPHPPPPPHHPPHPPPPHHPPPPHP
366,HPPPPPPPHPPHPHHHPPHPPPHPH
367,PHPPHPPPHHPPPHHPPPPPPPHPH
368,HPPPPPPHPPHPPHPPPPPHHPHPH
369,PHPPPHHHPHHPPPPHPPHPPPPHP
370,HHHPPHPPPHPPPHPHPHHPPPPPP
371,HPPHPPPPPHHPPHPPHPHHPPPPH
372,HPPHPPPPHPPPPPPPHHPPPPHHH
373,HPHPHPHPPHPHPPPPPPPHHPPPH
374,HHPPHPPPPPPHPPPHHHPPPHPPP
375,PHPPPPHPPPHHPHHPPHPPPPPHP
376,PPPPPPHPPPHHPPHPHHHHPPPPH
377,HHHPPPPPHPPHPPHPPPHPPHPPP
378,PPPHPPPHPPHPHPPPPHHPHHPHP
379,PHHHPPPHPPPHPPHPPPPPHPHPH
380,PPHPPPPPPHPHPPPPPHHHHPPPH
381,HPPPPPPHHHHPPPPHPPPHPPHPP
382,PHPPHPHHPPHPPHHHHPPPPPPPH
383,HPPPPPHPHHPHPPPHPHPPPPHHP
384,PHPHPHPPPPHPHPHPPHPPPHHPP
385,PPPHPHHHPPPPPPPPPHPPHPHHP
386,PHPPPPPHHPHHPPHHPPHPHPHPP
387,HPPHHPPHHPPPPPPHPHHPPPHPH
388,PPHHPHPPHHHPPHPHPHPPPPPPP
389,HPHPPHPPPPPPPPPPHPHHHHPHH
390,PHHHPPHHPPPPPHHPPPPHPPHHP
391,PHPPHHPHPPHPPHPHPPHHPPPPH
392,PHHHPPHPHPHPPPPPPHHPPPPPH
393,PHHPHPPPPPPPHHHPPPPPPHPPH
394,HHHPPPPPHPHPPHPHPHPPPHPPP
395,PPPPHPPHPPPHHHPPHHPHHPPPH
396,HHPPHHPPHPPPPPPPPPHPPHHPH
397,PHPPHPHPPPHPPPPPHHPPPPPHH
398,HHPPPPPPPHHHPHPPPHPPPHPPP
399,HPPPPHHPPPPHHPPHPPPPPPPHH
400,HHHHPHHPHPHPPPPPHPPHPPPPP
401,HPPPHHPPPPPPPHPHPHPHHHPPP
402,PHHHHPPPHHPHPHPPPPPPPPPHH
403,PPPHHHPPPPHHPPPHPHPHPPPPP
404,PHPPPHPPHPHPPHPPPPPHHHPPH
405,PPHPPPHHPPPHPPHPHHHHPPPHP
406,PPHHPPPHPHPPPHHHPPPPPPPPH
407,HPHHPPPPPPHPPPPPHPHPPPPHH
408,HPPPHPPPPHPPHPHHPHHHPPPPP
409,PHHHHPPPHPHHPPPPPHPPPHHPP
410,PPPPPHPHPPPHPHHHHPHHPHPPP
411,PPPHPHHHHPHPPHPPPPPPPPHPH
412,PHPHPPPPPPHHHPPHPHPPPHHPP
413,PPPHPHPHPHPPPPHPHPPHPPHPH
414,HHPHPPPPHHHPPPHPHPPPPPHHP
415,PHHPPPPPHPPPHHHPPPPHPPHHH
416,PHHHPHPHPPHHHPPPPPPHPPPPP
417,PPHPPPPPPHPPPPHHPPHHPHHHH
418,HPHHPHPPPPHPPPPHHPPPPHPPP
419,PPHPPPPPPPHPPPHHPHPHHHPHH
420,PHPPPPPHPPHPHHHPPPPHHPHHP
421,PPHPHHPHPHPPHHPPPHPPPPHHP
422,PPPPPPHPPHPHHHPPPHHPPHHHP
423,PHPHPPPPPPPHHHPHHPPHPPHHP
424,HPPPPHPPPPPHPHHHPPPHHPPHP
425,PPPPPHPPHPPPHPPHHPHHPHPHP
426,PPHPPHPHPPPPPHHHPHPPHPPHP
427,PPPHPPHHHPPPHPHPHPPPPPHHH
428,PPPPPHPHPHHPPPPHPHPHPHHPP
429,PPPHHPPHHHHPPPHPPPPPPPHHP
430,PHHPPHPHPHHPPPPHPPPPPPHPP
431,PHPPPHHPPPPHPHHHPPHHPPPPH
432,PPPHHPHPPHHPPPHPHPHPHPPPH
433,HHPPHPPPPPPHPPPPHPPPPHHHP
434,HHPPHHPPPPPHHPPHPPPHPHPHP
435,PPPPPPHPHHPHHPPHPHHPPHPPH
436,PHPPPPHHHPHHPPHHPPPPPPHPP
437,PHPPHPHHHPPHPHPHPPPHPPHPP
438,PPPPHHPPPPPHPPHHPHHPPHPPH
439,HPHHHPHPPHPPHHPPPPPPPPHPP
440,HPPHPPPPPPPPPPHPHHPPPHHPH
441,HHPPPHHPPPHHPHPHPPHPPPPPP
442,PHHPHPPHHPPHPHPPPPHPPHHPP
443,PPHHPPPHHPPHPPPHPPPHHHPHP
444,PPHHHPPHPPHPPPPHHPHPHPPHP
445,HPPPPPHHPHHPPPHPPPPPHHHHP
446,PPPHPHPPPPPHHPPHPPPHHPPHP
447,PPHPPPPHHPHPHPHPHHPPHHPPP
448,HPPHPHHPPHPPPHPPPPPPPHPPH
449,PPPPPPHPHPPHPPPPPPPHHHPHH
450,HHPPPPHHPPHHHPPPPPHPPPPPP
451,PPPPHPPPHPHHHHPHHPPPPPPHP
452,HHPPPPPHHPHHPPHPHPPPPHHPP
453,PHPPPHPHHHPHPPPPPPPPPPHHH
454,PPHPHPPPHPHHPHHPPHPPPPPPP
455,HHPPPHPPPPPPPHHHPHPPPHPPP
456,PPPPHPPPPHHPHPHPHPHHPPPPP
457,HHPHHHPHPPHPPPPPHHPPPPPPP
458,PHPPPHHHHPHHPPHPPPPPPHHPP
459,PPPPPPPHHHHPHHPHPHPPHPPPP
460,PPPPPPHPHPHPPHPHHHPHPHPPP
461,HHHPHPPPPPHPPHPPPPHPPPHHP
462,PPHHPHPPPHHPPHPHHHPPPHPPP
463,HPPHHHPPPHHPPHPHPPPPHPHPP
464,PPPHPHPHHPPPPPHHHHPPHHPPP
465,HHPPPPPPHPPPHHPHPHPHPPPPP
466,PPHHHPPHPHPPPHPPPPPPHHHPP
467,PPPPPHHHPPPPPPHPPHPPHPHHH
468,PHPHHHHPPPPHPHPPPPPPHPPPP
469,PPHHPHPPPPPPPHPPHHHHPPPPP
470,HPPHPHHPHPPPPPPHHHPPPHHPP
471,PPPHPPHPPHPHPPHPPHHHPPHPP
472,HPPPHHPHPPPPPPHHPHPPHPPPP
473,PHPPPPPPHHPPHPPPPPHPHHHPH
474,HHPPHHPHPPHPHPPHPPPPPHPPH
475,PHPHHHPHPPHPPHPHHPPPPPPPP
476,PPPHPHPPPHPPHPPHHHPPHHPPP
477,PPHHPHPHPHHHPHPPPPPHPPPPH
478,HPPPPPPHPPPPPHHHPPHHHPPHP
479,PPPPPPPPHHPHPHPHPHPHPPPHP
480,PPPPPPHHPHPHHPHPPPHHPPPPH
481,PHPPPHHPPHPHHHPPHPPHPPHPP
482,PPPPPHPHHPHPPPPPPPHHPPPHH
483,HPHHPPHHPHPPPPPPPHHHHPPPP
484,PHPHPPPPHPPPHHHPHPHHPPPHP
485,PHPHHPHHPPPPPPPPPPHHPPPHP
486,PPHPHHHHPPPPPPHPHPPPPPHHP
487,PHPPPHPPHPHHPPPHPPPPPHPPH
488,HHPPHPPHHPHHPPHPPHPPPPHPP
489,HHHPPHPPPPHPHPPHPPHPHPPPP
490,PPPHHPPPHPPPHHPPPHPPPPPHH
491,HHPPPPHHHPPHPHHPPPPPPPHPH
492,PPHPPPPHPPHPHHHPPHPHHPPPP
493,PHPPPPPHPPHPHHPHPPPPHPPPH
494,HPHHPHPPPPHPPPHPHHPPPPHHP
495,PPHPPPPPHPHHHPPPHHHHPHPPP
496,PPPPPPPPHPPPPHHHHPHPPPHHH
497,PPHPHPPPHHPPPHHHPHHPHPPPP
498,PHPPHHPPPPPHHHHHHPPPPPPPH
499,HPHPPPPPPHPPHPHHHHHPPPPPH
500,HPPPPPPPPPPPHPHHHPPHPHHHP
501,PPPHPPHHHPPHPPPPPHPHHPPPH
502,HPHPPHHPPPHPHHPPPPHHPPPPP
503,HHHPPHPPPPPHPPPPHPHPPPPHP
504,PPHPPHPPPHHPHPPPHPHPPHHPH
505,PPPPPHHHHPPHHPPPPPPHPPPHP
506,HPHHPPPPPPPHHPPPPHPHPHHPP
507,HHPPHPPHPPPPHPPPHHPPPPHPP
508,PHPPPHHHPPHHPPPPPPPPHPHPH
509,HPHPPPHPPHPPHHHHHPHPPPPPP
510,PPPHPHHPPHHPPPHPPPHPHHPPP
511,HPHHPHHHPPPPHPHPPPPPPHPHP
512,PPPPPPHPPHHPPPHPPPPHHHHHH
513,HPHHHHHPHPHPPHPPPPPPPPPPP
514,HHHPPPPPHPPHPHPPPPPHHPPHP
515,PHHPPPPPPHHHPPPPPHPPPHPPH
516,HPHHPHPHPHPPPPPPPPHPHPPHH
517,HHHPPPPHPPPPPHPPPPHHHPHPH
518,PPHPHPPPPPPPHPHPPHHPPPHHH
519,HPPHHPPPPPHPHHPHPPPPHPHPH
520,PPHPPPPHPPPPHPPHPPHPHHHHH
521,HPPPHHPHPHPPPHPPHPPHPHPPP
522,PHHHPHPHPPPHPPPPHPPHPPPHH
523,PHPPHPPHPHHPHHPPHPHPPPHPP
524,PPHPPHHPPPHPPPHHHHHPPPPHP
525,PHHHPPPHPPPPHPPPHHPPHPPHP
526,PPPHPHPPPPHHPHPHPPHPPPPPH
527,HHHPPHHPPPPPHPHHHPHPPPPPP
528,PHPPPHHPHPPPHPHPHPPPPPPHH
529,PPPPHHPPPHPHPHPPHPHPPPPHP
530,PHPPPPPPHPPHHPPPHHHPHPPHH
531,PPHPHPHPHPHPPPHPPPHPPHPHH
532,HPPHPPPPPPHPHPHPPPHHPHPPP
533,PPPHPHPPPPPHPHHPPHPHHPHHP
534,PPHPPHHPPPPPPHHPPPHPPHPPH
535,PPPHPPHPPHHHPHPPPHPPPPPPH
536,HPPPPPHHPPHPPPHPHPPHPPHPP
537,PPPHHPHHPPPPHPPPHPPHPHPPP
538,PHPHPPPPHPHPPPPPHPHPPHHPH
539,PPPPPPHPHPPHHPHHPPPPPHPPH
540,PPHPHPHPHPPPHHPPHPPPHHPHP
541,PHPHHHPHHPHPPHPPPPPPPPHHP
542,HPPPPHHHPPPPHPPHHPHPPPPHP
543,PPPHPHHPPHHHHPHPPPPHPHPPP
544,PPPPPHHPHPPPPPPHHHHPPPPPH
545,PPHPPPPHPHHPPHHHPPHHPPPPP
546,HPHPHPPPPHPPPHPHPPPHPPPPH
547,PPPHPHPPPPHPPPHPHHPHPPHPP
548,PHHPHHPPPPHPPPPPHPHPPPPHH
549,PHHHHPHPPPPPHHPPPPPPHPPPP
550,HPHPPPHHHPPPHPPHPHPPPHPHP
551,HHPPPPHHPPHHPHHPHPHPPPPPP
552,HPHHPPPPPHPHPPHPPPHPHHPPH
553,PPPHHHHHPPPHPPHPPPPPPHPHH
554,HPPHHPPHHPPHPHPPPHPPPPPHP
555,HHHPPPHPPHPHPPHPPHHPPPPHP
556,PPHHHPPPPPHPPPPPPHHPPHPPH
557,HHPPPPPHPPPHHPPPPPPHHHHPP
558,PHPHPPPPHPHHHHPHPPPHPPPPP
559,PPHPHHPHPHPHPPHPHPPPPPHPH
560,HHPHHHPPHPHHHPPPPPPHPPPPP
561,PPPHHPHHPPPPPHPPHPHPPPHPH
562,PPPPPPPHHPHPPPHHPHHHPHPPP
563,PHHHHPPPHHPPPHPHHPPPPPHPP
564,PPPPHPHPPHPPPHPHHPPHPPHHP
565,HPPPPPPHHHPPPHPPHPHPHPPPP
566,HPPPHPPPPPPPPPPHPHPHPHPHH
567,HPHHHPPPPPPHPPHPHHPHPPPPP
568,PPHHPPPHPPHPHHPHPPPHPPHHP
569,HPPPPPPPPPHHPPHHPPHHPPPHH
570,PPPPPPHPPPHHPPHHPPHPHHHPH
571,PPHHPPHPHHPPPHPHPHHPPHPPP
572,HHHPHHPPPPPPHPPPPHHHPPPHP
573,PHPPPHHHPPPHPPPPHPHPPPHPH
574,PPHHHPHPPPHPHHPPPPHPHPPHP
575,HPHPPPHPPPPPHPHHHHPPPPHHP
576,HHPPPHPPHPHPPHHPPPPHPPPHH
577,HPPHHPPPPPPPPPPPHHPPHHHPP
578,PPHPPPPHHPHPPPHHPHPPHPHPP
579,PPPPPHPHPPPHPHHHHHPHPPPPH
580,PHHPPPHHPPHPPPHPPPHHPHPPH
581,PPPPHHPPPHPPHPPHPHPHHPHPP
582,PPPPHPPPHPHPHPPHHPPPPPPHH
583,PHPPHPHHPPHPPPHPPPPPHHHPP
584,PPHPHPHPPHPPHHPPPPHPHPHHP
585,HHPPHHHHPPPPHPPPPPHPHHPPP
586,PPHPHHPPHPHHPPPPHPPHPHPPH
587,PPPHPPPHPHPHHHPHPHPPHPHPP
588,PHPHPHHPPHPPHHHHPPPPPPPPH
589,PPHHPHPPHPHPPPPPPPHPHPPHH
590,PHPHHPPPPPHHHPHHPHHPPPPPP
591,PPPPPHHHPPHPHPHHHPHPPHPPP
592,HPHPHPPHPPPHPPHPPPPHHPPPH
593,PHPPPPHHHPHPHPPPHHPPPHPPH
594,PHHPPPHPHPHHPHPPPPHPPPPPP
595,PHPHHPHPPPPPHPHHPPHPPHPPP
596,HPPPPPPPPPHPPHHHPPPHPHPPH
597,PPHPPHPPHPPPHPPPHPPHHHHPP
598,PPHPPPHPPHPHHPPPPPHHPPPHP
599,HHPPHHHPHPPHPPPPPPHPHPPPP
600,PHHHHPPPPPHHPPHPPPHPPHHPP
601,PPHPPHHHPPPHPHPHPPPHPHPHP
602,PPPPHPPPHHPHHPHHPHPPHPPPH
603,HPPPPPPPPHPPHPHHPHPPPHPPH
604,HPHHPPHPPPHPPPPPPPHHHPPPH
605,PPPHHHHPPHPPPHHPPHPPPHHPP
606,HPPPPPPPHPHPHPHHPHHHPPPHP
607,HHPPHPPPHHPPHPPPPHPPPPPHP
608,PHHHPPPPPPHPPHPPHHHPPPPHP
609,PPPPPHPHPHPPHPPHHHPHPPPPP
610,PHHPHPHHPPPPPHHHPPPPPHPHP
611,PHHPPPHPPPHPPHHHPHPPPPPHP
612,PPHPPPHHHPHPPPPHHPPPPPPHP
613,PHPPPHHPPHPPHPHPPHPPPPHPH
614,PPPHPPPPHHPPHHHPPPPHHPHPP
615,PPPHHPPHHPPPPPHHPPHHPHPHP
616,HPPHPHHPPPHPPPPPPPHHHPPHP
617,PPPPHHPHHPHHPHPPPHPPPPHPP
618,PHHPPPHPPPPPPPHPPHHPHPPHP
619,PHPPHHPHPHPHPPPPPHHHPHPPP
620,PPHPPPHPHHPPHPHHHPHPPPPHP
621,HHPPPPHPHPPPPHPHPHPHPPPHH
622,PHPPHHHHPHPHPPHPPPPPPHPPH
623,HPHHPPHPHPPPPHHPPPPPPPHPP
624,HPHPPPPHPPPHPPHPPHPPPPHHP
625,PPHPHHHPHPHPPPPHHPHPPPPPP
626,PPPPPPPPPPHHHPPPHPHPHHPHP
627,PHPPPPPHHPHPHPHPPPHPHPPHP
628,PPPPHHPHPHHPPPPHPHPPPHHPH
629,PHHHPPHHPHPHPPPPHPPPPHPPH
630,HHPPPHPPPPPPPPHHHPPPPHHPP
631,PPPPHHHPPHPPHPPHPPHPHHPPP
632,PPPHHPPPPPHPPHHPHPPHPPHPP
633,PPHPPHHPPPPPHHHPHPPPHHPPP
634,PHPPHPHHPPPPPHPPPPPHPPPHH
635,HPPPPHPHHPHHPPHPPPPPPHPHH
636,PPPHPPPHPPPPHPHPPHHPHPPHP
637,HHPPPPHHHPPPPPHPPPPHHPPPP
638,HPHPHPPPHPPPPPPPPPHHPHHHH
639,PPPHPHPPPHPPPHPHPPPHHHPHP
640,PPPPHPHPPPHPHPHPHPPHPPPHP
641,HPHPPHHPPPPPPHPHPHPHHPHPP
642,HPPPHPHHPPPHPPPHHPPHHPPHP
643,PPPPPHPHHPHPHPPHPHPPHPHPH
644,PPHPHPHHPPPHHPPPHPHPPHPPH
645,PPHHPHPHHPPPPHPHHPPPPHPPP
646,PPPPPPPPPPHHPHPPHHHHHPPPP
647,HPPHPHHPPHPHPPPPPPHHPPHHP
648,PPHPPPPHHHPPPPHPHPHPHPHPP
649,PPHHPPPPPPHPPHPHPHPHPHHPH
650,PPHPHHHHHPPHPPPPHPPPHPPPP
651,PPHPHPHPHPPHPPPHPHPHPHPPH
652,PPPHPHPPPHHPPHHHHPPHPPPPP
653,PHPPPHPPPPHHHPHPHPHPPPPPP
654,PPPHPHHPPPHPPHPPPHHHPPHHP
655,PHPPPPPPHHPHHPHPPPPPHHPHH
656,PHPPHHHHPPPPPHHPPPPHHPPHP
657,HPPHHPHPPPPPPPHPPHHPPPPHH
658,PHHPPHHPHPPPPPPPPPPHHHHPP
659,PPHHPPHHHPPPPPHPPPHPPPHPH
660,HHHPPHHPHPHPHPPPPPPPPHPPH
661,HHPPPHHHPPPPPPPPHHPHPPPHH
662,PHPHPHPHPPHPHPHPPPHHPPPPP
663,HPPPHPPHHHHPHPPHPPHPPHPPP
664,PHPHPPHPPHPPPPHPHPHPPHHHP
665,PPPPHPHPPPHPHPPPPHPHHPHPP
666,PHPPHHPPPHPPPPPHPHHPPHPPP
667,HPPPHPPPHPPPPPHHHPPPPPHHP
668,HPPHPPHPHPPPPHPPHPPPHPHPP
669,PPPHHHPPHHPPHPHPPHPHHPPPP
670,HHPPHPPPPHHPPPHPPPPHPPHPP
671,HPPHPPHHPPHPPPHPPPPHPHPHP
672,HPPPPPHPPHHHHPHPHPHHPPPPP
673,PPHPPPHPHHPPPHHPHPPPPPHPH
674,PPPPPHHHPPPHPHPPHPHHPPHPP
675,HHPHPPHPPHPHPPPPHPPPHPPHP
676,PPPPHHPHPHHPHPPHHPHPPPHPP
677,PPHHHPPPPPHHPHHPPPPPHPHHP
678,HHPHPPPHPHPHPHPPHPPPPPHHP
679,PPPHPHPPHHPPPPPHPHHPPPPPH
680,PPPHPPHPPHHPPPPPPHHHHPPPP
681,PPPHPPHHPHPPPHPHPHPHHPPPH
682,PHPHHPPHPPPHPHHHPPHPPPPPP
683,HHPPHHPPHPHHPPPPPPHPPHPPH
684,HPPPPPHHPPHPPHHPHPPPPHPPP
685,PPHPPPPPHHHPPHPHPHPPHPPPP
686,PPHPPPHPHPHHPPPPPPHPPHPHP
687,HPPPHHHHPPHPHHHPPPPPPPPHP
688,PPHPHHHHPPHPPPPPPHPPPHPPP
689,PHPPPHHHPPPPPHHPPPPHPHPHP
690,PPPPPPHHPPHPPHPHHHHHHPPPP
691,PPPHHHPHPHPPHPPHHPHPPPPPP
692,PPHPPPPHPPPHHPHPPPHHPHHHP
693,PHPPPPPHHPHPPPHPHHHPPHPPP
694,PPHPHPPPPHPPPHPPPHHPPHHPH
695,HPHHPPPHPPHPPHPPPPPPHHHHP
696,PPHHPHPPPPHHHHPHPPPPPHPHP
697,PHPPPHPPHPPHHHPPPPHPHHHPP
698,HPPPPPHPHHPPPPPHHPPPPHPPH
699,PHHPPPHPPHPPHPPPHPHPPPPHH
700,PPPHPPHPHHPHHHPHHPPPPPHPP
701,PHHPPPPPPHHHHHPHHPPPPPPPH
702,HPPHHPHPPPPPPPPPHHHPHHPHP
703,PPHPPHPPPPPHHPPPPHHHPHPPP
704,PPHPHHHPHPHHPPPPPPPPPHHPP
705,HPHPPHHPPPHPPPPPPPHPPPHHP
706,PPPPPHPPHHPPHPPPHHHPPPHPH
707,PHPPHHPPPPHPHPPPPPHHHPPHH
708,HHPPPPPHHPHPHHPPPHPPHHPPP
709,PPPPPHHHPHHPPHHPHPPPPPHPP
710,PHPPPPPPHPPPPHPHHHPPPPHHP
711,PHHPPPPPHPHPHPHHPPPPHPPHP
712,HHPHPHPHHPHPHHPPPPPHPPPPP
713,PPPHHPHPHPPHHHPPPPPHPHPPP
714,PPHPPHPPPHPHHPHPPPPPHPPPH
715,HHHPHPHPPHPHPPPPHPPHPPPHP
716,HPHPHHPPPPPPHHPPHPPHHPPHP
717,PHPPHHPPHHPPPPHHPPHPPPPHP
718,HPHPPPPPPHHPPHPHPHPPHPPHH
719,PHHPPHPPHPPHHHPPPPPPHPPPP
720,PHPHPPHPPHPPHPPHHPPPPPHPP
721,PHPPPPPPPHPPHHPPPPHHPHPHP
722,PPPPPPHPHHPPHPHPHPHHPPHHP
723,PPPPPPHHPPHHHHHPPPPPHPPPP
724,PPPHHPHPPHPHPPPHHHPPPPPPP
725,PPHHPPHHHPPHHPPHPHPHPPPPP
726,PPHHPPPHPHHHPPPHPPPHPPHPP
727,HPHPPPPPHPPPHHHHHHPPPPPPH
728,HPHPHHPPPPHPPPPPPHHHHPPHP
729,PPHPHPPHPHPHPHPPPPPHHHPPH
730,PPPHHHPHHHPHPPPPPPPPPPPPH
731,PHHPHPHPPPPHHPPPHPPPPPHPP
732,HPHPPHPPHPPPPHPPPPHHPHHHP
733,PHPPPHHPPPHPHPPPPHHHPPHHP
734,PPPPPHHPPPPPPHHHPPPPHPPHH
735,HPPPHPPPPPPPHPPHHPPHPPHHH
736,PHPPHPHHHHPHPPPPPPPPHHPPH
737,PHHPHPPPPHPHPPPPPPPPHHHPP
738,PHPPPPHPPHPPPPHPPHPHHPHPP
739,PPPHHPPPPHPPPPHHHHHPPHPPP
740,PHPPHPPPPHHPPHPPHHPHHPPPH
741,HPPPPHHHPHPHPHHPPHPHPPPPP
742,PHPPPPPPHHPPPPPHHPPPHHPPH
743,PPPPHPPHPHPPPHPPPPHHPPHHP
744,PPHPHHPPPHPPHHHPPPPPPHPPP
745,PPHHPHPPPHPPHPPPPPPHPHPPH
746,PHPHPPPPHPPHPHPPPPHPHHPHP
747,PPHPPPHHPHHPPPHPPPPHPHPHP
748,PHHHPPPPPPPPHPHPPHHPHPHPH
749,HHPPPPPHPPPPHHPPHHPPPPHHH
750,HPPHHPHHPPPPPHPPPPHPHPPPH
751,PPPPPHPPPHPPHPPPPHHHPHPPH
752,PPHPPPHPPHPPHHPHHPPHHHPPP
753,PHHPHHHHPPPHPPPPPPPPPPPHH
754,PPPPPHHPHPPHHPHPPHHPPPHPH
755,HPHPPPPHPPPPHPHHPPPHPHHPH
756,HHPHPPPPPPHHPPHHHPPPPPHPH
757,PHPPPPPHPPHPPHHPPHPHHPHHP
758,PHPPPPPPPHHHPHPHPHHPPPPPH
759,PPPHHHPPHPPPPPPHHPHPHPPPP
760,PPPHHHPPHPHHPPPHPHPHPPPPH
761,PHHHPPPPHPPPPPHPHHHPPHPPP
762,HPPHPHPHPPHPPPPHPPPPPPHHP
763,PHHPPHPPPPHPPHHPHPPPPPHPP
764,PHPHPPPHPPHPHHHPPPPPPHPHH
765,PHPPPHHPPPPHPHPHPPHPPPHPH
766,PHPPPHPHPPPPPPHHHPHHPPPPH
767,PHPHPPPPHHPHHPPPPHPHHHPPP
768,PPHPPHPPPHHPPPHHHHHPPPPHP
769,HHPPPPPPHPPPPPHPHHHHPPPHP
770,PHPPPPHPHPHPPPHPPPHPHPHHH
771,HHHPHHHPHPPPPPHPPPPHPPPPP
772,HPPPHPPPPPPHHPHHPHHPHPPPP
773,HPPHPPHPPHHHHPHPPPHPPHPPP
774,PHPPPHPHPPHPPPPPHPHPPHPHP
775,PPHHPHPPHPPPPHHPHHPPPPHPP
776,HPPPHPPPPHPHHHPHPHHHPPPPP
777,PPPPHPHPPPHHHHPHHPPHPPHPP
778,PHHPHHPPPHHPPPPPPPHPPHPHH
779,PPHHPPHPPPHPPPPHHHHPHHPPP
780,PPPHPPPPHHPPHPHPHPHHPHPPH
781,PPHPPHPPHHPPHPPPPPPHHHPPP
782,PPHPPPHHHPHPPPPPPHPHPPPHP
783,HPPHHPPPPPHPPHHPHHHPPPPPP
784,HPHPHPPPPHPPPPHPHHPPHPPHP
785,HPPHPHPHPHHPPPPPHPHPPPHPP
786,HHPPPPPHHHHHPHPPPPPPHPHPP
787,PHPPHPPPHPPHHPHPPHPPHPHPH
788,PHHPHHHPHPHHPPPPHPPHPPPPP
789,HPPHPHHPHPPPHHHPPPPHPPPPP
790,HHPPPPPPHPPPPPPHPPPPHHHPH
791,PPPHPPPPHPPPPPPHPHPHHHPHP
792,HPPPPPPHHPPPHPPHHPHPPPHHH
793,PPPPPHPPPPPPPPPHPHHHHHHHP
794,PPPPPPPPPPPHPPHPPPHPHHHHH
795,PPPPHPPPHPPHHHHHHPPHPHPPP
796,HPPPPHPHPPHHPHPHPPPHPHPPP
797,PPPHHHHPHPPPPPPPPHPHPHPPH
798,PHHHPPPPHHPPPHPHPPHPHPHPP
799,PHHPHPHPPPHPPHHPHPPPPPHPP
800,HPPHPPHHHPPHPHPPHPPPPPPHP
801,PHPPPPPHHPHHHPHHPPHHPPPPP
802,PHPPPHHHHHPHPPPHPPPPHPPHP
803,PPHPHHPPPPHPPPPHPHPHPPPPH
804,PHPPPPHHHPHHPPHPHPPPPPPPP
805,PPPPHPPHPHPHPPPPHPHHPPHHH
806,HHHPPHHPPPPPPHPPPHPPPHHPH
807,PPHPPHPPPPPPPHPPPHPPHHHPH
808,HPPPPHHHHPHPHPPPPPHPHHPPP
809,HHPPHPPPPPPPPHHHPPHPPPPPH
810,HPHPHPPPPHPPPHHPPPPHPHPPH
811,HPPPHPHHHPPPPHPPPHPHHHPPP
812,PPHPPPPHHPPPHPPHPPPHPHHPH
813,PPPHHPPHHPHPPHPPPPPPHPHHH
814,PPHPHPHPPHPHPHPPPPHPHPPHP
815,PPHHHHHPPPPHPPHPPPPPPHPPP
816,HPHPPPPPPHPHHPPPHPPPHPPPH
817,HPHPHHPHHPPHPHPPHPPPPPPPH
818,HPPPPPHPPPHPHPHPPPPHPHHPP
819,HHPPPHPPPHHPPPPHHPHPPPHPH
820,HPPPPHHPPHPPPPHPHPPHHHPPP
821,HPHHHPPPPHPPPPHHPHPPPPHPH
822,PHHPHHPPHPHPPHPHPPPHPPHPP
823,PHPPHPPHHPHPPPHPPHPHPPPPH
824,PPHPPPPPPPPPHHPHHPPPPHHHP
825,PHPPPPPHPPHHPHPPPPPPHHHPH
826,HPHHHHPPPPPHPPPPPPHPPPPHH
827,HPPHPPPPPPHPPHPHPPPPHHPPH
828,PHHPHPHPPPHPHHPPHHPPHPPPP
829,PHPHHPPHHHPPHPPPHPPPHPHPP
830,HPHPPHPPPPPPPHPHPHPHPHPPH
831,PPHPHPPPPHPPPHPPHPHPPHHHH
832,HHHPPHHPPPPPPHHPHPPHHPPPP
833,PHPHPHPHPHHPPPPPHPPHPHPHP
834,PHPPPPHPHPHPPPPPPHHHPPHPP
835,HPPPHPPPPPHHPPHHPPHPPPHPP
836,PHPHHHPHPPHPHPHPPPHPPPPPP
837,HHPPPPPPPPHHHPPPHHPPPPHPH
838,PHPHPPPPHPPHHPPHHPPPHPPPP
839,HHPPPHHPHPPPHPPPPPPPPPPHH
840,PHPPPPPPPHHPHPHPHPPHHPHPP
841,HHPHPPHPPPHPHHPHPPPPPPPPH
842,HPPHPHHHHHPPPPHPHHPPPPPPP
843,PHPPPPPPHPHHHPPPPHHPHPPHP
844,PPPHHHPPHPPHPHHPPPPHPPPPP
845,PPHPHHPPHHPPPPHHPPPHPHPPP
846,HPPHPHHHHPPPPPPHHPPHPHPPP
847,HHPPHHHPPHHHPPPHPPPPPPPPP
848,HPPHPPPPHHPHPHPPHHHPPPPPP
849,HPPPHPPHPPHHPPPPHPHHPPHHP
850,PHPHPHPPPHHPPHHPPPPHPPHPH
851,PHPPPPPHPPPPHHHPPHPHHHPPP
852,PHPHHPPHPPPHPPHPHPPPPHPHP
853,PPHHPPPHPHPPPPPHHPHPHPHPP
854,HHPPPHPHPPPPPHPPPPHHPHPPH
855,PHPPPPHPPHPPPHHPHHPHPHHPP
856,PPPHPHHPHHPPPPPPHPHPHHPPP
857,HPPPHPHPPHPPPHPHPPPHHPPPP
858,HPPPHHHPHHPHPHPPPPPHPHPPP
859,HHHPPHHHPPPPPPHHPPHPHPPPP
860,PPPHPHHPHPHHPPHPPPPPHPPPH
861,HPPPPPPHHPPPHPPPPHHHPPPHH
862,PHPPPHHPHPHHPHPPPPHPPPPPP
863,PPHHHPPPPPHPPPHPPPHHPPHHP
864,PPHPHPPHPPPPPHPPHPHPHHPPH
865,PPHPPPPPPPPHPHPPHHHPHPHHH
866,PHHPHPHHPPPPPHPHHPPPPPPHH
867,PPHPPPHHPHPHPPHPPPHHPPHHP
868,HHHPPPPPHPHHPPHPHPPPPPPPP
869,HPHPPHPHPPPPHHPPHHHHPPPPP
870,HPPPHHPPPHPPHPPHPPHPPHPPP
871,HPPPPPHHPHPPPPPHPPPHPHHPP
872,PPPPPPPPPHHHPHHHPPPHPHPPH
873,PPHHPPHPPPHPHPPPPPPPHHHHH
874,HPPHHPPPHHPPPPPHPPPHHPPHP
875,PPHHHPPHHPHPPPHHHPHPPPPPP
876,PPHPPHPPPHHHPPPHHPPPPHPPP
877,HPHPPHPHHPHHHHPPPPPPPHPPP
878,PPPHHHPPPPPHPPPHPPPPPPHHH
879,PHHHPPHHHPPPPHHPPHPPHPPPP
880,HPPPPPPPPHPPPHHHHPPPHHHPP
881,PHPPPPPPHPHHPHPPPPPPPHHHP
882,PHPPPPHPHHPHPPPPPPPPHHHPH
883,PPHHPPHPHPPHHPPPPPHHPPPPP
884,PHPHPHPPPPPPHPHPPHHPPPPHH
885,HPHPHHHPPPPPPPPHPHHPHPPPP
886,PPHHPPHPPHPPHHPHHPPPPPHPH
887,PPPHHPHPPHHPPPPPPPHHHPHPH
888,PPPHPPHHPPPPHPHPPHPPPHPPH
889,PHPHHHPPPHHPPPPPHHPPPHPHP
890,PPHHHHPPPPPHHPHPPPPHPPPHH
891,HHPPPPHPPHPPPHHPPPPHHPPPH
892,PPPPHPHHPHPHHPPPPPPHHHPPP
893,PPHPHPPPHPHPHPHPPHPPHPPHP
894,HPPPPHHPPPHPPPHPPPHHHPPHP
895,PPPPHPPPHPPPPPHHPHHPHHPPP
896,HPPPPPHPPPHHPPPPHHHHPPPHP
897,HPHPPPHHHPPPPHPPPPPPPHHPP
898,HPHHPHPHPPPPHPHPPHHPPPPHP
899,HHPPHPPHHPPPPPPPPHPHHHPPH
900,PHPHHPPPHHHPPPHPHPPPPHPPH
901,HPPPHHHHPPPPPPPPPHPPHHPHP
902,HPPPPHPPHPPHHPPPHHPPPPHPH
903,HHPHPPPHPHPPHPHPPHPHPPHPP
904,HHPHPPPPHHPHHHPHPPHPPPPPP
905,HHPPPHPPPHPPPHPPPPHPPHHHP
906,HPHPPHHPHHHPHPPPHPPPHPPPP
907,HPPHHPPPHHPPPPHPPPPHHPHPH
908,PPPPPPPPHHPHPHPPHPHPHPPHH
909,HHPPPPHHPPPHPPPHPHPPPHHPP
910,PPPPHPPHPPHPHPPPHPHPPHPHH
911,PPPHPHPPHPPHPHPPPPHHHPPPH
912,PPPHPHPPHHHPPPHHHPHHPPPPP
913,HHPPPPHPHHPPHHPPPHPPHPHPP
914,HHHPPPHHPPHPPHPHPPPPPPPHP
915,PPPPPPPPHHHPPPHHHHPHPPPPP
916,HPHPPPPPPPPHPPHHHPPPPPPHH
917,PPHHPHPPHPPPHHPPPHHHPPHPP
918,PPHPHHPPPHPHHPPHPHPPHPPPP
919,PHPHHPHPPHPHPPPHPPPPHPPHH
920,HPPPPPPPPPHHHHHHPHPPPPPPP
921,PPHPPPPHPHPPPPPPPHHPHHHPP
922,PHPHPHPHPPPPPHHPHPPHPPPPP
923,HHPHHHHPPHPPPPPPHPPHPHPPP
924,HPPHPPPHHPPHPHPPPPPHPHPPH
925,PPHPPHPPHPPPPPHPHHHPPPHPH
926,PHHPPPPHPPHHPPHHPPPHPPHPP
927,PPHHPPHPHPHPPPPHHPPHPPPHP
928,PPPHHPPHPPPHHHPPPPHPPHPHH
929,HPPPPPHHHPPPPHHHPPHHPPPPP
930,HPPPPPPPPHPPPPHPPPHPHHHPH
931,PPPHPPPHPPHHHPHPHHPPPPHPP
932,PPHHHPPPPHPHPHPPHPPPHPHHP
933,HHPPPPPPHHHHHPHHPPPPPPPPH
934,PHHPHPPHPHPHPPHPPHPHPPPPP
935,PPHPPPPPHPHHPHHHHHPPPPPPP
936,HPPPPPPPHHPPHPPHHPHPPPHPH
937,PPPPHPPPHPHPPHHHPPHHPHPPH
938,PPPPHPPPPPHHHPHPPPHPHPPPH
939,HPHHHPHPPHPHPPPPPPPHPPHPP
940,HHHPPPPPHPHHPHPHPHPPPPHPP
941,PHPPPHHPPPHPPHPHHPHPHHPPP
942,HHHPHHHHPPPPHPPPPPPHHPPPP
943,HPPHPPPPPHPHHPPHPHPPPPPPH
944,HPPHHHPHPPPPPPHPPHPPPHPHP
945,HHPPPHPPPPHHHPPPPPHHHHPPP
946,HPPPHHPHPPHPPPPHPHPPHPPHP
947,PPHPPHHHPPPPPPHHPPHPPHPPP
948,PPPHPPPHPHPPHPPHPHHPPPPHP
949,PHPHPPPHPPHHPPPPPHHHPHPPH
950,PPHPHPHHHHPPHPHPPPPHPPHPP
951,HPHHPPPPPHPPPPPPHPPHHPPHP
952,PPHPPHPPPPHHPPPPPHHPHHHHP
953,PPHHPHPPHHPPPHPHPPHPPHPPP
954,HPHHPHPPPPPPHHPPPPHHPPHPP
955,PPHHPPPPHPPPPHHPHHHHPPPHP
956,PPHPPPHHHPPPHPHPHHPPPHPHP
957,PPPHPHHPPPHHPPPHPHHPPPHHP
958,PPHHHPHPHHHPHPHPPPPPPPPPH
959,PPPHHHPPPPPHPHPPPPPHHPHHP
960,PPHPPPHHPPPHHPPPPPHPPHPPH
961,PHPPHPPHPPPHPPHPHHHHPPPHP
962,PPPPPHPPHHHHPHPHHPPPPHPPH
963,PPHHHPPPHPPPPHPPHPPPPHPPH
964,PHHPHPHHPPPPHHPPPPHPPPPPP
965,PHPHHPPPHPHHHPHHPPPPPPPPP
966,HHPPHPPHPPPHPHPPHHHPPHPPP
967,PHPHPHHPHPHHHPPPPPPHPPPPH
968,PPPHPHHPHPPPPHHPPHHHPPHPP
969,HPHPPPHPPPPPPPPHHPHHPPHPH
970,HHPHPPPPPHPPPPPHPPHPPHPHH
971,PHHHHPPPPPPPHHHPHPHHPPPPP
972,HPPPPPHPPPHHPPHPHPPHPHPPH
973,PHHPPPHHHHPPPPPPPPPHPPHHP
974,HHPPHPPPPPPPPHHPPHPPPPHHH
975,PHHHPPPPHPHPPPPPHHPPPHPHP
976,PHHHPPPPPPPPHPPHHPPHPPPHP
977,HHPPHPPPPPPPPPHHHHHHPPPPP
978,PPHPHHHPPHHPPPPPPHPPPPHPH
979,HHHHPPPPPPPPHHHPHHPPPPPPP
980,HHHHPHPHPHPPPPPPHPPPPHHPP
981,HPPPHHPHHPHPHPPPHPPHPPPHP
982,PPHHHPHHPPPPPHPPPPHHPHPPP
983,PPHPPHPHPPPHPPHPPHHPHPPPH
984,PPPPPHPPPHHHPPHPPPHPHPPHH
985,PHPPPHPPHPPPPHHPHPPPPPHHP
986,PPHPPHPPPPPPPPPHPHPPHHHPH
987,PPHHPPPHPPHHPPPPPHPHHPPPH
988,PPPHPPPPHHPPHPPHPHPPHPPHP
989,HPPPPHPPHPPPPHPHPPPPHHHPH
990,HPPPHPPPPPPPHPHPPHHPHHHPP
991,HPPHHPPPPPPPPPHPPHHPHPHPP
992,PHPHPPPHPPPPHPPPHPHHPPHPP
993,HPHPPHPPHPHHHPPHHPPPPPPPP
994,PPPHPHPPHHPPHHHHPPPPHPPHP
995,HPPPPHPHPPPHPPPPHPPHPHHPH
996,HPPPHHPPHPPPHPHPPPHPPPPPH
997,PPPHHHPPPHPPHPPPPPHHPHPPP
998,PPPPPHPPHPPHPPHPPPHPHHPHP
999,HPHPPPPPPHHPPPPHHPPHPPHHP
1000,PHHPHPPPPHPPPPPHPPPPHHHHH
1001,HPPPPHPPPHPPHPHPPHHPPHPPP
1002,HHPPHPPPHPHPPPPHHPPPHPPPH
1003,PPPPHPHHHPHPPHHPPPPHPPPPP
1004,HHPPPHHPPPPHPPPPHHPPPHHPH
1005,PPPPHPPHPPHPHPPPHPPPHHPPH
1006,PPPPHPHPHHPHHPPPHPHHPPPPP
1007,HPHPPPHPPPPHHPHPPHPHPHHPP
1008,HPPPPHPPPPHHPPPPHHPPPHPPH
1009,HPHPPPPPPHPPHPHPPHHPHPPHP
1010,PPPPPHPPPPPHPHHPPPHPHHHHH
1011,PPPHHHHPHPPHHPPPPPHPPPHPH
1012,PPPPPPPPHPHHPPHPPPHPPPHHH
1013,PPPHPPHHPHPHPPPPPPPPHPHPH
1014,PPPPPHHPPHHPHPPHPHPPHHPHP
1015,PPPPHHHPPPHHPHHPPPPHPPHPP
1016,PHHPHPPPPPPPPPPHPHHPHHPPP
1017,PHHPPHHHHHPPPHPPPPPPPPHPH
1018,PPPHHPPHPPPHPHPPHPPPHHHPH
1019,PPPPPHHPPPHHPHPPPHPHHPHPP
1020,PPHHPHPPPPPHPPHHHPPHPHPHP
1021,HPHHHPHHPPPPHPPPPPPPPHPHP
1022,PHHHHHPPPPPPPHPPHPPPPHPHP
1023,PPHHHPPPPPPPPPPPPPHHPHHHH
1024,HPPHHHPHPHPHPHPHPPPPPPPPP
1025,HPHPHPHPPPPHPHPHHPHPPPPPP
1026,HHHPHHPPPPHPPHHPHPPPPPPHP
1027,PPHHHPHHHPPPPPPPPPPHPPPPH
1028,HPPPHPPPPPHHPHHPPPHPHHPPP
1029,PPPHPPPHHHPPPPPHPPHPHHPPH
1030,PHPHPPHPHPPHPPHPPPHPPHPHP
1031,HPPPPPHHPPPPHHPHHHPPPPPHH
1032,HPPHHHPPPPPPHPPHHHPPHPPHP
1033,PPHPPPHPHHPPPHHPHPHPPPPPH
1034,PPPPHHPPHPPPHHPPPPHPHPPPH
1035,HHPPPPPPPPPPHPHHPHHHHPPPH
1036,PPPPHHPPHPPPHHHPPHPHHPPPH
1037,PHPPHPPPPPPPPPHPHPPHHPHPH
1038,PHHPPPPPPPPPPPPHHHHHHPPPP
1039,PHPPHHPHPPPPHHPHHPPPPHPHP
1040,HHHPPPHHPPHHHPPPPPHHPPPPP
1041,HHHPPPPHPPPHHPPPPPPPPHHHP
1042,PPPPPPPPPHPHPPHPPHPHPHHHP
1043,HPPHHPPPPHPHPPPPPPPHHPHPH
1044,HPHPHPPPHPPPHPPPHPPPPHPHH
1045,PHPPPPPPHHPPPPHHHPPHHPPPH
1046,HHPPPPPHPPHHHHPPPHHPPPHPP
1047,HHHPPPPPPPHHPPHHPPHPHPHPP
1048,HPPPPHPPPPPHPHPPHPHPPPPHH
1049,PPPHPPPPPHPPPPPPPHPHHPHHH
1050,PPPPHPPPPPHHPPHPHPPHPHPHP
1051,PPPPPPHPPHHPHPHPPHPHPHPPH
1052,PHPPHHHPHPPHHPPPPPPPPPHPH
1053,PHPPPPPPPHHPPPHHHPPPPHHPP
1054,HPPHPHPPPPPHPPHPPPHHPPHPH
1055,PPPPPPHPHHPPPHPPPHHPHPPPH
1056,PHPPHHHPPPPPHPHPPHPPHHPPP
1057,PPPPHHPPPHHPHPHPPHPPHHPPH
1058,PPHHPPPPHPHPPPHPPHPPPHPHP
1059,PPPHHPPPPHPPHHPPPPHHPPHPP
1060,PPPHPHPPPPPHPPHHPPPPPHHHP
1061,PPPPPHHHPPHPPPHHPPHPPPPPH
1062,HHPPHHPPPPHPPPPHPPPPPHHPP
1063,PPHPHHPPHPHPHPHPPPPHPHPPP
1064,HHHPPPPPPPPHPPHPHPHPPHPHH
1065,HPPPHPHHPPPHPHHPPPHPPPPPP
1066,PHHHPHPPPPPPHPHPHHHPPPPPH
1067,PPPPPPPPHHHPPHPHPPPHHPHHP
1068,PHHPHPPPHPPHPPHPPPPPHPPPH
1069,PPPPHPPPPPPHPHHPHHPPPPPHH
1070,PHPPHPPPPHHPPHHPPPHHPHPHP
1071,PHHPPPPPHPHPPHHHPPPPPHHHP
1072,PPHPPHPPHPPPHHPHHPHPPPPPP
1073,PPHPPPPHPPPHPPHPHHHPPPPHH
1074,HPPHPHPPPPPPHHPPPHHHHPPPP
1075,HPHHHPPHPHPHPPPPPHPPPPPHP
1076,PHHPPPPPPHPPPPPPHHPPHPHPH
1077,PHHHPPHPHHPHHPPPPPPPPHHPP
1078,HPPPHHHPPHPPHHPHPPPPHPPHP
1079,HHHPHPPHPPPPPHPHPPPPHHHPP
1080,HHHHPHPPPPHHPPPHPPPPPPPPP
1081,PPHHPHPPPPHPPHHPPHHPPHHPP
1082,HPPPPHPHPHPHPPHHHPPPPHPPP
1083,PHHPPPPHHHPPPPHPPPHHPPHPH
1084,HHPHPPHPPPPHPPHPPPHHPHPPH
1085,PPPHPHPHPHHPPHHPHPPHPPPPH
1086,PPHPPHHPPPHPHPPPHPPPPHHPH
1087,PPHPHPPPHHPPPPHHHPHPPPPHP
1088,HHPPHPPHHPHHHPPPPHPPPHPPP
1089,PPPHPPPPHHHHPHPPHPHPPPPHP
1090,HPPHPHPHHPHPHPPPPHPPPPHPP
1091,PPHPHPHPHHHPPPPPHPHPPPPHP
1092,PPHHHPPPHPPPPPHHPPPHHPHPH
1093,PHHPPPHPPHHHHHHPPPPPPHPPP
1094,PPPPHHPPHHPHPHPPPHPPPHPHP
1095,PHHPPHPHPPPHPPPPHPHHPHPHP
1096,PPHPPPHHPPPPHPPPPHHPPPHHH
1097,HPPPPHPHPPPPHPPPHPPHHHHPP
1098,HPPHHPPPPPPHHPHPPHPPHPHHP
1099,HHHHPPPPHPPPPPHPPPHHPPHPP
1100,HHPPHHPPPPPPPPPHHPPHPPHHP
1101,HPPPHHPPPHPHHPPPPHHHHPPPP
1102,HPPPHPHHPPPHPHPPPHPHPHPPP
1103,HPPPPPPPPHHPPPHPHHPPHPHHH
1104,HPHPPHPHHHPPPPPHPHPPHPPPP
1105,HPPHHHPPPPHPPPPHPHPPPPPHP
1106,PPPHHPPHPHPHPPHPPPHPPPPHP
1107,PPPHPPHPPPPPHPHPPPPHHPHHP
1108,PPHPPHPHPPPPPPHPHHPHPPHPP
1109,PHHPHHHHPPHPPHPPHPPPPPPPH
1110,PPHPPHHPPPPHPPPPPPPHPHHHP
1111,PPHPHPHHPHPPPPHHPPHPHPPPP
1112,HPHPHHPPPPPPPHPPHHHHPPPHP
1113,PPHHPHPHHPHPPHPHPPHHPPPPP
1114,PHHHHPHPPPPPPPHPPHHPPHHPP
1115,PHPPPHHHPPPPHPPPPHHPPPHPP
1116,PPHPPPHHHHHPPHPPPPPPPHHPP
1117,PHPHPPPPHHPHPHHPPHPPPPPPP
1118,HHPPPPHHPPHHHPPPPPPPPHHHP
1119,HHPPHPPPPHPPHHHPHPPHPPPHP
1120,PPHHHPPPHPPPPPPHHPHHPHPPH
1121,PPHPHHPPHPHPPPHHHHHPPPPPP
1122,PPHPHHPPHHHPPPHPPPPPPPHPP
1123,PPHPHHHHPPPPHHPPHPPPHPHPP
1124,HPPPHPHPHPPPHPPHPPPHPPHPP
1125,PPHHPPHPPHPPPHHPHPPHPPPPH
1126,HHPHPPHPHPPPPPHHHPHPPPPPH
1127,PPHPHHPHHHPHPPPPHPHPPPPHP
1128,HPPHPPHPPHPHPPHPPHPPPHPHP
1129,HPHPHHHPPPHHPHPHPPPPHPPPP
1130,PPHPPPPPHHPPPPHPPHPPHHPHP
1131,HPHPHPPHPPPHHPHPHPPPPPPHP
1132,PHHPPPPHPPPPPHPHPPPHHHHPP
1133,HPHPPHPPPHPPHPPPHHPPPPPPH
1134,HHHHPPPPPPHPHPPPHHPPHPPPP
1135,PPPPPHPPPPHPHHPHPHPPHHHHP
1136,HHHPHPPPPPPHPPHHPPPHHPPPP
1137,PPPHHPHHHHHPPHPPPHHPPPPPP
1138,HPPPHPPPHPHHPPPPPPHHPHHPP
1139,PPPHHPPHPPPPHHPPHHHPPHPPP
1140,PPHPHPPHPPHPPPPHPHPHPHPPH
1141,PPPPPHHPHPHPPHPPPPHHHPPHP
1142,HPPPPPHPPPHPHHPHHPHPPHPPH
1143,PPPPPPPPPHPPHHPPHHPPPHHHP
1144,HPPPHHPPPPPPPPHPHHPPPHHPP
1145,HPPPPPPPHPHHPHPPHPHHPPHHP
1146,HPPHPPPPPPHPHHHHPPPHPPPPP
1147,HPHPPPPPPHHHPPPPPPPPHPHHH
1148,PPHPHPPPPHPPHPPPHHHHPPPHH
1149,PHHPHPPPPHPHPHHHHPPPPPPPP
1150,PPPPHHPPHPPHPPPPPPPHHHPHP
1151,PPPHPHHPPHHPPPPHPPHHPPPHH
1152,HPPPHPHHPHPPHPHPPPHHPPPPH
1153,PPPHHPPPPPPHPHHPPPHHHHPPH
1154,PPPPPPPPHHHPHPPHHHPPPPHPH
1155,HPPPPPPHPHPHPPHPHPPHHPHPH
1156,PHHHHPPPPPHPPPPHHHPPPPPPP
1157,PHPHPPPPPPHPPHPPPPPPHHHHP
1158,HHPPHPPHPHPPPPPHPHPHPPHHP
1159,HPPPPHPHHPPHHPPHPPHPHPPPH
1160,HHPPPHPPPPHPHPPPHPPHHHPHP
1161,PPHHPHPHHPPPPPHHPPHPHPPPH
1162,PPHPHHPPPHPPPHHPPPPPHPPHH
1163,HPHHPPPHPHHHPPPHPPHPPPPPH
1164,HHHPHPPPPHPPHHPPPPPHHPHPP
1165,PHHHPPHPHPPPHHPPHPPPHPHPP
1166,PHPPPHPHPHHPPPHPPPPPPPHPH
1167,PPPPPPPHHHPHHPPHPHHPPHPPP
1168,PPHHPPHPHPHPHPPPPHPPHPPPP
1169,PHHPHHPPPPPPHPPPPHHHPPHPH
1170,PHPPPPPHHPPHPHPHPPHPHHPPH
1171,PHPPPPHPPHPHPPPHPPPPHPHPH
1172,PPHPHPHPPHPPPHHHHPPPPHPPP
1173,HPHHPPPPPPHPPPPPHPHPPHPPH
1174,PPPPHPPPPPPHPHPPHHPHPPHPH
1175,PPHPPHPPHHPHPPPPHPPPHHPPP
1176,HPPPPPHPPPHPPPPHHHHHPPPPH
1177,PHPPPHHPHHPHHPPHPHPPPPPPH
1178,PPPPPPHHHPHPHHPPPHPPPPHHP
1179,HPHHPPHHPPPHPHHPPPPPHPPHP
1180,PHPPPHHPPPPPPHPPHHPPHPHHH
1181,PPPHPHPPPHPPHPHHPPHPPHPPP
1182,PHHPPHPHHPHPPPPHPHPPPPPHH
1183,PHPPPPPHPPHHPHPPPPHHPPPPH
1184,PPPPPPPHPPPPPPHHHHHPPPHHH
1185,PHPHHHPPPHHHPPPPPHHPPPPPP
1186,PHPPPPPPHHPPPPPHHHPHPPHPH
1187,PHHHHPPPPPHPPPPPHPPHHPPPH
1188,HPPPHHPHPHPPPPPPPPHHHHPHP
1189,PPPHPPHHHPHHPHHPPPPPPHPPH
1190,HPPHPPPPPHPHPHHPPHPPPHPPP
1191,PPPHPHPPPPHHHHPPPPPHHPPHP
1192,PPHPPHPPHHHPPHPPPHHPPHPPH
1193,PPHHPPPHHHPHPPPHHPPHPPPPP
1194,PPPHHHPHHPHPPHPHPHHPPPPPP
1195,PPPPHPPPPHHPHHPPHPPHPHPHH
1196,HHPPHPPPPPPHPHPHPPHPPHPPH
1197,HPHHPPHPPPPPPPPPPHPPHHHPH
1198,HHPPPPPPPHPPPHHPPHPPPPHHP
1199,HPHPPPHHPPHPHPPHPPHPPPPHP
1200,PHPPPHPHPHPHPPHPHPPHPHHPP
1201,HHPPPPHPHPPPPPHPPHHHPPPPP
1202,HPHPPPHPHHHHPPPPPHPPHPPPH
1203,PPHHHHPPPHPHHPPPHPHPHPPPP
1204,PHPPPPPHHPPPPPHPPPPHHPHHH
1205,PPPHHPPPHPPHPHPPHPPPHPHPH
1206,PPHHPPPPPPPHHPHPHPHPHHPPP
1207,HPPPPPHHPHPPPHPPPHPPHHPPP
1208,PPPHHPPHPHHPPPHPHPPPPPPPH
1209,HHPPHHPPPPPPPHPPPHPPPHPPH
1210,PPPPPHPPPHHPPPHHHPPPHHHPP
1211,PPPHPPPPPPPHHHHPPHHPHPPPP
1212,HPPHPPPHHPHHPHPHPPHPPPPPH
1213,PPHHPPPPPPHPHPPPHHHPPPPPH
1214,HPPHHHHPPPPPHHPHPHPPPPPPP
1215,PPPPPPPPPHHPPHHPHPHPPPPHH
1216,HPHHPPPHHPPPHPPHHPPPHPHPP
1217,PPHPHHHPHPPPPPHPPPHPPHPHH
1218,PHPPPHHPPPPPPPHPPHPHPPPHH
1219,PPPPHPHHPPHPHHHHHPPHPPPPP
1220,HPHPHHPPHPPHHPPPPPPHPPHPP
1221,HPPPHPPHPPPHHPPHPPHPHPPPP
1222,PPPPHPPPHHHPPHPHPHHPPPPPH
1223,HPPHPPHPHPPPPHHPPHPPPHPPH
1224,PPHHPHHHPHPPPPPPPPHPHPPPP
1225,PPPHPPPHPHHPPHPHHPPHPPPPP
1226,PPHHPPPHHPPHPHPPPPPHPPPHH
1227,HHPPHPPPHHHPPPPPPHHHPHPPP
1228,PHHPPPHPPPHHPPPHHPPPPHPPP
1229,HHHPPHPPHPPPPHPPPHPPHPPHP
1230,HPPHPPHPPPPHHHPPHHHPPHPPP
1231,HPPPPPPPHPHPPPHPHPPPHPHPH
1232,PHPHPPHPPHPHHPHPPHPPPPPPH
1233,HHPPHPPPHPHHPPPPHHPHPPPHP
1234,PHPPHPPPPPPPPHPHHPHPHHHPH
1235,PPPPHPHHPHHPPHPPPHPPPHPPH
1236,PPHPPHPPPPHHPPPPPHPHHPPPH
1237,HPHPHHPHPHPHPHPPPPPPPPPHP
1238,HPPHHHHPPPHPPHPPPHPHHPPPP
1239,HHPPPPHHHPPHPPPHPPPPPHHPP
1240,PPPPPPPHHPPPPPPPPHHPHHHPH
1241,PPPHPPHPHPHHPPHHPPPHHPPPP
1242,PHPPPHHPHPPPPHPHPPHPHPHPP
1243,PPHPHHPHPPPPPPPPPPHPHPHHP
1244,HPHHPPHPPHHHPHPPPPPPPPHPP
1245,HHPPPPPPPPHPHPHPPHHHPHPHP
1246,HPHPPPPPHHPPPHPPHHPPPPHHH
1247,PPHHPPPPHHHPPHPPPPHPPHPPP
1248,HHHHHPHHPPPPPHPPPPPPPHHPP
1249,PPPHHPPPHHHHPPPHHPPHPPPPH
1250,PPPPPPHPPPHHHPHHPPHPHPHHP
1251,PPPPHHHPHPPPHPPHHHPPPPPPH
1252,PPHPHPPHPPPHPHPPHPPPHPHPH
1253,PHHHPPPHPPPHHPHPHHPPHPPPP
1254,HPHHPPPPHHPHPHPPPPHPPHHPP
1255,PPHHPPHPPPHHPPHPPPHPPPHPP
1256,PPHPHHPHPHHPPPHPPPPPHPHPP
1257,HHHPHHHPPPPPPPHPHPPPPPPHP
1258,HPHPPPPPPHHPHPPPPPHPPHPPH
1259,PPHPPPPPPPPPHPPHPPHHHPPHH
1260,PPPPHPPHPPPPPHHPPHHPHHHPP
1261,HHHPPPHPHPPPPPPPPHHPHPHPP
1262,PPPPPPPHHHPPHPHHHPPPHHPPP
1263,PPPPHHHPPPHPPPHPHPPPHPHPH
1264,PPHPPPPPPHHPPHHHHPPHPPPPH
1265,PPPHHHPPPHHHPHPPPPPHHPPHP
1266,PPPHPPHHPPPHHPPPPHHHPPPPH
