id,sequence
0,PPHPPPHPPPPHHPPHHPHPHHPHH
1,PHHHPHPHHPHPPPPHHPPPPHHPP
2,HPHPPPHPPHPHPHHHHHPHPPPHP
3,HHPHPHPPPPPHPHHPPPHHHPHPP
4,PPPHPPPPPPPPHHPHHHHHPHPHH
5,PPHPHHHHPPPHPHPPHPHHPPPHH
6,HPHHHPHPPPHHPHPPPHPPPPHHH
7,PHHHHHHPHPPPPHHPPHHPPPHPP
8,HHPHHHHPPHPPHHPHPPHPPPHPP
9,HPPHHHHHHHPHPHPHPHPPPPPPP
10,HPPHPHPPPPHHPPHHPHHPPHPHH
11,HPPPPPPHPHPHPHPHHPPHPPHHH
12,HHHPPHPPPPPHHPHPHPPPPHHHH
13,HHPPPHHPPPHPPHPPPPPHHPHHH
14,PPHHHHPPHPHHHHPHHPPPPPHPP
15,PHPHHHPPHHPPPPHHHHHHPPPPP
16,PPHPPPHPHHPHPPHHHPHPHPPPH
17,HPHHHPPHPHHHPPPHPPPHPPHPP
18,PHPPHPPPPHPPHPHHPHPHPHHHH
19,PHHHPPPPHPPHPPPHHPHHHHHPP
20,PHHPHHPPPPHHPPPPHHPHHPHPH
21,PHPPHPPHHPPHPPHHHPHHPPHHP
22,PHPHHHHHPPPPHHHPPPPHPHHPP
23,HHPPPHHPPHPHPHPPHHPHPHPHP
24,PHHHHHHHPPPPPPPHHPPPPHPHP
25,PHHHPPPPHHPHPPPHHPPHPHPPH
26,HPHPPHPPHHPPHHHPHPPHPPHPH
27,PPHPPHPPPHPHHPPHHPPHPHHHH
28,HPPPPPPHPHHHHHHPPHPPHPHPP
29,HHPPHPHPPHPPPPHPHHPHPHPHP
30,PHPPPHHHPPPPPHHPPPHHPHHHH
31,HHPPHPPPHHPPPHPHHPHHPPPPH
32,PHHPHHPPPHHPHHPHPPPHHPPPP
33,HHHPHPHHPPHPPHHHPPPPPPPPH
34,HHHPPPPPHHPPHPPHHHPPHPHPH
35,HPPPPPPPPHHPHPHHHHPPHHHPH
36,PPHHPHPHHHPHHPHHPPPPHPPHP
37,PHPPPPHPHHPHPHPPHHPHPHPHH
38,PPHPHHHHPHPPPPHPHHPPHHPPP
39,HHPHPHPPHPHPPHHPPPHHPPHHP
40,HHHPPHPHPPPHHPPPPPHPHHHHP
41,PHPPHHPPPPHHHPHHHHHPPPPPH
42,PPPPHHPHHPHPHPPPPHPHHPHHH
43,PPHPHPPHPHHPHPHPPHHPHHPPH
44,HPPPHPPPHHPHHPPHHHHPPHHPP
45,HPHPPPHHHHHPPPPHPPHHPPHPP
46,PPHPHHPPHHHHHPHPPPHHPPPPP
47,PHPPPHHPHPHPHPPPHHHHPPHPP
48,HHPPHPHHPPHHPPPPHPHPHPPHP
49,HHHPPPPPPHPHPPHPPHHPHHPHH
50,HPPPHHHHHPPPHPPPPHHPHPHPP
51,HPPPPPPHHHHHPPHHHPPPHPPHH
52,PPHPPHHPPHPPPPPHHPHHPPHHH
53,PPHHPHPPPPPHHHHHPPPHPPHHH
54,PHHHPHHPHPPPHPPHHPPHHPPPH
55,PPPHPHHHPHPPHHHHPPPPPHHPH
56,PPPPHHPHHHHPPHPPPHHHPPHHP
57,HPPHPHPHHHHPPPHPHPPPPHPHH
58,PPHHPPHHHPHPHPPPPPHHHHPHP
59,PPHPHHHPPPPHHHPPPPHPPHPHH
60,PPHHPHPPHHHHPPHHHPHPPPHPP
61,PPHPPPPHPHPPHHPHHPHPHPHHH
62,HPHHPPPPPHPPHPPHPHHHHPPHP
63,PHHHPPPHPHHPHPPPHPPPHPPHH
64,HHPHPPHPPPHHHPPPPHPHHHHPP
65,PHHHHHPPPHPPPHPHPHPPHPPHP
66,PHHPHPPHPHPPPPHPHPHHHHPPP
67,PHPPHHPHPHHHPPPPHPHHHPPPH
68,HPHHHPHPPPHPPPPPPHPHHHHHP
69,HPHHHPPPPHPPHHHPHPPPPHPHP
70,HPPHHHPPPPHPPPHPHHPPHPHPH
71,PPHPPHPPPPHPPHHHPPHHPHPHH
72,PPHHPHPPHPHHHHPHHPPPHPPHP
73,PHPHHPPHHHPPPPHPPHPHHHPPP
74,PPPHHPHHHPPPPHHHHHPPHPHPP
75,HHPHHPPHPHPPPHPPHHHPHPPHP
76,PPHHPHPHHHHPPPPPHPHHPPHPH
77,PHHPPPHPPHHHPPPHPPHPHHHHP
78,HPHHHPHPHHPPPPHHPHPPPPHPP
79,PPPHPHHPPHPPPHPHHPHPPHHHP
80,HHPHPPPHHHPHPPPHPHPPHHPPH
81,PPHPPHHPHPPHPHHPPHHPPHHPP
82,HPPPHHPHHPPHHPPPHPHHPPHPH
83,PPHHPHPPPPHPPHHPHPHPHHPHP
84,PHPHPPPHPPPHHPPHHPHPHHPPH
85,HPHPHPPPHHHPHPHPPPHPPHHHP
86,PHPPHPPHPHPPHHPPPHPHHPHHP
87,PHPHPHHPPPPHPPHHHHPHHPPPP
88,HPPHPPHPHPPHHPPHPHPHHPPHH
89,HHHHHHPPPHHPPPHPPPHHPHPPP
90,HHPHPPPHPHPPPHPHPHHPHPHPP
91,HPPPPHPPHHPHPPHHPHPPHPHHP
92,PPHPHPHHPPPPHHPPHHPHHPPPH
93,HHHHHHHPPHHPPPHPPPPPPHPHP
94,HPHHHPPPHPPHHPPPHPPPPHPHH
95,HPPPHPPHPPHPPHHHHHPPPPHPH
96,PHHHPHPPHHPPHPHHPPHHPPHPP
97,PPHPPPHHHHHPHHHPPHPPHPHPP
98,PHHPHHPPPHPHHPPPHHPHHPPPH
99,HHPHHPPPPHPPHPPHHPHPHHHPP
100,PPPHPPHPPHPPPHHHHHPHPHPHP
101,HHHPHHHPPPPHPPHPPHPPPPPHH
102,HPPHPHPHHHPPPPPHHHPPHPHPP
103,PPPHPHHPHHHPPHHPPPPHPPHHP
104,HPHHPPPPHPPPHPHHPPPHPHHPH
105,HPPHPHHPPPPPHHHHHPHPPPPHH
106,HPHPHPPPHPPPPPPHPHHHHPHHP
107,PPPPPPHHPHHHHPPHPHPHHHPPH
108,HPHPHPPHPHPHHPHHPPPHPPHHP
109,PHPHPPHHHHHHPPPPHHPHPPPPH
110,PPPHHPHHHPPPPPPHHHPHHHPPP
111,HHPPHPPHHHPHHPPHPPPPPHPHH
112,PHHHHPPHHPHPHHPHHPPPPHPPP
113,PHHPPHPHHHHHPPHPPHHPPPPHP
114,PHHHHPHPPPHHHPHPPHPPPPPPH
115,HPHPHPPPHPPHHHPHPPHHHPHPP
116,HPPHPPPPHHPHPHHHPPHHPPHPH
117,PPHPHPHHPHPPHPHPPPPHPHHPH
118,HHPPPPPHPHPHHHPPHHPHHHPPP
119,HPPHHHPPPPPHHPHPPHPPHPHHP
120,HHHHPPHPPHPHPPHPPHPPHHPHP
121,PHPHHPHPPPPPPHHHPHPHHHPPH
122,PPHHHHPPPPPHHPHHHPPHPHPPH
123,PHHPPPHPHHHHPHHPHHPPPPHPP
124,PPPHPHPHHPPPHPHPPPHHHHPHP
125,PHPPHHHHHHPPPPPHHPHPHPHPP
126,HHHPPPHHHPPPHPPHHHPPPPHPH
127,PPHHHPPPPPPHPHPPHPHHPHPHH
128,PPPPHHPHPPHHHPHPHHPPHPHPP
129,HHHPHHPPPPPHPPHPHHPHHPHPP
130,PHPPHPPPPPHPHHHPPHPHPHHHP
131,PPHHHPPPPPPHPHHHHPHHPHHPP
132,PHHHHPHHPPPHPPHHPPHHPHPPP
133,PPPHHPHPPPHHHPPHHPPHHHPPP
134,PHPHPPHPHHPPPHPHPPPHHHPPH
135,HHHPHPPPHPPHHPPHHPPPPHHPP
136,PPPHPPPHPPHHPPPPPHHPHHHHH
137,HHPPPHHPPPPHPPHPPPPHPHHHH
138,PPPPHHPPHPPHHPHHHPHPPHPHH
139,HHPHPPPHPPPHHPPHHPHPPHHPP
140,HHPHPHPHPPPHPHPPHHPPHHHPP
141,HPHPPPHHHPPHPPPHHHHPHPPHP
142,HHHHHHHPPPHPPPPPPPHHPHPHP
143,PPHPHPHPPHHHPHPHHPHHPPPHP
144,HHPHHPHPPPPPPPPHPHHHPPHHH
145,HPHHPPHPPHHHPPPPHPHHPHPHP
146,HHHPHPPPHHPPPHHPPPHPPHPPH
147,PPPHPPPPPPHPHHPHHPHHHPHHH
148,HPPPHHHPPPHPHHPHPPPHHPHPH
149,HPPPPHHHHHPPPPHHHPPPHPPPH
150,PHHHHPHPPPPPHHPHPPPHPHPHP
151,HHHPPHPPPHHPHPHPHHHPHPPPP
152,HPPPPHHHPPPHPHPHHHPHPPPPH
153,PHPPPPPHPPHPHPHHHPHHHPHPP
154,PPPPHPHHHHPHPHHHHPHPPPPPP
155,PPHHHPPPPPPHHPPPHPPHHPHHH
156,PPHPPPPHPPPPHHHHHPPHHPPHH
157,PPHPHHHPHHHPPPPPPHPHHPPHH
158,HPHPHHPPPHPPPHPPPPPPHHHHH
159,PPHHPPHHHPHPHPPPHPPHPHHPP
160,PPHPHHPPHPHPHPHHHHHPPHPPP
161,HHPHPHPHPPHPPPHPHPHHPPPPH
162,HHPHPPHPPHPHHPPPPPHPHPHHH
163,PHHHHHHPPHPPPPPHPPPHPHHPP
164,HPPHHPPPPPHPHPPPHHPHHHHPH
165,HPPHPPHHHPHPPPPHHPHPHPPPH
166,HHPHPPHPHPPPHHHPHPPPPHHPP
167,HHPHHPHHHHHPPHHPPPPPPPHPP
168,PHHPHPPHPPHHHPPHHPPHHPPPP
169,PHPPPHHPPPPPPPPHHPPHHHHHH
170,HHPHPPHHPPPPHHHHHPPHPPPPP
171,PHHPPHHHHHHPPPHPPPPPHPHPH
172,HHPPPPPPHHHPPPPHPPPHPHHHH
173,HPHHPPPHHHPHPHHPHPPPPPPPH
174,HHHHHHPHPHHPHPPHPPPHPPPPP
175,HPHPHPHHPHHPHHPPPHPPHHPPP
176,PPPHPPPPHPHPPHHPPHHHPPHHH
177,PHHHHHPHPHPPPHPPHPPPPHHPH
178,HPHPPPHPPPHHHHHHPPHPPHHPP
179,PHPPPPHPHHPHHPPPHPPHHHPHP
180,HPHPPPPHHPPHHHHPPHPHHPPPH
181,HPPPPPHPHPHHHHPHHPPPPHPHH
182,PPHPPPPHHHPHHHPPPHPPPHHPH
183,PHPPHHHPPHPPPHHPHPPPHPPHH
184,PHPPPHHPPPHPHPHPPPPHPHHHH
185,PPHPPPPPPPHHHPHHHPHHPPPHH
186,HPPPHPPHPPPPPHHHPHHHHHPPH
187,PHPHPHPPPHHHPPPPHPHHHPHHP
188,HPPHPHPPHHPHPHPPHHHPPHPPH
189,PPHHPPHHPPHHPPHPHPHHPPPPH
190,PPHHPHPPPPHHHPHPHPPHPPHHH
191,HPHHPHPHHHPHPHPPHPPHPPPHP
192,PHHHPPHHHPPPHHPPPPHPPHHPH
193,PHPPPPPPHPPPHHPHHHHPHPHHH
194,PHPPHHPHPHPPPPPHHPPHHPHHH
195,PPPHPHPHPHPHPPPHHPHPHHHHP
196,PHPHPPPHPHHHPPPHPHHHPPPHP
197,PPPHHPPPHHHPHHHHHHPPPHPPP
198,PHPHPPPPPHPHPPHHHPHHPHHPH
199,HPPPHHPPHPPHHPPHHHHPPPHHP
200,HPHPHHPPHHPPHPHHPPHPHHPPP
201,HPPPPHPPPHPHHPPHPHHPHHHPH
202,PHPPPHPPPPPHHHPHHPPHHHHPH
203,PHHHPPHPHPPHPHHPPPPHPHPPH
204,HHPPHHPPHPHHHHPPHHPPPHPPP
205,PHHPHPPPPPHHHHPPPHPHHHPHP
206,HHPHPPHPPHPPHHHPHHPPPPPHP
207,HPPHHPHHPPPPPHPPHHPHHPHHP
208,PHPHPHHHHPHHPHPPPPPHPPHPP
209,PPHHPHPPPHPPHHHPPHPHHHPPP
210,PHHHPPHHPPHPPHPHPHPPHPHHP
211,HPHPPPHPPHHPPPHHHPPPHPHHP
212,HPPPHPPPPPPPHPPHHHPHHHHHP
213,PPHPHPPHPPPHHHPHPPHHHHHPP
214,PHPHHPHHPPPHHHPPPHHPPHPHP
215,HHHPPPHPHPHHPHHPPHPPPHPPH
216,PHPHPHPPPHHPHPHPPHHHHHPPP
217,HPHPHHPHHPHPPPPPPHPHHHPHP
218,PHPHPHPHPHPHHPHHPHPPPPPHH
219,PHHPHPPHHHPPHPHPPPPHHPHPP
220,HHPPPHPHPHHPPHHHHPPHPPPHP
221,PPPPPPPHHHPHHHHHHPPPHHPPH
222,PHPPPPPPHHHHPPPHPHPPPHHHH
223,PPHHHHPPHHHPHPPPPPPPHHHPP
224,PHHPPHHHHPHPPPPHHHPHPPHPP
225,PHHPPHPPHHHPPHHPHPPPPHPHH
226,HHPPPPHHPPPPPHHPPHHPPHPHH
227,HPHPPHPHPPPHPHPHPHHHHPPHP
228,PHHHPPPPPHPPPHHHPPPHPHHPH
229,PPHPHPHPHPPPPHHPPPHHHHHPH
230,HHHPHPPHPPHHHPHPHPPPPPPPH
231,HPHHHPHHPHPHHPPHHPPPPPPPH
232,HHPHPPPHPPHPHHPHPPHHPPHPP
233,PHPHPPHPHHPHHPHPHPHPHPPPH
234,HPPHHHPHHPPPHHHHPHPPPPPHP
235,PPHPHHPPHHHHPHHHPPPPPHPPH
236,PPPHHPPHPPPHPHHHPHPPHHPHH
237,HPHHPPHHHPPPPHPPHHPPPHPHP
238,PHHPHHHPHHPPHPPPHPHPPPHPP
239,HHPPHHPPHHHPPPPPHPPPHHHPP
240,HHPPPHHPPHPHHHHPPPPHHPHPP
241,HPPHHHPHPPPPHHHPHPPHHPPHP
242,PPPHHPHPHPPPPPHHHHPPHPHHP
243,PHPHHPPHHHHPPPPPPHPHPHHPP
244,PPHHPHPPHHPPHHPPPHPPHHPHH
245,HHPHPHPHPPPPPHHPPPHHHPHHP
246,HPHPPHHHHPPHPHHPHHHPPPPPP
247,HHHPHPHPPPHHPHPPHPPPHPHPP
248,PPHPPHPHHPPPHHHHPHHHHPPPP
249,HHHHHPHPHPHPPPHPHPPHHPPPP
250,PHHPPPPHPHPPHPPPHHHPPHHPH
251,PHPPHHHPHHPPHHPHPPPHHPHPP
252,HHHPPPPHPHHPPPPPHHHPPPPHH
253,HPPPPPPHHPHHHPHPHHPHPPHHP
254,PHHHPHHPPPPHPHHHPHHPPPHPP
255,PHHPPHPHHPPHPHPHPHHPPHPPP
256,HPHHPHHPHHPHHPHPPPPHPPPHP
257,HPHHPHHPPHPPHPPPHHHHPPHPP
258,HPHHPHPHPHPHPPPHHHPHHPPPP
259,PHHPPPPPHPHPHHHHHPHPPHPPP
260,HPHHHPPPPPPHPPHHHHPHPPHPH
261,PHPHPPHPHHHHPHPPPHHPPHPPH
262,HHPPPHHHHHPPPHPHPHHPHPPPP
263,HPPPHHPPHHHPHPPPHPPPHHHHP
264,PPPHHHHHHHPPPPHHPPHPPPPPH
265,PPPPHHHPPHPPHPHPHPHHPHHPP
266,PHPPPHPHHPPPPHPHPHPPHHPHH
267,HPPPPPPHPHPHPPHHHHHPHHPHP
268,HPPHPPPHPPPHHPPHPHHPHHPHH
269,PPHPPHPPHPHPPHPHHPPHHHPPH
270,PHPHPHHPHHPHHPPHHPHPPPPPP
271,HHHPPPHPHHHPHPPHPHPPPHHPP
272,HPPHPHHPPHPPPPHHPPHHPPHHH
273,HHPHPHHHPPHPPPHHPPPHHPPPP
274,HPPHPHHHPPPPHHPHPHHHPPHPP
275,PHHPPPPPHPPPHHPHHHHHPHPPH
276,PPPPPHHPPHHPHPHPHPPHHHPHP
277,HHHHHHHPHPPHPPHPPHPPPPPPP
278,PHHPHHHPPPPPPHHPPHHPPPHHP
279,PPPPHHPHPPPPHPHPHHHPPHPHH
280,PHPHHPHPHPPPPHHPPHHHPHPPP
281,PHPHHHHPPPHPPPHPHPPHPPHHP
282,HHPHPPPPPPHPPHHHHPPPPHHPH
283,HPHHHPPHHPPHHPPPHPPHPPHHP
284,PPPHHHHHHPPHPPPPHPHPHPHPH
285,PPHPHHPHHPPPHHPPHPPPPHHHP
286,PHHPHHHPHPPPHHPHPHHPHPPPP
287,PPHHPHHHHPHPPPPPPHPHHHHPP
288,HHPPHHPPPHHPPHHHPPPPPHPHH
289,PHHPHPPHPHHPHPHPPHPHHPPHP
290,HPPPPPPHPHPHPHPHPHPHHHPHH
291,PHHPPHPHHPPHPHPHPHHHPHPPP
292,PPPPHHHHHPPPPPPHHPHPPHPHH
293,PPPHPPHPPHPPPHPPPHHHHHHHP
294,PHPPPPHHPPPHHHPPHPPPHHHHP
295,PPHPHHHPHPPPHHPPHPPHHHHPP
296,PPHHPHHPPHHPHHPPPHHPHPHPP
297,HPPPHHPHPHPPPHHPHHPHHPHPP
298,PPHPHHHPHHPPPHHPPHPPHHPPH
299,HPPPPPPHPHHHPPHHPHHPHPHHP
