id,sequence
0,PPPPPPPHPPPPHPPPPPPPPPPPP
1,HPPPPPPPPPPPPPPPPHPPPPPPP
2,PPPPPPPHPPHPPPPPPPPPPPPPP
3,PPHPPPPPHPPPPPPPPPPPPPPPP
4,PPPPPPPPPPPPHPPPPHPPPPPPP
5,PPPPPPPPPPPPPPHPHPPPPPPPP
6,PPPPPPPPPPHPPPPPPPPPPPPPP
7,PPPPPPPPHPPPPPPPPPHPPPPPP
8,PPPPPPPPPPPPPPHPPPHPPPPPP
9,PPPPHPPPPPPPPPPPPPPPPPPPH
10,PPPPPPPPPPPPPPPPPPHPPHPPP
11,PPPHPPPPPPPPPPPPPPPHPPPPP
12,PHPPPPPPPPPHPPPPPPPPPPPPP
13,PPPPPPPPPPPPPHPPPPPPPPPPP
14,PPPPPPPPHPPPPPPPHPPPPPPPP
15,PPPPHPPPPPPHPPPPPPPPPPPPP
16,PPPPPPPPPPHPPPPPPHPPPPPPP
17,PPPPPPPPPHPPPPHPPPPPPPPPP
18,PPPPPPPPPHPPPPPHPPPPPPPPP
19,PPPHPPPPPPPPPHPPPPPPPPPPP
20,HPPPPPPPPPPPPPPPPPPHPPPPP
21,PPPPPPPPPPPPPPPPPPPPPHPPP
22,PPHPPPPPPPPPPPPPPPPPPPPHP
23,PPPPPPPPPPPHPPPPPPPPPHPPP
24,PPPPPPPPPPPHPPPPPPPPPPPHP
25,PPPPPPPPPPPPPPPHPHPPPPPPP
26,PHPPPPPPPPPPPPPPHPPPPPPPP
27,PPPPPPPPHPPPPPPHPPPPPPPPP
28,PPPPPPPPPPPHPPPPHPPPPPPPP
29,PPPPPHPPPPPPPPPPPPPPPPPPP
30,PPPHPHPPPPPPPPPPPPPPPPPPP
31,PPPPHHPPPPPPPPPPPPPPPPPPP
32,PPPPPPPHPPPHPPPPPPPPPPPPP
33,PPPPPPPPPPPPPHPPPPPPHPPPP
34,PPPPPPPHPPPPPPPPPHPPPPPPP
35,PPPPPPPPPPPPHPPPPPPPPHPPP
36,PPPPPHPPPHPPPPPPPPPPPPPPP
37,PPPPPPPPPPPPPPHPPPPHPPPPP
38,PPPPPPPPPPPPPPPPPPHPPPPHP
39,PPHPPPPPPPPPPPPPPPPPPPPPP
40,PPPPPHPHPPPPPPPPPPPPPPPPP
41,PPPPPPHPPPPPHPPPPPPPPPPPP
42,PPPPPHPPPPPPPPPPPPPPPPHPP
43,PHPPPPPPPPPPPPPHPPPPPPPPP
44,PPPHPPPPPPPPPPPPPPPPPHPPP
45,PPPPPPPPHPPPPPPPPPPPPPPHP
46,PHPPPPPPPPPPPPPPPHPPPPPPP
47,PPPPPPPPPPPPPPPPPHPPPPHPP
48,PPHHPPPPPPPPPPPPPPPPPPPPP
49,PPPPPPPPPPPPPPPPHPPPPPPHP
50,PPPPPPPPPHPPPPPPHPPPPPPPP
51,PPPPPPPPPHHPPPPPPPPPPPPPP
52,PPPPPPPHPPPPPPPPPPPPPPHPP
53,PPPPPHPPPPPPPPPPPPHPPPPPP
54,PPPPPPPPPPHPPPPPPPPPPPPHP
55,PPPPPPPPPPPPPPPPPPPPHPPHP
56,PPHPPHPPPPPPPPPPPPPPPPPPP
57,PPPPPPPPPPPHPPPPPPPPPPHPP
58,PPPPPPPPPPPPPPPPHPPPHPPPP
59,HPPPPPPPPPPPPPPPHPPPPPPPP
60,PPPPPPPPPPHPPPPPPPPPHPPPP
61,PPPPPPPPPPPPPPHPPHPPPPPPP
62,PPPHPPPPPPPPPPPPPPPPPPPPP
63,PPPPPPPPPPHPPPPPPPPPPPHPP
64,PPPPPPPPPPPPPPPHPPPPPPPHP
65,PPPPHPPPPPPPPPPPPPPPPPHPP
66,PPPPPPPPPPPPPPHPPPPPPPPPP
67,PPPPPPHPPPPPPPPHPPPPPPPPP
68,PPPPPPPHPPPPPPPPPPPHPPPPP
69,PPPPPPPPPPPPPPPPPPPPPPHHP
70,PPPPPPPPPPPPPHPPPPPPPHPPP
71,PPPPPPPPPPPPPPPHPPPPPPPPP
72,HPHPPPPPPPPPPPPPPPPPPPPPP
73,PPPPPHPPPPPPPPPPPPPPPPPHP
74,PPPPPPPPPPPPPPHPPPPPPPPPH
75,PPPPPPPHPHPPPPPPPPPPPPPPP
76,PPPPPPPPHHPPPPPPPPPPPPPPP
77,PPPPHPPPPPPPPPPPPPHPPPPPP
78,PPPPPHHPPPPPPPPPPPPPPPPPP
79,PPPPPPPPPPPPPPPPPPPHPPPPP
80,PPPPPPHPPPPHPPPPPPPPPPPPP
81,PPPPPPPPHPPPPHPPPPPPPPPPP
82,PPPPPPPPPPPPPPPPHPHPPPPPP
83,PPPPPPPPPPPPPPPPPPPPHPPPP
84,PPHPPPPPPPPPPPPPPPHPPPPPP
85,PPPPPPPHPPPPPPPPPPPPPPPPP
86,PPPHPPPPHPPPPPPPPPPPPPPPP
87,PHPPPHPPPPPPPPPPPPPPPPPPP
88,HPPPPPPPPPPPPPPPPPPPPPPHP
89,PPPPPHPPHPPPPPPPPPPPPPPPP
90,PPPPPPPPPPPPPPPHPPPPPPPPH
91,HPPPPPPPPPPPPPPPPPPPPPPPH
92,PHPPPPPPPPPPPHPPPPPPPPPPP
93,PPPPPPPPPPPHPPPPPPPPPPPPP
94,PPPPPPPPPPPPPPHPPPPPPPHPP
95,PPPPPPPPPPPPPHPHPPPPPPPPP
96,PPPPPPPPPPPPPPPPHPPPPPHPP
97,PPPPPPPPHPPPPPPPPPPPPPPPH
98,PPPPPPPPPPPPHPPHPPPPPPPPP
99,PPPPPPPPHPPPPPPPPPPPPHPPP
100,PHPPPPPPPPPPPPPPPPPPPPPPP
101,PPPPPPPPPPPPPPPPPPHPPPPPH
102,HPPPPPPPPPPPPPPPPPPPPPHPP
103,PPPPPPHPPPPPPPPPPPPPHPPPP
104,PPPPPPPPPPPPPPPPPPPHPPPPH
105,PPPPPPPPPPPPPPPHPPPPPHPPP
106,PPPPPPPPPPPPHPPPPPPPPPHPP
107,PPPPPPPHPPPPPPPPPPPPPHPPP
108,HPPPPPHPPPPPPPPPPPPPPPPPP
109,PPHPPPPPPHPPPPPPPPPPPPPPP
110,PPPPPHPPPPPPHPPPPPPPPPPPP
111,PPPPPPPPPHPPHPPPPPPPPPPPP
112,PHPPPPPPPPPPHPPPPPPPPPPPP
113,PPPPHPPPPPPPPPPPHPPPPPPPP
114,PPPPPPPPPPHPPPPPHPPPPPPPP
115,PPPPPPPPPHPHPPPPPPPPPPPPP
116,PPPPPPPPPPPPPPPPPPPPPHPPH
117,PPPPHPPPHPPPPPPPPPPPPPPPP
118,PPPPPHPPPPPPPPPPPPPPPPPPH
119,PPPPPPPHPPPPPPPPPPPPHPPPP
120,PPPPPPPPPPPPHPPPPPPPPPPPP
121,HPPPPPPHPPPPPPPPPPPPPPPPP
122,PPPPPPPPPHPPPPPPPPPPPPPPP
123,PPPPPPPPPPHPPPHPPPPPPPPPP
124,PPPPPPPPPPPPPPPPHPPPPPPPP
125,PPHPPPPPPPPPPPHPPPPPPPPPP
126,PPPPPPPPPPPPPPPHPPPPPPHPP
127,PPPPPPPPHPPPHPPPPPPPPPPPP
128,PPHPPPPPPPPPHPPPPPPPPPPPP
129,PPPPHPPPPPPPPPPHPPPPPPPPP
130,PPPPPPPPPPPPPPPPHPPHPPPPP
131,PPPPHPPPPPPPPPPPPPPHPPPPP
132,PPPPPPHPPPPPPPPPPPPPPHPPP
133,PPPHPPPPPPPPPPHPPPPPPPPPP
134,PPPPHPHPPPPPPPPPPPPPPPPPP
135,PPPHPPPPPHPPPPPPPPPPPPPPP
136,HPPPPPPPPPPPPPPPPPHPPPPPP
137,PPPPPPPPHPPPPPPPPPPPPPHPP
138,HPPPPPPPPPPPPPHPPPPPPPPPP
139,PPPPPPHHPPPPPPPPPPPPPPPPP
140,PPPPPPPPPPPPHPPPPPPHPPPPP
141,PPPPPPHPPPPPPHPPPPPPPPPPP
142,PPPHPPPPPPPPPPPPPPPPPPPPH
143,PPPPPPPPPPPPPHPPPPPPPPPHP
144,PPHPPPPPPPPPPPPPHPPPPPPPP
145,PPHPPPPPPPPPPPPPPPPPPPPPH
146,PPPPHPPPPPPPPPPPPPPPHPPPP
147,HPPPPPPPPPPPPPPPPPPPHPPPP
148,PPPPPPPPPPHPPPPPPPPPPHPPP
149,PPPHPPPPPPPPPPPPHPPPPPPPP
150,PHPHPPPPPPPPPPPPPPPPPPPPP
151,HPPPPPPPPPHPPPPPPPPPPPPPP
152,HPPPPPPPPPPPPPPPPPPPPPPPP
153,PPPPPPPHPPPPPPPPPPPPPPPHP
154,PPPPPPPPPPPPPPPPPPPPPPPPH
155,PPPPPPPPPPPPPHPPPPPPPPHPP
156,PPPPPPPPPPPPPPHHPPPPPPPPP
157,HPPPPPPPPPPHPPPPPPPPPPPPP
158,PPPPPPPPPPPPPHPPPHPPPPPPP
159,PPPPPPPPPPPHHPPPPPPPPPPPP
160,PPHPPPPPPPPPPPPPPHPPPPPPP
161,PPPHPPHPPPPPPPPPPPPPPPPPP
162,PPPPPPPPPPPPHPPPPPPPPPPHP
163,PPPPPPPPPPPPPPPPHPPPPHPPP
164,PPPPPPPPPPPPPPPPPPPPPHPHP
165,PPPPPPPPPPPPPPPPPPPHPPHPP
166,PPPPHPPPPPPPHPPPPPPPPPPPP
167,PPPPPPPPPPPPPPPPPPPHHPPPP
168,PPHPPPPPPPPHPPPPPPPPPPPPP
169,PPPHPPPPPPPPPPPPPPPPPPPHP
170,PPHPPPHPPPPPPPPPPPPPPPPPP
171,PPPPHPPPPPPPPHPPPPPPPPPPP
172,PPHPPPPPPPPPPPPPPPPPPHPPP
173,PPPHPPPHPPPPPPPPPPPPPPPPP
174,PHPPPPHPPPPPPPPPPPPPPPPPP
175,HPPPPPPPHPPPPPPPPPPPPPPPP
176,PPPPPPPHPPPPPPPPPPPPPPPPH
177,PPPPPPPPPHPPPPPPPHPPPPPPP
178,PPPPPPPPPPPPHPHPPPPPPPPPP
179,PPPPPPHPPPPPPPPPPPHPPPPPP
180,PPHPPPPPPPPPPPPPPPPPHPPPP
181,PPPPPPPPPPHPPPPPPPPPPPPPH
182,PPPPPPPPPHPPPPPPPPPPHPPPP
183,PPPPPHPPPPPPPPPHPPPPPPPPP
184,PPPPPHPPPPPPPPPPPPPPHPPPP
185,PPPPPPHPPPPPPPPPPPPPPPPHP
186,HPPPPPPPPPPPPPPPPPPPPHPPP
187,PPPHPPPPPPPPHPPPPPPPPPPPP
188,PPPHPPPPPPPPPPPPPHPPPPPPP
189,PPPPPPPPPPPPPPPPHHPPPPPPP
190,PPPPPHPPPPHPPPPPPPPPPPPPP
191,PPPPPPPPPPPPPPPPPPPPHPPPH
192,PPPPPPPPPPHHPPPPPPPPPPPPP
193,PPPPPPPPHPPPPPHPPPPPPPPPP
194,PPPPPPPPPPPPPPHPPPPPHPPPP
195,PPHPPPPHPPPPPPPPPPPPPPPPP
196,PPPPPPHPPPPPPPPPPPPHPPPPP
197,PPPPPPPPPPPPPPPHHPPPPPPPP
198,PPPPHPPPPPPPPPPPPHPPPPPPP
199,PPPPPPHPPPPPPPPPPPPPPPPPH
200,PPPPHPPPPPPPPPHPPPPPPPPPP
201,PPPHHPPPPPPPPPPPPPPPPPPPP
202,PPPPPPHPPPPPPPPPPPPPPPHPP
203,PPPPPPHPPPPPPPPPHPPPPPPPP
204,PPPPPPPPPHPPPPPPPPPHPPPPP
205,PPPHPPPPPPPPPPPPPPPPHPPPP
206,PPPPPPPPPPPPPPPPPPPPPPHPP
207,PPPPPPPPHPPPPPPPPPPPPPPPP
208,PPPPPPPPPPPPPPPPPPHPPPPPP
209,PPPPPPPPPPPHPPPHPPPPPPPPP
210,PPPPPPPPPPPHPHPPPPPPPPPPP
211,PHPPPPPPPPPPPPHPPPPPPPPPP
212,PPPPPPPPPPPPPPPPPHPPPPPPP
213,PPPPPHPPPPPPPPPPPPPPPHPPP
214,PPHPPPPPPPPPPPPPPPPHPPPPP
215,PPPPPPPPPPHPPPPHPPPPPPPPP
216,PPPPPPPPPPPPPHPPPPPPPPPPH
217,HPPHPPPPPPPPPPPPPPPPPPPPP
218,PPHPHPPPPPPPPPPPPPPPPPPPP
219,PPPPPPPPPPPPPPPPPPPPPPPHH
220,HPPPPHPPPPPPPPPPPPPPPPPPP
221,PPPPPPPPPPPPPPPPPPPHPHPPP
222,PPPPPPPPPHPPPPPPPPHPPPPPP
223,PPPPPPPHPPPPPPPPPPHPPPPPP
224,PPPPHPPPPPHPPPPPPPPPPPPPP
225,PPPPPPPHPPPPPPHPPPPPPPPPP
226,PPPHPPPPPPPPPPPPPPHPPPPPP
227,PPPPPPPPPPPPPHPPHPPPPPPPP
228,HPPPHPPPPPPPPPPPPPPPPPPPP
229,PHHPPPPPPPPPPPPPPPPPPPPPP
230,PHPPPPPPPHPPPPPPPPPPPPPPP
231,PHPPHPPPPPPPPPPPPPPPPPPPP
232,PPPPPPHPPPPPPPPPPHPPPPPPP
233,PPPPPPPPPPPPPPPPPPPHPPPHP
234,PPPPPPPPPPHPPPPPPPPHPPPPP
235,PPPHPPPPPPPPPPPHPPPPPPPPP
236,PPPPPPHPPPPPPPHPPPPPPPPPP
237,PPPPPHPPPPPPPPPPHPPPPPPPP
238,PPPPPPPPPPPPPPHPPPPPPHPPP
239,PPPPPPPPPPPPPPPHPPHPPPPPP
240,PPPPPPPPPPPPPPPPPPPPPPPHP
241,PHPPPPPPPPPPPPPPPPHPPPPPP
242,PPPPPPPPPPPHPPPPPPPPPPPPH
243,PPPPPPPPPPPPPPPPPHPPPPPHP
244,PPPPHPPPPPPPPPPPPPPPPPPPP
245,PPPPHPPPPPPPPPPPPPPPPPPHP
246,PHPPPPPPPPPPPPPPPPPHPPPPP
247,PPPPPPHPPHPPPPPPPPPPPPPPP
248,PPPPPPPPPPPPPPPPPHPPPPPPH
249,PPPPPPPPPPPPPPPPPHPPPHPPP
250,PPPPPPHPPPPPPPPPPPPPPPPPP
251,PPPPPHPPPPPHPPPPPPPPPPPPP
252,PPPPPPPPPPPPPPPPPPHPPPHPP
253,PPPPPPPPHPPPPPPPPPPPHPPPP
254,PPPPPPPPPPPPPPPPPPHPHPPPP
255,PPPPPPPPPHPPPPPPPPPPPPHPP
256,PPPPPHPPPPPPPPHPPPPPPPPPP
257,PPPPPPPPHPPPPPPPPPPHPPPPP
258,PPHPPPPPPPPPPHPPPPPPPPPPP
259,PPPPPPPPPPPPHHPPPPPPPPPPP
260,PPPPPPPPHPHPPPPPPPPPPPPPP
261,PPPPPPPPPPPPHPPPPPPPHPPPP
262,PPPPPHPPPPPPPHPPPPPPPPPPP
263,PHPPPPPPPPPPPPPPPPPPPPPPH
264,HPPPPPPPPHPPPPPPPPPPPPPPP
265,PPPPPPPPPPPHPPPPPHPPPPPPP
266,HPPPPPPPPPPPPHPPPPPPPPPPP
267,PPPPPPPPPPPHPPPPPPPPHPPPP
268,HHPPPPPPPPPPPPPPPPPPPPPPP
269,PPPPPPHPHPPPPPPPPPPPPPPPP
270,PPPHPPPPPPHPPPPPPPPPPPPPP
271,HPPPPPPPPPPPPPPHPPPPPPPPP
272,PPPPPPPPPPPPPHHPPPPPPPPPP
273,PHPPPPPPPPPPPPPPPPPPPHPPP
274,PPHPPPPPPPHPPPPPPPPPPPPPP
275,PHPPPPPPPPPPPPPPPPPPHPPPP
276,PPPPPPPHPPPPPPPHPPPPPPPPP
277,PPPPPPPPPHPPPPPPPPPPPPPHP
278,PPPPPPPPPPPHPPHPPPPPPPPPP
279,PHPPPPPPPPPPPPPPPPPPPPHPP
280,PPPPPPPPPPPPPHPPPPHPPPPPP
281,PPPPPPPPPPPHPPPPPPHPPPPPP
282,PHPPPPPPHPPPPPPPPPPPPPPPP
283,PPPPPPPPPPPPPPPPPPPPPHHPP
284,PPPPHPPPPHPPPPPPPPPPPPPPP
285,PPPPPPPPPPPPPPPPPPHHPPPPP
286,PPPPPPPPHPPPPPPPPHPPPPPPP
287,PPPPPPPPPPPPHPPPPPHPPPPPP
288,PPPPPHPPPPPPPPPPPHPPPPPPP
289,HPPPPPPPPPPPHPPPPPPPPPPPP
290,PPHPPPPPPPPPPPPHPPPPPPPPP
291,PPPPPPPPPPPPPHPPPPPHPPPPP
292,PPPPPPPPPPHPHPPPPPPPPPPPP
293,PPPPPPPPPPPPPPPPPHHPPPPPP
294,PPPPPPPHPPPPPPPPHPPPPPPPP
295,PPPPHPPHPPPPPPPPPPPPPPPPP
296,PPPPPPPPHPPHPPPPPPPPPPPPP
297,PPPPPPPPPPPPPPPPHPPPPPPPH
298,PPPPPPPPPHPPPHPPPPPPPPPPP
299,PPPPPPPPPPPPPPPPPPPPPPHPH
300,PPPPPPPPPPHPPHPPPPPPPPPPP
