id,sequence
0,HPHPHHHHHHPHPPPPHPHPPHHHH
1,PHHHPPPHHPHHPHHPHHHPPHHPP
2,HHPHHPHHHHPHHHPHPPHHPPPHP
3,HPHHHPPPHPPHHHPHPHPPHPHHH
4,HPHPHHPPPHPHPPHHPHPPHHHHP
5,HPPPPHHHPPHHPHPHHHHHHPPHP
6,HHPHHPPPHHHPPPPPPHHHPHHHH
7,HHPHHPPHPHPHPHPHHHHPHHPHP
8,HPPPPHPHHHHHHHPPHPPHHHPPP
9,PHHPPHHHPHPPHHHPPPHHPHPHP
10,HHHPPPPHHHPHHPHHHHHPPPHHP
11,HHHPHHPHHHHPHHPPPPHHHPHPP
12,HPPHHPHPPHPHHPHPHPHPHPPHH
13,PHHHHPHHPHPPPHHPPHHHPHHHP
14,HHHHHHHHHHPHPPPPHPPHPHPPH
15,PPHPPPHHHHHHHPPHPPHPHHHPH
16,HPHHHHPPPPPHHPPPHHHHPPHHH
17,PHPPPHHPPPPPPHHHHHPHHHHHH
18,HPPHHHHHHPPPPHPPHHHPPHHPH
19,HPPPHPHPHPHPPHHHPHHHPPHHP
20,HPHPHHHPHHPHPHPPPPPHHHHHH
21,PHHHPHPPHPPPHHPHHPHHHHPHP
22,PHHPHHHHHHPHPPPHHPPHPPPHH
23,HHPPPHHHHHPHPPHPHHHPHHPHP
24,PHPHPHPHHPHPHPHHHHPHHPHHP
25,PHHPPHPHPHPHPPHHHHHHHHPHP
26,HPHHHPHHHHPPPHHHPHPPPPHHH
27,PHPHHPPPHPHHPPHHPHPHHHHPP
28,PHPHHHHHHHPHHHPHPPPPHPPHP
29,HHHHPHHHPPPHPPHPHHPHHPPPP
30,HPPHPHHHHPHHPPHHHHPPPPPHP
31,HHPHHPPHPHPHHPHPHPHPHHHPH
32,PHHPHPHHHPHPPHPHHHHHHHPPP
33,HPPHHPHPHHHPPHPHPHPHHPHHP
34,PHPPHPHHHHHPPPHPHPPHHHHHP
35,HPPPHHHHHPPHPPHHPPHHHHHHP
36,PPHHHHHHHHHPPHHHHPPPPHPPH
37,HHHPHHPPHHPHPPHPHPPHPHHPP
38,PHHPHHHHPHPPPPHHPHPPHHHHP
39,HPPHHPHHPPHHHHPHPHPPHPHPP
40,HPPHHPHPHPHHHPPPHHPHPHHHH
41,HPHHHPHPPHPPPHHHHHPHHPHPP
42,HHHPPHPHPHPHHHPPHHPHPHHPH
43,PHPPHHHPPHHPHHPHHPPPHPPHH
44,PHHPHPHHHHPPHHHHPHPPHPHHP
45,HHHHHPPPHHHPHHHPHHHPPPPHP
46,HHHPHHPHHPHHHHPHPHPPPPPHP
47,PHPPPPHHHPHHHHPHPHPHPPHHH
48,HPHPHHHHHHPHHPPHPPPPHHPHH
49,HPPHHHHHHHPPHPPHPHPHPHPHP
50,PHHPPHHHHHHPPHHHPPHPPHPHH
51,PHHPHHHHHHPHPHPHHHPPPPHPP
52,HPPHPPHHHHPPPPHHHPHHHHPHP
53,PHHHHPHPPHHHHPPPHPHPPHHHP
54,PHPHPHHPHHHPPHPHHHPPHPHPH
55,PHHPPPPHPHHPHHHHHPHPPHPHH
56,HHPPPHPHHPHHPHPPHHHPHHPPP
57,HHHPPPPHHHHPHPHPHHPHPHHPH
58,HPHHHHPHPPPHHPHHHPHPHPPHH
59,HPHHPHHHHPPHPHPHPHHHPHHPP
60,HPHPHPHHHPHPPPPHHHPHHHHPP
61,PPHPHHHHPHPPHHPHPPHPHHPPH
62,PPHPPPHHHHHPHHHHPPHHHHPHP
63,PPPPPHHHHPHPPHHHHPPHHPHHP
64,HPHPHHHPPPHHHHPPHHHPPHHPH
65,HPHHPPHPPPHHPHPPHHHHPHHPH
66,HPHPHPPHHPPHHPHHHHHHHPPPH
67,HPHHHPPHHHPHHPPPPHPHHHHPP
68,PPHHHPHPPPPPPPHHHHHHPHHPH
69,PHHPHHHPPHPHPPHPHPHHHHHHP
70,HHHHPHHPHHPHHPPHPPPHPPHPH
71,HHPHPHHHPHPPPHHHPHHHHPPPH
72,PHHHHHHHHPHPPPHPPPPHHHHPP
73,HPHHHPPHHHHPHHPPPHHPHPPPH
74,HHPPPHHHPHHPPHHPHPHHPHPHH
75,PHHPHPPHHHHPHPHPPHPHPHHHP
76,PHHPPPHPHPHHHPHHPHPPHHPHP
77,HHHHHHPHPHHHPPHPHPPHPPPHP
78,PPHPHPHHHHHPHHHHPHHHHPPPP
79,PPPPHHHPHHHHPHPHHPPHHPPPH
80,HPHHHHPHHHPPPPHPPPPHPHHHH
81,PPHHHHPHPPPHHPPPHHPHHHHPH
82,HPHPPHHHPHHHHHHPHHPHPPPHP
83,PHHPPPPHHHPHHPHHHHHHHPPPH
84,PHHPPHHPPPPHHHPPHHHPPHHHH
85,HHHPHPHHHHPHPPPHHHPPPPPPH
86,PPHHPPPHHPPHPPHPHHHHPHHPH
87,HHHHHHHPHPPHHPPPPPHHHHPHP
88,PPHHPHPHHHPHHPHHHPPHHPHPP
89,PHPHPHPPHHHPHHPPPPHHPHHHP
90,HHPHHHHPPHPPHHPPPHHHHPPHH
91,PHHPHPHHPHHHHPPHPHPHHHPPH
92,HPPPHHPPPPHHHHPPHHHPHPPHH
93,PHHHHPPHHHPPPHHHHPPHPPPHH
94,HPHPPPHHHHHPHHHHPPPPHHPHP
95,PHHPHHHHHPHPPHPHHHPPHPPPP
96,PPHPHHHPHPHPHHPHHPHPHHPPP
97,HHPHPHHPHHHHPHPPPHPHPPPHH
98,PPPPHPHHPHHPHHPHPHHPPHPHH
99,HHHPHHPHPHPPHPPHHHHPHHPHP
100,HPHPPPHHPHPHHHPHHPPHPPHHP
101,HHPHHHPPPPHHHPPPHHHHHHHPP
102,HHHHHHHPHPHPPHHHPPPPPHPHH
103,PPPHHPHPPHPHHHPPHHPHHPPHH
104,HHHPPHHPHHPPHHHHPPHPPPPHP
105,HHHHPHPPHPHPPHHHHHPPHPHHP
106,HHPPPPPHHHHHPHHHPPHPHHHPH
107,HHPHPPHHPHPPHHHHHHPPHPPHH
108,HHHHHHHPPHPPHHPHHPPHPPHPP
109,HHHHHPHPPHHHPHPHHPHPPHHPP
110,HHHPHPPHPPHPHHHHPHPHPHHHP
111,HHPHHPPPPHPHPHPPPHHHHHHHP
112,HPHHHHPPHHPPHHHPPPHHPPHPP
113,HHPPHPPHPHHPHHHHPPHHPHPPP
114,HHHHPHHPPHHHPPHHPHPHPHPHP
115,PHHPHPPHPPPHHPHHHPPHHPHHP
116,HHPHPHPPPHPHHHHPHHPPHHHHP
117,PPPHPHPHHPPHHPHHPHHHHHPHP
118,HHHHHHHHPHHHPHPPPPPHPPPHP
119,HPHPHHHPHHHPPHPPHPPHHPPHH
120,HPHHHPPPHHHHPPHHPHPHHPPPH
121,PHHPHHPHHPPPPHHPHPPHPHHHP
122,PHPHHHPPHPHPHPHPHPPPPHHHH
123,HPHPHPPHPHHHHPPHPHHHPPHPH
124,PPHHHHHPPPHHHPHHPHPHHPPPP
125,HHPPPHPHHHPHHHHPHHPPPPPHH
126,HPHHPHPPHPHHHPHHHHPPHPPHH
127,HHPPHPPHPHHHHHHHHPPPHHHPP
128,HPPPHHHHPPHHHPPHHPHPPPHHP
129,HPPHHHHPPPPHPHPHPHHHPHHPH
130,PHHHHPPPPPHPHPHHPPHHPHHHP
131,PHPHPPHPHHPPPPHPHHHHHHPHH
132,HPPPHHHHHPHHPHPPPHPHHHPHH
133,PHHHPPPHHHHPPHHPHPPHHPPHP
134,HHPPPHHPHPHPHPHHHPHHHHPHP
135,PPPHPHPPHHPHHHPPPHHPHHHHP
136,HHHHPHPPHHPHPPPHHHHPHPPPH
137,HHPHPHHHPHHHHPPPPHPPPPHHH
138,HHPPHHPHPPPHPHHHHPHHPPPHH
139,HPHPHHHPPHPHHHPPHHHPHHPHP
140,PHPPPHHPHHPPHHPHHHHHPHPHH
141,HHHPHHPPPHPHHHHPPPPPHHPHP
142,HPHPPPHHPHPPPHHHHHHPPHHHH
143,HHHHPHHPHPHHHPPPHHPHHPPPH
144,HPHPHPPPHHPHHHPPHPPHHHHHH
145,HHPPHHPHHHPHPHHPHHPPHHPHP
146,PHHPHHPHHHPPHPPPPHPHPHHHP
147,PPHHHPPHHPHPHPHPPPHHPHPHH
148,PPHHHHPPPPHHHHPHHHPPPHHPP
149,HPPHPHPHHHHHPPHHPPPPHHHHH
150,HPPHHHHPHPPPPPPPHHPHHHHHH
151,HHHPHPHPPHHPHHHPPPHPPPHPH
152,PHHPPPHHPHHHHHPPHHHHPPHPP
153,HPHPPHPHPHHHHPHHHPHPHPPHH
154,HHHHHPHHPPHHPPHHPHHPPPPHH
155,HPHHPHPHHPHHHHPPHPPPHPHHP
156,HPPPPHHHHHPHPHHPPHHPHHPPH
157,HHPHPHPPPPHPPHHPHPPHPHHHH
158,PPHPHHHHPHPHPPPHHPHHHPHHP
159,HPHHHPPHHPPHHPHHHPPHPPHHH
160,PPPHPHHHHPPPHHPPPHHHPHHHP
161,HHPPHHHPHPHHHPHHHPPHPPHPH
162,PPHHHPPHPHHPHPPHPPHHHPHHP
163,HPHPHHPPHHHHHPHHHHPHPPPPP
164,HHHHPPHHHHPHPHPPPPHHPHPHP
165,PHHPHPPPHHHHHPPPPHPHHPHHH
166,PPPPHPHHPHHPHPHHHPHHHPHPH
167,PHPHPHHHHPPPPHHPHHPHHPHHP
168,PHHPHHHPHHPHPHHHPPPHHHPPH
169,PHPHHPHHPPHHHHHHPPHPHPPHH
170,HPPPHHPHHPHPPHPHHHPHHHPPH
171,HHHPHPPPPHPPPHHHHHHPPHHHP
172,PPHHHPPPHPHPHHHPHHPPHHHHH
173,HHHHHPHPPPHPHHPPPPPHHHPHP
174,PPPHHHHPHHHHHHPHPHPPHPHPP
175,PHHPHHPHPPHPHPPHHHHPHPHHH
176,HPPHPHPPHHPHPPHPHHHHHHPPH
177,HHHHHPPHHHHHHPPPPPPPPHPPH
178,PHPPHHPHHHPHHPPPHHHPHHPHP
179,HPHHHPPPHHPHPPPHHHPPPHHHP
180,HHHPHHPPPHPPHHPPHHPHHPHPP
181,PPHPHPHHHPPHHHHHPHPHPPHPP
182,PPHPPHPHPPHHHHHPHPHHPHHHH
183,HHHPHHHHPPPPHHPPHPPHPHPPH
184,PHHPHHPHHHPPHPHHPHPHPHPHP
185,HHHPPPHHPHHPHPHPHHHPHPHPP
186,HHPPPHHHPPHHPHHHHPHPHHPPH
187,HHHPHPPHHPHHPPHPHHPPPHHHP
188,HHPHHPPHHHPHHHHHPHPPHPPPH
189,PHHHHPPPHPHHHPHHHPPHHPHPH
190,HHHPPHHHHPPHPPPPHHHPHPHHP
191,HHPHHPHPHHHPHPHPHHPPPPHHP
192,HHHHHHHPPHPPHPHPHHHHPPPHP
193,PHPPHPPHHHHHHPPPPHHHHPPPH
194,PHPPHHHPHHHHHPPHHPHHPHPPP
195,HPHHPPHPPHHHPPPHPHHHHPHPH
196,PHPPPPHHPHHPHHHPHPHPPHHPH
197,PPHHHPHPHPHPPHPPHHHHHHHPH
198,HHPPPHPHPPPHHPHHHHHHHPHPH
199,HHHPHHHPHPPPPHPHPHHPHHHHP
200,HPHHHPHHPPPPHHPHHHPPPPHHH
201,PPHPHHHHPPPHHPHHHHHPPHHHP
202,PPPHHHHHPHPHHHPPPPPHHHPHP
203,HHHPHPHHPPPHPHHPPPHHHHHHP
204,PHPHHPHPHPHPPPHHHHPHHPHPH
205,PHPHHHPPPHHPPHPHHPPHPHHHP
206,HHHHHHPPPPHHHHPHPPPHPPHHH
207,HHHPPPHHHPPPHHHPPHPHPHHPP
208,HHHPPPHHHHPHHHPHPHPHPPHHP
209,HPHPPHPHPPHHPHPPHHHHHPHPH
210,HHHPPPHPHHPHPPHHHPHPPPHHH
211,HHHHPPHHPHHPPPHHPHPHHPHPP
212,PHHHHPPPPHHPHHPHHHPHPHHPP
213,HHHHPPPHPHPPHHHPHHPHHPPPP
214,PHHPHPPHPHHHHPPHHHHHHHPPP
215,PHPPHHHPHHPPHHHHPHPPHHHPH
216,PPHHHHPHHHHPHHHHPHPHPPPHP
217,PPPHHHPHHHPHHHHPPHPPPHPPH
218,HPHPPPHHPHHPHPPHHPHPPHHHH
219,HPPPHPPPHHPPHHHHHHHHHPPPH
220,HPHPPHHHPPHHHPHPPHHHPPHPP
221,HPPHHHHHPPHPPPHPPHPPHHPHH
222,HPHHPPHPHHPPHPHPHPHHPPHPH
223,HHPPPPHHHHHPPHPPHPPHHPHHH
224,PHPHPPHPHHPHPHPHHHPPHPHHP
225,HHPHHPHPPPHPHHHPPHHHHHHPP
226,HHPPHPHHPHPPHHHHHPHHHPPPH
227,HPHHHHPPHHHHHPPHPPHPPHHPP
228,HPHPHHPPPHPHHHPHHHPHPPPHP
229,PPPHHPPPHHHPHHPHPPHPHHHHP
230,HHPPHHPPHHHHPPHHPHHPPHHHP
231,PHHPHHHPHHHPHPHPHPPPHHHHP
232,HHHPPPHHHHHPPHHPPHHHPPHPH
233,PPHHPPHHPPHPHHHHHPPHPHHHP
234,HHHHPHPHHPPPHPHPHPHHPPPHH
235,PPHHPHHPPPHHPHHHHPPHPHHPP
236,HPHHHPHHHHPHHHHHPHPPPPPPH
237,HPPPHPPHPHHHPHHHHPPPHPHHH
238,HPHPHPPPHHHHHHPHHPPHPHHHP
239,PPPHPHPHHPHHHPHHHPPPPHHHP
240,PPHHHHHHPPPHPHHHPPHHPHPHH
241,HHPPPHHPHHPHHHHPPPHHPHPHH
242,HPHHHPHHHPHHHHPPHHPPHPPPH
243,PHHHPPPHHHHHPPHHPPPHHPPHH
244,HHHPHPHPHPHHHHHHPPPHPPHPP
245,HPHHHHPHHHHHPHHPPPHPPPHHP
246,HPPHPPPPHPHHHHHHPHPPHHHHH
247,HPPHHPHHHPHPHPHHPPPHHHPPH
248,PHPPPHHHHHHPPHHPPHHPPHHHH
249,HHHHPPHPHHPPPPHPPHHHPHPHH
250,PHPHPHHHPPPPHHHPHPPHPHPHH
251,PHHPPHHPHHHPPPPHPHHPPPHHH
252,HPHPHPHHPHHHPPPHHHPPPHHHH
253,HPHHHHPHHPPHPPHPHPPHPHPHP
254,HHPPHHHHHHPPPPHPPPPPHHPHH
255,HHPPHPHHHPPHHHHPPHHPPPPHH
256,PPHPHHHHHPPHPHPPHHHHPHPHH
257,PPHHHHHHPPPHPPPHPHHHHHHHP
258,PHHPPPPPHHPHPHHPHHHPPHHHP
259,PPHPPHHHHPHHPPHPHHHHHPHHP
260,HPPHHPHPHPPHPHHHHPPHHHPHH
261,HPPPHPPHHHHHPHHPPPHPPHHHH
262,PPHPHPHPHHPPPHPPHHHHHPPHH
263,HPHHHHPHPPHPHPHPHPHHHHPPP
264,HHPPPPHPHHHPPPPHHPPHHHPHH
265,HHHPPPHPPHPHHPPPPHHHPHPHH
266,HPPPPPHHPPPPHPHHHHHPHHHHP
267,PPHHHPHHHHPPPPHHHHPPPHHHH
268,PHHPHHPPPHPPHPHHHHPPHHHHH
269,HHHHHHPPHHPPPHHPPHHHHPPHP
270,HPHHHHHPHPPPHPPHHPPHPHHHH
271,PPPHHPPPHPHPHHPHHHPHPHHHP
272,HPPPHPPHPHHPHHHHHHPPPHHPH
273,PHPHHHPPPHHHHHPHHHPHPPHHP
274,HPPPHHPHHHHHHPHHPHHPPHHPP
275,PPPHHHHPPHHPHPHPPHHHHPPPH
276,HHPHHHPHPPPPHPPHPPHHHHPHH
277,HHHHHHPHHHPHPPHPPPPHPPHHH
278,PHHPPHPHHPPPHHHPHPHHHHHPP
279,PPHPHPPHHHPHHHPHHPHPHPHHH
280,HHPPHHPHHPPPHHHHHPHHHPHPP
281,HHHPHHHHPPPPPPHHPPPHPHHPH
282,PPHPHPHHHPHPHHHPHPHHHPPHH
283,HHHHHPPHPPHPPHPPHPHPPHHHH
284,HPHPHPHHHHHHHPPHPHPPHPPHH
285,PHHPHHHHHHHPPPPHHPPPPHHPH
286,PPHHHPHHHPHHHPHHPPPHPHHHP
287,HHHHPHHHHHPPHPPPHHPHPPPPH
288,HHHPPPHPHHPHHHHPPPPPPHHPH
289,HHHHHPHHPPPHHPPPHPHPHHPPP
290,HHPHHHHHHHPPPHPHPHPPHHPPH
291,PHPHPHHHHHHPPPPHHPPPPHHHP
292,HHHPHPPHPPPHHHPHHPPPHPHHH
293,HHHHHPHPHHPHHPHPHHHHPPPPP
294,PPHPPHPPHHHHHPHHHHHPPHPHH
295,PHPPHHPHPPHPHHHPHPHPHHPHP
296,HPPHHHHHHPHHHHHHPPHPPPPHP
297,HHPHHHPHHPPHHPHPPHPHHHHPP
298,PHHPPPHHHPHHHHHHPPPPPHHHH
299,PPHHHPPHHPHHHPHPHPHHHPPPP
300,PHPHPPPHPPPHHHHHHHHHHPPHH
301,HPHHHPHPPPHHHPPHHHPHPHHHP
302,HHHPHPHPHPPHPHHPHHPPPHPHH
303,PHHHHPHHPHHHPPHPPHPPPHHPP
304,PPHHHHHPPHHHPPPHHPHPPHHHH
305,PHPPHPPHPHHHHHHPHHPPHHPHH
306,HHHHPPPPHHPHHPHHHHHPPPHHP
307,HHHPPPHHPHPHHPHHHHHHPPPPP
308,HPHPPHPHHPHPPPPHHHHHHHHPP
309,PPHPPHPHPHHPHHHHHHPPPHHHH
310,HHPHHPPPPHHPHHHHPPPPHPHHH
311,PHHHPHPHHPHPPHPPHPHPHHPPH
312,HPHPHPHHHPPHHHHHHPPHPHPHP
313,HHHHPHHPPHPPPPPHHHHPPHHHH
314,PPHHPPPHHHPPHPPPHHHHHPPHH
315,PPHPHPHPHHHPHPHHPPHHPHPHH
316,HPHPHHHPPPPHHHPHHHHPHPPPH
317,HPHHHHPHPHPHPPHHHHHPPHHPP
318,HPPHPHHPHHPHHHPHPPHPHPPPH
319,HHPPHHHPPHHHPPHPHHPPPPHHH
320,PPPPPPHHHPHPPPHHHHHHHHHPH
321,PHHPHHPHPHPPHHPHPPHHHHPPH
322,HHPPPPPHPHHHHPHHHHHHHPPPH
323,PHHHHPHPHPPHHHPHHPPHHHHPP
324,PHHHPHHHPPPHHHHHHPPPPHPHH
325,HHHPHHPPPHPHHPHPHHHPPPHHH
326,HHHPHPPHPHPHPHHHHPHPHPPHH
327,PHHPHHPPHHHHHPHPHPPPHHPHH
328,HPHHPPHHPPHPPHHHHPHHHHPHP
329,PHPPHHPHPPPPHHHHHHHHPPPHH
330,PPPPPHHHHHHHHHHHPPPHPPHPH
331,HPHPPHPHPPPPHPPHHHHHHPHHH
332,PPHPHHPPHPHPHHHHHPPPHPHPH
333,PHHHPHPHHPPPHPHHHHHPHPHHP
334,HHHPPPHPPHHHHHPPHPHPHPPHP
335,HPPHHPHHPPHHHHPPHPHHPPHPH
336,PPPPHPHHPHHPHHHHHHPPHHPHP
337,PHHHHHHPHPHPHHHPPHHPHPPPH
338,PHPHHHPHHHHPPHHHHPPPPPPPH
339,PHPPPHPHHHPHPPHHHHPHPPHHH
340,PPHHHHPPPPPPHPHHHPHHHHPHH
341,PHHPHPPHPPPPPHPHHPPHHHHHH
342,HHPHPPPPHHPHHPPHHHPPPHHPH
343,HHHPPHHHHHHHPHPPPPPPPHPPH
344,HHHHPHHHHPPPPHPHHHPPPPPHH
345,PPPPHPHHPHHHPHPPHPHHHHPHP
346,PHPHHHHPPPHHPPHHHPPHPHHPH
347,HHPPHHPHPHPHHHPPPPHPHHHHP
348,HHHHPHHHHPHHPPPPHHPPPHPHH
349,HPHPHPPPHHPPHHHPHHPPPHHHH
350,HHPPHPHPPHHHHPPHPHPHHHPHP
351,HPHPHHPPHPPHHHPPHHPHHPHHP
352,HHHHPHPPPHHHHPHPPHHPHPHPH
353,HHPPHHHHHHHHPPHPPPHHHPPHP
354,HHHPHPHPHPHPHHPHHPPHPPHPH
355,PPHHPHPHPHHHPHHHPHPHPHHPH
356,HHHHHPPPHHHHHHHHPHPPPHPPP
357,HPHHPPHHPPHHHPHHPPHPPPHHH
358,PHHPHHHPPPPHHHHHPHPHHPHPH
359,PHHHPPPHPHHPHHPHPHHPHHHHP
360,PPHHHHPHPPHPPPPPHHHPHHHPH
361,HHHPHHPPHHHHPHPPHPPHPPPHH
362,PHPHHHHHPPHPPHHHPHPPHPHHP
363,PPPHHHHPHPHPPPHHHPPHHPHHP
364,PHPHPPHHHPPPHHPHPHPPHHHPH
365,PPPPHHHHPPPHHPPHHHHPHHPPH
366,HHHPPHHHPHHHPHPPPPPHHHPHH
367,PHHHPHPHHPPPHHHPHPPHHPHHP
368,PPHPHPPHPHHHHPHHHPPPHHHPP
369,HHPHHPHPHPHPHPHPHHPPHHPHP
370,HPPPPPHPHPPHHHHHPHPHPHPHH
371,HPPHPHHPHHHPPHHHPPPHHHPHP
372,PPHHPPPPHHHPHPHHPHPPHHHHP
373,PPHHHHHHHPPHHPPHHPHHHPPPH
374,PHPPHHHHHHHHPPHPPPHHPHPPP
375,HHHPPHPPHHPHPHPHHHHPHPPHH
376,PHPPHPPPHPHHPHPHHPHHPHHHP
377,PPPHHPHHPHPHHPHPPHHHPHPHP
378,HHPHPHHHHPPHHPHPHHPPPHPHP
379,PHHHHHPPHHPHHPHHPHPPPPHHH
380,HHHPHHHPHHHPPPPHPPPHHHPHH
381,PPPPHHHPPHHHHHHHPHHPPPHHH
382,PPPHHHHHHPHHHHHHPHPPPPPHP
383,PPPPPHPHPHPHHHPHHHHPHHHHP
384,HPPHHPHHHPPHPPHHHHHPHPPPP
385,PPHHPPHHHHPPPHHPHHHPPPHHH
386,HHPHPPHPHPPHPHHPPHHHPPHPH
387,PPPPPHHPHHPHPHHHPHHHHPHPH
388,PHPHHPHPHHPHPHHHHHHPPPPHP
389,PHHHPHPHHHHPHHHPPPPPHHPHH
390,PHHPHHHPHHHPPHHPPPHHPHPHH
391,HPHHHPPPPHHPPHPHPHPHHPPHH
392,PHHPPHPHHHHHPPPPHHHHPPHHP
393,HHHHPHHHPPPHPPHHPPPHHPHHH
394,HHHPHHPPPPPPHHHPPHHPHPHPH
395,HPHHPHPPHPHHPHPPPPPHHHPHH
396,PHPPHHPHHHHPHHPPHHPPHHHHP
397,PHPHPHHHPHHPHPHHPHPPPHHHH
398,HHHHPHHHHPPPHHHPPPPHPPHHH
399,HPHHHPPPHHHPHPHHPHHPPPHHH
400,PHPHPHHHHPHHPPHPPHHHPHPPP
401,PHHHHHHPPPPHPHPHHHPHPPPHH
402,HHHHHHHPHPPPPPHHPPHHPPPHH
403,PHHPHHHPHPHHPHHHPPHPPHPPH
404,HHHHPPPHHHPHPPHPPHHPHPHHP
405,PHPPHPHPHPPHPHHHPHHPHHHHP
406,HHPHPPHHPPPPHPHHHHPHPHPHH
407,HPPPHHPHHPPPHHHPPPPHHHHHH
408,PPPHPHHHPHPHPHHPPHHHHPPPH
409,PHPHHPHPHPPHPHHPHPHHHHHPP
410,PHHHPPHHPHPPHPPPHHPHPHPHH
411,HHPPHPHPPPPHHHPHPHHHPPHPH
412,HPHHPHHHHPHHHPHHPPPHPHPPP
413,HHPPPHPPPPHHHHHHPHHPHHHPH
414,HPHHHPHPHPPPPHPHHPHHHHHHP
415,HHPHPHHPPHHHPHPHPHPHPPPHH
416,HHPPPPHHHPHHPPPHHPHPHHPPH
417,PHPHHPHPHPHHHHPPHHPHPPPHH
418,HPHPHHHHPHPHPHPHHHHPHPPPH
419,PHPPHHPPPHPHHHHPHHPHPHPHP
420,HPPPHPPPPHHHHPPHHHHHPPHHH
421,PPPHHHPHPHHHHPHHPPPHHHHHP
422,HHHHPPHPPPHHHPPHPHHPPHPHH
423,PPHHPHPHHPHPHPHPHHHHPPHHH
424,HHHPPHPPPHPHHHPHHPPPPHPHH
425,PPPPHHPHPPHHHHHHPHHPPHHHH
426,PPHPHPHPPPHHPHHHHHHPHHPHH
427,HHPHPPPHHPPPPHPHPHPPHHHHH
428,HPHHPHHPPHHHPPHPPPHHHPHPH
429,PPHHHHHPHPPHHHHPPHPHHHPPH
430,HHHHPPPHPPHHHHHPPHHPHPHPP
431,HPHHPPHHHPPHHPHHHHHPPPHPH
432,HPPPPPHHHHPHHPPHHHPPHHPHH
433,PPPHPPHPHPHHHHHHHHHHPPHPH
434,PHPPPPHHPPHHPHHPHHHHPPHHP
435,HPHHHPPPHHPPHHPPHHHHHPPHP
436,HHPPPHHPHPHHPHPPHHPHHHPPP
437,PHPHHHHHPPPHHHPHPPHPHHHPH
438,HPPHHPHPHPPPHHPPHHHHPPHPH
439,HHHHPPHHPHPHPHPPHHPHHHPHP
440,HHPHHHHPPHHPPPHHPHPHPPPHH
441,HPHPHHHPPHHPHPHPHHHPHPPHP
442,PHHPPHHPPPPPHHHPHHHPHPPHH
443,HPPPPHHPPHHHHHHPHPPPPHHHH
444,PPPPHPPHPHHHHHPPHHHHHPPPH
445,PHPHHPHHHPHHPHHPHPHHPPHPP
446,PHPPHHPHPHHPPPHHPPHPPHHHH
447,HPHHPHHPHHHPHPPPHPHHPPHPH
448,HPHPHPPPPHHPHHHHHPPHHHPPH
449,PPHHHHPHHHPHPHHHPPHPPHHPP
450,HHHPPPHHPPHPPHHHPPPHHPHHP
451,HHHPHHPPHPHHHHPPHHPHHHPPP
452,HPPPHHHPHHHHPHPHPPHHHHHPP
453,PHPHHHHPPHHHPPPPHHHPHHHPH
454,HPPPPHPPHHHPHHPHHHPHPPHHH
455,HPHPHPPHHPHPHHHHPHPHPPHPH
456,HHHHHHHHPPPHHPHPPPHPPHPHH
457,PHHPHPHHHHHHHHHPPPPPHPHPH
458,HHHPPHHPHHPHPPHHPPPPHHHHP
459,HPHHHHPPHPPHHHPPPHHPPPHHH
460,HHHPPPHHPPHPPHHPHPPHHHHHH
461,PPPHHPHHHHHHPHPPPHPHHHPPP
462,HPHHHPHHPPPHHPHPPPPPHHHHH
463,PHPHHHHHHHHHHHPPPPHHPPPPP
464,HHHPPPHPPHPHHPPPPHPHPHHHH
465,HPPHHHPHHPHPPHHHHPPPHPHHH
466,HPHPHPHHPPPHHPPHHHHPPHHHH
467,HPHPHHPPHHPPHHPHPPHHHHPHH
468,PHHHHHHPPHHHHPHPHPPHPPPHH
469,HHPHHHPHPHHHPPPPHPPHPPPHH
470,HPHHHPPHHHHHHPHPPPPHHPHPP
471,PHHHHPHPHPHHHHPPPHPPHHPPH
472,PPPPHPHHPHHHHPHPPHHHPPHHH
473,PHPHPHPHHPPHHPHPHPHPHHHPP
474,HPPPPHHHPHPHHPHHPPPHPHHHH
475,HPPPPPHPPHHPPHHPHHHHPHHHP
476,HHPPPHPHHHPPHPHPHPPHHPHPH
477,PPHHHHHHPHPHHPHPHPPHPHPPP
478,HHPHHPHPPHPHHHPPPHHHPHHPH
479,HHHPHHHHHHPPHPHPHHPPPHPPP
480,PHHHPHHPHPHPPPHPHPPHHHPPH
481,PPHPPHPHHHPHHPPHPHPHHHHHH
482,HPHHHPHPPHPHHHPHPPPPHHHHP
483,HHHHPHHHHPPPPPHHPPHPHHHPP
484,PPHHHHHHHPPHHPHPHPHPPPHHH
485,HHHPHHPHPHHHPPPHPHHPPHHPH
486,HHHHHPHPPHPHHPPPHPPPPPHHH
487,PPHPHPHHPPHHPHHPPHHHPHHHH
488,HPHPPHPHHPPPPPHHHHHHPPPHH
489,PPHHPHPHHPHPPPHHPHHPHHPHH
490,PPPPHPHHHHHHHHPHPPHHPPHHH
491,HHPHPHHPPHPPHPHHPHHHPPPHH
492,PHHHPPPHPHHPPPPPHPHHHHHHH
493,HHHHPHPPHHHHHPPHPPPPHHPPH
494,HHPHHPPPHHHHHPHHPHPPHPPPP
495,PHPPHHHHHHHHHPHHHPPHHPPPP
496,HPPPHHPPPHHPHHHPPHPHPHHPH
497,HHPHPPPHHHPHPHHHPPHHPPPHH
498,PHHPPPHPPPPHHPHHPHHHPHHPH
499,PPHPHPHHPHPHPHPHHHPPHHHPP
500,PHPHPHHHPHHPPPHPHPPPPHHHH
501,HHHPPPPHPHHPPHPHPHHHHHHHP
502,HPPHHHPPPHPHHHHHPHHPHPPPH
503,HPHHHHPPPPHPPHPHPHHPPHPHH
504,PHHHHHPPHHHHHPHHPPPPPPPHH
505,HPPHHHPHPHPHHPPHHPHHPHHPH
506,PHHPHHPHHPHPPPHPHHPHHPPHP
507,PHHHPPPPPHPHPHHHPHPPPHHHH
508,HHHPHPPPHHHPHHPPPPPHHPHHP
509,HHPHPHHHHHPHHPPPHHPPHPHHP
510,PHPHHPHHPPHHPPPHHHHHHPHPP
511,PHHPPHPHHHHHHHPHPHPPHHPPH
512,PHHHHHPPHPHPHPHHPPHHHHPPH
513,HPHHHPHPPHPHPPHPHHHPHPHHP
514,HPHHPHPPHHHHPHHPHPPPPPHHH
515,PPHPPHPHHPHPHPHHHHHHHHHPP
516,HPHHPHPHHHPHPPPHHHHPPPHHH
517,HHPHPPPPPPHPHHHHPHHHHHHPH
518,HHHHHHHHHPPPHPHHHPHPPPPPH
519,HHPHPPHHHPPHPHPPHHHPHPHHP
520,HHHPPHHPPHPHHHPHPHPPHPPHH
521,HHPPHPHHPHPPPHHPHPHPHHPHP
522,HPPPHHHHPPPPHHHHPPPHPHHHP
523,HPPPPHHPHPHHPHPHHPPHPHHHH
524,PHHHPPPHHHPHHPPHHHPHPPPHP
525,HHPPHHPPHHHHPHPPHHPHHPPHH
526,PHPPHHPHHHPHPHHPHHPPPHPPH
527,PPPHHHHPPPHHHHHPPHHPPHHHH
528,HHPPHPPPHPPHPHHPHHHHHPPHH
529,PPPHHHPHHHHHHPHHPHPPPHPPH
530,HHHPPHPHHHHPPHHHHPPPPPHHH
531,HHPPHHHHHPHHPHPPHHPPHPHHP
532,HPPHHHHHPHPPPHHHHPPPHHPPP
533,HHHPHPPHHHHHHHPPPPHPHHPHP
534,HHHHPPPHPHPPHPPHHHPHPHHHP
535,PHPPPHPHHPHPHPPHHHHHHPPPH
536,PPPPHHHHPPHPHHHPPHHPHHHHH
537,HHPHPPPHHHPHPPHHHPPHPHHPP
538,PHHHHPHHHPPHPHHPPHPHPHPPH
539,HHPHPPHPPHHPHHPPPHHPHHHHH
540,PPHHHHHHPHPHHHPPPPPHHPHPP
541,PHHPHPPHPPHPPPHHHHHHPHPHH
542,HHPHPHHHHPHPPPPHHPHHHPPHH
543,HHHPPPHHPHHHPHHHPHHHHPPPP
544,PHHHPPHHHHHHPHPHPHPHPPPHP
545,PPHHHPHHPPHPPHHPHHPHHHHHP
546,HPPPHHHPPPPHHHPHHHHHHPPPP
547,HPHHPPPHHPHPHPPHHHHHPPHHH
548,HHPHPPPHHPHHPHHPHPHHPPHPH
549,PPHHHHPHPPHPHHHPHHHPHHPPH
550,HHPHHPHPHPPPHHPHHPHHHHHPP
551,PPPHHHHPHPPHPHPHHHPPHHHPH
552,PPPHHPHPHPHHPHHHHHHHPHHPP
553,PPHPPHHPHPHHHHHHHPHPPHPHH
554,HHHHHHPPPPHPPHPHPHPHHHHHP
555,HPPPHHPPHHHHPHHPPHPPHHPHH
556,PHPPPHHPPPHHHHHHHPHPPPHPH
557,HHHHPPHHHPHPPHPPHPHPHHPPH
558,PHHHHHPHPPHHHPHHHPHPPHPHP
559,HHPHPPPPPPHHHHPPHHPPHHHPH
560,HPHPPHHPHPHPHPHPHPHHHHHPH
561,HPPHPHHHPHHPPPHPHHPHHPHHH
562,PHPPHHHPPPPHHHPHPPHHHHHHH
563,HHHHHPHPPPHHHPHPPHPHHHHPP
564,PPHHPHPPPPHHHHHHPPHHPPHHH
565,PHPPPPPHHHPPHHPHHHHHHPPHH
566,HHPHPHPHHPPHPPPHHHHHPPHPH
567,HHHPHHHHPPHPHHPHPPHPHHHPP
568,HPHHHHPHHPHPHPHPPHPPHPHPH
569,PHPHPPHPPPHHHHHPHPHHPPHHP
570,HHHHHHPHPPHPPHPHHPHHPPHHP
571,HPHHHHHPHHPHPPHPPPPHHHHHP
572,HHHPPPPPHHHHHPHHPPPPHHHPH
573,HPHPPHPPPPHHPHHPHHHHHPHHP
574,PPHPPPHHPPHHPHHHPHHHPHHHP
575,PPPHHHHHHPHHPHPPPHPHPPHPH
576,PHPHPPPHHHPPHHPHHHPHPHHHH
577,HHHHHPHHHHPPHHPHPPPHPPPPH
578,PPHPPHHHPHHPPHPHPPHHHPPHH
579,HHHHPPPHPHPPHHPHPHHHPPHHH
580,HHHPHHPHHPHHPPHHHPPHPPPPH
581,HHHPPHHHPHPPPPHHPPHHPHHHP
582,PHPPHPPPHPHHPHPPHHHHHPHHP
583,HPHPPHHHPHPHPPHHHHHPHPPPP
584,HPHHHHPPHHPHHPPHPHHHHPPPH
585,PPHHHPPPHPHHHPPPHHPHHHHPH
586,HHHPHPPHPHPPHHPHPPPHHPHPH
587,PPHPPPHPHHHHPPHPHHHHHHPHH
588,PHHHPPPPPPHPPHHPHHHPHHHHH
589,HHHHPHPPHPHHHPHPPHPHPHPHH
590,PHPHPPHHPHHPPPPHPHHHHHHHH
591,PHHHPHHHPHPPHHHPHPHHHPPHP
592,HPHHPHHHHHHPHPHPHPHPHHPPP
593,PPPHHHHPPHHPHHHHHPPHPPPHH
594,PHHHHHHPPHPPHPPHHPHPPPPHH
595,HHPPPPHPHHHHHHHHPHPHPPPHP
596,PPHHHHHHPHPPPHHPHPHHHHHPP
597,HHHHHHPPPPHHHHPPPPPHHHPPP
598,HPPHHPPHPHHHHPHPPHPPHPHHH
599,PHPHHHHHHHPPPHHPPPHPHHPPP
600,HHPHHPHPPPPHHHPHPHHHPHPHH
601,HHHHPHHPHPHPHPPHHHHPPPPHH
602,PHPPPHPPHHHHHHHHPPHPHHHPH
603,HPPPPHHPHHHPHPHPHPPPHPHHH
604,HPPPHHHPHPHHHHPHPPPPHPHHH
605,HPHPHHHHHPHPHHHPPPHHPPHPH
606,PHPPPPHHHPHHPPHPPPHHHHPHH
607,HPPPHHHPPHPHHHPHHPHHPHHHP
608,HHHHPHHPPPHHPHHPPPPHHPPHH
609,PHPPPHHHHPHHPHPPHHPHHHPPH
610,HHPHPHPPPHHHHPPPHHHHPHPPH
611,HPPHPHPPPPHHPHHPHHHHPHPHP
612,PPHHPHPHHPHPHPHHPHHPPHHPP
613,HHHHHPHPHPPHHPHHPHPHHPPHP
614,HHPHHPHPPHPPPHPHPHHHPHHPH
615,PHHPHPHHHHHHPHPPPHPPHPPHH
616,PHHHPHPHHPHHPPPPHHHPHHPHH
617,PHHHPHHHHPPHHHPPHPPPHPHHH
618,HHPPHHHHHPHPPHPHPPHPPHPHP
619,HHPHPHHHHHPHPHPPPPPHHPPPH
620,PHPHHPHPPPHPHHPHHHHPHHPHH
621,PHHHPPPPHPPHPPHHHHPHHHPHH
622,HPHHPHHPPPHHHPHPPHHPHPPHP
623,PPPPPPHHHHPHHPHHPHHHPHPHH
624,HPHPHHHHHPPHPPPHPHHPHHHHP
625,HHHHPPHHPPHHPHPPPHPPPHPHH
626,HHHHPPHHPHHPPHHPHPPPHPHHH
627,HPPHHPHPHHHHHHHPHPPHPHPHP
628,PPPHHHHHHPHHPHHHPPHHPPPPH
629,PPHHPPHPHHHPPHPHHPHHPHHPH
630,HHPPHPHHHPHHPHHHHPPPHPPHH
631,PHPPHPHHPPHHHHPHHPHHHHPPH
632,HHPPPHPPHHHHPPHHPHHHPHPHH
633,HHPPHPPHHHPHHPPPHPHHPHHHP
634,HPHHPPPHPHHPPPHHHHHPPPHPH
635,HHHPHPPHHPHHHHHPHHHPPPHPP
636,PPHHPPHPHHHHHHPHPPHPHHPHP
637,PPPHPHHPHHHHHHHPPPPHHPHHH
638,PHPPPHHPPPHHHHHHPPPHHHHPH
639,HPPHHPPPPHHHPPHHPHHPHPHHH
640,HPHPHHPHHPHPHHPHPPHHPHHPH
641,PHHHPHHHHPPPPPPHHPHHPHHHH
642,HHHPPHHHPPPPPHHHHPHHPHHPP
643,HPPPHHHHPHPPPHPHHHHHPPPHH
644,HHPPHPHPHHHHPHPHPPPPHHHHP
645,HPHPPHPPPHPHPHHHPHHPHPHHP
646,HPHHHPHPHPHHPHPPHHPPHPHHH
647,HHHHHHHPPHPPHPPPHHHPPPHPP
648,PPPHPHHPHHPHHHHPPHHHPPHHH
649,HPHHHHPHHPPPPPHPHPHPHPPHH
650,HHHHPHHPPPPHHPHHHPHPHPHPH
651,HPPPHPHHHHHHPHHHPHHPPPHPP
652,HHPPHPPPPHHPPHHPHHHHPPHPH
653,PPPPPHPHHHHHHHPHHHPHHHHPP
654,HHPPHHPHHHPPHPHHPPHPHPHHH
655,PHHPPHHHHHPPHPHPHHHPPHHPH
656,HHHPPPHHHHHHPHPHHPPPHPPHH
657,HPPPPHHHHPHHHHPPPHHHPPHPH
658,PHPHHHHHHPPPPHHPPHHPHPHPH
659,PHHHPPHHHHHPHPPHPHHHHPPPH
660,HHPHPHPPPHHHHHPHPPHPPPHHP
661,HPHHHPPHHHPHPHHPPHHHHPPHP
662,HHPPHPHHHPPHPPPHPHHPHHPHP
663,PHPHHHHHPHHPHHHHPPPHPPHPH
664,HHHHPHPPPPHHPHPHPPHPPHPHH
665,PHHHHHHPPHPPHHHHHHHHPPPPP
666,HHHPHHPPHPHPPPPHHHHHPPPHH
667,HHHPHHPPPHHPPPHHHHPHPHPHP
668,HPHHHHPHHHHHPPPHPPHHHPHPP
669,PHHHPPHHHPHHPPPPHPHPHHPPH
670,HPPPPPHPPPHHHHPHHHPHHHHHH
671,HPHHHPPHHPHHHPHPPHHPPPHPH
672,PHHHHPHHHHPPHPHHPPHHPPPHH
673,HPHHPHPHHHHPPPPPHHHPPHHHP
674,HPHPHPPPPHPPHPHHPHHHPHPHH
675,HHHPHHHPPPHHPHPHPHHPPHHPH
676,PHHPHPHHPHPHPHHPPPHHHPHHH
677,HPHPPHHPPPHHPHHHHPHPHPHHP
678,HHHHHHHPHHPPHHPPHPPPHPPHP
679,HPHHHHHPPHPHHPPHPHPHHPHHP
680,HHHHHHHHPPHPPHPPHPPPPHHPP
681,PHHPHPPHHPHPHHPHHPPHHHPHP
682,HHHPPHHHPHHPPHPPPHHPHPHPP
683,HHPPHHHHPHPPHHHPHPPPPPHPH
684,HHPPHPHHHPHPPPPPHPHHHPHHH
685,PPHPHPHHHHPHHHHHHPPPPHHHP
686,HHPPPHHHHPHPHPPHHPHHHPPHP
687,PHHPPHPHPHHPHHPHPHPHHHPHH
688,HPPHPHHHPPPHPHHHHHHPPPPPH
689,PHHPHHHHPHPHPHPHHHPPHHPHP
690,HPPHPPHHHPHPPHHHPHHPPHHPH
691,PHHPPHHHHHHPHHHPPPPPPHPHH
692,HHHPHPHPHHPHHPPHPPPHHPPHH
693,HPPHPHHHHPHHPHHHPHPPHPHPH
694,HHHPPHPPPPHHHPHPPPHHPHHHH
695,HPPPPHPHHHHPPPPHHHPPHHPHH
696,HHPHHPHHPPPHPPPPHHHHHHHPH
697,HPPPHPPPHPPHHHHHPHHHPHPHP
698,HHPPHHHPPHHHHHPPHHHPPPPHP
699,HPHPPHPPHHHHHHHPHHPPPPHHP
700,HHHHPPPHHHPHHPHPHHHPHPHPP
701,PHPPPHHHPPHPHHHHHPHHPHPPH
702,PHPPHPHHHHHHPPHPPHHHPPPHH
703,HPHHPHPHHHPHHHHPPHPPHPHHP
704,PHPHHPPHPHPHHPPPHPPHHPHHH
705,HPHHHPHPHPHHHHPHPHPPPPHHH
706,HPHHHHHPPHPPHHPPHHHPHHPPH
707,HHPHHPHHPPHHHHHHHPPPPPPPP
708,HHHPPHPHPHHHPHPHPHPPHHPHH
709,HHPHPHHHHHHHPHPHPHPPPPPHP
710,HHPPPHPHPHHHPHHHHPHPPHHPH
711,HHPHPHPHHHPPPPPHPHPHHPHHH
712,HPHHPHPPHHPHPPHPHHPHPHHHP
713,PHHHHHPPHPHPPPPPPHHHHHPHP
714,HPPHHPHPPHPPHHPHPHPHHHHPH
715,PHHHHPPHPHHPPPHHHHHHPPPPH
716,HHPPPHPHHHPHHHPHPPHHHHHPP
717,HPPHHHHPHHPHPPHPPPHHHPHHH
718,HPHHHHHPHPHPHPPHHHHHPPHPP
719,PPHHHPHPHPHPHHPPHHHHPHHPP
720,HPPHPHHPPHHPHHHPHHPHPPHHH
721,PPPHPHHHHHPHPHPPHHHHHHHPP
722,PPHHPHHHPPHHPPPHPHHHPHHHH
723,HPPHHPHHPHHPPHHHPPHPHHHPH
724,HHPPHPHHPPHHPPHHPHPHHPHHH
725,HHPHPHPHPHHPHHPHHPHHPHPPH
726,HHHPPHPHHHPPHPHHHPHPHPPHP
727,PPPHHHPHPHHHHPHPHHPPPHPHP
728,HHPPHPHHPPHHHPPHHHPHPPPPH
729,PHHPHHHPHHHPPHHPPHHHHHPPP
730,PPHHPPPPHHHHPHPPHHPHPHHPH
731,PPHHHPPPPHHHHHPPPHHHPHPPH
732,HPHHHHPHHHHPPHHPHHPPHPPPP
733,HPPHHPPPHHHHHPHHHPHHPHPHP
734,PHPPHHPPPHPPHPHHPHPHHHHPH
735,PHHPHHPPHHHPHHHHPPPPHHHHP
736,HPPHPPHPHHPHHPPHHPPHHHHHP
737,HHHHHHPPHPHPPHPHPPHPPHPHP
738,HPHHHPPHHHHPPPHHHPHHHPPPP
739,HHHPPHHHHPPHHPHHPHPHPHPPP
740,HPHPHHHHHPHPPHPHHPHPHPPHH
741,HHPHHPPPHHPHHPHHPHHHHPPPP
742,HPPHPHHHPPHPPHHHPHPHHHPPH
743,PPHPHHPHPHPHPHHHPHHPHHHPP
744,HHPHPHHPHHPPPHHHHPHHPPPPH
745,HPPPPPPHPHHHHHHPPHHHPHPHH
746,HHPPPHHHPPPPHHPHPHHHHHHPH
747,PHPHPPPPHPHHHPHHHHPHHHHHP
748,PPHPHHPHPHHPHHHPHHPPPHPHP
749,HHHHHPPHHPPPPHPHHPPHHHHPP
750,PHHHHHHPPHPPPHPHHHPHPPHHH
751,HHPHHPPHHPHPPHHHHHPHPHHPP
752,PPPHPPPHHHHPHHPHHPHHPHHHH
753,PHHPHHHPHHPHHPPHPPHPPHHHH
754,PPPPHHPHHHHPPHHHPPPHHHHHH
755,HPHHHHHHPHPHPPPHHPPPHHHPP
756,HHHPPPPHHHPHHHHHPPPHPPHHH
757,HHHPHPHPPPHPHPPHHHPHHHPPH
758,PPHHHPPHHHHPHPHPHPPPHHPHH
759,PHPHHHHHHPHPHHPPHPHPHPHHP
760,HPHHHHHHHPPPPPPHHHHPPHHHP
761,HPPHHPHHHHHPHHHPPHPHPPPHH
762,HHHHHPPPPHPPPHHPHHHHPPPPH
763,HHPPHPHPHHHPPHPPPPHHHHHHP
764,PHPPPHPHHHPPHHPHHPHPHHHPP
765,PHHHHHPHHHHHPPPPHHHPHPPPH
766,PPHPPPHPHHHPPPHHPPHHHHPHH
767,HHHHPHPHHPPHPPHHPHPPHHPHH
768,HPPPHPHHPHHHHPPPHHHPHPHPP
769,HHHPHHPHHPHPPHHPPHHPPHPPH
770,HHHHHPHHPPPHPHPHHPPPPHPPH
771,PHHHHHHPPPPPPHHHHHHPPHHHP
772,HHHHHHPHHPPPHPPPPHHHPHPPP
773,HHHHPPHPHPPPHPPHPHHHPHHHP
774,PHPPHPHHHHPHPHPHPHHPPHHHH
775,HHHPPHHPPPPPPHHHHHPHHPPPH
776,HPHHHPHPHPHPPPHHHHPHPHHPP
777,PHHHHHPHPHHPHPHHPPHPHPPPH
778,HPHHHHPHHPPHPPPHPPHPHHHHP
779,HPPHPHHPHHPHPPHHHHHHPHPPH
780,HHHHHPPHHPPHPPHHHHPPHPPHP
781,HHHPHHHPHPHHHPHPPHHHPPPHP
782,HHHHHPPHHPHHPHPPPHPPPPHHH
783,HHHHHPHPHHHPHPPPPPHPHHHPP
784,HHPHHHHPPPHHHPHPHPPHHHPPP
785,HPPHHHHPHPPHHHPPHPHHHHHPP
786,HPHHHHHPHPPHPPPPHHHHHHHPP
787,HHPHPHPHPHHHPHHPPPHPPPPHH
788,HHHHHPPPHPPPPHHPHPHHPHPHP
789,HPPHPHPHHPPHPHPHPHHHPPPHH
790,HPHHPHPHHPHHPPHHPHPHPPHHP
791,HHHHHPHHPPPHHPHPPPPPHHHPP
792,HHHPHHPPPHPPHPPHPPHHHPHHH
793,HHHHPPPPPHPHHHPPHHPPHPHPH
794,PPPHHPHPHPPPPPHHHHHPHHHPH
795,HPPPHPPHHHHHHHPPHHHHPHPPP
796,PHPPHPPPHHHHHHPPPPHHHHPPH
797,HHPPPHHPPHPHPPPPHHHHPPHHH
798,PHHHPHPPHHPPPHPHHHHPHHPHP
799,PPPPHPPPHPHHHHHHPHPPHHHHP
800,PPPHPHHHPHHHHHPHPPHPHHPHH
801,HPPHPHPPHPHPHPHPPHHPHPHHH
802,HPHPHPPHHHPHPHHPPHHHHPHHP
803,HHPHHPHPPHPHHHHPHHHPPPPHH
804,HPHPHHHPPHHHHPHHPHPHPPPHP
805,PHHHHHPPPPHHPHHHHPPPPHHHH
806,HPHHHHHHPPPPHPPHHHHPHHPPP
807,HHHHHHPPPPPHPHHHPPHPHHHPP
808,HPHHHPPHPHHHPHHPPPHHPHPHH
809,PPPHHHHPHPHHHHHPHPPHPHHPP
810,HHPHPPPPPPHHHHPHHHPPPHPHH
811,HHHHPHPPPHHHPPHPHHPHPHHPP
812,PHPHPHHHHPPHHPPHHPHHPHPHP
813,HHHHPHPHPPPHHHHPPHHPHPHHP
814,HHPPPPHHPPHHHPPPHPHHHPHHH
815,PHPPHHHHPHHPPPHHPHHHHHPPH
816,PHHPHPHHPHPHHHHPPHHHPPHPP
817,PHHPPPHHHHPPHHHPHHHPPPHHH
818,HHPPHPPPPHPHHHPPHPHHPHHHP
819,PHHPHPHPPHPPHHHHHHPHPHHHP
820,HPHPPPHPPHPPHHPPHPHHHHHHH
821,HPHPHHHPPHPPPHPHHHPHHHHPH
822,HHPPPHHHPHHHHPPHHHPPHPHPH
823,HHPHHPHHPHHPHHPPHPHPHHPPH
824,HHHPPPPHHHHPPHPHHHPPHHHHP
825,HPPHPPPHPHHHHHHPHPHPHPPHH
826,HPHHPHPHHHHPPPHHPPHHHPHHP
827,PPPHHHPHHPHHHPPPPHHPHPHPH
828,HPHHPHPHHPHHHPHHPPHPPPPPH
829,HHHHPHPHHHHHHPPHPPPHPPHPH
830,PPPHPHHPHPHHPPHHHHHHPHPHP
831,PHHPPPPHHPHPPPHHPHHPHHHHH
832,HHPPHPPPHHHHPHHHPPPPHHHHH
833,HPHHHPHHHPHPPHHHPHPPHHPHP
834,HHHHPHHPHHHHHPPPPHPPHHPPH
835,PPHHPHHHHHHHPHPPPPPPHHHHH
836,PHPPHHPHPPHPHHPHHPHHHHHHP
837,PHHPPPHHHPPHHPPHHHHHHHPHP
838,HHHHPPPHPHPPHHPHHHPHPPPHH
839,HHHPHPPPHHHPHPPHHHHHPPPPH
840,HPPHHHPPPHPPHPHPPHHPHHHHH
841,PHPPPPHPHHPHHPHHPPHHPHHPH
842,HHHPHPPPHHHPHPHHPPPHHPPHH
843,HHPPHHPHPHHHHPPHPPHPPHHPH
844,HHHHPPPPPPHPHHPPPPHHHPHHH
845,PHHHPHPPPHHHHHPHHPPHPHHPH
846,PPHHPHPHPHPHHHHPHPPPPHHHH
847,PPHPPHHPHPHHHHHPHHHPPPHPP
848,HHPHHHPPPPHPHHHPHPHPHHHHP
849,PPHHPPPHPHPHPHHHPPHHPHHHP
850,PHHHPPPHHHPHPHPPHPPPHPHHH
851,PPPPHHPHPPHHHHHHHHPPPPHHP
852,HHPPHPHHHPPPPHPPPPHHHHHPH
853,HPPHPPHPHPHPPPPHHHPHHPHHH
854,PPHHHPPPPHHPPPHHHHHPPHHHP
855,HPPPHHPHPHPHHHPHHPPHPHHHH
856,PHHHHPPPHPPHPPHPPHPHPHHHH
857,HPHHPPHHHHHPHHHPHPHHHPPPP
858,HHHPHHPPPHHPPPHHHHPHHPHHP
859,PHHPHHHPPHHPPHPHHPHPHPPPH
860,HPPPPHHPPHHHPPHHPHHPPHHHH
861,HHPPPHHPHPPHHPPPHHHHHPPHH
862,HHPHPPHPPPPHPHHHPHHHHPPPH
863,PPHHPHPHPHHHPHPPHHHHPHHHP
864,HHPHHPHHHPHHHHHPHHPPPHPPP
865,PPHPHPPPHHPPPHPHHHHHHHHPP
866,HHHHPPPHPPPHHHHHPHPPHHPPH
867,HHHHPPHPPHPPPHPPHPPHHHHHH
868,HPHPHHHHHHPHPHHPHPPPHPHPH
869,HHHHPHHPHHPHPPPHPHPHHPHPH
870,HPHHHHHHPHPHHPPPHHPHPPPPH
871,HPPPHHHHPPHPHHPHPHHPPHPPH
872,HHHHPPHHHPPHPPHHPPPPHHPHH
873,HHHHHPHHPHPPPPPPHHHPHHPHH
874,PHHHPPHHHPHPPPHPHHPPHPHHH
875,PHPHPPPHPPPHHPPHHHHPHHHHH
876,PHPHHHPHPPPPHPHHHHHPHHPHH
877,PHHPPHHHPPPHHPPHPHPPHHPHH
878,PPPHHPPHHHPHHPHHPPPPHHHPH
879,HHHPPHHHHPHPPHHHPPPPHPHPP
880,HPHHPPHHHHPPHPPPPHHHPHPHP
881,PPPPHHHPHHHPPHHHPHHHPPHHH
882,HHHPPHHHPHPPHHHHHPPPHPPHH
883,PHHPHHHPPHPHHHHPPHHHPHPHP
884,HHPPPHPHPHHHHHHHPPPPHPPHP
885,HHHPHPPPPPHPHPHHPHHHPHPPH
886,PHPHHPPHPHHHHHPPHHPHPHHPP
887,PHPHPHPHPPHHPHHPPHPHPPHHH
888,PPPHPHHPPHPHHHHHHPPHPHPHP
889,HPHPHHPPHPHHPPHPPHHHHPHHP
890,PHPHHPHHHPPHPPHHHPHHPHHPH
891,PHHHHPPHPHHHHPPPHHPHHPHPP
892,HHHHHPHPHPHHPHPPPHPHPHHPH
893,HHPHHHHPHPHHPPPPPPHHHPHPH
894,PHPHPHHHHHHHPPHHPPPHHPPPH
895,HHHPHPPPHHHPHPHHHHPPPPPHH
896,PHHPHPHHPHHPHPPHPHHHPHHPH
897,HHPHPPHPHHHPHPHHHHHPPHHPP
898,HHHPPHPPHHHPHHPPHHPPHPPHH
899,HPHPPHHHHHHPPHPPHHHHHPPPH
900,HPHHHPHHHPPPHHHPHHPHHPPPH
901,HHHHPHHHHHPPHHHPPHPPPPPHP
902,PHHPHHPHHHHPPHPHHPHHPHPHP
903,HPPPHPHHHPPHHPPHPHHHHPPPH
904,HPHHHHPPHHPHHHPPPHHHHPPPH
905,HHPPHPPHPHHHHHHPPHHHHPPPH
906,PPPHPPHPHHPHHPHPHHPHPHHHH
907,PHHPHHPHPHPHPHHHPPHPPHHHH
908,PHPHHHHPHPPHHHPPHHHPHHPHP
909,PPPHPPHPPHPHHHHPHPHHHHHHH
910,PHPPHHHPHPPPPHPHPHPHHPHHH
911,HHHHHHPHPPHPPHPHHHPPHPHHP
912,HPPHPHHPHHHHPHPHPHHHPPHPH
913,HHHPHHPHPHHHPHPPHHHPPHPHP
914,HPHPHHPPHHPHHHPHHHPPPHPHH
915,HHHHHPPPPPHPHHHHHPHPPPHPP
916,HPHHPHPHPHHPPPHHPHPPHHPHH
917,PPHPHPPHPPHHHHHHHPHPHPHPP
918,HHHHHHHHPHPPPPHHHPPPPPPHH
919,HHPHPHHHHHPPPPHHHPPHHHPPP
920,HHHHPHPHHPHHHHPPHHHHPPPPP
921,PHHHPHHHHHPPHHPHPHPHPHPPH
922,PPPHHHPHPHPHHHPHHHHPHPPPP
923,PHPPPHPHHHPHPPHHHPHHPHPHH
924,HPPPPHHHPHHPHPHHHHPPPPPHH
925,HHPHPHPPPHPHPPPHHHHHHHHPH
926,PPPHHHPHHHHHHPHHHHHPHPPPP
927,HHHPHHHHPHHPHHPPPPPPHHHPH
928,PPHPPPPHHHHHHHHHPHHPPHHPH
929,PHPHHPHHPHHPHHHPPPPPHPHHP
930,HPPHPPHHPPHPHHHHHPPHHHPHH
931,HHPPHHHHPPPPPPHHHPPHHPPHH
932,PHHHHHPHPPHPPHHHPHHHPPPHH
933,HHPHHHHHPHPHPHHHHHPPPPPPH
934,HHHPHHPHHHHPPHPPHPPPHPPPH
935,HPHHHPHHPPPPHHPPPHHPHHHHH
936,PHPPPHPHHPPHHHHHHHPHPHPPH
937,HHHPHHHPPPHHHPHPHPPPPHPHP
938,HPHPHPPHPHPHPHHPHHHHPPHHP
939,PHPPHHHPHHHHPPHPPHHPHPHHH
940,HPPHHHHPPPPPHHHHPHHPHHHHP
941,PHHPPPPHHHHPPHPHPHHPHHPHH
942,HHHHHHHHHPPPHPPPHPHPHPHPH
943,HHHHPPHHPPHHPHPHPPHHHPHHP
944,HHHPHPPPHPHPHHPPPPHHPHPHH
945,PHHPPHHHPHHHPHHPPHHPHPHPH
946,HPPHHPPPHPHHPHHPHHHHPPHPP
947,PHHHHHHPPHPHPPPHHHHHPPPPH
948,HPHHHHHPPHHPHPPHHPPHHPPPH
949,PHHPHPHHHPPHHHHPPHPHPHHPP
950,HPPHHHHHHHPPHHHPHPPPHPPHH
951,PHPHHHPHHHHHPPPHHHPHHPHPP
952,HHHPPHPHHPHHHHPHPHHPPHPHP
953,HHPHHHPPHPHPPPHHHHPHHHHPP
954,HHPHPPPHPPHPPHPHHHHPPHPHH
955,HHPHPHHPPPHHHHPHHPPHHHPHP
956,HHHPHPHPPHPHHHHHPPPHPHHPH
957,HHPPHHPHPPPHPHPHPHHHHHPPH
958,PHHHPHPHPHHPPPHHHHHPHPHHP
959,PHPHPPHPHPHPPHHHHHHHHPHPP
960,HPHPHPPHPHHHPPHPPPHHHPHHP
961,HHPPHPHHPPPHPPHHHPHPHHPPH
962,PHPPHPHPPPHHPHPHHPHHHHHPH
963,HPHHPPPHPPHHHHPHHHHPPHPPP
964,HHHHPPPPHPHHHPHPPHHHHHHPP
965,PPHHHHHHPPHHHPHPPHHPHPHPH
966,PHHHHHPHPHHPHPPPPHPHHPHHP
967,HPHHPHHHHPHPPPHPHPHHPHHPP
968,HHHPPHHPPPHHPHPHHPPPHHHHH
969,HPPHPHPPPHHHHPPHPHHPPHHHP
970,HHPPPHHHPPHPHHHPHPPHPHPPH
971,PPPPHPPPPHHHHHHHHPHPHHHPH
972,HPHPPPHHPHHHPPPPPHHHHPHHH
973,PHPHPPHPHHHHHHPPHPHPHHPHP
974,PHPHHPPHPHPPHHPPHHHHHHHPH
975,HHHHPPPHPPHPHPPHPHHHHPHPP
976,PPHHHHPHHPPHHPHHPPPPHPHHH
977,HHPPPHPHPPHHHPPHPPHHPHHHH
978,HPHHPPHPPHHHHHHPHPHHPPPHP
979,PPPHHHHPPHHPHPHPHPPHHPPHH
980,PPHHHHHHHPPHHHPPHHHPPPHPH
981,HHPHHPPHHHPPHHHHHPHHPHPPP
982,PPPHPPHHHHPPPHHHPHPHHPHHH
983,PHPHPHHHPPHHHPHHHPHPHHPHP
984,HHPHPHPHHHPHPHHPPPPPHPHHP
985,PPPHHPPHPHHHPPPHHPHHPHHHP
986,PPHPHPHHHHPHHPHPPHHHHPPHP
987,PPHPHPPPPHPHHHHPPHHHPHPHH
988,HHHHHPPHHPHPPHHHPPHHHPPPH
989,HHHPHPPHHHPPHHHHHPPPHPHPP
990,PHHHHPPPPPHPHPHPHHPHHHHHH
991,PHHHPHPHHHHPHPHPPPHHHHPPP
992,HPPPHPHHHHHHHPPHHPPHHPHPP
993,HHHPPPHHHPHHHPPHHHHHPPPHP
994,HHHHHHHPPHPPPHHHPHPPHHPHP
995,HHPPHHHPPHPHPHHHHPHHHPPHP
996,PPHPHPPPHPHHHHHHHHHPHPPHH
997,HPHHPHPHHPHHPPPHPPPHHHPHH
998,HHHHHPPHHPHPHPHPHHHPPHPHP
999,HHHHPPPPHPHPHHPHHHPPHHPHP
1000,PHPHHHPHPPHHHHPHPHPPPHHPH
1001,PPPHPHHHHHHPHPPPPHPHHPHPH
1002,HPPHHHHHPHPHPPHHHPHPPPPHH
1003,PPPPHHHPPHHHPHPPHHHPHHHPH
1004,HPPHPHPHHPHHHHPPHPHHPHHHP
1005,HPPPHHPPPPPHHHPHHHHHHHHPP
1006,HHPHHPHPHPPPPHHPHPHHHPHPH
1007,PHHHHHPPPHHPHHHPPPHPPHHHP
1008,PHHHPPHHPPPHHPHHHPPHHHHPP
1009,PHPHPHHHHHPHPPPPHPHPPHPHH
1010,HPPHHPPPHPPHPHHPHHPHHPPHH
1011,HPPPPHPHHHHPHHHHPHPHPPPPH
1012,PPHHHPPHHPHPPHHHHHHHHPPHP
1013,HHHPPHHPHPPHHHHHPHHHPHPPP
1014,PHHPHPPHPHPHPPHHHHHHPPHHP
1015,HHPHHHPHHHPHPHPPPPHPHPHHH
1016,HPHHPHHHHPPHPHPHHHPHHPPHP
1017,HPHPHHPHHHPHHHHHPHPPPHPHP
1018,PHHHPHPPHPPPPHHHPHPHHHHPP
1019,PHHHHHHPPHHHHHPPPPHHHPPPH
1020,HPHHPHHPPHHHHHPHHPHHPPPPH
1021,HHHHPPHPHHHPPHHPPHHHPHPHP
1022,HPHHHPPPPHHHHHPHPHHPHPHPP
1023,PHPHHHPHPHPHPHHPPPHHHHHHP
1024,HHHPHHHHHPPPPHPPPPPHHPHHH
1025,PPPHPHPHHPHPHHHHPHPPPHPHH
1026,PPHHPHHPHHHPHPHHHPPHHPHPP
1027,HPHHHPHHPHPPPPHPHHPHHHPPP
1028,HPHHHPHPHHPPPHPPHPHHPHHPP
1029,HHPHPPHHPHHHHHPPPHHPPHPHH
1030,PHPPPHPHHHHHPPHHPHPHHPPPH
1031,HPPHHHHPPHHHHHPPPHHHPPHPH
1032,PPHHPHPPPHHPHHPHPPHHPHHPH
1033,HHHHHHHPPHHPHPPPHPHPHHPHP
1034,PHHHHHHPHHPPPHPPHHHPHPPPH
1035,HHHPHHHHPHHPHHPPPHPHPPPHH
1036,HPHPHHHPHPPPHHPPHHPHPPPHH
1037,PPPHHHPHHPHHHPHHHHPHPPHPH
1038,PHPPPHPHHHHHHPPHPPHHPHPHH
1039,PPPHHPHPPPHHPPHHHHPHHHPPH
1040,PPHHHHHPHHPPHHPPPHPHHHHPH
1041,HHHPHPHPPHHHPPPHHPHPPHHHP
1042,PHHHHHHHHHPHPHPPHPHPHPPPP
1043,PPHHHPHPPHPPHPHHHHHHPPPPH
1044,HHPHHHPHPHPPPHPPPHPPPHHHH
1045,HPHHPHHPHHHHHPHPHPPHPHPPP
1046,PPHHHHHPHPHPPPHPHPHHPPHPH
1047,HHHPHPPHPPPPHHHHPPPHHHPHH
1048,HPHHHHHPHPHPHPPHHPHPPPHPH
1049,HHHPHHHPHPPHHPHHHPPPHHPHP
1050,HPHHHHHHPPPHPPHHPPPHPHHPH
1051,HHHPPHPPPHHHHHHHHPHHPHPPP
1052,HPPPPPHPPPHHHHHPHHPPHHHHP
1053,HHPHHPPHPPPPHHPPHHHHPPPHH
1054,PHHPHPHPHHPPPHPHPPHHHHPPH
1055,HPHHHHHPHPHHHHHHPPPPPPPPP
1056,HPPHHPPHPHHHPHHHHPHPHPHPH
1057,HHHHPHHPHPHPHHHPPHPPHPHPP
1058,PHPHHHHHHPPPPHHHPHPPHHPPP
1059,HHPPHPPHPPHHPHPPHHHPHHHPH
1060,HPHHPPPPPHPPHPHHHHHHHPHPH
1061,PPHHHPHHHHPPPHHHHHPPPPHHH
1062,PPHHHHHPHPHPHHPHPHPHPHHPH
1063,HHPHHPPHPHPHHHHPPHHPPHPHP
1064,HHPPPHHPHHHPPHPHHHHPHHPPP
1065,HHPHHPHHHPPHPHHHPPPHHPPPH
1066,HPHHPHHHPPHPHPHPHHHPHHPHP
1067,HHPHHPHPPHHHPHHHPPPPHHPPP
1068,HPHPPPPHHHHHPHPHHHHPPPHHH
1069,PPPHPHHHHHPPHHHHPPHHPHPPP
1070,HPHHHHHPPHPPPHPPPHHHHPHPH
1071,PPHPPHHHPHPPHHHHPHPHHHPHH
1072,PPHHHHHHPHHPHPHHPHHHPPPHP
1073,PHPPHPHHHHPPHPPHHHHPHHHHP
1074,PHHPHHHHHPPPPPHHHPPPHHPHH
1075,PPPHHPHHPPHHPHHHHPHPPHPHH
1076,PHPHPHHHHPPHHPHPHPHPHPPPH
1077,HPHPHHHPHHHHPHPPHPPHHPPPH
1078,HHPHPHPPPHPHHPPHHHHHPHHPH
1079,PHHHHPPPHPPHPHHPHHHHPPPPH
1080,PHHHHHPHPHPPHHPPHHHPPPHHP
1081,PPHPPHHPPPPHPPHHHHHHPHPHH
1082,HHPHPPHHPPPHPHHHHPPHPPHHH
1083,PHPPHPHHHHHPHHHHPHHPPPHHP
1084,PHPPHHPHHHHHPPHHPHPPPHHHP
1085,HHPHPPHHHHHPPHHHPHPHPPHHP
1086,HHHPPPHPHPPHHHPHPPHPHHPHH
1087,PPHHHHPPHHPHHHPHPHHPHHPPP
1088,HHPPHHHPHHHPPPHPHPHPHPHHH
1089,PPHHPHHHPHHHPHPPHPHPHPHHH
1090,PHHPPPHHPHPHHHHHHHPHPPHHP
1091,PPHHHPHPHHPHPPHPHHPHPHPHH
1092,PHHHPPPHHHHPPPPPHPPHHHHHH
1093,HPPHHHPPHHPHHHHPHHPPHPPHH
1094,HHHPPHHHPHHHPPPPHHPHHPPHP
1095,PPHPHHHHHPPHHHPHHHPPHHPHP
1096,PPPPPPHHPHPPHHHHHPHPHHHPH
1097,HHPHPPHHHPPHHPPPHPHHPPHPH
1098,PPPPPHPHPHHHHHPHHHPPHHHHH
1099,HHPPHHPHPHPPHPPPPHHPPHHHH
1100,PHHPHHHHPHPHHHHPHHPPPHPHP
1101,HHPPHPHPHPPPHHHHPPHPPHPHH
1102,HHPHHPPHPHHPHPPPHPPPHHHHH
1103,HHHPHPPPHPPHPHHHPPPHHHHHH
1104,HHHPHPPPHHPHPPHHHHHPHPPHH
1105,HHHPPPPPPHHHPHPHHHPHPHHHP
1106,HHHHPPPPPHPHPHHHPHPPHHHPH
1107,HHPPHHHHHHPPHPHHPPPHHHHPP
1108,PHPHPHHHPHHHPHHPPHHPHPHHP
1109,PPHHHPPPHHPHHPHHHHHPHPPPP
1110,HPHHHHPPHPHPPHPHHHHPPPHPH
1111,PPPHHHPHPPHHPHHHPHHPHPHPP
1112,HPHHHHHHPPPPHPPPHHPPPHHHP
1113,PPPHPHHPHPPHHHHPPHHHPHPHH
1114,HHPPPPHPHPHHHPHHHHPPHHPHH
1115,PPHHPHHHHHHPHPPPPHPHPHPPH
1116,PPPHHHHPHHHPPPPHHHHHHHPPH
1117,HPHHHHHPPPHHHHPPPPPHHHHHP
1118,PHHHHPHHHPHHHPPHPHPHPHPPH
1119,HPPPPHHHPHHPPHPHHHPHPHPHH
1120,PHPPHPHPHHHPPPHHHHPHHHPPH
1121,PHPPHPHPHHPHHHPHPPHHHHPHP
1122,PHPHHPHPHPHHHPHPPHPPHHHPH
1123,PPHPHPHHPPHPHHHHHHPHPPHPH
1124,PHPPPPHHHHHHPHHPHHPPHPHHH
1125,HHPPHPPHPPHHPPHPHHHPHHPHH
1126,PHPHPHPPHPHPHHHPPHHPHPPHH
1127,HPPHHPHHHPHPHHHPHPHHPPPHP
1128,PHHPPHHPHPHHPHHPPHHHPHPHP
1129,PHPPHHHHHHPHPHHPPHHPHHHPP
1130,HHPPHHPPHPHHPHPPPHHHHPHHH
1131,HPHHHPHPPHHPHHPHPHHHPPHPH
1132,HPPHHHPHPHHHHPHHPHPHPHHPP
1133,HHPHHPPHHPPPHPHHPPHPHHHPP
1134,HHPHPHHHHPPHHHHPHPPPPHPHH
1135,HPPPHHHPHHPHHPHHPPPHPHHHP
1136,HPHHHPPPPHHPHPHHPPHPHPHHH
1137,PPPPHPHPPPPHHPHHHHHHHHPHH
1138,PPPPPPHHPHHPHHHHHHHPPPPHH
1139,PHPHHHPPHPHHHPHHHHHHPPHPP
1140,HHPPPPHHHPHHHHHHPHHPPPHHP
1141,HPHPHHHPHHHPHPHHPPHPPPHHH
1142,HHHPPPPPPHHHPHPPHHPHHHHHP
1143,PHHPPHPPHHPPPHHHHHHPHHPHP
1144,HHHHHPPPHHHHPHPHHHPPPHPHP
1145,HPHPHPPPHHHHHHHHHHPHHPPPP
1146,PPHHHHPPHPPPHHHPPHHPHPHHH
1147,PPPPHHHPHHPHHHHPPHPHHPHHH
1148,PHPHHHHPPHHPPPPPHHPHPHHHH
1149,HHHHHHHPHPPHHPPHHPHPPPHPP
1150,HHPHHPHHPHHPPHPPHPHPPPHHH
1151,HHPHHHHHHHHPPHHPPPPHHPPHP
1152,HHHHPHHPHHPHPPPHHPHPHHPHP
1153,HHPPHPPPHHPPPHHHHHHHPHPHP
1154,PHHPPPHHHHHPPHPPHHHHHHPPP
1155,HPPPHHHPHPPPHPHPPHHPPHHHH
1156,PPHHPPHHHHPHHHPPHPPHPPHHP
1157,HHPHHHPHHHPPHPPPHPHHHHPPH
1158,PHHHPPHHPPHHHPHHHPPPHHHPP
1159,HHPHPPPPPHHHHHPHHHPPHHPPH
1160,PHHHHPHPPPHPPHHHHHPHHPPPP
1161,HPPHHHHHPHHHPHPHHHPHPPPPP
1162,HHHHPHPPHPPHHHHPPHPHHHHPP
1163,HHHPPHPHHPPHHPHPPHHPPPPHH
1164,HHPPHHPHPPHHPPHHPHHHHHPPP
1165,HHPPHPHHPHHHPHPHPPHPPHPHP
1166,HPPPHHHHHHPPPPHPPPPHHPHHH
1167,HPHPHHPPHPHHHPPHHHPHHHPPH
1168,PHHHPHHPPHHHPPHPHPHPPHHHP
1169,HHHPPPHHHPHHHHHHPPPHPHPPP
1170,HPHHPPHHHPPHHHHPHHPHHPHPP
1171,PHPPHPHPPHPPHHPPHHHHHHHHH
1172,PHHPHPHPPHHHPHHHPPHHPHHPH
1173,HPHPPPHHHHHHHHPPHPPHHHPHP
1174,PHHPPHHHHHPPHPHPHPPHHPPPH
1175,PPHHPHHPPPHHHHPHPHPHHHPHH
1176,PHPHHPHHHPHPHPHHPHPPHHHPP
1177,HHPPHHHPHHHPHPPHHPPHPHPHH
1178,HPHHPPHHPHPPHHHHHPHPHHHPP
1179,HHHPHPPHPHPPHPHHHPPPHHPPH
1180,HPPHHPHHHHHHHHPPPPPHPHPHH
1181,PHPHPHPPHHHHPPHHHHPHPHPHH
1182,HPHPHHHHHPHPHPPHPHPPPHHHH
1183,HPPHHHHPPPPHPHPHPHPHPHPHH
1184,PPPHHPPPHHHHHHHPHHPPHHHHP
1185,PPPHHPHHPPHHPHPHHHPHHHHHP
1186,PHHPPHHPPHHPHPPPHHHPHHHHH
1187,HHPPPPHPPPHHHHPPHHHPHPHHH
1188,PHPHHPHPHHPHPHHHPHPHHPHPH
1189,HHHHHHPPPHHHPHHHPPHPPHPPH
1190,PPHHPPHHPHHHHHHHPPPPHPHPH
1191,HPPHHHPHHHPPHPPHHPHHHPHPP
1192,HPPPHPPHHHPPHHHPHHPHPHHHH
1193,HPHPHHPHHHHHHHPHPPPHPPHHP
1194,HHPHHHPPPHHPPHHPPPHPPHPHH
1195,HHPHHHHHPHPPHPPHHPPHPHHHP
1196,HHHHHPPHHPPHHPPHHPPPHPPHH
1197,PHHPPHPPPHHHHHHPHHPPHHHHP
1198,PHHPPPHHPHHPHHHHPPHPHPHPH
1199,HHHHHHPHPHPPHPPHPHPPHHHPH
1200,HPHHHHPHPHHPPHPHPPHPPPHHH
1201,PHPPPHHHHPHHPPHPHHPHHPPPH
1202,HHHPPPHPHPPPHHHPHHPHPPHHP
1203,HHHPPHPHPHHPHHHPHPPPHPHHH
1204,HHPHHPPHHHHHHHPPPPPPHHPHP
1205,PHHHHPHHPPHHHHPPHHPPPPPHH
1206,PPHPPHHPHHHPHPPHPHHPHHHHP
1207,HHHHPPHHHPHPHHPHPPHPPPPHP
1208,HPPPPPHHHHHHHPPHHHPHHPPHH
1209,HHPHPHPHPHPPHPHHHHPPPHHPH
1210,HHPHHHPHHHPHHPHPPHPPPPHHP
1211,PHHPPPHHHHPHPHPHHHPHHHHPP
1212,PPPHPHHPPHPHHHHPPPPHHHHHH
1213,PHHHHHPHPPPPPHHHPHHHPHHPH
1214,HPPPPHHPHPHHPHPHHHHHPHHHP
1215,PPPPHHPHPHHHHPPHHHHHPHPHH
1216,HPHPPPHHHHPPPHPHHHHPHPHPH
1217,HHHHHPHPHPPPPPPHHHHPPPHPH
1218,PHHPHHHHPPPPHHPHPHPHPHHPP
1219,PPPPPHHHHHPPPHPHPHHHHHHHH
1220,PPHHPPHHHHPPPPPPHHHHHHPPH
1221,HPPHHHHHPHPPPHHHHPPHPPHHP
1222,HPPHHPHPHPHPHHHHPPHHHPPHH
1223,PHHHHHHPHHHPHPPPPPHPHHHPP
1224,PPHHHPPHHHHPPPHHHHHHPHPPH
1225,PHHPHHPPHPHHHPHHHPPPHPHHP
1226,HPPHHHHPPHHHHPHHHPPHHPPPH
1227,HPPPPPPPHHHPHHPHHHHPHHHPP
1228,PHPPHPHHHHPPPHHPHHPHHPHHH
1229,PHPHHHPPHPHHHHHHPPPPHHHHP
1230,HHPPPPHPPPHPHPHPHHHPPHHHH
1231,HPHHHPPPPHHPHPHHPPPHHPPHH
1232,PHPPHHHHHHHHHPPPHHPPHHPPH
1233,PHHHPPHHHPHPHPPPHPPHPHHHP
1234,HPHHHHHPPHPPHHHPPPHHPHHPP
1235,PHHPPPHHPHHPPPPPHHHHPHHPH
1236,HHHPHHPPHPHHPHHPHPPHPPHPP
1237,PHPHHPPHHPPHPPHHPHPHHHHPH
1238,PHHPHHPHPHHPPPPHHHHPHHHPP
1239,PHPPPHPHHHPHPPHHHPPHHPPHH
1240,PHHPHPPHPHHHPPHPPPHHHPHHP
1241,HPHPPPPHHPHHHHPHHHHPPPHPP
1242,HHHPHHPHHHPHHPHHHHPPHPPPP
1243,HHHPPHPPPHHHPHHPPHHPPHPHP
1244,HHPHPPHPHPHPPHPPHPHHHHHHP
1245,PPHPPHHHHHHPHHPPPPHPHHPHP
1246,PPPHHPPHHPHPHHHHPHHPPHHHH
1247,PPHPPHPHHHPHPPHHHHHHPHPPP
1248,PHPHPHPPPPHHHPHHPHHHHPPHH
1249,HPPHHPHHPHHHPPPHPHHHHPPHH
1250,PPHHHHHHPHHHHHHHPPPPHPPPH
1251,PHHHPHHHPHPHPHPHPPHPPHPPH
1252,HHPPHPPHHHHPPHHPHHHHHPPPH
1253,HPHPPHHHHHHHPHPPHHPPHHHPP
1254,HPHHHHHHPHPPPPPPHPPHHHPHP
1255,PHHHHHHHHPPHHPHPHPHHPPHPP
1256,PHPPPHHHHHPPPPHPPHHHHPHHH
1257,HHHHPPPPHHPPHHHHPPHPPPHHP
1258,HHHPHPPPPHHPHPPHPPHHHHHPH
1259,HHHHHHHHPPPPPHHPPHHHPPHPP
1260,HHHPPHPHPHHPHHPPPHHPHHPPH
1261,PHPHHHPHHHHHPHPHHPHHHPPPP
1262,HHHPHHHHHHPPHPHHPPPHHPPHP
1263,HHPPPPHHHPHPHHHPHHPPHHHPP
1264,PPHHHHPPHPPHHHHPHHHPPPPHP
1265,HHPHPHHHHHHHPHPHHPPPPPHPH
1266,HHHHHPHPHHPPPPPHHPHPHPPHP
1267,PHPPHHPHHPHHPHPPPHHPHHHHH
1268,HPPHHPHHPHPHPPPPHHHHHHHHP
1269,PPPHHHHHHHPHHPHHPPPPHHPHH
1270,PPHPHPPPPHHHPHPHHHHPPHHPH
1271,PHHHHPHHPHPHPHHHPHPPPHHPP
1272,HPHPPPHPHPHHPHPHPPHHPPHHH
1273,HPHPHHHHHPPPPHHPPHHHPPPHH
1274,HPPPHHPPHHPPHPHPHPPHHHHPH
1275,HPPPPHPHHHHPPHHPPHHPHPHHP
1276,HHHHHHHPPHHPHPHPHHPHPHPPP
1277,HPHPHPHPPPPHHPHHHHHHPHHHP
1278,PPHPHPHHPPHPHPHHPHPHHHPHH
1279,HHHPHHHPPHPHPPHHPHPPPPHHH
1280,HHPHPHPHHHPHPHPPPPHHHPPHH
1281,HHPHPHPHHHPHHPHPHPPHPHPPP
1282,PPHHPHPHPHPPPHHHPHPHHPHPH
1283,PPPPPHPHHPPHHHHHPHHPPHHHH
1284,HHPHHHHHHPPHPHPPHHHHPPPPH
1285,HPPHPHHPHPHHHHHHPPPHPPHHH
1286,HHPHHHHHPHHPPPHPPPPHPHPHP
1287,HPHPHHHPHHHHHPHPHPPPPPHHH
1288,PPHHPPHHHPPHPHPHPPHPHPHHH
1289,HPHPPHPPHHPHHPPHPPPHHHHHP
1290,HPPPHPHPPHHPHHPPHPHPPHHHH
1291,HPPHPPHHPHPHHHPPHHHHHHPPH
1292,PHHPPHHPHHHHHPPPHPHPPHHPP
1293,HHHHHHPHHPPHPPPHHPHPPHPPP
1294,HPHHHPPHPHHHHHPPPHHPHPPPH
1295,HPPHHHHHHHPPPHPHHHHPHPHPP
1296,HPHHPHHHHHPHHPPHHPHHPPPHP
1297,HHHPPPPHHHPHPHPPPHHHPHHHP
1298,HPPHPHPHHPPHPHHPHHHPPHHPP
1299,HHPPHHHHPHHPPHPPPHPPHPPHH
1300,HPHHHPPHHPHHHPPPHHPHHPHHP
1301,PPHPHHHHHPHHPPHHHPPHPHHPP
1302,HHPHHHPPHHHPPPHHPPHHHPPHP
1303,HPHPPHHHPHPPHHPHHHPPPPHHH
1304,PHPHPPHPHHHHPPHPPHHHPHPHH
1305,HPHPHHHHPPPPHPHHHHHHHPPHP
1306,HPPHHHHPPHPHHHHPHPHPPPHHH
1307,PHPPHHHPHHPHPHHHPHPHHPPPH
1308,PPHPPHHHPHHHHPHPHPHPHHPPH
1309,HHPHHHHHHHPHHPPPHHPPPPPPH
1310,PHPHHPHPHHPPPHHHHHPHHHHPP
1311,HHHHPPPPPPPHHPHHHPHHPHHHH
1312,HPPHPHHHPHHPPPPHHHPHPHHPH
1313,PHHPPHPHPPPHPHHPHHPHHHHPP
1314,HPPHPHPHHHHPPHPPPHHHPHHPP
1315,PHHHPHHHPPHPPPPHPPHPHPHHH
1316,HPHHPHHPHHPHHPPPHHHPPHHPH
1317,PHHPHHHHPHPPHHPPPHPPHHPHH
1318,HPHPPHHHHPPPPPPPHHHPHHHHP
1319,HHPPHPPHHPHPHHHHPPHHPHHPH
1320,HPPPPPHPHPHHHPHHPHHHHPHPH
1321,PHPHPHHPPPHPHPHHPHPHPHHPH
1322,HPHHPHHHPHPHHHPPHPHPHPPPH
1323,PHHPPHHPPHPPHHHHHPHPPHPHP
1324,PHHHHHHPHHPHPHPHPHPPHPHPH
1325,PPHHHPHHPPPPPHHPHHHHHPHHH
1326,HPHHHPHHPPPHPPPHHPHHPHPPH
1327,HPHPHPHPHHPPHPPPPPHHHPHHH
1328,HPPHPPHHHHPPHPHPHPHHHHHPH
1329,HPHHPHPPHPHHHHHPPPPHHHHHP
1330,HPHPPHHHHPHHPHPHHHHPPPHHP
1331,HPHPHPHHPHPHPHPHHPPHHHHPH
1332,PHPPHPHPPHHHHHPPPHPPHHHHP
1333,PHHHHHHHHPPPPPHHHHHHPPPPP
1334,HPHPHHPHHPPHPHPPHHHPHHHPP
