id,sequence
0,HHPPPPHPPPHPHPHHPHPPHHPHH
1,PPHPPPHHPPPHHPHHHPHPPHHHP
2,PHHHPPPPHPPPHHHHPHPHHPPHP
3,PHHPHPPPPPPPHPHPPHHHHHPPH
4,HPPHHHPHPHHPHPHPPHPPHPPPH
5,PHPPHHHPHPPPPHPPHHPHPHPHH
6,PPHHHPPPPPHPHHHHHHHPPHPPP
7,HPPHPPHHHPPHHHPHPPHHPPPHP
8,PPHPPHPPPPHHPHPHPPHHHPHHP
9,PPHPHHHPPPPPHHPPHPPHPHHHH
10,HPHPPPPPHHPHHPPPHHHPPHHHP
11,HHPPPPHPHPHHPPPHHHPHPHPPP
12,HPPHHPHPPHHHPHPHHHPPPHPPP
13,HPPHHPPPHPPPPHPHPPHHHHPPH
14,HPPPHHHPPPHHPPHPPHHHPPPHH
15,PHHPPPHPHPPPHPPHHHPPHPPHH
16,PHHPPHHHPHHPPHHHHPPPPHPPP
17,PPHHHPHHHPPPPHPPPPPHHHPPH
18,HHHHHHHHPPPHPHPHPPPPPPPPP
19,PPHPHPHHHHPHPHPPPPHHPHHPP
20,PHHPHPHPHHPPPHHPHPHPHPPPP
21,HHHPPPPPHPPPHPHHHPHPPHHPH
22,PHHHPPHHHPHPPPPPHHHHPPPPH
23,PPPHHPHPHPHHHHPPPHHHPHPPP
24,PHPHHPPHHPPHPPHHPPHHPHPPH
25,PHHPPPHPHPPPHPHHHPHHPHPPH
26,PHPPPHPHPHHPHPPPPHHPHHHPH
27,PPHHHPHHPHHHPPHPHHPPPPPPP
28,HHPHPPHPPHPPPHHPPHPHPPPHH
29,PHPPPHPHPHPHHHPPPHPHHPPPH
30,PHHHHPHPPPPHHHPPPHHPPPHPP
31,PHHHPHHPPPHPPPHPHHPHPPPHP
32,HHHPPPHPPHPPPPHPHHHHHPPPH
33,PPPHHPHPPPHPHHPPHHPHHPHHP
34,PHPPPPPHHPHHPHHPHHPPHPPHH
35,PHHHHPPPPHHPHHHPHHPPPHPPP
36,HHHPPPPHHPPPHHHHPHHPPPPPH
37,HHPPHHPHPPHPPHPHPPHPHPPHH
38,HHPHPHPPPHPHPPHPHPPPHPHPH
39,PHHPHPPHHHPPHHPPHPHPPHPPP
40,PPPHHHPHHPPHHPPPPHHHHPPPH
41,PHHHPPHHPPHPPPHHPHPPHPHHP
42,PHHHPPHPPHPPHHPHHHPPHPPHP
43,HPPHPPHHPPPHPPHPHHPHHPHHP
44,PPHPPHHPHHPHPPHPHPPHHPPHP
45,PPHPHHHPPPPHHPPPPPHHPHHHP
46,HHHPHPHPPPHPHHPPPPHPHPPHH
47,PPHHPHPHPHPHPPHHPHPPPPHHH
48,HPPPPHHPPPPHPPPHPHHPHHHHP
49,PPPHPPPPPPHHHHHPHHHPHPPHH
50,PHPHHPPPPHPPHHHPHHPPHPPHH
51,PHPPPHHPHHHPPPHPHPPHPHHPH
52,HPHHPPHPHPPPPPPHHHHPPHPHP
53,PHPPPPPHPPHPHPHHHHPHHPPHH
54,PHPHPHPHPHPHPHPPPPPHHPHHP
55,PPPPHHHHHHPPPHPPHHPPPHHPH
56,PHPHPHPHPPPHPPPHHHPHHHPPP
57,HPPPHHPPPPPPHPPHPHHPHHHPH
58,PPHHPPPHHHHHHPPHHPPPHPPHP
59,PHHPPHPPHPPPPPHPHPPHPHHHH
60,HPPHPPHHHHPHPPPHHHPPHPPHP
61,PPPPHPPHHPHHPPPPHPHHHPPHH
62,HHPHPHPPHPHPPHPPHHPHHPPHP
63,PPPPPHHHPHPHHHPPPHHPHHPPP
64,HHPHPHPPHHHPHHPPPPHPPPPHH
65,PHHPPPHHPHHPPHPHPHHPPPPHP
66,PPHHHPPHHPPPHPHPHHHHPPPPH
67,PHHHHPPPPHHPHHPPHHPHPPPHP
68,PPHPHPHPHHHHHHPPPPPHPHPPP
69,PHPPHHHHHHPHPHPHPPPPPHPPH
70,PHHPPHPPPHHPHPHPPHHHPPHHP
71,PPPHHPPHPHHPHPPPPPHPPHHHH
72,PPPPPHPHHHHHPPHHPHHPPPPHP
73,HPHHHHPHHHPHPPPPPPHPHPPPP
74,PHPHHHPHHHPPPHPPPPPPHPHHP
75,HHPHPHPPHPHPHHPHPHPPPHHPP
76,PPHPHHHHHPHHHPHPPPPPPPPPH
77,PHHHPPHPHHHPPHPPPPHHHPPHP
78,PPHPHHPPHPHHPHPPHPHHPPHHP
79,PHPPPHPHHPHPHHHPPPPHHHHPP
80,HHHPPPPPHPHPHPPPHHHHHPPPH
81,PHHPHPHPHHPPPPPPPPPHHPHHH
82,HPPHHPHHPPPHPHPPHPPHHPHPP
83,PHHHPPHHPPHHPPHPPPHHPHHPP
84,HPHHPHHHPPPPPHPHHHHPPPHPP
85,HHHHHPPPPPPPPHPPPHHPHHPPH
86,HHHPPPHPPPPHHPHHHPPPHPHHP
87,PHHHHPPHPPHPPHPHPHPPPHPHH
88,PHPHPHPHPPPHHHPPHHPPHHPHP
89,PHPHPHPHHHHPPPHHHPPPPHPHP
90,HPPHPHHPPHPPPPPHHPHHPHHHP
91,PPPHHPPPPHHPPHHHPHPPHPHHP
92,PHPPHPPPHPHPHPHHPPPHPHPHH
93,PHPPHHPPHHPPHHHPPHPPHPPPH
94,HPHPPHPPHHPHHPHPPHPPPPHPH
95,PHPHPHPPPHPPPHPHPHHPHPHPH
96,PPHHHPPHHHPPHPPPHPPHHPHPH
97,PHHPHHPPPPHHPPHPPHPHHHPPP
98,PPPPHPHHPPHHPPHPHHPPHPHHP
99,PHHHPHPHPPPHPPPPPPHHHPHPH
100,PPPHPHHPHHHHHPHHPPHPHPPPP
101,HPHHHHPHHPPPPPPPPPHHPHPHH
102,HHHPHPPPPPHPPHHPHHHPPHPPH
103,HPPPHHHHHPPHHHPPPPHHHPPPP
104,HHPPHPHHPPPPPPHPPHPHHHPHH
105,PPPHPHHPHPPHPPHHHHPHPPPHP
106,PHHPPHHPHHPHPPHPHHPPHPPPP
107,PHHPHPPPPPHPPHHHHHPPHPPPH
108,HHPHPHHPPPPPPHPPPPHPPHHHH
109,PHHPHPHPHHHPPPPPHPPPPHHPH
110,PHPHHPHPPHPPHPHHPPHHHPPPP
111,PPHHPHHHHPHPPHHPPHPPHPPHP
112,PHHPPHPPHPPPHPHHPPPHHPHHH
113,PPHHHPPPHHHPHPPPPHPHPHHHP
114,PPPPHPPPPHPPPPHHHHHHHHHPP
115,PHPPPHHHPPHPHHHPPHPPPHPHP
116,PHHPPHPHHPPPHHPPPPPHHPHHH
117,HHPHPHHPHPPHHPPHPPPHPPPHP
118,HPHPPHPPPHHHHHPHPHHPPPPPH
119,HPPPHPPPHHHPHHPHPPPHPHPHH
120,HPPHHHPHPHPPPHPHPPHPPPHHP
121,PPHPHHHHPHHPPHPPHPPPHHPHP
122,PPHPPPHHHHHPPPPHHHPPPHPPH
123,PPPHHPPHHHPPPPHHPPHHPPHHP
124,PPPHPPHHPHHPPHHPHPPHPHPPH
125,PHPHPHPPPPHPHHPPPHHHPPHHH
126,PPPHPPHPPHPPHHPHHPHHPHHHP
127,HHPPPPHPPHPPPPHHPHHPHPHHP
128,HHPHHHPPPPHHPHPPPPPHPPHHP
129,HPHPPHHPPHPHHPPPPPHHHPHHP
130,PPHHHHHHHPPHPPPPPPHPHPPHP
131,HPHHHPPHPHPHHPPPHPHHPPPPH
132,HHPHPPPHHHHPPHPHPPPPHPHPH
133,HHPHHPHPPPPHHHPHHPPPHPPHP
134,HHHPPHPHHPPPHPPPHPPHHPHHP
135,HHHPPPHPHHPHPHHPHPPPHPHPP
136,PHPHHHHPPPPHPHPHPHHPHPPPP
137,PPHPPPHPPPHHHHPHPPPPPHHHH
138,PHPHHPHPHPHPPPPHHHPPHPHPH
139,PPPHPPPPHHPHHHPHHPHPPHHPP
140,HPHPHPHPHPPPHHPHPPHPPPHHH
141,HHHPHPPPHHPPHPHPPPHPHHPHP
142,HHHPHPHPPPHHHHPHHPPPPPPPH
143,HPHPHPHPPPPHPPPHHPHPHHPPH
144,PPHPPPPHPPHPHHHHHPHPHPPPH
145,PHPHPPHPHHHHHHPHPPPPPPPHH
146,PPPHPHHPPPPPHHPHPHHHHHHPP
147,HHHHHHPHPPPHHHPHHPPPPPPPP
148,HPPPHPHPPPPPHHHHHPHHPHHPP
149,PPHHHPPHPHPHHHPPPHHPPPPHH
150,HHPHPPHHHPHPPPHPHPPHPPPPH
151,PPPHHPPPHHHPPPPPHHHHPHHPP
152,PHHPPPPPHPHPHPHPHPPPHPHHH
153,PHPPHHPPPHPHPHPHHHHHPPHPP
154,PPPPHPPPHPHHPHHHPHPHPHHPH
155,PPHPHHPHPPHPPHHPPPHHPPHPH
156,PHPPPHPPPHPPPHHHPHHHPHHPP
157,PPHHPHPPPHHHPPHHPHHHPHPPP
158,PPPPPPHHPPHHHHHHPHPPHPPPH
159,PHHHHPHPPPPPHHPHPPHPPPHHP
160,PPHHPHHPPPPHHPPHPPPHPHHHH
161,PHPHPPPHPPPPHPHHHHHPHHHPP
162,PPPHPPHHPPHHHHHPPHPHPPPHP
163,HHHPHPHHHPPPHPPHHPHPPPPHP
164,PHHHHHPPHHHHPHPPHPPPHPPPP
165,HPPPHPPHHPPPHHHPHHPPHPHPH
166,PPPPHHHPPPHPHPHPPHHHHPHPH
167,PPHPHHHPHHHPPHPPPHPHHPPPH
168,PHHPPHHPHHPPHHPPPPPHPHHHP
169,PPHPPHHPPPHPPPHHHHPPHHHHP
170,PPHHPHHPPPPHPPPPHPHHPHPHH
171,HPPPPHPHHHPPPPPHHHHHPHHPP
172,HPHPPPHPHPPPHPHPHHHHPPHPP
173,PPPPHPPHHHHPHHPPPHPHHPPHP
174,PHPHHHPPPHHHPPPHPHHHPPPHP
175,PPPHPPPHHPHPPHHHHPPHHPPHP
176,PPHPHHPHHPHPHPPHHPPPHPHPH
177,HHPPHHHHPHHPPHHPPHPPPPPHP
178,PHHHHPPHPPHPHPPHHHPPHPPPP
179,PHPPPPHHHPHPPHHPPPHPHHHPP
180,PHPPPPHHPPPPHPHHHPHHPPHHP
181,HHPHHPHPPPPPPPHHHHPHPPHHP
182,HPHHPHHHPPPHHPPPPPHHHPPPH
183,PHPPHPHHPHHHPHPPPPHPHPPPH
184,PHPHHPHHPHPHPPPHPHHPPPPHH
185,PPHHHPPPHPPPPHHHPHHPPPHPH
186,HPPPPHPPHPPHHHHHPPHPPHPPH
187,PPHPHPPPHHPHPHPHPPHHHHHPP
188,HPHHPPHHPHHHHPPPPPPHHPPPP
189,HPPPHHPPHPPHHHHHHHPPPPPHP
190,HPHHPPPPPHHPPHHPPPHHPHHPP
191,HPHHPHHPPPPHPHPHPPHHPHPHP
192,HHHHPHHPPPPPPHPPHHPPPPPHH
193,HPPPHPPPHPHPPPHHPPHPHHHPH
194,HPPHPPPPPHPHHPHPPPHHHHHPP
195,PHHHPHHPPPHPHHPHPPPHPPPPH
196,PHPPHHPPPHPHPHHPHPPHPPHHH
197,PHPPHPHHHPPHPPHPPPHPHHHPP
198,HPHPHPHPPHPPPPHHPPHHHHPPH
199,PHHPHPPHPHPHPPHPPHHPPHHPH
200,PPPHHHPPPPPHPPPPHHHHHHHPH
201,HPPPPPPPPPHHHPHHHPHHHHPHP
202,PHHHPHPHHPHPHPHPPPPPPHHHP
203,HHPHHHHPHPPHPHPHPPPPPHHPP
204,PHHPHPHPPPPPPHHHPHPHPPHHH
205,HPPPHHHPPHPHPHPHHHPPPHPPP
206,HPPHHPPHPHHPPPHPHPHHPPPHP
207,HPHHPHPPPPHPPPHHHPPPPHHPH
208,HHHHPHPPHHPPHPPPPHPPHPHPH
209,HPPHPPHPHPHPPPHHHHPPPHHPP
210,PPPPHPHPPPPPHHHHPHPPPHHHH
211,HHPPPPHPHPHHHPHHPHPHPPHPP
212,PHHHHPPHPPPHHHHHPPPPPPHPP
213,HPHPPPPPHPHHPPHPPHPPHHHPH
214,PPHHHPPHPPPHHHHPPPHPPPPHH
215,HPHPPPHPHHHPHPPPHPPPHHPHP
216,HPHPPPPHHPPHHHPHHHPPHHPPP
217,HPPPHHPPPPHHHHPPPPPHHHHPH
218,PHHHPHPHPHPPHPPHPPHPHPHPP
219,HPPPHPPHPHPHHHPHHPPPHPPHH
220,PHPPPHHPPHHPHPPPHHPHPHPHP
221,PPHPPHPPPHHHHPPPHHHHPPPPH
222,HPPHHPHPPPHHPHPPPHPHPPPHH
223,HPHHPHPPPPHHPPPPHPPHPHHPH
224,HPHHPHHHHPPPPHPPHHPPHPHPP
225,PHHHPPPPHPHPHHPHPHHHPHPPP
226,PPHHPPHHHPPPPHHPHHHHPPHPP
227,HHHPHPPPHHPHPPPHPPPPPHHHH
228,PPHHHPPHHPPPPHPPHHPPHHHHP
229,PHPHPHPHHPHPPHPPHPHHHPPHP
230,HPPHPHPHPPHPPPPPHPHPHHHPH
231,HHPPPPHPPPHHHHHHPHPPHPPHP
232,HPHPHPPHPPPPPHPHPPHHHHHPH
233,PHPHPHPPPHPPHPHPPPPHHHPHH
234,PPPHPHHPHPHHPHPHPHPPPPPHH
235,PPHPPHPPHPHHHHPHHPPPHHPHP
236,HHHHPHPPPHHPPPHHHHPPHPPPP
237,PHHPHPHHPHPPPPPPHPPHHPHHP
238,PHHPHHPPPHHHPHHHPPPPPPPPH
239,PPPHPPHHPPHHPHPPHPHHPHPPH
240,PPPHHPPPPHHPPHHPHHPPHPHHP
241,PHPHHPPHPHHPPHHHPPPPHPPHH
242,HPHHHPHHPPPPPPPHPPHHHHPHP
243,PPPHPPPHHHHPPPHPPHPHHHHHP
244,PPPPHHHPHHHPHPPPPPHPPPHHH
245,HPPPPHPHHPHHPPPPPPHHHHHPH
246,HHPHPPPPHPPHHHHPPHHPPHPPP
247,PPHPPPPHHHHPPHPPHHPHHPHHP
248,HHPPPHPPPPPPPPHHHPHHHHPHP
249,PHPPHHPPHPHHPHPPHPPPHPHHH
250,HHPPHPHPPHHHHHHHPPPPPPPHP
251,HHPHPHHPHPHPPPHPHPPPHPHHP
252,HPHPHHPPHPPHHPHPHHPHPHPPP
253,PHHHPHPHPHPHHHPPPHPHHPPPP
254,HHHPPPPHPPHPHPPHHPPHHHPPH
255,HPPPPPHPHHHPHHPPPHHPPHPHH
256,PPHHPPPPPPHHPHHHHHHPPHPPP
257,PPPPPHHHHHHPPPHPPHPHPPPHH
258,HHPPHHHPPPPHPPHPPHPHPHPPH
259,PHPPHHPHPPPHPPPHPHHHHPPHP
260,PPHHPHHPPPHPHPHHPPHPPPHHH
261,HPHHPHPHHPHPPPHPPHHPPHPHP
262,PPPPPHHPPPPPPPHPHHHHHHHPH
263,HPPPHPPPHHHHPPPPPHPPHHPHH
264,PPHPHHPHPPHHHPPHPHPPHHPPH
265,PHPPPHHHHHHHPPPPPHHPPHPHP
266,PPHHPHHPHPHPPHPPHPPPHHHPH
267,PPPHPPPHHHPPPPHHHHHPPPHPH
268,HHHHPHPHHPHHPHPPPPPPPHPPH
269,PPPHPHHHPPHPPHPHPPPHHPHPH
270,HPPPHHPHPHPHHHHPPPHPHPPPH
271,HPHPHHPPPHPHHHPPPPPHHPHHP
272,HPPHHHPPPPPPHHHPPPPHHHPPH
273,PPHHHHPPPHPHPPHHPPHPPPHPH
274,PPHPPPHPPPPPHHPHHHHHHHPPP
275,HHPHPPPPPPPHHHHPHHPPPHPPH
276,PPPPPPPPHHHHPHHPPHHHHPPPH
277,PHPPPPHHPHPPHPHHHPHPHPPHH
278,PHPHHPPPHPPHHHHHPPHHPHPPP
279,HHPPHHHHHPHPPHPPHPPPHPPPH
280,HPPPHHPHPHPHPPHHHHHHPPPPP
281,PHHPPPPPHPHHHPPHHPPHHPHHP
282,PHHPHHPPPPHPPHHHHPHHPHPPP
283,PPHPHHPPHHHPPPHHPPPHHHPPH
284,HHPHHPPPHPHPPHPHHPHPPPHHP
285,PPHHPHPHPPPPPHHPPPPHHHPHH
286,PPHPHPHHPHPPPPHHPHHPHHPPP
287,PHPPHPHPPPHPHHHPPPPHHPHHP
288,HHPHHPHPHHHPPHPHPPPPPPPHP
289,HPPHHHPPHHHPHPPHPPPPPHHPH
290,PPHPPPHHHPHHPHPHHPPHPPPHH
291,HPHHPHHHPHPPPPPPHPHPHHPPH
292,HPHHPHHHPPHPHHPPPPPPHHPPP
293,HPHPPHPPPHHHHPPPPHPPPHHHH
294,PHPHPHPPPPPHHPPHHPHHHPHPP
295,HHPHHPPPPHHHHPPHPHHHPPPPP
296,HPPPHPHPHPHHHPPPPHPPHHHHP
297,PHHPHHPPPHHHPHPHHHPPPPPHP
298,HPPPHPPHHHPHPPPPPPHHPHPHH
299,HPPHPHHPHPPPPHPHPPPHPPHHH
300,PPPPHHPPHPHPHHHHPPHPHPPHH
301,HPPPPPHHHPPPHPPPPHHHHPHHH
302,HPPHPPPHPHPPHPHPPPHHHHPHP
303,HHPHPHHPHPPPPHHPHPPPPPHHP
304,PHHHPHPHHPPPHHPPPPPPHHHPP
305,PPPHHHPHPHPHPPHPPPPHPHHHP
306,HHPHPPHHHPHPPPPHPHHPHPHPP
307,HPPHHPPPPHPHHHHHPHPHPPPHP
308,HPHHPHPPHPPPHPPHHPPPHPPHH
309,PHHPHHPPPHHPPHPPPHHPPHPHH
310,HHPPHPPHPHHHHHPPPPPHPPPHH
311,PHPHPHPPPHHHHHPPPHHPPHPHP
312,PPHPPHPPHHPHHPHPHHPHHHPPP
313,HHPPPHHPHPPPPPHPPHHPHHHPP
314,PPPPPPHHHPPPPHPHPHHPHHHHH
315,PPPPHHPPHPHPHPPHHPHPHHHPP
316,HHPHHHPHPHPHPHHPHPPHPPPPP
317,HPPPHPPPHPPHPPHHHPPHHHHPP
318,HPHHPPPHPHPPHHHPPHPPHPPHP
319,HHHHPPPHHHPPPPHHPHPPHPPPH
320,HHPPHHPPPPHPHHPHPPHHPPPHP
321,PHPPPHHHHPPHHHPPPHPPPHHHP
322,HPPHPPPPPPHPHHPHPPHHHPPHH
323,PPPHPHPPHHHPHPHHPHPHHHPPP
324,HPHPPHPPPPHPPHPHPPPHHHPHH
325,PPPPHPPHHPPHHHPHPHPPHPPHH
326,HPHHHPHPHPHPPHHPHPPPPPHHP
327,PHPHHPPPHHPPPHPHHPHPHPPPH
328,PHHPPHHPPPPHHHHPPHHHHPPPP
329,PHHHPPHPPPPPPHHHHPPHHHHPP
330,PPHPPHPPHPPPHHPHPHHHHHPHP
331,HHPPHPPHPPPPHHHHHPHPPHPHP
332,PHHHPPPPPPHPHPPPPPHHPHHHH
333,PPPPPPHHHHHPPHPPHHPHPHHPP
334,PPPHHHPPPPPHPHHHHHHHPPPPH
335,PPHPPPPHPHHHHPPPPHHPPHHHP
336,HPPHPPPHHPHPHPHPPPHPPHHHH
337,HPPHPHPPPHPPPHPHPPHPHPHHH
338,HHPPHPPPPPPHHHHPHHHPPPPHH
339,PHHPHHPPPPPHPPPHHPHHPPPHH
340,HHPHHPHHPHPPPPPPPPHHPHHPH
341,PPHPPPHPHPPHHHHHPPHPHHPHP
342,PPHHHPPPHPHPHPHHHPPHHPPPH
343,PPPPPHPHHPHPHPHPHPHHPHHPH
344,PHHHPPHPPHHPPPPHHPHHHPHPP
345,HHPPPPPPPPHPHHHHPHHPHHPPP
346,PHPPPHHPHPPHPPHHPHHHPPPPH
347,HHPHHPPHHPPHPPHPPHPPPPHHH
348,PPPHPPHPPHHPPPHHHHHPPPHPH
349,HPHPHHHPPPPPHPPHHPPPPHHPH
350,HHHHHHHPHHPPPPPPPPPPPPPHH
351,HPHPPHHHPPPPPPHPPHHPPHHHP
352,HHPHHPPHPHPHPHHHPPPPPPPHH
353,HPHPPHPHHPPHPHPPPPHHPPHPH
354,HHHPHPPHPHPPPPHHHPHPHPPPP
355,HPHPPHPHPHPHPHHHPPHPPPPHP
356,PPHPHHPHHHPPPPPHHHPPPPPHH
357,PHHHPPPPPHHHHPPHHPPPPPHHH
358,PPPPPHHHHPPHPHHHPHHPPPHPH
359,HPHHPPHPHPPPHPHPPPHPHPHHH
360,PPHHHHHPHPHPPHPHPPPHPPHHP
361,PHHHHPPPHPHHPHPHPHHPHPPPP
362,HHHPHHPHHPPHHPPPPHPHPHPPP
363,HHPPPHHHHPPHPPPPPHHPHHPHP
364,PPHPPPPPPPPHPHHHHHHHHPPHH
365,PPHHHPPHHPPPHPHPPPHHPPHHH
366,PPHHPHHPHPPPHHPHPPPHHHPHP
367,PPPHPHPHHHPHHHPPPHPPPHPPH
368,PPHHPPPPHPPHHHPPPHPHHHPPH
369,HHPPHHPHHPPHPPPPPPHPHPHPH
370,PHHPPHHPPPPHPHHPPPHPHHPHH
371,HPHHPHPHPPHPPPHHPPPPPHHHP
372,HPPHPPHHHPHPPHHPHHPPPPPHP
373,PHPHPPHHHPHPPPHHPHHPPHPPP
374,PPPHPPPHHPPHHHPPHPHPPPHHH
375,HPPHPHPHHPHHPPHHHHPPPPPHP
376,HPPPPHHHHHPHPPHHPPHHPPPPH
377,HPHPPPHHPHPHPPHHPPHPPHPHH
378,PPPHPHHHHHPPPPPHPPHPHHPPH
379,PHPPPPHHPPPPPHHPHHPHPHPHH
380,HPPHPHPPHHHPHHHPPPHPPPPPH
381,PHPPPPHHPPPPHHHHHHHPPHPPH
382,PHPPPHPHHHHPHHPHPHPPPPPHH
383,PPHPPHPPHPPHPHHHHHPHPPPPH
384,HHPHPHPPPHHPHHHHPHPPPPPPH
385,HHPHPHPPHHHHHPPPPPPHPPPHH
386,PPPHHHPHPHHHPHPPPHPHHPPHP
387,HPPHHPPHPHPHHPHPHPHPPPPHH
388,PHHHHPPPPPPHHPHPHPPHHPHPH
389,PPHHHPHHPPPPHPHHPHHHPPPPP
390,HPPHPPHPHPPHHPHPPPHPPHPHH
391,PHPHPPHPPPHHHPPHHPPHPHHPP
392,HHPHPPHPHPPPHHHHPPHPPPHPH
393,PPHPHPHPPPHPPHHHPPPPHHHPH
394,PPHHHPPPPPHPHHHPHPHPPHPPH
395,PPHHPHPHPPHHPPHPPHPHHPHHP
396,PHHPPPPHPPPPHPHHHPHHHPPHP
397,PHHPPHPPHHHPPPPHPPHPHPHHP
398,HHPHHHPHPPPPPHPPHPPPHPHPH
399,HPPHPHPHHHHPHHHPPHPPPPPHP
400,HHPHPPPPPPHHPPHHPHHHPHHPP
401,PPPPPPHPHHPPHPHPHHPHHPHPH
402,PHPHHHHPHPHPPHPPPPHPHPPPH
403,PHHHHPPPHPPPHPHHPHPHHPPPH
404,HPHPPHPPHHHPHPPHHHPPHPHPP
405,PHPHHPHHPPPHPPHPPHPPHPPHH
406,PPPHHHPHHHHPHHPPPPPHPHHPP
407,PHPPHPPHPHHHPHHPHHHPPPPPH
408,PHPHHHPPPPHPHHHPHPPHPPHPP
409,PHPPHPPPHHHPHPPHPHHHPPHPP
410,PPPHPHHHPPPHPPHHHPPPHHHPH
411,PHPHHPPHHHPPHHPPPPPHHPPHH
412,PHHHPHPPHHPHHPPPPHHPHHPPP
413,PPHPPPPPHPHPHPPHPHPHHHHPH
414,PHPHPPPPPHPHHPHHPPHPHHHPP
415,HHHHPHPHHPPPPPPHPPHHPPHHP
416,PPHPPHPPPHHPHPPPHPHHHPPHH
417,PHPPHHHPPPPHHPPHPHHPHHPPH
418,PHPHPHPHPPHPPHPPPHHHHPPHH
419,HPPPPHPPPHHPHHPPPHHHPHHPH
420,PPHPPPHHPPPPHHPHHHPHHPHPP
421,PHPPHPHPHPPHHPPHHPPHHHHPP
422,HPHHPPHPHHPHPPPHPPPHPPHHH
423,PHHPHPHPPPPHHHPPHHPHPPHPP
424,PHHPPPPHHPHHPPPHPPHHHHPPH
425,PPHPHPPHPHHPPHPHHHHHPPHPP
426,PPHPPPPPHPPPHHHPHHPHHPHHH
427,PPPHHPPPHPHHPPPHHPPHHHHPP
428,PPPHHPPPHPHHPHPPHHPPPHHPH
429,PPPPPPHHPHHHPPHPHPHHPPPHH
430,PHPHHHHPHHPHPPPPHHPPPPPHP
431,PHPHHHPHHHPPHPPPPPHPHPHPH
432,PHHHPPHHHPPHHPPPPPPHHPPPH
433,PHHPHHHPPHPHHPHHHPPPPHPPP
434,PHHPHHHPPPPHPPHPPHPPPHHHH
435,HPHPPPPPPHHPPHHPPPHHHPHHH
436,HPPPHPHPHHPHPPPHPPHPPHHPH
437,PPHHPHPHHPPPHPPHHHHPHHPPP
438,HHHHPHHHPPPHHPHPPPPPPPHPH
439,HPHPHPHHPHPPPHHHPHPPHPPPP
440,HHPPPHHHHPPPPHPPHPHPHPPHH
441,HHPHPPPHHPPPPPPHPPHHHPHPH
442,PPHPPHHPHPHHPPHPPPHHHPHPH
443,HPPHPPPHHPPPHHHPPHPHPPPHH
444,HHPHPPHPHHHPHPPPPHHPPPPPH
445,HHHHPPHPPHPPPHPHPPHHHPHPP
446,PHHPHHPHHPPPPPPHPPPHHHHHP
447,PHHPHPHPPPHHHPHPHPPPHHPPH
448,HPPHHPPPHHHHPHPHPPPHPPPHP
449,PHHHHHHPHPHHPHPPPHPPPHPPP
450,PHHHPHPPHPHPPPHHPPHPPHHPP
451,HPHHHPHPPPHPPPPHPHPPPHPHH
452,HPHHPPHPHPHPPHHHHPPHPPPPH
453,PHPPHPPHPHPPHHHPPHHPPHPPH
454,HHHPHPPPPPPPPHPHHHPPHPHPH
455,PPPHPHHHPHPHPPHPPHPPHPPHH
456,HHHHPHPHHPPPHPHPPPHPPPPPH
457,PHPPPPHHPHHPHPPHHHHPHHPPP
458,HPPPPPHHPHHPPPHHHPHPPPPHH
459,PHPHHHHHHPPPHHPPPPPHHPPPH
460,HPPPHHPHPPHPPHHPHHPHPHPHP
461,HHPPPPPHPPPPHPHHPPPHHHPHH
462,HHHPPHHHPPPHHPPPHPPPPPHHP
463,HHPHPPHHPHPPPHPPHPHHHPHPP
464,HHHPHPHPPPPPPPPHHPHPHPPHH
465,HPHPPHPHHPHPPPPPHHHHPPPHH
466,HPPPHHHPHPHPPPHPPPPHHPPHH
467,PHPHHPHHHPPPPHPPHPPPPPHHH
468,HPPPHPPHHHHPPHHPPPPHPHHHP
469,PPPHHHHHPPHPPHHPHHHPPHPPP
470,HPPPHHHHHPPHHPHHHPPPPHPPP
471,HHHHHPPHPPHPPPPHHPHHPPPPP
472,HPPPPPHHPHHHPPPHPHHPHPPHH
473,PHPPPHHHHPPHPHPHPPHPPHHPH
474,HPHPHPPHHHHHPPHHPHHPPPPPP
475,HPPHPPHHPHPHPPPHHHPPHPHHP
476,PHPHPPPHHHHPPHPPPPHHPHHPP
477,HPPPHHHPPPHHPHPHHHPPHPPHP
478,PPHPHPHPHPHPPPPHHHPHPHPPH
479,PPHPHPPPPHPHPPPPHHPPHHHHH
480,HPHHPPPPHPPPHHPHHHPPPHPHH
481,HHHPPHPPHPPPHHPHPPHPPHPHP
482,PPHPPHHPPHPHHHPPPPHHPHHPH
483,PHHHHHHPPPPPPPHPHPHPPHHPP
484,HPHHPPPPPPHHPHHHHPPHPPHPH
485,PPHHPHHPPPPPHPPPHHHHHPHPP
486,HPPPPPHHHPHPPHPHHPPHPHHPP
487,PPHHPPHPPHPPPHHHPHHHPPPHH
488,PHHHHPHPPPPPPPPHHHHHPPPPH
489,HPHPHPHHPPPHPHHHHPPPPPHPP
490,PPPPHHPHHHPHPPPHHHPPPHPHP
491,HPHHHHHPPPHPPPPPPHPHHPPHH
492,HPHPPPHHPPHHHPHHHPHPHPPPP
493,HHHPPPHHHPHPPPHPPPHHHPPPH
494,HPPHPHHHPPHPPHPHPPHPHPPHP
495,PHHPPPPPHHPPPHHPHHHHHPPPP
496,HPPHHPHPPHHHPPPHPPPPHPPHH
497,HPPHPPHHPPPPHPPPHHPPHHHHP
498,HPPHPPPHPHHPPHPHHPHPPPHPH
499,HHHPHPHPPPHHPPPHPPPHHPHHP
500,HPHHHPHPHPHPPHPPHHPPHPPPH
501,PHPHPPPHPHHPPPHPPHPHHHHPH
502,HPHHHPHHPPPHPPHPHPPHPHHPP
503,PPPPHPHHPHPHHHHHHPPHPPHPP
504,HPPPPHPHPPHHPHHPHHHPHHPPP
505,PPHPPHPPPPHPHHHPPHPHPHHPH
506,PHPHPPPPPHHPHPPHHPHHHHPHP
507,HHPPHPHPPPHHHHPPPPPHPHHPH
508,PHPPPPHHHPPHPHHPPPPHPHPHH
509,HPPPPPPHHPHHHPHHPPHHPPPPH
510,HPPHHHHHPPPPHHPHPPPHPPHHP
511,PHHPHHPPHPPPHHPPPHPPHHPPH
512,PHPPHHPHHHPHHHPHPPPHPPHPP
513,HPPHPHHPHHHHPPPPPPPHHPHPP
514,PHHPPPHHPHPHHPHPPPPHPHHPH
515,HPPHPPPHHHPPHHPPPPHPHPPHH
516,PHHPPHPPHPHHHPPPHPHHPHPPH
517,PPPHHHPHHPHHHPPPPPHHPHPPP
518,HPHHPPPPHHPHHHPPPPHPPHHPP
519,HPPPPPPPPHHHHPHPHHPHPPPHH
520,PHHPPHHHPPPHPPHHHPHPPPHPH
521,HPHPHPPHPPHPPPHPHHPPPHHHP
522,HHPHPPHHPHPHPPPPPPHPHHHPH
523,HHPPHPHPPPHHHHPHPHPPPPHHP
524,PHPPPHHHPPPHHPPHHPHPHPHPH
525,HPPHHHHHPPPPHPHPHHPHPPHPP
526,PHPPHHPPPHHPHPPHPHHHPPHHP
527,PPHPPPPHPHPHPHHHPPHPHPHHH
528,PPHHPPPHPHPPHHHPPHHPHPPHP
529,HHHHPPPPHPPPHHPPPPHPHHHHP
530,HPPPHHHHPPPPPPPHPPPHHHHHP
531,PHHPHPHPPPHPHHPHHPPHPPPHP
532,PHPPHHHPHPHHPPHPHPPPPHHPP
533,PHHPPPPPPHPPHPHPHHHHPHHHP
534,PHHPHPPPPPPHHPHHPPPPPHHHH
535,HPPHPPPHHHPPPHPPHHHPPHPHH
536,HHPPHPHPPPPPPHHPHHPHHHHPP
537,PHPHHHPPPHHPPPPHHHPPPPHPH
538,HPPPHHHHPPPPHHHPPHPHHPHPP
539,HPHPPHPHHPPHHPHHHPPHPPPHP
540,HPPHPPPHHPPPPHHHPPHPHHHPH
541,HHHPPPPPPHHHHHHPPHHPHPPPP
542,HHPPHHPHPPPPHPPHHHPPPHPHP
543,PHHPHHHPPPHPHPPHHPPPPHHPH
544,HHPHPPHPHPHPHHPHPHPHPPPPP
545,HHPHPHPPHHHHHHHPPPHPPPPPP
546,PPHPPHHPHPHPHHPHHPPPHPHPP
547,HHPHHHHPPHPPHHPPPPPPHHHPP
548,HHHPHPPHPPPPPPHPPPHHHPPHH
549,PPHPPHHPPHPPPPHPHHPPHPHHH
550,HPPPPHHHHPPPPHHHPPHHPHPPP
551,PPPHHHHHPPPHPHHPPHPPHPHPH
552,HPHHPHPPPHHPHHPPPHHPPPHPH
553,PPPPPHPHPHHPPHPPHPHHHPHHP
554,HHPPHHHHHPPHHPHPPPHPPPHPP
555,PPHHHPHPHPPPHPHPHPPPHHHHP
556,HHHPPPPPPHHHHHPPPHPHHHPPP
557,PPPHPHHHHHPPHHPPHPPPHHPPH
558,PHPHPHPPHPPHPHHPPHPHHPPHP
559,PHPHHPPHPHHHPHPPHPPHPPPHH
560,HPHPHPPPPHHHPHPHPHPHPPPHH
561,PPHPPPHHHHHPPPPPHHHPPHPHP
562,HPPPHPPHHPHPPPPPPPHHHHHHP
563,PPHHHPHPHPPPPPPHHHHHPPHPH
564,HHPPPHPPHPPPPHPHHHHPHPHHP
565,HPHPHHHHPHPPHPHPHPPPHHPPP
566,HPPHHPPHHHPHPHHHPPHPPPHPP
567,HHPPPPHPHHHHPHHPPHPHPPHPP
568,PHHHHHPPPHPHPPHPPHHPHPPPP
569,PPHPHHPPHPPPPPPHHPHHHHHHP
570,HHHHPHPHPPPPPHPPHPPHHHPPH
571,PHPPPHPPHPHPHHHPHHPHHPPPP
572,PHHPPPHPHPPHHPPHHPHPPHPHP
573,HPHHPHHHHPPPPPPHHHPPHPPHP
574,PPHHPHHPHHHPHHHPPHPPPPPPH
575,PHPHPHHPPHPHPPHHPPHHPHHPP
576,PPPHHHHHPPPPPPHHHHPPPPPHH
577,PPPPHHPPHPPPHPHPPHHHPHHPH
578,HPHPPPPPPPPHHHPHHPPHHPHHH
579,HPHPHHPPHHPHPHPPPHPHHPPPP
580,HHHPPPPPHHHPHHPHPPHPPHHPP
581,HHPHPPHHHPPPPHHHPPPPHPHHP
582,HPHHHHPPPPPPHPPPHPHHPHHPH
583,HPPHHHHPHHPPHPHPPHHPPPPPP
584,HPHPHPHPPHHHPPPHPPHHPPHHP
585,HHPHPHPHHPHHPHPPPPPPPHHPP
586,PPPHHHHPPPHPHHHHPPPHHHPPP
587,HHPPPHHHPPHPPHPPPHHPHHPPP
588,PHHPHHPHPHPHHPPHPPPHPHHPP
589,PPPPHHHPPHPHHHPPPHPHHPPHH
590,HHPPPPPHPPHHPHPHHHPHPPPHP
591,HPPHPHHPHPHHHPPPHPHPPPHPP
592,PPHPPHHPPHHPPPPHHPHPHHHPP
593,HPHPPPHPHPHHHHHPPPHPPHPPP
594,HPPPHHHPPPHPPPHHPPHPHHHPH
595,PHHHPPPPHPPHHHPPPHHPPPPHH
596,PPHPHPHPHHPHPHHPHPPPPHHPH
597,PPHPPHPPPHHPPPHHPPHHHHPHH
598,HPHPHHPHHHHHPPPPPPPPHHPHP
599,HPPPHHPPHPPHPPHPHHPHHPHPH
600,PPHHPHHHPHHPPPHPHHPPHPPPH
601,PPPHHHPHHHPPHHHPPPHPPPPHP
602,HHPHPPHPHHHHHPPHPPPPPPHPP
603,PHHPHHHPPHPHPPPHHPHPPHPHP
604,HHPHPHPPPHPPPPPHPPPHHHHPH
605,PPPHHPHHPHHHPPHHPPPPHPPHH
606,HPHPHPHHHPPPHPHHPHPPPPHPH
607,HPHHHHPPPPPHPHPPPPPHPHHHH
608,HPPPPHPPHPHPHPHPPHPHHPHPH
609,PPHPHHPPHHHHPPPPPHHHPPHPP
610,HHHPHPHPPPHHHPPPPPHHPPPHP
611,HHPHHPHPHPPPPHHPPPPHPPHPH
612,PHPHPHPPHHPPPHPHPPHHPHHPP
613,PPPHPHPHHPPPPHPPHHHHPPHHH
614,PHHHPPHPHPHPPHPPPPPHHPHHH
615,HPHHPHPHPPPHHHPHPPPPPHHPP
616,PPHHPPPPHHHHPPHPHPHHHPPPH
617,PHPHHPHPPHPPPHPPHPHPHPHHP
618,HPHPPHPHHPPHHPHHPPPPHHHPP
619,HHHPPPHPHPPPPPPHPPHHHHHHP
620,HPPHPPPPPHHPHHHPHPPHHPPHH
621,PHPHHHPPPPHHPPHHPHHPPPHPH
622,PPPPPPPPHHPHPHHHHHPPPHHPH
623,HPPPHPPPPHPHPPHHPHPHHPHHH
624,HPHHHPHPPPHPPPHHHHPHPPPPH
625,HHHPPHHHPHHPPHPHPHPPPPPHP
626,PHHPPHHHHHHPPHPPHPPHPPHPP
627,PHHHHPHHPPPPHPHPHHHHPPPPP
628,HHPPPPPHHPPHPHPHHPHPPPHPH
629,HHHHHHPPPPPPPPPPHHPPHHHHP
630,HPPPPHPPPHPPPHHHPHHHPHPHP
631,HPHPHPHHPHHPHHPPPPPPHHPHP
632,PHPHHPHPHHHHPPPPPPPHPPHHH
633,PHHHHPHPPPPPHHHHPPPHHPPHP
634,PHHHPPHHPPPHPHPPPHPPHHPPH
635,PHPPHPPHHHHPPPHHHPPPHPPPH
636,PHHHHPPPHHPPPPPHHPPPHHHPH
637,PPPHPHPHPPPHPHHHPHPPHPHHP
638,PPHHPHHHPHPPPPPHHPHPHHPPH
639,PPHPPHHPHHPHHPPHPHPPHPPHH
640,PPPPPPHHHPHHHHHPPPPHPPHHH
641,HPPHHPHPHPHPPHHPHPPPPPHPH
642,HPHHPPHHHPHPPHPPPPPPPPHHH
643,HHHHPPPHPHHPPPHPHPPPHHPPP
644,HHPHPPPPPHHHPPHHPPHHHPPHP
645,HPHHHPPPPHHPHHPPPHPHPPHPH
646,PHPPHHPPHHHPHPPPPHPPPHHHH
647,HHPPPHPHPHPPPPHPHPHHHPPHH
648,HHPPPHPHPPPHPPPHHHPHPHPHP
649,PHPHHPHPPHPHHHPPPHPPHPPHH
650,PHPPPPHHPPHHHPHHPHPPPHPPH
651,HHPHPPPHHPPHHPHHHPPPHPHPP
652,PPHPPHPPHHPPHPHHHHPHPPPHP
653,PHPHPHHHPPPPHHPHHPPHHHPPP
654,HHHHPPPPHHHHPPPPHPHPPHPHP
655,HPHPPHHPHPPPHHHPPHPPPPPHH
656,PHHPHHHPHPHPHPPPPPPHPHHPP
657,HHHHPHHHPPPHHPPHPPPPHPPPH
658,PHHHPPHPHHPPHHPPPHHHPPHPP
659,PHHHPPPPPPPHHHPHHPHPPHPHH
660,HPPPPHHHPPHPPHHHPHPPHPHPP
661,PPPPHPPPHPPHPHHHPHHHPHPHH
662,HHHHPHPHHPHHPPPPHHPPPPPPP
663,HHPPHHHHPPHPHHPHPPPPHPPHP
664,PHPPHPPPHHHHHHPPPPPPPHHHP
665,PHPHHHPPPHPPPHHPHPPPPHPHH
666,HHPPHHHPHHPPPPHPPPPHHPPHH
667,PHPHHHHPPPPPHHHPPPPHHPHPP
668,PPPHPHPPHPHHHPHHHHPPPHHPP
669,HPHHPHPPHHHHPHPHPPPPHPPPP
670,HHPHPHPPHPHPPPPHHPPHPHPHP
671,HPHPHPHHPHHPHHPHPPPPHPPPP
672,PPHHHPPPHPPHPPPHHPHHPPHPH
673,PPPPPPPHPPPPHHHHPHHPHHHHH
674,PHPHPPHPHHPHHHHPHPPPPPPHP
675,PPPPHPHPHPPHHPPPHHHHHPHHP
676,HHHPHHHHPHPPHPHHPPPPHPPPP
677,PHHHPPPHHHHHHPHPPHPPPPPHP
678,PPPHHPHHPHPHHPHHPHPHPPPPH
679,HPPHHHHPPPPPPPPHHHHHPHPPH
680,PHHPPHPHPPHPHHPPPHHHPHPPH
681,PPHPHHPPPHPHHPHHHPHPPPHPP
682,PHHPPHHPPHPHPPPHHHPPPHHPH
683,HHHPPPHPPPPPHPHPPHPPHHHPH
684,HPHHHHPPHPPPPPHHPPHPHPPHH
685,HPPPPPPHPHPHPHHPPPHHHHHPP
686,PPHPHPHPHPHHPPPPHPHHPHHHP
687,HPPHPPPPHPPPHPHPPHPPHHHHH
688,HPPPHPHHPHHPPPHPHPPPHPPHH
689,HPHHPPHPPPHHHHPPHPHPPHPHP
690,PPHHHPPPPPPHHPPPPPHHHHPHH
691,PHPHHPHHHHPPHHHPPPPPHPPPP
692,PHPHHPPPHHPHPPPHPPHHPHHHP
693,HHPPPPPHPPHPHPHPPHHHHHPPP
694,PHPPHPHHPHPPPPPHHHHPHPHHP
695,HPHHHPPPHHPPPPHPHHHPPPHPP
696,HHHHHPPHPPPPHHPHPHPPHHPPP
697,HPHHPHPPPHHHHPHHHPPPHPPPP
698,PHHHPPHPHPPPPHPHHHPPHHPPP
699,PHPPPHHPPPHHHPPHHHHHHPPPP
700,PHHPHPHHHPPPHPPPPHHHPHPPH
701,PPPPPHPHPHHHHPHHHPPHHPPPH
702,PPHHPPHPHPHHPPHHPPPPPHHPH
703,HPHPHPHHPPPPHHPHHPPPPPHHP
704,HHPHPHHHHPPHHPPPPPHPPPHPP
705,HHPPPPHHHPHHPPPPHHPHHPPPH
706,HHPHPPHHHHPPPHHPPHPPHPPPP
707,HPPPHHHPHHPHPHPPHHHPPPPPH
708,HHPHPPPPPHPPHPHHPPPHPHHHH
709,PPHPHPHHPHPPPPHPHHPHPPHPH
710,PHHPHHHPHPHPPPHHPHPPPPPPH
711,HHPHPPPHHPHPHHHHPPHPPPHPP
712,HPPPPPPHHHPPPHHHHHPHPPHPH
713,HPHHHHPHPPPHPPPHPHHHPPHPP
714,PPPHPPPHPHHPPHHPHHPHHPPPH
715,HPPPPPHPPPHPHHHPPHHPPHHHH
716,PHHHPHPPPPHHPPHPPPPHPPHHH
717,PPHHHPPHPHHHPHHPPHHPPHPPP
718,HPPHHHPHPPPPPHPPHPPHHHPPH
719,PHPHPPHPPHHHHPPHHHPPHPPHP
720,HHPHHHPPHPPHHHPHHPPPPPHPP
721,HHPPHPPHPPPPPHPHPHHPHHHPH
722,HPPHPPHHPHPHPPHPPPHPPHHPH
723,PPHHPPPPHPHHHPHPHHPPHHPPH
724,PHPHHPPPPHPHHHHHPHPPPPPHP
725,PPHPPHHPHHHHPPPPPHPHHPPHH
726,HHHPHPPHPPHPPHPPPHPPHHPHH
727,PHHHPPHPHPHHPPPPHPHHPHPHP
728,HPHHHPPHPPHHPPHPPPPPHHPHP
729,PHPHHHPPPHHPPHPPPHPHPHPPH
730,PPPPHHHPPPPHHHHPHHPHPPHPH
731,PPHPHHPPHHHHHPPPPPPHPHPPH
732,HHPHHHPPHHPHPPPPPPHHPPHPH
733,PPPPHHPPPHPHPHPPHHPHPHHPH
734,PPHHHPHPHPHPPPPPHHPHHPHPH
735,HPPPHHHHPHPPPHPPHHPHPHPPH
736,HPPPPHPPHHPHPPPPHHHHHHPPH
737,HHPHPHPHHPPPPHPPHHPPPHHPH
738,PHPHPHHHHPPHHPPHPPHHPPPHP
739,PPPHPHHPHHHHHPPHHPHPPHPPP
740,HPHHPHPHPPPPHPHPPPHPHHHPP
741,HPHPHHHPPPPPHPPPHHPHPPHHP
742,PHHHPPHPPPPHPHHHPHHPPPHPP
743,HPHHHHPHPHPHPHPPPPHHPPPPP
744,HHPPPPPPPPHPHHPPHHHHHPHPP
745,HHPPPHPHPHHPPPPPPPPHHHHPH
746,PHHHPPHPHHPPHHPPHPHPPHPPP
747,PPHPHPHHHPHHHHPHPPPPHPPPH
748,HPPPPHPPHPHPPHHHPHHPHPPHH
749,HPPHPPPPPHPHPHHHHHHPPPPPH
750,HHPHHPHPHPPPPPHPPPPHPPHHH
751,PHPHHHHPPHPHHPHPPHPPHPPPH
752,HHPPPPHHHPHPHHPHPHPHPPPPP
753,PPHPHPHPHHPPHPPPPHHPHHHPP
754,PPHHPPPPHPPHHPHHPHHPPHHPH
755,PHPPPPHHHHHPPPPPHPHHPHPHP
756,PPPPHPPHHHPHPHHPPHPHHPHPP
757,PHHHHPPPHHPPHPHPHPPPPPHPH
758,PPPPHPPHPHHPPHHPPPHHPHHHH
759,HPHPHPHHHPHPHPPPPHHPHPPHP
760,HPPHHPPPHHHPHPPPPPHPHHHPP
761,HHHHPPPPPPPPPPPHHHPPHHHHP
762,PHHPPHHPHPHHPPPPPPHHPHPHP
763,PPPHPHHHHPPHPPPHPHPHHPPHH
764,PHPPPPPPPHHHHHHPHPPPHHHHP
765,HHPHHPPPPHPPHHHHPPHPHPPPP
766,PHPPHPPPPHPPHPHHPHHHPPHPH
767,PHHHHHHPPPPHHPPHPHHPPHPPP
768,HPHPHPHHPPHHPHHHHPPPPHPPP
769,PPPPHPHHHPPPPPPPHHHHHHPHH
770,PPPHHHHHPHHPPPHHPHPPPPPHP
771,HHPHHPHHPPHPHHPPPPPPPPPHH
772,HPHPPHHPPPPPHHPPHHPHHPHHP
773,PHPHPPPHHPHHHPHHPPPPHPHPH
774,PHHPPHPHPPHHHHPHPPHHPPPHP
775,HHPHPPHPHHPPPHPHHPPHPPHPH
776,HPHHPPHPPPHPHPPHPHPHPHHHP
777,HPPHPHHPHPHPPPHPHPPPHHPPH
778,PPHPPHHPPHPPPHHHHPPPPHHPH
779,PPPHHHHHPPHHPHHPPPHPPPHPH
780,PPPHPPPPHPHHPHPPPHPPHHHHH
781,PPPPHPHPHPHHHPHHHPHHPPHPP
782,PHPPPPHHHHPPHHPHPPPPHHPHH
783,PHHHHHPPPPPPPPPHHPHPHHHHP
784,PHPHPPHPHHHHHPPPPPHPPHHPH
785,HHHHHPPPPHPPPPPHHHPPHHPPP
786,HPHHHPHPPHHPHPHPHPPPPPHPH
787,HHHHPHHHHPHHPPPPHPPPPPHPP
788,HPPHPHPHPHHPHPPPHHHHPPHPP
789,HPPHPHPPPHHHHHPPPPHPHPHHP
790,HHHPHHHPPHHPPHPHPHPPPPPPH
791,PHPPHHPHPHPHHHPPPPHPHHPPP
792,HPPHHHHHPPHPPPHPHPPPPHHPH
793,HHHPHPPPPPPHPPHHHPHPHPPPH
794,HPHPPPHHPHHPPHPPPHHHPPPHH
795,PPHHHPPPPHHPHPPHPHPHPPHHH
796,PHPHPHHPPHPPPHPHHPHPPPHHH
797,PPHHHPHPPHHHPHHHPPPHPHPPP
798,HHPPPHPPHPHPHHHPPPHHPPHHP
799,PHPPHPPHHPHPHPPPPHHHHPPHP
800,PPHHPPPHHHHPHPHHPHHHPPPPP
801,HPHPHPPPHPPPPPPHPPHPHHHHH
802,PHPHHHHPHPHPPHHPPPPHHHPPP
803,PPPHHPHPHPHPPHHPHPHPPHHHP
804,PHPHPPPHHHHPPPPPHPHHHPPHH
805,PHHPPHPPPPPHHPPPHPHPPHHHH
806,PPHPPPPHHHHPPHPHHPHHPPPHP
807,HHHPHHPPPHPPPPHHHHPHPPHPP
808,HPHPHPHPHPPHHPHHPHPHHPPPP
809,PHHPHHHHPPHPPPPHHHPPHPHPP
810,HPHPPPPPHHPPHHHHPHPHPPHHP
811,HPPPPPPHHHHHPHPHPHPPHHPPH
812,PPHPHPHHHPHPHPPPHPPPPHHPH
813,PPPPPHPHHPPHHPPPPHHPHHHHP
814,HPPPHPHHPPHHHPHHPPPHPPHPH
815,HPPHHPPPPHHPPPHHHHHPPHPPP
816,HHPPHPPHHPPPHHHPPHHPHHPPP
817,HPHPHHPPHPHPHPPPPHPHPHPPH
818,PPHPHPPPHHPPHHPPHPPPHHHHP
819,PPHPHPPPHPHHPHHPHPPHPPHHP
820,PPPHHHPPHHHHPPHPPHHPPHHPP
821,PPHHPPPPPHPHHPHHHHHPPHPPH
822,HPHHHPPPHPHHHPPPPHPHHPPPP
823,PPHPHHHHPHPPHPPPPPHHHPPHP
824,PHPPHPPHPHPHHPHHPHPHPHPPH
825,PHPHHHHPPHHPPHPPHPHPHPPPH
826,HPHPPPHHPHPPPHPHPHHHHPPHP
827,HPPHPHPHHPPPPHHHHPPPPHHPH
828,PPPPHHPHPPHHPPPPHPHHHHPHP
829,HHHPHPPPHPHHPPPHHPHHPPHPP
830,PPHPPPHHPHHPHPHPHHHPPPHPP
831,PHHHPPPPPHHHPPPPPPHPHPHHH
832,HPHHHPHHHPPPHHPPHPHPPHPPP
833,PHHHPHPPPPHHHPPPHPHPPPPHH
834,HHPHHHHHPPPHHHPPPPPPPHHPP
835,HPHPPPHPPPPHPHHPHPPHHPHHH
836,HPHHPPPPHHPHPHPHPHPPHPPHH
837,HHPHPHPPHHPPPPHHPHPPHHHPP
838,HPPPPHHPPHHPHHHPHHPHPPPPH
839,PPHPHPHPHPHHHHHHPPPHPPPHP
840,PPPHHPPHHPPHHPPPHHHHHHPPP
841,HPPHPPHPHHPPPHPHHPHPHPHHP
842,HHPPHPHHPPPHHHHPPPPHPPHHP
843,PPPHPHHPHPHPPPHPHHPHHHPPH
844,PHPPPPHHHPPHHHHPPPHPHPHPH
845,PHPHHPPPPPHHHPHPHPPPHHPPH
846,HPHHHPHPHPHPHHHHPPPPPHPPP
847,HHHHPHHHHPHPHPPPPHHPPPPPP
848,PPPHPHHHPHHPPPHHHPPHHHPPP
849,PHHHHHHPPPHPPPPHPHPHPPPHP
850,HPPPHPHPPPHPPPHPHHHPHHPHH
851,HHPPHHHHPHPPPPPHPPHHPPHPP
852,PPPPHHHHPHHPPPHPPHPPHHHPP
853,HHHHPPHHHPPPHPPHHHPPHPPPP
854,HPHHHPPPPHHHHPPHPPPHPHPPH
855,PPPPPHPHHHHHHPPPPPHHHHPPH
856,PHPPHPPHHHHHPHPHPHPHPPPPH
857,PHPPPPHHHHPPPHPPPHPHHPHHP
858,HHPPHHHPPHHPPHPPPHPHHPPPP
859,PPHPPPHPPHHHHPPHHPPHHHHPP
860,PHHHPPPPPPHHPPHPPHPHHPHHP
861,PPPHPHHHPPPHPPHPHHPHPHPHP
862,PPPPPPHHHHPPPHHPHHHHPHPHP
863,HPPHPHPHPPPPHHPHHHPPPHHPH
864,HPHHPPHHPPPPHPHHPPHPPHHHP
865,HHPPPPPPHPPPHPHHPPHPHHPHH
866,HPPHPPHPPHPHPHPPPHHHPHHPH
867,HHPPPPHPHPPPHHHHPHHPPPHPP
868,HHPPPHHHPHHHHPPPPHHPPPPPH
869,HHPHHHPPPPHPHPHPPPPPHPPHH
870,PHPHHPPPPPHPPHHHHHPPHPHHP
871,HHHHHPPHHPPPPPPPPPPHHHPHH
872,HPHHPPHHPPHPPHHPHPPPHHPPP
873,HPPHHHPHPHPPHPPPPHPPHPPHH
874,PHPPPPHPPPPHPPHHHHHHPHPHP
875,HHPPHPPPPHPPHHHHPPHPHHPPP
876,PPHPPPPPHHHPHPPHHHPPHPPHH
877,HHPHPHHPHPPPPPHHHPHPPPPHP
878,PHHHHPHHPPHPPHPHPPPPHHPPH
879,HPHPPPPHHPPHPPHHHPHHHPPHP
880,HPHPPPHHPPHPPPHHHPHPPHHHP
881,PPHPHPHHPHHHPPPPHPPPHHHPH
882,PPHHPHPHHHHHPPPPPPPHHPHPH
883,PPHHPHPPHHPHPPHPHHHHPPPPP
884,PPHHPPHHPPPHHPHPPPHHPHHHP
885,PPPHHPPPHHHHPHPPPPHPPHHHP
886,HPPHPHPHHHHPHPPPHPPPPHPHH
887,PPHPPHPPHPPHPPHHPPHHPHPHH
888,HHPPHPHHPHHPPPHPPHHPHPPHP
889,PHPPHPHHHPPPHPHPPHPHHHPHP
890,PPHPHPHPPPPPHHHHHPHPPPHPH
891,PPPPHHHPHPPPHHHPPPHPHPHHP
892,PPHHHHPPHHPHHHPHPPPPPHHPP
893,HHPPHHPPHHPHPPHPPPHHHHPPP
894,PPHHPPHHHPHHPPHHPPPPHHPHP
895,HHHPPPHHPPHPHHPHPPHPHHPPP
896,PHPHPHHHPHPPPPHHPPPPHHHHP
897,HHHPPHHHPPPHPPHHPHPHPPHPP
898,PHPPPHPHHPHHPHHPPPPPPPHHH
899,PHPPPHHPPPHHPHPPHHHPPHHPH
900,PHHHHPHPPPHHPHPPPPPHPPPHH
901,HPHPPHHPHPPHPHPPHHHPPHPPH
902,PHPPPHHPPHHPHHHPHPHPHPPHP
903,PPPPPPPPHHHHPHPHPPHPHHHHP
904,PHHHHPHPPPPPPPHPHPHPHHPHP
905,HHHPPPHHPPHHPPPHPPHHHPPHP
906,HHHHHPHPPHPHHHPPHPPPPPPPH
907,PHPHPPPHPHHHPPHHHHHPPPPPP
908,HPHHHPPHHHPPPPPHPHPHPHPPH
909,PHHHPHPPPPHHHPPPPPHHHPPHP
910,PHHHPPPHPHHPPPPPPHHHPHPHH
911,PPPHPPHPHPHPPPPPHHHHPHHHH
912,HHHPPPPPHPPPPPHPHHPPHHHHH
913,HPPPPHPPHHPPPHHHPPHPHHHPP
914,PPHHHPPPPPPHPHPPPPHHPHHHH
915,PHPHPHPHPPPHHHPPHHHPPPPPH
916,HHHHHPPHPPPPPHHPHPHPPPPHH
917,HHHHHPPHPHPHPPPPPPPPPHPHH
918,PPHPPPHPHPPPHHHHPHHPHPHPH
919,PPPHPPPHHPHHHHPPPPPPHPHHH
920,PPHHPPPHHPPHPPHHPHPHPPHPH
921,PPPHHPPPHHPPPHPHPPHPHHHPH
922,HPPHHPPHHPHHPHPHPPHHPPHPP
923,PPHPHHHHPPHPPPPHHHHPHPPPH
924,PHPHHHHHPPHPPHPPPHPPHPHPH
925,HPPHPPHPHPHPPHPPHPHPPHHHP
926,PHPPHPHHPPHHHPHHPPPHPPPHH
927,PPHHHHPHPPPPHHHPPHPHHPPHP
928,PHHPPPPHHHHPPPHHPPHHPPPPH
929,PHPHHPPHHHPHPHPHPPHHHPPPP
930,PHPHHHPPHHHPHHHHPPPPPPPPH
931,PPHPHPPHPHPHHHHPPHHHPPPPH
932,HHPPHHHPHPHHHPPPHPPPPPPHP
933,PHPPPHHPPHHHHPHHPPHPHPPHP
934,PHHPHHPHHHPHPPPPHHPPPHPPH
935,PPPHHPPHPHHPHPHHPPHPHHHPP
936,PHHHPPHPHPHHPHHHPPHPPHPPP
937,HHPPPPHHHHPPHHPPHPHHPPPPH
938,HPHPHPPHPHPHPHHHPHHPPPPPP
939,HPHPHHHPHPPPHPHHPHPPPPHHP
940,PPHHPPHPPHHHPPPPHHPPHPHHH
941,HPHHHPPPPHHPHPPPPPHHHHHPP
942,HPPPHHHHPPHPHPHHHPPPHPPHP
943,HPPHHHPHPPPPPHPPHPHHPPHHH
944,HPPHHHPHPPHPHPPPPHPHPHHPP
945,PPPPPPHHPHPHPHHHPHPPHPHHH
946,PHPPHHPPPPHPHHPPPPHPHHHPH
947,HPHHPPHPHPPHHHHPPPHHHPPPP
948,PPHHPHHHPHPPPPPPHHHHPHPHP
949,PHHHPHPPPHPHPHPPHPPPHHHPH
950,HPHHPHPPHHHPHPHPPPPPHPPHP
951,HHPPPHHPPPPPHPHHPPPHHPHHP
952,PPHHHPPHPPPHPPPHPHHHHHPHP
953,PHHPPPHPPHPHPPHHPHHPHPPPH
954,PHHHPHHHPPPPPPHHHPPPPPHHP
955,HPPHPHHPPHPPHHPPPPHHHPHPH
956,PHHPHPPPHHHPPHPPHPHPHHPHP
957,PHHHPHHHHHHHPPPPPPHHPPPPP
958,PPPHPHPHPHHHPHHPPPHPPHPPH
959,PHPHPHHPPPPHPHPHHPHPPHPPH
960,PPHPPPPPHHHPHHHHPHPHHHPPP
961,HPPHHHPPPPPHHPHHHPPHHPHPP
962,PPPHHHPPPHPPHPHPPHPHPHHHP
963,PPHPPPPHHPPPPHHHHPHHPPPHH
964,HPPHHHPPPHHPHHHHPHPPPPPPP
965,PPPPPPHPHPHHHHPPHHPPHPHPH
966,HHHHPPPHPPPPHHHPPHHHHPPPP
967,HPPHPHPHHHHPPHHPHPPPPPPHP
968,HPPHPPHHHPHPPPPPHHPPHHHPH
969,PHPPHPHPHPPHHHPPHHPHHPPPH
970,HPPPPHPHPPHHHHHPHPPPPHHPP
971,PPPPPHPPPPPPHHPHHHHHHHPHP
972,HHPPHPHHHPPHPHPPPPHPHPHPP
973,PHPHPPPHPHPPHHPPHHHPPPHHH
974,HPPPPPHHHHPPPHHPPHPPPHPHH
975,PPPHHPPPPHPPPPHPHPHHPHHHH
976,HHPHPPHHHPHPHPPHPPHPPPPPH
977,PPHHHHHHHHPHPPPHPHPPHPPPP
978,PHPHHPHHPPHHPPPHHPPHPPHPP
979,HHHHHHPPPHHHPPPHPHPPPPPPP
980,PHPPHHPPPPPPHHHHPHHPPHPPH
981,PHHHPHPPPHPPPPPPHPHHPHHHP
982,PHHHHHPHPPPPHPPHPHHPPPHHP
983,HPHHPPHHHPHPPPPPHPHPPPHHP
984,PHPPPHPPHHHHPHPPPHHHHHPPP
985,HHPHPHHPHHHPPHPPPPHHPPHPP
986,PPHHPHHPHPPPPPPPHHHHHPPPH
987,PPPHPHPHHHHPPHPPPHPHHHPHP
988,HPHPPHHHPHPPHHPPHPHHPPPPP
989,HHPPPHHPHHPPPHHPPPHHHPPHP
990,HPHHHHPPHPPHPPPHHHPHPHPPP
991,HHHPPPHPHPHHHHPPPPHPHPPPH
992,HPPPHPHPHPPPHPHHPHHPPPHPH
993,PPHHPPHHHHPPHPPHHHPPHPHPP
994,PHPHHPHHHHHHPPPHPPPPPHPHP
995,PHPPHHPPHHHHPHPPPPHPHPPPH
996,PPHPPPPPHPHPPPHHHHPHPPHHH
997,HPPHPHHHPPPPHPPPHHHHPPHHP
998,HPHHPHPPPHPPHHPPHHPHPHPPH
999,PPPHPHPHPHPHPHPPHHPHHPHHP
1000,PHPPHPPPHPPPPHPHHHPPHHHPH
1001,PHPHPPHHPPPPHHHPHPHPPPHPH
1002,PPHHHHPPHHHHPPPPPHPHHPHPP
1003,HPHPPHPPHHHHPPPPHPPHPPHHP
1004,PHHPPHPHPPHPPPHHHPHPHPPPH
1005,HPPHPPHPHPPPPHHPHHHHPPPPH
1006,HPHPPPHPPPHHPPPHHPPHHHHHP
1007,PHHPHPPHPPHHHHPHPPHHPPPHP
1008,PHPPHHPHHPHPHPPHPHPHPPHPH
1009,PPHPHPHPPPPHPPHPHPHHHPHHH
1010,HPPPPPHPHPHHPPPHPPHHPPHHH
1011,HPPPHHHPPPPHPPPPPHHHHHHHP
1012,HPPHHHHPHPPPPPHHPPPHPHPHP
1013,PPPHHPPPPHPHPPHPHHPPPHHHH
1014,PHPHPPHHPHHPHPHPPPPPHHHPH
1015,HPHHPHPPHHPHPPHPPPHHHPPPH
1016,PPHHHPPHPHPPHPPHPHHPHPPPH
1017,PPHPHPHPPPPHPHPPHHPHPHHPH
1018,PPPHHPPPPPHHPHHHPPHPPHHHP
1019,PPPHPPPPHHHHHHPHPPPHPHHPH
1020,PPPPHHPHPPPPPHHPPHPHPHHHH
1021,HHPHPPHHPHPPHPPHPPHHHPPPP
1022,PPHPPPPHPHHPPHPPHHHHHPPHP
1023,PHPHPPHPHHHHPHHHPPPPHHPPP
1024,PHHPPHPPHPPPHHPPPPHHHHPPH
1025,HHPHPPHPHPHHHPHPHPHPHPPPP
1026,PHPPPHPPHPHHPHPPHHPHPPHHP
1027,PHPPHHPHHHPPHPHHPPPHPPPHP
1028,HPHHPPPPPHPPHPHHHPHPPHPHP
1029,HHHPHHPPPHHPPPHPPPHHPHPHP
1030,PHHPHHHPPHPPPHPPPPPHPHPHH
1031,PPPPHHPPPPHHHHHHPHHPPPHPP
1032,PHHPPPPHHPHHHPPPPHHPPPHHH
1033,HHPPPPPPPPHHPHHHHPPPHHPHH
1034,HHHPPHPPHPHHHPPPPHPHPHPHP
1035,HHPHPPPHPPPHHPPPHPPPHHPHH
1036,PHPHPPHHHPPPHPHHPPHHHPPPH
1037,HPHPHHHHHHHPPPPPPPHPHPPPH
1038,PPHPHHPPHHHHPHHPPPPHPHPHP
1039,PHPPPHPPHHHHPPHHHPHPPHPHP
1040,PHPHHPHPPPPHPHHPHPHPPHPHP
1041,PHHPPHHPHPPHPHHPHHPPHPPHP
1042,PPHHPPPPHHPHHPPHHPHPHPHHP
1043,HPHPPHPHHHHHPPPPPPPPHHPHH
1044,HPHHPPHPHPPHPHPPHHHPPPPHH
1045,PHHHHPPHPPPHHHPPHHPHPPPHP
1046,HPPHPHHHPPPHPPHHHPPHPPPPH
1047,PHPPPHHPPPPHPHPPHPHPHHHPH
1048,HPHPHPHPHPPHPHPPPHPHPHPHP
1049,PHHHPPPPPPPHPHHPHHPHHHPPH
1050,HPPHPHPPPPHHHPPHPHHHHHPPP
1051,HHPPPPPPPPPPPPHPPHHHHHHHH
1052,PHPPPPHHHPPHHHHPPHHPPHPPP
1053,HHPPHHHHPPHPHHPPPPPPPPHHH
1054,HPHPHHPHHHPHHPHHPPPPPHPPP
1055,HPPPHPPHPHHHHPPHHHPHPHPPP
1056,HPHHHPHPPPPHHPPPHPPHPPHPH
1057,HPHHPHHHPHPPPPPHPHHPHPPHP
1058,PHPHPHHHHHHPHHPPPPPPPPPHH
1059,HPHPPPHPPHHHPPPPPHHHHPHPH
1060,HPHHPPPHPHHHPPPPPHHPPHPHP
1061,HPPHHPHPHHPPHPPHHHPPHPPPP
1062,PHPPPPHPHPPPPHHPHPHHHHHHP
1063,HHHPHPPPPHPPHPPHPPPHPHPHH
1064,HHPHPHPPHPPHPPHPPPPPHHPHH
1065,HPPPHHPPHPPHHPPHHPPHPHPPH
1066,PHPPHHHPPPHHPHHHPPPHHHPPP
1067,PHPPPPPHHPPPPHPPHHHHPHHHP
1068,HPPPHPHPHPPHHPHHHPPPHHPPH
1069,HHPPPPHPPHPPHHPPHPHPHPPHH
1070,PHPPHHPPPHPHHPHHHPHPHPHPP
1071,HPPPPHPHHPPPHPHHPHPPPHHPH
1072,PHPPPHPPHHHHHPPPPHHPPPHPH
1073,PPPPPPPHHHHPHHPPHHPHPPHHP
1074,PHPPHHPPHHPPPPPHHPHHPHPHP
1075,HPHPPHPPHHHHPHPHPPHHPPPPP
1076,PHPHPPPHHPPHHPHHPPHPPPHHP
1077,PPHHPHHHPPPHHHHPPPHHPHPPP
1078,HHPHPHPHHPPHPPHHPHPHPHPPP
1079,HHPPPPPPPHHPHHPHHHPPHPPPH
1080,PPHPHPHPHPHPPHPHHHHPHPPHP
1081,PPPHHPPHPPHPHHPPPHHPHHHPH
1082,HPPPHPHPPHPHHHHHHPPHPPPPH
1083,HHPHHHPHPPPHHPPPHHPHPPHPP
1084,PPHHHHPPPHPHHHPPPHPPHHHPP
1085,HHPHPPPHHHPPHHPHPHHPPHPPP
1086,PPHHHPHHPPPPPPHHPHHPPHPHH
1087,HPPHPPHPPHHHPPHHHHPPPHPHP
1088,PHPHHHHPHPPHPPPHHHPPPHPHP
1089,HPPPHHPHHPPHHPPPHHHPHHPPP
1090,HHHPPHPPHHPPHHPHPPHPPPPPH
1091,HPPPPPPPPHPHHHPHPHPHPHPHH
1092,PPHHPPHPPPPHHHHPHPPHHPHPP
1093,HHHHPPPHPHHPPPPPPPHPPPHHH
1094,HPHHHHPPPHPHPPHHPPPPHPHPP
1095,HPPPPHHHHPPHPHPPPHPHPHPHP
1096,HPHPPPPHPPPPPHHHHHPPHPHHH
1097,HHHHPPPHPHHPHPPHPPPPHHPPH
1098,HPHHPPHPPPHPHPHPPHPHHPHHP
1099,PHPPHPPHPPPPPHHHPPPHHPHHH
1100,HHHHPPHPPHHPHPHPHHPHPPPPP
1101,PHHHHPPHHPPPHHPHPPHHPHPPP
1102,HPPPHHHPPHHPPHPPPPHHPHHHP
1103,HPPPHHPHHPHHPPHHPHPPPPHHP
1104,PHPHPPHHPPHHPHPHPHPPPHHPP
1105,HHHPPPHPHHPHPHPHHPPPPPPHH
1106,PPPHHPPHPHPPPHHPHHHHPHHPP
1107,PHPPPPHHPPPHHHHHHPHHHPPPP
1108,PPHHPPPHHPPPPHPPPHHPHHHHP
1109,HPPHPHPHHPPHPPPHPHPPPHPHH
1110,PHHPHPPHHPPPHHHPPHPPHHHPP
1111,PPPPPHHHHPHPPHHHHPHPPPHHP
1112,PHHHPPHPHPPHPPPPHHPHHPHHP
1113,PPPHHPPPHHPPHPPHHPHPHHHPH
1114,PPPHPHHHPHHPPHPHPPPPHPHPH
1115,PPHHPHHHHHPPPPHPPPHPPHHPP
1116,PPPPPPPHPHPHHHPPHHHHPPHHH
1117,PPPHPHHPPHHHHPPHHHHPPPHPP
1118,HPHHPPHPPHPPPPPHHPHHHHPHP
1119,PPHPHPPHHHHPPPPHPHHPHPHPH
1120,PPHHPHHHPPHHHHPPPHPPPPHHP
1121,PHHHHHPHPPPHPPPHHHPHPHPPP
1122,PPHPHHPPHPHHHHPHPHPPHPHPP
1123,PHPHPPHPPPHPHPPHPHHPHPHHP
1124,HPPPHPPHHHHPHPPHPPPHHPHPP
1125,HPHPPHPHHHHPPPHPHPHHHPPPP
1126,HHPHPHPPHPPHHHHPPPHPHPHPP
1127,PHPHPPHPHPPPHPHPPPHHHHHPP
1128,HHPPPPPPPPPPPHPHPHPHHHHHH
1129,HPPPPHHHHPHHPPPHHPHPHPPPP
1130,PPHPPPPHHHPHPPHHPPHHHHPPP
1131,HPHPHHPHHPPPPPHPPPPHHHPPH
1132,HPPPHPHHPHHHPPHHPHPHPHPPP
1133,HPPPHPPPHHPPPHPHHPHPHPPHH
1134,PPPPHHPPHPHHHPPHHHHHPPPHP
1135,PHHPHHPHHPHPPPPHPPPHHPHPH
1136,HHHPPPPHHPPPHPPHPPHPHPHHH
1137,PHPHPHHHPPHPHHPHPHPPPHHPP
1138,HPPHPHHPHPPPHHPPPPPPHHHHP
1139,HPHPPHHHPHPPPHHPHPPPPHHHP
1140,PPHPHHPHPHHPHPHHPPPHPPHPH
1141,PHPPHHHHHPHPPHPPPPHPHPHPP
1142,PPHHPPPHPHPPHPPPPHHHHHHPH
1143,HPHPPPPPHHHPPPHHPHPHHPPHP
1144,HHPHHPPHPPPPPHPHHPPPHPHHH
1145,PHHPHPPPHHHPPHPHHHHPPPPPH
1146,PHHPHHHPPHHPHPHHPPPHPPPHP
1147,HPPHHHPPHPHHHPPHPHPHPPPPH
1148,HHHPHPPPHPPHPPPPPHHHPPHHH
1149,HHPHPPHHPPPHPPHHHPPHPPHPH
1150,PHHPHPHHHPPPPPHPHHPHPHHPP
1151,PPPHHHPPHHPPPHPHPPPHHPPHH
1152,HPHHHPPPPPHHHPHPPPPPHPHHP
1153,HHHPPHPHPPHHPHPPHHPPHPPHP
1154,PPPHHPHHPHPPHHPPHHHPPHPPH
1155,HHPHPPPPPPHHHPHPHHPPPHPPH
1156,PHHPHPHPPHHPPPPPHPHHPPHHH
1157,PPHPPPHHPHHHPPPHPHPHHHPPP
1158,HPHPHPPHHPPHHHPHPHPPHPPPP
1159,PHHHPPHPPHPHHPHPPPHHPHPPP
1160,HHPPPPPPHHPPPHHHPHPHHHPPP
1161,HHPPPPPHHPPHPPPHPHHHPHHPP
1162,HHPPPHPPPPHPHPHPHPPHHHHHP
1163,HHHHHPHHHPHPHPPPPHPPPPHPP
1164,HHPHPHHPPHHHHPPPPHPPHPPPP
1165,PPHHHHHHHPHPPPPPPHPPPPHHP
1166,HPPHHPPPPPPHPPPHPHHHHHPHH
1167,PPHHPHPHPPPPHHHHPPPHPPHHH
1168,HHHHPHHPPHPHPPPPPHHHPPPPH
1169,HPHHHPPHHPHHPPPHPPPPHPPHH
1170,HHHPPPHPPHHPPPHPPPHHHPPHP
1171,HPPPHHPHPHPHPPPPPPHHHHHHP
1172,HHPHHPPHPPPPPPHPHPHHHHPHP
1173,PPHPPPHPHHPPPHPPHPHHHHHHP
1174,HPPPPHPPHPHPHPHPHHHHPPPHP
1175,HPHHHPHPPHPPPHHPHPHPPPHPH
1176,PHHPPHPPPHPPHHHPHPHPHHPPH
