id,sequence
0,PPPPPPPPHPPHPPPPPPPHHPHPP
1,PPPHPPPPPPPPPPPPPHHPHPPPP
2,PPPHHPPPHPPPPPPPPPPPHPPHP
3,PPPPPPPPPPPPPHPPPPPHPPPPH
4,PHPHPPPPPHPPPPPHPPPPPPPPP
5,PPPHPPPPPPHPHPPHPPPHPPPPP
6,HPPPPPPPPPHPHPPPPPPPHPPPP
7,PHPPPPPPPPPPPPPPPHPPPPPHP
8,PHPPPPPPPPHPHPPPPPPPPPHPP
9,PPPPPPHHPPPPPPPPHPPPPPPHP
10,PPPPPPPHPHPPHPPPPPPHPHPPP
11,HPPPPPPPPPPPPPPPHHPHPPPPP
12,PPPPPPPPPPPHPPHPHPPPPPPPP
13,PPPHPPPPHPPPPPPPHPPPPPPHH
14,PPPPPPHPPPPPPPPPHHPPHPPPP
15,PPPPHPPPPPHPHPPPPPPPHPPPP
16,PPPPPHPPPPPHPPPPPPHPPPPPP
17,HPPPHPPPPPPPPPHPPHPPPPPHP
18,PPPPPHPPPPPPPPPPPHPPPPPHH
19,PPPPPPPHPPPPPHPPPHPHPPPPP
20,PPPHHPPPPPPPPPPPPPPHPPPPP
21,PPPHPHPPPPPPPPPPPPPHPPPPP
22,PPPPPPHPPPPPPPPPPPHPPHPPP
23,PPPPPPPPPHPPPPPPPPPPHHPHP
24,PPPPPPPHPPPPPHPPHPPPHPPPP
25,PPPPPPPPPPHPHHPPPPHPPPPPP
26,PPPPPPHPPPPPPHPHPHPPPPPPP
27,PPPPHHPPPPPPPPPPPHPPPPPPP
28,PPPPPPPPPPHPPHPPPHPHPPPHP
29,HPPHPPPHPHPPPPPPPPPPPPPPP
30,PPPPPPPPPHHPPPPPHPPPHPPPP
31,PPHHPPPPPPHPPPPPHPPPPPPHP
32,PHPHPPPPPPHPPPPPPPPPPPPPH
33,PPPPPPPPPPPPPPPPPPPHHPPPH
34,PPHPHHPPPPPPPPPHPPPPPPHPP
35,PPPPHPPPHPPHPPPHHPPPPPPPP
36,HPPPPPPPPPPPPPPPHPPPHHHPP
37,PHPPPPPHPPHPPPPPPHHPPPPPP
38,PPHPPPPPPHPPPPPPPPHPPPHPP
39,HPPPHHPPPPPPPPPPPHPPPPHPP
40,PPHPPPPHPPPPPPPPPHPPPPPPH
41,PPPPHPPPPPHPPPPHPPPPHPPPH
42,PHPPPPPPPPPPHPPPPPPPHHPPP
43,PHHHPPPPPPHPPPPPPPPPPHPPP
44,PPPPPPPHPPHPPPPPPPHPPHPPP
45,PPPHPPPPPPPHPHPPPPPPPHPHP
46,PHHPPPHPPPPPHPPPPPHPPPPPP
47,PPHHPPHPPPPHPPPPPPPPPPPPP
48,HPPPPHPHPPPPHPPPPHPPPPPPP
49,PPPPPPPHHPPPPPPPPPPHPPPPH
50,PPPPPPPPPHPPHPPPHPPHPPPPP
51,PPPHPHPPPPPPPPPPHPPPHPHPP
52,PPPPPPPPPPHPPHPPPPPPHHPPP
53,PPPPPHPPPPPPPPPHHHPPPHPPP
54,PPPPHPPPPPPPPPPPPPPPPHPHP
55,PPPPPPPHPPPHHPPPPHPPPPPPH
56,HPPPPPPPPPPHPPPHPPPPPPPPH
57,PPPHPPPPHPPPHPPPPPPPPPPHP
58,PHPPHPPPPPHPPPPPHPPPPPPPP
59,PPPPPPHPPPHPPPPPPPPPPPPHH
60,PHPPPPPPPPPHPPPPPPPPPHPHP
61,PHPPPHPPPHPPPPPPPPHPPPPPH
62,PHHPPPPPPPHPPPPHPPPHPPPPP
63,PHPPHPPPPPPPPPPPPHPHPHPPP
64,PPPPPHPHPPPPPPPHPPPPHPHPP
65,PPPPPPPPHPPHPPHPPHPPPPPPP
66,HPPHPPPHPPHPPPPPPPPHPPPPP
67,PPPPPPPPHPPPPPPHPPPPPPHHP
68,PPPPHPHHPPPPPPPPPPPHPHPPP
69,PPPPPPPPPPPPPHHPHPHHPPPPP
70,HHPPPPHPPPPPPPPPPPPPPPPPP
71,PPPHPPPPPPPPPPPPPPPPHPHPP
72,PHPPHPPPHPPPPPPPHPHPPPPPP
73,PPPPPHPPPPHPHPPPPPPHPPPPP
74,PPPPPPPPPPPPHPPHPHPPHPPPP
75,HHPPPPPPPPPPPPPPPPPPPPHPH
76,PPPPHPPPPHPPHPPHPPPPPPPHP
77,PHPPPPPPHPPHPPPPPPHPPHPPP
78,HPPPPPPPPPHPPPPPPPPPPPPHH
79,HHPPPPPPPHPPPPPPHPPPPPPPP
80,PPPPPPPHHPPPHPPPPPHPPPPPH
81,PPPPPPPHPPPPPPHHPPPPPPPPP
82,PPPHPPPPPPPPHHPPPPPPHPHPP
83,HPPPPPPPPPPPPPPPPHHPPPPPP
84,PPPPPPHPPPPHPPPHPPHPPPPPP
85,PPPPPHHPPPPPPPPPPPPPPPPPH
86,PPPPPPPPPHPPPPHPPPHHPPPPH
87,PPPPPHPHPPPPPPPPPPHPPPPPP
88,PPPPPPPPPPPHPPHPPPHPPPPPH
89,PHPPPHHPPPHPPPPHPPPPPPPPP
90,PPPPHPPPPPPHPPPPPPPPHPHPP
91,PPPPHHPPPPPHPPPPPPHPPPPPP
92,PHPPPPHPHPPHPPPPPPPPPPPPP
93,PPPPPPPPHPPPPHPPPPPPPPPPH
94,PHPPPHPPPPPPPPPPHPPPHPPPP
95,PHPPPHHPPPPPHHPPPPPPPPPPP
96,HPPPPPPPPPHPPPPPPPPPHPPHP
97,PHPPPPPPHPPPPPPPHPPPHPPPH
98,PPPPPPPPPPPHPPPPPPPHPPHPH
99,PPHPPPPPPHPPPHPPPPPPPPPPP
100,PPPHPPHPPPPPHPPPPPPPPPPPP
101,PPPPHHPPPPPPPPPPHPPPHPPPH
102,HPHPPHPPHPPPPPPPPHPPPPPPP
103,PPPHPPPPPPPHPPPPPPHPPPPPP
104,HPPHPPPPPPPPHPPPPPPPHPPPP
105,PPPPPPHPPPPPPPHPHPPPPHPHP
106,PPPPPPPHPPHPHPHHPPPPPPPPP
107,PPPPPPPPPPPPPPPPPHPPPHPHP
108,HPPPPPPPPPHPPHPPHPPPPPPPP
109,PPPPPPPPPPHPPPPPPPPPHPPHP
110,PHPHPPPPPPPPPHPPPPPPPHPHP
111,PPPPPPPPHPHPHHPPPPPPPPPPH
112,PPPPPPPPPPPPPPPPHHPPPHPPP
113,PPPPHPPHHPHPPPPPPPPPPPHPP
114,HPPPPPPPHPPPHPPPHPPPPPPHP
115,PPPPPPPPPPPPPPPPPHPPHHHHP
116,PPPPPHPPPPPPPPPPPPPHHPPPH
117,PPPPHPPPPPPPPPPPHPPPHPHPP
118,PPPPPPPPHPPHPPHHPPPPPPHPP
119,PPPPPHPPHPPPHPPPPPPPPHPPP
120,PPPHHHPPPPPPPPPHPPPPPPPPP
121,PPPHPHPPHPPPPHPPPPPPPPHPP
122,HPPPPPPPHHPPPPPPHPPPPPPPH
123,HPHHPHHPPPPPPPPPPPPPPPPPP
124,PPHHPHHPPPPPPPPPPPPPHPPPP
125,PPPPHHPPPPPPPPHPPPPPPPPPH
126,PHPPHPHPPPPPPPPHPPPPPPPPP
127,PPPHPPPPPHPPPPHHHPPPPPPPP
128,PPPPPPPPPPPPPPPPPHHHHPPPP
129,PPPPPPPPPPPPHPPPPPPHPPHPP
130,PPPPHPPPPPPPPHPPPHPPPPHHP
131,HPPHPPPPPPPHPPHPPPHPPPPPP
132,PPHPHHPPPPPPPPPPPHPPHPPPP
133,PPPPPPPPPPPPHPHPPPPPPPPPH
134,PPPPPPPPPHPPPPHPPPHPPHPPP
135,HHPPPPPHPPPPPPHPPPPPHPPPP
136,HPPHPPPPPPPPHPPPPPHHPPPPP
137,HPPPPPPPHPPPHPPPPPHPPPPPH
138,PPPPPHHPPPPPPPPPPPPHPPPHH
139,PPPPPPPPHHPPPPPPPPHPPPHPP
140,PPHPPPPPHPPPPPPPPPPHPPHPP
141,PPPHPPHPPPPHPPPPPPPHPPPPP
142,HPPPPPHPPPPPPHPPPHPPPPPPP
143,PPPPPPPHPPPHPPPPPPPHPHPPH
144,PPPPPPHPPPPPPPPPPPPPHPPHP
145,PHPPPPPPPPHPHPPPPPPPPPPHP
146,PPPPPPPPPHPPHPHPPPPHPPPHP
147,PPHHPPPPHPPPPHPPPPPPPHPPP
148,PPPHPPHHPPPPPPPPPHPHPPPPP
149,PHPHPPPPPPPPPPHPPPPHPPPPP
150,HPPPPPHPPPPHPPPPPPPHPPPPH
151,HPPPHPPPPPPPPPHPHPPPPPPHP
152,PPPHPPPPHPPPPPPPPHPPPHHPP
153,PHPPPHPPPPPHPPPPPPPPPPHPH
154,PPPHPHPPPPPPPPPPPPPPHPHPP
155,HPPPPPHPPPPPPHPPPPPPPPPPP
156,PPPPPPPHHPPPPHPPPHPPPHPPP
157,PPPPPHHPPPHPPPPPPPPPPPPPP
158,PPPHPPPPPPHPPPPPPPPPPPHPP
159,PPPPPPPPPHPPHHPPPPPHHPPPP
160,PPPHPPPPPPPPPPPPPPPPHHPPH
161,PPPPPHPPPPPPPPPPHPHPPPHPP
162,HPPPPPHPPPPPHPPPPHPPPPPHP
163,PPPPPPPHHPPPHPPPPPHPPHPPP
164,PHPPPHPPPPPPPPPPPHPPPPHPP
165,HPPHPPPPPHPPPPPPHPPPPPPPP
166,PPPPPPPPPPPPPPHPPPPPHPPHP
167,PPPPPPPPPPPPPPPPHPHHPPPPH
168,HHPPPPPPPPPHPPPPPPPPPPPPP
169,PPHPPPPPPPHHPPPPPPPPPPPPP
170,PPPPPHPPPPPPPHPPPPPPPPHPP
171,PPPPPPPPPHHPPPPPPHPPHPPPP
172,PPHPPHPPPPPPPPPHPPPPHPPPP
173,PHPPPPPPPHPHPPPPPPPPPHHPP
174,PPPPPHPPPHPPHPPPHPPPPPPPP
175,PPHPHPPPPPHPPPPPPPPPPPPPP
176,PPPPPPHHPHPPPPPPPPPPPPPHP
177,HPPPPPPPPHPHPPPPPHPPPPPPH
178,PPHPPPPHPPPHPPPPPPPPPPHPP
179,PPPPHPPPHPPPPPHPPPPPPPPPH
180,PPPPPPPHHPPPPHPPPPHPPHPPP
181,HPPPPPPPPPPHPHPHPPPPPPPPP
182,PPPHHHPPPHPPPPPPPPHPPPPPP
183,PHHPPPPPPPPPHPPPHPPPPPHPP
184,HPPPHPPPPPHHHPPPPPPPPPPPP
185,PHPPPPPPPPPPPHPPPPPPPHPHP
186,PPPPHHPPHPPPHPPPPPPPPPPHP
187,PPPHPPPPHPPHHPPPPPPPPPPPP
188,PPHPPHPPPPPPPPPPPPPPPPHPP
189,PPPPPPPPPHPPHPPHPPPPPPPPP
190,PHPPHPPPPPPPPPPPPHPPHHPPP
191,PPHPPPHPPPPHPPPPPPPPPPHHP
192,PPPPPHPPPPPPPPPPPPPPPPHHP
193,PPPPPPPPPPHPPHPPPPPPHPPPP
194,PPPPPPPPPHPPPPPPPHHPPPPPH
195,PHPHPHPPPPPHPPPPPPPPPPPPP
196,HPHHPHPPPPPPPPPPPPPPHPPPP
197,PPPHPPPPPPPPHPPHPHPPPPPPH
198,PPPPPHPHPPPPHHPPPPPPPPPPP
199,PPHPHPPPPPPHPPPPPPPPPPHHP
200,PPPPPPPPPPPPPHPHPPPHPPPPP
201,PHPPPHPPPPPPPPPPHPPPPHHPP
202,PHPPHPPPPPPPPPPPPPPPPPPPH
203,PPPHHPHPPPPHPPPPPPHPPPPPP
204,PPPHPHPPPHPPPPPPPPPPHPPPP
205,PPPHPPPPPPPPPPPPHPPPPHPPP
206,PHHPPPHPPPPPPPPPPPHPHPPPP
207,PPPPPPPPHPPPPPPPPPHPPHPPP
208,PHPPPPHPPPPPPPHPHPPPPPPPP
209,PPPPHHHHPPPPPPPPPPPPPHPPP
210,PPPPPHHPPPPPPPPPPPPPPPHPH
211,HPPPPPPPPPPPPPPPHPPPPPPPH
212,PPPPPPPHPHPPPPPPPPPPPPPPH
213,PPPPPPPPHPPPHPPPPPPPPPPHP
214,PPPPPPPPPPPPPPHPPHHHPPHPP
215,PPPPPPPPPPPPPPPPHPPHHHHPP
216,HPPPPPPPPPPPPPHPPPPPHPPHP
217,HPPHPPPPPPPHHPPPPPPHPPPPP
218,PPPPPPPPPPHHPPPHPHHPPPPPP
219,PPPPHPPPHHPPPPPPHPHPPPPPP
220,PPHPPPPPPPPPPHPPPPPPHHPPP
221,PHPPPPPPHHHPPHPPPPPPPPPPP
222,PPPHHPPHPPPPPPPPPPPPPPPPP
223,PPPPPPPPPHPPPPPPPHPHPPPPP
224,HPPHPPPPPPPPPPPHHPPPPPPPH
225,PPPPPPPPPHHPPPPHPPPPPPHPP
226,PHPPPPPHPPPPPPPPPPPPPPPHP
227,PPPPPPHPHPPPHPHPPPPPPPPHP
228,PPHPPPPPPPPPPPPHPPPPPPPPH
229,PPPPPPPPHPPPHHPPPPHPPPPPP
230,PPHPPHPPPPPPPPPPPPPHPPHPP
231,PPPPPPPPPPPPPPPHPHPPPHPPP
232,PPPHPPPPHPPPPPPPHPPPPPPHP
233,PHHPPPPPPPPHPHPPPPPPPPPPH
234,PHPPHHHPPPPPPPPPPPPPPPPPP
235,PHHPPPPPPPPPPHPPPHPPPPPHP
236,HPPPPHPPPPPPPHPPPPPPPPPPP
237,PPHPPPPPPPHPPPHPHPPPPPPPP
238,PHPPHPPPPPPPPPHPPPPPPPPHP
239,HHPPPHPPPPPPPPPPPPPPHPPPP
240,PPPHPPPPPPPPPPPPHPHHHPPPP
241,PPPHPPHPPPPPPPPPHPPPPPPPP
242,HPHPPPPPPPPPPPPPPHHPPPPPP
243,PHPHPPPPPPPPPPPPHPPPPHPPH
244,HPPPPPPPPPPPHPPPPPHHPPPPP
245,PPPHHPHPHPPPPPPPPPHPPPPPP
246,PHPPPHPPPPHPPPPPPPPPPPPPP
247,PHPPPHPPPPPPHHPPPPPPPPHPP
248,PPHPPPPPPPPPPHPPPPPPHPPHP
249,PPHHPPPPPPPPPPPPPPPHPPPHP
250,PPPPPPPPPPPPPHHHPPPPHPHPP
251,HHPPPPPHPPHPPPPPPHPPPPPPP
252,PPPPHPPPHPPPPPPPPPPPPPPHP
253,PPPPPPPPPPPPPPPHHPPPPPPHH
254,PPPPHHPPPPPPPPPPPPPPPPHPH
255,PPHPPPPPPPPPPHPPHPHPPPPHP
256,PHPPHPPHPPPPPHPPHPPPPPPPP
257,PHPPPPHHPPPPPPPPPPPPPPPHP
258,PPPPPHPPPPPPPPHPHPPPPPHPP
259,PPPHHPPPPHPHPPPPPPPPPPPPP
260,PPPPPPPPPPPHPPPPHPPPPPHPP
261,PPPHPHPPPPPPPHPPPPPPHPPPH
262,PPPPPHPPPPPPHPHPPPPHPPPPP
263,PPPPPPPPPHPPPPPPHPPPHPHPP
264,HHPPPPPPPHPPPPPHHPPPPPPPP
265,PPHPPPPPPPPPPPPPHHPPPPHPP
266,PPPPPPPPPPPPPHPPPPHHPPPPP
267,PPPPPHPPPPPPPPHPPPPPPPPHP
268,HHPPPHPPPPPHPPPPPPPPHPPPP
269,PHPPPPPPPPPPPPPHPPPHPPPPP
270,PPHPPPPPPHPHPPPPPHPPPPPPP
271,PHPPPHPPPPPPPPPPPPPPPPPPH
272,PHPHHPPPPPPPPPPPPPPHPPPPH
273,PPPPPHPHPPPHPPHPPPPPPPHPP
274,HPPPHPPPPPPPPPPPHPHPPPPPP
275,HPPPPPHPPPPPPPPPPPPPPPPPH
276,PPPHPPHPPPPPPPPPPPHPPPPPP
277,PPPHPPPPPPPPPHPPPHPPPPPHP
278,PPHPPPPPPHPPPPHPPPPPPPPPH
279,PPPPPPHHPPPPPPPPPPPPPHPPP
280,PPHPHPPHPHPPPPPPPPPPPPPPP
281,PPPPHPPHPPPHHPPPPPHPPPPPP
282,PPPPHPPPHPPPPPPPPPPPHPHPP
283,PPPPPHPPPPPPHPPPPPHPPPPPP
284,PHPPPPPPPPPPPHPPPPHPPPPPP
285,PPPPHHPPPPPPPHPPHPPPPPPPH
286,PHPHPPPPHPPPPPPPPPHPPPPPP
287,PHPPHPPPPPPPHPPPPPHPPPPPP
288,PPHHPPPPPPPPPPPHPPPPPHPHP
289,PPPHPPHPPHPPPPHPPPHPPPPPP
290,PPPPPPPPPPPHHPPPHPPHPPPPP
291,PHHPPPPPPPPPPPHPPPPHHPPPP
292,HHPHPPPPPPPPPPPPPPPPPPPPP
293,HPHHPHPPPPPPPHPPPPPPPPPPP
294,PPPPHPPPPPHPHPPPPPPPPPPPP
295,PPPPPPPPPPPHPPHPPPPPPPPPH
296,HPPHPHPPPPPHPPPPPPPPPHPPP
297,PPPPPHHPPHPPPPPPPPPPPHPPP
298,PPPPPPPPPPPPHHPPHHPPPPPPP
299,PPPPPHPPPPPPPPHPHPPPPPPPP
300,PPHPPPPHPPPPPPPPHPPPPPPPP
301,PPPHPPPPPPHPPPPPPPPPPPPHH
302,PPPPPHPHPPPPPPPPPPPPPPHPP
303,PPPPPPPPPHPPPPPPPHPPPHPHH
304,HHPPPPPPPPHHPPHPPPPPPPPPP
305,HHPHHPPPPHPPPPPPPPPPPPPPP
306,PPPHPPHPPPPPHPPPPPPHPPHPP
307,PPPPPPPPPPPHHPPPHPPPPPHPP
308,PHPHPPPHHPPPPPPPPPPPPPHPP
309,PPHPPPPPPPPPPPHPPPPPPHHPP
310,HPPPPPPPPPPPPPPPPPPPPHPPH
311,HPPPPHPPPPPPPPPPPPPPPHPPP
312,HPPPPPPPPHPPHPPPPPPPPPHHP
313,PHPPPPPPHHPPHPPPPPPPHPPPP
314,PPHPPHPPPPPPPHPPPHPPPHPPP
315,PPPPHHPPPPPPPPPPPPPPPHPPP
316,HHPPPPPPPHPPPPPPPPHPPPHPP
317,PPPPPPPPPPHPPPPPHPPPPPHPP
318,PPPPPPPHHPPPPPPPPPPHPPPPP
319,PHPPPPPPPHPPPPPHPPPPHPPHP
320,PPPPPPPHPPPPHPPPHPHPPPPPP
321,PPPPPPPPPPPHHHHPPPPPPPHPP
322,PPHPPPPHPPPPPPPPPHPPHPPPP
323,PHPPPPHPPPPHPHPPPPPHPPPPP
324,PPHPHPPPPPPHPPPPPPPPPPPPP
325,PPPPPPPPPPHHPPPPPHPPHPHPP
326,HHHPPPPPHPPPPPPPHPPPPPPPP
327,PPPPHPHPPPPPPHPPPPPPPPPPH
328,HPPPPPPPHPPPPPPPPPHPPPPPP
329,PPPPHPHPPHPPPPPPPPPPPHPPP
330,HPPPPPPPPPPPPHPPPPPPPPPPH
331,PPPHPPPPPPPPPPPPPPHHPPPPP
332,PPPPPHPPPPPPPPPHHPPPPPHPP
333,PPPPPPPHPPPPPPPPHPPPHPHPP
334,HPPPPHPPPPHPPPPPHPHPPPPPP
335,PPPPPPPPPPPPHPPPPHPHPPHHP
336,PPPHPHPPPPPHPPPPPHHPPPPPP
337,PPPPHPPPPPPPHPPPPHPPHPPPH
338,PPPPPPHPPPPPPPPPPPPHPPPHH
339,PHPPPPPPPHPPPHPPHPPHPPPPP
340,PPPPPHHPPPPPPPPPHPHPHPPPP
341,PHPPPHPPPPPPPPPPPHPPPPPPH
342,PPPPPPPPPHPPHPPPPPPHPPHPP
343,HPPPPPPPPPPPPPPPPHPPPPHPH
344,PPPHPPHPPPPPPPPPPPPPHPHPP
345,PPPPPPPPPPPPPPPPHPHPPPPHH
346,PPPPPHPHPPPHPPPPPHHPPPPPP
347,HPPPPPPPPPPPPHPHPPPPPPPHP
348,HPPPHPPPPHPPPPPPHPPPPPPPP
349,PPPPPHPPPPPPPPPPPPHPPPHPP
350,PPPHPPHPPPHPHPPPPPPPPPPPH
351,PHPPPHHPPPPHPHPPPPPPPPPPP
352,PHHPPPHPPPPPPPPPPPPPHPHPP
353,PPHPHPPPHPPPPPPPHPPPPHPPP
354,PPHPHHPPHHPPPPPPPPPPPPPPP
355,HPPPHPPHPPPPPPPHPPPPPPPPP
356,PPPPPPPPPHPHPPPPHPPHPHPPP
357,PPPPPPPPPPPPPHPHPPPHPPHPP
358,PPPHPHPPPPPHPPPPPPPPPPPHP
359,PPPPPPPPPPPHPHPPPPHPPPHPP
360,PPPHPPPPPPPPPHHPPPHPPPPHP
361,PPPPPPPPPHPPHPPPPPPPPPHPP
362,PPPHPPHPPPHPPPPHPPPHPPPPP
363,PPPPPPPPPPHHPPHPPPPPPPPPP
364,PPHPPPPPPPPPPPHHPPPPHPHPP
365,PHPPPPPPPHPPPPHPPHPHPPPPP
366,PPPPHHPPPPPPPPPPPPHPHPPPP
367,PHPPPPHPPHPPHPPPPHPPPPPPP
368,PPHPPHPPHHPPPPPPPPPPPPHPP
369,PPPPPPPPPPHHPPPHPHPPPPPPP
370,PPHPPPPPPHPPPPPPHPHPHPPPP
371,PPPPPPPHPPPPHHHPPPPPPPPPH
372,PHPPPPPPHHPPPPHPHPPPPPPPP
373,PPPPPHHPHPPPHHPPPPPPPPPPP
374,PPPPHPHPPHPPPPHPPPPPPPPPP
375,PPPPHPPPPPPPPPPPHPPPHPPHP
376,PPPHPHPPPPPPPPPHPPPHPPPPP
377,PPPPPPHHPPPPHPPPPPPPPPPPP
378,PHPPPPPPHPHPPPPPPPPPHPHPP
379,PPPPHPPPPPPHHPPPPPPHPPPPP
380,PPPPPHPPPPPPPHPPHPPPPPPPP
381,PPHHPPPPPPPHPPPHPPHPPPPPP
382,PPPPPPPPPPHPPPPPPPHHHHPPP
383,PPHPHPPPPPPPHPPPHPPPPPPHP
384,HPHPPPHPPPHPPPPPPPPPPPPPP
385,PPPPPPPPPHHPPPPHPPPPPPPPH
386,PPHPPPHPPPPPPPPPPPPPPPPHP
387,HPPPPPPPPPPPPPPHPPHPPPHPH
388,PPPPHPPPHPPPHPPPHPHPPPPPP
389,PPPPPPPPHPPHPPPPHPPPPPHPP
390,HPPPHHPPPPPPPPPPPPPPPPPPP
391,PPPHPPHPPPHPPPPPPPHPPPPHP
392,PHPPPPPPPPPPHPPPPPPPHHPHP
393,PPPPPPPPHPPPHHPPPPPPPPPPP
394,HHPPPPHHPPPPPPPPPPPPPPPPP
395,PPPHHPHPPPPPPPPPPPPHHPPPP
396,PHHPPHPPPPHPPPPPPPPPPPPPP
397,PPPPPPPPHPPHPPPPPPPPHPPPP
398,PPHPPPHPHHPPPPPPHPPPPPPPP
399,HPPPPPPPPPPPPPPPHPPPHPPPP
400,PPPHHPPHPPPPPPPPPPHPPPPPP
401,PPPHPHHHPPPPPPHPPPPPPPPPP
402,PPPPPPPHPPPPPPHPHPPPHPPHP
403,PPPPPPPHPPPPPHPPPPPHPPHPP
404,PPPPPPPPHHPPPHPHPPPPPPPPP
405,PPHPHPPPPPPPPPPHPPPHPPPPP
406,HPPPPPPHHPPPPHPPPPPPPHPPP
407,PPPPPPPPPPPPPPPPPPPPHHHPH
408,HPPPPPPPHPPPHPPPPPHPPPPPP
409,PPPPHPHPPPPPPHPHPPPPPPPPP
410,PPPPPHPPHPHPPPPPPHPPPPPPP
411,PPPPHPHPPPPPHPPPPPPHPHPPP
412,PPPPPPPPPHHHPPPPPPPHPPPPP
413,HPHPPPPHPPPPPPPPPPPPPPPPP
414,PPPPPPHPPHPPPPPPPPPPPPPPH
415,PPPPPPPPPPPPPPPHPPPPHPPPH
416,PHPHPPPPPPPPPPHPPPPPPHPHP
417,PHPHPPPPHPPPHPPHPPPPPPPPP
418,PHPPPPHPPPPPHPPPPPPPHPPPP
419,PHPPPPPPPPPPPPPPHPHPPPPPH
420,PPPPPPPPPPPPPPPHHPPHHPPHP
421,PHPPPPPPPPPPPPPPHPPPPHPPP
422,PPPPPHPPPHPPPPHHPPPPPPPPP
423,PPHPPPPHPHPPPPPHPPPPPPPPH
424,HPHPPHPPPPPPPPPPPHPPPPPPP
425,PPHHPPPPPPPPPPPPPHPPPPHPP
426,PPPPPPPPHPPPPPPPHPPPHPPHP
427,PPPPPPPPPHHPPPPPPPPHPPPHP
428,PPHPHPHPPPPPPPPPPPPPPPHHP
429,PHPPHPHPHPPPPPPPPHPPPPPPP
430,PPPPPHPPPPPPPPPPHPPPHPHPP
431,PPPPHHPPHPHPPPPHPPPPPPPPP
432,HPPPPPPPPPPHPHPPPPPPPPPHP
433,PPPHPPPPHPPPPPPHPPPPHPPPP
434,HPPPHPPPPPPPPPPPHPHPPPPPH
435,PPHPPPPPPPPPHPHPHPPPHPPPP
436,PHPPPHPPHPPPPPPPPPPPHHPPP
437,PPPPPPHPPPPPPPPHPPHPHPHPP
438,HPHPPPPPPPPPPPPPPPPHPPHPP
439,PPHPHPPPPPPPPPPPPPPPPHPPP
440,PPPPPPPPHHHPPPPPPPPPPPPPP
441,PPPPPPPPPPHHPPHPPPPHPPPPH
442,PPPPPPPHPPPHHPPPPPPPPPPPH
443,PHHPPPPHPPHPPPPPPPPPPPPPP
444,PPPPPPPHHPHPPPPHHPPPPPPPP
445,PPPPPPPPPHPHPHPPPPPPHPPPP
446,PPPPPPPPHHPPHPPPPPPPPPHPP
447,HPPPPHPPPPPPPPHPPHPPPPPPP
448,PPPPPPPHPHPPPPHPHPPPPPPHP
449,PPHPPPPPPHPHHPPPPPPPPPPPP
450,PPPPPPPPPPPPPPPPPHHPHPPPH
451,PPPHPPPPPPPPHHPPPPPHPPPPP
452,PPHPPPPPPPPPHPPPHPPPPPHHP
453,PPPHPPHPPPPPPPPPPHPPPPPHP
454,PHPPPPPPPHHHPPPPPPPHPPPPP
455,PPPPPHPPPPHPPPPPPPHPPPPPP
456,PPPPPHHPPPPPPPPPPPHHPPHPP
457,PHPPPPHPHPPPPPHPPPPPPPPPP
458,PPPPPPPPPHPPPPHPHPPPPPPPP
459,PPPPHPHPPPPPPPPPPPHPPPPPH
460,PPPPPPPHPPHPPPPPHPPPPPHPP
461,PPPPPHPHPPHPPPHPPPHPPPPPP
462,HPPPPPPPPPPPHPPPPPHPPHPHP
463,PPHPPPPPPPPPPPHPPPPPPPHPH
464,HPPPHPPPPPPPHPPPPPPPPPHPP
465,PPHHPPPPPPPPPPPPPPPPPPHPH
466,PPHPPPPHPPPPPPPPPPPHPPHPP
467,PPHPPPPPPPHPPPPPPHHPHPPPP
468,PPPPPPPPHPPPPHPPPPHPPPPPP
469,PPPHPPPHPPPHPPPPPHPPPPPPH
470,PPPPPPPPPPPHPHHPHPPPPPPHP
471,PPPPPPPPPHPPPHHPPPHPPPHPP
472,PPPPPHPPPPPHPPPHPPPPHPPPP
473,PPHHPPPHPPHPPPPPPPPPPPHPP
474,PPPPPPHHPPPPPHPHPPPPPPPPP
475,PPPPPPPPHPPPPPPPHPPPPHPPP
476,HHPPPPPHPPPPPPPPPHPPPPPPP
477,PPPPPPPPHHPPPPPPPPPPPPPPH
478,PPHPPPPPHHPPHPPPPPPPPPPHP
479,HPPPPPHPPPPPHPPPPHPPPPPPP
480,PPPPPHPHPPPPPPPPPPPPPHHPP
481,PPPPPPPPPHPPPHPPPPPPHPHPP
482,PPHPPPPPPPPHPPPPHPPPPPPHH
483,PPHPPHPPPPPPPPPPPPPPHPPPP
484,PPPPPHPPPPHPPPHPPPPPHPPHP
485,PPPHHHHPPPPPPPPPHPPPPPPPP
486,PPPHPHPPPPPPPPPHPPPPPPPHP
487,HHPPPPPPPPPPPPPPHHPPPPPPP
488,PPPPPPPPPPPPHPHPPPPPHPPPP
489,HPPPHPPPHPHPPPPPPPPHPPPPP
490,PPPPPPPPPPPPHPPHHPPPHPPPP
491,PPHPPPPPPPPPPPHPPPPPPHPPP
492,HPHPPPPPPPPPHPPPPHHPPPPPP
493,PHPPPPPPPHPPPPPHPPPPPPPPP
494,PPPPPPPPPPPHPPPPPPPPPHPHP
495,PHPPPPPPPPPPPHPPPPPPHPPPH
496,HPPPPPPPPPPPPPPPPPPHPPHPP
497,PPPPPPHPPPPPPPPPHPPPPHHPP
498,PHPPHPPPHPPPPHPPPPPPHPPPP
499,PPPPHPPPPPPPPPPPHPPPHPPPP
500,PPPPPHHPPHPPPHHPPPPPPPPPP
501,HPPPPPPHPPPPPPPHHPPPPPPPP
502,PPHHPPPPPPPPPPPPPPPHPPPPP
503,PPPPHPPPPPHPPHPPPPPPPPHPP
504,PPPHPPPPPHPPPPPPPPHPPPPPP
505,PPHPPPPPPPPPHHPPPPPPPHPHP
506,PPPPPPPPPPHHHPPPPPPPPPHPP
507,PHHPPPPPPPHPPPPPPHPPPPPPP
508,HPPPPPPHPPPPHHHPPPPPPPPPP
509,PPPPPPHPPPPHPPPHPHPPPPPPP
510,PPHPHPPHPPPPPPPPPPHPPPPPP
511,PPPPPHPPHHPPHPPPPPPPPPPPP
512,PPHPPPPPHPPPHPPPPPPPPHHPP
513,PPHPPPPHPPPPPPPHPPHPPPPHP
514,PPPPPPHPPHPPPPPPHPPHPPPPP
515,PPPPPPPPPPPPHHHPPPPPPHPPP
516,PPPHPHPPPHPPPPPPPPHPPPPPP
517,PPPPPPPPPPPPHPPHPHHPPPPPH
518,PPPPPPPPHPHPPHPPHPPPPPPPP
519,PPPPPHHPPPPPPPHPPPPPPPPHP
520,HHPPPPHPPPPPPPPPPPPPHPPHP
521,PPHHHPPHPPPPPPPPPPPPPPPPP
522,PHPPPPPPPPPHPPPPPPPHHPPHP
523,HPPPHPHPPHPPPPPPPHPPPPPPP
524,PPHPPPPPPPPPHPPPPPPPPPHPP
525,PPPPHPPPPPHPPHPPPPPPPPPHP
526,PHPPPPPPPPPPHPPHPPPPHPPPP
527,PPPPPPHPHPPPPPPHHPPPPPHPP
528,PPPPHPPPPPPPPPHHPPPHPPPPP
529,PPPPPPPPPPPPHPPHPPPHHPPPP
530,HPHPPHPPPPHPPPPPPPHPPPPPP
531,PPPPHPHPPPPPPHPHPPPPPPPPH
532,PPPPHPPPPPHPPPPHPPHHPPPPP
533,PPPPHPPHPPPPPPPPHPPPHPPPP
534,HPPPPHPPPPPPPPPPPPPPHHPHP
535,PPPPPHPPPPHPPPPHPPPPPPHPH
536,PPPPPPPHHPPPPPPHPPPPPPPPP
537,PPPPPPPHPPHPPPPPPHHPPPPPP
538,PPPPPHPPPPHPHPPPPPPPPPPHP
539,PPPPPPPPPPPPPHHHPPPPHPPPP
540,PPPHPPPHPPPPPPHHPHPPPPPPP
541,PHPPPPPPPPPPPPHHPPPPPHPPP
542,PPPPPPPPPPPPPHHHPPPPPHPPP
543,PPPPHPPPPHPPHPPPHPPPPPPPP
544,PPPPPPPPHPPPPPPHPPPPPPPPH
545,PPPPHPHPPPPPPPPPPPPPPPPPH
546,PPPPPPPHPPPPPHPPPPPPPPPPH
547,PPPPPPPPPPPHPPPHPHPPPHPPH
548,PPPPPPPHPHPPPHPPPPPPPHPHP
549,PPPHPPPPPPHPPPPHPPPPPPHHP
550,PPPPHHPPPPPPPHPPPPPPPPPPP
551,PPPPPPPPPPPPPPPHPHHPPHPPP
552,HPPPPPHHPPPPPPPPPPPPHPHPP
553,PHPPPPHPPPPPPHHPPPPPPPPPP
554,PPPPPPPPPHHPHPPPPPPPPPPHP
555,PPHPPPPPHPPPPPPPPPPPPPPHP
556,PPHHPPPPPPHPPPPPPPPPPPPPP
557,PPPHPPPPPPPPHHPPPPPPPPHPP
558,PPPPHPHPPPPPPPHPPPHPPPPHP
559,HPPPPPPPPPHPPPPPPHPPPHPPP
560,PHPPPHPPPPPPHPPPPPHPPPPPP
561,PHPPHPPHPPPPPHPPPPPPPPHPP
562,PPHPPPPHPPPPPPHPHPPPHPPPP
563,HPPPPPPPPPPHPPPPPPPPPPHPP
564,PPPPHPPPHPPPPPPPPHPPHPPPP
565,PPPPHPPPPPPPPPPHPHPPPPPPH
566,PPHHPPPPPPPPPPPPPPPPHPPPH
567,PPPHPPPPPHPPPHPPPPHPPPHPP
568,PPHPPPPPPHPHPPPPPPPPHPPPP
569,PPPPPPPPPPPPHPHPPPHHPPPPP
570,HPPPPPPPPHPHPPPPPPPPPPPPP
571,HPPPPPPPPPPPPPPHPPPHPPPPP
572,HPHPPPPPPPHPPPHPPPPPPPPPP
573,PPPPHPPPPPPPHPPPHPPPPPPHP
574,PPPPPPPPPPHPPPPPHPPHHPPPP
575,PPPHPPPPPHPPPPPPPHHPPPPPH
576,HPHPPPPPPPPPPPPPPPPPHPPPP
577,PPPPHPPPPPPPPPHPPPPPPPPHP
578,PPPHPPPPPPPPPPPPPPHHPPPPH
579,PPPHPPPPPPPPHPPPPPPPHPPPP
580,PPPPPPPPPPPPPPPPHPPPHPPPH
581,PPPPPPHPPPPHPPHPPPPPPPHPH
582,PPPPPHHPPHPHHPPPPPPPPPPPP
583,HPPPPPPPPPHPPPPPPHPHPPPPP
584,PPPPPPPPPPPPPHPPHPHPPPPPH
585,PPPPPPHPPPPPHPPPPPPHPPHPP
586,PPPPHPPPPPHPPHPPHPPPHPPPP
587,HPPPPPPHPHPPPPPPPPHPPPPPP
588,HPPPPHPPPHPPHPPPPPPPPPPPP
589,PPPPPPPPPPPHPPPPPPHHHPPPP
590,HPPPPPPHPPHPPPPPPPPPHPPHP
591,PPPPPHPHPPPHPPPPPPPPPPHPP
592,PPPPPPPHHPPPPPHPHPPPHPPPP
593,PPPPPPPPPHPPHPPPHPPPPHPPP
594,HPPPPPPPPPPPPPPHPPHPHPPPP
595,HPPPPPHHPPPPHPHPPPPPPPPPP
596,PPPHPPPPPHHPPHPPPPPPPPPPP
597,PPHPPHPPPPPPPPPPPPHPPPHPP
598,PPPPPHPPHPPPPPPPHPPPPHPPP
599,PPPHHPPPPPHPPPPPPPPPPPPPH
600,PPPPPHPPPHPPPPPHPPPPHPPPH
601,PPPPPPPPPPPPHPPHPPPHPHPHP
602,HPPPPPPPPPPPHPPPPPPHPPPHP
603,PPHPPPPPPHHPPPPPPHPPPHPPP
604,PHPPPHPHPPPPPPPPHPPPPPPPP
605,HPPPPHPPPPHHPPPPPPPHPPPPP
606,PHPPPPHPPPPPPPHPHPPPPPHPP
607,PPPPPPHPPPPPPHHPHPPPPPPPP
608,PPPPHHPPPPPHPPPPHHPPPPPPP
609,PPPPPPPPPPPPHPHPPPHPPPHPP
610,PPHPPPPPHPPPPPPPPPHPPPPHH
611,PPPPPPHPHPPPPPHPPPHPPPPHP
612,PPPPPPPPPPHPHPPPPPPHPPPPP
613,PPPPPPPHPPPPPPPPPPPHPPHPH
614,PPPHPPHPPPPHPPPPHPPPPPHPP
615,PPPPPPPPPPPPPHHPPHPPHPPPP
616,PHHHPPPPPPPPPPHPPPPPPPPHP
617,PPPPPPPPPPHPPHHHPPPPPPPPP
618,PPPHPPPPPPPPPPPPPPPPPPPHH
619,PPHPPPPPPPPPHPHHPPPPPPPPP
620,PPPHPPPPPHHPPPPPPPPPHPPPH
621,PPPPHPHPPPPPPHHPPPPPPPPPP
622,PPHHPPPPPPHPPPPPPPPPPPHPP
623,PPPHPPPHPPPPPPPHPPPPPHPPP
624,PHHPPPPPPPPPHPPPPPPPPPHPP
625,PPPPPPPPPPPPPPHPPHPPPPHPP
626,PPPPPPPPHPPPHPHPPPPPPPPPP
627,PPHPPPPPPPPPPPPHPHPPPPPPP
628,PPHPHPHPPPPPPHPPPPPHPPPPP
629,PPPHPPPPHPHPPPPPPPPPPPPPP
630,PPPPPHPPPPPPPPPHPPPHPPPPP
631,PHPPPHPPPPPPPHPHPPPPPPPPP
632,PPPHPPPPPPHPPPPHPHPPPPPPH
633,PPPPPPPPPHPPPHPPHPPPPPPPP
634,PPPHPPHPPPPPPPPPPPPHPHPPP
635,PPPPPPPPPHPHPPPPHPHPPPPPP
636,PPPPPHPPPHPPPPPPPPPHPPHPP
637,PPPHPPPPPPHPPPPPPPHHPPPPP
638,PPPPPPPPPPPPPPHHPPHPPPPPP
639,PPPPHPPPPPPPPHPPPHPPPPPPP
640,PPPPPPPPPHPPHPPHPPPPPPHPP
641,PPPPPPPHPPHPPPPPPHPHPPPPP
642,HHPPPPPPPPHPPPPPPPPPHPPPP
643,HPPPPPPPPPPPPPPPHPPHPHPPP
644,PPHPHPPPPPPPPPPPPPPPPHPHH
645,PPPPPPHPPHHPPPPPPPPPHPPHP
646,PPPPPPPPPPPHPPPPPHPPHPPPP
647,PPPPPHPPPPPHHPPPPPPPHHPPP
648,PHHPPPPPPPHPPPPHPPPPPPPPP
649,PPPPPPHPHPHPPPPPPHPPPPPPP
650,PHPPPPHPPPPPPHPHPPPPPPPHP
651,PPPPPHPPPPHPHPHPPPPPPPHPP
652,PPPPHPPPPPHHPPPPPPPPPPPPP
653,HPPPPHPPPPPPPPPPPPPPHPPPP
654,PHHPPPPPPPPPPPPPPPPPPHPPP
655,PPPHPPPPPPPHHHPPHPPPPPPPP
656,PPHPPPPHPPHPPPPPPPPPPPPPH
657,HPPPPPPPPPPPPPPPPPHPHHPPP
658,PPPHPPPPPHPHPPPPPPPPPPHPP
659,PPPPHPPPPPPPHPPHPPPPPPPPP
660,HPPHHPPPPPPPPPPPPPPPPPPPP
661,PPPPPPPHPHPPPPHPPPPPPPPPP
662,PPPPPPPHPHPPPPPPHPPPPPPPP
663,PPPPHHPPPHPPPPPPHPPPPPPPP
664,PPPHPPPPPPPPHPPPPHPPPPPPH
665,PPPPPHPPPPPPPPPPPPHPHPPPP
666,PPPPPPPPPPPHPPHPHPPPPHPPP
667,PHPPPPPPPPPPPPHPPPPHHPPPP
668,PPPHPPPPPHPPPPHPPPPPPPHPP
669,PPHPHPPPPPPPPPPPHPPPHPPPP
670,HHPPPPPHPPPPPPHHPPPPPPPPP
671,PPPPPPPHPPHPHPPPPPPPHPPPP
672,PPPHHPPPPPPPPPPPPHPPPPPPP
673,PPPPPPPPPHPPPPPPHHPPPPPPP
674,PPPPPPPPPPPHPHPPPPHPPPPPH
675,HPPPPPPPPPPHPPPPPPHPPPPPP
676,HPHPPPPPPPPPPPPPHPPHPPPPP
677,HPHHPPHPPPPPPPPPHPPPPPPPP
678,PPPHPHPPPPPPPPPPHHPPPPPPP
679,PHHPHPPHPPPPPPPPPPPPPPPPP
680,PPHPPPPPPHPPPPPPHPPPHPPPP
681,PHPPPHHPPPHPHPPPPPPPPPPPP
682,PPPPPPPHPPPHHPPPPPPPPPPPP
683,PPPPPPHHPPPPPPPPPPPPPHHPH
684,PPPHPHPPHPPHPPPPPHPPPPPPP
685,PHPPPPPPPPHPPPPPPPHPPPPPP
686,PPPPPPPPHPPHHPPPPPPHPPPPP
687,PPPHPHPHPPPHPPPPPPPPPHPPP
688,HHPPPPPPHPPPPPPPPPPPPPPPH
689,PPPPPPPPPPPPPHPPPHHPPPPHP
690,HPPPPPPPPPPPHHPPPPPHPPPPP
691,HPPPPPHPPPPPPPPHHPPPPHPPP
692,PPPPPPPHHPPPPHPPPPPHPPPPP
693,PHPPPPPPPPPPHPPPPHHPPPPPP
694,PPPPPPPPHHHPPPPHPPPPHPPPP
695,HPHPPPPPPPPPPPPPPPPPPPPHP
696,PPPHPPPPPPPPPPPHPHHPHPPPP
697,PPPPPPPPPHPHPPPPPHHPPPPPP
698,PPPPHHPPPPPPPPPPPPPPHPPPP
699,HPPPPPHHPPPPHPPPPPPPPHPPP
700,PPPHPPPPHPPPHPPPPPPPPHHPP
701,PPPPPPPPPPHPPPPPPPPHPHPPP
702,PPPHHPPPPPPHPPPPPHPPHPPPP
703,PPPPPPPPPPPPHPPPHPPHPPPHP
704,PPPHPPPPPPPPPPPPPHHPPPPPP
705,PPHPPPPPPPPPPPPPHPPPPPHPP
706,PPPPPPHPPPPPPPHPHPHPPPPPP
707,PPPPPPPHPHPPPPPPPPPHPHPHP
708,PPPPPPPHPPPPPPPHPPPHPPHPH
709,PHHPPPPPPPPPPPHPPPHPPPPHP
710,PPPPPPPHPPHPPPPPHPPPHPPPP
711,PPPPPPPPPPPPHHPHPPPHPPPPH
712,PPHPPPPPHPPPPPPHPPHPPPPPP
713,PPPPPPHPHHPPPHPPPPPPPPPPP
714,PPPPPPHPPPPPPHPPPHPHHPPPP
715,PHPPPPPPPPPPPPHPPPPHPHPPP
716,PPPHHPPPPPPPPPPPPPPHHPPPP
717,HHPPPPPPPPPPPPPPPPPPPPPHP
718,HPPPHPPPPPPPPPPPPPPPPHPPP
719,PPPPPPPPPPPPPHPHHPPPPPPPP
720,PPPPPPPPPPPPPPHPPPPPPHPPH
721,PPPPPPPHPPPHPPPHPPHPPPPHP
722,HPHPPPPHHPPPPPPPPHPPPPPPP
723,HPPHPPPPPPPPPPPPPHPPPPHPP
724,PPHPPHPPPPPPPPPPHPPPHPPPP
725,PPPHPPPPPPPHPPPPHHPPPPPPP
726,PHPPPPPPPHPPPPPPHPPPHPPHP
727,PPHPPPPPHPHPPPPPPHPPPPHPP
728,PHPPPPPHPPPHPPPPPPPPPPPPP
729,PPPPPHPHPPPPPPPPHPPPHPHPP
730,PPPPHHPPPPPPPPPPHPHPPPPPP
731,PPPHPPPPPPPHPPPPPPPPHHPPH
732,PHPPPPPPPPPHPPPHPPPPPHPPP
733,PPPPHHHPPPPPPHPPPPPPHPPPP
734,PPPHPPPPPPHPPPPPHPPHHPPPP
735,PHPHHPHPPPPPPPPPPPPPPPPPP
736,PPPPPPPPPPHPPPPPHHPPPPPHP
737,PPPPPPPHHPHPPPPPPPPPHPHPP
738,PPPHPPPPPPPPPHPPPPPPPPPHH
739,HPPPPPHHPPPPPPHPPPPPPPPPH
740,HPPPPPPPHPPHHPPPPPPHPPPPP
741,PPHPPHPPHPPPPPPPPPPPPPPPP
742,PPPPPPPHPPPHPHPPPPHPHPPPP
743,PPPPHHPPPPPPPHPPPHPPPPHPP
744,PPPHHHPPPHPPPPPPHPPPPPPPP
745,PPPPPPPPPPHPPPPPHPPPHPPPP
746,PPPPPPPPPPPPHPHHHPPPPHPPP
747,PPPHPPPPPPPPPPHPPPHPHPPPP
748,PPPHHPPPPPHPPHPPPPPPPPPPP
749,PPPPPPPPHPHPPPPPHPHPPHPPP
750,PHPPPPPPHPPPHPPPPPPPPHPPP
751,PPPHPPPPPPPPPPPPHHPHPPHPP
752,PPPPHPPPPPPPHPPPPPPPPPHPP
753,PHPPPPPHPPPPPPPPPHPPPPPPH
754,PPPHHPPPPPPHHPPPPPHPPPPPP
755,PPPPPHPPHPPPPPPPPPPPPHPPP
756,PPPPPPPPPHPPPHPHPPPPPPHHP
757,PPPPPPHPPHPHPPPPHPPPPHPPP
758,PPHPPPPPPPPPHPPHHPPPHPPPP
759,HPPPHPPPPPPPPPPPPPPHPPHPP
760,PPPHPPPHPPPPPPPPPPPPPHHPP
761,PHPPPHPPPPPPHPPPPPPPPHPPP
762,PHHHPPPPPPPPPPPPPPPPHPPPP
763,PPPPPPPHPPPPPPHHPPPHPPPPH
764,PPPPPPPPHPHPPPPPPPHPPHPPP
765,PPPPPHPPPPPPPPPPHPPPHPPHH
766,HHPPPPPPPPPHPPHPPPPPPPPPH
767,PPPPPPPHPPPHPPPPPPPPPPPHP
768,PPHPPPPPPPPPPHHHPPPPPPPPP
769,HPPHPPPPHPPHPPPPPPPPPPPPP
770,HPPPPHPPPPPPPPHPPPHPPPPPP
771,PPPPPHPPHHPPPPPPPPPPPPPPP
772,HPPPPHPPPPPPPPPPPPPPPPPHP
773,PPPPPHPHPPPPPPPPPPPPHPHHP
774,PHHPPPHPPPPPPPPHPPPPPHPPP
775,PPPPPPPPPPPHPPPPPHPPPHPPP
776,PHPPPPPPPPPPHHPPPPPPPPPPP
777,HPPPPPPPPPPPPHPPHPPPPPPPP
778,HPPPPPPPPHPPHHPPPPPPHPPPP
779,PPPPPPPPPHPPPPPPHPPHHPPPP
780,PPPPHHHPPPPPPPPPPPPPPHHPP
781,PPPPPPPPPPHHPPPPPPPHPPHPP
782,PPPHPPHPPPPHPHPPPPPPHPPPP
783,PPPHHPPPPPPPPPPPPPPPPPPPH
784,PPHPPPHPPPPPHPHPPPPPPPPHP
785,PPPPPPHPPHHPPPPPPPPPPHPPP
786,PHPHPPPPPPPPPPPPHPPPPPHPH
787,HHHHPPPPHPPPPPPPPPPPPPPPP
788,PPPHPPPHPPPPPPPPPPPPHPPPP
789,PPPHPPPPPPPPPPHPPPPHPPPPH
790,PPPPPPPPPPPHPPPPPPHPPPHPP
791,HHPPPPPPPPHPPPPPPPPHPPHPP
792,PPPHHPPPHPPPPPPHPPPPPPPPP
793,HHPPPPPHPPPPPPPPPHPHPPPPP
794,PPPHPPHPPPPPHPPPPPPPPHPPP
795,PPHPHPPPPPPHPPHPPPPPPPHPP
796,PPPPPPPPPHPPHPHPPPPPPPHHP
797,HPPPPPHPPPPPHPPPPPHPPPHPP
798,HPPPPHHPPPPPPPPPPPPPPPPPP
799,PHPPPHPPPPPPPHPPPPPPPPHPP
800,HPPPPPPPPPPHHPPPPPHPPPHPP
801,PPPPPPPPHHPHPPPHPPPPPPPPP
802,PPPPPPHPPPPPPPHPHPPPPPPPH
803,PPPPPHPPPHPHPPHPPPPHPPPPP
804,HPPPPPHPPPPPPPHPPPPPPPPHP
805,HPPPPPPPPPPPPHPPPPPPPPPHP
806,PPPHPPPPPPHPPHPPHPPHPPPPP
807,PPPPPHHPPPPPPPPHPPPHPPHPP
808,PHPPPPHPPPPPPPPPPPPPPHPPP
809,PHPHPPPPPPPPPPPPPPHPPPPPP
810,PPPPPPPPPPPPHPPPPPHHPPPPP
811,HHPPPPPPPPPPPPHPPPPPPPHHP
812,PPPPPPPPPPPPHPPHPPPHPHPPP
813,PPPHHPPPHPPPPPPPPPPPPPPPP
814,HPPPPPPPPPPHPPPPPPPPHHPPH
815,HPPHHPHPPPPPPPPPPPPPPPPPH
816,PPPHPPPHPPPPPPPPHPPPPHPPH
817,PPPPHPPPHPPHPPPPPPPPPPPPP
818,PPPPPPPPPHPHPHPPPPPHPHPPP
819,PPPPPHPPPHPPPPPPPHHPPPHPP
820,HHPPPHHPPPPPPPPPPPPPPHPPP
821,PHPPPPPPPHPPPPPHPPPPPPPPH
822,PPPPHPPHHPPPPPPPPPPPPHPPP
823,HPPPPPPHPPPPPPPPPPHPPHHPP
824,HPPHPPPPPPHPPPPPPPHPPPPPH
825,HPPPPPHHPPPPPPPHPPPPPPHPP
826,PPPPPPPHHPPHPHPPPPPPPPPPH
827,PPPPPPPPPPPHHPPHPPPPPPPPP
828,PPPPPPPHPPHPPHPPPPPPPPPPP
829,PPPHPPPPPHPPPHPPPPPPPHPHP
830,PPPHPPPPPHPPPPPHPPPPPHPPH
831,HPHHPPPHPPPPPPPPPPPPPPPPP
832,PPPPPPHPPPPPPHPPHPPPPPPPP
833,PPPHHPPPPHPPPHPPPPPPPHPPP
834,PPPPPPHHPPHPHPPHPPPPPPPPP
835,PPPPPHPPPPPHHPPPPHHPPPPPP
836,PPPHPHPPPPPHPPHPPPPPHPPPP
837,PPHPPPHPPPPPPPPPPPHPPPPPP
838,PPPPPPHHPPHPPPPHPPPPPPPPH
839,PPPPPPPPPPHPHHPHPPPPPPPPP
840,PPPPHPPPHHPPHPHPPPPPPPPPP
841,PPPPHPPHPPHPPPPPPPPPHPPPP
842,PPHPPPPPPPPPPPPPPHPHPPPPP
843,PPPPPPPPPPHPPPPPPPPPPPPHH
844,PPPPPHPPPPHPPPPPHPHPPPPHP
845,HHPPPHPPPPPHPPPPPPPPPHPPP
846,PPPPPPPPPPPPPHPPPHPHPHPPP
847,PHPPPPPPPPPHPPPPPPPPPHPPP
848,PPPHPPPPPPPHPHPPPPPPPPPPP
849,PPPPHHPPHPPPHPPPPPHPPPPPP
850,PPHHPPPPPPPHPPPPPPHPPPHPP
851,PPHPPPPPPPPPPPHPPPPPPPPHP
852,PPPPHPPHPHPPPPPPHPPPPPPPP
853,PPPPPHPPHHPPPPPPPPPPPHHPP
854,PPPHPHPPPPPPHPPPPHPPPPPPP
855,PPPPPPHPPPPPHPHPPPPPPPHHP
856,PPPHPHPPPPPPHPPPHPPPPPPHP
857,PPPPPHPPPPPPHHPPHPPPPPPPP
858,PPPPPHHPPPPPPPPPPHPPPPPPP
859,PPPPPPPHPHPPPPHHPPHPPPPPP
860,PHPPHPHPPPPPPPPPPPPPPPPPP
861,PPHPPPPPHPPPPPPPPPHPPPPPP
862,HPPPPPPPPPPPHPPHPPPHPPPHP
863,PPPPPPPHPPHHPPPPHPPPPHPPP
864,PPPPPPPPHPHHPPPPHPPPPPPPH
865,PPPPPPPPPPPPPHPPPPPHHPPPP
866,PPPPPPPHPHPPHPPPPPPPPPHPP
867,PPPPHPPPPPHPPPPHPPPPPPPPP
868,PPHHPPPPPPPPPPPPPPPPPPPHH
869,PPPPPPPPHHPHHPPPPPPPPHPPP
870,HPPHPPPPHPPPPPPHPPPPPHPPP
871,PPPPPPPPPPPPPHHHPPPPPPPPH
872,PHPPPHPPHPPPPPPPHPPPPPHPP
873,PPHPHPPPPPPPHPPPPPPPPPPHP
874,HPPPPPPHPPPPPPHPHPPPHPPPP
875,PPHPPPPPPPPHHPPPPPPHPPPHP
876,PPPPPPPHPPPPPPPPPHHPPPPHP
877,PPPPPPPPPPPPPPPPPPHPPHPPH
878,PPPPHPPPPHPPPPPPPPPPPHPHP
879,PPPPHHPHPPPPHPPPPHPPPPPPP
880,HPPPPHPPPPHPPPPPPHPPPPPPP
881,PPHPHPPPPPPPHPPPPHPHPPPPP
882,PPPHPPPPHPPPPPPPPPPPHPPPP
883,PPPPPPPPPPPHPPPPPHPPHHPPP
884,PHHPPPPPPPHHPPPPPPPPHPPPP
885,PPPHPHHPPPPPPPHHPPPPPPPPP
886,PPPPPPPPPPPPPHPPPHPPHPPPP
887,PHPPPHPPPPPPPPHPHPPPPPPPP
888,HPPPPPPPPPPHPPPPPPPPPPPPH
889,PPPPPHPPHPPPPPPPPPPHPHHPP
890,PPPPPPPHPPPPPPPPHPPPPPPPH
891,PPPPPPPPPPPPPPPPPPHPPPHPH
892,HPPPPHPPPPHPPPHPPPPHPPPPP
893,HPPPHPPPHPPPPPPPPPPPPPPPP
894,PPPPPPPPHPPPHPHPPPPHPPHPP
895,PPPPHPPPPHPPPPPPHPPPPPHPP
896,PHPPHPPPPPPHHPPPHPPPPPPPP
897,PPPHPPPPPPPPPPHPPPPPHHPPP
898,PPPHPPPPHPHPPPHPPPPPPPPHP
899,HHPPPHPPPPPPPPPPHPPPPPPHP
900,PHPPPPPHPPHHPPPPPPPPPPPPP
901,PPPPPPPHHPPPPPPPPPHPHPPPP
902,PHPPPHPPPPPPPPPHPHPPPPPPP
903,PHPPPPPPHPPHPPPPPPPPPPPPH
904,PPPHHPPHPPPHPPPPPHPPPPPPP
905,PHPPPPPHPPPPPPPHPPPHPPPPP
906,HPPPPHPPPPPHPPPHPPPPHPPPP
907,HPPPPPHPPPPPPPHPPHPPPHPPP
908,PPHPPHPHPPPPPPPPPHPPPPPPP
909,PPPPPPPPPPPPPHPPPPPHHHPPH
910,PPPHPHPPPHPPPPPHPPPPPPPPP
911,PPHPPPHPPPPPPPPPHPPPPPHPP
912,PHPPPHPPPHPPPPPPPPPPPPPPP
913,HPHPPHPPPPPPPPPPPPPPPPPPH
914,PPPPPPHPPPPPPPHPPHPPPPPPP
915,PHPPPPPPPHPPHPPPPHHPPPPPP
916,PPHPPHHPPPPPHPPPPPPPPPPPP
917,HPHPPPPPPPPPPPHPHPPPPPHPP
918,PPPPPPPPPPHPPPPPPPPPPPHPH
919,PPHPPHPPPPPPPPPHHPPPPPHPP
920,PPHPPPPHPPPPPPPPPPPPPPHPH
921,HHPPPPPPPPPPPPPPHPPPPPPHP
922,PPPPPPPPPHPHPPPPPPHPHPPPP
923,HPPPHHPPPPPPPPPHHPPPPPPPP
924,PPPPPPPHPPPPPPPPPHHHPHPPP
925,PPHPHPHHPPHPPPPPPPPPPPPPP
926,PPHHHPHPPPPPPPPPPPPPPPPPP
927,HPHPPPPPPPPPPPPPHPPPPPPPP
928,PHPPPPPPPPHPPPPPPPHHPPPPP
929,PPHPHPHPPPPPPPPPPHPPPPHPP
930,HPPPPPPPHPPPPPPPPPPPPHPPP
931,PPHPPPPPPPPHPPPPPHHPHPPPP
932,PPPPPPPPHPPHPPPPPHPPPPHPP
933,PPPPPHPPHPHPPPPHPPPPPPHPP
934,PPPPPPPHPPHPPPPPPPHHPPPPP
935,PPPHPPPPPPPPPPPHPPPPPPHPH
936,PPHPPPHPPPPPPHPPPHPHPPPPP
937,HPPPPPPPHPPPPPHPPPPPHPPPH
938,PPPPPPPPPPPHPPPPPPHPHPPPP
939,PPPHPPPHHPHPPPPPPHPPPPPPP
940,PPPHPHPPPPPPPPPPPHPPHPPHP
941,HHHPPPPPPHPPPPHPPPPPPPPPP
942,PPPHPPPPPPPPHPPPHHPHPPPPP
943,PHPPHPPPHPPPPPPPPHPPPPPPP
944,PPPPHPPPPPPPPHPHPPHPPPPPP
945,PPPPPPHHPPPPPPPPPHPPPPPPH
946,HPPPPHHPPPPPPPPPHPPPPPPPP
947,PHPPPPPPPHPPPPPHHPPPPPPHP
948,PPPPPPPPPPHPPHPPPPHPHPPPP
949,PPPPHHPPPPPPPPPPPPHPPHHPP
950,PHPPPPPPPPPPHPPPPHPPPPPPP
951,PPPPPPPPPHPPHPPPPHHPPHPPP
952,PPPPHPHHPPHPPPHPPPPPPPPPP
953,PPPPPPPPPHPPPPPPPPPPPHHPP
954,PPHPPPPPPPPPHPPPPPPPPHPPH
955,PPHPHPPHPPPPPPPPHPPPHPPPP
956,PPPPPPPPPPPHHPPHPPPPPHPPP
957,HPPPPPPPPPPPHHPPPPPPPPPPP
958,PPPPPPPPHPHPHPPPPPPPPPPPP
959,PPPPPPPPHPHPPPPPHPPPPPPHP
960,PPPPPPPPPPPPHPHPHPPPHPHPP
961,PPPHPPPPPHPPPPPPPPPHPPPPH
962,PPPPPPPPPHHPPPPPPPHPPPPPP
963,HPPPPPPPPPPPPPPPPPPPPHHHP
964,PHPPPPPPPPPPPPPHPHPPPPPPH
965,PPPHPPPPPHPPHPPPPPHHPPPPP
966,PPPHHPPHPPHPPPPPPPPPPPHPP
967,PPPPPPPPPPPHHPHPPPPPPPPPP
968,PHPPPPPPHPPPPPPPPPHPPHPPP
969,PPPPPPHHPPPPPPPPPPPPHPPPP
970,PPPPPPPPPPPPPPPHPPPHPPHHH
971,PPHPPPPPPPPHPPPPHPPPPPPPP
972,PPPPPPHPPHPPPPPPPPPHPPPPP
973,PPPHPHPPHPPPPPPPPPPPPPHPP
974,PHPPPPPPPPHPPHPPPPHPPPPHP
975,HHPPHPPPPPPPPPPHPHPPPPPPP
976,PPPPPPPPPPPHPPPPPPPPHHPPH
977,PPPPPPPHPHPPPPPPPHPHPPPHP
978,PHHPHPPHPPPPPPPPPPPHPPPPP
979,PPPPPPPPPPPPPPPPPPHHPHPPP
980,PPPPPPPPPPPPPPPHPPHPPPPHH
981,PPPPPPPPPPPPPPPPPPHHPHPPH
982,HPHPPPPPHPPPHPPPPPPPPPPPH
983,PPPPPPPHPHPPPPPPPPPPHPPPH
984,PHPPPHHPPPPPHPPPPPHPPPPPP
985,PPPHPPPPPPPPPHPPPPPPPPPHP
986,PPPPPPPHPHPPPPPPHPPPPPHPP
987,PHPPPHPPPPPPPPPHHPPPPPPPP
988,PPPPPPHHPPPPPPPHPPHPPPPPP
989,PHPPHHPPPPPPPPPPPPPHPHPPP
990,PPPPHPPPPPPPPPHPPPHPPHPPP
991,HPPPPPPPPPPPPPPHPPPPHPPPP
992,PPPPHPPPHPPPPPPPHHPHPPPPP
993,PHPPPPPPPPPPPPHPHPPPPPHPP
994,PPHPPPPPPPPPPPPPHHHPPHPPP
995,PHPPPPPPPPPPPPHPPPPPPPPPH
996,PPPPPPPPHHPPPPPPPPPPHPPPP
997,PPPHPPPPPPPPPPPPHPPPPHHPP
998,PPPPPHPPPHPPPPHPPPPPPPPPH
999,HPPPPPPPPHPPPHPPHPPPPPPPH
1000,PPPPPHPPPHPPPHPPPPPPPPPHH
1001,PPPPPPPPPPPPPHPPHPPPPPHPP
1002,PPPHHPHPPPPPPPPPPPPPHPHPP
1003,PPPPPPHPPPPPPPPHPPPPPPPHP
1004,PPPHHPPPPHPPPPPPPHPPPPPPP
1005,PHPPPPPPPPPHPHPHPPPPPPPPP
1006,PPPPHHPPPHPPPPPPPPPPPPHPP
1007,PPHPPPPPHPPPPPHPPPPPPPPPP
1008,PPPPPHHPPPPPPPPHPPPPHPPPH
1009,PHHHHPPPPPHPPPPPPPPPPPPPP
1010,PPPHPPPPHPPPPPPPPHPPPPHPP
1011,PPPPPHPPPPHPPHHPPPPPPPPPP
1012,PHPPPPPPHPPHPPPHPPHPPPPPP
1013,PPPHPPPPHPPPPPHPPPPHPPHPP
1014,PPPPPPPPPPPPPPHPPHHPPPHPH
1015,PPPHPPPHPPHPPHHPPPPPPPPPP
1016,PPPHHPHPPPPPPPPPPPPPPPHPP
