id,sequence
0,HHHHPHHPHHHHHHHHHHHHHHHHH
1,HHPHHHHHHHHPHHHHHHHHHHHHH
2,HHHPHHHHHHPHHHHHHHHHHHHHH
3,HHHHPHHHHHHHHHPHHHHHHHHHH
4,HHHHHHHHHHHHHPHHHHHHPHHHH
5,HHHHHHHHHHHHHHPHHHPHHHHHH
6,HHHHHHHHHHHHHHHHHPHHHHHPH
7,HHHHHHHHPHHPHHHHHHHHHHHHH
8,HHHHHHHHPHHHHHHHHHHHHHHHP
9,HPHHHHHHHHHHHHHPHHHHHHHHH
10,HHHHHHHHHHHHHHHPHHHHPHHHH
11,HPPHHHHHHHHHHHHHHHHHHHHHH
12,HHHPHHHHHHHHHHHHHPHHHHHHH
13,HPHPHHHHHHHHHHHHHHHHHHHHH
14,HPHHHHHHHHHHHHHHHHHPHHHHH
15,HHHHHHPHHHHHHHPHHHHHHHHHH
16,HHHHHHPHHHHHHHHHHHHHHHPHH
17,HHHHHHHHHHHPHHHHHHHPHHHHH
18,HHHHHHHHHPHHHHHHHHHHHHHHP
19,HHHHHPHHHHHHHHPHHHHHHHHHH
20,HHHPHHPHHHHHHHHHHHHHHHHHH
21,HHHHHHHPHHHPHHHHHHHHHHHHH
22,HHHHHHHHHHHHHHHHPHHHHHHHP
23,HHHHHHHHHPHHHHHHPHHHHHHHH
24,HHHHHHHHPHHHHHHHHHHHHHPHH
25,HHHHHHHHHHPHHHHHHHHHHHHHH
26,HHHHHHHHHPHHHHHPHHHHHHHHH
27,PHHPHHHHHHHHHHHHHHHHHHHHH
28,HHPHHHHHHHHHHHHHPHHHHHHHH
29,HHHHHHHHHHHHPHHHHPHHHHHHH
30,HHHHHHHHHHPHHHHHHHHHHHPHH
31,HHHHHHHPHHHHHHPHHHHHHHHHH
32,HHHHHHHHHHHPHHHHHHHHHHHHP
33,HHPHHHHHHHHHHHHHHHHPHHHHH
34,HHHHHHHHHHHHHHHHPHPHHHHHH
35,HHHHHHHHHHHHHPHHHHHHHHPHH
36,HHHHHHHHHHHPHPHHHHHHHHHHH
37,HHHHHHHHHHHHHPHHHHHHHHHHH
38,HHHHHHHPHHHHHHHHHHHHHHHPH
39,PHHHHHHHHHHHHHHHHHHPHHHHH
40,PHHHHHHHHHHHHHHHHHPHHHHHH
41,HHHPHHHHHPHHHHHHHHHHHHHHH
42,HHHHPHHHHHHHHHHHPHHHHHHHH
43,HPHHHHHHHHHHHHHHHHHHHHHPH
44,HHHHHHHHHHHHHHHHHPHHPHHHH
45,HHHHHHHHHHHHHHHHHPPHHHHHH
46,PHHHHPHHHHHHHHHHHHHHHHHHH
47,HHHHHHHHPHHHHHPHHHHHHHHHH
48,HHHHHHHHHHHHHHHHHHHHPPHHH
49,HHHHHHHHHHHHHHPHHHHPHHHHH
50,HHHHHPHHHHHHHHHHHHHHHPHHH
51,HHHHHHHHHHHHHHPHHPHHHHHHH
52,HHHHHHHHPPHHHHHHHHHHHHHHH
53,HHHHHHHHHHHHHPHHPHHHHHHHH
54,HHPHHPHHHHHHHHHHHHHHHHHHH
55,HHHHHHHHHHHHHHHHHHHPHPHHH
56,HHHHPHHHHHHHHHHHHPHHHHHHH
57,HHHHHHHHHHHHHHHHHHHHHHHHP
58,HHHHHHHHHHHHHPHHHHHHHPHHH
59,HHHHHHHHHPHHHHHHHHHPHHHHH
60,PHHHHHHHHHHHHHHHHPHHHHHHH
61,HHHHHHHHPHHHHHHHHHHHPHHHH
62,HHHHHHHHHHPPHHHHHHHHHHHHH
63,HHHPHHHHHHHHHHHHPHHHHHHHH
64,HHHHHHPHHHHHHPHHHHHHHHHHH
65,HHHHHHHHPHPHHHHHHHHHHHHHH
66,HPHHHHHHPHHHHHHHHHHHHHHHH
67,HHHHHHHHHHHHHHHHHHPHHHHHP
68,HHHHHHHHHHHHHHHHHHHHPHPHH
69,HHHHHHHHPHHHHHHHHHHHHHHHH
70,HHHHHHPHHHHHHHHPHHHHHHHHH
71,HHHHHHHHPHHHHHHHHHHHHPHHH
72,HHHHHHPHHHHHHHHHHHPHHHHHH
73,HHHPHHHHHHHHHHHHHHHHPHHHH
74,HHHHHHHHHHHPHHHHHHPHHHHHH
75,PHHHHHHHHHHHHHPHHHHHHHHHH
76,PHHHHHHHHHHPHHHHHHHHHHHHH
77,HHHHHHHHHHHHHPHHHHHPHHHHH
78,HHHHHHPHHHHHHHHHHHHHHHHHP
79,HHHHHHHHHHHHHPHHHPHHHHHHH
80,HHHHHHHHHHHHPHHHHHPHHHHHH
81,PHHHPHHHHHHHHHHHHHHHHHHHH
82,HHPHHHHHHHHHHHHHHHHHHPHHH
83,HHHHPPHHHHHHHHHHHHHHHHHHH
84,HPHHHHPHHHHHHHHHHHHHHHHHH
85,HHHHHHHHHHPHHHHHHHHHHPHHH
86,HHHPHHHHHHHHHPHHHHHHHHHHH
87,HHHHHHHHPHHHPHHHHHHHHHHHH
88,HHHHHHHHHHPHHHHPHHHHHHHHH
89,HHHHHHHHHHHHHHHPHHHHHPHHH
90,HHHHHHPHHHHHHHHHHHHHPHHHH
91,HHHHHHHHPHHHHPHHHHHHHHHHH
92,HHHHHHHHHHHPPHHHHHHHHHHHH
93,HHHHHHHHHHPHPHHHHHHHHHHHH
94,PHHHHHHHHHPHHHHHHHHHHHHHH
95,HHHHHHHHPHHHHHHHHHPHHHHHH
96,HHHHHHHHHHHPHHHHPHHHHHHHH
97,HPHHHHHHHPHHHHHHHHHHHHHHH
98,HHHHHPHHHHHHHHHHHHPHHHHHH
99,HHHHHHPHHHHHHHHHHHHHHHHHH
100,HHHHHHPPHHHHHHHHHHHHHHHHH
101,HHHHHHHHHHHHPHPHHHHHHHHHH
102,HHHHHHHHHHHHHPHPHHHHHHHHH
103,HHHHHHHHHHHHHHHHPPHHHHHHH
104,HHHHHHHHHHHPHHHHHHHHHPHHH
105,HHHHHHHHHHHHHHHHHPHPHHHHH
106,HHHHPHHHHHHHHHHHHHHHHHPHH
107,HHHHHHHHHHHHHHHHHHHHHHHPP
108,HHHHHHHHHHPHHHHHHHPHHHHHH
109,HPHHHHHPHHHHHHHHHHHHHHHHH
110,HHHPHHHHHHHHHHHHHHHPHHHHH
111,HHPHHHHHHHHHHHHPHHHHHHHHH
112,HHHHHHPHHHHHHHHHHPHHHHHHH
113,HHHPHHHHHHHHHHHHHHHHHHPHH
114,HHHHHHHHHHHPHHHHHHHHHHPHH
115,HHHHHHHHHHHHHHHHHHPHHHPHH
116,HHHPHHHHHHHHHHHHHHHHHHHHP
117,HHPHHHPHHHHHHHHHHHHHHHHHH
118,HHHHPHHHHHHHHHHHHHHPHHHHH
119,HHHHHHHHHHHHHHHHHHPHPHHHH
120,HHHHPHHHHHHHHHHHHHHHHHHPH
121,HPHHHHHHHHHHHHHHHHHHHHHHP
122,HHHHPHHHHHHHPHHHHHHHHHHHH
123,HPHHHHHHHHHHHHHHHPHHHHHHH
124,HHHHHHHHHHHHPHHHHHHHHHHHP
125,HHHHHHHHHHHHHHHHHHPHHHHPH
126,HHHHHHHHHPHHHPHHHHHHHHHHH
127,HHHHHHHHHHPHHHHHHHHHPHHHH
128,HHHHHHHHHHHHHHPHHHHHHHPHH
129,HHHHHHHHHHHHHPHHHHPHHHHHH
130,HHHHHHPHHHHHPHHHHHHHHHHHH
131,HHHHHHPHHHHHHHHHHHHHHPHHH
132,HHHHHPHHHHHHHHHHPHHHHHHHH
133,HHHHHHPHHHHHHHHHHHHPHHHHH
134,HHHHHHHHHHHHHHHPHHHHHHHHH
135,HHHHHHHPHHHHHHHHHHPHHHHHH
136,HHHHHHHHHHPHHHHHHHHHHHHPH
137,PHHHHHHHHPHHHHHHHHHHHHHHH
138,HHHHHHHPHHHHHHHHHHHPHHHHH
139,PHHHHHHHHHHHHHHHHHHHHHHPH
140,HHHHHHHHHHHHHHHHHHPPHHHHH
141,HHHPHHHHHHHHHHPHHHHHHHHHH
142,HPHHHHHHHHHHHHHHHHHHHHHHH
143,HHHHHHHHHHHHHHPHHHHHHPHHH
144,HHHHHHHHHHHHHHHHHHHHPHHPH
145,HHHHHHHHHHHHHHHHHPHHHPHHH
146,HHHHHPHHHHHHHHHHHHHPHHHHH
147,HPHHHHHHHHHHPHHHHHHHHHHHH
148,HHHHHHHPHHHHHHHHHHHHHHHHP
149,HHHHHHHPHHHHHPHHHHHHHHHHH
150,HHHHHPHHHHHHHHHHHHHHHHHHP
151,HHPHHHHHHHHHHHHHHHHHHHHHH
152,HHHHHHHHHHHHHHHHHHHHHHPHP
153,HHHHHPHHHHHHHHHHHHHHHHHHH
154,HHHHHHHHPHHHHHHHHHHPHHHHH
155,HHHPHHHHHHHHHHHHHHPHHHHHH
156,HHHHHHPHPHHHHHHHHHHHHHHHH
157,HHHHHHHHHHHHHHHHHHPHHPHHH
158,HPHHHHHHHHHHHHHHHHHHHPHHH
159,PHHHHHHHHHHHHHHHHHHHHPHHH
160,HHHHPHHHHHHHHHHHHHPHHHHHH
161,HHHHHHHHHHHHHHPHHHHHHHHHH
162,HHHHHHPHHHHHHHHHPHHHHHHHH
163,HHHHHHHHHHHHPHHHHHHHPHHHH
164,HPHHHHHHHHHHHHHHHHPHHHHHH
165,HPHHHHHHHHHHHHPHHHHHHHHHH
166,PHHHHHHHHHHHHPHHHHHHHHHHH
167,HHHHPHPHHHHHHHHHHHHHHHHHH
168,HHHHHHHHHHHHHHHHHHHPHHHHP
169,HHHHPHHHHHHPHHHHHHHHHHHHH
170,HHHHHHHHHHHHHHHHHPHHHHHHP
171,HHHHHPHHPHHHHHHHHHHHHHHHH
172,HHHPHHHHHHHPHHHHHHHHHHHHH
173,HHHHHHHHHPHHHHHHHHHHPHHHH
174,HHHHHHHHHHHPHHHPHHHHHHHHH
175,PHHHHHPHHHHHHHHHHHHHHHHHH
176,HHHHHHPHHHHHHHHHHHHHHHHPH
177,HPHHHHHHHHHHHPHHHHHHHHHHH
178,HHHHHPPHHHHHHHHHHHHHHHHHH
179,HHHHHHHHHHHHHHHHHPHHHHHHH
180,HHHHHHHHHHHHHPPHHHHHHHHHH
181,HHHHPHHHHHHHHHHHHHHHHHHHH
182,HHHHHHHHHHHHHHHHPHHHPHHHH
183,HHHHHHHHHPHHHHHHHHHHHPHHH
184,HHHHHHHHHHHHHHPHHHHHHHHPH
185,HHHHHHHHHPHHPHHHHHHHHHHHH
186,HHHHHHHHHHHHPHHHHHHHHHHHH
187,HHHHHHHHHHHHHHHHPHHHHHHHH
188,HHHHHHHPHHHHPHHHHHHHHHHHH
189,HHHHHHHHHHHHHHHPHHHHHHHPH
190,HHHHHHPHHPHHHHHHHHHHHHHHH
191,HHPHHHHHHPHHHHHHHHHHHHHHH
192,HHHHHHHHHHHHHHPHPHHHHHHHH
193,HHPHHHHHHHHHHHPHHHHHHHHHH
194,HHHHHHHHHHHPHHPHHHHHHHHHH
195,HHHHHPHHHHPHHHHHHHHHHHHHH
196,HHHHPHHHPHHHHHHHHHHHHHHHH
197,HHHHHHHHHHHHPHHHHHHHHHPHH
198,HHHHHPHHHHHHPHHHHHHHHHHHH
199,HHHHPHHHHPHHHHHHHHHHHHHHH
200,HHHHHHPHHHHPHHHHHHHHHHHHH
201,HHHHPHHHHHHHHHHHHHHHHPHHH
202,HHPHHHHHHHPHHHHHHHHHHHHHH
203,HHHHHHHHHPPHHHHHHHHHHHHHH
204,PHHHHHHHHHHHHHHHPHHHHHHHH
205,HHPHHHHHHHHHHHHHHPHHHHHHH
206,HHHHHHHHHHHHPHHHHHHHHHHPH
207,HHHHHHHHHHHHHHPHHHHHPHHHH
208,HHPHHHHHPHHHHHHHHHHHHHHHH
209,HHHHHHHHHHHHHHHHHHHHHPHHP
210,HHHHHHHHHHHHHHHHHHHHHHHPH
211,HHPHHHHHHHHHHHHHHHHHHHHHP
212,HHHPHPHHHHHHHHHHHHHHHHHHH
213,HHHHHHHHHHPHHHHHHHHPHHHHH
214,HHHHHHHHHHHHHHHHHPHHHHPHH
215,HHPPHHHHHHHHHHHHHHHHHHHHH
216,HHPHHHHHHHHHHHHHHHHHHHPHH
217,HHHHHHHHPHHHHHHHPHHHHHHHH
218,HHHHHHHPHHHHHHHHHPHHHHHHH
219,PHHHHHHHHHHHHHHHHHHHHHPHH
220,PHHHHHHHHHHHHHHHHHHHHHHHP
221,HHHHHHHPHHHHHHHHHHHHHHHHH
222,HHHHHHHHHHHHHHHPPHHHHHHHH
223,HHHHHHHHHHHHHHPHHHHHHHHHP
224,HHHHHHHHHPHHHHHHHPHHHHHHH
225,HHHHHPHHHPHHHHHHHHHHHHHHH
226,HPHHHHHHHHHHHHHHHHHHPHHHH
227,HHHHHHHHHHPHHHPHHHHHHHHHH
228,HHHHHHHHHHHPHHHHHHHHHHHPH
229,HHHHHHHHHHHHHHHHHHHHHHPPH
230,HHHHHHHHHHHHHHHPHHPHHHHHH
231,HHHHHPHHHHHHHHHPHHHHHHHHH
232,HHHHHHHHPHHHHHHHHHHHHHHPH
233,HHHHHHHHHHHHHHHHPHHHHPHHH
234,HPHHHHHHHHHPHHHHHHHHHHHHH
235,HPHHHHHHHHHHHHHHPHHHHHHHH
236,HPHHPHHHHHHHHHHHHHHHHHHHH
237,HHHHHHHHHHHHPHHHHHHHHPHHH
238,HHHPHHHHPHHHHHHHHHHHHHHHH
239,HHHHHHPHHHPHHHHHHHHHHHHHH
240,HHHHHHHHHPHHHHHHHHHHHHHPH
241,HHHHHHHPHPHHHHHHHHHHHHHHH
242,HHPHHHHHHHHHHHHHHHHHPHHHH
243,HHHHHHHHHHHHPPHHHHHHHHHHH
244,HHHHHHHHHPHHHHHHHHHHHHHHH
245,HHHHHHHHPHHHHHHHHPHHHHHHH
246,HHHHHHHPHHPHHHHHHHHHHHHHH
247,HHHHHHHPHHHHHHHHHHHHPHHHH
248,HHHHHHHHHHHHHHHPHHHPHHHHH
249,HHHHHHHHHHHHPHHHHHHPHHHHH
250,HHHHHHHHHHHHHHHHHHPHHHHHH
251,HHHPHHHHHHHHHHHPHHHHHHHHH
252,HHHHHHHPHHHHHHHHHHHHHHPHH
253,HHHHPHHHHHHHHHHHHHHHPHHHH
254,HHHHHPHPHHHHHHHHHHHHHHHHH
255,HHHHHHHHHHHHHHHHPHHHHHHPH
256,HHHPHHHHHHHHHHHHHHHHHHHPH
257,HHHHHHHHHPHHHHPHHHHHHHHHH
258,HHPHHHHHHHHHPHHHHHHHHHHHH
259,HHHHHHHHHHHHHHHPHHHHHHPHH
260,HHHPPHHHHHHHHHHHHHHHHHHHH
261,HHHHHHHHHPHPHHHHHHHHHHHHH
262,HHHHHHHHHHHHHHHHHHHPHHPHH
263,HHPHHHHHHHHHHHHHHHHHHHHPH
264,HHHHHPHHHHHHHPHHHHHHHHHHH
265,HHHHHPHHHHHHHHHHHHHHHHHPH
266,HHHHHHHHHHHHHPHHHHHHHHHPH
267,PHHHHHHHPHHHHHHHHHHHHHHHH
268,PHHHHHHHHHHHHHHPHHHHHHHHH
269,HHHHHHHHHHPHHHHHPHHHHHHHH
270,PPHHHHHHHHHHHHHHHHHHHHHHH
271,HHHPHHHHHHHHHHHHHHHHHPHHH
272,HHHHHHHHHHHHHHHHPHHPHHHHH
273,HHHHHPHHHHHHHHHHHHHHPHHHH
274,HHHHHHHHPHHHHHHPHHHHHHHHH
275,PHHHHHHHHHHHHHHHHHHHHHHHH
276,HHHHHHHHHHHHHHHHHHHHPHHHH
277,HHHHHHHHHHPHHPHHHHHHHHHHH
278,HHHHHHHHHHHHHHPPHHHHHHHHH
279,HHPHHHHHHHHHHHHHHHPHHHHHH
280,PHPHHHHHHHHHHHHHHHHHHHHHH
281,HHHHHPHHHHHHHHHHHHHHHHPHH
282,HHHHHHHHHHHHHHHHHHHHPHHHP
283,HHHPHHHHHHHHHHHHHHHHHHHHH
284,HHHHHHHHHHHHHHHHPHHHHHPHH
285,PHHHHHHHHHHHHHHHHHHHPHHHH
286,HHPHPHHHHHHHHHHHHHHHHHHHH
287,HHHHHHHHHHHHHHHHHHHPHHHHH
288,HHHHHPHHHHHHHHHHHPHHHHHHH
289,HHHHHHHHHHHPHHHHHHHHHHHHH
290,HHHHHHHPHHHHHHHPHHHHHHHHH
291,HHHHHHHHHHHHHHHHHHHPHHHPH
292,HHHHHHHHHHHHHHHHHHHHHPHHH
293,HHHHHHHHHHPHHHHHHHHHHHHHP
294,HHHHPHHHHHHHHHHPHHHHHHHHH
295,HPHHHHHHHHHHHHHHHHHHHHPHH
296,HHHHHHHHHHHHHHHHHHHHHHPHH
297,PHHHHHHHHHHHPHHHHHHHHHHHH
298,HHHHHHHHHHHHHHHHHHHHHPHPH
299,HHHHHHHHHHHHHHHHHHHHHPPHH
