id,sequence
0,PHHHPHPPPPPHPPHPPPHHPPPHPPPPPP
1,HPPHHHPPPPPPPPHPPPPPPPPPPHPPHP
2,HHPPPPPPPHHPPPPPPPPPPPPPHPHHPP
3,PPPHHPPHPHPHPPPPPPPPPPHPPPPHPP
4,PHPPPPPPHHPPPPHHPPPPPPPHHPPPHP
5,HPPHPPPHPPPHPPPPPPPPHHPPPPPPHP
6,HPPPPPHPPPPHPPPPPPHHHPPHHPPPHP
7,PPHPPPPPPPHPPPPPPPPHHPPPHHPPPH
8,PHPPHPHPHPPPPPPPPPPPPPPPHHPPHH
9,PPPPHPPPPPHPPHHPPHHPHPPPPPPPPH
10,PPPPPHPHPPPHHPPHHPPPPPPPHPPPPP
11,PPHPPPHPHPPHPPHHPPPPPPHPPPPPHH
12,PPHPPHPPHPPPPPPPPPPHHPHPPPPHHP
13,PHPPPHHPPPHPHPPHPPHPPPPPHPPPPP
14,PPPPPPPHPPPPHHPPPPPHHPHPHPPPPP
15,PPPPPHPPPPPPPHHPPHHPHPHPPHPHPP
16,HPPPPPPHPPHPPHPPPPPPHPHPPPPPPH
17,PHPPHPHPPPPPHPHPPPPPHPHPPHPPPP
18,PHPPHPPPHHHPPPHPPPPPPPPHPPHPPP
19,PPPPPPPHPHPPPPPHHPPHPPHPPPPHPH
20,PPPHPPPPPHPPPHPPHHPHHHPPPPPHPP
21,PHPPPHHPPPPPPPPHPHPPHPPPHPPPHP
22,HHPPPPPPPPPHPHPPPPPPHPPPHPHPPH
23,HHPPPPPPPPPHPPHPPPHPHPHHPPHPPP
24,PHPPPHHPPPHPPPHHHPHPPPPPPPPPPP
25,PPPPPHPPHPHPPPPPHPHHPPPPPPPHHP
26,PHPPPPPPHPHPPPHPPPPHHPHHPPHPPP
27,PPPPPHPPPPHPHPHPHPPPPPPPHHPPHP
28,HHPPPHPPPHPPPPPHHPPPPHHPPPHPPP
29,HPHHPHPHPPHPPPPPPPPHPPPPPPHPPH
30,PPPHHPPHPPPHPHPPPPPPPPPPPPHHPH
31,HHPPHPPPPHPPHPHPPPPHPPPPPPPHPP
32,HPPPPHPPPHPHHPPPPPPPPPHHHPPHPP
33,PPHPPPPPPHPPPPPPPPPPPPHPPHHHHH
34,PPPPPPHPHHHPPPPPPPHHPHHPPPPHPP
35,PHPPPPPPPHHPPPPPPPPPPHPPPHHHHH
36,PPPPHHHHHPPHHHPPPPPHPPPPPPPPPP
37,HPPHPPPPHPPPPPPHPPPPPHPHHHPPHP
38,PPPPPPPHPPPHPPPHHHPPPPHHHPHPPP
39,PPPPPPPHHPHPHHPPPPPPHPPPPPPPHH
40,PPHHPPPPPHPPHHHPHHPPHPPPPPPPPP
41,PPPPPPPPPHHPPPPHPPHPHPHPPHPPPP
42,PPPHPPPPPHPPPPHPHPPPHHPHPPHHPP
43,PPHHPPPHHHPPHHPPHPHPPPPPPPPPPP
44,PHPPPHPHPPPPHHPPPHPHPPPPPHPPHP
45,PHPPHPPPPPPPPPPHHPPPPPPHPPHHPH
46,PHPPPHHHPPPHPPPPPPPHPPHHPPPHPP
47,PPHHHHPPPPPPPHPHHPHPPPPHPPPPPP
48,PPHHPPPPHHPPHPPHHPPPPPHPHPPPPP
49,HHHPHPPPPPPPPPPPHHPPPPPPHPHPPH
50,PPPHPPPPPPPHPHPPPPPHPHPHHPPPHH
51,PPPPPPPHPPPPPPPPPPPPHHHPHPHHHH
52,HHPPPPHHPPPPPPPPPPPPPHHPPHPPPP
53,PPPPPHHPHPHHPHPPHPPPPPPPPPPPHP
54,PPPPPPHPPPPPHPHPHPPPHHHPPPPHPH
55,PPHHPPPPPPHPPHPPPHPPPHHPPPPPPH
56,PPPHPPPPHHPPPPPPHHPPPHPPPPPPHP
57,PPHPPHHPHPPPPPPPPPHPHPPPPHPPPP
58,HPPPPPPPPHPPPHPPHPPHPHHPPPHPHP
59,HPPPPHPHHPPPPHPPHHHPPPPPPPPPPH
60,PPHPPPPHPPPPPHPPPPHPHHPPPPHPPP
61,PPHPPPPPHPPPPPHPPHHHPPPPPPHPPP
62,HPHPPPPPHPHHPPPPHPPHPPHPPHPPPP
63,PHPHPPPPPPPHHHPPPHPPPHPPPHPPPH
64,PPHHPPPPPPPPHPPHPHPPPPPPPPHHPH
65,PHHPPPPPPPHHPPPPPHPHPPHPPHPPPP
66,PPPPPPPPPPPPHPHPHPHPPPHHPHPPPP
67,PPPHPPPPHHHPPHPHPPHPPPHPPPPPPP
68,PHPPHHPPPHPPPPPPPPPPPPHHPPPHHP
69,PPPHPPPHPPPHHPPHPPPHHPPPPPPHPP
70,PPPPPHHPHPPPPPPPPPPHHPHHPPPPPP
71,PPPPHHHPPPPPPPPPPPPHHPHHHPPHPP
72,PPPHPPPHPHPPPHPPPHPPPPPPHPHPPP
73,HPHPPPPPPPHPPPHPPHHPPPPPPPHPPP
74,PHPPPPHPPPPHPPPPPPHPPHPPPHHPPP
75,PPPPPPHHHPPPHPPPHPPPPHPHPPHPPH
76,PPHPHPPPHPPPPPHPPPPHPPPHPHHPPP
77,PPPHPHPPPPHPPPHHPPHPPPHPPHPPPH
78,PHPPPPPPPPHHHPHPPHPPPHHPPPPPHP
79,PPPPHPHHPPPHPPPPPPPHPHHPPHPPPH
80,HHPHHPPPPHPHPPPPPPPPPPPHPPPPHP
81,PPPHPPHPPHPHPPPPPPHPPHPPPHPPHP
82,PPPHHPHHPPPPPPPPHPPPHPHPHPPPHP
83,PPHPHPPPPHPPPPPPPPPPPHPPHHHHPP
84,PPPPPPPPPPPHPPHPPPPPHPHPPPHHPH
85,PPHHPPPPHPPPPPPHHPPPHHPPPHPPPP
86,PPPPPHPHPPPHHPPPPPHPPPHPPPPHPP
87,HPPPHPPPPPPPPPPPPPPHPHPPHPHHPP
88,PPPPHPPHPPHPPHPHPPHHPPPPPPPPPP
89,PPPHPPPPPPHHPPHPPHPPHPPPPPPPHP
90,PHHHPHPPPHPPPPPPPPPPHPPHPHPPPH
91,PPPPPPPHHPPPHPPPPPHHPPPPHPPPHP
92,PHPPPPPPPPPHHPPHPPPPHHPPPPPPPH
93,PHPPPHPPPPPHHPPPPPPPPPPHPHPHPP
94,PPPHPHHPPPPPPPHPPPPPPPHPHPPPPH
95,PPHPPPHPPPPPPHHPPPHPPPPHHHPPPP
96,PPPPHPPPPPPPPPPHPHPHPHHPPPPPHP
97,PHPPPHPPPPHPPPHHPPPPHPPPHPHPPH
98,HPPPPHHPPPPPPPPPPPPPPPHHPHPHPP
99,HPPHPHPPHHPPPPPPPPPPHPPHHPPPPP
100,HPPHPPPHPPPPPPPHPHPPHPHPPPPPPP
101,HPPHPPHPPPPPPPPPPPHHPPPPPHHHHP
102,PPHHHHPPHHPHPPPPPPHPPPPPPPHPPP
103,PHPHPPPPPPPPPHPPHPPHHPPHPPHPPP
104,PPPPPPPPPPPPHPPPPHHPHHPPHHPPPH
105,PPHHHPPPPPHPHPPPHHPPHPPPHPPPPP
106,HPHPPPPHPPPPPPPPPHHHPPPPPPPPHP
107,PHPPPPPPPPPPPPPPPPPHPHPHHPHHPP
108,PPPPHPHPHPPPHHPHPPPPPPPPPHPPHP
109,PPHPPPPPPHHPHHPPPPHHPPPPPPHPPP
110,PPPPHPHPPPHHPPPHPHPHPPHPPPPPPP
111,HHPPPPPHHPPPPPPPPPPPHPPPHHHPPH
112,HHHPPPHPPPPPHPHPHPPPPHPPPPPPPP
113,PPPPPPPPPPPHHHPPHPPPPHHPPPPHPH
114,PPHPPPPPPPPPPPPHPPPHPHHHHHHPPP
115,PPPPHPPPPPHPHPPHPHPHPPPHHHPPPP
116,PPHHHPPPHHPPPPPPHPPPHPPPHPPPPP
117,PPPPHPHPPPHPPPPHHPPPPPPHHPPHPP
118,PPPPPPHPPHPPPPPPPHPPHPPPPHHHHH
119,HPPHHPHPPPPHPHPPPHPPPPPPHPPPPP
120,PHPPPHHHPPPHPPPHPPPPHPPPPPPPPP
121,HPPPPPPPPPPHPHPHPHPPPPPHPPPHPP
122,HHPPPPPHHPHPPPHPHPPHPPPHPPPPPP
123,PPHPPHPHPPHHPPHPPPPPPPPPPPHHPP
124,HHPHPPHHPPHPHPPPPPPPHPPPPPPPPP
125,PPHHPHPPHPPPPPPPPHHPPHPHPPHPPP
126,PPHPHPHPPPHPHPPPPPHPPPPPPPPPPH
127,PPPPPPHHPPPPHHPHPPPPPPHPHPHPHP
128,PPPPPHHPPHPPPHHPPPHHHPPPPPPPPH
129,PPPPHHPPPPHHPHPPPPPPHPPPPPHPPP
130,PPPPPHPPHPHPPPHPHHPPPPPPPPPPPH
131,PPPPPHPPPHPPPHPPPHPHPHPHPPPPPP
132,PPHPPPPPPPHPPHPHPPPHPHPPHHPPHP
133,PPPHPHPPHHPPPPPHPPHPPPPHPPPPPP
134,PPPPPPHPHPPHPPPHPHPPPPHPPPHPPH
135,HPPPPPPHPPPPPPPPPHPPHPHPPPHHPP
136,HHPPPPPPPHHHPPHPPHPPPHPPPHPPPP
137,PPHPPHPPPPHHPHPPHPPPPPHPHPPHPP
138,PHPPPPPPPPHPPHPHPPPPPPPPPPHPHH
139,PPHHPPHPPPHPPPPHPPPPPPPHPPPPHP
140,PPPPHPHPPPPPPPPPPPHPHPPHPPHHHP
141,PHPPPPPPPPPPPPPHPPPHPPHHHPHPPP
142,PPHPPPHHPPHPPPHPPPPPPHHPHHPPPP
143,HPPPPPPHHPPHPPPPPHPPPPPHHHPPHP
144,PPPHHPPPHPPHPPPPHPHHPPPPPPPHHP
145,PPPHHHHPPPPPHPPPPPPHPPPHPHPHPP
146,PPPPPHPPHHHPHPPPPPHHPPPPPHPPPH
147,HPPPHPHHPPPPPPHPPPHHPPPPHPPHPP
148,HPPPHHHPPPHPPPPPPPHHHPPPPPPHPP
149,HHPPPHHPPHHPPPPPPHHPPHPPPPPPPP
150,PHPPPPHHPPHHHHPPPPPPHPPPPHPPPP
151,PPPPHPPHHPHPPPPPPHPPPHPHPHPPPP
152,PHHPPPPHPPPPPPPHPPPPHHHPHHPPPP
153,PPHPPHPPPPPHPHHPPPPPPHPPPHPPPP
154,PHPPPPHPHPHPPPPPPPHPPHPPPPPHHP
155,PHPPPPPPPPPPPHPPHPPPHPPPHHPPPH
156,PHHPHHPPPPPPPHPPHPPPHPPPHPPPPP
157,PPPPPPPPPHHHPPPHPHPPPPPPPPHPHP
158,HHPHHPPHPPHPPPPPPPPHPPHPPPPPPP
159,HPPPPPPHPHPPPHPPPHHPHPPHPPPHPP
160,PPPPHPPPPPPPPPHPPPPPPHHPHPHHPP
161,HPPHHHPHHPPPPHPPPPPPPPPPPHHPPP
162,HHPPPPPPHPHPPPHPPPPHPPPPPHPPHP
163,PPPHPPPHHHHPPHPPHPPPPHPPPPHPPP
164,PPPPPPHPPHHPPPPPPPPHPPPHHPPHHH
165,HPPPPHPPHHPHHPHPPPPHPPPHPPPPPP
166,HHHPPPPPPPPPHPPHPPPPPHHHPPPHPP
167,PHPHHHPPPPPPPHPPPHPPPHPHPPHPPP
168,PPPHPHPHPPPHHPPPPHPPHHHPPPPPPP
169,PPPPHPHHHPPPPPHPPHPPPHPPPPHPHP
170,HPPHHHPHPHPPHPPPPPPHPPPPPPHPPP
171,PHPHPHPPPPPPPHHPPHHPPPPPHPHPPP
172,PPPHPHPPHPHPPPPPPPHPPHPPHHPPHP
173,PPPPHPHHHPPPPPPPPPPPPHHPPHPHPP
174,PPPPPPPPPPPHPPHPHPHPPHPPHPHPPP
175,PPPPHPPHHHPPPPPHPHPPPPPPPPPPHP
176,PPPPPPPPHPPPPPPHHPHPPHHPPHPPHH
177,PPPPPHPHHHHPHPPPHPPHPPPPPPPHPP
178,PHPHPPPHPPPPPHPHPHPPPPPPPPHPPP
179,PPHPPPPPHHHHPPPHPPPPPHPPPHPPPP
180,HPPPPHHPPPPPHPPPHPPPHHHPPPPPPH
181,PHPHPPPPPPPPPPHPHPPPPPHHPPPPPH
182,PPPPPHPPHHPHPHPPPPPHPHPPPPPHHP
183,PPHHHPPPPPPPHHPPHHPPPHPPHPPPPP
184,PPPHPPPPHHPPPPHHPPHPHHHPPPPPPP
185,HPPPPPPPPPHHPPPHPPHPPPHHPPHHPP
186,HPPHPHPPPPHPPPHPHPPHPPPHPPPHPP
187,HHHPHPPPHPPPPPPPHPPPPPHPHPPPHP
188,PPHHPPPPPPPHHPPPHHPPPPPPPHHPPP
189,PHHHPPPPHPHPPPPPHPHPPPPPHPPPPP
190,PHPPPPPPPPHPPHPPHPPPHHHPPHPPPH
191,PPPPPPPPPHPHHPPHPPHPHHPPPPPPHH
192,PPPPPPPPHHHPHHPPHPPPPHPPPPPPHH
193,PPPHHPHPPHPHHPPPPHPPHPPPPPPPPP
194,PPPPPHPPPPPPPHPPHHPHPPPPHHPPPH
195,PPPPHPHPPPPHPHPPPPPHPHPHHPPPPP
196,HPPHPHPPPPPPPHPPPPPPPHPPPPPPHH
197,HHHPPPPPHHPPPPPPPPPPPPHHPPPPPP
198,PPPPPHPPPPHPHPHHPPPPPPPHPPPPPH
199,HPPPPPPPPPPPPPHPHPPPHPHPPPHPPH
200,PPPPPPPPPPPHPPHPHPPPHHHPPPPHPP
201,PPPPPPHPHPPPPPPPHHPPPHPPPHPHPP
202,HPPPPPHHPPHPPPPPPPPPPHPPPHHPHP
203,HPPPPHPHPPPPPHPPPPHPPPPHPPHPHP
204,PHPPPPPHPPPPPHPPPHPPPPHPHHHPPH
205,PPPHHPPHPHPPPPPHPPHPPPHPPPPHHP
206,HPPPPPHPPPPHPHHPHHPPPPPPPHHPPP
207,PPHHHPPPPPHPHPPPPPPPPHPHPPPPHH
208,PPPPHPPPPPPHPPPHPPHPPPHPHHPPHH
209,PHPPHPPHPPPHHPPPPPHPPPHHPPPPPP
210,HPPHPPPPPPPHHPPPPHPHPHPPPPHPPP
211,PPPPHPHHPPPPPPHPHPHPPHPHPPHPPP
212,HPPPHPPHHPPHPPPPPHPPPPHPPHPPHP
213,PPPPHPHPPHPHPPPPPHHPPPHPPPPHHP
214,PPPPPPPPPPHPPHPHHPPPPHHPHPHPPP
215,PPPPHPPPPPPPPHPHPPPPHHPPPHPPHH
216,PPHPPPHPHHPPPPHPPPPHPHPPPPHPPP
217,PHPPHPPHPPPPHPPPPPPPHPPHPPPHHH
218,PPHPPPHPPPPPHPPPPPPHPPHHHPPPPP
219,PPHPPPPHHPPPPPPPHPHHHPPPPPHPPH
220,PPPHHHPPPHPPPPPPHPPHPPPPHPHPPH
221,HPPHPPHPHHPHHHPPPPPPPPPHPPPPPP
222,HHPPPPPPPPPHHHPPPPPPHPPPHPPPPP
223,PHPHPPPPPHPPPPHPHPPHPPPPHPPPPP
224,HPHPPPPPHPPHHPPPHPHPPPPHHPPPPP
225,HPHPPPPPPPHHHPPPPPPPPPPHPPHPPP
226,PPPHPHPPPHPHHPHPPPPPPPPHPPPPPP
227,PPHHHPPPHPPPPPPPHHPPPHPPPPPPHP
228,PPHPHPPPHPPPPHPPPPPHPPPHPHPPPH
229,PPPPPHPHPPPPPHPPPPHHPPPPHHPHPH
230,PHPPHPPPPHPPPPPPPPPPPPHPHPPHPH
231,PPPPPPPPPPHPHPHPHPPPHPPPHPPPHP
232,PPPPPPHHHPPPPPHPPHPPHPHPPPPPHP
233,PHPPPHPHHPHPPPHHPPPPPPPPHHPPPP
234,PHHPPPPPPPPPHPHHPPPPHHPHPPHPPP
235,PPPHPPPPPPPPPPHHPHHPPPPHPPPPPH
236,PPPPHPHHPPPHPHPPPPPHPHHHPPPPPP
237,PHHPPHPPPHPPPPPPPPPPPPPHPPHHHP
238,PHHPPPPPPHHPHPPPPHPPPPHPPPPPPP
239,PPPHPHPPPHPPHPHHPPPPPPHPHPPHPP
240,PPPHHPHHPPPPPPPHHPPPHPPPPPPHPP
241,HPPPPPPHHPPPHPPPHPHHPPHPPPHPPP
242,PPHPHPPPPPPPPPPPPPHPPHHPPPHPPH
243,PPHPPPPPPHPPPHPPHHPPPPPHPPPPPH
244,PPPHPHPPPHPPHHPPPPPHPPPPPHPPHP
245,PPPHPPPPHHHPPPHHPHPPPPPPPPPPHP
246,PPPPPPHPHPPPHHPHPPPPPPHPHPPPPP
247,PHHPPPPPPPHPPPHPPPPPHPPPHPPHHP
248,HPHPPPPPPPHHPPPPPHHHPPPPPPHPHP
249,PHPHPPPHHPPPPHPHHPPPPPPPPHPPHP
250,PPPPPPPHPPPPHHPHPHPPPHPHPPPHPH
251,HPPHPPPHPPHPPHPHPPHPHPPPHPPPPP
252,HPPPPHPPPHPPHPPHPPPPPPPHPHPPHP
253,PPPPHPPPPHPPHHHPHPPPHHPPPPHPPP
254,HPPPHPPPPPHHHPPPPPHHHPHPPPPPPP
255,HHPPPPPPPHPPPPPPHPPPPHHPPPHHPP
256,PPHPPPPPHHPPHHPHPPPPPHPPPPPPPH
257,PPPPPPHPHPPHPHPHPPPPPHHPPHPPPP
258,PPPHPPPPPHPPPHHPPPPPHPPPHHHPHP
259,PPHPPHHPPPPPPPPPPHPPHHPHPPHPPP
260,PPHPPPPPHPPPHPHHPPPHPHPHHPPPPP
261,PPPPPPPHPPHHPHPPPPHPHHHPPPPPHP
262,PPPHPPPHPHPHPHPPHPPPHPPPHPPPPH
263,PHPHPPHPHPPPPPHPPHPPPPPHPPHPPP
264,PPHPHHPPHPPPPHPPHPPPPPPPPHPHHP
265,PPPHHPPPPPPHHPHPPPPHPPHPPPHPPP
266,PPPHPPPHHPPPPPPPPPPHHPPPPPHHHH
267,PPPPHPPPPPHPHPPPHPPHPPHPPPPPPH
268,PPPHPHPPHHPPHHPHPPPPPPPPHPHPPP
269,HPPPPPPHPHPHHHPPHPPPPPPPHPHPPP
270,HPHPPPPHHHHPPPPPPHPHHPPPPPPPPP
271,PHPPPHPPPPHHPHPPHHPPPPPPPPHHPP
272,HPPHHPPPPPHHHPPPPPPPPPPPPPPPPH
273,PPPPHPPPHPPPPPHPPPPHPPHPPPPHPH
274,PPPHPHPPPHPPPPPPPPPHPHPPHPPPPH
275,PPPHPHPPPPHPPPPHPPHHPHHHPPPPPP
276,PPPPPHPPPHHPPPPHHPPHPHPPPHPHPP
277,HPPPHPPPPPHHPPHPPPHPPHPPPPPHHP
278,PPPHPPPPHPHPPPHPHHHPPPPPPPPPPP
279,PPPPPHPHHPPPPPHPPPPPPPHHHPPPHP
280,PPPHPPHHPHPPHHPPPPPPPPPPHPPHHP
281,PPPPPHHPPPPHPPHPPPPHPPHPPHPPHP
282,HPPPPHHHHHPHPPHPPPPPPPPPPPPPHP
283,PPPPPPPHPHPHHPHPHHPPPPPPPPPPHH
284,PPPPPPPPPPPPHPHPPHPPPPHHHHPHHP
285,PPPPHPPPHPHPPHPHPPPPPHPPPPPPHP
286,HHPPPPPPPPPPHPPPHHPPPPPPPPHHPH
287,HPPHPPPHPPPHPPPPPPHPHPHPPPPPHP
288,PHPHPHHPPPPPPPHPPPPPHPPPPHPHHP
289,PPPPPHHHPPHPPPPPHPPPPPPPPHHPPP
290,PPPPPPPPPPPHHHPHPPPPPPHPPPHHHP
291,PPPPHPPPHPPHHPHPPPHPHPPPPHHPPP
292,HPPPHPHPPPPPPPPPHPPHPPHPHPHPPP
293,PHHHHPPPPPPPPPPHHPPPPPHPPPPPPP
294,HPPPPHPHPPPPHHPPPHPHPPHPPHPPPP
295,PPHHPPPHHPPPPHPPPPPHPPPHPPPPPP
296,PHHHHPPPPHPPPPHPPHPPPPPPPPPPPP
297,PHPPHPPPPHHPPPHPHPHPPHPPPPPPPP
298,PPPPPPPHPPPPHPPHPHPPPHPHPPPHPP
299,PPHPPPPPPPPHHHHPPPPHPHHPPHPPPP
300,HPPHPHHPPPPPPPPHPPPPPHPPHPPHPP
301,PHPPPPHPPHPHPHPHPPHPPPPPPPPHPP
302,PPPPPPHHPPPPHHHPPPPPPPPHHPPPHP
303,PHHHHPHPPPPPPPHPPPPPPHPPPPHHPP
304,HPPPPPPPPHPPPHPPPPHHPPHPPHPPHP
305,HPHPHPHPPPPHPPPPHPHPPHPPPPHPPP
306,PHPHPHPPPPPHPPHPPPPPPPHHPPPPPP
307,PHPPPHPHPHHPPPPPPPHPPPPPPPPPHP
308,PPPPHPPHHPPPPPHHHPPPPPPPPHPPPP
309,HPPPPPHHHPPPHPPPPHPPHPPPHPPPPH
310,HPPPPPPPPPPPPHPHPPPPHPHHPPPPHP
311,PPPPHHPPPPPPHPHPPPPPPPPHPPHPHP
312,PPPPHHHPPPPPHHPPPPPPHPHHPPPPPP
313,PPHPPHHPHHPPPHPPPPHPPPPPPPPHPP
314,PPHPHPPPPPPHPPPPPPPPPHPPPHPHHP
315,PHPPPPHPPPPHPPHPPPPPHPHHPPPPPP
316,PHHPHHPPPPPPPPPHPPPHHPHPHPPPPP
317,PHHPHPHPPPPPHPHPHPPHPPPPPPPPPH
318,PPHPPPPPPHPPPPPPHHPPHPPPPPPPHH
319,PHHPPPPPPPPPPPPHHPHPHPHPPHPPPH
320,PPPPPHPPPPPHHPPPPHHPPPPHPPHHPP
321,PPHPPPHPHPHPPPPPPHPPPPPHPPPHPH
322,PPPHHPPHPPPPPHPHPPPPPHHPHPPPPP
323,PHPPPPPPPPPPPPPPPPPPHHHHHPPHPH
324,PPPPHPPPPPHHPPPHPPPHPHPPHPHPHP
325,PPPHHPPPPPPPPHHPPPPHPPHPPPPHPP
326,PHPHPPPHPPPHPPPHPHPPPPHPPPPPHP
327,PHHPPPPHPHHPPPPPHPPPPPPPPPPHHP
328,PHPHPPHPPHHHPPPPPHPPPPHPPPHPPP
329,PPPPPPHPPPPPHPPHHPPPPPHPHPPPHP
330,PPHPPPPPPHPPPPHHPPPPHHHPPPHPPH
331,PPPPPPPHPPPPPPHPHPPHHPHHPPPPPP
332,HPPPPPPPPPPPHPPPPPHPHHPPPPHPPH
333,PPPHHPPPPPPPPPPPPHPPPHHPPHHHPP
334,PPPPPHHPPHPPPHHHPPPPPPPPPPHPPP
335,PHHHPHPPPPPHPPPPHPPPHHPPHPPPPP
336,PPPPHPPPPPPPPHPHPPPPPPHPPHPHPH
337,HHPPPHPPPPHPPHPPPPPPPPPPPPPHHP
338,PHPHPPPHPPPPHPPPPPPHPHPPHHPHPP
339,PPHPPPHPPPHPPHPHPPHPPPPPPPHPPP
340,PPHPPPHPPPPPHHPPHPPPPPPPHHHPHP
341,PPPPHHPPPPHPHPPPPPPPPHHPPPHPHP
342,HPPPPPHPPPPPPHPPPPPPPPHHHHPPPP
343,HPHPPHHPPPPPPPHPPHPPPPHPHPPPHP
344,HPPPPHPHPPHPPHPHPHPPPPPPPHPPPP
345,HHPHPPPPPPPPPPPPHPPPPHPPPHHHPP
346,PPPPPPPPHPPPPPHPPPHPHHPHPHHPHP
347,HPPPPPHPHPPPHPPPPPHPPPPPPHPHPP
348,PHPPPHHHPPPHPPPPPPPPPPPPHHPPPH
349,PPPHPPPPPPHPPHPPPPPPHHHPPHPPHP
350,PHPPHPHPPPPHPHHPHHPPPHPPPPPPPP
351,HHPPHPPPHPPPPPPHPPPPHPPHPPPPHP
352,PPPPPPHHHPPHPHPPPPPPPPPPHPPHPP
353,PPPPPPPPHHHPPHPHPPPPPPPHHPPHHP
354,PHPPHPPPHPPPPPPHPPHPPPPPPHHPHH
355,PPPPPPPPPPPPPHHHPPHPHPHPPPHPHH
356,PPPHPPPPPPPPHPHHHPHPPHPHPPPPHP
357,PPHPPPPHPPHPPPPHPHHPPPPPPHPPPP
358,PPHPPPHPPHPPPHPPPPPPPHPPPPPHHP
359,PPPPPPPPPPPHPPHPPPPHPPPHPHHHPP
360,HPHHPHPPPPPPPPPPPPPHPPPHPPPHPP
361,PPPHHPPHPPPPPPPPPPHPHPPHPPPPHH
362,PPPPPPPPHPHHHPHHHPPPHPPPPPPHPP
363,PHPPPHPPPPHHPPPHPPHPPPPPHPPPPP
364,PHHPPPPPPPPPPHPHPHPPPPPHHHHPPP
365,PPPPPPHHPPPPHPPPHHPPPPHPPHPPPP
366,HPHPPPHPPPPPPHHPPHPPPPPPHHPPPH
367,HPPHPHPPPPPPPPHPHPPPPPHPHPPPPH
368,HPPHPPPPPPPPPPPHPPHPPHPHPHPHHP
369,HPPPPHPPPPPPPHPPPPHPHHPPPPPPHP
370,HPPPHPPPPPHPPHPPPPPPPPHPHPPPHH
371,PHPHPPHPHPPPPPPPHPPPPPPPPPHPHH
372,HPPHPPPPPHHHHPHPPPPPPPPPPPPPPP
373,PPHHPPHPHPPHPPPPHPPHPPPPPPPHPP
374,HPPPHHPPHPPPPPPPPPHPPHPPPPPPPH
375,PPHPHHPPHPHPPPPPPPPPPPPHPPHPPP
376,PPHPPHHPPPPPPHPPHPHPPHPPPHPPHP
377,PPHPHHPPHPPPPPHPPHPHPPHPHPPPPP
378,PPPHPPPPPPPPHHPHPPPPPPPPHPHPHP
379,PPPPPPPHPPPHPHPPPHPHPHHPPPPPPP
380,PPPHPPHPHPPPPPHPPPPPHPHPPPHHPP
381,PPHPHPPHHPPHPPPPPPHPPPPPPHPPHP
382,PPPPPHPPPHPHPPPPHPPHHPPPPPPPHP
383,PPHPPHPHHPHPPPHPPPHPPPPPPPPPPH
384,HHPPPPPHPPHPPPPPHPPPPPPPHPPPHP
385,PPPPPPPPHHHPHHPPPPPPPPPPPPHHPP
386,PPPHPHPPHPPPHHPPPPHHPPHPPPPPPP
387,HPPPPHPPPPPHPPPPHPPPPPPPHPPHHP
388,PPPHPPHPPPPPPPHPPPPPPPPHHHHPPH
389,PPPPHPHHPPPPPPPPPPPHPPPHHHPPPP
390,PPPHPPPPPHPPPPHPHPHPPHPPPHPPHP
391,PPPPHPPPHPPPHPHPHPHPPPPPPHPPHP
392,HHPHPPPPPPPPPPHPPPHPPHHHPPPPPP
393,PPHPPPPHHPHPHPPPPHPPPPPHPPPPPP
394,HHPHPHPPPHPHPPPHPPPPPHHPPPPPPP
395,PPPHHPPPPPPPPPHHHPPPHPPPPPPHPH
396,HPPPHPPPHPPHHPPPPPPHPPPPPPPPHH
397,PPHPPPHPPPPPHHPPHPPPHHHPPPPPHP
398,HPPPPHPHPPPHHPPPPPPPPHPPHPHPPH
399,HPHHPPHHPPHHPPPHPPHPPPPPPPPPPP
400,HPPHPPPPPPPHHPHPPHPPPPPHHPPPPH
401,PPPPPPPPPPPHHHHPPPPPPPPPHPHPPH
402,PPPPHPHPPPHHPPPHPPPHPHHPPPPPPH
403,PPHPPPHPPPPHPPHPHHPHPPPPPHPPPP
404,HPPPPPPPHPPHPHHPPPHPPHPPPPPPPP
405,PHHPPPPPPPHHPPHPPHPPPHPPPHPPPP
406,HPPPHPPHHHPPHPPPHPHPPPPPPPPPPH
407,PPHPPPPPPPPPPHPPHPHHPPPPHHPPHP
408,PPPHPPPHPPHPPPHPPHPPHPPHPPPPPP
409,HPPPPHPHPPHHHPPPPPPPPPPPPHPPHP
410,HPPPHPPHPPPPPPPPPPPPPHHPPPHPHH
411,PPHHPPPHPPHHHPPHHHPPPPPPPPPPPP
412,PPHPPHPPPPPHPPHHPPPPPHPHPPPPPP
413,HHPPPPPHPPPPHHPPPHHPPHHPPPPPPP
414,PPPPPHPPHHPHPPPPPPPPHHPHPPHPPH
415,HPPHPPPHPPPHPHPPPHPPHPPHPPPPPP
416,HPPPPPPHPPPPPPHPHPPHHHHPPPPPPP
417,PPHPPPPPPPPHPPHHPPPPPPPHHPPPHP
418,PPHHHHPPHPPHPPPPPPPPHPPPPPPHPP
419,PPPPHPPHPPPPPPHPPPHPPPPHHHHHPP
420,PHPHPPPPHPPPPPPHPPPHHPHPPPHPHP
421,HHHHPPPPHPPPPPPPPPHPPPPHPPPHPP
422,PPHPPPHHPPPPHPPPPHHPPHPPPHPPPP
423,PPPPPPHHHPPPPPPPPPHPHPPHHPPPPH
424,PPHPHPPPPHHHPPPPHPPPPHPPHPPPPH
425,PPHHPPPHPPHHHPHPPPPPHPPPPPPPPP
426,PPHPPPPPHPPPPPPPPPHHHPPPPHPPPH
427,PHPPPPPPPPPPPPHPPHPHPPHHPPPHPH
428,PPPPPPPPPPPPHHHPPPPPPHPPHPPPHH
429,HPPHPHPPHPPHPPHPPPPPPPHHHPPPPP
430,HPPHPPPPHHPHPPHPHPHPPPPPPPPPPP
431,HPPPPPPPPHHPHPHPPPPHPPPPHPPPPP
432,HPPPPPPHHHPPPPPPPPPHPPPPPHPPHP
433,PPPHHPPPPPPPPPPHPPHPHHPPHHHPPP
434,PPPPPPPPPPPPHPHHPPPPHPPPPHHHPP
435,PHPPHHHHPPPPHPPPHPPPPHPPPPPPPP
436,PPHHPHPPPPPPPPPPPPPPHPPPPHPHHP
437,PPPPHHPPPPHHPHPPPHPPPPPPPHHPPP
438,PHHHPPPPHHPPPPPPPHPPHHPHPPPPPP
439,PHPPPPHHPPPHHPHPPHPHPPPPPPPPPP
440,PPPPHPPPPPHPHHPPHPPPHPPPHHPPPH
441,PPPHPPHPPPPPPPHHPHPHPPPPHPPPHP
442,PHPPPHPPHPPPPPHPPPPPHHPPPPPPPH
443,HPPPPPPPPHPPHPPPHPPPPHPPPHPHPP
444,PPPHHHPPHPHPPPPPPPPPPHPHPPPPPP
445,PPHHPHHHPPPHPPHPPPPPPHPPPPPPHP
446,PPPPPPPHPPHPPPPPPHPPPPHPHHPHHH
447,HHPPPHPPPPPPPPPPHPHPPPHHHPPPPH
448,PHPHHPHPPPPPPHPPPPPPPPPPPHPPHP
449,PPHHPPPPPPHPPPHHPPPPPHPHPPHPPP
450,HHPHPPHPPPPPPHPPPHPPHHPPPPPPPP
451,PPPPPHPPPHPPPHPHPHPPPHPPPHPPPH
452,PPPHPPPPHPPPPPPPPPPHPHPHPPHHPP
453,PPPPPPHPHPPHPPHPPHPPPPHPPPHHPP
454,HPPPHPPPPPPPPHPPPPPHPPPPPPHHPH
455,PPPPHPPPHPPHPPPPHHHPHPHPPPPPPP
456,PPPHHPPPPHHPPPPPPPPPPPPHHPHPPP
457,HPPHPHPPHHPPHPPPPPPHPPHPPPPHPP
458,HPPPPPHPPPPHPHPHPPHPPPHPPPPPHP
459,PPHPPHPPHPPPPPPHPHPPPPHHHHPPPP
460,HPPPPPPHPPHPPHPPHPPPPPHPPHPHHP
461,PHHPPPPPPPPPPHPHPHPHPPPHPHPPPP
462,PHPPPHHPHPPPPHPPPPPPPPHPHPPPHP
463,PPPPPPPPPPPHPHHPHPHHPPPPPPPHPP
464,PPPHPPHPPPPPPHPHPHHHPPPPPPPPHP
465,PPPHPPPHPHPPPPHPPPPPPPHHPHPPPP
466,PHPPPPPHPPPPPHHPHHPPPHPHPPPHPP
467,PPPPHPPHPPHPPHPPPPHPHHPPPPPPPH
468,HPPPPPPPPPPHPPHHPPPHPPPHPPHPPP
469,PPPPHPPPPPHPPPHPPPPHHPHHHPPPPP
470,HHPPPHPPPPHPPHHPPPHPPPPPPPPHPH
471,PPHPPPPHPHHPPHHPPHHPPPPPPPPPPH
472,PPPPPPHPPHHPHPPPPPHHPPHPPPPPPP
473,PPHHPPPHPPPPPPPPPHPPHPHPPPPPHP
474,PHPPHPHPPHHHHPHPPHPPPPPPPPPPPP
475,HPPPPPPPPPPPPHHPHPPPPHPHHHPHPP
476,PPHPPHPHHPPPPHPPHPHPPPPHPPPPPH
477,PHHHPPPPPPPHPPPPPPPHPPHHPPPPPP
478,PHHPPPPHPPPPHPHPPHPPPPPHHPPPPP
479,PPPPPPPPPPPPPPPHHPHPPHHPPPPHPH
480,HPHPPPPPPPPPPPHPPPPHHHHPPHPPPH
481,PPPPPPPPPHHHPPHHPPHPPPHPPHPPPP
482,PPPPPHPPPPHPPPPPHPHHHPPPPPHPPP
483,PHHPPPPHPPHHPHHPPPHPPPPPPPPHPP
484,PPPPPPPHPPPPHPPPHPPHPHPPPHPPPH
485,PPPHHPPPHHPPPPPPHHPPPPPPPHHPPP
486,HPHHHPPPPPHPHPPPHPPPPPPPPPHPHP
487,HPPPHHHHPPPPPPPPHPPPPPPHPHPPPP
488,HPPPPPPHPHHHPPPPPPPPHPHPPPPPPP
489,PPHPPPHPPHHPPHPHPPPPHPHPHPPPPP
490,PPPPPHPPHPPHPPPHPPPPPPHPHHPPHP
491,HPPPPHPPPHHPPPPPHPHHPHPPPPHPPP
492,PHHPPPHHPPPPPPPHHPPPPPPPPPHPPP
493,PPPPPPPPPHPHPHHHPPHPPHPPHPPPPP
494,PPHPHPPHHPPPHPPPPPHPPPPPHPPHPP
495,PHHPPPPHHPPPPPPPPPPPPHPPPHPHPP
496,PHHPHPPHPPPPPPPPHPHPHPPHPPPPPP
497,PPPPHPHHPHPPPPPHHPPHHPPPPPPPPP
498,PPHPPPPPHPPPPPPHPPPHHPPPHPHPHH
499,PPHHHPHPPPPPPHHPPPHPPPHPHPPPPP
500,PPPPPHHPPPPPPHPHPPPHPPPPPPPHHP
501,HPPPHPHHPPPPHPPPPHPHHPPPPPPPHP
502,PPPPPPPHPPHHPPPPHHPHHPPPPPPPHP
503,HPPPPPPHPHPPPPPPPHPPPPHHPPPHPP
504,PPPPPPPHHHPPPPPHPPHPPHPPPHPPPH
505,PPPHPPPHHPPPPHPPPPPPPPHPPHPPHP
506,PPPPHPPHPHHPPPHPPPPPPPPPHHPPHP
507,PPHPHPPHPPPPPHPPPPHPHPHPPPHHPP
508,HPHHPPPPPHHPPPPPPPPPPPPPPPPHHP
509,PPHPPHHPPPPPPPPPHPPPPHPPHHPPPH
510,PPHPPPPHPHPPPPPPPPHHPPPPHPHPHP
511,PPPHPPPPPHPPPPHHPPHPPPPHPPHPPP
512,PPHPHPPHPPPPPHHPPPHHPPPHPPPPPP
513,PPPHHHPPPPPPHPPPPPHPPPPPPHPPPH
514,PHPPPPPPHHPPHHPPPPHPPPPPHPPPPP
515,PPPPPPHPHHPHPPPHHPPPPPPPHHHPPP
516,PHPPPPPPPPPPPHHHPHHPPPPPHPPPHP
517,PPPPPPHPPHPPPPHPPHPPPPHPHPPPPH
518,PPPPPHPHPPHPPPHHPPPHPPPHPHPPHP
519,PPPPPPHPPHPPPHPHPHPPPPHHPPPPPP
520,PPPHPHPPHPHPPPPHPPPPPHPPPPHHPP
521,PPPPPPPHHPPPHPPPPHHPPHPPPHPHPH
522,HPPPHPPPPPPPPPPPHHPPHPHPHPPHHP
523,PHPPPPPPPPPHHPPHPPPPPPHHPHHPPP
524,PPPPPHPPPHHPPHPPPHPPPPPHPPPHHP
525,PHPPPPPPPHPHPPPHHPHPPPPPPPHPPP
526,PPPPPHPHHPHHPPPPPHPPHPPPPPPPPP
527,PHPPPPPPHPPPPPPPHHPHPPPPPHHHPH
528,HHPPPPPPHPPHPPPHPHPHPPPPPPHPPP
529,PHHPPHPPPHHPPPPPHPPPHPPHPPHPPP
530,PHHPPHPPHPPPPPHPPPPPPPPHPPPHHP
531,HPPPPHPPPHHHHHPHHPPPPPPPPPPPPP
532,PHPPPHPHPHPHPPHPPHPHPPPHPPPPPP
533,PPPPPHPPPPPPPHPPPPHHHPPHPPHHHP
534,PPPPPPPHPPPPPHPPPHPHPHHHPPPHHP
535,PPPHPPPPHPPHPHPPPHHPHHPPPPPHPP
536,PPPPPPPPPHPPPPPHPHPHHHHPPHPPPP
537,PPPPPPPHPHPPHHPHPHPPPPHPPPPPPP
538,PPHPPPPPHPHPPHPPPPPPPPHHPPPPPH
539,PPPPPPPPPPPPHPHPPHPPHPPPHHPHPP
540,PPHHPPPPPPHHPPHPHPPPPPPPPPPPPH
541,PHPPPPPPPPPPPPPHHPHPPPHHPPHHHP
542,PHHPPPPPPPHPPPPHHPPPPHPPPPPPPH
543,PHPPHPPHPPHPPHPHPPPPHPPPPPHHPP
544,PPPHPHPHPPHPPPHPPPPPHHPPPPHPPP
545,HPPPPPHHHPPPPHPPPPHPPPPHPPHPPH
546,PHPPPHHPPHPPPHPPPPPPPHPPPHHPPP
547,PHPPHHPPPHHPHPPPPPPPHPPPPPPPHH
548,PHPHPPPPPPPHHPPHPPPPPHPHPPHPPH
549,PHPPPPPPPHPPPPHPPPPPHHPHPPPPPH
550,PPHPHPHPPPHHPPPPPPHPHPPPPPHPPH
551,PPPPPHHPPHPPHHPPPHPPPPHPPPPHPH
552,PPHHHPPHPHHPPHPPPPPPPPPPHPHPPP
553,PPPPPHHHPPPHHPPPHPHPPPPPHPHPPP
554,PHPPPHPHPPHHPHPPPPHPHPPPPPPPPP
555,PHPPHPPHPPPPPPPPHHPPPHPPHHHPPP
556,PHHPPHPPHPPPPPPHPPPPPPPPPPHPPH
557,PPHPHPHPPPPPPPPPPPPPHPHHPPPPPH
558,PHPPPHPHPPPPHPHPPPPPPPPHHPPHPP
559,PPPHPPPPHPPPPHHPPPPPPPPPHPHHPP
560,PPPPPPHPHPPPPPPPHPHHPHHPPPHPHP
561,HPHHPPHPPPPHPPPPPHPHPPPPPHPPHP
562,PPPPPPPPPPPPPPPPHHPHPHHHPHPPPH
563,PPHHPPPPHPPHPPHPPHPHPPPPPHHPPP
564,HPPHPPHPPPPHPPPHHPPPPPPPPHHPHP
565,HPPPHPPHPPPPPHPPPPHHPPHPPPPHHP
566,PPPPPHHHPPPPHPHPHPPPPPPPPHPPPP
567,HPHPHHPPHHPPPHPHPPPPPPHPPPPPPP
568,PPHPPPHHHPPPPPPHPHPPPHHPHPPPPP
569,HPPHPPHPPPPPPHPPPHPPHPHHPPPPPH
570,HPPPPPPHPPPPPHPHPHPPPHPPPHPPHP
571,PPHPHPHHPHPPPPPHHPPPPPPPPPPPPP
572,PPPPPPPHHPPPHPPPPHHPPHPPHHHPPP
573,HPPHPPPPHPPPPHPHPHHPPPPPPPPPPH
574,PPPPPPPHPHPPPPHPHPHPHPPHPHPPPP
575,PHPPHPHPHPPPPPPPPPPPPPPPPHHPHH
576,PPPPPHHPPPHPHPPPPPPPHPPPPPHHHP
577,PPPPPPPHHHPPPHPPHHHPPPPHHPPPPP
578,PPHPPPPPPPPHHPHHHPPHHHPPPPPPPP
579,HPPPPPHPPPPHPPPPHPHPPPPPHHPPPP
580,PPHPPPPPHHHPPHPHPPPPPPHPPPPHPH
581,HPPPPHPPHPHHPPPHHPPHHPPPPPPPPP
582,HPHHPPHPPHPPPPPPPPHPPPPPPPHPHP
583,PHHPPPPHHPHPPPHPPPPPPPPPPPPPPH
584,PHPHPPHPHPHHPPHPPPPPPPPPPPHPPP
585,PPPPHPPHHHHPHPPPPPPPHPPPHPPPPP
586,HHPPHPPHPPPPPPHPPPPPPPPPHHPHPH
587,PPPHHPPHPPPHPPPPHPPHPPPPPPHPPP
588,PPPPPPPPPHHHPPPPPHPPPHHPHHHPPP
589,HPPPPPPPPPPPPPPHHPHPHHHPPHHPPP
590,HPPPPHPPHPHPPPHPPHPHHPPPPPPPHP
591,PHPPPPHPPPPHHPPPHHHPPPPPPPPHPP
592,HPPPHPPPHPPPPPHHPPPPPHHPPHPHPP
593,PHPPPHPPPHPPPHPPPPPPPPPPHHHPPP
594,PPPPPPPPPHHHPHHPPPPPPPPPHPHPPH
595,PPPPPPPPHPPHPHPPPPPHPPHHPHPHPP
596,HHHPPPPHPHPPPPPPPPPPPHHPPPPHPP
597,HPPPPPPHPHPPHPPHPPPPPPPPPHPHPP
598,PPPHHHPPHPPHHPHPPHPHPPPPPPPPPP
599,HPPHPPPPPPHHPPHPPPPHPPPHHPPPPP
600,PPHHHPHPPPHPPPPPPPHPHPPHPPPPPP
601,HPPPPHPPPPPHPPPPPHHHPPHPPPPPPP
602,HPPPPPHPHPPPPHHPPHHPPPPPPPHPPH
603,PPPPHPPHPPPPPHPPHPPPPPHPPPPHPH
604,PPPHPHPHPPPHHPPPPHPPHPPHPPPPPP
605,HPPPHPHPPPPPPPHHHPPPPHPPHPPPPH
606,HPHPPHHPHPPPPPPPPHPPPHHPPPPPPH
607,HHPPPPPPPPHPPHPPHPPPPPPPHPPPPH
608,HHPHPPPPPPPPPPPPPPPPPHPPPHPHPH
609,PPHPPPPHHHHPPPPPPHPHPPPPPPPPPP
610,PHPHPHPPPHPPPHPPHHPHPPPPPPPPHP
611,PHPPPHPHPPPPHPPPHPPHHPPPHHPPPP
612,PPHPPHPHPPPPPPPPPHPPPPPPPPHHHP
613,PPPHPPHPHPPHPPHHPPHPPPPPPPPHPP
614,PPHPPPHPPPPPPPPHPHPPPPPPPHPHPH
615,HPPPHPPHHPPPPPPHHHPPHPHPPPPPPP
616,HPPHHPPPPHPPHPPPPPHPHPPHPPPPHP
617,HPPPPPPPHHPPHPPPPHPHPPHHPPPPPP
618,HPPPHPPPHPHHPPPPPPPPPHHPHPPPPP
619,PPPPPPPHHPHPPHPPPPPPHHPHPPPPHP
620,HPPPHPPPPPPPPHPPHPPPHPPHPHPHPP
621,PHPHPHHPPPPPPHPPHPPPPPPHPHPPPH
622,PPHHPPHPPHPHPPHPPPHPHPPPPPPPPP
623,HHPPPHPPPPPPHPHPPPHPPPPPPHPPPH
624,PHPPHPHPHPHPPPPPPHPPPHPPPPPPPP
625,HHPPPPPHPHPPPPPPPPPHPHPHHPPPPH
626,PPPPPPPPHPPPHHPPPHPPPHHHHPPPPH
627,PPPHPPPPPPPHHPPPHPHPHPPHPPHPPP
628,PHPPPHPPHPHPPHPHPPPHPPPPHPHPPP
629,PPPPHPPHPPPPPPHPPPPPHHPHHPPHPP
630,PPPPPPPPPPPHPHPHHPPPHHPPPPPHPP
631,PPPPHPHPPPHPPHHHPPPHHPPHPPPPPP
632,PPHPPPHHPPPPHPPPPHHPPPPPPPPPPH
633,PPPHPPPPHPHPPPHPPPHPHPPHPPPPHP
634,PHPHPPPHHPPPPPPPPPHHPPHPPHPPPP
635,PHPPPHHPPPHPHPPPPPPPHPHPPPPHPP
636,PPPPPPPPHPPHHPHPPPPPHHPPPHPPPP
637,PPPHHPPPHPPPPHPPPPPHPHPPPHPPPP
638,PPPPPPPPPPPPPHHPPPHPPPHPPPHHPH
639,HPHPPHPPPHPPPPPHHPPPPPHPPPPHPP
640,PHPHPPPHPPHHPPPHPPPPPPPHPPHPPH
641,PPHPPPHHPPHPHPPPPPPHPPPPPPPHPP
642,PPPHPPPPHHPPPPPPPPPHHPPPPHPPPH
643,PHPPPHPHPPPPPPPHPPPHPHPHPHPHPP
644,HPHPPPPPPPHHPPPPPHPPPHPPHPPPPP
645,PPPHPPPPHPHPHPPHPPHPPPPHPPPPHH
646,PPPHPPPHPPPPPPPPPPHHPHPHPHPPPH
647,PHPPPPHPPPPPPPPPHPPHPPHPHPPPPH
648,HPHPPPPPPHPPPHPPPPPHPPPPPPHHHP
649,HHPPPPPHHPPPHHPPPHPPPHPPPPPPPH
650,PPPPHHPHPPPPPPPPPHHPPHPPPPHPHP
651,PPPHPHPPPPPPPPHHHPPHPHHPPPPPPP
652,HPHPPPHHPPHPPPPPPHHPPHPPPHPPPP
653,PPPPPPHPPPHHPPPPPPPPPHHHPHHPPH
654,HPPHHPPPHHPPPPPHPPHHPPPHPPPPPP
655,HPPHPPHPHPHPPPPPPHPPPPPPHPHPPP
656,PHHHPPPHHPPHPPHPHPPPPPPPPHPPPP
657,HHPPPPPPPPHPPPHHPPHPPPPPPPPPPH
658,PHHHPPPPPPPPHHPPHPPPPPHPPPPPPP
659,PPHHPHPHPPPPPPHPPHPPPPPHPPPHPP
660,PPHPHPHHPPPPPPPPPHPPPPPPHHPPPP
661,PPHHHPHPPPPPPPPHPHPHPPPPPHPPPP
662,PHPPPHPPHPHPPPPHPPPPPHHPPPHPPP
663,PHHPPPPPPPHPPPPHPPPPPPPPHHHPHP
664,PPPPHHPHPPPPPPHPPPPHPHPPHPHPHP
665,PPPPPPHPHPHPHPPPPHHPPPPPHPPPPP
666,PHPPPPHPHHHPHPPPHPPPPPPPPPPPHP
667,PPPPPPHPPHHHPHPPPPHHPPPPPPPPHP
668,HPHPPPPPHPHPPPHPPPHPPPPPPPPHHP
669,PPPHPPPHHPPPPPPPPPPPPPPPPHHHHP
670,PHPHHHHPPHHPPPPPPPPPHPPPPHPPPP
671,PPPPPPPPHPPPHPPPPHPHHHHPHPPPPP
672,HHHPPPPPPPHPPPPPHPHPHPPPPHPPPP
673,PPPPPPHPPHPPPPPPHPPPPPPPHPPHHH
674,HHHHPPPPPPHPHPPPPPPPPPPHPPPPPP
675,PPPPPHPPPPPHPHPPPPHPHHPPHPPPPP
676,PPHHHPPPPPPPPPHPPHPHPHPPHPHPPP
677,PPPHPHPHPPPPPPHPPHPPPPHPPPPPHH
678,PHPPHPPHHPPPPPPPPPHPPHPPHPPPPP
679,HHPPPPHHHPPHPPPHPPPHHPPPPPPPPP
680,HPPHPPPPPPHPPPHHPPPPPHPHPHPPHP
681,PPPHPPPHHPPHHPPHPPHHPPPHPPPPPP
682,PHPPPHPHPPHHPPPPPPHPPPPPHPPHPP
683,PHHHHPPPPPHPPPHHHPPHPPPPPPPPPP
684,PPHPHPPPPHPPPHPHPPPPHPPPPPHPPH
685,HHHPHPPPHPPPHPHPPPPPPPPPPPPHPP
686,PPHPPPHPPPHPHHPPPPPPPPPPHPHPPH
687,PHPHPPPPHPPPPPPHPHPPPHPPHPPPHH
688,HHPPPHPPPPHPPPPPHPPPPPHHHPPHPP
689,PPPPHPPPPPHHPPHPPHPPPHHHPPPPPP
690,PHPPPPPPPPHPPHPPHPPPPPHHPHHPPH
691,PHHPHPPPPPPHHPPPPPHPPPPPPHHPHP
692,PPPPHPHPHHPPPPPPHPPPPPPPPHHPPP
693,PPPPPPPPPHPPPPHPPPHPPHHPHPHHPP
694,PPPHHPPPPPPPPPHPPHPPPPPHPPHHHP
695,PPPPHPPPPPPPPPHPPPHPHPHHHPPPPH
696,HPHPPPPHPPHPPHHPHHPPPPHPPPPPPP
697,PPHPPPPPHPPPPPHHHPPHPHPPPPPPPP
698,PHPPPPHPPHPPHPHPPPPPHHPPPPPPPP
699,PPHPPHPPHPHPPHPPPPPPPPHPHPPPHH
700,PPHHHPHPHPPHPHPPPPHPHPPPPPPPPP
701,PHPHHHHPPPPPHPPHPPPPPPHPPPHPPP
702,PHHPPHPPPPPPPHHPPPPPPPHPHPPHPP
703,PPPPPPPPHPPHHHPPPPHHPPPPHPPPPP
704,PPHPHPPHPPPPPHHPPPPHPHPHPHPPPP
705,HPPPPPPPPPPHHHHPHPPPHPPPPPPHPH
706,HPHPPPHPPHHPPHPPPPPHPPHPHPPPPP
707,HHHPPPPPPPPHPPPPHPHPPHPPPHPPHP
708,HPHPPPPHPPPPPPPHPHPPHPHHPPPPPP
709,PHPHPPHPPPPPPPPHPPHPPHPPPPPPHP
710,PPHPPHPPPPPPHHPHPHPPHPPPPPPPPP
711,HPPPPHHPPHPPPPPPPPHHPPPPHPPPPP
712,PPHHPHPPPPPPHHHPPPPPPHPPPPPPPP
713,HPPPHHPHPPPPHPPPPPHPPPHHHPPPPP
714,PPPHPPPPPHPPHPPHPHPPPHPPPHHPHP
715,PPPPPPPHHHPPHPPPPPPPPPHPHPHPPP
716,PPHPPPHPPPPPPPPPPPPPPHPHPHHHPP
717,PHPHPPPPHHHPPPPPPPPPPPHPHPHHPP
718,PPHPPPHHPPHPHHPPPHPPPPPPPPPPPH
719,HPPPPPHHPPHPPPPPPPPHPHPHPPPHHP
720,PHPPPPHPPHPHPHPPPHHPPPHHPPPPPP
721,PPPPPPPHPPPHHPPPPHPPHHPHPPPHPP
722,PHPHPHPPPPPPPHPHPPHPPPPPPHHPPH
723,PPPPPHHPPPPPPPPHHHHPPHPPPPPPHP
724,PPPPHPPPHHPPPHPHPPPPPPPHPPPHPP
725,PHPPPPHPPHHPHHPPPHPPPPPPPHPPPP
726,HPPHPPPPPHPPPPPHPPPPPPPHHHPPPH
727,PHHPPHPHPHPHPHPPHPPPPPPPHPPPPP
728,HHPPPPPPHHPHPPPHPPHPPPPPPPPPPP
729,PHHHPPPHPPPPHPPHPPPPPPPPPPHHPP
730,PPPPPPHPHHHPHPPPPPPHPPHPPPHPPP
731,PPPPHHPHPHPPPPPPHHHPPPPHPPHPPP
732,PPPPPPPHPPPPPPPHPPPPHPHHPHPPHP
733,PPPPPPPPHPHHPPPPHPHPPPPPHPHHPH
734,PPHPHPPPPPPPPPPHHPHPPHPHPPPPPP
735,PPHPHHHPPHPPPPPPPPPPPPHPHPHPPP
736,PPPHPPHPPHPPHHPPHPHPPHPPPHPPPP
737,PPPHHPPHPPPHPPPPHHPPPPPPHPHPPH
738,PHPPHPPHHPPPHPHHPPPPPPPPHPPPHP
739,HHHPPPHHPHPPHHPPPPPHPPPPPPPPPP
740,HPPPPPHPPHPPHHPPPHPPPPPPHPPPHP
741,HPHPPPPPPPPHHPPPPPPPPPPPPHHHPP
742,HPHPPPPPPPPPHHPPPHHPPPPPPHPHHP
743,PPPHPPHHPHPPPPPHHPPHPPHPPPHPPP
744,PPHPPPPPPPPPHPHPPPHPHPPHPPPPHP
745,PPPPPPHPPPPPPPPPPHHPHPPHPHHHPH
746,PPPPPPPPPPHPHPHPPPPHPPPPPHPHPH
747,PPPHPHPPHPPPPHHPPPHHPHPPPPPPHP
748,PPPHPPPHPPHPPHHHPPPPPPPHPPPHPP
749,HPPHHHPPPHPHHPPPPPPPPPHPPPPPHP
750,PPPPPPPPHPHPHPPPPHPPHPPPPPPHHP
751,HPHPHPPPPPPPHPHHPPPPHPPPPPPHPH
752,PPPPHHPPPPPPPPHHPPPPPPHHHHPPPP
753,HPPPPHPPHHHPPPPPPHHPPPPPPPPPPH
754,PPPPPPHPHPPHPHPHPPPPPHPPHHPPHP
755,PPPHPHPHPPPPPHPPPHHPPPHPPPHPPP
756,PPPPHHPPPPHHPHHPPPPPPPPPHHPHPP
757,HPHHPPPPPPPHPHPPPPPHPHHPPPPHPP
758,PPHPPPHPPHPPPPHPHPPPHPPHPHHPPP
759,PPHPPPPPPPHPHPPPHPPPPPPPPHPHHP
760,PHPPHPPPPPPPPPPPPPHPPPPHHPHHPP
761,PPPPHPPPPPPHPPHPHHHPHPPPHPPPPP
762,PPPHPPPPPPHHHPHPPPHPHPPPPPPPPH
763,PPHPPHPPPPPPPHPPPPPHHPHPPPHPPP
764,PPPPHPHPHHPPPHPPPPHPHPPHPPPHPP
765,PPPPPPHPPPHHPHPPPPHPPPHPHHPHPP
766,HPPHPPHPPHPPHPPPPPPPPHHPPPHPPP
767,PPHPPPHPHHPPHPPPPPPHPPHPPPPPPP
768,PPPPPHPPHHPPPPPHHPPHPPPPPPPPHP
769,PPPPPPPPPPPPHHHHPHPPPPPPPPHPPH
770,PPPPPPPHHPPHHPPPPHPHHHPPPPHPPP
771,PHPPPPHPPHHPPPPHPHHPPPHPPPPPPH
772,PPPPPHPPPPPHPPPPPPPPHPHPPPPHHH
773,PPPHPHPHPPPHPPPPPPPHPPPHPHPHPH
774,PPPPHPPPPPPPPPPPHHPPHPPPPPHHHH
775,PPPPPPHPPHPPPPPPPPPPPHHPHHHPHH
776,PPPHPHPHPPHPPPPPPPPPPPPHPHPHPP
777,PPHPPPHPPPHHPPPHHPPPPHPHPPHPPP
778,PHHHPPHHPPPPPPPPPPPPPPPHPPPHPP
779,PHHPPPPHPPHPPPPHPPPPPPPPHHPPPP
780,PPPHPPHPPPPPPPHPHHPPPPPPPPHPHH
781,HPPPPPPHPPPPPHPHHPPPPHHPPPPPHP
782,PPHPPPPHHPHHPPPPHPHPPPHPPPPPHP
783,PPPHHHPHPPPPHPPPPPPHHPPHHPPPPP
784,HPHPPPHPPPHPPPPPPPHPHPPHPPPPPH
785,HHPPPHPPPPHPPPHHPPPPPPPHPHPPPP
786,HHPPPPPHPPPPPPHPHHHPHPPPPPPPPH
787,PPPPHHHPPPHPPPPPPPHPPPPPPHPPHP
788,PPPPHHHPPPPPPHHPPPHPPPPHPPPPPH
789,HPHPPPPPPPHPPHPPPPHPPPPPHPPPHP
790,PHHPPPPPPPHPPPHHPPPPPHPHHPHPPP
791,HPPHPPPPPPPPPHPPHPPPHPPPHPPPPH
792,PPHPPPPHPHPPPHHPHPPPPPHPHPPPHP
793,PPPHPPPPHPPPPHPPPPPHPPPHHPPHHP
794,PPHPPPPPHPPPPPHHPPHPHHPPPHHPPP
795,PPPPPHPHPHHPPPPPPPPPPPHPPHPHPP
796,PPPPPPHPPPPPHPPPPPHPHHHPHPHPPH
797,PPPPPPPPPPHPPHPPPHHHPPPHPPPHPP
798,PPPPPPPPPPPHPHPHPPPPHPPPPPHHPH
799,PHPPPPHPPPHPPPHPHPPPHHPHPPPPPH
800,HPHPPPPPHPPPPHPPPPHPHPPPPHPPHH
801,PHPPHPPPHPPPHHPHPPPPPPPHPPHPPH
802,PPPHHPPHHPPPPHHPPPPPPPPPPPPPPH
803,PHPPPHHPPPPPHPHPPHPPHPHPPPPHPP
804,HPPPHPPHPHPHPPPPHPPPPPPHPPPPHH
805,PPPHPHPPPPPHPHPPHPPPHPPPPPHPPH
806,PPPPPPHPPHPPPPPPPHPHPHPPPPHPHP
807,HPPHPPPPPPPHPPHHPPPHPPPHHPHPPP
808,HHHPPPPHPPPPPPHPPPHPPPPPPPHPPH
809,HHHPPPPHPPPPPPPHPPPPPPPHHPPPHP
810,PPPPPPPHPPPHHPPPPPPHHHPHPHPPPP
811,PHPPPPHPPPPPPHPPPPPPHPHHPHPPPP
812,PHPPPPPHPPPPHPPHPHPHPPPPPHPPPP
813,PPPPPPPHPHPPPHPHPPPPHPHPPPPPHP
814,HPPPPPPHHPPHPHHHPHPPPPPPHPPPPP
815,PHHPHPPPPHPPHPPHPPPPPPHPPPPHPP
816,HPPPPHPPPPPPHPHHPPPHPPPPPPPHHH
817,PPHHPHPPPPPPPHPHPPPPHPHPHPPPPH
818,PPPHPHHHPPPPPPHPHPPPPHPPPPPHPP
819,HPHHPHPPPHPPHPPHPHPPPPPPPPPPPH
820,PHHPHHPPPPHPPPPPPPPHHPPHPPPPPH
821,PHPPPPPHPPHHPPPPHPPHPHPPPPPHPP
822,PPPPHHPPPHPPPHPPPPPPPPPHHPPPPH
823,HHPPPPHPHPHHPPPHPPPPPPHPPPPPPP
824,PPPHPPHPPHPPPHPPPPPPPPHPPPPHHP
825,PHPPHPPPPPPPPHPPPPHHPHPHPPPPPP
826,PPPPPPPPPPHHPHHHPPPPHPPPHPPPPP
827,PPHHPPHPPPPPPPPHPPPPPPPHPHPPPH
828,HPPPPPHPPPHPPPPHPPPHPPPPPPHPHP
829,PPHHPPHPHHPPHPPPPPPHPPPPPPPHPP
830,PPPPHHHPPPPPPPPPPHHPPPPHPPPHPH
831,PPPHPPPHHPPPHPPHPPPPPPHHPHPPPP
832,PPPPPPPPPHHPPHHPPPPPHHPHHPPPPP
833,PPPPHPPHHPPHHPPPHPPHPHPPPPPPPP
834,HPPPHPPPHPPPHPPHPPPPPHPPPPPPHP
835,PPPPPHPPHPPPPHPPPPPPPHPHPPPPHH
836,PHPHPPPPPPPHHPPPPHHHPPPPPPHPPH
837,PPHPPHPPHPPHPPPHPPPPPPPPPHHPHH
838,PPHPPHPPHPPPPHPHHPPHPPPPPPPHPH
839,PHPPHHPPPPPPPPPPPPPPHHPHHHPPPH
840,PPPPPHPPHPPPHHPPPPPHPPPHPHHPPP
841,HPPPPPHPPPPHPHPHPPPPPPPPPPHHPH
842,HHPPPPPHPPPPPPHPPPHHPPPPHPPHPP
843,PPPPPPPHPHHHPPHPPPPPHPHPPPPPPH
844,PPHPPPPPPHPPPPPPHPHPPPPPPPHHPH
845,HPPPHPHPPPPHPPPPPPPPPPHPHHHPHP
846,PPHHHHPPPHPPPHPPPPPPPPHPPPHPPP
847,HPPPPPPPPPHPPPHPPPPHHPPHPPPHPP
848,PHPHPPHHPPPPPPPPHHHPPPPPPPHPPP
849,PPPPPPPPPPPHPPPHHPPPPHHPHHPHPP
850,PHPPPPPPPPPHPPPHPHPPHPPHPHPHPP
851,PHPPPHHPPPPPHPPPPPPHPPHHPHPPPP
852,PPPPHPHHPHHPPPPPPHPHPPPPHHPPPP
853,PPPPHPPHPPHPHHHPPPPHPHPPPHPPPP
854,HPPPHPHPPHPHPHPPHPPHPPHPPPPPPP
855,PHHHPPHHPPPPPPPPHPHHPPPPHPPPPP
856,PHPPPPPHPPPPPPPPHHPHHHHPPPPHPP
857,PPPHPHPPHPHPHHPPPPPPPPPPPPHHPP
858,PHPPPPHPPPPHPPPHPHHPPPHHPPPPPP
859,PPPPHPPPPPHHPHPPPHHPPPPPPPHPPH
860,PPPPPPPPHPPPPPHPPPPHPPHPPHHPHH
861,PPHHHPPHHPPPHPHPPPHPPPPPHPPPPP
862,PPHHPPPPPPHPPPPPPPPPPPPHHHHPPP
863,PHPHHPPPPHPPPHHPPPPHPPPPPHPPPP
864,PHPPHPPPPPPPPPHPPPPPPPHHPPPHHH
865,PPPPHPHPPHHPPPHHPPPPPPHPHPHPPP
866,PPPHPPPHPPHHHPPPPHPPPPPPHPPHPP
867,HHPPPPPPHPPPPPPPPHPHPHPPHPPHPP
868,HHPPPPPPPPPHPPPPPPHHPPPPHPHPPP
869,PPPPPPPPHPHPHPPPPPHPPPHPPPHPPH
870,HPPPPHPPHHPPPPPPHHPHPPPHPHPPPP
871,PPPPPPPPPHHHHPPHHPPPPPHPPPHPPH
872,PHHPPPPHPHPPPHPHPPPPPPPPHPPPHP
873,PHHHPHPPPPPPPPPPPHPHPPPPPPPHHP
874,PHPPPHPHHPPHPPPPPHPPHPPHPPPPPP
875,PPPHPHHPPPHPPPPPPPPPHPPPPHPPPH
876,HPPHPPHPPPPPPHPPPPPPPPPHHHHPPP
877,PPPPPPPHPPPPPPHHPHPHPPPHHPPPPP
878,PPPPPHPHHPHPHPPPHHPPPPPHPPPPHP
879,PPHPPPPPPPPPPPHPPPHPHHHPPPPHPP
880,PHPPHPHPHHPPPPPPPHPPHPHPPPPPHP
881,PPHHPHHPPPPPPPPPPHHPPPHPHPPPPP
882,HHHPPHPHPPPPHPPPPPPHPPPPHPPPPH
883,HPPPPPHPPPPPHPPPPHPPPPPPPPPHHH
884,PPPHPHPHPPPPPHHHPHPPPPPPHPHPPP
885,HPPHPPHHPPHPPPHPHPPPPPPPHHPPPP
886,PPPPPHPHPPPHPPHPHPPPPPPPPPHPPH
887,HPPPHPHPPHHPPPPPPPPPPHPHHPPPPH
888,PHHHHPPPHPPPPPPPPPPPHHPPPPPPHP
889,PPHPHHPPPPHPPPPPPPPPPHPPPPHHPH
890,PPHHPPPPHHPPPPPHHPPPPPPHPHPPHP
891,PPPPHPHHHPHPPHPPPPPPPPHPPHPPPP
892,HPPHPPPHPPPPHPPPPPPPPPHPPPHHPP
893,PHPPPHPPPPHPHHPPPPHPHPPPPPHPPP
894,PPPHPHHHPPPPPHHHPPPPPPHPPPPPPP
895,PHPHPHPPPPHPPPPPPPPHPHPPPHPPPP
896,PPHHHHPHHPPPPPPPHPHPPPPHPPPPPP
897,PPPPPHPHPPPPPPPPPHPHPHHPPPHPPH
898,PPPPPPPPPPPPPHHPPHPPHPPPPHHPPH
899,PHPHPPPHPPPPHHPPHPPPHPHPPPPPHP
900,PPPPHPPPPHPHPPPHPPHPHHPPHHPPPP
901,PHPPPPPPPPPHPPPPHPPHPPPHPPHPPH
902,PHPPPPPHHPPPHPHPPHHPPPHHPPPPPP
903,PPPHHPPPPHPHPPPPPPPPPPHPHPPHHP
904,HPPPPPPPHPPPHPPPPPHPHPPHHPHHPP
905,PPHPHPHPPPPPPPPPPPPHPHPPHHPPHH
906,PPPHPPHPPPHPPHHPPPHPPHPPPHPHPP
907,PPPPPHHPPPPPPPPPHPHPPHHHPHPPPH
908,PPPPHPHPHPPHPPHPPPHHPPPPHPHPPP
909,PPHPPPPPPPPPHPPPPPPPHPHPHPHPHP
910,HHPPPPPPHPPPPHPPPHPHPPPPPPPPHH
911,HPPPPPPPHHPHHHPHPPPPPPPPPPPPPH
912,HHHPPPPPPPPPPPPHPHPPPPPHPHPPPP
913,PPHPPPHHPHPHPHPPHPHPPPPPPPPHPP
914,PHPPPHHPHPPHPHHPPPPPPPPPHPPPPP
915,PPPHPPPHPPPPHPPPPHPPHPHPHPPPHH
916,PHPPPHPPPHPPPPHHPPPPHPPHPPHPPH
917,PPPHPPHPHPPPPPPPPPPPPHPHPPHPPH
918,PPPPPPPPHPHPPPPPPPPHHPPPPHPHHP
919,PHPPPHPPPPPHPPPPPHPHHPHHPPPPHP
920,PPPPPPHHPPPPHPPPHPPHPPHHPPPHPP
921,PPPHPHPPPHHPHPHPPPPPPPPPPPPPPH
922,PHHPPPHPPPPPPPPPPPPHPHHPPPPPHP
923,PPPHPPPHPPHPPHPPPPPPPHHPPHHPHP
924,HPPPPPPPHPPPPPPHPHPPPPHHHPPPHP
925,HHPPPPPPPPPPPHPPHPPHHPPHHPPPPP
926,PHPPPHPPPPPPHPPPHHPPHHPHPPPHPP
927,PHPPPPPPPPHHPPHPHHPPPPPPPPHPPP
928,HPPPPPPPPPPPHHHPHPPHPPPPPPPPHP
929,PPHPHHPPPPHPPPPHHPHPPPHPHPPPPP
930,PPHPHPPPHPPPPPPPPPPHHHPPPPPPHH
931,HHPPPHPPPPPPPPHPPHPHPPPPPPPPHP
932,PPHPPPPPPHHPPPPPPPHHPHHPHPHPPP
933,HHPPPHPPPPHPPPPHPHPHPPPPPPPPPP
934,PHPPPPPPPPHPPHPPPHHPPHPPHPHPPP
935,PHPPPPPPHPPPHPPPPPHHPPPPPPHPHP
936,HPPPPPHPPPPPPHHPPHPPPHPPPHPPPP
937,PHPPPHHHPPPHPHPPHPHPPHPPPPPPPP
938,PPHHPPPPPPPHPPHHPPPHPHPPPHPPHP
939,PPPPPPPHPPPPPHPPHPHPHHPHPPHHPP
940,PPPPPHHPHPPPPPPPPPPHPPPHPHHPPH
941,HHPHPPHPPPPPPHPHHHPPPHPPPPPPPP
942,PHPPPPPPPPPPHPPPHPHPHPPHPHHHPP
943,PPPPPHHPHPHPPPHPPPHPPPPPHHPPPP
944,HHPHPPPPPPPHPPPPPPPPHHPHPPPPPP
945,HPPPHPPPPPPPHHPPPPHPPPPPPPHHPH
946,PPPPPHPPPPPPPHPPPHPPHPPHHPPPHH
947,PHPPPPPPPPPPPPHPHPHHPPHPPHHPPH
948,PPPPHPPPHPPHPHPPHHPPPPHPPPHHPP
949,HPPPPPPHPPPPPPHPPHPPPPHHHPPPPH
950,PPPPPHPPHPHPPPHPHPHPPPPPPHPPPH
951,PPPPPPHHPHPHHPHPPPPPPHHPPPPHPP
952,PPPPHPPPPPPHHPPPPPPPPPHHPPHPHH
953,PHPPPHHPPPPPHPPPPPHPHHHPPPPPPP
954,PPPPPPPPHHPHPPPHPPPHHPPHPPPHPH
955,PPPHHPHPPPPPPPPHHPPHPHPPPPPHPP
956,PPHPHPPPHPPPPHPPPHPPPPPPPPHPHP
957,HPHHHPHPPPPPPPPHHPPPHPPPHPPPPP
958,PPPPPPHPPPHHPPPPPPPPHPPHPHHPPH
959,PPPPPHHHPPHPPPPPPHPPPPPPPPHHHH
960,PHPPHPPHPPHPPPPHPPPHPPPPHHHPPP
961,PPPHPPPPHPHPHPPHPPHPHPPHHPPPPP
962,PPHHPHPPPPPPPHHHPPPPPHHPHPPPPP
963,HPPPPPHHPHPPHPPPPPPPPPPPHPPHHP
964,PPPHHPPHPHPPPPPPPPPPHHPHPPPHPP
965,HPPHPPPHPPPPPPPPPHPPHHPPPHHPPP
966,PPHHPPPPPHPPPPPPPPHHPPPPHPPPHP
967,HPHHPPPHHPPHPPPPPPHPPPHPPPHPPP
968,PPPPPPPPPPPPHPPPHPPPPPPHHHPHHH
969,HPPPPPPPPPPPPHPHPPHPPHPPPPHPPH
970,PHHHPPHPPPHHPHPPPPPPPPPPPHPHPP
971,PHPHPHPPPPHPPPPPPPHHHHPPPHPPPP
972,HPPPPHPPPPPPPPPPPPHPPHHPHPPPPH
973,PHPPHPPPHPPHPPPPPHPPHHPPPPPPPH
974,PPPPPPHHHPPPPHPPPHPPPPPHPPPPPH
975,HPPHHHPPPPPPPPPHPHPPHPPPPPPPPP
976,PHPHPPPPPPPPHPPPHPHPPPPHHPHPHP
977,HHPPPPPPHPPHHPPPHPHHPPPPHPPPPP
978,HPPPHHPHPPPPHPPPPPPPPPPHPHPPPH
979,PPPPPPPPPHPPHPHPHPPPPPHHHPPHPP
980,PPPHPHPPPPPPHPPHPPPHPHHPPPPPHH
981,PHPHPHPPPPPHPPPPPPHPHPPPPPPHHP
982,HPPPPPHPPHPPPHHPPPHPPPPHPPHPPH
983,PPPHPPHPHPHHPPPPPPHPHPHPPPPPHP
984,PPPHPPHPPHPPHPPPHPHPHPPPHPHPPP
985,PPHPPPHPHHHPPPPPPHPHPPPPPPHHPP
986,PHHPPPPHHPHHPPPPPPPPPHPPPHPPPP
987,PHPPPPPPPPPPPPPPPHPPPHPHHHPHHH
988,PPPHPPPPPHHPPHPPHPPPHPPPPPPHPP
989,PHHPPPPPPHHPHPPHPPPHPPPPPHPPPH
990,PPPPPPHPHPPPHHPPPPPHPPPPPHHPPP
991,HPHHPHHPPPPPPPPPPPPPPHPPHHHPPP
992,PPPPPPPHPPPPPPPPPPPHPHHHPHHPHP
993,PPHPHPHPPHPPPPPHPPPHPPPHPHPHPP
994,PPPPPHPHPPPPPHPPPPHPPPHPHHPPPP
995,PPHPPHHPPPPPPPHHPPPHPPPHHHPPPP
996,PPPHPPPHPHPPPPPPPHHHPHPPPHHPPP
997,PPPPPPHPPHPHPPPPPHPPPHPHPPPHPP
998,HPHPPPPPPPPHHHPHPPHPPPPPPHPPPH
999,PHHPPPPPPPPPPPPHPPPPPHHPHHPHPP
1000,HPPPHHHPPPPPHHPPPHHPPPHPPPPPPP
1001,PPPHHHPPPHHPPPPPHPPPPPPPHPHPPP
1002,PPHPHPHHPPPPPPHPPPPPPPPHPHPHHP
1003,PPHPPPPHPHPPPPPPPPHPPHHHHPPPHP
1004,PPPHPPPHPPPPPHPHPPPPPPPPPHHPHP
1005,PPPHPPPPPPPPPPHPPHPHPPPPHHPHPH
1006,HHPPPPPPPPHPPHPPHHPPPPPPPHPPPP
1007,PHPPHPPPPPHPPPPHPHPHPPPPPPHPPH
1008,HPHPHPPPPHPPPPPPPPPHHHPPPPPPPP
1009,PHPHPPPPHPHPHPHPHPHPPPPPPHPPPP
1010,HPHPPHPPPPPPPHPPPPHPPPHPPPPHPP
1011,PHPPHPPPPPPPPHPPPPPHPPHPPHPPPH
1012,PPHPPPPHPPPPPHHPPHPPHHPPPHPPPP
1013,HHHPPHPHPHPPPPPPPPPHPPPPHPPPPP
1014,HPPHPPHHPPPPHPPPPPPPPPHHPPPHPP
1015,PPHHPPPPPPPPPHPHPPPPPHPPPHPPHH
1016,HHHHPPPPPPPPHPPPPHPHPPPPPPPHPP
1017,PPPPPPHPPHPPPPHPPPPHPHPPHPHPPP
1018,PPPHPPHPPPHPPPHPPPPHPHPHPPPHPP
1019,HHPHHPHPPPPPPPHPPPPPHPPPPPPPPP
1020,HHPPPHPPHPHPPPHPPPPPPPPHPPPPPH
1021,PPPPHPPPPHPPPPHHHHPPPPPPPPHHPP
1022,PPPPPHPPHPPPPPHPPHPPPPHPPPHPHH
1023,HPPPHHPPPPHPHPPPPPHPPHPHHPPPPP
1024,PHPPHPHPHPPHPPPPPPPPHHPPHHPPPP
1025,PPPHPPPPHPHPHPPPPPPPPPPPHPPHPH
1026,PHPHPHHPPPPPPHHPPPPPPPPPHPPPPH
1027,PPPPHHHPHPHHHPPPPPPPPPPHPPPPPP
1028,PPPPPPHHPHPPPHPPPHPHPPPPPPHPPP
1029,HPHPPPHHPPPPPPPPHPPHPHPPPPPHPH
1030,PPPPPPPPHPPHHPPHHPHPPPPPPPPPPH
1031,PPPPPPPPPHHPPHPPPPPPHPHHPPHPPH
1032,PHHPHPPHPPPPHPHPPPHPPHPPPPPPHP
1033,PHPHPPPPPPPPPPPPPPPPHHPHPHPHHP
1034,PPPHHHPHPPPPPPHPPHPPHHPPPPHPPP
1035,PPHPPPHPPPPPHHPPPHHPPHPPPPPPPP
1036,PHHPPHHPPPHHHPPPPPPPPPPPHPPPPP
1037,PPPPPHHHPPPPPPPHHPHPPPPHPHPHPP
1038,HHPPPPHPHPPPPPPPPPPHHPPPPPHPPH
1039,PPPPPHPPPPPPPHHHPPPPPPPHHHHPPH
1040,PPHHPHHPHPHPPPPPPPHPPPPPPPHPPH
1041,PPPPPHPHPPPPHHPPPPPPHPHHPPHPPP
1042,PPHPPPPPPPPPPHPHPPPPPPHPPHPHPH
1043,PPPPPPHPPPPPPHHPPHHHPPHHPPPPPP
1044,HPPPHHPPPHPPPPPPPPPPHHPPPPPPPH
1045,PHPHPPPPPHPPPPHPPHPHPPPHPPPPPH
1046,PPHPPHHPHHPPHPPPPHPPPHPHPPPPPP
1047,HPPPPHPHPPPPPHHPPPHPPPPHPPPPPP
1048,PPPPPPHHHHPPPPPPPPPPPPPPPHPHHP
1049,PPPHPPHPPPPPPPPPHPHPHPPHPPHPPP
1050,PHPPHPHPPPPPPPPHPHPPPPPHPPPPHP
1051,PPHPHHPPHPPPPPPPHPPHHPHPPPPPPH
1052,PPHPPPPPPHHPPPHHHPPHPPHPPPPPHP
1053,HPPHPPPPPPPHPHHPPPPPPPPHHPHPPH
1054,HPHPPPPHPPPPPPPHPPPPPPHHPHPPPH
1055,PPPPPPPPPPPHPPHHHPHPPPPHHPHPPP
1056,PPPPPPHHHPPPPPPPPPPHPHPHPHPPHP
1057,PPPPPHPPHPPPPPPPPPPHHPPHPPHHPP
1058,PHPPPHHPPPPPHPPPPPPHPPHPHPPPPP
1059,HPPHPPPHHPPPPPHPHPPPPPPPPHPPPP
1060,PPPPPPHHHHPPHPPHPHPPPPPPPPPPPP
1061,HHPHPPHPPPHPPPPPHPPPPHPPPPPHPP
1062,PPPPPHPHPHHHPPPPPPPPPPHPPPPHPP
1063,PHHPPPPPPPPPPHPHHPPPPHPHHPPPHP
1064,PPHPHPPHPPPHPPHHPPPPPPPHPPPPPP
1065,PHPPPPPHPHPPPPHPPPPPPPHPPPPHHP
1066,PPPPPPPPPPPHPPHHHHPPHHPPPHHPPP
1067,HPHHPPPPPPHPPPHPPPPPHPPHPPPPPH
1068,PPPPPPHPHPHPPHPHHPHHPPPHPPPPPP
1069,HHPPHPPPPPPPPHHHPPHPHPPPPHPPPP
1070,PPPPPPPPPHHHPPHPHPPPPPHPPHHPPP
1071,HHPHPPPPPHPPPPPPPPHPPPPHPHPPPP
1072,PPHPPPHHPHPHPPPPPPPHPPHPPPHPPH
1073,PPHPPPPPPHPHHPPHPHPPPPPPPPPPHP
1074,HPHPHPPPPPPPHPPPPPPPHPPPPPHPHP
1075,PPPPPPPHPPPPHPHPPHPPHPPHPPPPHP
1076,PPPPPPPPPPPHHHPHHPPPPPHHHPPHPP
1077,HHPHPPPPHPPPPPHPPPPPPPPHHPPPPP
1078,PPPHHPPPPPPHPPPPHHPPPPPPHPPHPP
1079,PPPPPPHPPHHHPPHPHHPPPHPPPPPPHP
1080,PHPHPPHHPPPPPPPPPPPPPPPPHPHPPH
1081,HPHPPPPPPPHPHHPHPPPPPPPHPPPHPH
1082,PHHPPHPPPPPHHHPHPPPPPPPPPHPPPP
1083,PHPPPPPPPHHPPPPHPHPPPPHHPHPHPP
1084,PHPPPPPPHPPPHPPPHPPPPHPPHHPPPH
1085,HPPPPPPPPPPPHPHPHPPPHHPPPPHHPH
1086,HPPPHPPPPPPHPPHPPHPPPHHPPPHPPH
1087,PPPHPPHPPPPHHHPPPHPPPPPPHPPHPP
1088,PPPPPPPHPPPPPPPPPPPHHHPPPHHHPP
1089,PHPPPHPPPPPHPPPPHHHPPPPHPPPPHP
1090,PPPPHPPPHPHPHPHPPHPPHPPPPPPPHH
1091,PPHPHHPPHHPPPPPPPPPHPHPPHPPPPP
1092,PPHPPPPPPPHHHHHHPPHPPPHPPPPPPP
1093,PPHHPHPPHPPPPPHPHPPHPHPPPPPPPP
1094,PHPHPPPPPPHPPHPPPPPPPHHHPPPHPP
1095,PHPPPPHPHPPHPPPPPHPPPPPHPPPHPP
1096,PPPPPPHHPPPHHPPHPHHPPPHPPPPPPP
1097,HHPPHPPHPHPPPPPHPHPPPPPPPPPHPH
1098,HPPPHHPPHPPPPHHPPHPPHPPPPPPPPP
1099,HPHPPPPPHPPPHHPPHPPPHPPPPPPPPP
1100,HPPPPPHPPHHPPHPPPHPPPPPHPHPHPP
1101,PHHPHPPPHPPPHHHPPPPHPPPPPPHPPP
1102,PPPPHPHHHPHPHPPHPPPPPPPPPPHHPP
1103,PPPPPHPPPPHPPHPPPPPPPPHHPPPPHH
1104,PHPHPHPPPPPPHPPHPPPPHPPPPPHPHP
1105,PHHHPPPHHPPPPPPPPHPPPPPPPHPPHP
1106,PPPPPPHPHPPPHHHPPPHPPPPPPPHPPH
1107,PPHPPPPHPPPPHPHPPPHPPPPPPHHPPP
1108,PPHPPPPPPPPPHPPHPPPPHPHHPPPHPP
1109,PPHPHPPPPPPPPHHHPPPHPPPPPHHPPH
1110,PHPPHPPPPHPPPPPHPHHPPPHPPPPPPP
1111,PHPHPPPPPPPPHPHHPHPPPHPHPPPPPP
1112,HPPPHHPPPPPHPPHPPPPPPHPPPHHHPP
1113,PHHHPPPPPPPHPHHPPPHPPPPHPHPPPP
1114,PPPPPPPHHHPPPHPPHPPPPPPHHPPPPP
1115,HPPHPPPPPPPPPPPPHPPPHPPPHPHPPH
1116,PPPHPPHPPHPPHPHPPPPPHHPPPPPPHP
1117,PPPPPPHPPPPPHPHPHHPPPPHHPHPHPP
1118,HPPPPPHPHPPPPPHPHHPPPPHPHPPPPH
1119,PPHPPPHHPPPPHHHPPPPPPHPHPPPHPP
1120,PPPHPHPPHPPHPPPPPHPPHHHPPPPPPH
1121,PPHPHPPPPPPPPPPPHPPPHHPHPPHPPH
1122,PPHHPPPHPPPPPPPPPHHPPPPPPPPPHH
1123,PPHPPPPPPPPHPPPHPPHPHHHPHPPPPH
1124,PHPHPPHPPPPPPPPHHPPPPHPPPPPPHP
1125,PHHPPPPPHPPPPPPHPHPPPPPPHPHPPH
1126,HHPPHPHHHPHPPPHPPPPPPPPPPPHPPP
1127,PPHPPPPPHHPPHPPPHPPHPHPPHPHPPP
1128,HPPPPPPPPHPHPPPHPHPPPPPHHPHPHP
1129,HHPPPHPPPPPPPPPPHPPPPPPHHHPPPP
1130,HPHPHPPPPPPPHPPHHHPHPPPPPPPPPH
1131,PHPPPHHPPHPPPPPPHPHPPPPPHPPPPP
1132,HPPPHPHPHPPHHPPPPPPPPHPPHPPPHP
1133,HHPHPPHHPPPPPHPPPPHPPHPPPPPPPP
1134,PHHPHPHHPPPPHPPHHPPPPPPPPPPPHP
1135,PPPPPPHHPHPPHHPHPPPPPPPHPPPPPP
1136,HHPPPHPHHPPPPPPPPPPPPPPPHPPHHH
1137,PHHPPHPPPPHHHPPPHPPPPHPPPPPPPP
1138,PHPPHPPPPPHPPPHHPPPPPHPHPPPPPP
1139,PPPPPPHHHPPPPHPPPHPPPPPPPHPPHP
1140,HPPPHPHPPPPPHPPHPHPPPPPHPHHPPP
1141,PPPHPPPHPHHPHPPPHPHPPPPPPPPPPP
1142,PPHPPPHPPPHPPHHPPPPPPHPPPHPPPP
1143,HPHHPPHPHPPHPPHPHPPPPPHPPPPPPP
1144,HPPHPPPHPPPPPPPHHPPPPPHPPPPPPH
1145,PPPHPPPPPPPPPHPHPPHHPPPHPPPHPP
1146,PPHPHPHPPPPPHHPPHHHHPPPPPPPPPP
1147,PHPPPPPPPHPPHHPPPHPPHPPPPPPHHH
1148,PPPPPHPPHPPHPHPPHPPPPPPPPPHPHP
1149,PPPHPPPPPPPPPPHPHPPPPHPHPHPPPH
1150,PHPHPHHHPHPHPPPPPHHPPPPPPPPPPP
1151,HHPPPHPPHPPPPHPPPHHPPPHPHPPPPP
1152,PPHPPPHPHPHHPPPHPPPPPHPPPHPPHP
1153,PPPHPPPPHPPPPPPHHPPHPPPPPPPHPH
1154,PPPPPPPPPPHPPPPHPHHPHPHPHPPPHP
1155,PHPPHPPPHPPPPHPPPPPHPPPHPHPPPP
1156,PHHPPPPPHPPPPPPPPHPPHPPHPHPPPH
1157,PPPPHHPPPPPPPPHHPHHPPPPHPPPPPP
1158,PHPPPHPPHHHPPPPHPPPPPHPHPPPPPP
1159,HPPPPPHPPHHHHPPPPPPHPPPPPPPPPH
1160,PHHPPPPPPPPHHHPPHHHPPPPHPPPPPP
1161,HHPPPHPHHPPPHPHPPPPPPPPHPPPPPP
1162,HPPHPPPPHPHPPPPHPPPPHPPPPHPPPH
1163,PPHHPPHHPHPPPPHPPPPPPPPPHPPPPP
1164,PHPHHPPPPPPHHPPPPPHPPPPHPPHPPH
1165,PPPPPHPPHPHPPPPPPPHPPPPPHHPPHH
1166,HHHPPPPPPPPPPHPPPPPPHPPPPHPPHP
1167,HPPPPHHPPHPPPPHPPHPHPHPPPPPPPP
1168,HPPPHHPPHHPPPPPPPPPHPHPPHPPPPP
1169,PPHPPHHPPPHPPHPPPPPPPPHHHPPPPH
1170,PPPPPPPHPHHPPPPPHPPHPPHHPHPPPP
1171,HPPHHHHPPPPPPPPPPPPPPHPPHHPPHP
1172,PPPPPPPPPPHHPPPHPPHHPPPHPHPPPH
1173,HPHPHPPHPHPPHPPHPPHPPPPPPPHPPP
1174,PPPPPHPPPPPPPPPPPHPPPPHHHHPHHP
1175,PPPPPPPHPPHPPPPPPHPPPHHHPPPHPP
1176,HPPPHPPPHPPPHPPPHPHPHPPPPPPPPP
1177,PPPPHPPPPPPHHPPHPHPHPHPPPHPPHP
1178,PPPPPPPPHPHPPHPHPHPPPPPPPPPHHP
1179,HHPPHPPPPPHPHHPPPPPHPPPHHPPPPP
1180,PPPPHHPPPPPPPPHPHPHPHPHPPHHPPP
1181,PPHPHPHPPPHPPPHPPPHPHPPPPPPPHP
1182,PHHPPHHPPHPPPPPPHPPPPPPPHPPPHP
1183,PHHPPPPPPPPPPHPHHHPPPHPPPPPHPP
1184,PPHPHPPPPPPPPPHPPPHPHPPHPPHPHP
1185,PPPHHPPPPHPPHPHPPHPPHPPPPPPHPP
1186,PHPPPPPPHHPPPHPPPPPPPPHPPPPHPH
1187,PPPPPPPPHPPPPHHPPPHPHPPHHPHPPH
1188,PPPPPPPPHHHHPHPPPPPPHPPPHPHHPP
1189,PPHHPHPPPPPPPPHPPPPPPPHPPHPPPH
1190,PPPPHPPHHPPHPPPPPPHPPPHPHPHPPP
1191,HPPPPHPPPPPHHPPPPHPPHPPPPPPPHP
1192,PHPPHPHPPPPPPPHHPPPPPPPHPPHPHP
1193,PPPHHHPHPHPPHPPPPPPHPPPPPHPPHP
1194,PPPPHHPPPPPPPPPPHHPPPPPHHPHPPH
1195,HHPPHPHHPPPPPPPPPHPPPPPPPPPHPH
1196,PPPPHHPPHPPPPPPHPHPHPPPPHPPPPP
1197,PPPPPPHHPPPHHHHPHPPPPPHPPPPPPH
1198,PPPPHPHPPPHPPPHHPPPPHPHPHPPPPH
1199,HHPHPHPPHHPPHPPPPPPPPPPPPHHPPP
1200,PPPPPPPHPPHHHHPPPHPPPPHPPPHPPP
1201,PPPPPPPPPHPPPPPPHHPHHPHPPPHPHP
1202,HPPPHPPPHPPPPPHPPPPPHPPPHPHPHP
1203,HPPPPPPPPPPHPPHPPHHPHPPPHPHHPP
1204,PPPPHHPPPPHPPPPPPPPHHPPPPHPHPP
1205,PHPHPPHPHPHPHPPPPPPPPPHHHPPPPP
1206,PPPHPPPPHPHHPPPPPPPPPHHHPPPPPH
1207,PHPPPPPPPPHPHPHPPPHHPPPPPHHPHP
1208,PPPPPPPHPPPHPPPPHHHPHPPPPPPHPP
1209,PPPPPPHPHPHPPPHPPHPHPPPHPPHPPP
1210,PPPHPHPPPHPPHHHPPPPPPPPPHPPPPP
1211,PHHPHPPPPPHPPPPPPHPPPHPPPPPPPH
1212,PPPPPPPPPPHPHPPHPHHPPPPPPPPHHP
1213,PPHPPHPPPPPHPPPPPPHHHPPHPPPPHH
1214,HPPPPPPPPPPPPPHPHPPPHPPHPHHHPH
1215,PPPPPPPPPPPHHHHHHPPPPPPHPPPHPP
1216,PHPPHPPPPPHPHPHPPPPPHPPPPPHHPH
1217,PHPPPPHPPHPPPPPPPHHPPPPPHPPPPH
1218,HPHPPPPPPPPHPHHPHPPPHPPPPPPPPH
1219,PHPPPPPPPPPPPPPHHPHHHPPHPPPHHP
1220,PPPHPPPHPPHPHPHPPPPPPPPPHPPPPH
1221,PPPHPHPPHPPPPPPHPPHPPPPPPHHPPP
1222,PHPPPPHPPPHHPPPHPPPPPPPPPPPHPH
1223,PPPPPPPPPPHHPHHPPHHHPPPPHPPPPP
1224,PPPPPPPPPPHPHPPPPPPHHHPPPPPHHP
1225,HPPPHHPPHPPHPPPPHPHPPPPPPPPPPP
1226,PHHPPPPPPHPPPHPPPPHHHPHPPPPPPP
1227,PHPPPPPPPHPPHHHHPPPPHPPHPPPPPP
1228,PPPPHPHPPHPPHHPPPHPHHPPPPPPPHP
1229,PPPHPHPPPPPHHPPPPHPPHPPHPPPPPP
1230,HPHPHHPHPPPPPPPPPPPPPPPPPHPHHH
1231,PPPPPPHPHPHPPPPPPPPHPPPHPPHPHP
1232,PPPPPPPHHPHHHHPPPPPHPPPPPHHPPP
1233,PHPPHPPPPPHPHPHPHPPHPPPPPPPPPP
1234,PPHPPHPPPPPPPPPPPHPHPPHPPHPPPH
1235,PPPPPPPPPPHPHPPPHPHHHPPPPPPHPP
1236,PPPPPPPPPPPPHPHPPPPPPPPHHHHHHP
1237,PPPHHPPHHPPPHPPPPPHHPPPPPHPPHP
1238,PPPPHPHPPPPPPPPHPHPPPHPPPHHPPP
1239,HHHPPPPHPPPPPPPPPPPHPPHHPPPHPH
1240,PPHPHHHPPPPPPHPPHPHPPPPPPPPPPH
1241,PHPHPPPPPPHPPPHPPPHPPPHPHHPPPP
1242,PHPPPPPPPHHPPHPHPHPPPPHHPPPPPP
1243,HHHPPHPPHPHPPPPPPPHHPPPPPPPHPP
1244,PPPPPHHHHHPHPPPPHPPHPPPPPPPHPP
1245,HHPPPPPPPPPPHHHPHPPPPPPPHPPHPP
1246,PHPPPPHPPPHPPPPHPPHPPPHHPPPPPP
1247,HPPPPPHPPHPPPPHPPPHPHPHPHHPPPP
1248,HPPHPPHHHPPPPHHPHPPPPPPHPPPPPP
1249,PPHPPPPHPHPPPPPPPPHHPPPPHPPHPP
1250,HPPPPPPPPPHPHHHPPPHPPPPPPPPHPP
1251,PHPPHPHHPPPPPPPHPPPPHPPPPPPPHP
1252,HPPPPHPPHHPPPPPPPHPPPHPPPPPPHH
1253,PPHHHPPPPPPHPPPPPPHPPPPPPHPHPP
1254,PPPHPPPPHPPPHHPPHPPPPHHPPPPHPP
1255,PPPPPHPPHPPPPPPPPPPHHHPPPHPPHP
1256,HPHPHPPHPHPPPPPPPPHPHPPPHHPPPP
1257,HPPPPPHPPPPPPHPPPPHHPHPPHPPPHP
1258,PPPPHPPPHPHHPHPPPPPHPPPPHPHPPP
1259,PPPPPPPPHPPPPHPPPPPPHPHPPHHHHP
