id,sequence
0,HPHPPPPPPPPPPPPHHPPHHHPHHHPPHP
1,HPPHPHPHPPHPPPPHPPPPPHHPHHHPPP
2,PHHPPPHPPHPPHPHPHPPHPHHPPPPPPP
3,HPPPHPHPHHPPHHPPHPHPPPHPHHPPPP
4,HPPHPPPPPHPHPPHPPHPHHPPHHHPPPH
5,HPHPPPPPHHPPPPHPPHPPHPPHPPHHHH
6,PPHPPPHPHHPHPPPPPHPPHPPHHHPPPP
7,PPHHHPPHHHPHPHPPHHHPPHPPPPPPPP
8,HPPHPPHPPPHPPPHPPHPPPPHPHHPHHP
9,PPPPPPPPPHPHHHHHPPHHPHPPHPHPHP
10,PPHPPHPHHHPHHPPPHPPPHHPPPPPPHP
11,PHHHPHPPHPPHPPPHPPPHPPHPPPHPPH
12,PHPPPPPPHPHPPHHPHPHPHPPPPPPHHP
13,PPPHPPPPPHPPHPHHPHHHPPPPHHPPHH
14,HHPPPPPHPPPHHHPHHPPHHPPPPPPPHP
15,PHPPPPPHPHHPHPPPPHHPPPHPPHHPPP
16,PPPPPPPPHHHPPHPPPHPPPHPHPPHHHH
17,PPHPPPPHPPHPPPPHPHPPHPPHPHHHPP
18,PHPPHPPPHHHPHHPPPHPPPHPHPPPPPP
19,PPPHPPPHPPHHPPHHHHHHHPHPPPPPPP
20,PPHPHPHPPHPPHPPHHHPHPPPPPPHPPP
21,HPPHPPPPHHHPPHPPPHHPPHHPPHPPPP
22,PPPPPHHHPPPPHPPHPHHPHPPPHPHHPP
23,PHHHHHPPPPPPHPPPHPPPPPHPPHPPHH
24,HPPHPPHPHHPHHHPPPPPPHPHPHHPPPP
25,PHPPHPPHPPPPPHHHPHPPPPHPPPPHHP
26,PPHPHPHPPHHHPHPHPPPPPHPPPPPHHH
27,PPPPPHHPHPHPHHPPHPPPPPPHHHPHHP
28,HPPPHPPPPPHHPPHHHHHPHPPPPPPPHP
29,HPPPHHPHPPHPPPPHPPPPHPHHPPPPHH
30,HPHHHPPHHPPPPHPPPPPPHPPHHPPPPP
31,PPPPPHHPPPPHHPHHPHPHPPHPHPPHHP
32,PPHHHPPHHHPPPPPPPPPHPPPHPPHPPH
33,PHHHPPHPPPHPPPPPPPHHHHPPPPHHPP
34,PPPPPHHPHHPHHHHPPPPPPPPHHPPPHH
35,PPHPPHHHPPHPPPHPHPPHHPPHPHPPHP
36,HPPPHHHPPPPHPPPPHPHHPPPHPPHPPH
37,PPPHHHPPPPHPPHPHPPHHPPPPPHHHPP
38,PPPPPPHPHPHHPPHHPPHPPHPHHPPHHP
39,PPPPPHHHPPPPHHPPPHHPHPHPPHHPPP
40,PHHHPHHPPHPHPPPPHPPHPPPPHPHPPP
41,PHHHHPPHPPHPPHPPPPPHHPPPPPPPPH
42,PHPHHPHPHPPHPPPPPHPPHPPPPHPPPH
43,HPHHPHPHPPHPHHPPPHHPPPPPPPPPHH
44,PPHPPPHHPPPHHHPPPPHPPHPHPPHPPP
45,PHPPPPPHPPHPPPPHPPHHHPHHHHPPPP
46,HHPHPHPPHPPPHPPPHHHHPPPPHPPHPP
47,PHPPHPPPPHHPPPPHPHPHPHPPPHPPHP
48,PPPPHPHHPPPPHHPPPHPPPHHPHPHHPP
49,PPPPPHPHHHHHHPPPPHPPPPHPPPPHHP
50,PHPPHPPPPHHPHHHPHPPHPPPPPHHPPP
51,HPPPPHPPHHHPPHHPPPPPPPPHHPPHHP
52,PPHPHPHPPHPHHPHPHPPPHHPPPPPPHP
53,HPHHPPHPPHHPHHPPPPPPPHPPPPPHPP
54,PPPPPPHPPHHPHPHPPPPHPHHHHHPPPP
55,PPHHPPPHPHHPPHHPHPPPPPHPHPPPPH
56,PHPPHPHPPPHPPHPPHPPPPPPHPHHPHH
57,HHPPHHHPPPHPPPPHPPPPHPPHHPPPHP
58,PPPPPPHPHPHPPPPHHPHHHHPPPHPPHP
59,HPPPHHPHHHPPHPHPHPPPHHPPPHPPPP
60,HPHPHPHHHHPPHPPHPPPPPHHPPPPPPH
61,HPPPPHPPPPPHPHHPHPPPHPHPPHPHPH
62,PPPHPPHPPHPPHPPHPHPPHHHHPHHPPP
63,PPPPHHHPPPHHHHHPPPPPPHHPHPPPPP
64,HHHPPHPHPHHPPPPPHPPPHPPHPPPHPP
65,PPPPHPHHPPPHPPPHHPHPPPPHPHHHPH
66,PPPHHHPPPPHHHHPHPPHPPPPHHHPPPP
67,HHPPHHHPPPPPPPHHPHPHPPPPPPHPPH
68,PPPPHHHPPPPPHPHHPPHPPPPHPHPHHP
69,PHPHHPHPHHPPPPPPPHPHHPPPHHPPPP
70,PPPPPPPPHHPPPPPPHHHHPHPPHPHHHH
71,HHPPPHPPHPHHHPHHPHPPPHPPPPPPHP
72,PHPHHPPPHPPHPPHHPPPHHPHPPPPPPP
73,PPPPHPHPPPPPHHHPHHHPPPHPPPHPPP
74,HPPHPPHPPHPPHPHPHPPPPHPHPHPPPH
75,PPPPPPPPHPHPHHPPHHPPHPPPHPHHHH
76,PHPHPPPPPHPPPHPHPHHPHPHHHPPPPP
77,PHHPHPPHPPPHHPPPPPPHHPPPHHPHPP
78,HPPPHPHHPHHPPPHPPPPPHPPPPHHPPH
79,PPHPHPHHPPPHPPHHPPHHPPPPHHPHPP
80,HHPPPPPHPHPHHPPPPPPHPHPHHPHPPP
81,PHPHPPPPHPHPPPPHHPHHPHPPPPHPPH
82,PPHHPPHPPHPPPPPHHHPHPHPPPPHHHP
83,PPHHPPPHPPPPHHPHPPPHHHPPHHHPPP
84,PHHPPHHPPPHPHPPPHHHHPPPPPPPHPP
85,PPPHHHHPPPPPPHPPHPPPPHHHPHPHPH
86,HPPHHPPPPHHHPPHPPHPPHPHPPPPPHH
87,PPHPPPPPHHHPPHPPHPPPHHPPHHPPHH
88,PPPHPPHPPHPHPHPHPHPHHPPPPHPPPP
89,PHPHHPHPPPHPPPHHPHPPPHPHPPPHPP
90,PHPHPPHPPPHPHPPPHHPPPHHPPPHHPH
91,PHPHPPPPHHPPHPPPHPPPPPHHPHHPPH
92,HHPPPPHPPPHHPHPPHPHPPPPPHPPPHH
93,PPHHPPHPPPPPPPHHPPPPPPPPPHHHHH
94,PPPPHPPPHHHHPPPPHHPPHHPPHPHPPH
95,PPPHPHPPHPHPHHHHPPPPHPPPHPPHHP
96,PPHHPPPHPPPPHPPHPPPPPHPHPHHHPH
97,PHPPHPPHPPHHPPPPPHHPPPHHHPPPPP
98,PPHPHPPHPHPPPHHPHPPHPPHHPPPPPH
99,PHHPPPHHPPHPPHHHPHPPHPPPPHPPPP
100,HPHPPPHHHHPPHPPPHPPPPPPHPHPPPP
101,HPHHHPPPPHHHPPPHPPPPHPPPPPPHHP
102,PHPPPPPPHPHPHPHPPPHPHPPPPHHHPP
103,PPPPPPHHPHPPPPHHPHPPHPHHPPPHPP
104,PPPPHHPHHPPPPHPPPHPPHHPPPPHPPH
105,HPPPPHHHPPPHPHPPPPHPPHPHHPPHPH
106,HPHHHPPPPHPPPPPPPPHPPPPHPPHHHH
107,PHHHPHHPPPHPHPPHPPPHHPPPPPPPPP
108,PHHPPPPPHHPPHPPPPPPPHHPHPPHPHP
109,PPHPPPPPPPHHPHPPPHHHHPPHPPPPPH
110,PPHPPHPHPHPPPPPPHPPHPPHPPPHHHH
111,PHHHHPPHPPPPHPPPPPPHPHPPPHHHPP
112,PPPPPPHHPPPPHHHHHHHPPHHPPPHPPP
113,HPHPPPHPPPPPPHPPPPHHPHPPHPHHHP
114,PPPPPHHPHPPHHPPHPHPPPHHPHHPPPH
115,PHPPPPPHHPPPPHPPPHPPHHPPHPPHHP
116,PHPHHPPHPPPPHPHHPPPPPPHHHPPHHP
117,HPHHHHPPPPHPHPPPPPPPPPPHHHPHPH
118,PPHPPHPPPHPPHHHHHPPHPPPHHPPPPH
119,HPPPPPPPPHPPPPPPHHHHPPPPHHPHPH
120,PPPPHPPHPPHPPPHHHPHHPHPHHPPHPP
121,PPHPHPHHPPHPHHPPHHPPPPHPPPHPPH
122,PHPHPPPHHPPPHPHPHPPPPPPHPHPHPH
123,HPHPPPPPPHPHPPHPPPPPPHHPPPHHHP
124,PPPPPPHHPPHHHPHPPPHPPPPPHHHPPH
125,PPHPHPPHPPPHPHPHHHPPPPHHPPPPHP
126,PHPPPPPPPHHPPPPPPHPPHHHPHHPHPP
127,PPHPHHHHPPPHPPPPHPPPPPPPPHPHHH
128,PPHPHPPPHPPHPHPPHHPPHPHPHPPPHH
129,PPPHHHPPPPPHHPHPPHHPPHPPHPHPPP
130,PPHPHHPHPHPHPHPPPPPHPPPHPPPPHP
131,PHPHPHPHPHPPPPPHHPPHHPPPHPPHPH
132,PPPPPPHPHHHHHHHHHHHPPPPPPPPPPP
133,PHHHPPPPHPHHHPPPPPPPPHHPPHHPHP
134,PHHHPPHHPPPPHPPPPPPPPHHPPHHHPP
135,HPHPHPHPHHHPPPPHPHPPHPPPPPPHHP
136,PPHHPPPPHPPPPHPPPPHPHPHHPPPHHP
137,PPHPPHHPHHPPHPPPPPPPPPHPHPHHHP
138,HPPHPPPPHPHPHHPPPPHPHPHPPPHHPH
139,PPPPPPPPPPHPHPPPHHPHHPHHPHHHPH
140,HPHPPHPHPPPPPPHPHHPPPHPPPHHHPH
141,HPPPPHPPPPPPHPHPPPPHHHPHHHHPHP
142,PPPPPPHPPPHHHHPPPPHPPHHHHPPPPP
143,HPHPPHPPPPHPHPHPHPPPPPPPHHHPPP
144,HPHPPPPHPPPPPHHPPPPPHHHHHPHPPP
145,HPPHHPPPPHPPHPHPPHPPHPPHPPPPHH
146,HPHPHHPPPPPHPPPHPHHPPPHPPPPHPP
147,PPPHPPPHPHPPPPHHHPPHHPPPPHPPHP
148,PHPPPHPHPHHPPPHPPHPHHHPHPPPPPP
149,HPPPPPPPPHHPPHPHHHHHPHHHPPPPPP
150,HPPPPPPHHPPHHHPHPPPPHPHPPHPPHH
151,HPPPPHPHHHPPPHPHPHPPHPPPPPPHPP
152,PPHPPPPPHPPPHPPPHPPPHHPHPHHPPH
153,PHPPPPHPPPHPPHPHPHHHPHPPHPPHHP
154,HPHPHPHHHPPPPPPHHPPPPPHHPHPPPP
155,HPHPPPPHPPPHPHPPPPHHPPPHHPHPPH
156,HPPHPPHPPPHPPHPHHPHPHPHPPHPPPH
157,PPPHHHPPPPPHHPHHHPPPPHPPPHPHHP
158,PPPPHHHHPHPHPHPHHPPPPHHHPPPPPP
159,PPHPPPPPHPPHHHHHHPHHPPPPPPPPPH
160,PHHPPPHPPPPHPHPPPHHPHHPHPPHPPP
161,HPHPPPPPHPPPPPHHPHHPPHPPHHPPHP
162,PPHPHHPPPHPHHHPHPPPPPHHPPPPPPH
163,PHPHPPPPPHPHPPHHPPPHHPHPPHHPHP
164,PPPPPPHPPHPPPPPHPHHPHHPPHPPHPH
165,PHHPPPPPPHHHPHHHHHPPPPPPPPHPHP
166,PPHHPPPPHPPPHPPPPHHHHHPPPPHPPH
167,PPHHHPPPPPHPPHPHPPPHPPPHHHHPPH
168,PHHPPPPPPHPPPPHPPPHHHPHHPPHPPP
169,HPPPPPHHPHPPPHPHPHPPPPPPPPHHHP
170,PPPHHPPPPHPPPPHHPPHHPPPHPPHPHP
171,HPPHPPPHHPPHPPPPHPHPPHPPPPHHPH
172,PPPPPHHPHHHPPPPHHHHPPPPPPHPPPH
173,HHHPPPHPPHPHPPPPPPPHHHHPPHPPPH
174,HHHHPHPPHHPPPPPPPPPHHPHPPHPPHP
175,PPPPHHHPPHHPHHPPPPHPPPPPHPHPPP
176,PPPHPHHPHPPPPPPPHHPHHHPPPPPPHP
177,PHPHHHPPPHPPPPPPPHPPHPHHPPHPPP
178,HPPPHHPPPPHPPPPPPHPPPHHPPPHHHH
179,PPPPPHPHHHPPPPHPHPPHHHHPPPPPPH
180,HPPPHPHPHPHHPPPPPHHHPHHHPPPPPP
181,PHPPHHPHHPPHPPHPPHHPHPPPHPPHPP
182,PPHPPPHPPPHHPPHPHHPPPPHHPHHHPP
183,HHPHPHHPPHHPPPPPPPPHPPPHPPHPHH
184,PHHPHHHPPPPHPHPHPHPPHPHPPPPHPP
185,PHPPPHHHHPPPHHHHPPPPPPPHHPPPHP
186,PHPHHHPPPHPHPHPHPHPHPPHPHPPPPP
187,HPPHPPPHPPHPHPPHHHPPPHPHPPHPPP
188,PPHHPHHPPPHPHPHPHHPPHHPPPPPHPP
189,PPHHPPPPHPHPPHHPPPHPPPHPHHHPPP
190,HPHHHHPPHPPPPHHPPHPPPHPPPHPPHP
191,PPPHPHHPHPHHPPHPPPPPPHHPPPPHPP
192,PPHPPPPPHPHPPHPPPHHPPPHHPHPHPH
193,PHPPHPHPHPPPHPPPPPHHHHPPPPPPHP
194,HPHHPHHPHPPPHPHPHHHPHPPPPPPPPP
195,HPHPPHPPHPHPHHPHHPPPHPHPPPPPPH
196,PPPHPPPPHHPHPHHPPHPPHHPPPPPPHP
197,HPHPPHHPPPPHHHPPPHHHPPPPPHPHPP
198,HPPPPHHPPPPPHPPPHPPPHPPPPHHHPH
199,HPPPHHPPHPPHPHPHPHPPPPHPPPPHPP
200,HPHPHHHHPHPPPPHPPHHPHPHPPPPPPP
201,PPPHPHPHHHHPHPPPPPPHPHPPPPPPPH
202,HPHPHPPPHPHPPHPPHPHHPPHPPPPHPH
203,HHPPHHPPPPHPPPPHPPPHHPPPPHHPHP
204,HPHHPPHPHPPHPHPPPPPPHPHHPPPHPP
205,HHPPHPPHHHPPPHPHHHPHPPPPHPPPPP
206,PPHPPHHHHPPPHPHHPHPHPPHPPPPPPP
207,PPPHPHHPPHPPPPHHPHHPHPPPPHPPHH
208,PPHHPPPPPPHPPHPPPPHPHPHPHPHPHH
209,PHHPPPHPPPPHPHHHPPPHPHHHPPHPPP
210,PHHHPPPPPPPHHPPPPPPPPPHHPHPHPH
211,PPHPPHPPPHPHHPHPPPPPPHPPPHHHHP
212,PPHPPHPPHPPPHPHHPPPPPPPHHPHPHP
213,HPPHHPHPPHHPHPHPPPPPHPPPPHPPHH
214,HPHHHPPHPHPPPPHHPPPHHPPPPPPPHP
215,HHHPPPHPHHPHHPPPPPPPHHPPPPPHPP
216,PHPHHHPPHPPPHPHPPPPHHPPHHPHPPP
217,PHPPPPPPHPHHPPPHPHPHPHHPPPPPPH
218,PHPHHHHPPPHHPHPPPHPPHPPPPPHPHP
219,PHHPHHPPPHHPPPPPPPPPHPPPHPHPHH
220,PPPHHHPPHPPHPPHHHPPPHPPPHPHPPP
221,PHPHPPHHPPPHPPPPPHHPPHPPPPPHHP
222,PPPPHPHPPPPPPPPHPPPHHPHHHPPHHH
223,PPHPPPPPHHPPHHPHHPPHPPPPHHPPPH
224,PPHHHPPHHPPHHPPHPPPHPPPHPPPPHP
225,PPPHPPPHPPPHHPHHHHPPPHPHPPPPHH
226,PPHHHHPPPPPPPHPPPHHPPPPHHHHPHP
227,PHHPHHPPPPHPHPHHPPPPPHPPHHPPPH
228,HPPPHHPHPPHPPPPPHHPPHHPPHPPPHH
229,PPPPHHPPHPPHPPPPHPHPHPPPPHPHPH
230,PHPPPHPHHPPPHHPPPHPPHHHPPPPPPP
231,PPPPPPHHPPPPPHPPPHHHPHPPHPHHPP
232,PHHHPPPPPHPPPPPHPPPHPHPPPHHPHH
233,PHPPHPPPHPPPPHPPHHHPHPHPPHHPPH
234,HPPPPPPPPHPHPHPHPHHPHPHPHHPHPP
235,PHPHHHPHPPHHPPPPPHPPPHPHPPPPHH
236,HPPPHHPPPHPHHPPPHPPHHHPPHPHPPP
237,HHPHPPPPHPPHHHPPHHPPHPHPPPPPHP
238,PHHHPPHPHPPHPHPPHHPPPPPPHPPPPP
239,PHHHPPPHPPPPHHPPPPPHPHHHPHPHPP
240,PPHPHPPPPHPPPPPPPPHHPHHHHHHPHP
241,PPPPPHHHHPPPHPPPPPHPHHPPPPHHHP
242,PHPHPPPHPPPPPPHPHHPHPHPHHPHPPH
243,PPPPPPPPPHPHPPHPPHPHHPPHPHPPHH
244,PPHPPHHPPHPPHHPPPHPPPPPHPPHPHP
245,HPHHHPPPHPPHPHHPPPPPHPHPHPPPHP
246,PPPPPPHPPPPHPHPHPPHHPPHHPHPPHP
247,PHPPHPPPPPPHPPHPHPPHHHHPPHPPPH
248,PPPHPPPPHHHHPPPHHPHPHHPPPHPPPP
249,PHPPHHPPPPPPHPHPPHHHHPHHPPHPPP
250,HPHPPPHPPPPHPHPPPPPPPHPHPHHHHP
251,PHPHPPHPHHHHPHPPPPPPPHPHPPHPHP
252,HPHHPHPPPHHPPPPHPHPPHPPPPPHPPP
253,HHPHPPHPPPPPHPHPPHHHPPPHHPHPPP
254,HPPPHPHPPPPPPHPHPPHHHPPHPHHPHP
255,PHHPHHPPPPPHPPPHHPHPHHHHPPPPPP
256,HHPPPPPPHPPPPHPHPPHPHPHHHPPPPP
257,PHPHHHPPPHHPHPPHPHPPPPPPPHPPHP
258,PHHPPHHPPPPPPHPPPPPPHHHPPPHPHP
259,PPPPPPHPPHPPPHHPPHHPHPHPPPPHHP
260,HHPHPHHPHHPPPPPHHPPPPHPHPPPPPP
261,PPHPHPPHPPHHHHPPPPHPHPPPPHHPPP
262,PHHPHPHPPPPPPHPPHPPPPPHHPPPHHP
263,HPHPHPHHHHHPPPPPPPPHPPPPHHHPPP
264,PPPHHPHPHPHHHPPHHHPPPPPPPHPPPH
265,PPHPPPHHHPHPPPPHHPHPPPPHHPHPPP
266,HPPHPPHPHHPHHPHPPPPPPHPPPPPHPH
267,PPPPHHPHPHPHPPPHHPPHPHPPHPHHPP
268,PHPPPPPHHPPHPPHPPHPPHHPHPPPHPP
269,HPPHPPPPPHPHPPPHHPPHHHHPHPPPPP
270,HPPPHPPHPHHHPPPPPPHHHHPPHPPHPP
271,HPHPPHHHHPPPPPPPHPHHPPHPPPPHHP
272,HPHPHHHPHPPHPPPPPPPHPHPHHPHPPP
273,PPPPHHPPPPPPHPPPHPHHHPHPHHPPPP
274,PPHPPHPPPHHPPHPPPPPHHPHPHPPPHP
275,PPHPHPHPPHPPPHPPHHHPHPHPPPPHPH
276,PPHPHPHPPPPHPHPHPPPHHHPHPHPPHP
277,PPPPPPHHHPPHPHHHPHHPPPPPHPPPHP
278,HHHPPPPHPPPHPPPPPHPHPPPPHPHHHH
279,PHHPPPHHPPHPPHHHPPPHHHPPPPPPHP
280,PPPPHHHHPPHPHPPPPPHPPHPHPHPPHH
281,HPPHHPPPHPPHHPPHPHPPPPHHHPPPHP
282,HHPPPHPPHPPPHPHHPHPPPPPHPPPPHH
283,HHPHPPHPHPPHHHHHHPPPPPPHPPPPPP
284,HHPHHPPHPPHPPPHPHPHPPPPHPHPPHP
285,PHPPPPPPHPPPPPPHPHPHPPHHHHPHPP
286,PHHHHPPPPHPPHHHPHPPPPPPHPPHPPH
287,HPPHPPHHHPPPPPPPPPHPHHHPHPPPPP
288,PHPPPPPHPPHPPPHHPHHPHPPPHPPHHP
289,HPPHPPHPPHHPPPPPPPHPHPHHHHPPPH
290,HHPPPPPHHPPHPHHPHHPPHPPPPPPPPP
291,PPHPPPHPPPPPPPPHPHPPHPHHHHPHHP
292,PHPPPHPPPPPPHHPHPPHPPHPPHHHHPP
293,HHHPPPPPHHPPPPPPPHPPPPHPPHPHPH
294,HHHPHPPPHPPPHHHPHPPPPPPPPPHPHP
295,PHPPHHPPPPHPHPPHPPHPPHPPPPHPPH
296,PPPPPPHPHPPPPPPHHHPPPHPPPHHHPH
297,PHPHPPPPHPPPHHPPHHPPHHPHPHPPPH
298,PHHHHPPPHPPHHPPPPPHHPPPPPHHPPP
299,PPHPPHHPPHPPHPHPPPHPHHPHPHPHPP
300,PPPHPHPHPPHHPPHPPPPHPHPHHHPHPP
301,PHHPPPHHPPHPPHPPPHHPHPPHPHPPPP
302,HPPPPHPPPHPPHPPHPHPPHPHHHPPHPH
303,PPHHPHHPHPPHPPHPHPPHPPPPPPHPPP
304,PPHHPPPPPPPPHHHHHPPPPPHPPHHPPH
305,PPHPHPHPPHPHPPHPPHPPHHPPHHPPPP
306,PPPHPHHPPPHHPHPPPPPPPHPHHPPHPP
307,HPPPPPPHPHHHPHPHPHPHPPPPHPPPHP
308,PHHPHHPPPHPPPPHPHPHPPHPHPPPPPH
309,PPPHHPPHHHPPPPPPHPPHPPHPHHHPPP
310,PPPHHPHPHPHPPPHHHPPHPPPPPPHPPP
311,PPPPHHHPPHPHHPPHHPHPPPPPHPPHPH
312,PPHPHHHHHPPPPPHPPHPPPHPPPHHHPP
313,HPPPHHPHPPPPPHPHHPPPHHPPPPHPPP
314,PHPPHHPHPPPPHPHHPPHPHHHPPPPPHP
315,PHPHPHPHPHPPPPHPHPHHHPPHHPPPPP
316,HPHHPPHPHHPHPHPPPPPPHPHPPPPHPP
317,HHPPHPHHPPPPHPPPPHHPPPHPPHPPPP
318,HHPPPPPPPPPPHHPPHPPPHPPHHHHHPP
319,PHPPHPPHPPHPPPPPPHHHPHPPPPHPHP
320,HPHPPHPHPPPHHHHPPPHPPPPHHPPPHP
321,PHPHPHPPPHPHPPPHPPHPHHPPHPPPHH
322,HPPPPHPPPHPHPHPPHPPHPPHPHPHPPP
323,PHHPPPPPPHPPHHPHPHHPPHPPPPHHHP
324,PHHPHHPPHPPPPPPPHHHHPPPPHHPPPH
325,PHPPHHPPPPHPPHPPHPPPHHPPPPPHHP
326,HPHPPHPPHHHHPPPPPPHPPPHHPPPPHP
327,PPPPHHHPHHPPPHPHHPHHPHPPPPPPHP
328,HPPPPHPPHHPHHHPPHPPPPHPPPPHPHP
329,HHPPHHPPPPPPPPHPHHPPHPPPPPPHHH
330,PHHPHHPPPPPPPPHHPHPPHPHHPPPPHH
331,PHHPHPHHHPPPPHHHPHPPPPPHPPPPPH
332,HPPPPPHPHPHPPPPPPPPHPHHPPHPHHP
333,HPHPPPHHHPPPPHPPHPHHPPHPPPPPHH
334,HPPPHPHHPPHPPPPPPHHPPHPHHPPPHP
335,HHHPPPPPPHPPPPHHHPHPPPPHHPHPPH
336,HPHPPPHHPPPPPHPHPHPPPPHHPPHPHH
337,PHPPHPPPPHPHPPPPPPHHPHHPHHHHPP
338,PPHPPHHPPPPHHPPHPPPHHHPHPPPPHP
339,PPPHPHHHPHHHPPPHPPPPHPPPPHPPPP
340,HHPPPPHPHHPPPPPPPHHHHHPPPPPPHH
341,PHHHPPPPHPHHHPPPHPPHPPHPPPPPHH
342,PPPPPPHPHPHHHPPPPHPHHHPPHPHPPH
343,PHPPPHPPHPPPPPHHPPPPHHHPHHPPPP
344,HPPPPHPPPHPPPHHPHPPPPHPHPPHHHH
345,HPHHPPHPPPPPPHHHPPPPPHPPPPHPPH
346,HPPPPHPHPHHHHPPPHPPPPPPPPHPPHH
347,PHPPHHPHPPPHPHPPHPHPHPPPHPPHPH
348,PHPPPPPHPHPHHPPPPPHPPHHPHHPPHP
349,PPPPHHPPHPPHHPHHPHPPPHPPHHPPPH
350,PPHHHHHHPHPPPPPPPPHHPHPPPPPHPP
351,PPPHPPPHHPHPPHPHHHPHPHPHPPHPPP
352,PHPHPPHPPPPHHHPHPHPPHPPHPPHHPP
353,PPPHHPPPHPHPHPPPHHHPPPPHHHPPPP
354,PHPHHPPPHPPHHPPPHHPPPPPPHPPHPP
355,HPHHHHPPPHPPHPPPHPPPPPHPPPHPHH
356,PPHPPPPPPPPHHHPHPPPHPHPHPHPPHP
357,PPPPHHHHHPHPHHPPPPHHHPPPPPPHPP
358,PPPHPHPHHPPHPHPHPPPPPHPHHPPPHP
359,HPHPHHPHHPPPPPPPHPPPPPHHPPPHHH
360,HPHPPPHPHHPPPPHPPHHPHPPHPPPPHP
361,PPHHPPPPPHPHPHPPHPPHPPHPHPPPPH
362,PPHHHPPPPHPPHHHHPPHPPPHPHPPPPH
363,PPHPPPHPHHPPPPPPHHHHPHPPPPHHPH
364,PPHHPHPHHPPPHPPHPPHHPPPPPPHHPH
365,HHPPPHHHPPPHHPPPPHPPPPHPHPPHPH
366,PHHHPPPHPPPPHPPHHHHPPPPPPPPHPH
367,PPPPPHPPHHHPHPPHPPHPHPHHPPPPPP
368,PHPHPPPPHHPHPHPHPPHPPHHPPPPHPP
369,PPHHPPPHHPPHPPPPPHPPHPHHPPPPHP
370,HPHPPPPPHHHPPPPPHHPPHPHPHPHPPH
371,PHPHPPPHHHHHPPHPPPPPPHPPPHPPHH
372,PPHHHPPPHHHPPPPPHHPPPPPPPHHHHP
373,PPPPHPHPPPPHHPHHHHPHPPHPPPPPPH
374,PPHPPHPPHPPHPPHHPPHPPHHPPPHPPP
375,PPPHPPHHHPHPHPPPPHPHPHPHPPHPPH
376,HPHHPHPPHHPHPHPHHPPHPPPPHPPPPP
377,PPHHHPPPHHPPPPPHPPHPHPPPPHHHHP
378,HPPPPPHPHPPHHPPHPPHPPPHPHPPHHP
379,HHPPPPHHPHPPHPHPHPHPPPHHHPPPPP
380,PPPHHPPPPHHHHPPPPHPPHHHPHPPHPP
381,HHPPPPPPPPPPHHPHHPHHPPHPPPPHPH
382,PPPHPHHPHHPHHHPPPPPPPHHPHHPPPP
383,HPPPPHPHPPHHHPHPPPPPPPPPPHHPPH
384,PPHPHPPPHHPPHPPPHPHHPHHPHPPPPH
385,PHPHPHPPHHHPPHPHHPHPPPPPPPPPPP
386,HPPPPPHPPHHPPPHHPHPPPHPPHPHPPP
387,PPHPHHPHPPHHPPPPPHPHPPPPHHPHPP
388,PPHPHPPHHPPPPPPPPPPPPPPHHHHHHP
389,PPPHPHHPPPHHPHPHPPHHPPPPPHHPPP
390,PHHPHPPHPHHPHHPPHPPPPPPPPPPHHH
391,PPPHHPHHHPHHPPPPPHPPPHPHHPPPPP
392,PHHPHPPPPPHPPHPHPPHPHHPPPPPPPH
393,HHPHPPHPPHPPPPPHHPPPPPPPHHPHPP
394,HHPHPHPPPPPHPPPHPPPPPHPHHPPPHH
395,PPPPHPPPPPHPPPPHHPHHHHPPPPHHPP
396,PPHHPHHPHPPHPPPPHPHPPHPPPPPPPH
397,HPPPPHHPHHPHPPPHPPPHHPPPPPPHPP
398,PPHHPPPPPPPHPHPHHPPHPPHPHHPPPP
399,PPPPHPPPPHPHHPHPPHPPPPHHPHPPHP
400,HPHPPPHHPPHHPPHPPPPHPHHPHHPPPP
401,PPPHPHHHPHHPPPHPPHPPPPPHPHPPPP
402,PPHPHPPPPHHPHPPPHPHPHPPPPHPHPH
403,PHPHPPHPPPHHPHPPPPPPHPPHHPHPHP
404,PPPPHPPHHPHPHHPPHHPPPPHPPPPPHP
405,PPHHPPPPHPHPHHPPPHPPPPPPPHHPPH
406,PPPPPPHHPHPPPHPHPPHPPPHPHHPHHH
407,HPHPHPHPPHHPPPPHHHHPPPHPHPPPPP
408,PPPPPPHHPHHPPHPPPHPPPPHPHPHPPH
409,PPHPPPPPPPHHPPPHHPPHPPHHPHHHPP
410,PPPHHHPHHPPPHPPHHHPHPPPPPPPPHP
411,HHPHPPPHPHPPPPHPPHPPPHPPHHPPHH
412,PPHPHPPHPHPPHPHPPHPPHHHHHPPPPP
413,PHPHPPHPPPPHPHHPPHPPPPPPHHHPPH
414,HPHHHPHPPPPPHPPPPPHPHHPPPPPPHH
415,HPHPPPHHHHPPPPHPPHHPPHPPPPPPPP
416,HPHHHHHPPPPPPPHPHPPPPHHHPHPPPP
417,HPHPPHPPPHPHHHHPPHPPHPPPPPPPPH
418,HPHHPPPHPPPPHPPHHHPPHPPHHPPPPP
419,PHHPHPHPPPPHHPPPHPHPHPPPPPPPHP
420,HPPHHPPHPPHPHHPHPPHPPPPPHPHHPP
421,PHPHHPHPPPHPPHPPPPPPHPHPHPPPHP
422,HHPHPPHPPPPPPPHPPPPHPHPHHPPHPP
423,PPHPPPPHHPPHHHHPPPHHPHHPPPPPHP
424,PPPHHPHHPHHHPHHPPPPPPHPPPPPPHP
425,HHHPPHPHPPPPPHPPPPHPHPHHHPPPHP
426,PHHHHPPPHPPPPPHPPPPPHHHPPPHHHP
427,HPPHHHPPPPPPHHPHPHPHHPPHHPPPPP
428,PPPHPPPPPPPPHHHHHPPHPHPHPPHHPH
429,PPHPPHPPPPHPHPPHPPPHHPPHHHPHHP
430,HPPHHHHPPPHPPPPPPHPHHPHPHPPPPP
431,PPPPPHPPPPPPHHHHHPHPHPHHPPPPHH
432,HPPPPPPPPPPHPPPHHPHPPHPPHHHPHP
433,PHHPHPPPPHHHPHHPPHHPPPPPPPHPHP
434,PPHPHHPHPPPHHPPPHHPPHPPPPPHHPH
435,PPHPPPHHPHPPHPPPPPPHPPPPHHHHHP
436,PPPHHPHHPPPPPPPPPHPHPPHHHPPHPH
437,PPHHHPHHHPPHPPPPPHHPPPHPPHPPPH
438,PPPHPPPHHPHHHPPPPPPPHPPHPPPHHP
439,HHPPPPPPHHHHHHHPHHPHPPPPPPPPPP
440,PPHHPPPPHHPHHHPHHPHPPPPPPHPPHP
441,HPPHPPHHPPPHPPPPPPHHPPPHHPPPHH
442,PHPPPPHPHPHPPPPPHHPPPHHPHPPHHP
443,HPHPHPPPHHPPPPPHHPPPPPHPHPPHPP
444,HPPPPHHPPHHPPPHPPHPHPPPPHHPPHH
445,HPPPHHPPHPPPPPHPHPHPHPPHHPHPPP
446,PHHHPHHPPPPPHHHPPHPPPPPHPPPHPP
447,HPPPPPHPPPPHPHPHHHHHHPHPPPPHPP
448,PPPPPPPPPPHHPPHHHPHPHPPHPHPHPH
449,PHPPPPPPHHPPPHPPPPHHHPHHPPHHHP
450,PPPHPPPPHPPPPHHPPPHPPHHPPPHHHH
451,HHHPPPPPPHPPHHPPPPHPHPPHPHHPPH
452,HPPPPPHPHPPHPPPHHHHHPHPHHPPPPP
453,PPHHHPPPPPPPPHHHHPPPHPHHPPHPPP
454,PPPPPHHHHPPHPHPPHHPPPHPHHPPPPP
455,HHHHPPHPPHPHPPPHPPPPHPPHPHPPHP
456,HPHHHHHPPHPHPHHPPPPPPPHPPPHPPP
457,PHPPHPPPHPHPPPPPPHPHPHHPHPPHPP
458,PPHHPHHHHPPHPPPPHPPHPHPPPPPPPP
459,PPPHHPHPHPPPPHHPHPPPPHPPPHPPHP
460,HPPHPPHPPPPHPHHPPPHHPPPHPPPPPH
461,PHHPPPHPPPPHPHPPPPPHHPHPPHPHHP
462,HHPPPPPPPHHHPPPHPPPHHPPPHHPHPH
463,HHHPPPPHHHHHPPPPPPPPHPPPPHHPPP
464,PPPPPPHPPPHHHHPHPPHHHPPHPHPPHP
465,PPPPHHPPHPPPPPHPHHPHHPHHPPPPPP
466,PHPHPPPPPPHPHHHPPPHPHHPPPPPHHH
467,PPPHPHPPHPPHHHHPPHPPHPHPPHPPPH
468,PHPHPHPPHHPPPHPHHHPPHPPPPHPPPH
469,PPPPPHPHPHHPPPPPHHHPPPHPHHPHPP
470,HPPPPPPHPPPPHPHPHPPHPPHPHHPHPP
471,PHPPPHHPPPPPHPHHPPHHPPHPPPHPHH
472,PPPPPPHHHPPPPHPPPPPHHHPHPPPPHH
473,PPHHHPPHPHPPPPPHPPHHHPHPPPHPHP
474,PPPPPPHHPPHPPHHPHPHPHPPPPPPHPH
475,HPPHPPPPHPPHPPHHPPHPPHHHPPPPHH
476,PPHPPHPPPPPHPHPPPPHHPHHHHPPPPP
477,HPHPHPPPHPPHPPHPPPHPPHHPHHPPPP
478,PHPPPPPHPHPPPHPPHPPPPHPPHHHPHH
479,PPPHPPHHHHHPPPHHPPPHHPPPHPPPHP
480,PHHHPHHPPPPHPHHHPHPPPPHPPPPPHP
481,PPHPPPHHPPPHPPPPHPPHHHHPPHHPHP
482,PPPPHHPHPHHHHPHPPPPPHPHPPPHPHP
483,PPHHHPPHPHPPPPHPHPHHPPPPHPHPPP
484,HPHPHPPHPPPPHPPHPPHHHPPPPPPPPH
485,PHHHPPHPPPHPPPHPHPPPHHPPPPHHHP
486,HPPHHPPHHPPPPPPHPPPHHPPPHPPHPH
487,HPHPPHPPPHHHHPPPPPHPHPPPPPHPPH
488,PHHPPHHHPPPPPPPPPHPPPHPHHPPPPH
489,HHHHHHPPPHPPPPPHPPPPPPPHPPPHPP
490,HHHPPPPPHHPHPPPPPPPPHHPHHHPHPP
491,PPHHHHPPPPHHPHPPPPHPPHPPPPPPPH
492,PPPHPPPPPPPHHPPHPPHHPHHPPHHPPP
493,HPHPPPPPHPHPPHPHHPPHHPPPPHPHHP
494,PHPPHPPHPHPPPPPPHPHHPPHHPHPPPP
495,HPPPPHHHPPPPPPHHHPHPPPPPPPHHHH
496,PHPHPPHHPHPPHHHPHPPPPPPPPPPPPH
497,PPHHHPPHPHPPPPHPHPPPPPPHPHPHPP
498,HPHPPHPPPHPHPHHPPPPHPPHPPHHHPP
499,PPHPHPPHPPPPPPPPPHHPPPHPHPHHHP
500,HHPPPPPPHPPPPHPHHPHHPPPPPPHHHP
501,PPHPHPHPHPPHPPHPHHPPPHPHPHPHPP
502,HPHHHPPPHHPPPPHPPPHHHPHPPPPPPH
503,PPPHPHPPPHHHPPPHHHPPPPHPPHPHHP
504,HPHPPHPHPHPHPHPPPPPPPPPHPHPHPP
505,PHPHPHPPPPPPPPPPHHHHPPHHHPPPHH
506,PHPPHHPPPHHHPHPHHPPPPPPHHHPPPP
507,HPPPPHPPHPHPHPHHHPPPPHPHHPHPPP
508,PPPPPPHPHPPPPHPPHHPHPPPPHPHPHH
509,HHHPPPPPPPHPHPPPHHPPPPHPHPPHPP
510,PPPPHPHPPPHHPPHPPHHHPHPPHPPHPH
511,HHPPPHPPHPHPHPPPPPPHHPPPPPPPHH
512,PHPPPPHPHPPHPPPHPHHPPPHPPPHHPP
513,PHPHPPPPPHPPHHPHPPHHHPPPPPHPPP
514,HPHHPHHHPPHHPPHPPPPPPPPPPPHPPP
515,PHPHHPPPPPHPHPHPPHPHHHHPPPPPPH
516,PPPPPHPPPPHPPHHPHHPHHPPPHPPHPH
517,HPPHPHHHPHHPPPPHPPHPHHPPPPHPPP
518,PHPHPHHPPHPPHPHPHPPHPPPPHPPPPH
519,PPHHPHPPPPPHHPPPPPHPHPHHPPPHHP
520,PHHPPHHPPPHHPPPPHPPPPPPPPHHPHP
521,PHPPPHPPPPPHPPHHHHPPHHPPPPPHPP
522,HHHPHHHHHPPPPPPPPHPPPPPPHPHPPH
523,HHPPPPPPHPPPHHPPHHHPPPHHHPPPPP
524,HHHHPPPHPPPPHPHPPHPPPPHHHHPPPP
525,HHPPPPPPHHHHPPPHPPHHPHPPPHHPPP
526,PHPPPHPPHHHHHPPPPPPHHPHHPHPPPP
527,PPPPPHPHPPPHHHPPHPHPHHHPPPPPPP
528,PPPHPPPHHHPPPPPHPPHPHHPHPHPPHP
529,HHHPHHHPPHPPPPPHPPPPPPPHPHPHHP
530,HPPPHHPPHPPHPPHPPPPHPHPHPPHHPP
531,HPHPPPHPPPPHHPPPPPPHHHPPPPHHPH
532,PHHPHPPHHPPHPHPHPHPHPPHPPPPPPP
533,PPHPHPPPPPPPPPPPHHPHHHHPPPHPPH
534,PHPHHPPPHHPPPPPPHHPPPHHPPPHHPH
535,PPPHHHHPHHPPHHPPPPHPPPPHPPHPPP
536,PPHHPPPPHPHHPHPPPPHHPPHHPPPPHP
537,PPPHPPHHPHHHHHPHHPPPPHHPPPPPPP
538,PPPHHPHPPPHPPHPPPPHHPHHPHPHPPP
539,PPHHPHHPHHHPPPHPHPHPPPHPPPPPPP
540,PPPPHPHPPPPPHHHPHPHHPHPPPHPHPP
541,PPHPPHHPPPHPHPPPHPPPPPHHHHPPPP
542,PHPHPPPPPHPPHHPPPHPPPHPHPPHHPP
543,HPPHHHHPPPPHPPPPPHHHPPPHPPPPPP
544,PPHPPPPHPHPHPPHPHHPPHPPPHHPPPH
545,HHHPHPHHHPHPPPPHPHPPPPPPPPPPPP
546,PPPHHPPPPPPHPPPPHPHHPPPPHHPHPH
547,PPHHPHHPHPPPPPPPPHHPHPHHHHPPPP
548,PPPPHPHHHPPPHPPPPPPHPHHPPHHPPP
549,HPHPPPHPPPPHPPPHHHPPPHPPPHHHPP
550,PPHHPPHPHPHPHPPHPHHPPPPPPPHPPP
551,HPPHPPHHHPPHHPPPPPHPPHHPPHPPPP
552,PHPHPPPPPHPHHHHHPPPHPPPPPHPPHH
553,HHHPPPHPHPPPHHPPHPPHHPPPHPPPHP
554,PPHPHHPHHPPHPPPHPPPHHHPPPPPPHH
555,PHPHHPHPPPPPPPPPHPPHPPPHHPHPPH
556,HHHPPPPPHHPHPPPHHHPPPPPHPPHPPH
557,HPHPHHPPPPPPHPHHPPHHHPPPPHPPPH
558,HHPPPPPHHPHPPPPPPPPHHPPHHHPHPP
559,HPHPPHPHHPPPHPHPPPPHHPHPPPPHPP
560,PPPPHPHHPHPPPHHPHPPPHHPPPPHPPP
561,PPPPPPHHPHPHHHHPHPHPHPPPPHPHPP
562,PPHPPPHHHPPPHPHHHPPPPHPPPPPPPH
563,HPPPPHPHPHHPPPHPHPPPHPPHPPHHPP
564,HPPHPPPPPPPPHHPPHHHHPHHPPPPPPP
565,PPHPPPPPHPPPHPPHPPPHHHHHPPHHPH
566,HPPPPHPPPHPHPHPPHPPHPHHPHHPPPH
567,PHHPPHPHHHPHPPHPPPHPPHPPPPPHPP
568,PHHHPPPPPHPPHPPPPPPHHPPPHPPHPH
569,PPPHHHPHPPHPPHPHPPHPPHHPPPPPHP
570,PPPHPPHPPPPHHHHHPPPPPPHHPPHPPH
571,HPPHPPPHPHPHPPHPPPPPPPHPPHHPHP
572,HHPPPHPPHHHHPPPPPPPHHPPPPPHHPH
573,HPHHPPPPPPHHPHPPPPPPHPHPHPHPPP
574,PHHPHPHHPHPHHPPHPPPPHHPPPHPPPP
575,PPHPPPHPPHHPPHPPHPHPPHPHPPHHHP
576,PHHPPHHPPPHPPPPHPPPPHPPPPHHPHP
577,PHPPPHPPHHPHHPPPPHPPPPPHHPPPHP
578,HHHPHPPHPHPPHPPHPPPPHHPHPPPPHP
579,PPPPPHPPPPPPHPHPHPHHPHPPHHHPHP
580,PHHPPHPHPHPPHPPPHHPPHPPHPPPPPP
581,PHPHPPPHPPHPPHPPPHHPHPPPPPHPPH
582,HPPHHPHPHPPHPPPPPPHPPHPHHHHPPP
583,PHHPPHPPPHPHPHPPPHPHHPHHPPHPPP
584,HPPPPPHHHPPPHPPHHPPPHHPPHPPPPP
585,PPPPHHPPHPHPPPPPPHPPHHHHPHPPHP
586,PHPPPPPHHPHPPHPHPPPHPHPPHPPHPP
587,PPPPHPHHPPHHHPHPPPPPHPHPPHPPPP
588,PHPHPHHHPHHPPPPPPPPPPPPHHPHPPH
589,PHPHPPHPPPPPPHPPHHHPHPPHPPHPPP
590,PHPPPPPHPPPHPPPHPHPHHPHHHPPPPP
591,PPPPPPPHPPHHPPHPPHHHPHPPHHHHPP
592,HPPPHPPPPPPPPHPPPPHPPHHHHPHHPH
593,PHPPPHPPPPPHHHPPHPPPPHPPHHPPPH
594,PHPPPHHPPPHPPHHHHPPPPPHHHPHPPP
595,HHHPPPHPHPPHHPHPHPPPPPPHPHPPHP
596,PPHPPPHHPPHPHPHHPHPHHPPPPPHPPP
597,HPPPHPPPHPPHHHPPHHPHHPPPPPPPPP
598,HPHPHPHPPHPPHPPPHPHPHHHHPPPPPP
599,PPPPPHPHPHPPPHPPHPPHPHHHHPPPPP
600,PPPHPHPPPHHHPPHHPHPHHPPPPPPPPH
601,HHPPHHPHHPPHHPPPPPHHPPHPPPPPHP
602,PHHPHHHPPHHPHPPPPHHPPPPPHPPPPP
603,PPPHPPPHPHPPHHHHHPPHHPHHPPPPPP
604,PPPPPHPHPPHHPHHHPHHHPPPPHPPHPP
605,PPPHHHPPPHHPPPPHHHPHPPHPPHHPPP
606,HPPPPHPHHHPHPHHPHPPPPPPPPPHPHP
607,HHPPHPPPPPPPHPHPPHPPPHHPPPHPHP
608,PHHHPPPPPPPPPPPPPPHPHHHPHPHHHP
609,PHHHPPPHHPPPPHHHPHPPPPPHPPPHPH
610,HPPPPPPPHPPHHHHPPHHPPHHPPHPPPH
611,PPHPPHHPPPPHHPPPHPPPHHHPPHPPPH
612,PPPHPHPPPPHPHHHPPPHPHPPPPHPHHP
613,PPHHPPHPPHPHPPPPPHHHHPHPPHPPPH
614,PHHPPPPPPPPHPHPPHPHPPHPHHPPPPH
615,PPPHHPHHHPPHHPPPHPPPPHPPPHHPPH
616,HPHPPPHHHHPPHHPPPPPPPPPPPHHHPH
617,HHPPPHPPPPPPPPPPHPHHHPPHPHPHPP
618,HPPPHPPPHPPHHHPHPHPHPHHPPPPPPH
619,HPHHPPPPPPPHHPPHPPPPHPPPHHPPHP
620,HPPPHPPPPPPPHHHPPHPPHPPHHHPPPH
621,PHPPHPPPHPPPHPPHHHPHHPPHHHPPPP
622,PPPPPPPHPPHPHPPPHHHPPPHHPHHPHP
623,PPHHHPHPPPHHPHPPPPHPHPHHPPPPHP
624,HPPHPPPPPHHPPPPPPPPPHPHPHPPHHH
625,HPPPPHHPHPPPPPHPPPPPPPHHHHPPPH
626,PHHPHPHPPPHPHHPHPPPPPHPPPPHPHP
627,PHPHPPPPHPHPHPPPPPPHPHPHHPHPPH
628,PHPPHPPPHPHPHHPHPPPHPPHPHPHHPP
629,HPPHPHHPHPPHPPPHPPHPPPPPPPHPPH
630,PHPPPPPPPPPHPPHHPHHHPPHHPHPHHP
631,HHPHPPPHPHPHPHPHHPPHPPPPPPPPPP
632,HPPPHPHPPPHPPHPPPPPPHHPHPHPPHH
633,PPPHPPHHPPPHPHHPPHPPPPPPHHHHPP
634,PHPPPPPHPHPHHPPHPPHPHPHPPPPPHP
635,PPPHPPHPPPPHHPHHPHPHPPPHHPPHHP
636,PPPHHPPPHPPHHPHHPPPHHPHPPPHPPP
637,PPHPHPPPHHPPHHHPPPHHHPPHPPPPPH
638,HPPPHPPPHPHHPHHPHHPPPPPHHPPPPH
639,HHPHPPPPPHHPHHPHHPPHPPPPPPHPHP
640,PHHPPPHHPPHPHPPPPPPPHHPPHPPPPH
641,HHPHPPHPPPHPHPHPHHHPPPPPPPHPPP
642,PPHPHPPHHPPPPHHPPPHPHHHPPHPPPH
643,HPPPPHPPPPPPPPHHPHPPHPHPHHPHPP
644,PHPPHHPHPPPHPPPHHHHPPPPHPPPHHP
645,PPHPPPPPHPPHPHHPPPPPHHHPPPHHHP
646,HPHHHPPPHHPPHPPPPHHHHPHPPPPPPP
647,PPHHPHPPPPPHPHPPHHPHPHPPPHPHHP
648,HPHPHHPHPPPPHHHPPPPPPPPPPHHPPP
649,HPHPPHPPPPHPPPPPPHHHPHPHHHHPPP
650,HPHPPHPPHPPPPHPPHHPHHHPHPPHPPP
651,PHPPHPHPPPHPPPHPHHHPHPHPHPPHPP
652,PPPPPPPPHPHPHHHHHPPPPHPHPHPPHH
653,HPPPPPHHHPPHPHPHPPPHPPPHPPHPPP
654,PPHHHHHHPPPPPPPPPPPPPHHPHPPPHP
655,PHPHPPHPPHHPPPPPHHHPHPPPPHPHPP
656,HPPHPPPHHHPPPHPPPPHHPHPHHPPHPP
657,PHPPHPPPHPPPPHPHPPPHPHHHHPPHPP
658,HPPHPPHPPPPHHPHPPPPHHPPHPPHPPP
659,HPPPPHHHHPHPPHPPHPHPPHPPPPPHPP
660,PPHPPPPHHHPHPPPHPPHPPPPHPPPHHP
661,PHPPHHPPPHPPHPPPHPPPPHHPPHHHPH
662,HPHHPPPPHPHPPPHPPPPHHPPPHPPPHP
663,HPPPPHHPPHPHPHPPHPPHHHPPHPPPPP
664,PHPPPPHPPHPHPHPHPPHPPHPHPPHHPH
665,PPPPPHPHPPHHPPHPHHHHPHPPHPPPPP
666,HPPHPPHPHPPPPHPHHHHPPHPPPPPPHH
667,PPPHHPPHPPPHPHHPPPHHPPPPHPPPHH
668,PPPPPPHPPPHHPHHHPPHPHHPPPHHPHP
669,HPHPPPHHHPPHPPHPPPPHPPHHPPHPHP
670,PPHHHHPPHPPHPPPPPHPHPPHPHHHPPP
671,HPHPHHPHHPPPPPPPPPPHPHPPHPHHPH
672,PPPHHPPPPPPHPHPPHHPPHHPHHHPHPP
673,PHPPPHPHPPPPPPPHHPHHPHPPPHPHHP
674,PPHPPPHPPPHPHPPPHHPHPHPHHPPPHH
675,PPPPPHHHPPHHPPPPHPHPPHPHPHHPHP
676,PHHPPPHPHPHHHPHPPPPHPHPPPHPPHP
677,PHPPHPHPPHPHPHHPPHPHHPHPPPPPPP
678,PPHPPPPPPPPHPHHHPHHPHHPPPPPPPH
679,HHPHPPPPPPHPPPHPPHPHHHPPPPHPPP
680,PHPHHPHHPHPPPPPHPHHPPPPPHHPPHP
681,PPPPPPPHPPPHPHPPPHPHPPPHPHHHHP
682,HPHPPPPHPHPPPPPPHPHPPHPHHHHHPP
683,PPPPPHHHPPPPPPPHHPHHHHPPPHPPPP
684,PHPHPPPHHPHHPPPPHPPHPPPPPPPHPH
685,PHHPPPPPPPPPHPPPPHHHHHHPPPPHPH
686,PHPPHHPPHPPHPHHHPPHPPPHPPHPPPP
687,PPPHHHPHPHPPHHPPPPPPHPPHPHPPHP
688,PPPHHPPPHPHPPPHPPPPHPPHHPHHHPP
689,PHPHHPPPHHHHPHHPPPPPPPPHPHHPPP
690,PPHPPPPHPPHPPPPPHPHHPHPPPHPHHP
691,PHHHPHPHHPPPPPHPPPPPHPHPPHHPPH
692,PPPPHHPPPPHHPHHPHPPPHPHHPPHHPP
693,PPPHPPPPHPHHPHPPPPHPPPHHHPHPPP
694,PPHPHPPHPPHPHHPPPPPPHHPPPHHPPP
695,PPPHPHPPHPPHPPPPHHPPPHPPPHPHPH
696,HPPPHHPPPPPPPHPHPPPPPHHHHPHHPH
697,PPPHPHPPPPHHPPPHPPPPHHPPHPPHHP
698,PPPHPPPPHPPPPPHHHPPPHHHPHPPPHP
699,HPPPHPPPHHHPPPPHPPPPPPHHHHPPPP
700,PHHHPPPHPPPPPHPPHPPPHPPHHHHPHP
701,PHPHPPPPHPPHPHHPPPHPHHHPPPPHHP
702,PPPPPHHPPHPPHPHPHPPHHHHPPHPPPH
703,HPPPPPHHHHPPPPHHPPHHHPHPPPPPPP
704,PHPHPHHPHPPHPHPPPPPHPPPPHHPPHH
705,PPHPHPPPHPPPPHPHHPHPPPPPPHHPPH
706,PHHHPPPPPPHPPPPHPPPPHPHHHHPPPP
707,HPHPPPPPHPHPHPPHPPPPPPHHHHHPPH
708,PPPHPHPHPHHHPHPPPHPPPHPPPHPHHP
709,PPPPPPPPPHHPPPHHHPHPHPPHPPPPHH
710,PPPHPPPHHPPHPPHPPPHHPHPPPPHHHH
711,HPHPPPPPPPHPHHHHHHPPPPHPPPPHPP
712,PHPHPHPPHHPPPHPPPHHPPHPPHPHPPP
713,PPHPPPPHHPPHPPHPHPPHPPPPHPHPHP
714,PPPHHPPPPHPPPHPHPPPPHPHPPHPHPH
715,PPPHPPPPPPHHHHPPPPPPHHPPPHHPPH
716,HHHPPPPHHPPHHPPPHPPHPPPHPPPHPP
717,HPPPPHPPPPPHPPPPHHPHPPPHHPHHHP
718,HPHPPHPPPPPHPPPPHHPPHHHHHPPPPH
719,PHPPPHPPPPPPPHHHHPHPHPHPHHHPPP
720,HHPHPHPPPHHPPHPPPPHPPPPHPPPPHP
721,PHPPPHHPPPPPPPHHPHPPPHPPHHHPPP
722,HPPPHPPPHPHPPHPHPHHHPPHHPPHPPP
723,HPPPPHHHHPPPHPPPPPPPHPPPPHPPHH
724,HHHPPPPPHPHHPPPHPPHHPPPPHPPPHP
725,PHPHPHPPPPPHHPHPPHPHPHPPHPPPPH
726,PHHPHPPHPHPPPHPHHPPPPPPPPHPHPH
727,PPHPHHHHHHHPPPPPPPPPHPPPPHHPHP
728,PPPPPHPHHPPHPPHPPHPPHPPHHPHPHP
729,PPHPHPPPPHPHPPHPHHPPHPPPHHPPPH
730,PPHPHPPPHPHHPPPPPHHHPPPPPPHPHH
731,PHPPHPPPPPPPHHHHHPPHHPHPHPHPPP
732,PPHHHHPPPPPPPPHHPPPPHPPPHPPHHP
733,PHPHPPHPPHPPPPPPPPPHHHHHPPHHPP
734,PHPPPHPPPPPPPPHHHPPPPHHPPHPPHH
735,HPHPPHHPPPPPPHPHHPHPPHPPHPPPPP
736,HPPPHPHPHPPPHPPHPHHPPPPPHPPPHP
737,HHHHHPHPPPPPPHPPHPHPPHPPPPPHPP
738,PHPHPHHHPHPPHPPPPHHPHHPPHPPPPP
739,PHPHPPPPHHPHHPHPHPPPPPPHPPPPPH
740,PPPHPHHPHPHPPHPHPPHPPHHPPPHHPP
741,PHPPPPHHHHPHPPPPPPPHPHPHPPPHHH
742,HPHHPHPHHPHPPPPHPPPPPPPPHHHPHP
743,PPPPPPPHHHPHPPPHHPHPPPPPHHPHHP
744,HPPHPHPHPPPPHPPHPPPHPHHHPPPPHH
745,PPPPHPPHPPHPHPHPPPPPHPHHPHPPHP
746,PHHPPPPPPPPPHHPPPPPHHHHHHPPPHH
747,PPHPPPHHHHHPPPHPPHPPHHPPPPPPHH
748,PPPPPPPPPHHHHPPPPHPHPPHPPHPHPH
749,HHPPHHHPHPHPPPPPHPHPPPPPPPPHPP
750,PPHPPHPPHHPHPPPHPHPHPPPPHPPHPH
751,PHPHHPHHHPHPPHPPPPPPHPPPHPPPPH
752,PPPPHPHPHPPPPPHHPPPHPPHPHPHHHP
753,HPHPHPPHHPPPPPPHPHPPHPHPPPPPHH
754,PPPHHPHHPPHPPPHPPHHPHPPPPHPHPP
755,HPPHHPHPHPPPHPPHHHPPHHPPPPPPHP
756,HHPPPHPHHPPPHPPPPPPPPPPHPHHPHH
757,PPPPHHPHPPPHPHHHPPHPPPHHPPPPHP
758,PPPPHPHPPPPHPHHPPHHPPPPPHPHHPH
759,HPPHPPHPPPPHPPPPHHPHPPHPPPHPHH
760,HHPHPPHPPPPPPPPPPHHHPPHPHHPHPP
761,PPHHHPPHPHPHPPHHHHPHPPPPPPPPPP
762,PHHPPHHHPPPPPPPHPPHPPHPPHHHPPH
763,PHHHPHPPPPPHHPPPHPHPHHPPPPPHHP
764,PPPPHHPHHPPPPPPHPHPPPPHHPHPHPP
765,HHPHHPHPPPPPPPHPPPHPPHHHPPPPHH
766,PHPHPPHPPHHHPPPPHPHPPPHHPPPPPP
767,HPPPPPHPPHPPHHPHPPPHPPPPHPPPHH
768,PPPHPPHHHHHPPPPHPPPPHHPHPPPPPP
769,PPPHPHHPPHPPHPPPHPPHPPPHPPHPPH
770,PPPPPPHHHHHHHHPPHPPHPPPPHPPPHP
771,HPPHPHPPPPPHPPHHHPPPPPHPHHPPPP
772,HHPHPPHPPPPPPPHPPHPPPHHHHHPPHP
773,HPHPPPHPPPHPPHPPPPHPHPHPHHHPPP
774,PPPPHPPHHHPPPHPPHHPHHPHPPPHPPP
775,PPHHPPHPPHPHHPPPHPHPHHPPHHPPPP
776,HHPHPPHPPPPPPHHHPPPPPPPPPPHHPH
777,HHPPPHHHPPHHHHPPHPPPPHPPPPPPPH
778,HPPHPPPHHPHPPHPPPHHHPHPPHPPPPP
779,PPHPPPHHPPHPPPHPPHPPPPHPHPHHPH
780,PPPHHPPPPHPPHPPHHPPHHPPHPPHPHP
781,HHPPPPHHPPPPPPPHHHHHPPHHPPHPPP
782,PPPHPHHPPPPPPPHHPPHHHHPPPPHHPP
783,PHHHPPHPPHHHPHHPHPHPPPHPPPPPPP
784,HPPPHPPPPHPPPPHPPPPHHHHPPHPPHP
785,HPHPHPPHPHHHPPPPHPPPPPPPPPPHHP
786,PHHPPPHPPHPPHPPHPPPPHHPHPPPPHP
787,PPHPPPPHPHPHHPPHHHHPPPPHPPHPPH
788,PPPPPPPPHPHPHPPHPHHPPPHPPHPHHP
789,PPPPPPHHHPPPPPHPPHPHPPPHPHPHHP
790,PPPPPPHHPHPHPPHHHHHHPPPPPPPPPH
791,PHHPHPHHHPPPPHPPPPPPPPHHPPHHPP
792,HPHPHPPHPPPHHPPHPPPPHPHHPPPPPH
793,PHPPHPHPHHHHPPHPPPPHHPPPHPPPPH
794,HPPPHPHHPHHHPPPPPHHHPHPPPPPHPP
795,PPPHHHHPHPPPPPHHPPHPHPPHPPHPHP
796,HPHPHPPPPPHPHPPPPHPHHHPPPPPPHH
797,HPPHPPPHHPHPPHHPHPPPPPPPHPPPHP
798,HHPHPPPPPPPPHHPHHPHHPPPPPHPPPH
799,PPHPPHPPHPHHPPPPHHPHPPPHPHPPPP
800,PHHPPPHPHPPPPHHPHPPHPHPPPPHHPP
801,PPPPPPHHPPHHPPPHPPPPHPHPPPHPHH
802,PPHPPHPPPHPHPPHHPPPPHPHPHPHPHH
803,PHPPHPHPHPPHPHPHPPHPPPPHHPPHHP
804,PPHHPPPHPPPPHPHPPHPPHPPHHHPHPP
805,PPHHPHPPHHPHPPPPPPHPHPHPPHPPHP
806,HPHPPPHPPPPPPHHHPPPPHPHPPHHHPP
807,PPHPHPPPPPHHPHHPHHPPHPHPHPPPPH
808,PPPHPPHPPHHPPPHPPPHPPPHHPHPPPH
809,HPPPHPHPPPPPPHPHHPPPPHPPHPPHHP
810,HPHHPPPPPPPHPPHPPHPPPHPHPHHHHP
811,HPHPHHPPPPPPPPHPPPPPPHPHPPHHHP
812,PPPHPPPPPPPHPPPHHHHHHPHPPHHPPP
813,HHHHPPPPPPPPHPHHHHHPPPHPPPPPPH
814,PPPPPPHPHPPHPHHHPHHPPHPHPHHPPP
815,PPPPPPPHPPHPHHPPPPHPPHPPPPHHHH
816,PPPPPPHPPPPPHPHHHPPHHHHHPPHPPH
817,HHPHPHPHPHHPHPHPPPPPPPHPPHPPPP
818,HPHPPHHPHHPPPHPPHPPHPPHPPPPPHP
819,PPHHPPPHPPPPHHPHPPHHHPPHPPPPPP
820,PPPHHPPHPPHHPPPHHPPPHPPPPPHPPH
821,PHPPHPPHPPPPPHPPPHPHPHPHPPPHPH
822,PHPHPPPHPHPPPPPHHHPPHPPPHPPHPP
823,PHHPHHPHPHHPHHPPHPPHPHPPPPPPPP
824,PPPPHPPHHHPPHPHPHPHPPHHPPPPPHP
825,PHPHPPHHHPPHPPPPPHHPHPPHPPPPPP
826,PPPPPHPHHPHHHPPPPPPPPPPHHPHPHH
827,HPPHHPPPPPHPPPPPHHPPHHPPHHHPPP
828,PPPPHPPPHPPHPPPHPPPHHHPHPHPPHP
829,PHHHPHPPPPPPHHPHPHPPPHHPPPPPPP
830,HHPPPPHPPPPPHHPHPPPHHHHPPPPPHP
831,HHHPPPPPPHPPPPPPPHPHPPHHPPPHHP
832,HPPHPPPPHHPHPPHHPHPPPPPPHPHHHP
833,PPPHPHHPPHHPPPPHHPPHHPPHPPHPPH
834,PPPPPPHHPHHPPHPHPHPPPHHPHPPPPH
835,PPHPPPHPHHPPPPPHPPPPHPHPHHPPHP
836,PHPPPPPPPHPPHPPHPPPPPHHPPHHHHH
837,PPPHHPHHPHPHPPHPPHPPPPPHPHHHPP
838,HHPPHHPHPHPPPHHPPHPPPPHHPPPPPP
839,PPHHPPPPPHPHHPPPHHPPPHHPPPPHPH
840,PPPPHHHHHPPPPHPHPPPPPHPPHPHPPH
841,PPHHPPPHPPHPPPPHPPHPPPPPHHPHHP
842,HHPPPPPPPPPPHPPPPHPHPHHPPPHHHP
843,HPPPPPPHPPPPPPHHPPPHHHPPHPPHPH
844,PPHHHPPHPHPPPPHPPPHPHPPHHPPPHH
845,HHHPHPPPPHPPHHHPPHPPPPPPPHHPHP
846,PPPPHPPPPPPPHHPPHPHPPHHHPHPHPP
847,HHPPPHHPHPPPHPPPHPPPPHPPPHPHPP
848,PHPPPPPHPHHPPHHPHHHPHPPPPHPPPH
849,PPPHHPPPPHPPPHPPPHHPHPPPHHPPHH
850,PHPHPHHPPPPHPPPPHHHPPPHPPHHHPP
851,PHPPPPHPHPPPPHPPPPPHHPPHHHPHHP
852,PHHHPHHPPPHPPPPPPHHPPHPPHPPHHP
853,PHHPPPHPPPHHPPPHPPHHPPPPHHHPPH
854,HPHHPPHPPPPPHPHHPHPPPPHHHPPPPP
855,HPHHPHPHPPHPPHHPHPPPPHPPPPPPPP
856,PPHHHPHPHPPPHHPPPHPHPPHPHHPPPP
857,PPPHHPHPHPPHPPHPPPPHHHHHPPPPPH
858,PHPPPHPPPHPPPHHPHPPPHPPHHHHHPP
859,PHHPHHPPPPHHPHPHHPPPPHPPPPHPPH
860,PHPPPHHPPHHPPPPPPHPPPPHHPPHHHH
861,PHPPPPHHPHHHHHHPHPPPPPPHPPPPPP
862,HPPPPPPPPHHHHHPHPPPPPHPPPPPPHH
863,PPPPHPPPHHPPPPHPHPPHPHHPPHPHHH
864,PHPPHPPHPPPPHPHPHPHPPPPPHPPHHP
865,PPHHHPPPPPPHHHPPPPPPHHPPPHPPHH
866,PHHPHHPHPPPPPPHPHHHPPHHPPPPPPH
867,PPPPHPPHPPPHHPPPPPHPHPPHHHPPHH
868,PPPHHPPPPPPPPHHPHPHPHPHPHHHPPH
869,PPPHPHPPHHHPPHHHPPPPHPPHPPHPPH
870,HPPHHPPPPHHHPPPPPHHPPPPHHPPHPP
871,HPHHHHPPPPPPPHPPPHPPPPPPPHHPPH
872,PHHPPPPHPPHPHPPPPPPHHPHPPPPHHP
873,PHPHPPPPHPPHHHPHPPPPHPPHHPHPPP
874,HPHPPPPPPPPHPHPPHPHPPHPHHPPHPP
875,PHHPPHPHPPPPPPPHPPPHPHPHPPPHHP
876,PPHPHHHPPPPPHPPPPHHPHPHPHPPPPP
877,HHPPPHPHPHHPPHPPPHPHPPPPHPPHPP
878,PHPHPPPHPHHPPPPHPPPPPPPPHHHHPP
879,HHPPHPPHPPPPHHPPPPHPHPPPPPHHPP
880,PPPPPPHPHPPPPHHPPHHPHHPPPPPHHH
881,PPPHPHPPPHHPHHHPHPPHPPPPPPHPHH
882,HPHPHPPHHPPPHHPPPPPPPHPHHPHPPP
883,PHHHPPPPPHPHHHPPHPPHPPPPPPPPPH
884,PPPPPHPPHPPPHPPPPHHPHPPHHPHPPH
885,HHPHPPPHHPHHPPPHPHPPPPPPPPPHPP
886,PPPHPPPHHHPPHHPPPHPPHHPHPPPHPH
887,PPPPHPPHPHPPHPPHHHPHPPHPHPPHHP
888,PPHHPPPPPPPHPHHHHHHPPHPPPPPPPH
889,PPPPHPPPHHHPHHPHPPPHPPPPPHPHPP
890,PHPPPPHPHHHPHHPHHHPPPPPPPPHPHP
891,PPPPHPHPPHPPPHHPHPHPPHPPPPHPHP
892,PHHHPHPHPPPPPPHPHHHPPPPHPPHPHP
893,PHHPPPPHPPHPPPPPHPHHPHPHPHHPPH
894,HPPPPPPHHPPPPPHHPHPPPHPPPHHPPH
895,PPPPHPPPPPHHPPPHHPPHPHHPHPPPPH
896,PPPHPHPHPPPPPHPPPHPHHPHPHPHHPH
897,HHPPHPPHPPHPHPHPPPPPPHPPHHHPPH
898,HPPPPPPPPHHPHPPPPHPHPHHPHHPPPH
899,PPPHPHHPHPHPHPHHHPPPPPPPPHHHPP
900,PHPPPHPPHPPHPHPPPHPPHPHHHHHPPP
901,PPPPPPPPHHHHPPHPPHPHPPHPHPPPPH
902,PHHPPPPPPHHPPHPHPPPPPHHPPHPPHP
903,PHHPPPPHPHPPHPPPHPPPPHPPPHPHPH
904,PHPPPPHHHPHHPHHPPHPHPHPPPHPPPP
905,PPPPPHHPHPPPPHPPHHHHPPPPPPHHPP
906,PPPPHPHPHPPHPHPHHPHPHHHHPPPPPP
907,PPHPPPPPPHPPHHPHPPHPHHHHPPPHHP
908,PHPHPPPPHPHPHHPPPPPHPHPPHPHHPH
909,PPPHHHHHPPPPPHHHPPHPPHPPPHPPPH
910,HHHHPPPPHHHHPPPPPPPPPHPPHPPPPH
911,PHPPPPPHHHPHPHHPHPPPPPHPPPHHHP
912,PPPHHHHHPPHPPHPPPPPHPHHPHHPPPP
913,PPPHHHHPHPPPPHPPHPHPPPPHHHPPPH
914,HPPHPPPPPHPHHPHPPPPPPHPHHPPHPP
915,PPHPHPHPPHPPHPPPHHHPPHPPPHPHPP
916,HPPPPHPPHPPHPPPHHHPPHPPPHHPPHP
917,PHHHHHHPHHPPHPPPPPPPPHHPPPPHPP
918,HPHPPPHHPPHPHPHHPHPPPPPPHPPPPP
919,PHPPPHPHPHPPPPHPPHHPPPPPHHHPHP
920,HPHPHPPHPHPPPHHPHPPPPPPPPPHPHP
921,PHHHPPPPHHHPPPPHPHPPPHHHPPHPPP
922,PPPPPPHHHPPPPPPHPHPPHHPHPPHPHP
923,HHPHHPPPPPHHPPPPHPPHPHPPHPHPPP
924,PPPPHPHHPPPHHHHHHPHHPPPPHPPPPP
925,HPPPPHPPPPHPPHHHPPPPHHPPHPHPPP
926,PPPPHPPHPPPPHHHPPHPPHHPPPPPHHP
927,HHPPPPHPHPPPPHHHPPPHPHPHHPPPPP
928,PHPHHPHPPPPPHHPHHPHHPPPPHPPPPP
929,PPHPPPPPPHPHPPPHHPHHHPPPHHPHPH
930,PPPPPPPHHPPPPHHPPHHPHPPPHHHPPP
931,PPHPHPHPHPHPHHPHPPPPPPPHPPHPHP
932,HPHHPPHPPHHPPPPPPHHPPPPHHPHPPP
933,PHPPHHPHPPPPPPHHHPPPPHPHHPPPHH
934,HPPHPHPPHHPPPPPHPPPHPHPPPPHPPH
935,PPPPHHHPPPHPPHHPHPPHHPPPPHPHPP
936,PPHHHPPPPPPPPPPHPPPHHPHPHPHHPH
937,PPPHHPPPHPPPPHPHHPPPHPPHHPHPPP
938,PHHPPHPPPHHPHHPPHHHHPPPPPPPPPP
939,HPPHHPPHPPHPHPPPPPHPPHPPHHPHPP
940,HPHPPPHHHPPPPPHHHPPHPPHHPPPPPP
941,HPHHPPPHPPHHPPPHPPPHPHPPPHPPHP
942,HPPHPHPHPPHPPPPPPPHPHHPHHPPPPP
943,PPPHHPHPPPPPHPHHHHPPPPHPPHHPPP
944,PPPPPPPPPHPPPHHHHPHHPHPHHHPPPP
945,PHHHPPHPPPPPPHPPHHPPHPPPHPHHPP
946,PPHPHPPPHPHPHPHPPPPHPPPPPPHPHH
947,PPHHHPPPPPHHHPHPPPPPPHHPPPPPPH
948,PPPPHHPPPPHPPPPHPPPPHHPHHPPPHH
949,PHPHHHHHPPPPHPHPPHPPPHPPPHHPPP
950,PHPHHPPPPHPHPHPPPHPPPPPPHHPPHH
951,PPPPPHHPHHPHPPHPHPHPHPPPHPPPPP
952,PPPPHPHHHPHPPPHPPHHPPPPPPHPHHH
953,PPHHPPPPPHPHPPPPHPPPPHHPHHPHHP
954,HPPPHPHPHHPPPPPPPHHHPPPPHPPHPP
955,PPHPPHPHPPPHPPPPPHHHPPHPPPHHPP
956,PHPPPPPPPPPHHHPHHPHHHPPPHHPPPP
957,HPPPPHPHPPHPPPHPPHHPHPPPPHPHPP
958,PPHPPHHPHPPPPPPHPPHHPPPHPPHHPH
959,PPHHHHPHPPPHHHPPPPHHPPHPHPPPPP
960,HPPPPPHPHPPPPPHHHPPPPPPHPHPHHP
961,PHPHPHPPHPPHPPHPHPPPPHPHHPPPHH
962,PPPPHHHHPPPPHHPPPPPPPHHHHPHPPP
963,PPPHHHPPHPPPPPPHHPHPPHHPPPHPPH
964,PPPPHHPPPHHPPPHPHHPHHPPPHPHPPH
965,PHPHHPHPPPPPPPPHHPPPHPHHHPPPHH
966,PPPPPHHPHHPPPPPPPHPPPPHHPPHPHH
967,HPPPPHPHHPHPPPPPHPPHPPPPHHPPPH
968,HHHPHPHPPPPPPPHHPPHPPPPPPHPHHP
969,PHPHPPPPPPHHPHPHHPPHHHPPPPPPHP
970,PPPPPPPHPHPPHPPHPHHPPHPHPPPHHH
971,HPHPHPPPHPPPPPHPPPPHPPHHHHPPHP
972,HHPHPPPPPPPHPPPHPPPPHHHPPPHPPH
973,HPPPHPPPPPHPHPPPPPHHPPHPHPPHHH
974,PHHPPPPHPPPPHHHHPPHPPPHPPPHPPH
975,PPPPPHPHPHHPHPPPPPPPHPHPHPPHHP
976,HHPPHPPPHPPHPPPPHPHPPPHPHPHPPP
977,PPPHHHPPHHPHPPPPPPPHPPPPPHPPHH
978,PHPPPPPPHHPPHPHPHPPPPPPHPPHHPH
979,PHPHPPHHPPPHPHHPPPPHHPPPHPPHPH
980,PHHHHPPPPPHPPHHPHPPHPHPPHHPPPP
981,PPPHPHHHPPHPPPPPHHHHHPPHPPPPPP
982,HPPPPHPPHPPPPPPPPHHPPHHHPPHHPH
983,PPPPPHPHHPPPHHHPPPHHHPPHPPPPPH
984,PPHHPPPHPPPHHPPHHPPPPPPHHHPPPP
985,PPPPHHPPPPHHHHHPPHPHPHPPHPPPPP
986,HHPHPPHPHPPPHHPPPHHHPPHPPPPPPP
987,HPHPPPPHPHHPPPPHPPPHHPPHPPHPPP
988,PPPPPPPHPPPPHHHHPHPPHHHPPHPHPP
989,PPPPPPHPPHPHPHHPHPHPPPHPPHPHHH
990,HPHHPPHHPPPPHHPHPHHPPHPPPPHPPP
991,PHHPHHPPPPPPPHPPPPHPPPHPHHHPPH
992,HPPPPHPHHHPPPHPPPPPPHHHPPHPPPP
993,HHPPPHPHPHPPHHPHHPPPHHPPPPPPPH
994,PPPHPHPPPPHHHPPHPHHPHPPPPHHPPP
995,PPHHPPPPHPPPHPPPPPPPPPHHHHHHHP
996,PPHPPHPPHPPPPHHPPHHPPPPHPHHPPP
997,PPPHPPHPPPHPHPHPHHPHHHPPPPPPPP
998,PHPPPHHHHPPHPPPHPPPPPPHPHHPPHH
999,PPHPPHPHHHHPHPPHPPPHPPPPPPPHHH
