id,sequence
0,HHPHHHHHHHHHHPHHHHHHHPHHHHHHHP
1,HHHPHPHHHHHHHHHHHHHPHHHHHHHHHH
2,HHHHHHPHHHHHHHHHHHHHHHHHPHPHHH
3,HHPHHPHHPHHHHHHHHHHHHHHHHHPHHH
4,HPHHPHHHHHHHHHHPHHHHHHHHPHHPHH
5,HHHHHHHHHHHHHHHHHHPHPPHHHHPHHH
6,HHHHHHHPHHPHHHPHHPHHHHHPHHHHHH
7,HHPHHHPHHHHHHHHPHHHHHHHHHHHHPP
8,HHHHHHHHPHHHHHHHHHHHHHHHPHPHHP
9,HHHHHHPHHHHHHPHHHHHHHHHPPHHHHH
10,HHHHHHPHHHHHPHHHHHHHHHHHHHPHPH
11,HHHHPHHHHHHHHHHHHHPPPHHHHHHHHH
12,HHHHPHHHHHHPHHHHHHPHPHHHHHHHHH
13,HHPHHHHHHHHHHHHHHHPHHHHHHHHHHP
14,PHHHHHHHHHHHHHPHHHHHHHHHHPHHHH
15,HHHHHHHHHHPHPHHHHPHPHPHHHHHHHH
16,HHPPHHHHHPHHHHHHHHPHHHPHHHHHHH
17,PHHHHPHHHPHHHHHHHHHHPHHHHPHHHH
18,PHHPHHHHHHHHHHHHHHHPHHHHHHHHHP
19,HHHPHHPHHHHHHHHHHPPHHHHHHHHHHH
20,HHPHHHPHHHHHHPHHHHHHHHHHHHHHHH
21,HHHHHHHHHHPHPHHHHHPHHHHHHHHHHH
22,HHHHPHHHHHHPHHHHHHHHHHHPPPHHHH
23,HHHHHHPHPHHHHHHHHHHHHPHPHHHHHH
24,HHHHHHPHHHHHHHHPPHHHHHHHPHHHHH
25,HHHHHHHHHHHHHHHHHPHHHHHPHHPHHH
26,HHHHHHHPHHHHHHHHHHPHPPHHHHHHHP
27,HHHHHHHPPHPHHHHHPPHHHHHHHHHHHH
28,HHHHHHHHHHHHHHPHHHPHHHHPHHHHHH
29,PHHHHHHHHHHHHHHHHHHPHHHHHPPHHH
30,PHHHHHHHHHHPHHHPHHHHHHHHHHHPHH
31,HHHHPHHPHHHHHHHHHHHHPHHHHHHHHP
32,HHHHHHHHHPHHHPHHHHHHHHHHPHHHHH
33,PHHHHHHPHHHHHPHHHHHHHHHHHHHHHH
34,HHHHHHHHHHHHHHHHHPHPHHHHHHHPHH
35,HPHPHHHHHHPHHHHHHHHHHHHHHHHHHH
36,HHHHHHHHHHHHHPHHPHHHHHHHPHPHHH
37,HHHHHHHHPPHHHHHHPHHHHHHHHHHHHP
38,HHHHHHHPHHPPHHHHHHPHHHHHHPHHHH
39,HHHHHHHHHHHHHHHHHPHHHHHHPHPHHH
40,HHHPHPHHHHHHHHHHHHHHHHHHHHHPHH
41,HHHHHHHHHHHHHHHHHHHHHHPPPHHHHH
42,PHHHHHHHHHPHHPHHHHPHHHHHPHHHHH
43,HHHHHHHHHHHPHHHHHHHHHHHHHPPPHH
44,PHPHHPHHHHHHHHHHHHHHHPHHHHHHHH
45,PHHHHHHPHHHPHHHHHHHHHPHHHHHHHH
46,HPHPHHPHHHHHHHHHHHHHHHHPHHHHHH
47,HHHHHHHHHHHHHHHHHHHPHPHHHHHPHH
48,HHPHPHHHPHHHHHHPHHHHHHHHPHHHHH
49,HHPHHHHHPHHHHHHHHHHHHPHHHHHHPH
50,HHHPHHHHHHHHHPHHHHHHHHPHHHHPHP
51,HHPHHHHHHHHHHHPHHPPHHHHHHHHHPH
52,HHHHHHHHHHHPHHPHHHHHHHHHHPHHHP
53,HHPHHHHPPHHHHHHHHHHHHHHHHHHHHH
54,HPHHHHHHHHPHHHHHPHHHHHHHHHHHHH
55,HHHHHHHHHHHHHHPPHPHHHHHHPHHHHH
56,HPHHHHHHHHHPHHHHHHHHHHHHHHPHHH
57,HHHHHPHHHHHHPHHHHHHPHHHHHHHHHH
58,HHPHHHHHHHHPHHHHHHPHHHHHHHHHHP
59,HHHHHHHPHHHHHHHHHHHHHHHPPHHHHH
60,HHHHPHHPHHPHHHHHHHHHHHHHHHHHHP
61,HPHHHHHHHHHHHHPPHHHHHHHHHHPHHH
62,HPHHHHHHHPHHHHHHHHHHPPHHHHHHHH
63,HHHHHPHHHHHHHHHHHHPPHPHHHHHHHH
64,PHHHHHHHHHHPHPHHHHHHHHHHHHPHPH
65,PHHHHHHHHHHHHPHHPHPHHHHHHHHHHH
66,HHHHPHHHHHHHPHHHHHHHHPHHPHHHHH
67,HHHHHHHHHHPHHHHHHHHHHHHPHPHHHH
68,HHHPPHHHPHHHHHHHHHHHHPHHHHHHHH
69,HHPHHHHHHHPHPHHHHHHHHHHHHHHHHH
70,HPHPHHHHHHHHHHHPHHHPHHHHHPHHHH
71,HHHHHHHPHPHHHHHHHHPHPHHHHHHHHH
72,HHHPHHHHHHHHHHPHHHHHHHHHPHHHHH
73,HPHHHHHHHHHHHHHHHHHHPHHHPHHHHH
74,HHPHHHHHHPHHHHHHHHHPHHHHHHHHPH
75,HHHHHHHHHHHHHHHHPHPHHPHHHHPHHH
76,HHHHHHHHHHPHPHHPHHHHHHHHHHHHPH
77,HHHHHHPHPHHHHHHHHHHHPHHHHHHHHH
78,HHHPHHHHHHPHHHHPHHHHHHHHHHPHHP
79,PPHHHHPHHHHHHHHHPHHHHHHHHHHHHP
80,HHHHHPHHHHHHHHHHHHHHHHHPHPHHHH
81,HPHHHHPHHHHPHHHHHHHHPHHHHHHHHH
82,HHPHHHHHHHHHHHHHPHHPHHHHHHPHHH
83,HHHPHHHHHHHHHHHHHHHHHHHHHHPPHH
84,PHHHHHPHHHHHHHHHHHHHPHHHHHHHHP
85,HHHPHPHHHPHHHHHHHHHHHPHHHHHHHH
86,HHHHHHHPHHPHHHHHHHHPHHHPHHHHHH
87,HHHHHHHPHHHHPHPHHHHHHHHHHHPHHH
88,HHHHHHPHHHHHHHHHHHHHPHHHHHHPHH
89,HHHHHHHHHHHPPHHHHHHHHHHHPHHHHH
90,HHHPHHHHHHHHHHHPHHHHHHHHHHHHHP
91,HHPHHHHHHHHPHHHHHHPHHHHHHPPHHH
92,PPHHHHHHHHHHHPHHHHHHHHHHHHHHHP
93,PHHHHHPHHHHHPHHHHHHPHHHHHHHHHH
94,PHPHHHHHHHHHHHHPPHHHHHHHHHHPHH
95,HHHHHHHPPHHHHHHHHHHHHHHHPHHHHH
96,HHHPHHHHHHHHHHHHHPHHHHHHHHPHHH
97,PHHHHHHHHHHHHHPHHHHHHHHPHHHHPH
98,HHHHHHHHHHHHPHHHHHHHHPHHHHPHHH
99,HHHHPHHHHHHHHHHPHHHHPHHHHHHHPH
100,PHHHHHHHHHHHPHHHHHPHHHHHHHHHHH
101,HHHHHHHHHHHHHHHHHHPHHHHPHPHHHH
102,HHPPHHPHHPHHHHHHHHHHHHHHHHHHHH
103,HPHPPHHHHHHHHHHHHPHHHHHHHHHHHH
104,HHHHHHPHHHHHHHHPHHHHHHHHHHHPHP
105,HHHHHHHHHHHPPHHHPHHHHHHHHHHHHH
106,HPHHHHHHHHHHHHPHHHHHPPPHHHHHHH
107,HHHHHPHHPPHHHHHHHHHPPHHHHHHHHH
108,HHHPHHHHHPPHHHHHHHHHHHHPHHHHHH
109,HHHHHHHHHHPHHHHHHHHHHPHHHHHPHP
110,HHHHHHHHHHHHPHHHHHHHPHHHHHPHHH
111,HHHHPHHPHHHHHHHHHHPHHHHHHHHHHH
112,HHHHHHHHHPHHHHHHHHPHHHPHHHHHPH
113,HHHHPHHHPHHHHHHHHHHHHHHHHHPHHH
114,HHHHHHPHPHHPHHHPHHHHHHHHHHHHHP
115,HHHPHHHHHHHHHPHHHPHHHHHPHHHHHH
116,HHHHPHHPPHHHHHHHHHHPHHHHHHHHHH
117,HHHHHHHPHHPHHHPHHHHHHHHHHHHHHH
118,PHHHHHHHPHHHHHHHHPHHHHHHHHHPHH
119,PHHHHHHHHHHHHHHHHHHHHPHHHHHHHP
120,HPHHHHHHHPHHHHHHHHHHHHHHHHHHPH
121,HHHPHHPHPHHHHHPHHHHHHHHHHHHHHH
122,HHHHHHHHHHHHHHHPHHHHHHHHHHHPPH
123,HHHPHHPHHHHPHHHHHPHHHHHHHHHHHH
124,HHHHHHHPHHPHHHHHHPHHHHHHHHHHHH
125,HHHHHPHPHHHHHHHHHHHHHHPPHHHHHP
126,HHHHPHHHHHHHHHPHHHHHHHHHHHHHPP
127,HHHHHHPHHHHHPHPHHHHHHHHHHHHHHP
128,HHPHHHHHHHHHHHHHPHHHHHHHPHHPHH
129,HHHHHHHHHPHHHHHHPPHHHPHHHHHHHH
130,HHHHHHHHHPHHHHHHHPHHHHHHHHHHPH
131,HHHHHHHHHHPPHHHHHHPHHHHPHHHHHH
132,HHHHPHPHHHHHHHHHHHPHHHHHHHHHHH
133,HHHHHHHPHHHHHHHHHPHHHHHHHHHHPH
134,HHHHHHHHHHPHHHHHHHPHHHHHHHPHHH
135,HHHHHHHHHHPHHHHHHHHPHHHHHHHPHH
136,HHHHHHHHHHHHHHHHHHPHPHHPHHHHPP
137,HHHHPPHHHHHPHPHHHHHHHPHHHHHHHH
138,HHPHHHHHHHPHHHHHHHHHHHHHHHPHHH
139,HHHHHHHHHHHHHHHHHHHHPHPHHHHHHP
140,HHHPHHHHHHPHHHHHPHPHHHHPHHHHHH
141,PHHHPHHHHHHHHHHHHHHHHHHHPHHPHH
142,HHHHHHPPHHHHHHHHHHHHHHPHHHHHHH
143,HHHHHPHHHPHHHHPHHHHHHHHHHHHPHH
144,HHHHHHHHHHHHHHPHHHHHHHHHHHHPPH
145,HHHHHHHHHHHHPHPHHHPHHHPHHHHHHH
146,HHHPHHHHHHHHHHHHHHHHHHPHHHPHHH
147,PHHHHPHHHPHHHHHHHHPHHPHHHHHHHH
148,HHPPHHPHHHHHHHHHHHHHHHHPPHHHHH
149,HHHHHHHHHPPPHHHHHHHPHHPHHHHHHH
150,PHHHHHHHHHHHHHHHHHHHPHHHHHPHHH
151,HHHHHHPHPHHHHHPHHHHHHHHHHHHHHH
152,HHHHHHHPHHHHHHHHPHPHHHHHHHHHHH
153,HHHHHHHHHHHHHHPHHHHHPHHHHPHHHH
154,HHHHHHPHHHHHHPHHPHHHHHHHHHHHHH
155,HHHPHHHHHHHHPHHHHHHHHPHHHHHHPP
156,HHHHHPHHHHHPHHHHHHHHHPHPHHHHHH
157,HHHHHPHHHPHPHHHHHHHHPHHHPHHHHH
158,HHHHHHHHHHHPHHHPHHPHHHPHHHHHHH
159,HHHHHHHPHHPHHHHPHHHHHHHPHHHHHH
160,HHHHHPHHHHHHHHHHHPHHPPHHHHHHHH
161,HHPHHPHHHHHHHHHHHHHPHHHHHHHHPH
162,PHHHHHHHHHHHHHHHHPHHHHHHHHHPHP
163,HHHHHPPHHHHHHHHHHHHHPHHHHHHHHH
164,HHHPHHHPHHHHPHHHHHHHHHHHHHPHHH
165,HHHHHHHHHHHHPHHPHPHHHPHHHHHHHH
166,HHHPHHHHHHHHPPHPHHHHHPHHHHHHHH
167,HHPHHHHPHHPHHHHHHHPHHHHHHHHHHP
168,HHHPHHHPHHHHHHHHPHHHHHHHHHPHPH
169,HHHHHHHHHHHHHHPHHHHPHHHHHPHHHH
170,PHHHHHHHPHHHHHPHHHHHHHHHHPHHHH
171,HHHHPHPPHPHHHHHHHHHHHHHHHHHHHH
172,HHHHHHPHHHHHHHHHHPHHHHHHHHHHHP
173,HHHHHHHHHHHHHHHHHHHHHHHPHPHHPH
174,HHHHHHHHPHHHHHHPHPHPHHHHHHHHHH
175,PHHHHHHHHHHPHHHHHHHHHHHHPHHHHH
176,HHHHHHHHHHHHHHHHPHPHPHHHHHHPHH
177,HHHHHHHPPPHHHHHHHHPHHHHHHHHHHH
178,HHPHHHHHHPHHHHHPHHHHHPHHHPHHHH
179,HHHPHHHHPHHHHHHHPHHHHHHHHHHHHH
180,HHHHHHHHPHHHHHHHHHHHHHHHHPHHHP
181,HHHHHHHHHPPHHHHHHHPHHHHHHPHHHH
182,PHHHHHHHHHPHHPHHHHHHHHHHHHHHHH
183,HHPHHHHHHHHHHHHHHHPHHHHHHHHPHP
184,HPHHHHHHHHHPPHHHPHHHPHHHHHHHHH
185,HHHHHHHHHPHPPHHHHHHHHHHHHHHHHP
186,PHHHPHHHHHHHHHHPHHHHHHHHHHHHHP
187,HHHHHHHHPHHHHHHHHHHHHPHPHPHHHH
188,HHHHHHHHHHHHHHHHHHPHPHHHHPHHHH
189,HHHHHHHHHHHHPPHHHHHPHHHPHHHHHH
190,HHHHHHHHHPPHHHHHHPHHHPHHHHHHHP
191,HHHHHHHHHHHHHHHPHHHPHHPHHHHHHH
192,HHHHHHHHHHPHHHHHHHHHHHPHPHHHHH
193,HHHPHHPHHHHHHHHHHHHHHHHHPHHHHH
194,HHHHPHHHHPHHPHHHHHHHHHHHHHHHHH
195,HHHHHPHPHPHHHHHHHHHHHHHHHHHHHH
196,HHHHHHHHHHHHHPPHHHHHHPHPHHHHHH
197,PHHPHHHHHHHHHPHHHHHHHPHHPHHHHH
198,HHHHHHHHHHHHHHHHHHPHHHPHHPHHHH
199,HHHHHHHHHPPHHHHHHHHHHHHHHHHHPH
200,PHHHHHPHHHHHHHHHHHPHHHPHHHPHHH
201,HHHPHHHHHHHPHHHPHHHHHHHPHHHHPH
202,HHHHPHHHHHPHHHHHHHPHHHHHHHHHPH
203,HHHHPPHHHHHHHHHHHHHHHHHHHPHHHH
204,HHHHPHHHPHHHHHHHHPHHHPHHHHHHHH
205,HPHHHHHHHHHPHHHHHHPHHHHHPHHHHH
206,HHPHPHHHHHHHHHHHHHPPHHHHHHHHHH
207,HHHHHHHHHPPHHHPHHHHHHHHHHHHHPH
208,HHHHPHHHHHHHHHHPHHHHHHHPHHHHPH
209,HPHPHHHHHHHHHHHHHHHHHHHHHPHHHH
210,HHHPHHHHHHHHHHHHPHHHHHHHHHPHHH
211,HHHHHHPHPHHPHHHHHHHHHHPPHHHHHH
212,HHPHHHPHHHHPHHHHHHHHHHHHHHHHPH
213,HHHHHHHPHHHHHHHHPHHHHHHHHPPPHH
214,HHHHHHHHHHHHPHHHHHHHPPHHPHHHHH
215,PHHHPHHHHHHHHPHHHHHHHHHHPHHHHH
216,HHHHHHHHHHHHHHHHHHPHPHHHHPHHHP
217,HHHHHHHHHHHHPPHHHPHHHHHHHHHHHH
218,HHHHHHHHHHHHHHPHHHHHHPHHHHHPHH
219,HHHHHHHHHHPHHPHHHHHHHHPHHHHHHH
220,HHHHPHHPPPPHHHHHHHHHHHHHHHHHHH
221,PHHHHPHHHHHHHHHHHHHHHHHHHPHPHP
222,HHHHHHHHHHPHHHPHHHHHHHHHPHHHHH
223,HHHHHHHHHHHHHPHHHHHPPHHHHHHHHH
224,HHPHHHHHHPHHHPHHHHHHPHHHHHHHHH
225,PHHHHHHHHHHHHHPHHHPPHHHPHHHHHH
226,HHHHHHHPPHPHPHHHHHHHHHHHHHHHHH
227,PHHHHPHPHHHHHHHHHHHPHHHHPHHHHH
228,HHHHHHHHHHHHPHHHHHPHPHHHHHHHHH
229,PHHHHHHHHHHHHHHHHHHHPHPHHHHHHP
230,HHHHPHHHHHHHHPHHHHHHHHHHHPHHHH
231,HPHHHPHHHHHHHHPHHHHHHHHHHHHHHH
232,PHHHHHHHHPHHHHHHHHHHHHPHHHHHHH
233,HHHHHHHPHHHHHHHPHHPPHHHHHHPHHH
234,HHHHHHHHHHHHHHPHHHPHHHHHHHHPHH
235,HHHHHHPHHPPHHHHHHHHHHHHHHHHHHH
236,HHHHHPPHHHHHHPHPHHHHHPHHHHHHHH
237,HHHHPHHHHHHPHHHHHHHHPHHHHHHPHH
238,HHHHPHHHHHPHHHPHHPHHHHHHHHHHHH
239,PPHHHHPHHHHHHHHPHHHHHHHHHHPHHH
240,HHHPHPHHHHHHPHHHHHHHHHPHHHHHHH
241,HHHHHHHPHHHHPHHHHHPHHHHHHHHHHH
242,HHHHPHPHHHHHHHHHPHHHHHHPHHHHHH
243,PHHPHHHHHHHHHPHHHHHHHHHHHHHHPH
244,HHHHHHHHHHHHHHHHHPPHHHPHHHHHHH
245,HHHHHPHHHPPHHHHHHHHHHHHHHHHHHH
246,HHHHHHHHPHHHHHHHHHHHHHHHHHHPPH
247,HHHPPHHHHPHPHHHHHHHHHHHHHHHHHH
248,HHPHHHHHHPHPHHHHHHHHHHPHHPHHHH
249,HHHHHHPPHHHPHHHHHHHHHHHHHHHHHH
250,HHHHHHHHHHHPHHHHPHHHHHHHHHPHPH
251,HHHHHHPHHHHHHHHHHHHPHPHHHHHHHP
252,HHHPHHHHHHHHHHHHHHHHHHHPHHPHPH
253,HHPHHPPHHHHHHHHHHPHHHHHHHHHHHH
254,HHHHHHHHHHPHHHHHHHHPPHHHHHHHHH
255,HPHHHHHHHHHHPPHHHHHHHHHHHHHHHH
256,HPHHHHHHHHHHHHHHHHHHHPPHHHHPHH
257,HPHHHPPHPHHHHHPHHHHHHHHHHHHHHH
258,HHHHPHHHHHPHHHHPHHHHHPHHHHHHHH
259,HHHHHPHHPHHHHHHHHHHHHHHHHPHHHP
260,HHHHHHHHPHHHHHHHHPHHHHHHHPHHHH
261,HHHHHPHHPPHHHHHHHHHPHHHPHHHHHH
262,HHHHHPHHHHHHHHHPHHHHHHHHHHHHHP
263,HHHHHHHHHHPHHPPHHHHHHHPHHPHHHH
264,HHHHHHHHHHHHHHPPPHHHHHHHHHHHHH
265,PHHHHHPHHHHHHHHHHHHHPHHHPHHHHH
266,HHHHHHHHHHHHHPHHHHHPHHHHHPHHHH
267,HPHHHHHHHPHHHHHHHHHHHHHHPHHHHH
268,HHHHPHPHHHPHHHHHHHHHHHHHHHHHHH
269,HHHHHHHPHPHHPHHHHHHHHHHHHHHHHH
270,HHPPHHHHHHHHHHHHHHHHHHHHHHHHHP
271,HHPHHHHPHHPHHHHHPHHHHHHHHHHHPH
272,HHHHHHPHPHHHHHHHHHHHHHPPHHHHHH
273,HHHHHHHPHHHHPHHHHHHHHHHHPHHHHP
274,HHHHHHPHHHHHHHHHHPHHHHHHHHPHHH
275,PHHHHHHHHHHHHHHPHHHHHHHHHHHHPH
276,HHHHHHHPHHHPHHHHHHHHHHHPHHPHHH
277,HPHHHHHHHHPPHPHHHHHHHHHHHHHHHH
278,HHHHHHHHHHHPHHHHHHPHHHHHPHHPHH
279,HHHHPHHHPPHHHHHHHHHHHHHHHHHHHH
280,HHHHHHHPHHPHHHHHHPHHHHHHPHHHHH
281,HHHHHHHHHHHPHHHHPHHHHPHHHHHHPH
282,HHHPPHPHHHHHPHHHHHHHHHHHHHHHHH
283,HPHHHPHHHHHHHHHHHHPHHHHHHHHHHH
284,HHHHHHHPHPHHHHHHHHHHPPHHHHHHHH
285,HHHHHHHPHHHHHHHHHHHPHHHPHHHHHH
286,HHHPHHPHHHHHHPHHHHHHHHHHHHHHHH
287,HHHHHHHHHHPHHHHHPHHHHHHHHHHHPH
288,HPHHHPHHHHHHHHHHHHHHPHPHHHHHHH
289,HHHPPHHHHHHHHPHHHHHHHHHPHHHPHH
290,HHPHHPHHHHHHHHHHHHPPHHHHPHHHHH
291,HHPHHHHHHHPHHHHHHHHHHHHHHHHPHH
292,PPHHHHPHHHPHHHHHHHHHHHHHHHHHHH
293,PHHPHPHHHHHHHHHHHHHHHHHHHHHHHH
294,PHHHHPHHHHHHHHHHHHHHHHHHHHHPHH
295,HHHHHHHHHHPPHHPHHHHHHHHHHHHHHH
296,HHHHHHHHHHPHHHHHHHPHHPHHHHHHHH
297,HHHHHHHPHPHHHHHHHHHHPHHHHHPHHP
298,HHHHHHHHHHPHPHHHHHHPHHHHHHHHHH
299,HHHHHHHHHHHHHHHPHHHHHPHHHHHHHP
300,HHPHHHPPHHHHHHHHHHPHHHHHHHHHHH
301,HHHHHHHHHPHHHHHHPHHHHHHPHHHHHP
302,HPHHPHHHHHHHHHHPHHPHHHPHHHHHHH
303,HHHHHHPHHHHHHHHHHHHHHHHPHPHHHH
304,HHHHHPHHPHHHPHHPHHHHHHPHHHHHHH
305,HPHHPPHHHHHHHHHHHHHHHHHHHPHHPH
306,HHHHHPHHHHHHHHPHHHHHHHHHHHPHHH
307,HPHHPHHHHHHHHHHHHHPHHHHHHHHHHH
308,HPHHHHHHHHHHPHHHHHHHHHHHHPPHHH
309,HHHPHPPHPHHHHHHHHHHHHHHHHHHPHH
310,HHHHHHPHHHHPHHHHHHHHHHHHHHPHHP
311,HHHHHPHPHHHHHHHHHPHHHHHHPHHHHH
312,HHHHHPHPHHHHHPHHHHHHHHHHHHHHHH
313,HHHHPHHPHHHHHHHHHHHHHHHHHHHHHP
314,HPHHHHHHHHHPHHHHHHHHHPHHPHHHHH
315,HHHHHHHHHHHHHHHHHHPHHHHHPHHPHH
316,HHPHHHHHHHHHHHHHHHHHHHHHPHHHPP
317,HHHHHPHHHHHPHHHHHHHHHHPHPHHHHH
318,HHHHHPHHHHHHHHHHHHHHHPHHPHHPHH
319,HHPHPHHHPHHHHHHHHPHHHHHHHHHHHH
320,HHHHHHHHHPPHHHHHHHHHHHHPHHHHHH
321,HHHPHHHPHHHPPHHHHHHHHHHHHHHHHH
322,HHHHHHHPHPHHHHHHHHPHHHHHHHHHHH
323,HHPHHHHHHPHHHHHHHHHHHHHHHPHHHH
324,HHPHHPHHHHHHHHHHHHPPHHHHHHHHHH
325,PHHHHHHHHHHHHHHHHHHPPHHHHHHPHP
326,PHHHHPHHHHHHHHHHPHHHHHHHHHPHHH
327,HPHHHHHHHHPPHPHHHHHHHHHHHHHHPH
328,HHHHHHHHHHHHHHHHHHHHHHPPHHHPHH
329,HHPHHHHHHHHHHHHHPHHHHHHHHHHPHH
330,HHHHHHHHHHPHHHHHHPHHPHHHPHHHHH
331,HPPHHHHHHHHHHHHHHHHHHHPHHHHHHH
332,PHHHHHHHHHHHHHPHHHHPHHHHHHHHHH
333,PHHHHPHHHHHPHHHHHHHHHHHHPHPHHH
334,HPHHHHHHHHHHHHHPHHHHHHPHHHHPHH
335,HHHHHHHHHHPHHHHPHHHPPHHPHHHHHH
336,HHPHPHHHHHHHHHHHHPHHHHPPHHHHHH
337,HHHHHHHHHHHHHPHHHHPHHHHHPHHHHH
338,HHHHHHHHHHHHHHHHHHHPHHPPHHHHPH
339,HHHPHPHHHPHHHHHHHHHHHHHHHHHHHP
340,HHHHPHHHHHHHPHHHHHHHHHHHPHHHHH
341,HHHHPHHHHHHHHPPHHHHHHHHHHHHHHH
342,HHHHHHPHHHHHHPHHHHPHHHHHHHHHPH
343,PHHHHHHHHHHHHHHHHHHPHHHHHHPHHH
344,PPHHHHHHHPHHHHHHHPPHHHHHHHHHHH
345,HHHHHHHHHHHPHHPHHHHPHHHHHHHHHH
346,HHHHHHHHHHHHHHHHHHHHPHPPHHHPHH
347,HHHHHHHHHHHPHHHPPHHPHHHHPHHHHH
348,HHHHHHHHHHHHHHHPHHPHPHHHHHHHHH
349,PHHHHHHHPHHHHHHHHHHHHHHHHHHHPH
350,HHPHHHHHHHHHHHHHHHHPPHPHHHHHHH
351,HHPHHHHHHPHHHPHHHHHHHHHHHHHHHH
352,HHHHHPHHHHHHHHHHHHHHHHHHHPPPHH
353,HHHHHHHHHHHHHPHHHHHHPPHHHHHHHH
354,HPHHHHHHHHPPHHHHHHHHPHHHHHHHHH
355,HHHHHHHPHHPHHHHHHHHPHHHHHHHHHH
356,HHPPHHHHHHHHHPHHHHHHHHHHHHHHPH
357,HHHHHHHHHPHHHPHHHHHHHHHHHPHHHH
358,HHHHHPHHPHHHHHHHHHHHHPHHHHHHHH
359,HPHHPHHHHHHPHHHHHHHPHHHHHHHHHH
360,HHHHHHHPHHPHHHHHHHHHHHPHHHHHHH
361,HHHHHHHHHHHHHHHHPHHHPHHHHPPHHH
362,HHHHHHHHHHHPHHPHHHHHHPHHHHHHHH
363,HHHPHHHHHHHHHHPHHPHHHHHHHPHHHH
364,HHHHHHPHHHPPHHHHPHHHHPHHHHHHHH
365,PPHHHHHHPHHHHHHHHHHHHPHHHPHHHH
366,HHPHHHHHHPHPHHHHHHHHHHHHHPHHPH
367,HHHHHHHHHHHPHHHHHHHHHPHHHHHHPH
368,HPHHHHHHHHPPHHHHHHPHHHHHHHHHHH
369,HHHHHHPHPHHHHPHHHHHHHHHHHHHHHH
370,PHHPHHHPHHHHHPHHHHHHHHHHHHHHHH
371,HHHHHPPHHHPHHHPHHHHHHHHPHHHHHH
372,HHHHHHHHPHHHHPHHPHHHHHHHPHHHPH
373,HHHHHHHPHHHPHHHPPHHPHHHHHHHHHH
374,HHHHHHHHHPPHHPHHPHPHHHHHHHHHHH
375,HHHHHPHHHHHHHPHHHHPPHHHHHHHHHH
376,HPHHHHPHHHPHHHHHPHHHHHHHHHHHHH
377,HHHHHHHHHHHHHPHHHHHHHHPHPHHHHH
378,PHHHHHHHHHHHHHHHHHHHHPHHHHPPHH
379,HHHHHPHHHHHHHHHHHHPHHHHHHPHHHP
380,HPHHHHHHHPHHHHHHPHHHHHHHHHHHHP
381,HHHHHHPHHHHHHHHHHHHPHPHHHHHPHH
382,PHHPHHHHHHPHHHPHHHHHHHHHHHHPHH
383,HHHHHHHHHHHHHHHHHPHPHHHHHPHHHH
384,HHPHPHHHHPHHHHHHHHHHHHPPHHHHHH
385,HHPHHPHHHHPHHHHHHHHHHHHPHHHHHH
386,HHHHHPHHHHHHHHHHHHHHHHHHPPHPHH
387,HHHHPHPHHHHHHHHHHHHPHHHHHHHHHH
388,HHHHHHHHHPPHHHHHHHPHPHHHHHHHHH
389,HHHHHHHHHHHHHPHHHPHHHHHHHHHHHP
390,HHPHPHHHHHHPHHHHHHHHHHHHHHHHHH
391,PHHHHHPHHHHHHHHHHHHHHHHHHHHPHH
392,HHHHPHHHHHPHHHPHHHHPHHHHHHHHHH
393,HHHHPHHHHHPHPHHHHHHPHHHHHHHHHH
394,HHPHHHHHHHHHHHHHHPHHPPHHHHHHHH
395,PHHHHHHPHHHHHHHHHHPHHHHHHHHHHP
396,HHHHHPHHHHHHHHHHHHHHHHHHPHHPHH
397,HHHHHHHHHHHHHHHHHHHHHHHHPPHHHP
398,HHHPHPHHHHHHHHHHHHHPHPHHHHHHHH
399,HHHHHHHHHHHHHHPHHHHPPHHHHHHHHH
400,HHHHHPHHHHPHHHHHHPHHHHPHHHHHPH
401,PHHHHHHHPHHHHHHHHHHHHHPHHHHHHH
402,HHHHHHHHHHHPHHHHHHHHHPHHHHHHHP
403,HHHHHHHHPHHHHHHHHHPHHHHHHHPHHH
404,HHHPPHHHHHHHHHHHHHHHHHHHHHHHHP
405,HHHHHHHHPHHHHHHHHHHHHHHHPHHHPH
406,HHHHHPHHHHHHHHHHPPHHHHHHHHHHPH
407,HHHHHHHHHHHHHHHHHPHHHHPHHPHHHH
408,HPHPHHHHHHHHHHHHHPHHHHHHHHHHHH
409,HHHPHHHHHHHHHHHHHHHHHHHHHHHPPH
410,HHHHHHHHHHPPPHHHHPHHHHHHHHHHHH
411,HHHHPHHHHHHHPHPPHHHHHHHHPHHHHH
412,HHHPHHHHHHHHHHPHHHHPHHHHHHHHHH
413,HHHHHHPHHHHHPHHPHHHHPHHHHHHPHH
414,HHHHHHHHHHPHHHHHHHHHHHHHPHHHPH
415,HHPHHHHHHHHHHPPHHHPHHHHHHHHHHH
416,HHHHHHPHPHHHPHHHHHHHHHHHHHHPHH
417,PHHPHHHHHHHHHHHHHHHHHHHHPHHHHH
418,HHPHHHHHHHHHHHPHHHHHHPHHHHHPPH
419,HPHHHHPHHHHHPHHPHHHHHHPHHHHHHH
420,HHHHHHHHHHHHPHHHPHHHHHPHHHHHPH
421,HHHHPHHHHHHHHPHHHHHHPHHHHHHPHH
422,PHHHPHHHHHHHHHHHPHHHHHHHHHHHHP
423,HHHHHHPHHHHHPHHHPHHHHHPHHHHHHH
424,PHHHHHHHHHHHHHHHPHHHHHHHHHHHPH
425,HHPHHPHHPHHHHHHHHHHHHHHHHHHHHH
426,HHHHPHHHHHHHHHHHHPHPHHHHHHHHHH
427,HHHHHHPHHHHPHHHHHHHHHHHPHPHHPH
428,HHHHPPPHHHHHHHHHHHHPHHHHHHHHHH
429,HHHHHHHHHHHHHHHPHHHHPHHHHPHPHH
430,PPHHHHHHHHPHHHHHHPHHHHHHHHHHHH
431,PHHHHHHHHHPHHHHHHHPHHHHHHHHHHH
432,HHHHHHHHHHHHHHPHHHHHHHHHPHHPPH
433,HHHPHHHHHHHHHHPHHHHHHHHHHHPHPH
434,HPHHHHPHHHHHHHHPHHHHHHHHHHHHHH
435,HHHHHHPHHHHHHHHHPHHHPHHHHHHHHH
436,HHHHHHHHHHHHPHHHHHPHHHHPHHPPHH
437,HHPHHHHHHHHHHHPHHHPHHHHHHHHHHH
438,PHHHHHHHHHHHHHHPHHHHPHHHHHHPHP
439,HHHHHHHHHHHHHHHHPPHHHHHHHHHHPH
440,PHHHHHHHHHHHHHPHHHHHHPHHHHHHHH
441,HHHHHHPHHHHPHHHHHHHHHHHHHHHPPH
442,PHHPHHHHPHHHHHHHHHHHHHHHHHHHHH
443,HHPHHHHHPPHHHHHHPHHHPHHHHHHHHH
444,HHHHHHHPHHHHHHHHHHHHHHPHHHHPPP
445,HHHHHHHHHHHHHHHHHHHPHHPHHHHHPH
446,HHHPHHHPHHHHHHHHHHHHHHHHHHPHHH
447,HHHHHPHHHHHHHHHPPHHHHHHHHHHHHH
448,PHHPHHPHHHHHHHHHHHHHPHHHHHHHHH
449,HHHHHHHHHHHHHHHHHHHPPPHHHHPHHH
450,HPHHHHHHHHHHHHHHHPHPHHHPHHHHHH
451,PHHHHHHPHHHHHHHPHHHHHHHHHHHHHH
452,PHHHHHHHHHHHHHHHHHHHHPHHHHPHHH
453,HHHHHPHHPHHHHHHHHHHHHHHHHHPHHH
454,HHHHPHHHHHHHHHHHHHHHPHHPHHHHHH
455,PPHHHPHHHHHHHHHHHHHHHHPHHHHHHH
456,HPHHHHHHHPHHHPHHHHHHHHHHHHHHHH
457,HHHHHHHHHHHHHPHHPHHHHHHHHPHHHH
458,HHHHHHHHHHPHHHHHHHHHHHHHHPHHPH
459,HHHHHHHPHHHHHHPHHHPHHHHHPHHHHH
460,HHPHHHHHHHHHHHPHHHHHHHHHHHHHPH
461,HHHHHHHHPHHHHHPHHHHHHHHHHHHHHP
462,HHHHHHHHHHHHHHHHHHHHPHHPHHHHHP
463,HHHHPHPHHHHHHHHHHPHHHHHHHHHPHH
464,HHHHHHHHHHHHHHHHHHHPHHHPHHHPHH
465,HHHHHHHHHHHPHHHHHHHHPPHHHPHHHH
466,HHHPHHHHHHPHHHPHHHHHHHPHPHHHHH
467,HHHHHHHHPHHHHHHHHPPHHHHHPHHHHH
468,HHHPHHHHHPHHPHHHHPHHHPHHHHHHHH
469,HHHHHPHPPHHHHPHHHHHHHHHHHHPHHH
470,PHPHHHHHHHHHHHHHHHHHHHHHHHHHHP
471,HHHHHHHHHHHPHHHHHHHHPHHHHHHPHH
472,HHHHHHHHPPPHHHHHHPHHHHHHHHHHHP
473,HHPHHHHHHHPPHHHHHHHHHHHHHHHHHH
474,HHHHHHHHPHHHPHHHHHHHHHHHHHHPHH
475,HHPHHHHHHHHHHHHHHHHHHPHPHHHHHP
476,HHHHHHHHHHHHHHHPHHHHHHHPHHHHHP
477,HPPPHHHHHHHHHHHHPHHHHHHHHHHHHH
478,HHHHHHPHPPHHHHHHHHHHHHHHHHHHHH
479,HHHPHHHHPPHHHHHHHHHHHHHHHPHHHP
480,HHHPHHHPHPHHHHHPHHHHHPHHHHHHHH
481,HPHHHHHHHHHHHHPHHPPHHHHHHHHHHH
482,PHHPHHHHHHHHHHHPHHHHHHHHHHHHHH
483,HHHHHHHHPHPHHPHHHHHHHHHHHHHHHH
484,HPHHHHHHHHHHHHHHHHPHHHHHHHHPHH
485,HHHHHHHPHHHHHHPHHHHHHHHPHHHHPH
486,HHHPHHHHHHHHHHHHHPPHHHHHHHHHHH
487,HHHHHHHHPHHHHHHPHPHHHHHHPHHHHH
488,HPHHPHHHHHHHHHHHHHHHHHHPHHHHHH
489,HHHHHHHPPHPHHHHPHHHHHHHHHHHHHH
490,HHHHPHHHHHHHHHHHHHHHHHHHPPHHHH
491,HHHHHHHHPHHHHHHHHPHHHHHPHHHHHH
492,HHHHHHHHHHHHHHHHHHHHHHHHHHPPPH
493,HHHHHHHHHHHHHHPHHHHPHHHHHHPHHH
494,HHHHHPHHHHHHHHHHPHHHPHHHPHHHHH
495,HHHPHHHPPHHHHHHHHHHHHHHPHPHHHH
496,PHHPHHHHHHPHHHHHHHHHHHHPHHHHHP
497,HPHHHHHHHHHHHHHHHHPHHHHHPHHHHH
498,HHHPHHHHHHHHHHHPHHHHHPHHHPHHHH
499,PHHHHHHHHHHHHPHHHHHHHHHHHHHHHP
500,HHPHHPHHHHHHHHHHHHHHHHHHHPHHHH
501,HHHHHHHHHPHHHHHHHHHHHHHPPHHHHH
502,PHHHHHHHHHPHHHHHPHHHHHHHHHHHHH
503,PHHHHHHHPHHPPHHHHHHHHHHHHHHHHH
504,HHHHHPHHHHHHHPHHHPHHHHHHHHHPPH
505,HHPHHPHHHHHHHHHHHHHHHHHHHHHHHP
506,HHHHHHHHHHHHHHHHHPHHPHHHHHPHHP
507,PPHHHHHHHHHHHHHHPPPHHHHHHHHHHH
508,HHHHHHHPHHHHHHHPHHHHPPHHHHHHHP
509,HHPHHPHHHPHHHHHHHHHHHHHHHHHHHH
510,HHHHHHHHPHHHHHHPHHHHHHHHHHHHHP
511,PHHHHHHHHHHPHHPPHHHHHHHHHHHHHH
512,HHHHPHHPHHHHHHHHPHHHHHHPHHHHHH
513,HHHHHHHHHHPHHHHHHPHPPHHHHHHHHH
514,HHPHHHHHPHPHHHHHHHHHHHHHHHHHHH
515,PHHHHHHPHHHHHHHHPHHPHHHHHHHHHH
516,HHHPPHHHHHHHHHHHHHPHHHHHHHHHHH
517,HHHPHHHHHHPHPHHHHHHHHHHHHHHHHH
518,HHHPHHHHHHHHHHPHHHHHHHHHHHHHPH
519,HHHHHHPHHHHHHHHHPHHHHHHPHHHHHP
520,HHPHPHHHPHHHHPHHHHHHHHPHHHHHHH
521,HHHHHHHHHHHHHHPHHPHHHHHHHHHHHP
522,HHHPHHPHHHHHHHHHHHHHHHHHHHHPHH
523,PHHHHHHHHHHHPHHHPHHHHHHHHHPHHP
524,HHPHHHHHHHHHPHHHHPPHHHHHHHHHHH
525,PHHPHHHHHHHHHPHHHHPHHHHHHPHHHH
526,PHHHHHHHHPHHHHHPHPHPHHHHHHHHHH
527,HHHHPHPHHHHPHHHHHHHHHHHHHHHHHH
528,HHHHHHHHHHHHHHHHPHHHHHHHHHPHPH
529,HPHPHHPHHHHPHHHHHHHHHHHHHHHHPH
530,PHHHPPHHHHHHHHHHHHHHHHHPHHHHHH
531,HHHHHPHHHHHHHPHHHHPHHHHHHPHHHP
532,HHHHHPHHHHHHHHHHPHHHPHHHHPHPHH
533,HHHHHHHHPHHHHHHHHHHHHPHHPHHHHH
534,HHHHHHHHHHHHHHHHHHHHHHHPHPHPHH
535,HHPHHHHPPPHHHHHHHPHHHHHHHHHHHH
536,PHHHPHHHHHHHHHPHHPHHPHHHHHHHHH
537,HHHHHHPHHHHHHHPHHHHHHHHHPHHHHP
538,HHHHHHHHHHHHHHHPHHPHHPHHHHHHHH
539,HHHHHHHPHHHHPHHHHHHHHPHHHHHPPH
540,HHHHHPHPPHHHHHHHHHHHHHHHHPHHHH
541,HHHHHPHHHHHPHHHHHHPHHHHPHHHHHH
542,HHHHHHHPHHHHHHHHPHHHHHPHHHPHHH
543,HHHHHHHHHHPHHHHHHHHHHHHHHHHPHP
544,PHHHHHHPHHHHPHHHHHHHHPHHHHHHHH
545,HHHHHHHHHHHHPHHHPHHHPPHHHHHHHH
546,HHHHPHHHHHHPHHHHHPHHHHHHHHHHHH
547,HPHHHHHPHHHHHHHHHHHHHHHHPHHPHH
548,HHPHHHPHHHHHHHHHHHPHHHHHPHHHHH
549,PHPHHHHHHHHHHPHHHHHHHHHHHHHHHH
550,PHHHHHHHHHHHHHHHHHPHHHHHHPHHHH
551,HHHHHHPHPHHHHHHHHPHPHPHHHHHHHH
552,HPPHHHHHHHHHHHHHHHHHHHHPHHHHHH
553,HHHHHHHHHHHHHHHHHHHHHHHPPHHPHH
554,HPHHHHHHPHHHHHHHHHHHHHHHHHHHPH
555,HHHHHHHHHHHPHHHPPHHHHHHHHPHHHH
556,HHHHHPPHHHHHHHHHHHPHHHHHHHHHHH
557,HHPHHHHPHHHHHHHHHHPHPHHHPHHHHH
558,PHHHPHHHHPHHHHHHHHHHHHHPHHHHHH
559,HPHPHHHHHHHHHHPHHPHHHHHHPHHHHH
560,HHHHHHHHHHHHPHHHHHPHHHHPHHHHPH
561,HHHHHHHHHHHPHHHHHHHHHHPHHHHPHH
562,HHHHHPHHHHHHHHPHHHPHHHHHHPHHHH
563,HPHHHHHHHHHHHHHPHHHHHHHHHPHHHH
564,HPHHHHHHHHHHHHHHHHPHPHHHHHHHHH
565,HHHHHHHPHHHHPHHHHHHPHHHHHHPHHP
566,PHHPHHHHHHHHHHHHPHHHHHHHHHHHHH
567,HHHHHHHHHHHPPHHPHHHHHHHHHHHPHH
568,HHHPHHPHHHPHPHHHHHHHHHHHHHHHHH
569,HHHHPHPHHHHHHHHHHHHHHHHHPHHHHP
570,HHHHPHPHHHHHHHHPHHHHHPHHHHHHHH
571,HHHHHHPHHHHHHPHHHHHHHHHHHHPHHH
572,HHHHHHHPHHHHPHHHPHHHHHHHPHHHHH
573,HHHHHHHHHHHHHHHHHPHPHHPHHHHPPH
574,HHHHHHHHHHHHHHHHHPHHHHPHHPPHPH
575,HHHHHHHHHHHHPHHHHHHHHHPHHHHHPH
576,HHHHHHPHHHHHHHPHHHHHPHHHPHHHHH
577,HHHHHHHHHHHHHHPHPHHHPHPHHHPHHH
578,PHHHHHHHHHHHPHHHHHHPHHHHHHHHHH
579,HHHHHPHPHHHHHHPHHHHHHHHHHHHPHH
580,HHHHHHHHHHHHHPHHHHHHHPHHHHHHHP
581,HHHHHHPHHHHHHPPHHHHHHHHHHHHHHH
582,HHHHPHHPHHHHHHPHHHHHHHPHHHHHHH
583,HHHPPHHHHHHHHHHHPHHHHHHHHHHHPH
584,HHHHHHHHHHHHHHPHHHPHHHHPHPHHHH
585,HHHPHHHHHHPHPHHHHHHHHHHHHPHHHH
586,HHHHHHHHHHHHPPHPHHHHHHHHHHHHHH
587,HHHHHHHHHHHHHHHHHPHHHHHPHPHHHH
588,HHHPHHPHHHHPHHHHHHHHHHHHHHHHHH
589,HHHHHPPHHHHHHHHHHHHHHHHHHHHPHH
590,HHHHHHHPHHHHHPHPHHHHHHHHHHHHHH
591,HHHPHHHHHHPPHHHHHHHHHPHHHHHHHH
592,HHHHHHHPHHHHHHHPHPHHHHPHHHHHHP
593,HHHHPHHHHHHHHPHHHHHPHPHHPHHHHH
594,HHPHHHHHHHHHHHHPHHHHPHHHHHHHHH
595,HHHHHHHHHPHHHHPHHHHHHHHHHPHHHH
596,HHHHHHHHPHHHHHHHHHPHHHHPHHHHHH
597,HHPHHHHHHHHPHHHHHHPHHHHHHHHHHH
598,HHHHHHHHHHHHPHHHHHHHHHPPHHHHHH
599,HHHHHHHHHHHHHHHPHHHHPHHHPHHHHH
600,HHHPHHHHHHHHHHHPHHPHHHHHHHPHHH
601,HHHHHHHHHHHPHHHHHHHHPPHHHHHHHH
602,HHHHHHHHHHHHHHPHHHHHPHHHPHHHPH
603,PHHHHHHHHHPHHHHHHHHPHHHHHHHHHH
604,PHHHHHHHHHHHHHHHHPHHPHHHHHHHPH
605,HHHHHHHHPHPHPHHHHHHHHHHHHHHHHH
606,HPHHHHHPHHHPHHHHHHHHHHHHHHHHHH
607,HHHPHHHHHHHHPHHHHPHHHHHHHHHHHP
608,HHHHHHHHHHHHHHHHHHHPHHPPHPHHHH
609,HHHHHPHHPHHHHHHHHHHHPHPHHHHHHH
610,PHHHHHHHHHHHHHHPHHHHHHHHHHPHHH
611,HHHHPHHPHHHHHHHHHHHHHHHHPHHPHH
612,HHHPHPHHHHHHPHHHHHHHPHHHHHHHHH
613,HHHHHHPHHHHHPPHHHHPHHHHHPHHHHH
614,HHHHHHHHHPHHHHHHHPHHHPHHHHHHHH
615,PHPHPHHHHHHHHHHHHHHHHHHHHHPHPH
616,HHHHHPHHHHHHPPHHHHHHHPHHHHHHHH
617,HHHHHHHHHHHHHHPHHHHHPHHHHHPHHH
618,HHHHPHHHHPHPHHHHHHHHHHHPHHHHHH
619,HHHHHPPHHHHHHHHHHHPHPHPHHHHHHH
620,HPHPHHHHPHHHHHHHHHPHPHHHHHHHHH
621,HPHHHHHHHHPHHHHHHHHHPHHHHHHHHH
622,HPHPHHHPHHHHHPHHHHHHHHPHHHHHHH
623,HHPHHHHHHHHHHHHHHHHHPPHHPPHHHH
624,HHHHPHHHHHHHHHHHHHHHPHHHHHHHHP
625,HHHHHHHHHHHHHHHPHHHHHHHHHPHHPH
626,HHHHHHHPPHHHHHPHHPHHHHHHHHHHHH
627,HHHPHHHPHHHHHHPHHHHHHHHHHHHHHH
628,HHHHHPHHHHHPHHHPHHHHHHHPHHHHHH
629,HHHHHHHPHHHHHHHHPHHHHHHHHHPHHH
630,PHHHHHHPHHHHHHHHHHHPHHHHPHHHHH
631,HHHHHHPHHHHHHHHHHHHHHHHHHPPHHH
632,HHPPHPHHHHHHHHHHHHHHHHHHHPHHHH
633,HHHPHHHHHHHHHHHHHHHHHHHHPHPHHH
634,HHPHHHHHHHHHHHHHHHHHHPPHHPHHHH
635,HHHHHHHHHHHPHHHHHPPHHHPHHHHHHH
636,HPHPHHHHHHHHHPHHHHHHHHHHHHPPHH
637,HHHHPHPHHHHHHHHHHHHHHHPHHHHHHH
638,HHHHHHHHHHHPHHHHHHHHHHHHHHHPPH
639,HHHHHPHHHHHHHHHHHHHHHHPHHHHHPH
640,HPHHHHHHPHHHHHHPHHHHHHHHHHHHHH
641,HPHHHHHHHHPHHHHHHHHHHHHHHHHPHH
642,PHHPHHHHHHHHHHHHHHHHHHHHHHHHHP
643,HHHHHPHHHHPHHHHHHHPHHHHHHHHPHH
644,PHHHHHHPHPHHHHHHHHHHHHHHHHHHHH
645,HHPHPHHHPHHHHHHHHHHHHHPHHHHHHH
646,HHHHHHHHHHHHPHHHPHPPPHHHHHHHHH
647,HHHHHHPHHPHHHHHPHHHHHHHHHHHHPH
648,HHHPHHHHHHHHHHHHHHHHHHPHPPPHHH
649,HHPHHHHPHHHHHHHHHHPHHHHHHHHHHH
650,HHHHHHHHHHPHPHHHHHPPHHHHHHHHHH
651,HHPHHHHPPHHHHHHHPHHHHHHHHHHHHH
652,HHPHHHHHHHHHHHHHHHHHHHHPHHPHHH
653,HHPHHHPHHHHHHHHPPHHHHHHHHHHHHH
654,HHHHPHHHHPHHHPHHHHHHPHHHHHHHHH
655,HHHHHHHHHHHPPHHHHHHHHHHHHHHHPH
656,HHPHHHHHHHHPPHHHHHPHHHHPHHHHHH
657,HHPHHHPHHHHHPHHHHHHHHPHPHHHHHH
658,HHHHHHHHHHHHHHHPHHHHHHHHPPHHHH
659,HHHHPHHHHHPPHHHHHHHHHHHHHHHHHH
660,HPHPHHPHHHHHHHHHHPHHHHHHHHHHHH
661,HHPHHHHHHHHPHHHHHHPHHHHPHHHPHH
662,HPHHHHHPHHHPHHHHHHHHHHHHHHPHHH
663,HHHPHHPHHHHHHHHPHHHHHHHHHHPHHH
664,HPHHHHHHHHHHHHHHHHHHHHHHHHHHPP
665,HHPPHHHHHHHHHHHHHHHHHHPHHHHHHH
666,HHPHHHHHHHHPHHHHHHHHHHHHHHHHPH
667,HHHHPHHHHHHPHHHHHHHHHHPPHPHHHH
668,PHPHHHHHHHHPHHHHHHHPPHHHHHHHHH
669,HHPHHPHHHHHHHHHPHHHHHHHHHHHHHH
670,HHHPHHHHHHPHHPHHHHHHHPHHHHHHHH
671,PHHHHHHHHHHHHHHHHHPHHHHHHHHPHH
672,HHHHHHHPHHHHHHHPHHHHHHHHHHHHPH
673,HPHHHHHHHHHHHHHHHHHHHHHHHPHPHH
674,HHHHHPHHPHPHHHHHHHHHHHHHHHHHHH
675,HHHHHHPHHHHHHHHHHHHHHHPHHHPHHH
676,PHHHHHHHHHHHPHHHHHPHHHHHHPHHHH
677,HHHHPHHHHHHHHHHHHHPHHHHHHHHPHH
678,HHHHHHPPPHHHHHHHHHHHHHHHHHHHHH
679,HPHHHPPHHHHHHHHHHHPHHHPHHHHHHH
680,HHHHHHHHHHHHHHPHHHPHHHHHHHHHPP
681,HHPHHHHHHHHHHPHHHHHHHHHHHPHHHH
682,HHHHHHHPHHPHHHHHHHHPHPHHHHHHHH
683,PHHHHHHHHHHPHHHHHHHHHHHPHHHHHH
684,HHPHPHHHHHHHHHHHHHHHHHHPHHHHPH
685,HHPHHHHHPHHHHHHHPHHHPHPHHHHHHH
686,HHHHHHHPHHHHHHPHHHHHHHHHHPHHHH
687,HHHPHHHHHHHHHHPHHHHHHHHHHPHHHH
688,HHHHHHHPHHHHHHHHPHHPHPHHHHHHHH
689,HHHHPHHHPHHHHHHHHHHHPHHHHPHPHH
690,PHHHPHPHHHHHHHHHHHHHHHHHHHPPHH
691,HHHHHHHPHHHHHHHHHHHHPHPHHHHHHH
692,PHHHHHHHHHHHHPHHHHPHHHHHHHHHHH
693,HHHHHPHHHHHHHHPHHPHHHHHHHHHHHP
694,HPHHHPHHPPHHHHHHHHHHHHPHHHHHHH
695,HHHHHHHHHHHHHHHHHHHHHPHPHHPHHH
696,HHHPHHHHHHHHHHHHHPHHHHPHHHHHHH
697,HHHHHHHHHHHHHHPHHHHHHPHPHHHHHH
698,PHPHHHHHHHHHHHHHPHHHHHHPHPHHHH
699,HHHHHHHHHHHHPHHHHHHHPHPHHHHHHP
700,HHHHHHHHHHHHHPHPHHHHHHHHHHPHPH
701,HHHHHHHHPPHHHHHHHPHPHHPHHHHHHH
702,HHHHHHHHHHPPHHHPHHHHHHHHHHHHHH
703,HHHHHPHHHHHHHPHHHHHHHHHHPHHHHH
704,HHHHHHHHHHHHHHHHHHHHPHHPHHPHHH
705,HPPHHHHHHHHHHHPHHHHHHHHPHHHHHH
706,HHHHHHHHHHHHHHHHHHHHPHHHHHHPPH
707,HHHHHHPHPHHHHHHHHHHHPHHHHHHHHP
708,HHHHHHHHHHHHHHHPHHPHHHHPPHHHHH
709,HHHHHHHHHHPHHPHHPHPHHHHHPHHHHH
710,HHHHHHHHHHPHHHPHHHHHHPHHHHHHHP
711,HHHHHHHHHHHHHHHPHHHHHHHHPHHPHH
712,HHHPHHHHHHHHHHHPHHHHHHHHHPPHHH
713,HHHHHHPHHHHHPHPHHHHHHHHHHHHHHH
714,HHHHHPPHHHPHHHHHHHPHHHHHHHHHHH
715,HPHHPHHHHHHHHHHHHHHHHHHHHPHHHH
716,HPHHHHHHHHHHHHHHHHHHHPHHPHHHHH
717,HHPHHPHHHHHHHHPHHHHHHHHHHHHHHH
718,HHHHHHPHHHHHHHHHHHHHHHHHHHHPPH
719,HHPHHHPHHHHHHHHHHHHHHPHHHHHHHH
720,PHHHHHHHHHHHHHHHHHHPPHHHHHHHHH
721,HHHHHHHHHPHHHPHHPPHHHHHHPHHHHH
722,HHHHHPHHPHHHHHHHHHPHHHHHHHHHHH
723,HHHHHPHHHHHHHHHHHHHHHHPHHHPHHH
724,HHHHHHHHHHHHHHHHHPHHPPHHPHHHPH
725,HHHHHHHHHHHHHHHPPHHHHHPHHHHHHH
726,HHHHHHHHPHHHHHHHPHHHHHHHHPHHHH
727,HHHHHPHHPHHHPPHHHHHHHHHHHHHHHH
728,HHPHHHHHHHPHHHHHPHHHHHPHHHHHHH
729,PPHPHHHHHHHPHHHHHHHHHHHHHHHHHH
730,HHHHHHHHPHHHHHHHPHHHHHPHHHHHHH
731,HHHHHHHHHHHHHHHHHPHHHPHHPPHHHH
732,PHHHPHHHHHHHPHHHHHHHHHHHHHHHHP
733,HHPHHHHHPPHHHHHHHHHHHHHHHHHHHH
734,HHHHHPHHHHHPHPHHHHHHHHHHHHHHHH
735,HHHHHPHHHHHHHHPHHHPHHHHPHPHHHH
736,HHHHHHHHHHHHHPHHHHPHHHHHHHPHPH
737,HPHPHHHHPHHHHHHHPHHHHHHHPHHHHH
738,HHHHHHHHHHHHHHHHHPHHHHPHHPHPHH
739,PHPPHHHHHHHHHHHPHHHHPHHHHHHHHH
740,PHHHPHHHHHHHHHHHHHHHHHHHPHHHHH
741,HHHHHHHHHHHHHPHHHHHHHHHPPHPHHH
742,PPHHHHHHPHHHHHPHHHHHHHHHHHHHHH
743,HPHHHHHHPHHHHHHHHHHHHHPHHPHHHH
744,HHHHHHHHHHHHHHHHHHHPHHHHPHHHPH
745,HHHHHHHHPHHHHHPHHHHPHHHHHHHHHH
746,HHHHHHHHHHPPHHPHHPHHHHHHHHPHHH
747,HPHHHHHHHPHHHHHHPHHHHHHHHPHHHH
748,HHHHHPHHHHHPHHHHPHHHHHHHHHHHHH
749,HHHHHHHHHHHPHHHHHHPHHHHHHHHPHH
750,HHPHHHHHHHPHHHHHHHHHHPHHHHPHHH
751,PHHHHPHHHHHHHHHHHHHHPHHPPHHHHH
752,HHHHPHHHHPHHHHHHHHHHHHHHPHHHHH
753,HHHHHHHPHHHHHHHHHHHHPHHHHHHHHP
754,HHHHHHHHHHHHHHHPHHHPHHHHHHPPHH
755,HPHHHHHHPHHHHPHHHHHHHHHHHHHHHH
756,HHHHHHPPHHHHHHHHHHHPHHHHHHHHHH
757,HHHPHHHHHHHPHHHHHHHHHHPHHHPHHH
758,HHHHHHHHHHHHHPHHHHPPHHHHPHHHHH
759,HHHHPHHHHPHHHHHHHHHHHPHHHHHHHH
760,HHHHHHHHHHHHHHPHHHPHHHHHHHPHHH
761,HHHHHPHHHHPHHHHHHHHHHHHHHHHHHP
762,HHHHHPHHHPHHHHPHHHHHHHHHHHPHHH
763,HHHHHPHPHPHHHPHHHHHHHHHHHHHHPH
764,HHHHHHHHPHPHHHHHHHHHPHHHHPHHHP
765,HHHHHHHHHHHHHHHHPHHHPHHHHHHPHH
766,HHHHPHHHHHHHHHHHPHPPHHHHHHHHHH
767,HHPHHHPHHHHHHHPHHHHHHPHHHHHPHH
768,HHPHHHHHPHHHHPPHHHHHHHHHHHPHHH
769,HHHHHPHHPHHHHPHHHHPHHHHHHHPHHH
770,PPHHHHHPHHHHPHHHHHHHHHHHHHHHHH
771,HHHHPHHHHHHHHHHHHHHHHHHHPPHHHP
772,HHHHPHHHHHHHHHHHHHHHHHPHPHHHHH
773,HHHHHHHHHHPHHHHHHHHHPHHHPHHHHP
774,PHHHHHHHHPHHPHHHHHHHHHHHHHHHHH
775,HPHHHHHHHPHHHHHHPHHHHHHHHHHHHH
776,HPHHPHHHHHHPHHHHHHHHHHHHHHHHHH
777,PHHHHHPHPHHPHHHHHHHHHHHHHHHHHH
778,PHHHHHHHHHHHPHHHHHHHHHHHPHHHPH
779,HHHHHHHHPHHHHHHHPHHHHPPHHHHHHH
780,HHHHHHHPHPHHHHHHHHPHHPHHHHHHHH
781,HHHHHPHHHHHHHHHHHHPHHHPHHHHHPH
782,HHPHHPHHHHHHHHHPHHHHHHHHHHHHPH
783,HHHPHHPHPHHHHHHHHHHHHHHHHHHHPH
784,HHHHHHHHHPHHHHHHHHPHHHHHHPHHHH
785,HHHPHHHHHHHHHHHHHHPHHHHHHHHPHH
786,HHHHHHHHHHHHHHHPHPHHHHHHHHHPHH
787,HHHHHHHHPHHHHHPHHHPHHHPHHHHHHH
788,HHHHHHPHHPHHPHHHHPHHHHPHHHHHHH
789,HHHHPHHPHHHHHHPHHHHHHPHHHHHHHP
790,PHHHPHHHHHHHHHHHHPHHHHHHHHHHHH
791,HHHHHHPHHHHHHHHHHHHPHHHHHHHHPP
792,HHHHHHHHHHHHPHHHHHHHHPPHHHHHHP
793,PHHHHHPHHHHHHHHHHHHPHHHPPHHHHH
794,HPPHHHHPHHHHHHHPHHHHHHHHHPHHHH
795,HHHPHPHHHHPHHHHHPHHHHPHHHHHHHH
796,HHHHHHPHHPHHHPHHHHHHHHHHHHHHHH
797,HHHHHHHHHHHHHHHPHHHHPHHPHHHHPH
798,HHHHHHHHHHHHHHHHHHHHPHHHHPHHPH
799,HHHHPHHHHHHHPHHPHHHHHHHPHHHHHH
800,HHHHPHHHHHHPPHHHHPHHHHHHPHHHHH
801,HPHHHHHPHHHHHHHHHHHPHHHHHHHHHH
802,HHHHHHHHHHPHHHHHHHPHPHHPHHHHHH
803,HHHHHPHHHHHHHPHHPHHHHHHHHHHHPH
804,HHHHPHHPHHHHHHHPHPHHHHHHHHHHHH
805,HHHHHHHHHHHPHHHHHHHHHHHPPHHHHH
806,HHHHHHHHHHHHHHHPHPHHHHPHHPHHHH
807,HPHHHHHHHHHPPHHHHHHHHHHHHHHHHH
808,HHHHHHPHPHHPHHHHHHHHHHHHHHHHHP
809,HHHHHHHHHHPHHHHHHHHHHHHHHHPHPH
810,HHHHPPHHHHHHHHHHHHHHPHHHHHHHHH
811,HHHHHHHPPHHHHHHHPHPHHHHHHHHHHH
812,HHHHHPHHHHPHHHHHHHHPHPHHHHHHHH
813,HHHHHPHHHHHHHHHPHHHHHHHPHHHHHP
814,HHHHHHHHPPHHHHHHHHPHHHHPHHHHHH
815,HHHHHHHHHHHHHHHHHPHHHPHHHHPHHH
816,HHHHHPHHHHHHHHHHHHHHPHHHPHHHPH
817,HHHHHHHHHPHHHHHHHHHPPHHHHHHHHH
818,HHHHHHHHHHHPHHHHHHPHHHPHHHHHHH
819,HHPHHHHHHHPHHHHHHHHHHHHPHHHHHH
820,HHHHPHHPHHHHHHHHHHHHHHHHHPHHHH
821,HHHHHHHHPHHHHPHHHHHHHHHHHHHHHP
822,HHPHHHHHHHHHHHHPHHHHHHHHPHHHPH
823,PHPPHHPHHHHHHHHHHHHHHHHHHHHHHH
824,HHHHHPHHPHHHPHHHHPHHHHHHHHHHHH
825,HHPHHHHHHHPHHHHHHHHHPHHHHPHHHH
826,HPHPHHHHHHHHHHPHHHHHHHPHHHHHHH
827,HHHHPHPPHHHHHHHHPHHHHHHHHHHHHP
828,HHHHHPHHHHHHHHHHHPPHHHHHHHHHHH
829,HHHPPHHHHHHHHHHHHHHHHHHHHPHHHH
830,HPHHHHHHHHPHHHHHHHHHHPHHHHHHPH
831,HHHHPPPHHHHHHHHHPHHHHHHHHHHPHH
832,HPHHHHHHHHHHHHPHHHHHHHPHHHHHHH
833,HHHHHHHHHHHHHHPHHHHPHPHHHHHHHH
834,PHHHHHHHHHHHHPHHPHHHHPHHHHHHPH
835,HPHHHHHHHHHHHHHPHHPHHHPHHHHHHP
836,HHHHHHHPHHHHHHHHHHHHPPPHHHHHPH
837,HHHHHHHPHPHHHHHHHHHHHPHHHHHHHH
838,HHPHHHHHPHHPHHHHHHHHHHHHHHHHPH
839,HHHHHHHHHHPPHHHHHHHHHHHHHHHHHP
840,HHHPHHPHHHHHHHHHHHHHHHHHHHHHHP
841,HPHHHHHPHHHHHHHHHHHHHHPHHHHHHP
842,HHHHHHHHHHHHHPHHHHHPHHHHPHPHHH
843,PHHPHHHPHHHPHHHHHHHHHHHHHHHHHH
844,PHHHHHHHHHPHHHHPHHHHHHHHHHHPHH
845,HHHHHHHHHHHHHPHPHPHPHHHHHHHHPH
846,HHHHHHHPHHHHHPHHHHHHPHHHHHHHPH
847,HHPHPHHHHHHHHHHPHHHHHHPHHHHHHH
848,HHPHPHPHHHHHHHHPHHHPHHHHHHHHHH
849,HHHHHHHHHHHHPHHHHHHPHPHHPHHHPH
850,HHHPHHHHHHHHHHHPHHHHHHHHPHHPHH
851,HPHHHPHHHHHHHHHPPHHHHHHHHPHHHH
852,PHHHHHHHPHHHHHHHHHHPHHHHHHPHHH
853,PHHHHHPHHHHHHHHHHHPHHHHHHHHHHH
854,HHHHPHHHHHHHPHHHHPHHHHHPHHHHHH
855,HHHHHHHHHHHPHHHHHHHPHPHHHHHHHH
856,HHHHHHHPHHHHHHHPHHHHPHHHHHHHHH
857,HHHHHHPPHHHHHHHHPHHHHHHHHHHHHP
858,HHHHHHHHHHHHHHHHHPHHHPHPHHHHHH
859,HHHHHHHPHHHPHPHHHHHHHHHHHHHHHH
860,PHHHPPHPHHHHHHHHHHHHHHHHHHHHHH
861,HPHHPHPHHHHHHHHHHHHHHHHHHHPHHH
862,HHHHHHHPHHHHHHHHHHHHHHPHHHHHHP
863,HHHHHHHHHHHHHHHPPHHHPHHHHHHHHP
864,PPHHHHHHHHHPPHHHHHHPHHHHHHHHHH
865,HHHHHHPHHHHHPHHHHHHHHHPHHHHHHH
866,HHHHHPHHHPPHHHHPHHPHHHHHHHHHHH
867,PHPHPHHHHHHPHHHHHHHHHHPHHHHHHH
868,HHHHHPHHPHHHHHHHHHHHHHHHHHHHHP
869,HHHHPHHHHHHHHHHHHHHHPPHHHHHHPH
870,HHHHHHHHHHHHHHHHHPHHHHHPPHPHHH
871,HHPHHPHHHHHHHHHHHHPHHHHHHHHHHH
872,HHHHHHHHHPHHHHPHHPHHHHHHHPHHPH
873,HHPHHHHHHHPHHPHHHHHHHHHHHHHHHH
874,HHHHHHHHHHHHHHPHHHHHHHHHHPHHHP
875,HHHHHHPHHHHHPPHHHHHHHHHHHHHPHH
876,HHHHHHPHHPHHHHHHHHHHHHHHHPHHPP
877,PHHHHHHHHHHHHHHPHHHHHHHHHHHHHP
878,PHHHHHHHHPHHHHHHHHHPHHPHHHHHPH
879,HHHHHHHPHHPHHHHHHHHHHPHHHHHHPH
880,HHHHHHHHHHPHPHHHHPHHHHHHPHHHHH
881,HHHHHHHHHHHPPHPPHHHHHHHHHHHPHH
882,HHHHHHHHHHHHHHHHHHHHPPHHHPPHPH
883,PHHHHHHHHHHHHHHHHHHHHPPHHPHHHH
884,HHHHHHHPHHHHHHHHPHHHPHHHHHHHHH
885,HHHPPPPHHHHPHHHHHHHHHHHHHHHHHH
886,HHHHHHHHPPHHHHHHHHHHHHHHPHHHHH
887,HHHPHPHHHHHHHHHHHHHHHHHHHHPHHP
888,HHPHHHHHHHHHPHHHPHHHHHHHHHHHHH
889,HHHHHHHHHPHHHHHHHHHHHHHHHHHPHP
890,HHHHHHHHHPHHHHHHHHHHHHHHHHHPPH
891,HHHHHHHHPPHHHHHHHPHHHHHHHHHHHP
892,PPHHHHHHHHHHHHHHHHPHHHHHHHHHHH
893,HHHHHHHHHHHHPPHHHHHHHHHHHPHPHH
894,HHHHHHPHHHHHHPHPHHHHHHHHHHHHHH
895,HPHHPHHHHPHHHPHHHHHHHHHHHHHHHH
896,HHHPHHHHHHHHPHHHHHHHHHHHHPHPHH
897,HHHHHHHHHHHHHHPHHHHHPHHPHHHHHH
898,HHHHHHHPHHPPHHPHHHPHHHHHHHHHHH
899,HHHHPHHHHHHHHHHHPHHHHHHHHHHPHH
900,HPHPHHHHHHHHHPHHHHHHPHHHHHHHHH
901,HHHHHHPPHHHHHHHPHHHHHHHHPHHHHH
902,HHHHPHHPHHHHHHHHPHHHHHHHHHHHPH
903,HPHHHHHHHPHHHHHHHHHHHHHHHHHPHH
904,PHHPHHHHPHHHHHHHHHHHHHHPHHHHHP
905,HHHHHPHHHHHHHHHPHHHHHHHHHPHHHH
906,HHHHHHHHHHPPHHHHHHHHHHHHHHPHHH
907,HHHHHHHPHHHHHHHHHHHPHHHHHPHHHH
908,HHPHHPHHHHHHHPHHHHHHHHHHHHHHHH
909,HHHPHPHHPHHHHHHHHHHHHHHPHHHHHH
910,HHHHHPHHHHHHHHHHHHHHPPHPHHHHHH
911,HHHHHHHHHHHHPHHHHHHHHHHPHHPHHP
912,HHHHHPHHHHHPHHHHHHHHHHHPHPHHHH
913,PHHHHHHHPHHHHHHHPHHHHHHHHHHPHH
914,HHHHHHHHPHHHPHHHHHHHHHHPHHHPHH
915,HHHPHPHHPHHHHHHHPHHHHHHHHHHPHH
916,HHHHHHHHHHHHHPHHHHHHHHHPHHPHHH
917,HHHHHHHHHHHHHHHPHHHHHPHHHPHHHH
918,HHHHHHHHHHHHHHHPPHPHHHPHHPHHHH
919,HHHHHHHHHPHHHHHHPHHPHPHHHHHHPH
920,HPHHHHHHHPHHHHHHHHHPHHHHHHHHHH
921,HHHPHHHHHHHHHHHHPHPHHHHHHHPPHH
922,HHHHHHHHHHHHHHHHHHPPPHHHHHHHHH
923,PHHHHHHHPHHHHHHHHPHHHHHHHHPHHH
924,HHHHHHHHHPPHHHHHHPHHHHHHPHHHHH
925,HHHPHHHHHHPHHHHHHHHHHPHHHHHHHH
926,HHHHHPHHHHHHHPHHPHHHHHHHPHHHHH
927,HHPHHHPHHPHHHHHHHHHHHHHHHHHHHH
928,HHPHHHHHPHHPHHHHHPHHHHHHHHHHPH
929,PHHPHHHHHHHHHHHHHHHHHHHPHHHHPH
930,HHHHHHPHHHPHHHHHHHHHHHHHHHHHHP
931,HHHHHHPPPHHHHHHHHHPHHHPHHHHHHH
932,HHHHHHHPHHHHHHHHHHHPHHHHHHHPHH
933,HHHHHHHHHHPHPHHHHPHHHHHHHHHPHH
934,HPHHHHHHPHHHHPHHHHHHPHHHHHHHHH
935,HHHHHHHPHHHHHHHHHHHHPHHHHPHHHP
936,HHHPHHHPHHHHHHHPHHHPHHHHHHHHHH
937,HHHHHHHHHHHPPHHHHPHHHHPHPHHHHH
938,HHPHHHHHHHHHHHHHHHHHPHHHHPHPPH
939,HHHHHHHPHPHHHHHPHHHHHHHHHHHHHH
940,HHHHHHHHHHHHHPHHHHHHHHHPHPHHHH
941,HHHHHPHHHHHHPHHHHHHHHPHHHHPHHH
942,HHHHHHPHHHPHHHHHHHHHHPPHHHHHHH
943,HHHHHHHPHHHHHHHHHHHHPHHHHHHHPH
944,HHHHHHHHHHHHHHHHHHHHPHHPPHHHHH
945,PHHHHHHHHPHHHHHHHHHHHHHHHHPHHH
946,HPHHHHHHHPPHHHHHHHHHHHHHHHHHHP
947,HHHHPHHHHHPHPHHHHHHHHHHHHHHHHH
948,HHHPPPHHHPHHHHHHHHHHHHHHPHHHHH
949,HHHHPHHHHHHHPHHHHHHHHHHHHHPHHH
950,HPHHHHHHHPHHHHHHHHHHHHHHHPHHHH
951,HHHHHHPHHPHHHHHPHHHHPHHHHHHHHH
952,HHHHPHHHPHHPHHHHHHHHHHHHHHHHHH
953,HHPHHHHHPHHHHHHHHHHHHHHHHHHPPH
954,HHHHHHHHHHHPHHHPHHHHHHHHHHHHPH
955,HHHHHHHHHHPPHHHHHHHHHHHPHHHHHH
956,HHHPHHHHPHPPHHHHHHHHHHHHHHHHHH
957,HHHHPHHPHHHPHHHHHHHHHHHHHHHHHH
958,HHHPPHHHPHPHHHPHHHHHHHHHHHHHHH
959,HPPHHHHHPHHHHHHHHHHHHHHHHHHHHH
960,HHPHHHHHHHHPHHPHHHHHHHHHHHPHHH
961,HHHHHHHHHHPHHHPHHPHHHHPHHHHHHH
962,HHHHHHHHHHHHHHHHPHHHHHHHHHHHPP
963,PHPHHHPHHHHHHHPHHHHHHHHHHHHHHH
964,HHHHHHHHHHHHHHHHHHHPHHPHHHPHHH
965,HHHHHHHHHHHHHHHHPHHHHHHPHHHHPH
966,HHPPHPHHHHHHHHHHPHPHHHHHHHHHHH
967,HHPHHHHHPHHHHHHHHHHHHHHHPHHHHH
968,HHHPHHHHHPPHHHHHHHHHHHHHHHHHPH
969,HPPHHHHHHHHHHHHHHHHHHHHHPHHHHH
970,PHPHHHHHHHHHHHHHHHHHHHHHHHHPHH
971,HHHHHHPHPHHHHHHHPHHHPHHHHHHHHH
972,HHHPHHHHHHHHHHPHHHHHHHHPHHHHHH
973,HPHHHHHHHHHHHHHHHHPHHHHHHHHHPH
974,PHHHHHHHPHHHPHHHHHHHHHHHHHHHHH
975,HHHHHHHHHHHPHHHHHHHPPHHHHPHHHH
976,HHHHHHHHHHHHHHHHHHHHHHHHHPHPHP
977,HHHPHHHHPHHHHPHPHHPHHHHHHHHHHH
978,HHHPHHHHHHHHHHHHHHPHHHHHPHHHHH
979,HHHHHHHHHHHHHHPPHHHHPHHHHHHHPH
980,HHHHHPHHHHHHHPHPHPHHHHHHHHHHHH
981,HHHHHHHHHPHHHHHHHHHHHHHHHPHPPH
982,HHHPPHHPHHHHHHHHHPHHHHHHHHHHHP
983,HHHHHHHHPPHHHHHHPHHHHHPPHHHHHH
984,HHHHPHHHPHHHHHHHHHPHHHHHHHHHHH
985,HHHPHHHPHHHHHHHHHHHPHHHHHHHHHH
986,PHHHHHHHHHHHHHHHHHHHHPHHPHHHHH
987,HHHHHPHHPHHPHHHHHHHHHHHHHHHHHH
988,HPHHHHHPHHHHHHHHPHHHHHHHHHPHHH
989,HHHHPHHHHHHHHHHHHHHHHHHHPHHPHH
990,HHHHPHHHHHHPHHPHHHHHHHHHHHHHHH
991,HHHHHHHHHHHHHHPHHHPHHPPHHHHHHP
992,HHHHHHHHHPHHHHHHHHHHHHHHHHPHHP
993,HHPHHHHHHPHHHHHPHHHHHHHHHHHHHH
994,HHHHHHHHHHHHHHHPHPHPHHHHHHHHHH
995,HHHHHHHHHHHHHHPHPHPHHPHHHHHHHH
996,HHHHHHPHHHPHPHHHHHHHHHHHHHPHHH
997,HHPPHHHHHHHHHHHHHHHHHHPHHHHHPH
998,PHHHHPHHHHHHHHHPHHHHPHHHHHHHHH
999,HHHHHHHHPHHHHHHHPHHHPHHHHHHHHH
1000,HHHHHHHHHHHHHHHHHHHHHHPPHHPPHH
1001,HPPHPHPHHHHHHHHHHHHHHHHHHHHHHH
1002,HHHHHHHHHHHHHHHHHHHPPPHHHHHHHP
1003,HHHHHHHPHHHHHHHHHHHHHHHHPHPHHH
1004,HHHPPPHHHHHHHHHHHHHHHHHHHHHHHH
1005,PHHHHPHHHHPHHHHHHHHHHHHHHHHHHH
1006,HHHHHHHHHHHHHHHPHHHHHHPHPPHPHH
1007,HHHHHHHHHHPHHPPHHHHHHHHHHHHHHH
1008,HHHHPHHHHHHHHHHHHPHHHHHPHHHHHH
1009,PHHHHHHHHHHHHHHHHHHHHHPHHHPHPP
1010,HHHHPHHHHHHHHHHPHHHHPHPHHHHHHH
1011,HPHHHPHPHHHHHHHHHHHPHHHHHHHHPH
1012,HHHHHHHHHPPHHHHHHHPHHHPHHHHHHH
1013,HHHHHHPHHHHHHHHHHHHHHHPHHHHPHP
1014,HHPHHHHHPHPHPHHHHHHHHHHHHHHPHH
1015,HHHPHHHHPHHHHHHPHHHHHHHHHHHHHH
1016,HPHPHPHHHHHHHHHHHHHHHHHHHHPHPH
1017,HHHHHHHHHPHHHHHHHHHPHHHPHHHHHH
1018,HHHHPHHPHHHHHHHHHHHHHHHPHHHHHH
1019,HHHHHHHHPHHPHHHHHHHHPHHHHHHHHH
1020,HPHHHHPHHHHHHHHHHHHHHHHHHHHPHH
1021,HHHHHHHHHHHPHHPHHHHPHHHHHHHPPH
1022,HHHHHHHHHHHHHHHHPHHHHHPHHHPHHH
1023,HHHHPHHHPHHHHHHHPHHHHHHHHHHPHH
1024,HHHHHHHHHHHHPHHHHHHHHPHHHPHHHH
1025,HHHHHHHHHHHHHPPHHHHHHPHHHHHHHH
1026,HHHHHHPHHHHHPHHHHHHPHPHHHHHHHH
1027,HHHPHHHHHHHHPHHHHHPHHHHHHHHPHH
1028,HPHHHHHHHHHHHPHHPPHHHHHHHPHHHH
1029,HHHHHHHHHHPHHPHHHPHHHHHHPPHHHH
1030,PHHHHHHHHHHHHHHHHHHHHPPHHHHHHH
1031,HHHHHHPHHHPHHHHHHHHHHPHPHHHPHH
