id,sequence
0,PHPPHPHPHHPPPHPHHPPHPHPPPHPPPH
1,PPPHHPPPPHHPPPPHPPHPHPPPPPHPHH
2,PPHPPPPPHHPHHPPPHPPHPHPPHHPPPP
3,PPPPHPHHPPPHPHPPPPPHHHHPPPPHPP
4,PPHHHPHHPPHHPPHHPPPPPPHHPHPPPP
5,PHPHPHHPPPHPPPPPPHHPPPPPHPHPHP
6,HPPHPHPPHPPHPHPHHHPHPPPPPPPPPP
7,HPPHHHHHPHPPPHPPHPPPPPPHPPHPPP
8,HPHHPHHPPPPPPPPHPPPPHHHPHPHPPP
9,PPPHPPHPPPPHHPPPHHPPHHPHHPHPPH
10,HHHPPPPHHPPPHPHPPPHPPHPPPHHPHP
11,HPPHHHPHPPPHHPHHPPPPHPPHPHPPPP
12,HPPHHHPPPPPPPHPPHHHPPPPHHPPPPP
13,PHHHHPHHPPPHPPPHPHPPPPPPHPPHHP
14,HHHPPPPPPPPHHPHPHHPHPPHPPPHPPH
15,HPPHPPHHPHHHPHPHHPHHPPPPPPPPPP
16,PPHHHPHPPPPPHPPPPPPHPHHPPHHHHP
17,PHPHHPHHPPPPPPPHPHPPPHPPPHHHPH
18,PHPPPHHPPPPHHPPPHHPHHPPHPHPHPP
19,PPPPPHHPHPPHHPPHHHPPPPPHPPPHPH
20,HPHPPHPHPHPPPPHHPPHPPHPPPHHHPP
21,HHHPHHPHPPHPPPHPPPPPHHPPPPPHHP
22,PPHPPPPPHHHHPPHPHHPPPPHHPPPPHP
23,PPPHHPPHPPPHHPHPHPHHHPHPPPPHPP
24,PPPPPPHPPHHHPPHPPPPHPPPHPPHHHP
25,HPHHPPHPPHPPPPPHPHPHPHPPHPHPPP
26,HPPPPPHHPHPPPHPPHHPHPPHPPPPHPP
27,PPPPHPPPHPHHPPHHHPPHHPPHHPPPPP
28,HPHHPPHHHPPPPPHPPHPPPHPPHHPHPP
29,PPHPPPHPPHHPHPPPHHPHPHHHPPPPHP
30,PPHPPHHPPHPPPPHHPHHHPPHPPHHPPP
31,PPHHPPPPHHHPHPPPPHPPPPPPHPPHPH
32,HHPHPHPHPPPHHPPPHPPPHPPPPPHPHP
33,PHHPHHPPPPHPPPPHPPPPPHHPHPPHPP
34,PPPPHHPPPPHHPPPHHPPPHHPPPHHPPP
35,PHHHPPHPPPHPPPPHPPHPPPPHHPHPPH
36,HHPHHPHPPHPPHPPPHPPPHPHPPPPPPH
37,HPPPHPHPPPPPHPHHPHPHHPPPPPHPPP
38,PPPPPPPPPPPPHPPPHPHHPHPPHHHHPH
39,HPPPPHPPHPHPPPHPPPHHPHHPHPHPPP
40,PPPHHPPHHPHHHPPPPPPHPPHPHPHHPP
41,HPPPPPPHPPPPHPPPHHPHPHHPPHPHHP
42,PHHPPPPPPPPPHHPHPPHHPPHPHHHPPP
43,PPHHHPPPPHHHPHPPHPPPHPPPHPHHPP
44,PPPPHPPPHHPPPPPHHHPHPHHHPPPPPP
45,PHHHPPHPPPPPHHPPHHHHPHPPPPHPPP
46,PPPPPHPPPPPHHPPHPPHPPHHPPHHPHP
47,PPPHPPHPPHHHHHPPPPPHPHHPPPHPPP
48,PHPPPHPHPPHPPPPPHPPPHPPHHHPHHH
49,PPPHHPPPHHHHHHPPPPPPHHPHPPHPPP
50,PHHHPHPPPHPPHPPPPPHPPPPPHPPHPH
51,PPPHPPHHHPHPPPHHHPPHPPHHPPPHPP
52,PPHPPPPHPPHPPHHPPPHHHPPPPHHHHP
53,HPHPPHHHHPPPPHHPPPPHPPHPPPPPPH
54,HPPHHPHPPPHHPHHHPPPPPPHPPPPPHH
55,PPPHHPPPPHHPPPHPHPHPPPHHHHPPHP
56,PPHPHHPPHPPPPPPHPHHHHPPHPPPHPH
57,HPHHPPHHPPPHPPPPHPPHPPPPPHHPPP
58,HHHPPPPPPPPPHPHHPPPHHHHHPHPPPP
59,PPHPHHPHPPHPPPPHPHPPPPPHHPPPHP
60,PHHPHPPPPPHPPHPHHHHPPPPPPPPPHH
61,HPPHHHPHPPHPHHPPHPPPPPHPPPPHHP
62,HPPPHPPHHHPPHHPPHPHHPPPPHPPPHP
63,PPHHPPPPPPPHHHPPHPPHHPPPPHHPPH
64,HPHPPPHPPPHPPHPPHPHHPPHPPPHPHP
65,PPPPPPPPHHHPHHHPHPHPPHPPPPPPHP
66,PPHPHPHPHPHPPPHPPPPPPPPHHPHHPH
67,HPHPPPHPHPPPHHHPPPPPHPPPHPPHHP
68,PPHPPHHHPPPPPPHPHHPHHPPPPHPPPP
69,PHHPPPPPPHPHPHHPPPPPPHHPPHPPPH
70,PHPPHHPPPHPHPPPHPPPPPPPHHHPPHP
71,HPPPPPPHPHHPPHHPPPPPPPHHHHPPHP
72,PHHPHPPPPPHPPPHHPPPHPHPHPHPHPP
73,PPPPPHPHPPPHPPHPHHPHPPHPHHHPPH
74,HPHHHPHPHHPHPPPPPPPPHPHPHPPPHP
75,PHHPHPPPPPHHHPHHPPHPHPPPHHPPPP
76,PPPPPHPHHPHHPPPPPHPPPPPHHPPHPH
77,PPPPPHPHHPPHPHPPHPPPPPPHPPHPHH
78,HHPPPPHPHPPHPHPHHPPHPPHHPPPPPP
79,HPPHPHPHPHPPPHPPPPHPPHPPPHPHPH
80,PHPPHHPPPPHHPHPHPPPHHPPPHHPPPH
81,HPPPHPHPPHPPHPHHPPPHPHHPPPPHPH
82,HPPHHPHHPPPHPPHPPPHPHPPPPHPHHP
83,HPPPHHHPPPHPPPHPPPPPHHHPPPPHPP
84,HPPPPPHHPPPHHPPHHHPPPPPPHPPPHH
85,PHPPHPPHPHHHHPPPPPPPHPHPPPPPHH
86,HPHPHPHPPPPHPHPHPPPHPPHHPPPPPH
87,PPHPHHHPPPHHHPPPHHHPPPHPPPPPHP
88,HPPPHPPHPPPHPPHPHPPHHHHPHPPPPP
89,PHHHPPPHPPHPHPPPHHPHPPPPPPPHPP
90,HPPHPPHPPPPHPPPPHHPHPPHHHHPPPP
91,HHPHHPPPHPPHHPPPHPPPHPHPPPPHPP
92,PHHPPPPHPHPHPHHHPHPPPPPHPPPPHH
93,PPPPPHPPPPHHHPHPHPHPHHHPPPPHPP
94,PPPHPHPHPPPHPPHHHPPHPHPPPHHPPH
95,PPPHHPPPPPHHHPPPPPPHHPHHPPPHPH
96,PHHPPHPHPPPPHPPHHHPHHPHPHPPPPP
97,PHHHPHPPHPPHPHPPHPPPPPHHPPPPPP
98,HPPHPHHHHPPPPPHPPHHPPHPPPHHPPP
99,PHPHPHHPPHPHPHHPPPPHHPPPPPPPPH
100,PPPHHPPPPHHPPPPPPPHPPHHPPHPHPH
101,HPPHHHPPHHPPHHPHHPPPHPPPPPPPHP
102,PPHPHPPPHPHPHPPHPPHHPPPPPHPHPP
103,HHPHPPPPPPPHPPPPPHPPHPHHPPPHPH
104,PPPPPHPPHHPPPPHPHHHHPHPPHPPHHP
105,HHPHHHPPPHPPPHPPPPPHPPPHPHPPPP
106,PHPPHHPPPPHHPHPHPPHPPPPHPHPPHH
107,PHPPPPPHPPPPPHHPHHHPPPHHHPPPPP
108,PPPPPHPPPHPPHPPPHPPHHHHPPPHPPH
109,PPHPHHPPHHPPPHHHPPPPHHPPPPPPHP
110,PPPHPPHPHHHPPPHPHPHHPHPHHPPPPP
111,PHPPHPPPPPPHPHHPHPPHHPPPPPHHHP
112,HPPPPHHPPPHPPHHHHPPPPPPHPPHPPP
113,PPPHPPPPPHHHPPHHPPPPHHHHPPPPPH
114,PPHPPPHHPHPHPHHPPPHPHPPPPPHPHP
115,PHPPPHPPHHPPHPPHPPPPPPHPHPHPPH
116,HPHPHHPHPPPPHPPPPPPPPHHHPHHPPH
117,PPHHPPPPPPPPPPPPPPPPHPHHHPHHHH
118,HPHPHPPHHPPHPHPPPPPPHHHPHPHPPP
119,PPHHHPPHHPPPPPPPPHPHPPPPPHPPHH
120,HHHPHHHPPHPPHPPHPPPPPPPPPPPPHH
121,HPPPPHPHHPHHPHPPPHHHPPPPPPPPPP
122,HPPPHHHPPPPPPPPPPPPHHHHHHPPHPH
123,HPPPHPPHHHHPPHHPPPPPPPHHPHPPHP
124,HPHHPPPHPPPHHPHHPPPHPPPPHPHPPH
125,HPHHPPPHPPHHPPPHPHPPHHPPPPPPPP
126,PPHPHPPPPHPPHHPPPHPHPHHPPPPHHP
127,PPHHPHHPPHPPPHHPPHPPPHPHHPPHPP
128,PPPPPHPHHHPPHPHHPPPHPPPPHPPHHP
129,PPHHPHHPPPPPHHPHPPPPPHHHPHPHPP
130,HPHHPPPPPPHPPPPPHHPPHHHPPPPPHP
131,HHPPPPHHPPPPHPHPPPPPHHPPHPPHPP
132,PPHPPPPPHHPPPHPPPHPHHPHPHPHPPH
133,PPPPPHHHPPPHPPPHPPPPHPHPPHHPPH
134,HHHHPHPHHPPPPPPHPPHPPPHHPPPHPP
135,HPHPPHPPHHHPHPPHPPPPPPPHPPHPHP
136,PPHHHPHHPPPPHPPPHPPHHHPPHPHPPP
137,PHHPHPPPPPPHHHPPPPPHPHHPHHPHPP
138,HHHPHPPHHPHPPPPPHHPPPPPPPHPHPH
139,HPPPHHPPPPHHPPPPPPPHHHHPHPPPHP
140,HPHHPPHPPHPHPPPPPHPHPPPPPHHPPH
141,HPPHPPPHPPHPHPPPHHPHHHPHPPPHPP
142,HPHHHHPHHPPPPPPPHPHPPPPPHPPPPH
143,HPPPPPPPPHPHHPHPPHPPPHHPPHPPPH
144,HPPPHHHPPHPHHPHPPPPHHPPPHPPHPP
145,PPHPHHPHPPHPPPPPPHPPHPPPPHHHPH
146,HPPHHPPPHPPHHPHPHPPHPPPHPPHPPP
147,PPPPHHPPPPPPPPPPHHHPHPHPPPHHHP
148,PPPHHPPHPPPHPHPPPPHPHHPHPHPPHP
149,HPPPHPHHPPPHHHPPPPHPPPPHPPPHPH
150,PPPHPPHPPPPPPPHPPPPHHPPHHPHHPH
151,PHPHPPHPPPPPPHPPHPHHPHHHPPHPHP
152,HPHHPHPPPPHHHPHPPPPPPHPPPHHPPH
153,PPPPPPPPPHHHHPPPHHPHPHHHPPHPPP
154,PPPPPPHHHPPPHHHPPPHHPHPPHPPPPH
155,PPHPPHHPPPHPPPHPPHHHPPPPPHPPHP
156,HHPPPPPHHHPPHPPPPHHPPPHPHPHPHP
157,PPPHPPHHHPPHPPHHPPHPHPPPPHHHPP
158,PPPPHHHPPPPHPPPHPHHPPHHPPPPHPP
159,PHPPPPHPPHHPPPPPPPPPHHHHPPHHPP
160,PHHPPPPPHPHPPHPHHPPPPPPHPHHHPH
161,PPHPHHPHPHPHPPHPPHPPPHPPHPPHPH
162,PHPPPPHPHPPPHPPHHPHHHPHPHPPPHP
163,PPHPHHPHPHHPHPPHPHPPPPPPPPHHPH
164,PPPPHHPHPPHHPPPPPHHPHPPHPPPPPH
165,PHHHPHPPPPPHHPPPPHPPPPHHPHPPHP
166,HHHPPPHHHPHPPPHHPPPPHPPHPPPPHP
167,HPPHHHPPPPHPPHPHPPPHHPPHPPHHPP
168,PHPPPHPHHHPPHPPPPHPHHPPHHPHPPP
169,HPPHHPHHPPPHPPPPHPHPPPPHPPHPPP
170,PPPHPHPPPPHPPPPHPPPPHHPHHHPHHH
171,HPPHPHHPPPPHPPPPPPHHPHHPPHPHHP
172,PHHPHPPPHPPPHPHPHPPHPHPHHPPPPP
173,PHPPPHHHPHPPPPHHPPPHPPHPPHPPPP
174,PHPPPHPHHPPPHPHPPPHPHPHHPHHPPP
175,PHPHPPPHHHHPHPPPPPPPHHPHPHPPPP
176,PHPPPPPPHPHHHHHPPPPPHPPPPPPHHH
177,PPPPHPPHPPPHHPPPPPPHHHPHPHPPHH
178,PPPHHPHPHPPPHPHPHPHHPPPPPPPPHP
179,PHHPPHPHPPPPHHPHHPPPHPHHPPPPPP
180,PPHPHHHHPHPPHHHPPPPPPPPPHHPPPH
181,HPPPPPHPPHHHPPPHPPPPPPPHHHPHHH
182,HHPPPPPHPHPPHPPHHPPPHPHHPPPPHP
183,HPHPPPPHPPPPHPHPPHHPPHPPHHPHHP
184,HPPPHPPHPPHHHPPPPPPHPPHHHHPPPH
185,PPHPHHPHPPPPPPPHHHPPPPHHPPHHHP
186,PHHPPPPPHPHPPPPPPPPHPHPPHHHHHP
187,HHPHPHPHPPPPPHHPPHPPPPHHPPPHPH
188,PHHPPPPPHPPPHPPHPHHPPPHPPHPPPH
189,PPPHHPPHPHHHPHPPPPPPPPPPHHPPHP
190,HHHPHHHPPPPHPPPPHHPPPPPPPPHPPP
191,PPHPHPPHHPPHPHHPHPPHHPPPPPHPPP
192,HHHPPPHPPHPPHPHPHPPHPPPPPPPPPH
193,PPHPHPPPPPHPHHHPPHHPHHHPPPPHPP
194,PPPHHPPHPHHPPPPPHPPPHHPPPHHHPP
195,PPPPHPHPPPPPPHPPHHPHHPHPPPHHHH
196,HPPPPHHPPHPPPHPHPPHHHPHPPPHPHP
197,PHPPPHHHHPPPPPHPPPHPPHPPHPHHPP
198,PPPHPHPHHPPPPPPPHPPPHHPHHPPPHP
199,PPPPHPPPHPPHPHPPHPHHHPPHHHPPPH
200,HPHPPPPPHHPPPHHPHPPHPHPPHPHPPP
201,PHPHPPHPPPHPHPPPHPHPPHPHPHPPHP
202,HPPPPHPHPHPHPPPHPPHPPHPHPPPHHP
203,PHHPPPPPPPPHHPHPHHHPHPPPHPHPHP
204,PPPPPHPPPPHPPHHPPHHPPPPHHPHPHP
205,HHPPPPPHHPPHHPPHHPPHHHPPPPPPPH
206,PHHPPHPPPPHPPHPPPPHHPPPHPPHPPH
207,PPPHPPHPPPPHPHPPHPPPHHPHPPHPHH
208,HPHHPPPHPPPHPHPPPHHPHPPPHPPHPP
209,PPHPPPPHPHHHHHPPPPPHHPHPHPPHPP
210,PHHPHPPPHPPPPPHHPPHHPPPHPHPPHP
211,PHHPPPHPPPPHHPPPPHHHHHHPPHPPPP
212,PHPPHHPPHPHPHPHPHPPPPHPHHPPHPP
213,HPPPHHPPPPPHPHPPPHPHPPPHPHHPHP
214,PHHPPPPPPHHHHPHHPPHPPPHPHPPPPP
215,PPPPHPPHHHPHPHHHPPPHPPPPHPHPPP
216,PPHPPPPPPHPPHHHPPHPPHPPHPPHHPH
217,PHHPHHHPPPHPPHPPPPHPPHHHPPPPHP
218,PPPHHHPHHHPPHHPHHPPPPPPPPPPPPH
219,HHPHHPPPPPHPHHHHPPPPHHPPPPPPPH
220,HPHHPPHPHHPHPPPPPPPPHPPHPHHPPP
221,PPHHPHPPPPHHPHPHPHPPHHPPHPPPPP
222,PHPPPHPPPHPHPHHPHPPPPHPHPHHPPP
223,PHPPPPPPPHHHPHPPPPPPHHPHPPHHHH
224,PPPHPPPHPHHPHHPHHPHPPPHPPPPPHP
225,PPPHPPPPPHPPPPPHPPHPHHPPPPHHHH
226,PHPPPHPPHPHPPHPPHHPHPPPPHHPPPP
227,PPPPPHHPHHPPPHHHPPPPHPPHPPHPPP
228,HPPHHPPPPPPHHPPHPHPHPHPPPPPHHH
229,PPHPPHHPPPPPPPHPPPHPHHHHPHPPHH
230,PHHPPHPPPPHPHHPPPHPPHPHPHPHPPP
231,PPPPPPHHPPPHPHHPPHPPHPPPHHPPPH
232,PHPHHPPHHPHPPPHPPHHHPPHPPPPPHP
233,PHPPHPHHPHPHHPPPHPPHHHPPPHPPPP
234,HPHHHHPHPPPPPPHPHHPHPHPPPPPPPP
235,HHPPHPHHHPPHPPPPHPHPHPPPHPPHPP
236,PPPPPHHPPHPPHPPHPHPPPPPPHHHHHP
237,PHPHHHPPPPPHHHPPPHPHPPPHPHPPPP
238,PHHPHPHPPPPPPHPHHPPHPPPHHPPHPP
239,PHPPPPHPPHPPPPPPPHHHPHHPPPPPHH
240,PHHPPHHHHPHPPPPHPPPPHPHPPPPPPP
241,PPPPPPPPPPPHPHHPHHPHPPPPPHHPHH
242,HPPPPPPPHPHPHHPHHPHPPPPHPPHPPH
243,HHPHHPHPPPHHPPHPHPPHHPPPPPPPHP
244,PHHPHPPHPPPPHPPPPHHHPPHPHPHPPP
245,PPHPPPPPPPHHHPHPPHHHPHPPHPPHHP
246,PPHHPHPHPPPPHPPPHPHPHHPPHPHPHP
247,HPPHPHPHPPPHPPHPHHPPPPPPHHHPPH
248,PHHPHPPPPHPPHHHHPHPHHPHPPPPPPP
249,PPPPPHHHHHPHPPHHHPHPPPPPPPPPPP
250,PHPPPPHHHPPPHPHPHPHPPPHPPHPPPH
251,PHHHPPPPPPHHPPPPHPHPPHPPPHPHHP
252,HPPPPPHPHPHPPPPHPPHPHHPHHPPHPP
253,PHHPPHPPPHPPHPHHPHPHHPHPPPPHPP
254,PPHPPHPHPPPPPHPPHPHHPPPPHHHPPH
255,HPPHPPHHPPPHPPPPPHHPPHHPPHHPPH
256,PHPHHHPPPPHPPPHPPPHPHPHPPPPHPH
257,PPPPPPPHHPPPHHPPHHPHPHPHPPPHPH
258,PPHHPPPHHPHHPPPPPPHHHHPPPPPPPP
259,PPPHHHHPPHPPPPPPHHPHPHPPPPHHPH
260,PPPPPHPHHPHPHPPPHPPPHHHHHPPPHP
261,HPPPHPPHPPPHPPPPPHPHPPPHHHPHPP
262,HPPPHPPPPHHPHPPPHHPPPPHPHPPHPP
263,PPPPHHPPPHPPPPHHPPHPPHPHPHPHHP
264,PHPPHPPHPPPHHHHHPPHHPPPHHPPPPP
265,PPHHPPHPPPPPPHHPHHPPPHHPHPPHPP
266,PPPPPPHPHPHHPHHHHPHHPPPPPHPHPP
267,PPPPPPPPPPHPPHPHHPPHHPHHPHHPPH
268,HHHHPPPHPHPPPPHHHPHHHPPPPPPPPP
269,PPPHPHHPPPHPPPPHPHPPPHPPHHHHHP
270,PHHPHPPPHHHPPPPHHPPPPPPPPPHHHP
271,PPPPPHHHHHPPPHHPPPPHPPHPHPPHPH
272,PHPPPHPHPPHPPPHPPPPPHPHHHHPPPP
273,HPHPHHPPPHPPPPHPPPPHHPPPPPHHPH
274,PHPHHPHPPHPPHHHPHPPPPPPHHPPPPP
275,PHPPPHPPPHPHPPPHHPHHHPPPPPHPHH
276,PPPPPHPHPHPHPHPPPHPHHPPHHHPPHP
277,HPHPPHPPPPHHHPPPHPHPHHPPPPPHPP
278,PHHPHPPHPPHPPPPHHPPPHHPPHHPPPP
279,PHPPHPPPPPPHHPHHHPHPHPHPPPPPPP
280,PPPPHHHPPPPPPHHPPHHHPPHPHPPPHP
281,HPPPHHPPHPPPHPHHPHPHPPPPPHPHPP
282,PPPPHPPPPPHHPPPPHHHPPPPPHPHHPH
283,HPPPPPHHPPHPPHPPHHPPPHPHHHPPHP
284,PPPPHHHPPHPHPPPPHHPHHHPPPHPPPP
285,HHPPPPHPHPHHPHPPHPHHPPPPPHPPPP
286,PPPPPPPPHHHHPPHPPPHPHPPHPHPPPH
287,PHHPPHPHHPPHHHPPPPPHHPHPPHPPPP
288,PHPHHPPPHPHPHPPPPPHHHPPPPPHPHP
289,PPHHPPPPPHPHPPHHHPPPPHPPPPPHHP
290,PPPHHHPHPPPHHHHHHHPHPPPPPPPPPP
291,PHPPPHHPPPHPHPPPHPPHPPPPHHPPPH
292,HPHPHPPPHPPPPPHHHPHPHHPHPPPPPP
293,HPPPPHPPHHHHPHPPHHPPHPPHHPPPPP
294,HPHHPPPPPHHPHHPPHHHPPPPPPPHPHP
295,HHPPPPHPHPHHPPHHPPPPHPHHPPPPPP
296,PPPHPHPPHPPPPPPPPPHPPHPHHHHPPH
297,HPHHPPHHPPHPPPHPPPPPHHPPHHPPPH
298,PHHHPHPPPHPHHPPPPPHPPHHPHPHPPP
299,PHPHPPHPHPHPPPHPPPHPHHPPPHHPPH
300,HPPHPPPHPPPPHHPPPPPPHPPHHHHPPH
301,HPPHHHPPPPPPPPHPPHPHPPPHPHPPPH
302,HPHPPPHPPPPHPPHPHPPPHHHPPPHPPP
303,PPPPHPPHHPPPHPPHPHHPHHPPPHHPPP
304,PPHPHHPPPHPPPPHHHPHPPPPPHHPHPP
305,PPHPPPPHHHPHPHHPPPPHHPPPHPPPPH
306,PPPPPPHPHPPHPHHPPHPPHPPHPPHPHH
307,PPPHHPPPHPHPPPHPPHPPPHHPHPHHPH
308,PPPPHPPPPPPHPHPPPPHPPHPHPHHHHH
309,HPHPPPPPPPHPPHHPPHHPHPHHPPPPPH
310,PPHPHPHPHPPHHPPHPHPPPPHPPPPHPH
311,HPPPPPPHPHPHHPPHPPPPHHPPPHPPPH
312,HPPPPPHPHPPPPPHPHPPHHPPPPHHHHP
313,PPPHPHHPPHPPPPPHPPPHPPPHHPPHHH
314,PHHPHPPPPPPPHPPPPHHPPHHPPHPPPH
315,HPPHPPPPPPPPPHHHHHHPPPHPHPPHHP
316,HPPPPHPPPHHHPPHPPPHHPHPPHPHPPP
317,PHHPPHPPPPPHPPPPPHPHPPPHHPHPHH
318,HHPHHPPPPHPPPPHPPPPPPHHPHPPPHP
319,HPHPHPPPPPHPPHPPHPHHHHHPHPPPPP
320,HHPHPHPPPPHPHPHPHHPHPPHPPPPPHP
321,PPPPPPHHPPHHHPPHHPPPPPPHPHHPPH
322,HPHPHHHPPPPPPHPHHPPPPHPHHPPPHP
323,PPPHPPPHHPPPPHHHPHHHHPPPPPPHHP
324,PPPPPPPPPHPHPPHHHPHPHHHHPPPPHP
325,HPHPHPPPHHPPHHHHPPPPHPPPHHPPPP
326,HHPPPHPPPPPPHPHPHPPHHHPPPPHHHP
327,PPHPPPPPPPHHPHPHHHHPPHPPPPPHHP
328,HHPPHHPPHPPHPPPPHPPPPHPPPPHPHP
329,PPHHPHHPPPHPPPHPPPPPHPHPHPHPHP
330,PPPPHHHPPPPHHPPPHPHPPPHHPPHPPP
331,PPHPHPHHPPPHPPHHPPPPPPHHPPPHHP
332,PPHPHHPPPPHPPPHHPHHPPPHHPPPHPP
333,HHPHHHHPPPPPPHPHHPHPPPPPPPHHPP
334,HHPHPPPHPHHPPPPHPPHPPPHHPPPPHP
335,PHPPPHPPHHPPHPHHPPPPHPHPPPPHHP
336,HPPPHPPPHPHHHHPPHPPPPPHPPPPPHH
337,PPHPPPHPHHPPHPHHPPPPPHHPHPPPPH
338,PHPHPHPPHHPHPPPHPHPPHPHPPPHPHP
339,PHPPHHPHHHHPHPPPHPPHPPPPPPPHHP
340,HPHHHPPPPPHPPPHPPPPPHPPHHPHPHH
341,PHPPPPPPHHPPPHPHPPHHHPPPPHPHPH
342,PHPHPPHPPPHPHHHPPPPHHPHHPPPPHP
343,HHPPPPHPPPPPHPHPHPHPPPPHHPPPHP
344,HPPHPPHPHPPPPPHPPPHPHPPHPPPHHH
345,PPPPPPPPPPHPHHHPPPHPHHPPPPPHHH
346,HHPHPPHPPPPHPPPPPPPPHPHHPPPHHH
347,PPPPPPHHPPPHHPPHPPPHPHHHPHHPHP
348,PHHPHHPPPPHPHPHPPPHPPPHPPPHPPP
349,PHPHHHPPPHHPPHPPHPPHPPPHPPPPPP
350,HPPHPPPPPPHHPHPPHPHPHPPPHPPHHP
351,PPHPHPPPPPPPHPHHHPHPPHPPHPPPHH
352,PPPPPHHPPPPPHHHHHHPHPPPHPHPPHP
353,PPPPHPHHHPPPPPHPPPPPHPHPPHPPHH
354,PPPHPHHPHHPPHHHPPPPHPPPPPHPPPP
355,PPPHPHPPPPHHHPHPPHPHPPHPPPHPPP
356,PPHPHPPPHPPPPPHHPPPHPPPPHHPPHH
357,PPHHPPHHPHPPHPPPPHPPHPHHPPHPPP
358,PHHPHHPPHPPPPHPPHHPHPPPPPPPPHH
359,PPHHPPHPHHPPHPHHPHPHPPPHPPPPPP
360,HHHHPPPPHPPPPPPPPPPHPPPHHPHHPH
361,PPPHPPHPHHHPHHPPHPHHPPPPPHPPPH
362,HHPPPHPPPPPHHPPPPPPHPPHHPPHHHH
363,PHHPHPHPHPPHPPPPHPPPPPHPPPHHPP
364,PPPPHPPHHPHHHHPPPPPPHHPHPPPHPH
365,HHPPPHPPPPHPHPPPPPPHHPHPPHHHPH
366,PHPPPPPPPPPPHPHHPHPHHPHPHPPHHH
367,PPPPPPPHHHPPPHPPHPHPPHPPHHHPPP
368,HPPPPPPPHHPPPPHHHHHPPPHPHHPHPP
369,PPPHPHPHPHHHPPPHPPPHPPHPPPHHPP
370,PPPHHHPPPHPHPPPPPPPPPHHHHPPHHH
371,PHHPPPHPHPPPHPPPPHHHPPPPPHPPPH
372,PPPHPPPHHPHPHPPPPHHPPHPHHHPPPH
373,PHPPHPHHPPPPPPHPHPPPHHHPPHPHPH
374,PHPPPPHHPPPHHHHPPPPHPHPPPPPPPH
375,HPHHHPPPHPPPPPHPPPPPHPPHPHHHPH
376,PPPHPPHPPHPPHHPPPPPPPHPHHHPPHH
377,PPPHPHHHHHHHPPPPPPPPHPPPPPPHHH
378,HHPPHHPPPHHPPPPHPHPPPHHPPPHPHP
379,HPHPHPPPPPPHHPPPPPPHPHHHPPHHPP
380,PPHPPHHHPPHPPPPPPHPPPHHHPHPPPP
381,HPPHHHPPPHPPPPPPPHPHPPPPHPPHHH
382,HHPHPHPPPHPPPPHHPHPPPPPHPPHPPP
383,PPHPHHHHPPHPHHPPHPHPPPPHPPPPPP
384,PPPHHPHHPPPPPPPPHPPPHHHPHHPHPP
385,HPPPPPHPPHPHHHPPHPHPHPPHPPPPPP
386,PPPHPPHHHPHHHPPPPHPPPPHPPHPHPH
387,HPPHHPHPPPHHPPHPPHPPPPPPPPHPPH
388,PPHHHHPHPPPHPPPPHPPPPPHHHPPPPP
389,HPHPPHPHPPHPPPHPPPHPPHHHHPPHPP
390,PHPHHPPPHPPPHPPPHPPPHPHHPPHPPH
391,PPHPPPPPHPPPHPPPHPHPPPHPPHHHPH
392,HHHPPPHPHPPPPPPPPHHPPPPPHPHPPH
393,HPHPPPHPHHPPPPPPPPHPPPHPHHPPHH
394,PPPPHPPPPPHPHPPPPHHPHPHHPHHPPP
395,HPPHPHPPHHPHPPPPPHPPPPHPPPPHHH
396,PPPHPHPPHHHHPPPPPHPPPHPHPHPPPH
397,PPPHHPPPHPPPPPPHPHPPPPHHHPPHHP
398,PPPPPPPHPHPHHPPPHPHHPPPPHHHPHH
399,PPPHPHPPPPPHPPHPPPHHPHHPHHPHPP
400,HPPHPHHPPPPHPPHHPPHPPPHPPPHPPP
401,PPPPHPPPHPPPPPHPPHPPPPHHHHHPPH
402,HPPPHHHHHPHPPPPPHPPPHHPPPPPPPP
403,PPPHPPHPHPHHPHPPPPHPHHPPHPPPPH
404,PHHPHPPPPPHPPPHPHPPPPHPPPPPHHH
405,PHPPPPPHHPHPPPPPPHHHHPPPHHHPPP
406,PHPHHPPPPPHPHPPPHPPPHHPHPPHPPH
407,PPPPPPPPPHPHPHHPPPPHPHHHPHHHHP
408,HPPPHHPPPPPHPPHHPPPPHPPHHPHPHH
409,PPPHPPPPPPPHPPPHHHHHPPPPPHHHPP
410,PHPPPPPPHHPPHHPPPHPHHPPHPPHPPP
411,HPHPPPPPHPPHPPPHPPHPHPHHHPHHPP
412,PHPPPHHHHPHPHPPPPPPPPHPHHPPPHP
413,PPPPPPPHPHHPHPHHHHPHPPPPHHHPPP
414,PPPPHHPHPHPHPHPPPPPHPPPPPHPPHH
415,HHPPHPPPPHPPPHHHPPHPPPPPHHPHPH
416,HPHPHHPPHPHPPHPPPPPPHPPPHHPPPP
417,HPPHPPHPPPPHPPHPPPHHPPPPPPHHPH
418,PPPHHPPHPHHPPHPHPPPPPPPHHPHHHP
419,HPPHHPHHHPPHPHHPHPPPHHPPPPPPPP
420,PPPHHPPPHPPHPPHHPHHPHPHPPPHPHP
421,HPHHPPHPHPPHPPHPHHPHPPPPPPPPPP
422,PPPHPPHHHHPHPHHPPPPPPPPHPPPHPP
423,PPHHHHPHPPPPHHPPPPPPPPPPHPHPHH
424,PHPPHHHHHPHPHPPPHPPPHPPPPHPPPP
425,HHHPHHPPPPPPPPHHPPHHHPHPPPPHPP
426,HHPHPPPPPHPPPPPHHHPPPHPPPPHPHP
427,PHHHHPPHPPPHHPPPHPPPPPHPHPPHHP
428,PPPPPPPPPPPHHHHPPHHPHPPHPHPHHP
429,HPHHHPHPHPHPPPPPPPHPHPPHPPPHPH
430,HHPPHPHHPPHPPPHPPHPHPHPPPHPPPH
431,PPHHPHPPHPHHPPPPPPPHPPHPHPHPHH
432,PPPPPHPPHPPPPPHPPPHPPHPHPHHHPH
433,PHHPHPHPHPPHPPPPPHHHPPPPPPPPPH
434,PPPPPPHHPHHHPPPHHPPPHHPPPHPPPH
435,PHHPPPHPHPPHPPPPPHPHPHPHPPPPHP
436,HHHPHPPPPHHPHPHPPPHPPPPHPPPPHP
437,HPPHPPPHHPPHPPHPPHPPPHPHHHPPHP
438,HPHPPPPPPHPPPHHHPPPHHHPHPPPPPH
439,PHHPHPPHPPPPPPPPHPHPPPHHPHPHPH
440,PPHPHHPPPPPPHHHPPHPPHPPHHPHPPP
441,PHPPHHPHPPPPPPPHPPPHPPPHPHPPHH
442,HHHHHPPPPPHPPHHPHPPPPPHPHPPPPH
443,HPPPPPPHPHHPHPPPHPHHHPPHHPPPPH
444,HPHPPPPPPPPHHHPHHPHPPHHHPPPHPP
445,PHPPHHPPHPPPHHPPHHHPPHPHPPPPPP
446,HHHHPPPPPPPPPHPHPPPHPPHHPPPHHP
447,HPPHPPHPPPHPHHPPPHHPPPPPPPHHHP
448,PHPHPHPHPPHHPPHPPPPPHPHPPPPPHH
449,HHHHPPPPPPPPPPPHPPHPPHPHPPHHPP
450,PPPPHPPPPPPPHHPHPPHPPPHHPHHPPH
451,PPPPPHHPHHPPHPHHPHHPPPHHPPPPHP
452,PHHPPPPPPPPHHPPHPPPPPPPHHHHPHP
453,HHHPPHPHHPPHPPPPPPPHHPPPPPPPHH
454,HPPPPHHPPPHHPPPPPHHPHPHPPPHPPP
455,PHPHPPPHHHPPPPPPPPPPPPHHHHHHPP
456,PPHHHPHHPPPHHPHPPPHPPPHHPPPPPH
457,PPHPPHHPHPHPPPPPHPPHPHPPPPHPHP
458,PHPHHHHHPHPHPPHPPPPHPPPPPHPHPP
459,PHHHHHHPPPHPPPPPPHPPPPHPHPPPPP
460,HHHPPHPHPPPHHPHPHPPHPPPPPPHPPP
461,PHPPPHPPHPPHPPPPHHPPHPPHPHHHPP
462,HPPHPPHPPPPPHPHPPHPPPPPHPPHHPH
463,PPHHHHPPPPHHPPPHHPPPHPPHPPPHHP
464,PPPPPPHPHPPHHPHPHHHPPHPHPPPPHP
465,HPPHHPPPPPHPHPHHHPPPHHPPPHHPPP
466,HPPHPPPHPPHPPPPHHPPHPHHPPPPPHP
467,PPHPPPPHHPHPPHPHPPPPPPPPPHPHHH
468,PHPHPPPPHHHPPHPPPPPPPHPHHPPHPP
469,HHPPPPHHPPPPPPPHPPPHPHHPHHHPPH
470,HHPPPPHPPHPPHPPPHHPHPPHPPPPPPH
471,PPPPPHPHPHPPHPHPPHHPHHPPHPHPPP
472,HHHPPPPHHHPPHPPHPPPPPPPHHPPPPH
473,PPHHHPPHPPPPPPPHHHPHPPHPPPHPPP
474,HPPPPPHPHPPPHHPPHPPHPPHPPPHPHP
475,HHPPHPPPHPPHHPHPPPPPHPPPPPHHPP
476,HPHHHHPPPPPPPPPPHHHPPHPPPPPPHP
477,HPPHPHPPHPPPPHPHPPPPPPHPHHPPHH
478,PHHHHPHPPHPPPPHPPPPHPPHHPPPHPH
479,HHPPHHPPHHHHPPPPPPPPHPPHPPPHPH
480,HPPHPPPPHPHPHHHHHPPPPPPPPPPPHP
481,HHHPPPPPPPHHPPHHPPHPPPHHHHPPPP
482,PPHHPHHPPHPHPPPPPPHHHPPPPHHPPP
483,PHPPPHPHPPHHPHPPPHHPPPHHPPHPPP
484,PHPHPHPPPPPPHHPHPHPHPHHPPHPPPP
485,PHPPHHPPPPPPPPPPHHPPPHPHHHPPHP
486,PHHHPPPHPPHPPPPPPPPPHHHPHPPPHH
487,PPHPHPPPHPHHHPPPPHPHPHHPHPPPPH
488,HPPHPPPHHHHHPPHPPPHHPPPPPPHPHP
489,PPHPPHHPPPPHPPPPPHHHHHPPPHPPHP
490,PHPHHPPPHPHPPPPPPPPPPHHHHHHPHP
491,HHPHPHPPPPHPPHPPPHPPPHHPPPHHPH
492,PPPHPPPPHPPPHHHHHPPPPHPPPHHPPP
493,PPPHHPHPPPPHHPHHPPPPPHHHHPHPPP
494,PPPPHHPPPHPHHPHHPPPPHPHPPPHPPP
495,PPHPHHPPPPHHHPPPPPHPPPHPHPPHHH
496,PHHHPHPPPHPHPPPPPHHPPPHPPPHPPH
497,PHPPPPPPPHPHPHHPPHHPPHHPPPHHPP
498,HHPHHPPPHPHPPPPPHPPHPHHPPPPHPP
499,PPPHPPHHPHPPPPPPPHHHPHPHPPPHHP
500,HPPPPPPPPHHHPHHPPHPHPHHPPPPHPP
501,PPPHHPHPHPPHPPHPPPHPPPHHPHPHPP
502,PHPHPPHPPPPHHPHPHPPPHHPHPPPHPP
503,PHPPPHPPHPHPHPPHHHPPPPPPHPPHHP
504,PHPPPPHPPHPPHPHPPPPPHHPHHHPPHH
505,HPPPPPHPPPPPPHHPPPPHHHHPPHPHPH
506,PPHPPPPPPHPPPHPPPHPHPPHHHHPPHP
507,HPPPPHHPHHHPPPHHHPPHPPPPPPHPPH
508,PPHHPPPHPPHHHPHPHHPPPPPPHPPHPP
509,PHHPPPPPPPHPHPHPPHHPPPPPPHHPHH
510,PHHHHPHHPPHPPPPPPPHPPPPHPHPHPP
511,PPPHHPPHPPPPHPHPPHPHHPPPPPHHHH
512,HPPPHPHHPPPHHPPPHPPPHPPPHPHPHP
513,HHPHHHPPPPPPHPPPHPHPPPHPHHPPHP
514,HPPHPHPPPPPHPHPHPPHPPPPPHPHPHH
515,PPHHPPPPHPPHHHPPPPPPHPHHHHHPPP
516,PPHHPPPHPPHHHPPPPHHPHHPHPPPPHP
517,HPPPPPPPPPPHHHHHPHPHPPPPHPPPPH
518,PHHHPPHPPPPPHHHPHPPPPHPPPPPPPH
519,HPHHHPPHPPPPPPPPPPPHPHPHHHHPPP
520,PHPPPPPHPPPHPHHHHPHHPPPPHPHHPP
521,PPHPPHPHPHHPHHPPHPPHPPPHHPPHPP
522,PPPPHPHHHPHPPPPPPPHPPHHPHPPPHP
523,PHPHPHHHPPPPPPPHHPPPPHPHPHHHPP
524,PPPHHPPHHHPPPPPPHPHHPPPPPPHHPP
525,PPPHPPPPPHHHHPPPPHPHHPPPPPHHPP
526,PHHHHPPPPPPPPPHHHPPHPPHHPPHPHP
527,PPPPHPPPPHPPPHPHHPPHHHHHPPPPPH
528,PPPPPPHHHHPHPPPPPPHPHPHPPHPPHH
529,PHPPHPHPPPHHHPHPPPPPPPPPPHHPPH
530,PHPPHPHPPPHPPPPPHPHHPHHHPPPPHP
531,PPPPHPHHPHPPHHHHPPPPHHHPHPPPPP
532,PHPPPPHPHHHPPPHPPHPPPPPPHPPHHP
533,HPHPHHPPPHPHHHPHPPPPPPPPHHPHPP
534,PPHHHPHHPHPPPPPPPPPPHPHHHPHHPP
535,PHHPPPHHHPPPHPPPPPHHHPPPPHHPHP
536,PHPHPPPHPPPPHPPPPHHPHHPHHPHPPH
537,HHPPPPHPHPHPHPHPHPHHPPPPPPPHPH
538,PPHPPPHPPHPHPHHHHPPPHPPHPHPPHP
539,HPHPPPHHPPHHPPPHPPHPHPPHPPHPHP
540,HHPHPPPHPPHPPPPPPPHPPHHHPHPPPH
541,HPPPPHPHPPHPPPPPPPPPPPHHHHPPHH
542,PPPPHPPHHPPPHPPHHPPHPHPPHPPHPP
543,PPPPPHHHHHPPHHHPPPHPPPPPPPHPPH
544,PPPHPPHPHPHPPHPHPHPPPPPPHPHPHH
545,HPPPHPPPPPPHPPPHPHHHPPPPHHPHHP
546,HPPPHPPPPPPHPPHPPHPPHPPHHHPHHH
547,HHPPPHPPPPPPHHHHPPPHPPPPHPHPPH
548,PPHPHPPPHPPHHPPHHPPHPPHPPPPPHP
549,PHPHPHHPPPPPPHPHPPPPPPHHHPPPHP
550,PPPPPHHPPPHHHPHPHPPPPHHPHPPPPP
551,PPPHHPPPPPHPPPPPPHPPHHPPHHPHHP
552,HPPPHPHHPHPPPHPHPPHPPHPHPPHHPP
553,PHHHPPPPPHPPPHHPPHPPPPPPHPHPHP
554,HPPPHPHHPHPPPPHHPPHPPPPHPPPPHP
555,PPPPHHPHHHHPHPPHPPPPPHPPPPHPPH
556,PHPPHPPPPPPPPHHPPHHPPPPPHPPHHH
557,PPHPHHPPPPPPPPPPHPHPPHHHHPHPPH
558,PHPPPPPHPHHPPPHHPPHHHPPPPHHPPH
559,PPPPPPPHHPHHPPHPPPHHHHPPPHPPHH
560,HPPPPPPHPPHPPPHPHHHPHPHPHPPPPP
561,PPPHHHPHPPHHPHPPHPPHPPPHPHPPPP
562,HPPHHHHPPPPPPHHHHPPPHHPPHPPPPP
563,PPHHPHPPHPPHHPPHHPPPPPPPPPHHHP
564,HHPPPPHPPHPPHPPHHHHHPPPPPPPHHP
565,PHHPHPHHPPPPPPHPHPPHPPHPHPPPPH
566,HPPHHPHPPPHPHHPPHPHPHPHPHPPPPP
567,PPHHPPPHHPHPPHHHPPPPPHHPPHPHPP
568,HPPPHHPHPHHHHPPPHHPPPPHPHPPPPP
569,PPHPHPPPHPHPHHPHPPPPPPPHPPPHPH
570,PPPHPHPPPPPPHPHHHHHHHPHPPPPPHP
571,HHPPHPPPPPHPPHPHPHHPHHPPPPPPHP
572,PHPHPHPPHHHPPHPHHPPPHPPPPPHPPP
573,PHPHHPHHPPPPHPPPPHPPHHHHPPHPPP
574,PHHPPHHPPPPPPPHPPPHPHPHHPPPPPH
575,PHPHPPPPPHHPPPHPPPHPPHHPHHPPHP
576,HHPHHPHHHPPHPPPHPPPPPHPPPPPHHP
577,HPPPPHHHPPPHPHPPPPHHPPHHPPPHPH
578,PPHPPHPHHPPPHPPHPPHPHPPPPPHPHP
579,HPPPHPPPPHHPHPPPPPHHHPHPHHPPPH
580,HPPPHHPPPPHPPHPPHHHHPPHPPPPPPP
581,HPPHPPHHHPPPPHPPPHHPPPPHPPHPHP
582,PPHPPHHHPPPHHPHPPPPPHPHHHPPPPH
583,PPPHHHHHHPPPPPPPHHPHHHPPPPHPPP
584,PPPPHHHPPHHPPPHPHHHPHHPPHPPPPP
585,PPPPHHPPHHPHHPPPPPPHPHPPPHHPPP
586,HHPPHPPHHPHHPHPPPPPPPHHPHPPPHP
587,PHPPPPHPPPPHPHPHPPPHHPPHPPHHPP
588,PHHPPPPHPHHHPPPPPPHPPPPPHPPHHP
589,HPHPPPHHHPPPPPPPHPHPPPPHHPPPPH
590,PPPPHPPHHHPPPPPPPPPPPHPPPHHHHH
591,PPHPPPPPPHHHHPHHHPHHPPHPPPPPPP
592,PPPPPPHPPHHPHPPHHPHPHHPPPPPHHH
593,PPHPPHPHHPPHPPHPPPHPPPHPHHPPHP
594,PHPPPHHHHHPPHPPPPHHPHPPPHPPPPH
595,PPPPHPHPPPHHPPPHHPHHHPPHPPPPPP
596,PPHPHPPHPPPHPPHPPPPPHPHHHPHPHP
597,HPHHPHPPHPPPPHPPPHHPHPPHPPPHHP
598,PPPPHPHHPPHPPHHPPHHPPPHPHPPPHH
599,HPHPPPPPPHHHPHPHPPPHPPPPPPPHHP
600,HPPPHPPPPPHPPPPPPPHHPHHPHHPPHP
601,PPPHPHPPPPPHHPPHPHPHPHHPPPHPHP
602,PPHHPHPPPPPPPPHPPHPPPHHPHHPPHP
603,PPPHPPHPPHPPPPHHHPPHHHPHPHPPHP
604,HHPPPHPPPPPPPPHHHPPHPPPPPHPPHH
605,PHHPPPPPHPHPHPPPPPPPPHPPHPPHHH
606,PHPPHHHPPPPPHPHPPPPHPPPPPHPHHP
607,PPPHHPPPPHHHHHHHPPHPPPPPHPPPPP
608,PPHPHHPPHPPPPHPPPPPPHHPHPHPPHH
609,HPPPPHPHPPHPPPPHPPHHPHPPPHPPHH
610,HPHPPPPHPPHHHPPPPPPPPPHHPPPHPH
611,PPPPHPHHPHHHHPPHPHPHPPPHPPPPPH
612,PPHPPPPHPPPPPHHPPHPPPPHHPPHHPH
613,PPPHPHHHHPPPPHPPPHHHHPPPHHPPPP
614,PHHHHPPPHPPPPPHPPPPPPHPHHHHHPP
615,PHPPHPPPHPPPHPPPHPPHPPPPPPHHHH
616,HHPPPHPPPHHPHPHPPHHPPPHHPHPPPP
617,HPHPPHHHPPPPPPHPPHPHPPHPPHPHPP
618,PPHPPPPHHHPHHHHPHPPPPPPHPPPHPP
619,PHPPHPPPPHHPHPPPPPHPHHPHHPHPPP
620,HHHPPPPHPHHPPPPPHPHHPPHPHPHPPP
621,PHPHPHHPPPHPPPPHPPPPHPPPPHHPHP
622,PHHPPPHHHPPPHHHHPPPPPPHPPPPHHP
623,PPHPPPHPHPHPPHPPPPPHHPPPHPPHPH
624,PPPPPPHHHHHPHPHPPPHHPPPPPHPHHP
625,HPHHPHPHHHPHHPPPPPPPPPPPPHHPPP
626,PPPHPPHPPPPPPPPPHPPHPHHPPHHHPH
627,PPPPHHPHHPPHPPPPPPPPPPHPHPHHPH
628,HPHHHPPPPPPHPPPHPPPPPPHHPPPHPH
629,PPHHPHPPPPPPHPHHPPHPPHHPPPHPPP
630,HHHHPPPPPHPPPPHPHPPHPPPPPPHHPH
631,HHHHPPPHPPPPHHHPPPPPPHPPPPHHPP
632,HPPHPHHPPHPHPPPPHHPHPPHPPHPPPH
633,PPPHHPPPPPPHHPPHPHHHPPHHHPPPPH
634,PHHPPPHHPPHPPPPHPPPHHHHHPPPPPH
635,PPPHHPHPPPPPPHPPHHPPHHHHHHPPPP
636,PHPPHHPHPPPHPHPPPPPPPHHPPPPPHH
637,PPPHPHHHHPPPPPPPPHHHHPPPHHPPPP
638,PHPPPPPPHHPHPPHHPPPHHPPHPPPPPH
639,HPHPHHPHPPHHHPPPPPPPPHPPPPHHPP
640,PHHPPPPPHHPPPHHHPHPPHHPHPHPPPP
641,PPPPHPHPPPHHHPHPPHHPPHPPPHPHPP
642,PPHPPHHPPHHPHHPPPPPHPHPHPPPHPP
643,PPPPPHPPHPHPPPPHPHPPPHPHPHHHPP
644,HPPPPPPPPPHPHPHPPPPHPPPHHHPHHH
645,PPHPPPPHPPPHHHPHPPHPPPPPHHHPPH
646,HPHPPHPPPHPHPHPHHPPPPPHPHPPHHP
647,PPPPPHPPPPPPPPPHHHHHPHHPPHPHHH
648,PHPHHHPHPHPHHPPPPHPPPHPPPHPPPH
649,PHPPHHPHPPPPHPHPPHPPHPPPHPPHHP
650,HPHHPPHHPPPPPHHPPHPPPHHHPHPPPP
651,PPPPPPHPPHPHPPHPPHPHPPHPHPPHHP
652,HHHPPHHPPPPPPHHPHHPHPPPPHPPPHP
653,HPPPHHHPPPHPPHPHPPHHPHPHPPHPPP
654,PPPPHPHPPHHPPHHPPHPHPPPPPHHPHH
655,PPHPHHPHHHHPPPPPPPPPPPHPHPHPPP
656,HPHHPPPHPPPPPPPPHHPPPHHHPPPHHP
657,HHPPPHHHHHPHPHPPPPPHPPPPPPHPPH
658,PPPPHPPPHPHPHHPPPPHHPHHPPPPHHH
659,HPPPPPPPHHHPHHHPPPPPHHHHPPPPPP
660,PPPPPHPPPPHHPHHPPPHPHHPHHPHPHP
661,PHPPPPPPPPHPPHHHHPHPPPPPHHHPHH
662,PPPPHPHPHHPPPHPHHHPPPPHPHPPPHH
663,PPHPHPHPPPPPHHPPPPHHPHPPPPHPHP
664,PPHPPHPPHPHHPPPPPPPHPHPHHPPHPP
665,HPHPPPHPPPHHHPPPPPPPHPPHPPPHHP
666,HPHPPPPPHPHPHHHHPPPPPHHPPPPPPH
667,PPPHHPHHPPHPPHPHPPPPPHHHHPPPPH
668,PPHPPPHPPPPHHPPPHHHPPHPPHPHHPH
669,HPPHPHPHPPPPHHPPHPPPHPHHPPPPHH
670,PPPPHPHPPPHHPHHPPPPHPPPPPPHHHH
671,PPPPHPPHHHHHPPPHHPHPHPPPHPPPPH
672,PHPPHHHPHHHPPPPHHPPHPPHPPPPPPP
673,PHPHPPHPPPPHPPHPPHHPHHPHPPPPHH
674,PHPHHHHPPPPPPPPPPPPHPPHHPPPHHP
675,PHPPHPHPPPPPHPHHPPHPHPPHPPHHPP
676,PHPHHPPPPHPPPPHPHPPPPPPPPHHHPH
677,PHPPPHPHHPHPPPPPHPPPPPHPPHHPHP
678,HHPPPPHPHHPHHPPPHPPPPPPPHHPPHH
679,HPPPHHHPHHHPHPHPPHPPPPPPPPPPPP
680,PHHHPPPPPHPPHHPPHPPHPPPPHHPPHP
681,PPHHHPPHPPPPPPHPPPHHPHHPPPPHHP
682,PHPPHPPPHHPHPHHPHPHPPHPPHHPPPP
683,PHHHPPHPPPHPPPPPPPPPHPHHHPHPPP
684,PHHHHHPPPPHHPPPPPPPHPPHPPPHPPP
685,HPPPPPHHPPPHPHPHPPHPPPHHPHHPPH
686,PHPPPHPPPPPHPPHPPHHPPHHHHPPPHH
687,HHHPHHPPHPPPPPHPPPHPPPHHPPPPPP
688,PPHPPHPPPPHPHPPPHPHHHPPPHPHPPH
689,PPHHHHPPPHPPPPHPHHPHHHPPPPHPPP
690,PHPPPPHPPHPHPPPHPHHHHPPPPPHHPH
691,PPHPHPPPPPPHPPHPHHHPHPHHPPHPHP
692,HPHHHPPPPPPHPHPHHPHHHPHPPPPPPP
693,PPPHPPHPPPPHHHPPPHPPPHPHHPPHPP
694,PPHHHPHPHPPPHPPPHPHPPPPHPHHPHP
695,HPPPPHPPHHPPHHPPPHPHPPHPHPPHPH
696,PPPHPHHPHPPPPHPHPPHPPPPPPPHPHH
697,HPHPHPHHPPPPPPPPPHPHPHPHPPPPHH
698,HPPHPHHPPHPPPPHPPHPHHPPHPPPPPP
699,PHHPPHPPPPHPHHPPPHHPPHHPPPHPHP
700,PPHHPPPPHPHPHHPPPHPPPPPHPPHHHP
701,PPPPHPHPPHHPPPPHHPPPHHPHPPHPPP
702,HPHPPPHPPHPPHPPHHPHPPPHHPPHPPH
703,HHPPPPPHHPPPHPPPHPPHPHHHPPPPHH
704,PPHHPPPHHHHPPPPPPPHPPPHPPPHHHP
705,HPPPHPPHHHPPHHPPPPPPPPPPHPHHHH
706,PHHHHHPPHHHPPPPPHPHPPPPPPPPPPP
707,PHPHHHPHPPHHPPPHPPHPHPPHPPPPPP
708,PHPPPPPHHPPPPHHHHPHPPPPPPHPHPH
709,PPPHHPHPHPHPHPPPHHPHPHPPPHPHPP
710,HPPPHHHPPPPHPPHPPPPHPPPHPHHPPP
711,HPHPHHPHHPHPPPHPPPPPPHPHPPPPHP
712,PPPPHPHPPHHHHHHPPHHPPHPHPPPPPP
713,PHPPHHPPPPPHHHPPHHHHPPPPPPPPHP
714,PHPPPPPHPHPPHHHPPPHPPHPPPHHPPH
715,HPHHPPHPHPPPPHPPPHPPHPHHPPPPPP
716,HPPPPPHHHHHPPHPPHPPPPHPHPPPPHP
717,HPPPPPHHHPHPPPPPHPHPPHPPPPPHHH
718,PHHPHPPHPHHPPPPPPPPHHHHPPPPPPH
719,PPHPPPHHHHPHPPHPPHPPPPPHPPHPPP
720,HPHHPHHPPPHPPHPPHPPPPHPPPHHHPP
721,HHPHPPPHPHHPHHPHPPPPPPPPPHPPPH
722,HPPPPPPPHHPPHPHPPPHHHHPHHHPPPP
723,PPHPPPPHPHPHHPPHPPHPPPHHPPPHPH
724,PPPHPHPPPPPHHHPHPPHHHPPPPPPPHH
725,PHHHPPPPPHHHHHHPPPHPPPPPPHPPPP
726,HHPPPHPPHPPPHPHHHHPPPPPPPPPHPP
727,HHPPHPPPPPPPHHPPPHHPHHHPPPPHPH
728,PHPPPPPHHPPPPHPHPPHHHPPHHPPHHP
729,HPPPPPHPPPHPPHPPHHHPPPHHPPPHPH
730,HHPPHPPHHPPPPPPPPPHHPHPPPPHHPP
731,PPHPHPHHPPHPPHHPHPPHPHPPPHPHPP
732,HHHPPPPPPPPHHPPHHPHPPPPHPHPHHP
733,PHPPHPPPHPPPPPPHPPPHHHHPPHPPHH
734,PHPHHHPPPPPPHHPHPHPPPPPHPHPHPP
735,PHPPHPPPPPPPHPPPPPHPPHHPHHHHPH
736,HHHPPPPPHPPHPPPHPPHHHPPHHHPPPP
737,PPPHHHHPHHPPPPHPPHPPPHHPPPPPPP
738,PPPPHHHPPHHHHPHHPPPPHPPPPPPHHP
739,PPHHPPPHHPHHPPHPPPPPPPPHPPHHHP
740,PHPHPPHPPHPPHPHPHPHPPPPPPHHHHP
741,HHHHPPPPPHHHHPPPPPPHPPPPPPPPHH
742,PPPPHPHPHPPPHPHHHHPPPPPHHPPHHP
743,HPHPHHPHPHPPPHPPHHPPPHPPPPPPHP
744,PPHPHHPHHHHPPPHPPPHHPPHPPPPPPP
745,PPPPPHPPPHPHHPPPPPPHPPHPHHPPHH
746,PPHPPPHPHPHPPPHHHHHPHPPHPHPPPP
747,PPHPPPHHPPPPHPHPHHPHPPPPHHPHPP
748,PHPPPPPPHHHPPPPPHHHPPHPPHPHPPH
749,PPHHPHHHPPHHHPPPPPPPPPHPHPHPHP
750,HPHHHHPHPHPPPHPPPPPPHPPPHPPPPP
751,PPHPHPPPPPHPPPHPPPHHHPHPPHPPPH
752,PPPPPPHHPPPPPPHPHPHHPHHPHPHPPH
753,PHPHPPHPHHPHPHHPPPPHPPPPPPHPHP
754,PHHHPPHHHPHPPHPPPPPPPPPPHPHPHH
755,PPPHHHPHPPPPPPPHHPPPHHHHHPPPPP
756,PPPPPHPHHPPPPPHHPPHPHHHPPHPHPH
757,PPPHPHHPPPHPHHPPHHHPPHPPPPPPPH
758,PPHPPPHPPPHHPPHPPHHHHPPPHHPPHP
759,PHPHPHPHHHHHPPPPPPPHPPHHPPPPPP
760,PPHPPPHHHPPHHPHPPHHPPPPPPPHPPP
761,PHPPPHHHPPHHHPPPPPPPHPHHHHPPPP
762,PPPPHPPPPPPPPHHPPHHHHPHPHHPPPP
763,HPPPPPPHPPPPPHHHPPHPHPPPHHPPHH
764,HHHPHPPPHHPHPPHPPHPHHPHPPPPPPP
765,PHPPPPHPHPHPPPPPPPPHHHHHPHPPHH
766,PPPHPPPPHPPHHHPPPHHPPHPHPHPPPP
767,PPHPHHPHPHPHPPHPPPHPHHPPPHPPPP
768,PHHPPPPHPPPHHPPHPPPHPPHHPHPPPH
769,PHPPPPPPHHHHPPHHPHHPPPPHPPPPPH
770,PHHHPPPHPHPPHHPPPHPPPPHPPPPHHP
771,PPHPPHHPPPPHPPPPPPPHHPHPPHHHPH
772,PHPPPPHPHHPHHPPPPPHPHPHPHPHPPH
773,PHHHPHHHPHPPHPPPPPPPPPPHPHPPHP
774,PPHHPHPPPHPPPHPPPHHPPHPPPPHPHP
775,PPPPPHPPPHPHPPHPPHHPPPPHHPPHHP
776,HHPPHPPPPPPHPPHPHPHPPPHPHPPPPH
777,PPPPPPHPHHHPHHPHPPPPHPPPPPPPHH
778,HPPHPHPPPPPPPHHPPHHPHPHPPHHPPH
779,PPPHPPHHPHHPHPHPHHPHPHPPPPPHPP
780,PPPHHPPHHPPPPPPPPHPHPHPPPHPHHH
781,PHHHPHHPPPPPPPHPPPHPPPPPHHHPHH
782,PPHPPHPHPPHHPPHPPHHHPPPPHPPHHP
783,PHHHPHHPPHPHPPHPHHPPHPPPPPPHPP
784,PPPPHPPHHPHPPHPHHPHPHPPHPPPPPH
785,PPHHPPPPHPPPHHHPPPPPPPHPPHHHPP
786,HPPPHHHPPHHPPPPPPPPPHHPPPHPHPP
787,PPHPPHPPHPPHHHHHHPHPPPHHPPPPPP
788,PPHHPHHPPPPPHHPPHPHPPPPPPPPHHH
789,HHPPHPPPHPPPPPHHPPPPHHPHPPPHPP
790,HPHPPPPHPPPPHPPHPPPPHPHHPPHPHP
791,PHPPPPHPPPPHHPHPHHHPPHHPPPPPHH
792,PHHPPHHHPPHPHPHPHHPPPPPPPPHHPP
793,PPPPHHPPPPPPHHHHPHPPPHHPPPPHPH
794,PPHPPPHPPPHPPHPHHPPPHPHPPHHPPH
795,PPHPPPHHPHHPPPPPPPPHPPPPHPHHHH
796,PHPHPHPPHPPPHPHHPPPHPHPPHHHPPP
797,PPHPPPPPHHPPHPPPPHPHPHHHHHPPPP
798,PPPPPHHHPHPHPPPPPHHPHPPPHHPHHP
799,PHHHPHPPHPHHPPHHPPPPPHPHPPHPPP
800,PHHPPHPPPPPPPPPHPHPHHHPPPHHHHP
801,PHHPHPPPPPHPHHPPPPPPPHPPHPPHPH
802,PHPPHPPHHHHPPHPPPHPPPPPHPPPPHP
803,HPPPPPHHHHPPPPPPPHHPHHHPPHPPHP
804,PPPHPPHPHPHHHHHPPPPPPHPHPHPPPH
805,PPPPPPHPHPPHPPHHPHHPPHHPHHPPPP
806,PPPHHPPPHPHHPHPPPHPPPHPPHHPHPP
807,PPPHPPHPHPPHPHHPPPPPPPPHHPHHHH
808,PPPHPPPPPHHPPPPHPPHHPPHPPHHPHH
809,HHPPPPPHHPPHPPHHPPPHPPHPPPHPHP
810,PHPPPHHHPPPHPPHHPPPPPPPHHHPHPP
811,HPPPPPPPHPPHHPPPHPHHPPHHPPPPPH
812,PPPPHPPPHHPHHPHHPHPHPPPPHHHPPP
813,HHHHHHPPPPPHPHPPPPPPPPHHPPHPPP
814,PPPPPPPHHPHPHPHPHHPHPPHPHPHHPP
815,HPPHPPPPPPHPPHPHHPPPHHHPPPHPPP
816,PPHPHPPHHPHPPHPHPHHPPPHPPHHPPP
817,PPPPHHHHPHPPHPHPPPHPHPPPPHPPPH
818,PPHPPPHHPPPPHPPPHPHHHPPHHPPHPH
819,PHPPHPHHPPPPHPPPHHHPPHPHPPHHPP
820,PPHPHPPPHPPPPHPPHPPPPPHPPHPHHH
821,PPPPPHPPHHHPPPPHPPPHHPPPPHHPHP
822,PPHHPPHHPHPPPPHPPPHHPPPPHHPPHP
823,PPPHHPPPPPPPHHPPHHPHHPPPPPHHHH
824,PPPHPPPHPHHHHHPPPPPPPPHHHPHHPP
825,PPHPPHPPPHPPHHPHPPPHPHPPPPHHHH
826,PHPPHHPPPHPPPPPHPHHPHPPHPPHPPP
827,PHPPPPPPPHHPPPPPHHPPPHPHHHPHPH
828,HPHPPPHPPHPHPPPPHHHPHPHPPHPPPP
829,PHHHPPPPPHPPHPHPPHPPHPPPHPPHPP
830,PPPHPPPHHPHPHPPPHPPPHPPHHPPPHP
831,HPPHPPHHHPPHPPPPHPPPPHHPHPPPPP
832,HPPPHHPHPPHPHPHHPHPPPPHPHPPPPH
833,HPPPHPPPHPPPHPPHPHHPPHHHPPPPPP
834,HPPHPHPPPPPPPPHPHPHHHPHPPPPHPP
835,HPPHPPHHHPPHPPHHHPHPHHPPPPPPPP
836,HHHPHPPHPPPPPPPPHPPPHPHHPPPPPH
837,PHPPHPPPPPPHPPHPPHHHPHPPHHPHHP
838,PHPPHPHPPPPPPHPPPPHPPHHHPPHHPH
839,PHPHPPPPPHPHPPHPHHPPPPPPHHHHHP
840,PPPHPPPHHHHPHHHPHPPPPHHPPPHPPP
841,PHPPPHPPPPPHHHPPPHPHHHPPHPPPHH
842,PPPPHPPHPPHHPHPHHPHHHPPHPPPPPP
843,HPPHPPHHPHPPHPPPPHPPPHPHPPPPHP
844,HHPPPPPHPPPPHHHHPHPHPPPPPPHHPP
845,HPPHPPHHPPPHHHPPPHPHPHPHPPPPHP
846,HPHHHPPPPHPHHPPHHPHPHPPPPPPPPP
847,HPHPPPHPPPPPHHPPHPHPHPPPPHPPPH
848,PPPPHPHPHPPHPHPPPPHPHPPHHHPPPP
849,PHPHPHPPHPHPPHPPPHHHPHPPPPHHPP
850,PHPPHPPHPPPHPPHHPPPHHPHHPPPPPP
851,PHPPHPPHPPHPHPPPPPHPHPPPPHPPHH
852,HPPHPPHHPHPHHPPPPHHHHPPPPPPPPP
853,HPHPHPHPPPPPHPPPPHPHPPHPPHPPHP
854,PHHPPPHHHPPPHPHPPPPPPPPHPPPHPH
855,PPPHPPPHPHPPPPHPPPHPHHHPHPHPHP
856,HPPHPHHPPPPPHPPHPPHPHPPHPHHPHP
857,PHHHHHPPPHHPPPPPHPPPPHHHPPPHPP
858,PHPPHPPPHPHHHPPPHPPPHHPPHPHPHP
859,HPPHPHPHHHPHHHHPHPPPPPPPPHPPPP
860,HPPPPPPHPPHHPPHHPHPPPHHPPPHHPP
861,HPPPPPPPPHPHHHHPPPHPPPPHPPHHPH
862,PPHPHHPHPPPPPPPPPPPHHPPPHHHPHP
863,PHHPPPPPHPPHHPPHHPHPPPPPPHPHPP
864,PHHHHPPPPPHPHPPHPPHPPHPPHHPPPH
865,PPHPPHPPHHPHPPPPHHPHPPHPHPHPPP
866,PPPHPHHHPPPPPPPPHHPHPPPHHHPPPP
867,HPPHPPPHHPPHPPHHPPHPPPPPPHHHPH
868,HPHPPPPHPPHPPHPHPHHPPHPHHPPPPP
869,PHPHPHPHPPHHPPPPPHHPPPHPPPPPPH
870,PPHPHPPPPPHHPPPHHPPPHPHHPPHPHP
871,PPHHPPHPHPPPPHPPPPHPHHPHPHPPHP
872,PPPPPPHPPPPPHPHHHPPPHPPPHHHHHP
873,PHPPPPHHPPHPPHHHPHHPHPPPPPPPPH
874,PHPPHHHHPPPPPPPHHPPPPPHPHPHPPP
875,PPPPPHPPPPHHHPPPHHPHHPPHHPPPPP
876,PPPPPPPPPPPPPHHHHHHHPPPPHPPPHH
877,PHPPPPPPPPHPPHHHHPHPPHHPPPPHPP
878,PPHPHHPPHPHHPPPPHHPPHPPHPPHPPH
879,PHPPPHHHHPPHPHPPPPPHPPPPPPHPHP
880,PPHPHPHHPHPPHPHHHPPPPPHHPPPHPP
881,HPPPHPPHPPHPPPHHPPHPHHHPPPPPPH
882,HPHPPPHHPHHPPHHPPPPPHPPPHPPHPP
883,PPPPPHHPHHPPPPPPHHPHHPPHHHPPHP
884,PPHHHPPPPPHPPPPPPPPHPHHHPPHPPH
885,PPPPHPPHPHPHPPPPHHPHHPPHPPPHHP
886,PPPHPPHPPHPHHHPHPHPPPPHHPHPPPP
887,PPPHPPPPHPPHHHHPPPHPHPPHPPPHHP
888,PHHPPPHPPPHHHPHHPPPPPHPPPHHPPP
889,HHHPPHHHPPPPPHPPHHPPPPPPPPHHPP
890,PHHPHPPPPPPPPPPPHHPHPHPHHPPPHP
891,PHHPHPPPPHHPPHPPPHHHPHPPHHPPPP
892,PHPPPPPPPPHHPHPPPPHHHHHHPHPHPP
893,PHHHPPPPHPPHPPPPPPHPPPPPPHPHHH
894,PHPPPHPPHPHHPPHPHPHPPHPPPHPHPH
895,PHHPPHPPPPHPPPPHHPHHHPPPPPHPHH
896,PPPHPHPPPHPHPHHHPPPPHPHPPPHPPP
897,PPHPHHPPPHPHPHPPHPPHHHPPPHPPHP
898,PPPPPPHPHPPHHPPPHHHPHPPPHPPPPH
899,PPHPHPPPPHPHPPPHPHPPHHPHPHHPPP
900,PPPHHPHPPHHPHPPHPHPHHPPPPPPPPH
901,PPHHHPHHPPPHHHPPHHPPPPPPPHHPPP
902,PHPPPHHHPPPPPPPPPPPPHPHPHPHHHH
903,PPHPHPHPPPPHHHHPPHPPPPPHHPPPHP
904,HPPPPPHPHHPHHPPHPPHHPPPHHPHPPP
905,PPPHPPPHPHPHPPPHPHPHPPHHHHPPPH
906,HHPHPPPPHHHPPPPPPPPPHHPHPHPPPH
907,PPPPHPPHPPHPPPHPPHPHHPHHPPHHPP
908,HPPHPPPPPPPHPPHHHPPHPPPHHPHHPP
909,HPHPHPPPPPPPHPHHHPPHHPHHHPPPPP
910,PHHHPPPPPPHHPPHPPHPPPHHHPPPHPH
911,HPHPPPPPPPHPPHPPHHPPPHHPHPPPHP
912,PPPPHHPPPHPHPHHPPPPPHHPPPHPHHP
913,PPHHPHPPPPHPHPHHPPPPPHPPPPPPHH
914,HPPHHHHPPPPPPPPHHPHPPPHPPHPHPH
915,PPPPPPPHHHPPPPPHPHHPHHPPHHPPPP
916,PPPPPPHPPHPPPPHHHPPHHPPHHHPPHH
917,PPPHHPPHPPHPHPPHPPHPPHPHHPPPPP
918,PPPHPPPHHPPPHHPHPPHPHPPPPHHPPH
919,HHPPPPPPHHHPPHHPPPPPHPHPHHPPPP
920,PPPHPHPPPHHPHHPHPHHPPPPHPHPHPP
921,PPPPPPPPHHPPPPHHHHHPPHPPPHHHHP
922,HPPPHPHPPPPHHPHHPPPPPPPPHPHPHH
923,HHHPPPPHPHHPPHPPHHPPPPPHPHPPPH
924,PHPPHPHPPPPHPHPPHPPHHHPPPPHPHP
925,HPPPHPPPPHPPPPPHHPHPPHHHHPPPHP
926,PPHPPHPHPHHHHPHPPPPHPPPHHPPPPP
927,PPPPHPPHHPPPHPHPHPPHPHPPPPHPHP
928,PPPHHPPHPPPHPPPPHHPPHPPPPPHHHH
929,PHHHPPPPPHHPPPPPPPHPPHHPHHPPPP
930,PHPPHPHHHPPHPHPPPPHHHPPPHPPHPP
931,PPPHHPPPHHHPHHHPPPPPPPHHHPPHPP
932,PHPHPHPHPHPPPPPPPPHPPHHPPPHHHP
933,PHPPPHPHPPPHPPPHPPHPHHPPPPHHHP
934,PHHHPHPPPPPPPPHHPPPPPPHHPPHHHH
935,PPPPHPPHPPPHPPPPPPHHPHPPHPHHPH
936,HPPHHPPHHPHPPPPPHPPHPPPPPHHPHP
937,PPPHPHHPPPPPPHHHHHHPHHHPPPPPPP
938,HPPPHPPPPPHHPPPPPPPHHPHHPHHPHP
939,PHHHPPPPPPHHPPPPPPHHPPPPHPHPHH
940,HPPPPPPPPPHHPPPHHHPPHHHHPPPPHH
941,HPPPPPHHHPPPPHPPHPHPPHPHPPPHHP
942,PPHPHPPPPPPHPPHPHHPHPHHHPHPPPP
943,PPHPPPHHHPPHPHPHPPPPPHPPPHHPPP
944,PPHHHPPPPPPHPPHPPPPHPPHHPHPHHH
945,PHPHPHHPHPPPHHPPPPPHPPHHPPPHPP
946,PPHPHPHHHPPHPPHHPHPHHPPPPPPPPH
947,PPHPHPHPHPHPPHPPPPHPHPPPPPHHPH
948,HHHPPPHPPPPHHHPPPPPPPPPPHPPHHP
949,HHPPPHHHHPHPPPPPHPPPHPPPHPPHPH
950,PHPHHHHPPPPPHPPHPHPPPPPHHPPPHP
951,HPPHPPPHPPPPHPPHPHHPPPHPHPPHPP
952,PPHPPHPPPPHPHHPHPHHHPPPPHPHHPP
953,HPPPHHPPPPHHPHHPPHPPPPPHPPHPHP
954,HHHPPHPPHPHPPPHPPPPHPHHPHPHPPP
955,PHPPHPPPPPHPHHPHPHHPPPPPPPPHHP
956,PHPHHPPPPPHHPPPPHPPHHHHPPPPPPH
957,HPHHPHHHHPPPPPHPPHPPPPPHPHPPPH
958,PHHHHPPPPPPPPHPPHPHPPPPHPPHHPH
959,PPPHPPHPHPPPHHPPPPPPHPHPPHPHPH
960,PHPHHPPHPPHPPPHPPHHHPHPHPPPPHP
961,PPHHPHHPHPPHHPHHPHHPPPHPPPPPPP
962,HHHHPPPHPPPPHHPPHPPPPPHPHPPPHP
963,PPPPHHPHPPPPHHPPPPHPPHHPHPPHPP
964,HPHHPPHPPHPHPHPPPPPPHHPPHPPHPH
965,PPHPPPPPPPHHPHHPHPPPHPPPPHHPHH
966,HPPPPPPPHPPHHHPPHPPPHHHPHHPPPP
967,PHHPPPHPPHPHHPPHPHPHPPHPPHHPPP
968,HHHPPHPPPHPPHHPHHPPPPPHPPPPHPP
969,PHPHHHPPHPPHPPHPHPPPPHHPPPPPPP
970,HPPPPPPPHPHHPPPHHPPPPHPPHHHPPP
971,PPPPHHPHPPHPHPHPPHHPPPPPHHHPPP
972,HPPHHPHPPPHHPPPHHPPHPHPPHPPPPH
973,HHHPPHHPHPPPPPPHPPPHPPPHHPPPPP
974,HPPPHHPPHPPPPPHHPPHPHPPHHHPPPH
975,PPPPHHHHPPHHHHPPPPPHHPHPPPPPPH
976,PPPPPPPHPPPHPHPPPPPHPPHPHHHPHH
977,HPPPHPPHPHPPPPPPHPPPPPPHPPHHHH
978,PPPPHPPHHHPHPHPPPHPPPPHPHPHPPH
979,PHPHPHPPHPHPPHPPPHPHPPHHPHPPPP
980,PPHHHPPHHHHHPHPPPPHPPPPPHHPPPP
981,PPPHPHPHPHHPPHPPPPHHPPPPPPHPHH
982,PHPPPPPPPHHPHPHPPPHPPHPPHHHHHP
983,HPPPPHPHPPPHPPHHPPHPPPHHHPPHHP
984,PPPHPPHPHHHHPPPPHPPHPPPHPPHPPP
985,HHHHPPPPPPHPHHPPHPHHPPPPHPHPPP
986,HHPPHPPHPPPHPHPHHPPHPPPPHPPPHH
987,PPHPPHPPHHPHPHPHHPPPPPHHPPHHPP
988,HPPPHPHPPHHPPPHHPPPPPPHPHPHPPH
989,PHPHHPHHPPPPPHPPPPPPPPPPHHPHHP
990,PHHPPPPHHPHPPHPPHPHPHHPPHPPPPP
991,PHPPPPPPHHPHPPHHPPHHPPPPHHHPPP
992,HPPHPHPPHPHPPPPHPPPHHPPPHPPHHP
993,PPHPHPPHPHPHPHHPPPPHPPPHPHPPPP
994,HPPPPPPPPHPPPPPHHHHHHPPPHPHPHP
995,HHPPPPPPHHHPPPPPHHPHPPPPHPPHPH
996,HPPHPPPPPPHHHPHHPPHPPHPPPPHHHP
997,HHHPPPPPPPPPHPPPHPPHHHHHPPPPHP
998,HHPPHHPPPHPPHPHHHHPHPHPPPPPPPP
999,HPPHPHPPPPHPPPHHHPPPPHPHHHPPHP
1000,PPPHHPPHPHHHPHPPHPPPPPHPPHHPPP
1001,HPPHHPHHPPPHPPPPPPPPPHPPPHHHHP
1002,PHPPPHHHPPPPHPHPHPPHPHPPHPPHPP
1003,HPPPHHPHPPPPPPPPPHHPHHHHPPPPPH
1004,PHHPPPHPPPPHHHPHHPPHPPPPPPPHHP
1005,HPHPPHPHPHPPHHHHPHPPPPPHPPPPPP
1006,HPPPPPHPHPPHPPPPPHHPHPHPHPPPHP
1007,HPPPHHPPPHPPPPHPPHHPPHHHPHPHPP
1008,PPPPHPPPPHHHHPHHHPPPPPPHPHHPPH
1009,HPPPPPPPPHPHPPPPHHPHHPPPHPPHPH
1010,HPPHHHPPHHPHHPPPPPPPPPPHPPPPPH
1011,HHPHHHPPHHPPPPPPPPHPPPHHPPPPHP
1012,HPPPPPPPHPHHHPPPPPHHPPPHPPPHPH
1013,HPHHHHPPPPPPPPHHPPHPPPHPHHPPPH
1014,PHHPHPPPPHPPPHPPPHPPPHHPHHPHHP
1015,PPHPPPHPHHPPPHHPHPPHPPPPHPPHPH
1016,PPHHHHHPPHHPPPPPPPPPPPPPHPHPPH
1017,PHHPPHPPPHHHHPPPPPPPHPPPPHPHPP
1018,PHHPPPHHPHHPHPPPPHPPPPPPHPHPPH
1019,PPHPHHHHHPPPHPPHHPPPPHPPPPPPPH
1020,PPPHPPPPPHHHPPPPHPPHHPPHHPPPPH
1021,PPHPHHHPPHPPHPPHPPHPPPHHPPHPPP
1022,PHPPPPHPPHHPHPHPHPPHHHHPPPPPPP
1023,HPHPHPPPPPPHPPPHHHPPHPHPHPPPHP
1024,PHHPPHHPPPHPPPHHPPPHPHHHPPPPPP
1025,PHPHPPHPHPHPHPPHHPPPPPHHHPPPHP
1026,HPPHHPPPHPPHHPPPHHPPPPPPPPPPHH
1027,PPHPPPPHHHPPPPPPHHPHHPHHPPPPHH
1028,HPHPHPPHHHPHPPPPPPPHHPPPHPPPHP
1029,HPHPPPPPPHPPPPPPHHPHHPPPPHHHHP
1030,HHHHPHHHPHPHPPPPPPPPHHPPPPPPPP
1031,PHHPPPHPPPPPHPHHPHPHHPPPPPHPPP
1032,PHPPPPHPPPPHHPHHHPHPHPPPHPPPPP
1033,PHPPPPHHPPHPHPPHPPHPHPHPPHHPHP
1034,PPPHPPHHPPPPHHPHPPHHPPHHPHPPPP
1035,HPHHPPPHPPPPPHHHHPPPPPHPPPPHPH
1036,PPPHHHHHHPPHPPPHPPHPHPPPPPPHPP
1037,PPPPPHHPPHHPPPHPHHHPPPPPHHPHPP
1038,PHHPHPPPHPPPHPHPPPHHPPPHHPHPPH
1039,PHHPPHPHPPHPPHPHPPPHPHPPPPPHPP
1040,PPHHPHPPPPPHHHPPPHPPPHPHHPHPPP
1041,PPPPPPHHPPHHPHHHPHPPPPPPHHHPPP
1042,PHPHPHPPPPPPHPPPHHPPPHPPHHPPPH
1043,PPPPPHPPPPPPPHHPHPHPHPHHHPPHPP
1044,PPPHPHHPPPHHHPPPHPPHPHPPHPHPPH
1045,PPPPPPHHPPHHPPPPHPHHPPPPHPPHPH
1046,HPPHPPPPPPPHHPHPPPHPPPHPPPHHHH
1047,HPHPHPHHPPPPPPHPPPHPHPPPPPHPPH
1048,HPPHPPPPPPHPHPHHPHPHHPPHPPPPHP
1049,PHHHPPHPHPHPHHPHPPPPPPHPHHPPPP
1050,HHPHPPPPPPHHPPHPPPHPPHPPPPHHHP
1051,HPPHHPPPPHHPPHHHHPPPPHPPPHPPPP
1052,PPHPHHPPPHPHPPHHPPPPPHPPPHPHPH
1053,HHHHPPHPPPHHPPHHPPPPPHPPPPPHPP
1054,PPPHPPPPPPPPHHHPHHPHHPHPHPPHPH
1055,PHHHPHPPPPHHPHPHPPPPPHPPHHPPHP
1056,PPHHHPPPPPPHPPHHHPHPHPHPPPPPPP
1057,HPPPPHHPPHPPPPPPHHPPHHHPHHPHPP
1058,PHHPPHHHPHHPHPPHPPPPPPHPPPPPHP
1059,PPHHPHHHHPPPPPPPHHPPPPPHPPPPPH
1060,HPPPPPHHPPHPPPPHHPHPPPHHHHPPHP
1061,PPHPHPHPPPHPPHHPHHPPPPPPHPPHPP
1062,PPPPHPHPPHHHPHPHHPHPPPPHHPPHPP
1063,HPHPHPPPHPPPPPHPHPPHHPPPPPPHHP
1064,HPPPPPPPPHHHHPPHHPHPHPPPHPHHPP
1065,PPHHPPHHPHPPPHPHHPPPHPPPPPHHPH
1066,PHHHPPPHHPPHPPPPPPPPHHPHPPHPHP
1067,PPPHPPPPHPHHPHPPPHPHPHPHPPPHPP
1068,PHPPPPHHPPPHHPPPPPHPHHPPHPHPPP
1069,HPPPHPHPPHPHPPPPHPPPHHPPPPHPPH
1070,HHPPPPHHHPHPHPPPHPPPPPHPHHPPPP
1071,PHHPHHHPHPPPHHPPPPPPPHPPHPPHPP
1072,PHPPPPHHPPHPHHPHPPPHPHPPHPHPPH
1073,PPPPPHPPPPHPHPHHPHPPPPHPPPHPHH
1074,PPHPPHPHPHPHPHHPPHPHPPPPPPHPHP
1075,PHPPHHPHHPPPHPPPPPHPHPHPPPPPHH
1076,PPHPHPHPPPHPHPHPPHPPPHPPHPHPHH
1077,PHPHHPPPPPPHPPPHHHPPPPPHPHPHHH
1078,PHPHPPPPPPPPPHPHHPPHHPHPPPHHHH
1079,PHPPPPPHHHPHPPPPHHPPHHHPPPPPHH
1080,PHHHPHPPPHPHPPPPHHPPHPHPPHPPPP
1081,PHPHHPHPPPHHHPPPPPPPPPPHHPHHPP
1082,PPPHHHHPPHHHPHHHPPPPPHPPPHPPPP
1083,HPPPHHPPHPPPPHHHHHHPPPPPHPPPPH
1084,HHPPPPPHPPHHPHPPHHHHPPHPPPPPPH
1085,PHPHHPPHHHPHPPPPPPPPHHPPPPHPPP
1086,HPHPPPHPHPPHPPPHHHPPPHPHPPPHPP
1087,HPHHPPPPPHHPPPPHPHPPHHPPPHHHPP
1088,PHPPHPHPPHPPPHPHPPPPPHPHHHPPPH
1089,HHPPPPPPHHHPPPPHPHPPPPPHHPHHPP
1090,PPPHHPPPPHHPHPPPHHPHHPPPPHHPPH
1091,PHPPHPHPPPHPPPHPHHPPPHHHPPPPPP
1092,PHHPPHPHPPPPPHHHPPPHHPPHPPPPPH
1093,PPPPHHPPPHPPHPPPPPHPPHHPPHPHHP
1094,HHPPPPHPPPPHPPPPPPHPHPPHHPPHHP
1095,PHPPPHPHHPHHHPHPPHPHPHPPPPPHPP
1096,PPHHHPPHPPHPPPPPHPHPHPPHPHHPHP
1097,PHPPHPHHPHHPPPPPPPPHPHHPPHPHPP
1098,PPPPHPPPPPPPPPPHHPPHHPHPHHHHHP
1099,HPPPHHPPPPPPPHPPPHPPHPHHPHHPHP
1100,PPPHHPPHHPHHPHHPPPHHPPPPHHPPPP
1101,PPPHHHPPHPPPPHPPPPPPHHHPPPHPHH
1102,PHPHPPPPPPPHPPPHPHHHPPHPHPPHPH
1103,HPPPPPPPHPHPPPHPPHHPHPHPHPPHPH
1104,PHPHPHPHPHPPHHPPPPPHPHPHPPPPPP
1105,PPHHHPPHPPPPHPHPPPPHPPPPPHHPHP
1106,PHPHPHHPHPPPHHPHPHPHPPPHPPPPHP
1107,PHHPPHPPHPPPHHPPPPHPPHPPPPPHHH
1108,HPPPPHPHHPHPHPPPPHPHPHPPHHPPPP
1109,HHHHPPPHHPPPPPPPPHPPPPPHPHPPHH
1110,PPPPPPPHPPHHHPPHHPPHHHPPPHHPHP
1111,PHHPPPHHPPPHHPPPPHPHPHHHPPPHPP
1112,PPPPPPHPPHHPPPPHPPHHPPPHPHHHPP
1113,PPPHPPPHHHHPPHHPPPHPHPPHPPHHPP
1114,PHHHHPPHPPPHPHPPHHPPPPPPPPHPHP
1115,HPPHHPPPPHPHHPPPPPHPPPHPHHPPPP
1116,HPHHPPHPPPHPPPPPPPPPHPHHPHPHPP
1117,PHHHHPPHPPHPPPPPPPHPHPHPPHHPPP
1118,HPHPHPPHPHPPPHPPPHPPPPHPHPHPPP
1119,HPHPPHPPPPPHHHPHPPPPPPHHPHPHPP
1120,PHPHPPHPHPPHPHPPHPPHHPPPHPPPHH
1121,PPPHPPPPPPHHPHPHPHPHHPHPHHPHPP
1122,PPPHHHPPHHPHPHPPPHPHPHPPHHPPPP
1123,PPHHPPPPHPPPPPHHPPPHHPHPHPHPPP
1124,PPPPPHHPPHPPPHHPHPPPPHPPHHHPPP
1125,HPHHHPPPPHHPHPPHPHHPPPPPHPPPPH
1126,HPPPPHHHPPHHPHHPPPPPPHHPPHPPHP
1127,PHHHPHPPPPPPPPHHPPHPPHPHPPHHPH
1128,HPPPPHPPPPPHPPHHHPPPHHPHHHPHPP
1129,PHPPHPPPPPPPPPHPPHPPPHHHHPPHHP
1130,PPPPPPHHPHPPHPPPHHHHPPPHHPPHPH
1131,HPPPHPPPHHPHHHPHHPPHPPPHHPPPPP
1132,PHHPPPPHPPHPPPPHHHPPPPPHPHPHHP
1133,PHHPPPPPPPPPPPHPPPHHHHPHHPPPPH
1134,PPPHPPPHPPHPPPPPHHPHPHPPHPPHHP
1135,HPHPPHPPPHPPPPPPPHHHPHPPPPHHPP
1136,PPHHPHPHPPHPPPPPPPHHPHPPHPPPPH
1137,HHPHPPPPPPPPHPPPHHPPHHPHPHPPPP
1138,PPPPPPPHPHPPPPPPHHPHPHHHHPPHPP
1139,PPHHPHPPPHPPPHHHHPPHHPPPPPPPPH
1140,PPHPPHPHHHHPPPHPPPPPHPPPPHPPHP
1141,HHPHPPPPPPHPPPPPHPPPHPHPPHHHPP
1142,HHHPPPHHPPPPPPPHPHPPPHPHHPPHPH
1143,HHHHPHPPPHPPPPHHPHPPPHHPPPPHPP
1144,HHHHPPHPPHPPHPHPHPPPPHHPPPPPPP
1145,PPHPPHPPPHHPPHHPPHPPHPPPPHPPPH
1146,PPPHHPPPHHHHPPPPPHHHPPPHHPPPPP
1147,HHPHPHPHHPHPPPHPPHPPPPPHHPHPPP
1148,HHPHPPPPHHHPPPPHHPPPPHPPHPPPPP
1149,HPPHPPPHPHHPPPHHPHPHPPPPPPPPPH
1150,HPHHPPPPPHPHPPHPHPPPHPHPPPPPPH
1151,PHPPPHHPPPPPPHPPHPPPHHHHPHPPHP
1152,HPHPHPHHPHPHPPPHPPHPPHHPPPPHPP
1153,PPPPHHPHPPPHHPPHPHPPPHHPPPPHPP
1154,PPPHHPPPHHHHPHPPHPPPPPHPPPPPPH
1155,PPPPHHPHPHHPHHPPPHPPPPPPPPHPHP
1156,HPHPPHPHHPHPHPPPPPPHPHPPHPPPPP
1157,HPHPPHPPPPHHPHPPPHPHHHPPPPPPHH
1158,PPPHPPHHPPPPHPPHHPPPPHPHPHHHHP
1159,PPHHPPPPHPPHHPHHHPHPHHPPPPPPPP
1160,PPPPPHHPPPHPPPPHPPPPPHHHPHHHPH
1161,PPPHPHHPPPHPPPPHHPHPPHPPHPPHPP
1162,HPPHPHPHPPPPPPPHPHPPPPHHPHHPPH
1163,PHPPHPPPHPPPHHPPHPHPPPPPHHPHPH
1164,HPPHPPHHHPPPPPPPPHHPPPPHPPPHHH
1165,PPHPPPPHHPHPHHHPHPPPHHPPPHPPPP
1166,HPHPPHPPHHHHPHPHPPPPPHPPPPPPHP
1167,PHHPPHPPPPHPHPPHPPHPPPPHPPHPHP
1168,HPPPPPHPPHPHPPPPPHHPPHHHPPPPHH
1169,PHHPHPPPHPPPPHPPPHPHPPPHHHPPPP
1170,PPHPPPHPPPHPPPPPHPPHHHHHPHPPHP
1171,PHPHPHHHPPPPPPPHHPPPHHHPPPPPHP
1172,PPPPHPPPPPPPPPPHHPHHHPPHPHHHPP
1173,HPPPHPPHHPHPPPHPPHPPPPHPPPPHHP
1174,PPPHPPPPPPHHPHPPPHPPHHHPHPHPPP
1175,PPHPHPHHHHPPPPPHPHPHHHPHPPPPPP
1176,PPPPHHPPPPHHPPPHHPPHPPHPPPPPHH
1177,PPPPHHPPHHHPHPPPPHPHHPPPPHPHPP
1178,HPHPPHPHPPHHHPPPPHHPPPHPPPPHPP
1179,HPHPPHPPHHPHHHPPPPPPPPPPPHPPHP
1180,PPPPPHPPHPPPPHPPHHHHHHPHPHPHPP
1181,PPHHPPPPPPPHPPHHHPHHPPHPPHHPPP
1182,PPPHHHPPPHHHPPPPPPHHPPPPHPHPPH
1183,PPPHPHPPHPPPPPHHHHPPHPHHPPPPHH
1184,HPHPPPPHPPPPPHPPPPPPHPPPHHPHHH
1185,HPHPPPHPPPHHHPHPHPHPHPPPPPPPPP
1186,PPPPPHHHPPPPHPHPPPPHHHPPPHPHPP
1187,HPHHPHPHHPPPPPHPHPPHPPPPPPPHPP
1188,HHPPPHPHPHPHPPHPHPPPPPPPHPPPHH
1189,PPHHPPPPHHHHPHPPPPPHPPPPHPPPHP
