id,sequence
0,PHHPHHPPHPPHHPPHHPPPPPPHHPHHHH
1,PHPHHHPPHHHPPPPHHPPHHPHPHPPPPH
2,PPHPHHPPPHHHPPPPPPPHHHPHPPHPHH
3,PHPHPHPPHPHPPPPPPHHPHHPHHPPPHH
4,HPHHPPHPPPHPHHPHPPPPHPPPHPHPHH
5,HPPPHPPPPPHPPHHPHPPHHHPHPHHHPH
6,HPHPHPPHHPHHPPHHPHPPPHHPHPHPHP
7,PHHPHPPPPHHHHPPPPPHPHPPHPPHHPH
8,PPHPHPHPHPHPPHPHPPHHHPHHPHPHHP
9,PHPPPHPHPHPHHPHPPPHPHHHPPHPPHH
10,HPHPHPHPPHHPHHHPPPPHPHHPPPPPPH
11,HHHHHHPPPPPPHPHPHHHHHPPPPPPPPP
12,PPPHPPPHPPPHHHHPHPPHHHPHHHPHPH
13,HPPPHHHPPHPPHHPHPHHHHPHPPPPHPH
14,HHHPHPPPHPPPPHHHPHPPPHHHHPHPPH
15,PPHPPPHPHHHPPHHPPHPPHPPHPPHPHH
16,HHHHPPHHPPHPHHHHPHPHPPPPPHHPPP
17,PPHPHHPPHPPPHPHHHPPPPHHHHHPHPH
18,HPPPHPPPPHPPPHHHHPPPHHPHPHHHHH
19,HHPHHPHPHPHPPPPPHPHHPHHPPHPPHP
20,PHHPHPHPHHHHHPHPPPPHPHPPHPHPPH
21,PPPHHHHPPPHHHHHPHPHPHPPPHHPPHP
22,HHPPHPHPPPPHPHHPPHPHHPHPHPPHPH
23,PHHPHPHHPPPHHPPPPPPHPHPPHHHPPH
24,HPPPHHPHPHPHPHPPHHHPHPPPPPPPHH
25,PPHPHHPPHHHHPHHPPHPPHPPPPPHHHH
26,PPPPHHHHPHHPPPPHHPHHPHPPHPPPHP
27,HPHHPPPPPPHHPPPPPHHHHHHHPPHHPP
28,HHHPPPPHPHPPPHHPHHPPPPPHPPHHHP
29,HPPHHPHPPHHPPPHHHHHPHHHPPPHPPP
30,PPHHPHPHHPHPHHHPPPHHPPPHPHPPPH
31,HHHPHHHPHPPHPHPHHPHHPPPPPHPPHP
32,PHPHPPPPHHHHHPHHPPPPHPPHHPPHHH
33,HPPHPHHHPPPHPPHHPHHHPPHHPHPPPP
34,PHHHHPPHHPPHPPHHPPHHPPPPPPHHHH
35,PHPHHPPPPPHHPPPPPHHHHPPHPHHHHH
36,HHHPHPHPPPHHHHPPPPHPPPPHHHHPHP
37,HPHPPPPHPHHPPHPHHHPPPHPHPPPPHH
38,PHHPHHPPPPHPHPPHPHPHPPPHPPHHHH
39,PPPHHPPHPPHHPHHHHHPPPHHHPPPPHP
40,PHPPHHHHPPHPHPPPPHHHPPPHPHHPPP
41,HPPHHPHHPHPHHPPPPHHHHPPPPPPHHP
42,PPHHPHHHPPPPHPPPPPHPHHPHPHHHPP
43,HPHPPPPHHPHPPHHHHPPHHPHPHPPHPP
44,HPPHHHPHHPPHPPPHPPPHHPHHPPPHHP
45,HPHHHPPHPHPPPHPPHPHHPHPPPPPHPH
46,HHHPHPHPPPPPHHHPHHPPHPHPHHPPPH
47,HPHPPHPPPPPHHPPPHHHHPPPPPHHHPH
48,HPHPHPHPPHPPHPPPHHPHHPHPHHPPPH
49,PPPPHHPPPHPHHPPPPHHPHHPHHPHPPH
50,PPHHHHHPHPPPHHPPHHPHPHHPPHPPHP
51,HHHHPPPPPHPHPPPPPPHPHHPHHPHHHH
52,HPHPHPPPHPPPHHPPPHHHPPPHHPPPHH
53,PPPHPHPHHPHPPHHPHPHHHPPHHPHPPP
54,PHHHHPHHPPHPHPHPHPHPPHHHPPHPPP
55,PPHHPHPHHHPPHPHPHPPPPPHPHHPPHH
56,PHHHPPHHHHHPPPPPPPPHHPHPPHHHPH
57,HPHPHHPHHPPPHPPHPPHPHPHPPHHHHP
58,HPPPHPHPHPHPHPPHPHHHPHHPPPPPHP
59,PHPPHPHPPHPHPHPPHPHHPPPPHHHPHH
60,HPPHHPHHPHPPHPPPPHHPPHPPHHHHPH
61,PHPPPPHPHHHPHHPPPPPHHPHHHHPHHP
62,PHHHHPPPPHHHPPHHPHHPHPPPPPHPPH
63,HPPPPPHHPHPPPPHHHPHHHPPPPPHHPH
64,HHHHHPPPPHPPPHPHPPHHHPPPPPHPHH
65,PHPHHPHPPHHPPHHPPPHPPPHHHHHPHP
66,PPHPPHHPPPHPHHHHPPPPPHHPPPPHHH
67,HPHPHPPPHPPHHHHHPPPPPHHPPHPHHP
68,PPHHHHPPPPHHHPPHHHHPHPHHPPPPPH
69,PHPHPPPHHHHHPHPPHHPHPHPHHPHPPP
70,PPHPPHPPHPHHHHHHPPHPPHPPPPHPHP
71,PHPPPHPHPPPHPPPHPHHPPHHHHHPHHH
72,HHPPPHHPHHHPPPHPHPPPPPPHHHHPPH
73,PPHHPPPPHPPPPHPPPHHHPPHHHPPHHH
74,PPHHPHHPPPHHPPPPHHPHHPHPPPHPHP
75,PHHPPHHPPPHHHPPPHPPPHHPHHPPHPH
76,HHPPPHHPPHPHPPPPHHPHHHPPHHPPPH
77,HHHPPHPHPHPHHHPPPPHHPHHHPPPPPP
78,PPHPHHHHHHPPHPHHHHPPPPPPHPPHPP
79,PPHHHHPHHHPPPPPPHHHPHPPPHPHPPH
80,PHHPPPPHPHHPPPPHPPPPPHPHHHHPHH
81,HHPPHPHPHPHHPPPPHPPPPHPPHPHHHP
82,PHHPHPPHPPHPHPHHPPPPHPPHHHHPHP
83,PHPPPPPHHHHPHPPHHHPHHPPPPPHHHH
84,HHPPPHHPHHPHPHPPPHPPHPPHHHHPHP
85,PHHHHPPHHPPHPPPHHHHPPPHPHHPHPP
86,PPPHHPPHPHHHPPHHHPPHPPHPHHHPPP
87,PHPPPHPHPHHPPPHPPHHHPHHHPHPPPP
88,PHPPHHPHPHHPHPPPPPHHHPHPPHPPHH
89,HPHPHHPPHHPHHPPHPHPHPPPHHPHHPP
90,HHHPHPPHHPPPHHHHPPPHPPPHPPPPHP
91,PHHHHPPPHPHPPHPHHPHHPPPPHHPPHH
92,HHHPPHHPHPHHPPPHPHPPPHPPPHHPHP
93,PPHPHPPPHHPPPHHHPPHHHPPHHHPPPP
94,PHPPHPPPPHHHPHPPHHHHHPPPPHHHHP
95,PPHHHPPHPHPPHPPHHHPPPPHHPPPHHP
96,HHPHHHHPPHPPHPPHHHPPPPPPHPPHPH
97,PPHHPHPPPHPPHHPPPHPHPPPPHHPHHH
98,HPHPPHHPPPPHPPHPPHHPHHPHPPHHHP
99,HHPPHPHHPHPPPHHPPPHHHPHPPHPHPH
100,HHHPHPPHPPHHHPPHPPHHHPHHPPPPPP
101,HPPPHPHHPHHHHPPPHHPPHPPPHHHHPP
102,HPHHHPHHPHPPPHHPPPPPPPHHPPHHPH
103,HPPHHPHHHPPHHPPPPPPPHHPPHHPHPP
104,PHPPPPPHPPHHHHHHHPHPPHHPPHPPPH
105,PHHPPPHPHHPPPPPPPPHHHPHPPHPHHH
106,HPHPHHHPHPPHHPPPHHHPPHPPPPHPHH
107,HHHHHPPPPHPPPPPPPHHHHPHPPPPPHH
108,HHHPHPPHPHPPPHPPPHPHPPPHHPPHPH
109,PHHPHHPPHPPHHPPHPHHHPPPHPHPPPP
110,PPHPPHPHPHPHHPPHPPPHHPHHHPHPPH
111,HHHHHPPHHHHHPPHHPPPPHPPPPHPPPH
112,PHHPHPHHPPHPPPHHPPPPHPHHPHPPHP
113,PPPHPPHHHPHHPPHHHPHHHPHHPPPPHP
114,HPPHPHPPPPHHPHHPPPHPHHPHPPHPHP
115,HPPHHPHHHPPHHPPHPPPPHHPHHPPPPH
116,PPHHHHHPPPHPPPPHPPPHHPHPHPHPPH
117,PPPHHPHPPHHHPPPHHPPHPHHPHHHPPP
118,PHHHHHPHHHHPPPPHPPPHPPPHPPPHPH
119,HPHPPHHPHPHHHHHPPHHPPPPPHPPHHP
120,PHHPPPHHHPPHHHHHPPPPPHHPPHPPPP
121,PHHPPHPPHPPPHHPHHHPHHPHHPPHPHP
122,HPHPPHPHPPPHPHHHHHPPHHPPHPHHPP
123,HPPPPHHPHPPHPHHHHHPHPPHPPHPPHH
124,PHPPPPHPPPPHPHHPHHHHPPHPPHPHHH
125,HHPPPPHHPPPHPHPPHPPHPHPHHPHHHH
126,HHPPHHHHPPPHPPPPPPPHHHHPPPPPHH
127,HPPPPPHPPHHHPPHPHPHPHHHPHPPPHH
128,HPPPPPPPPPHPPHHPHPHHPHHPHHHHHP
129,HPHPPHHPPPHPPPHPPHPHHPHHPHHHHP
130,PPHPPHHPHPPPPHHHPHPPHHPHHPPHHP
131,HPHPHPHHHPPPHPPPPHPHPHHHPPPHHH
132,HHPHPHHHHPPHPPPPPHPPPPHPHHHHPH
133,HPHHPPPPHHPPPPPPPPHHPHHHPPHHPH
134,PPHPPHPPPHPHHPHPPHHHPPPPHHPHPH
135,HHPPHPPHPHHPPPHPHPPHHPPHPHHHPP
136,PPHPPHPHPPHPPPHHPPHHHPHHPPPHHH
137,HHPHPHPPHPHHPPPPPHPPPPPPHHHHHP
138,HPHHPPPHHPPPPHPHPPHPPHHPHPHHPH
139,HPPPHPHPPHPHPPHHPPHHHHPPHHPHHP
140,HHPPPPHHHPPHPPHHPPHPPHHHPPPHHP
141,HHPHPPPPPPHHHPPPPPPPPHHHHPHHHH
142,HHPPHHPPPPHHHHPPPHPPHPHPHPHHPP
143,PHHPHHPPPPPPHHHPPHPPPHHPPHPHPH
144,PPPHPPHPPHHPPHPHHPHHHPPHHHPPHH
145,PPHHPPHPHHHPHPPHHPPHPHHHHPHPPP
146,HHPPHPPPPPHPHPHHHHPHPPHPPPPPHH
147,HHPPPPHPPPHHHHHPPPPHPPHHPHPHPP
148,PPHPHPPHPHHPHHPHPPPPPHPPHPHHPH
149,HPPPHHPPPHHPPPPPHPPHPHHPHPHHHH
150,PHPPPHHHPPHHHHPHHHHHPPPHPPPPPH
151,HHPPPHPPHHHPPHHPHPPPPPHHPPHHHP
152,HHHPPHPHPHHPPPHPPPHHPPPHPHPHHP
153,PHPPHPPHPPPPHHPPHHHPPPHPHHPHHP
154,PPHPHPHPHPHPHPPPPPHPHPHPHHHHPP
155,HPPHPHPHPPPHHPHPHPHHPHHPHPPPHH
156,PPHHPPHHPPPHPHHPHHPHHPPPPHHHPP
157,HHHPPPPPPPHHPPHPHHPPPHHHHHPPHH
158,PPPPHHHPPHHPPHHHPPPPPPHHPPHHHP
159,PPHHPHPPPHHHHPHPHHPPHHHHPPPHPP
160,PPPPHPHPHPHHHHPHPPHHHHPHHHPPPP
161,PHPHPPPPHPPPHHHHPHPHPPHPHPHHPP
162,PPPHPHPHHPPPHHPPHPPHHHHPHHPHPH
163,PPPHPPHHHPHHHHHHPPPPHPPPPHPPHP
164,HHPHHPHHHPHPHPPPHPPHHPPHPPHPPH
165,PPPHHPPHHHHHPHPPPPPPHHHPHHPHPH
166,HHHHPPPHHPPPHHHHPPPPPHHHPPHPPH
167,PPHPHHHPPPHHHPPHHPPPHHPPHHPHPP
168,PPPPHPHPHPPPHHHPHPHHPHPPHHHPPP
169,HHPPHHPPPHHPHPPPHPHHHPPPHPPHPH
170,HHPPPHPHHHHPHPPHPPPPPPHHPHHPPH
171,PPPPPHHHHHHPPHHPPHPPPHPHPPHHHH
172,PPHPPPHHHPPPPPPHHPHPHHPPHHPHHP
173,HPHHHPPPHPHHHHHHPPPPHHPPPHPPHP
174,PHHPHPPHPHPPPHPHHHHPPPPHHHPPPH
175,HHPHPPHPPHHHPPPPPHHHPHHPPPPHHP
176,PHHPPPHPPPPHHHHPPPHHHHPPHHPPHH
177,PPHPHPPPHHPPHPHPPHHHHPHHPPHHHP
178,PPPPHPPHPPHHPHPHHPPPHHPHHPHHPH
179,PHHPPPHPPHPPHHPPHPPPHHPHHHPHHH
180,HPPHPPHPPPPHHHPPHHPHPHPHPHHPHH
181,PHHHHPPPPHHPPHPPPPHPPPHHHHPHPP
182,HPHHPPHPHPPHHPPHPPPPHPPHPHHPHP
183,PHPHHPPHHHPPPPPHHHHHPPPPPPPPHH
184,HHHPHPPPHPHPPPHPHHPPHHPHPHPHHP
185,HPHPHHHHHHPPPPHPPPPPPPHPHHPPPH
186,HPPHPPPHHHHHPPPPHPHHHPPPHPHPHP
187,HPHHHPPHPPHPPHPPPHPHPHHHPHPHPH
188,PHHHPPHHHHPPPHHHPPHPPPHHPPPHHP
189,HPHHPPPPPHHPPPHHHPHHHHPPPHPPHP
190,HHHHHPHPPPHPPPHPPPHHPHPPHPPPPH
191,PHHHPPHPHPHPHPHHPPHPPHHPHPPPPH
192,PHPPPPPHPHHPHPHHHPHHHPPPHHPHPP
193,HPPHPHHPPHPPHHHHHHHPHPPPHPPHPP
194,HPPPHHPPHHHHPPPHPPHPPPHHPPPHHP
195,PPPPHPHPPHPPPHPHPHPHHPHHHHPPPH
196,PPPHPHPHPPPHHPHPHPHHHHHPHHPPPH
197,HHPHHPHPPPPHHPHHHPHPPHPHPHPPPP
198,PHPPHPHPPPPPHHPPHHPHHHHPHPPHPH
199,HHPPPHPPHPHPPPPHHHHHPHHPHPHHPP
200,PPHHHHHHPPHPHHPPPHHPHPPPHPHHPP
201,HPPPHPPHPPHPHHPHPPHPPHPHHHHHHP
202,PPPPHPHHHHHPPPHPPHPHPHHPHHPPPH
203,PHHPHPHHPHPPPPPHPHPPHPHPHHPPHP
204,PHPPPPHPPPHPHHHHHHPPPHPPHHPPHH
205,HHPPPPHPHPPPPPHHHPHPHPHPHPPHHH
206,HHPPPPHPPPHPHPHPPHHHHPPPHPHPHH
207,PHPHPPPHPPPHHHPPPPHHHPHPHPHHHH
208,HPPHHHHHHPHPPPHHPHPPPHHPPHHPPP
209,HHPPPPHPHHPHHPPPHHPPPHPHHHHPPH
210,PHHPPHPHHPHPPHPPPHPHHPHPPPPHPH
211,HPHPHPHHPHHPHHPPPPHPPPHPPPHHPH
212,HHHHHPHPPPPHPPHPPPHPHHHPPPPHPP
213,PHPPHHPPPPPHHPPHHHHPHHHPHHPPPP
214,PHPHHPPPHHPHHHPPHHHHPHPPPPPPPP
215,HHPPPHHPHHPPPPHHPHHPHPPHPHHHPP
216,HPPPPHPPPHHPHHHHPPHPHHHPPHPHPH
217,PPPHHHPPHHHHHHPPHPPHPPPHPPHHPP
218,HPPPPHPHPPHPHPPHPHHHPHHHPPPPHH
219,PHPHPHPPPPHPHPPHHHHHHHPPPPPHHH
220,PPHHHPPPPPHHPHHPPPHHPHHPPPPPHH
221,HPHPHHPPPPHPHPHPHPHPPPHHPPHPHP
222,PHPPPPPHHHPPHPPHPHPPPHPHHHPHPH
223,PHPPHHPPHHPHPPHPPHHPPPPPHHHHPP
224,HHPHPHPHPHPHPPHHPHHHPPPPHPPPPP
225,PHPHPHHHHHHPHHPHPHPHPPPPHPHPPP
226,HPHPPHPHHPPHHPPPPPHPPPHHPHHHPH
227,PPPHHHHPPPHPHHHHHPHPHHHPPPPHPP
228,PHPHPHHHPPPHPPHHHHPHHPPHPPPPPH
229,PHHHPPHHHHPPHPHHPHPPPHPHPPHPPH
230,HHPHPPPHHHPHPHHPPPPPPHPHHHPPPP
231,HHPPPPHPHPHHHHPHPPPHPPHPPHPPHP
232,PPPPPHPHPPPPHPPPHPPHHHHHHHHHHP
233,PPPHHHHHHPPPHHHPHPHHPPHPPHHPPP
234,PHPPHPPPPPPHHPPPHHHPHHPHPPHPHH
235,HPHPHHHPHHPPHHPHPHPHPPPHPPPPHH
236,PHPHPPPHHPHHPPPPHHHHPHHHHPHPPP
237,PHPHPPPHPPHPHPHPPHHHPHPPPHPHHP
238,PHPHPHPPHHPPPHHPHHPPHHHHPHHPPP
239,PHHHHPPPHPPHHHHPHHHPPPPPHPHHPP
240,PHPPPHPHHPPPHPHHPPHPPPHHPHPHHH
241,HHHHPPPPPPHHHPHHHPPPHHPPHPHHPP
242,HPPHHPHPPPHHPHHPHPPPPHPHHHHHPP
243,PHHPHPPPHPPHPHHHHPHHPPHHPHPPPH
244,HHPPPHPPHHPPHPPPHPPHPPHHHPPHHH
245,HPHHHPPPPHHPHPHHPPHPPHPPHHPPHP
246,HPPHPPPPPPHPHHHPHPHHPHHHPPPPPH
247,PHPPHPPHPPHHHHHPPPHHHPPPHHPPHH
248,PPPHPPHHPPPHHPPHHPPPHPHHPHHPHH
249,HPHHPHPHPPPPPPPPPPPHHHHHHHPPHH
250,PHHHHPPHPPHPPPPHHHHPHHHPPPPPHP
251,PPHPPPHHHPHHHPHHHPPPPPPHPHPHPP
252,HPHPHHPPPHHHPPPHPPHHHPPHPPPPHP
253,PPPPPHPHPHPPHHPHHHPHHHPPHPPHPP
254,PHHHHHPPPHPPHPPHHPPPHPPHHPHHHP
255,PHPPHPHPHPHPPHPHPPHPHPHHPPHPHP
256,HPHHPPPHPPHPPPPPPPHHHPHHPPHHHH
257,HHPPPHPPHPPHPPHHHPHPHPHPPPPHHP
258,PPHHHPHPHHPHPHPPHPHPPHHPHPPHHP
259,HHPPPHPHHHHPHHHPHPPPPHPHPPHHPP
260,HHHPPHHPHHPHPPPHPPHPHPHPHHPPHP
261,HPPPPHPPHPHHPPPHHHHPHPHPHPPPHH
262,HHPHHHHPHPPPHHPPHHPPPHPPPHPPHH
263,HHPHPPPHPHHHPPPHHHHPPPHHPPPHHP
264,HPHPHHPPPHPHHPPPHHPHHPHPHPPPHH
265,PPHPPHHHHHPPPHHPPPHPHHPHHPHPHP
266,PHHPHPPPHPPPPPHPHPPHHPPHHHPPHH
267,HHPHHPPPPHHHPPHHPPHPHPPHPHHPHP
268,PPPHHHHPHHPPHHPPHPPHPHHHPPPPHP
269,HHPHHPHHPPHHPPPPHPPHPHHHHPPPPP
270,PHHHPPPHPHHHHHPPPHPHPHPPPPPPHH
271,HPPPHHHHHHPHPPPHHPPPPHPPPPPHHP
272,HHPPPHPHPHPPPPHPPHHPHHHPHHPPPP
273,HHPPPHPHPHHPHPPPHPPHHPHPHHPPHH
274,PPHPHPHHHPPHPHHPPHHPHPPHHHPPPP
275,HHPPHPHHPPHHPPHHPPPPHHPHHHPHPP
276,PHPHPPHHHPPHHPPPPPHHPPPPHHHHPH
277,HHHHPHPPPHHHHPHHPHPPPHHPPPPHPP
278,HHHHPHPHPPPPPPPPHHHPHPHHHPPHPP
279,HPPPHHPHHPHHPHHHPPPHPPHPPPHHPP
280,PPHPHPHHPHPHPHHPHPPPPHHHPPHHPH
281,HPPPPPHPHPHHPPPPPPPHHPHHHPHPHH
282,HPHPPHHPHHHHPPPPPHPPPPPHHPPHHP
283,PPHHPHPPHPHPPHHHHHPHHPPPHPPHPP
284,PPPPHPHPHPPHPHPPHHHHHPHPPHPHHP
285,PHHPPHPHHHHPHPHHPPPPHPPPPHHPPH
286,HPHPHPPHHHHPPHPPPPHHHPHHPHPPHP
287,PPPPHHHHHHPPPHHPPHPPPPPHHHPPHH
288,PHHHHHHHHPPHPPHPPPPPPPHHPPHPHP
289,HPPPPHPPPHPPHPPPHHPHHPHHHPHPPH
290,PPHHPPHPPHHPHHHPHPPHHPPHHPPPPP
291,HPHPHHHHHHPPHPHHPPPPPHPPHHHPPP
292,PHPPPHHPPPHPPHHHPPPPPPHHHHHHHP
293,PPPHHHHPPHPPHPPPPPPPHHHHHHHHPP
294,HPPPHPHPHHPPHHPPPHPHPHHHHHHPPP
295,HPHPPPPPHHHPPPHHPHPPHPPHHPHHPH
296,PHHPPPHHPPHPHPPHPHHHHHPPPPHPPH
297,PPHPHHPHHPPHHHPHHPPPPPPHHPPPHH
298,HPHHHHPHPPPHHPPHPHPHHHHPPHPPPP
299,PHPPHPPPPHHHPPPPPHHHPHHHPPHPHP
300,HPPHHHPHHPPPPHHPHPHPHPPHPPPPHH
301,PHPHPHHPPPHPHPPHHHPHPPPPPHHHPP
302,HPPPPHHHPPPHPHPPHHPPPPPPPHHHHH
303,PPPHPPPHPPHPHPPHHHHHPHHHPPPHHH
304,HHPPPPHPPHHPHPHPPPHPHPPHHPHHHP
305,PHPHPPHPPPPHPHHPPPHPPHPPHHPHHH
306,PPPPPHHPHPPHPPHPHHPHHPHPPHHHHH
307,PPPPHPPHPHHPHHHHPPHHHPPHHPPPPH
308,HHPHHPPPHPHPHHPHPPHPHPPHPPPPPH
309,PPPHPPHPHHHPPHHPPHPHPHPHPPHPPH
310,PPHHHPHPPHPHPHHPPPPHHHPHPHPPPP
311,HHPPHPPHHHHPPPPPPHPHPPHPPHPHHP
312,PPHHPPHPPHPPHPHPPPHHHPHHHPHPPH
313,HPPPHPPPHPHPHHPHPHPHHHHPHPPPHH
314,PHPHPHHPHHPPPHHPPHHHPPHHHPPPPP
315,HPHPHHPPHPPPPPPHHHHHPPPPHHHHPP
316,PPHHHPPPPPPPPHPPHHHHHPPHHPHPHH
317,PPPHPPHPHHHPPPHHPHPHHPHHPPPPPH
318,PHPPHHHPHHPPHPPPHPHHHPHHPHPPPP
319,HHPPPHHPPHPPHPHPHPHHPPHHHPPPPH
320,HHHPPPPPHPPPPHPHHHHPHPHHHPPHPP
321,HHPPHHHHHPPPPHHHHPHHPPPPPPPHHP
322,HPPHPHPHHHHPPPHHPHPPHPHHHHPPPP
323,PPPHHPPHHPHHHPPHHPHPPHPHHPPHHP
324,PHHPPPPHPPPHHHPHPPPHHPHPPHPHPH
325,PPPHPPHHHHHPHHHPPPPHHPHPPPHPPH
326,PPPPPHPHHHHHHHHPPPHHPPPHHHPPHP
327,PHPPHHPHPHPPHPHPPPHHHPPPHPHHPH
328,HPHPHHPPPHHPHHPPPHPHPPPPHHHPHH
329,PHHPHHPPHPHHHHHPHPHPPPPPPHHPHP
330,PHPHHPHPPHPHPPPHHPHPPHHPHPPHHP
331,PHHHHHHPHPPPHHPPHPPHHHPPHPPPHP
332,PPHPHPPHPHPHHHPPPHHHHHPPPPHPHH
333,HPPHPPHHPPPHPHHPHPHHHPHPPHHPPH
334,HPPHPHHPHHHHPHPHPPHPPHPPPPPHHP
335,PHPPHHHPPHPHPHHPPPHHPPHHPPHPHP
336,HPHHHPPHHHPHPHHPPPPPPPPHPHPHPH
337,PHPHPPPPPPHHPPHPHHPHPPPHHPHHHH
338,PPHPPPPPHPHHHHPPHHHPPHPPHHHPHH
339,PHHHPPPHPPPHHPPHPHHHPPHHPHPHPH
340,HHPPPHPHPPPHHHPPPHHHHHPPPPHPPH
341,HPPPHHHPPHPPHPPHHHPHPHHHHPPPPP
342,PPPHHPHHHHPHHPHHPHPPPHHPPPPPHP
343,PPHHHPHPPHHHPHHPHPHPPHPHPPHPHP
344,PHHPPPPHPHHPHPHHPPPHPPHPHHHPHP
345,HPHPHPHHPHPPPPPHHHHPHHPPPHPPPH
346,HPPHHPHHPHHHHPPHPPHPPPHHPPPPHH
347,HPHHPHHHPPPHPPPHHPPHPPPPHHPPHP
348,PHHHHPPHPPHHPPHPHHHPPPPPPHPHPH
349,PHPHHHPPHHPHHHPHPPHHPPPPPPPPHH
350,PHHPPHPPPPPHHPPHPHPHHHPPHPHHHH
351,HHHHPPHPHHPHPHPPHPPPPPHPHPPHPH
352,HPHPPPHPHHPPHPHPHPHPHPPHHPPPHP
353,HPPHPPHHPPPPHPHPPHPHHPPHPHPPHH
354,PPHPHPHHHHPPPPPPHHPHHHPHHHPPPH
355,HHPPHPHPPHPHPHHPHPPHHHPPHPPHPP
356,HHHHPPPHPPPHHHPHPHPHPPHPPPPHHH
357,HPHHHPPHPHHPPPPHHHHHPPPPPHPHPH
358,PHHPPPPPPPPHHPHPPHPPHHPPHHHHHP
359,PHPHHHPHPHPPPPHHPPHPPHPHHPHHPH
360,PPPHPHHPPHHPHPPPPHHPHPPPHPHHHH
361,HPHPPHPHHPPHPPPHPPHHPPPHHPPHHP
362,PHPHHPHHPPPPPHHPHHHPPHPHHPPPHP
363,HPHHPPPHPPHHHHPPHPPHHPPHPPHPPH
364,HPHHHHPPPPPPPHPHPPHHHHHPHPPHPH
365,HHHHPPHHPPPPPPPHHPPHPHPHPHHHPP
366,HHHPPHPHHHPPPPPHPPPHPHHPHPHPPP
367,PPPHPHPHHHPPHPHPPHPHHPHPHPPHHP
368,PHHHPPHPPPPPPHHHPPPHPHHHHPPPPH
369,PPPPPHHPHPHHPPPHPPHHHHHHHHPHPP
370,PPPHPPPHPHPPPHHHPHHHHPHHPHPPPP
371,HPHPPPPHPPHHPPPPHHPHPPHPPHHHHP
372,HHPHPHPPPPPHPHHHPHPHHHPPPHPPHH
373,PPHPPHPPPHPHHPHHHPHPHHPPHHPPPH
374,PHPHHPPPPPPHHPPHHPHHPHHHPPPHHH
375,PHHPPHPPPHPPHHHHHPHHHHPPHPPPHP
376,HHHPHPPPHPPPHHHPPPHPPPPHHHHHHP
377,HHPHPHPPHPPPPHHHPHHHHHPHPPPPHP
378,PPHHPPPPPPPPHPPHHHHHHPHPHPPHPH
379,HHHHPPHPPPPHPHPPPHHHHPPHPPHPHH
380,PPPHHHPHPPHPPPPPPHHHHPHHHPHHHP
381,HPPHPPHPHPHHHPPHPHPHPPHPHHPPPH
382,HPPPHPHPHHPPPHHHPPHHHPPPPPPHPH
383,PPHPHHPPPHHPHPPPPHHPPHHHPPHHPH
384,HHHHHPPPHPHHHPPHPHPPPPHHPPHHPP
385,HHPHPPHPPHHPHPPHPPPHHPHPHPHHHP
386,PPPPPHHPHPHHHPHHPHPPHPHPHHPPHH
387,HPHHPPHPPPHPHHPHPPHHHPHPPPPPHH
388,PHPPPHHPHPPHHPHPPHPPHHHHHPPPPP
389,PPHHPHPHPHPPPPHPHPPPHHHPPPHHPH
390,PPHHHPPHHHHPPHHPPPPPPPHPPPHHPH
391,HHHPHPPHPPHPHPPPPPHPPHHHHPPHHH
392,PHPPHHHPPPHPPHHPPHPHPHHHPHPHPP
393,PHPHPHHHPPHPPHHPPPPPHHHPHHPHPH
394,PPHPPPHPPPHHPHHHHHPPHHPPHPHPPP
395,HHHPPPPPPPPHHHPHHPPHPPHHPHPHPP
396,PPHHPHPHHHHHPHHPPPPPPHHHPPPPPP
397,PHHHPPPHHPPPHPPPHPHHHPHPHHPHHP
398,HHPPHPHHHPHPPHPHHPHPHPPPHPHPHP
399,HPPHHHHPPPPPHPPHHPPPHHPPHPHHHH
400,PPPPHPHHPPPHHPPHHHHHHHHPPHPPPP
401,HHPPHPPHHHHHHHHPHHPHPPPPHPPPPP
402,PHHHPPHHPHPHHPHPHPPPPPPPPPPHHH
403,HHPHHPHPPPHPHHPHHHPHPHPPPPPHPH
404,PPHHHPPPPPPHPPPPHPPHHPHHPHHHHH
405,PPPHHPPPHHHPHHHPPPPPPPHPHHPHHP
406,HPHHPPHHHHPHPHPPPPPPPPPPPHPHHH
407,PPHPHPPHHHPPHPHHPHPHPPHHPPPPPH
408,HPHPHPHPHHPPHPPHHHPPPPHPPHPPHH
409,HHPHPPPHHPHPPPPHHHPHPHPHPHPPPH
410,PHHPPHHPPPPHHPPPHHPPHPHHHHPHHP
411,PHPPHHHPPHPHHPPPHHPPHPPHPHHPPH
412,PPPPHHPPPPHPHHHHPPHHHPPHPHPPHP
413,PPHHPPPHHPHPHHHHPPHPPHHPPPHHPP
414,HPPHPPHPHPHPHPPPPHPHHPPHPHHPHP
415,PPPPPHHHPPHHPHHPHHPHPPHPPPHHPP
416,PPHPPHHPPHHHHPHPPHPHPPHPPHHPPP
417,HPPHHPHPHPPHPHPPPHPPHHPHHPPHHH
418,PHHHPHHPPHPHPPPPPPHPPPHHHPHHPH
419,PPHHPPPHPPHHPPPHPHHHPHHHPPPHHP
420,HPPHPPHHPHPPPPHHPPPPHHHHPHHHPH
421,HPPPPHPHPPHPHPPHPHPPHHHPHHPPPH
422,HHHPPHHPPHHPPPPPPPHPHHPPPHPPHH
423,PHPPHPHPHHHHPPPPHPHHPPHPPPPHHH
424,PHHHPPHPPHPPPHHHPPHPPHHHPHHPPP
425,PHPHHPHPPPHHHPHHPPPPHPPPPHHHHP
426,HPHPHPHPHHPHPPHHPHPHHHPHPPHPPP
427,HHPHPPHPHPPPHPHHHPPHHHPHHPPPHP
428,HHPPPHHPHHHHPHPHPHPPPHPPHPPHHP
429,PPPPPHPPHPPHHPHHPHHPPHPHPHPHHH
430,HPPHPPHHHPPPHPPPPHHHHPPHPPPHHP
431,HHPHHHPPHPHPPPPHHHPHHPPPPPPHHP
432,HPHHPHHHHPPHHPHHPPPHPHPPPHPPPH
433,HPHHHPHHPHPPHHHHPPPPHHPPPPPPHP
434,PPPPHPPHPPHHHPHPHHPPPHHHPPHPHH
435,HHHHPPHHPHPPPHPHHPPPPHHHHHPPPP
436,PHPHHHHHPHPPHHPHHPHHPPPPPHPPHP
437,HPHHPHPPPHPPPHPHPHHPPPHPPHPHPH
438,HPPHHHPHPPPPHHHHPHPPPHPHPPPHHP
439,PHPHPHPHPHPHPPHHPPHHHPPPPHPHHH
440,PPPHHPPHHPPPPHHPPHHPHHPHPPHPPH
441,PPHHHPHPPHPHPPHPPHHPPPPPPHHHPH
442,PPHPPHPHPHPPHHHHPHPPPHHPPHHHHP
443,PPPPHPHPHPHHPHPPHPHHHHPPPPPHHH
444,HHPPPPPHPHPPHPHHHPPHPHHPPHHHHP
445,PHHHPPPPPHPHHPHPHPPPHHPHPPPPHH
446,PPPHPPHPPPPHHHHHHPHHPPPHHHPHPH
447,PHHPHPPPHPPHHPPPPPPPPHPHHHHHHP
448,PPPHPPHHHPPPHHHPPPPPHHPHPHHPPH
449,PHPPPPHPPHPHHPHPHHHHPPPPPHHPHH
450,PHPPPHHPPPHHHPPHHPPHHPPPHPPPHH
451,HPHHPPHHPPPHHPHPPPPPPHHHHHHHPP
452,HPHHHPPPPPPHPHPPHPHHPHPHHPHPHP
453,PPHPHHHPHPPPHHHHPPPHHPHPPHPPPP
454,PPPHPPHPHHPHPHHPHHHPHHPHPPPPPP
455,PHHPPPPPHPHHPHPPPHHHPHPHPPHHPP
456,HPHPHPHPPPPPHHHPPHPPHPHHPPPHHP
457,HPHHHPPHPPPPHHPPPPHHHPHHHPPHHP
458,PHHPPPHHHPPPPPPPHPHHHHHPPHHPHP
459,HPHPHPPPPHHPPPHPPHHHPPHHHHHHPP
460,HHHPPPPHHHHPPHHHPPPPPPHPPHHHPH
461,HPHHHHPPPHHPPPHPHPPHHHHPHPPPHP
462,PHHHHPPHPHPPHPHHPHPPHHPPPPHPHP
463,HPPHHHPHPHPPPHPPPHPPHHHPHPPHPH
464,HHHPPPHPPHHPHHPPPHHPHHHPPPHHPP
465,PHPPHPHPPPHPPHHPHPPHHHHHHHPHPP
466,HPPPHPHPPHPHPPPHHPHHPHPHHPPHPH
467,HHPPPHHPHHHPPPPHPPPPPPHHHHPHHP
468,PHHHPPHPPHPHPHHPHHHHPPPHPPPHPP
469,HPHPPPHPPHPHPPHPPPHHPHPHPHHHPH
470,PPPHHPHHPPHPHHPPHPPPHPPPHPHPHH
471,HHHPHPHPPPPPHPPPPHPHHPHHHHPHPH
472,PPPHPPPPPPHPHHPHHPHHPPPHHHPHHP
473,HPHHPPPPHPPHPHHPPPPHHHHHPPHHHP
474,PHHHPPHPHHPPPPPPPHHHHPHHPPPPHH
475,PHPHPPPHHPHPHPPPPHPHHHHPHHPHPH
476,HHPPHPHHPPPPPPPPPPHHPHHHPHPPHH
477,PPPHPHPPHPHHHHPHPHHHPPPPHHPPPH
478,HHHPHPPPPPPHHHPPPHPPHPPPHHHHHH
479,PPPHPHPHHHPPHPHHHPPPPPHHPHPHHH
480,PHPPPHHHPHHHPPHPPHPPHPHPPPHHHP
481,HPHPHPHHHHHPHHHPPPPPPPHPHPPHHP
482,HPPPHPHHPPPHHHPPHHHPHPHPHPPPPP
483,PHHPPHPPHPPHPHHPHHPPPPPHHHHPHH
484,PHHPPHHPHPPHPPHHPHPHHPPHPPHPHP
485,PHPHPPHPPPHPHHPHHHPHPPPHHPHHPP
486,HPPPPHHHPHPHHPPHPHHHPHPPHHHPPP
487,PHHPPPPPPPHPHHHHPHHHPHPPPPPHHH
488,HPPHPHPPPPPHPHHPHHHPPHPPPHHHHH
489,HPHPPHPHPPHHHPHHPPHPHHPPPPHPPH
490,PPPHHHPHPHHHPPPPHHPHHHHHPPPPPH
491,PPHPPPPPHHPPPHHHHHHHPPHPPHPHHH
492,HHHPPHHPPPPHPPHPPPHPHHHPPHPPPH
493,HPPPHPHHHHHPPPHPHPHPPHPPHPPHHH
494,HPHPHPPPHPPHHHHHPPPPHPPHHHPPHH
495,PHPPHPHPPHPHPPHPPPHPPPPHHHHHHH
496,HPPPHPPHPHPPPHPHHPHPPPHHHHPHPP
497,PHPPPPPHPHHPHPPHPPPPHPHHHHHHHP
498,HPHHPPHHHPPPHPHPHPPHPHPHPHPPHP
499,PHPPPPHHPPPHPPHHHHHPPPHHPPHHHH
500,HPHPPPPPHHHPHPPPHPPHHHHPHHPHPP
501,HPPHHHPPHHPPPHHPPHPHPPPHHHPPPP
502,PHHHHPPPHPHPHHHHPHPPPPHHPPPHPP
503,PPPHPPPHPPHHHPPHHPPHPPPHHPHHPH
504,HPPPPPPHHPPPHHHHHHHPPPHPPHHHHP
505,HHHHPPPHHPPHPHPPPHHHPHHPHPPPHP
506,HPHPPPHPPPHHPPPPPHHHPHHHHHPHHP
507,HHHPPPHPHPPHPHPPPHHPPHPPHHPHHP
508,HPPPHHHHPHHHHHHPHPPPPHPHPPPHPP
509,HPPPHHHHHPPHPHHPHPPHPHPPPHHPPP
510,PHHPPHPHPPPPHPHPPHPHHHPHHHHPPH
511,PPHPPHHPHPHPHPPHPHHHPPHHPPPHPH
512,PHPHPPHPPPHHHPPHHPHHPHPPHPPHPP
513,HPHHPPPHHPHPHPPHHPHPPHHHPPPHPP
514,PHPHHHPPHPPPHPHHPHPHHHPPHPHHPP
515,PHPPHHHHPHPHPPPPPHHHPPHHHHPPPH
516,HPHPHPHHHPPPPHPPPHPHPHPPPHHHPP
517,HHPHPHPHPHPHHPHPHPPHPPPPHPHPPH
518,HHPHPPHHPPHPPPPHHPHPHHHPPPHPPH
519,PHHPPHPPHPHHPHPHPPPHHHPPHHPHPP
520,HPPPHHHHPHPHHPPHHHPHPPPPHHPPPH
521,HPHHPPPPPHHPHPHPPPPPPPHPHPHHHH
522,PPHPPHHPPHPPHPPHHHPHPHHPHPPPHP
523,PHPPPPPHPPPPHPPPPHPPHHHHHHHHHH
524,PHPPHPPPHHHPPHPHPPHPHHPPHPHPHH
525,PHHHPPHHHPHPHPPPHPHHPPPHPPPHHP
526,PHPPPHPHHHPHPPHHHHPHHPPHHPPPPP
527,PHHHPPPHPPHHHHPHHPHPHHPPPPPHPP
528,PPHHPPHHPHHPPPPPPPHPHHHPPHPHHH
529,PPHHPHHHHPHPHHPPPHHPPPPHHHPPPH
530,HHHHPPPHHHHPHHPPPHHPPHPPHPPPHP
531,HPPPPHHHPHPPHHHHPPHHPPPHPHPPHP
532,PPHHPHPPPHHPPPPHHHHHPHPHPPHHHP
533,HHPHPPPPPPHHPPHHHPHHPPPHPHPHHP
534,HPHPHHPHPPPHPHHPPHHPPPHPHPHHPH
535,HHHHPHHHPHPPPPPHHHPHPPHPPPPPPH
536,PHHHPPPHHHPPPHPPHHHPHHHPPPPPPP
537,HHHHHPPHPPHPPPPHPHPHPHPPPPHPPH
538,PPPHPPHPHHPPHPHHHPPPPPPHPHHHPH
539,HHPHPHPHPPHPPPPHHHPPPPHHPHPPHP
540,PHPPHPPHHHPHPPPHHHPPHHPHHPPHPH
541,HHPHHHHPHPHPHHPPPPPPHPHHPPPPHH
542,HPPPPHHPPPPPHHPPPHHPPPHHPPHHHH
543,PHPPPPPHPHPPHPPPPPHPHHHHHHHPPH
544,HHHPPPHHPPPPHPPHPPHHHPPPHHHPHP
545,PHHPPPPHHPPHPHPHPHHHHPPPHPPPPH
546,HPPHHHPHPPPHPHPHPHHHPHPPPPPPHP
547,PPPPPPPHPHPHHHPHPPHHPPHPPHPHHH
548,PPPHHHPPHHPPPPHHHHPHHPPPHPHPHH
549,HPHPHPHPPHPPHPPHPPPPHPPHHPHPHH
550,PHHPHPHHHHHHPPHHPPPHPPHPHPPPHP
551,PHHPPPHPHHHPHHPPHHHPPHHHPPPPPP
552,HPHPPPPPHHPPPPPPHHPHHPHHPHHHHP
553,HHHPHPPPHPHPPHPHPHPHPHHPPPHHHP
554,HHPHPHPPPHPHHPPHPPHHPHHHHPPHPP
555,PHPHPPHPHHHHPHPPPPHHPHHPHPPHPP
556,HHHPHHHPPHHHHPPHPPPHPPPPPPPHHP
557,PHPHHHHPPPPHHPPPPHHHHPPPHPPHPP
558,PHPHHHHPPPHHPHPPPPPHHPHHHPPPPP
559,PPHPHPHHPPPPPHHHHPPHHHHPPHPHPP
560,PHHPHPPPHHPHHHPHPPPPHPPHHPHPHP
561,PHHPPPHHHHHHPPHHPHHHPPPPPPPPPH
562,HPPHPHPPPHPPHHPHPHPHHPHHHHPPPH
563,PHHPPPHHPPPPHHHPHHPPPPPHHPPHHH
564,HHPHPHPPHHHPHPHHHPPPHHPHHPPPPP
565,HHPPHHHPHHHPPPHPPHHHHHPPPPPPPH
566,PPPHHHPHHPHPHHHPPPPPHPPHHPHHPH
567,HHHHHPHPPHHPHHHPPPHHPPHPPPPPHP
568,HPPPPHPHPPPPHPHPPHHPPHHHHPHHPP
569,HHHHHPHHPPHHHPHPHPPHPPHPPPPPHP
570,HHPHPPHHHHHPHHHPPPPPPPHHHHPPPP
571,HHPHPPPPHHPHPPHPHHPPHPHHPPHHHP
572,HPPPHPHPPPHHPHPPHPPHPHPHHHHHPP
573,HHHPPPHPHPPHPHPPHHPPHPPPHHHPPH
574,PHPPHHHHHPHHHPPHHPPPPPHHPPPPPP
575,PHHPHHHPHPPPPHHHPHHHPPPPPHPPPH
576,HPPHPHPPHPHHPHPHHPHPHHPHPPHPPP
577,HHHHPPHPHHPPPPHHPPHPPPPHHHPPPH
578,HPPHPHHPHPHPPPPPHPPHHPHPPHHHPH
579,PHHHPPPPPPPPHHPHHPPHHHPHHPPHHP
580,PHPPPHHPPHHHHPPPHPHHHHHPPHHPPP
581,HHHHPPPPHPHPPHHPPPPHHPPHPHHHPH
582,PPHPPHHHPHPHPPHPPHHHPPHHPPPPHP
583,PHHPPHHPHPHPPPPPHHPPPPPPHHHPHH
584,PHPHHHHHPPHPHPPPPPHHHHPPHPHPPH
585,PHHPHHPPPPHPPHPPHHHPHPPPPHHPHH
586,PPPPPHPHPHPHPHPPHHPPHPPHHHHHPH
587,PHHHHHPPPHHPPHPPPHPHPPHHPHHPHP
588,HHPHPPPPPPPHHHPPPHPHHPHHHHHPPH
589,PPHPPHPHHHPPHPPPHPHPHHHPHPHHPP
590,PHHPHHHHPHPPHPHHPPPHHHPPPPHPPH
591,HPPPHHPPHHHPHHPPHPPHPPPHHPHHPP
592,PHPHHPPHPPPPHPHHPHHHPPPPHPHPHH
593,HPPPHHHPHPPHPPPPPHHPPHHHPPHHHP
594,PPPPHHHPPHPPPHPHPHHHHHPPPPPHPH
595,PHPHPHPPHHHPPPHPPHPPHPHPPPHPHH
596,HHPPHHHPPHHPPHPHPHHHPHHPPPHPPP
597,HHHHPPHPHPHPPHPHPHPHPHPHHPPHPP
598,PHPHHHPHHHPPPHHHPHPPHPPPPPHPPP
599,PHHPHHPHHHPHHHPPPPHPPPPHPPPHHP
600,HHHHHPPPHPHPPPPPHHPHHPHPPPPPPH
601,HPHPPHHHPHPPHPHHHPPPPHPHPHPHHP
602,PPHHHPHPHHPHPHHPPHPPHPHPPHPHHP
603,PHHPHPHPHPPHHPHPPPPPPPPHHHHHHP
604,HHHPHPPHHHPPPPHPPPPHHPPHHPPPHH
605,HHPHPHPHPHPPPHPPPPHHHHPHPHHHPP
606,PPPPPHPHPHPHHPHHPHHPHPHHHHPHPP
607,HPHPHPHHHPHPHPHHPHPPPPPHHPPHPH
608,HHPHHHPHHPHPPHPHHPHPPHPPHPPHPP
609,PPHHPPPPPHHHHPHPPPPHHHHPHPPHHH
610,PHHHPPPPHPPHPHPPHHPHHPPPPHHHHH
611,PHHPPPHHPHPPPHPPPHHHHHPPPHPPHH
612,HHHPPPPPPHPPHPHHHPPHHPHHPHPHHP
613,HHPHPHPHPHPPHHPHHPPPPHHHPPPHHP
614,PPHHPHHPHPHPHHPHPPPPHHPPHHPPPP
615,PHHPHPHPPHPPPHHHPPPPPHPPHHPHHH
616,HHHPPPPPHHPHPPPPHHPHPHHPHHHPHP
617,HHHHPPPHHHHHPPHHPPHPPPPHPPPPHH
618,HPHHHHPHHHPHHPPPPPHPHPPPPHPHPP
619,PPPHPHHPHPPPHPHHPPHHPPHHHHPHPP
620,PPPHPHPPHHHHHHPHPHHPPPPPPHHPHH
621,PPPPHPPPHHHHPPPHPHPPHHHPPHPHHH
622,HPPPPHPPHHPHHPPPPPHPHHHHPHPHPH
623,HHPHPPPPPPPHHHHPPPPHPHHHPPHHPP
624,PHPHHPPPPHHPPHHPPPHHPPPHHPPHHH
625,HHPPHHPHPHPPPPHHHHHPHPPPPPHPHP
626,PPPPPPHHPHPHHHPHPPHHHHHPHPPHPH
627,PHPPPHPHPHHPHPHHPHPHHPPHHHPHPP
628,HHPHPHPHHPHHPPPPHHPHPPHPHPPPPH
629,HPPHHPHPHPPPHPHPPPPHPPHHHHHHHP
630,PHHPHPHHHPHHPHHPPPPHPHPPPPPHHH
631,PPHHPPPPPPHHPHHPHHHPPHPHPHHPHH
632,HPHPPHHHHPPPHHPHPHPPPPPPHHPHPH
633,HHPHPPHHHPPHPPHHPHPPHPPHHHPPHP
634,HPPHHHHHPPPPHPPHPPPPPPHPHHHPPH
635,HPPHHHPHPPPPPHPHHPHPPPHHHHPPHP
636,HHPPHHHPPPHHPPHPPHHPHHPPPPPHPP
637,HPHPHPHHPPHPHPPHPHHPPPPPHPHPHP
638,HPHHPHPPPPHPHHHPPPHHHPPPHPHHPP
639,PPPHHHPHPHPHHPPPPHHHPPHPPHHHPH
640,PHPHHPPPHPPPPHHHPPHPPHHPHHPHPP
641,HPHHPPHPHPHHPHPPPHHHPHPHPPPHHP
642,HPHPHPHHPPPPPHHPHHHPHPHHPPPPHH
643,HHPPHPHHHPHPHPPHHPPHPHPPPHHPPP
644,HPHPHPHPHHHPHPHPHHPPPPPHPPHHPP
645,PPHPPHHHPPHHHPHPPHPPHPPHPPHHPH
646,HPHHPPPHHPHHHPPHHPPPPHPHHPPHPH
647,PPHPPHHPHPPHHPHPPHPPHPHHHPHPPH
648,PHPHHPHHPHPPHHPPHPPHHPPPPHHHPH
649,HPPHHPPPPHHPPPHHHHPPHPHHHPPHPP
650,PHHPPPPHHPHPHPPHHHHHPPPHPHPPPH
651,PHPHPHPHPHPPPPHPHPHHHPHPHHPPHH
652,HPHHHHHPHPPHPPPHHPPPHPHPHHPPHP
653,PPPPPPPHHHHPPHPPPPHHHHHHPPHPHH
654,HHPPPHPPHHPHPHHHPPHHPPPPPHPPHP
655,HPHPHHHPPPHPPPPPHHHHPHPHPHPPHP
656,PHHPPHHPHPPPHHPHHHHHPHHPPPPPPP
657,HPPHHPPHPPHHPPHHHPHPHHHPPPPHPH
658,PHHPPPHHHPHHPHPHPPPPPHPPHPHHPP
659,HHHHPPHPHHPPHHPPHHPPPPHPHHPHPP
660,HPPPHHPPHHHHPPHHHPPPHPPPHHPHHP
661,HPHHPHHHHPHPPPPPPPPHPHHPHPPHPP
662,HHPPHPPPHPPPHPHPHPPHPHHPHHPPHP
663,HHPPHPPPHPPHHPHHPHPPHPPHPHPPHP
664,HPHPPPHHHPPPPHPHHHHHPPPHPHPHPP
665,PHPPHPHPPPHHHPHHPPPHHPPPHPHHHP
666,PPHPHHHHPPHPPPHHPHPHHPPHHPPHHP
667,HHPPHHPHPPPPHHHHPPPPPPPHPPHHPH
668,PHHHHHPHPPHHHPPPPPPPPHPPPHHPPH
669,PPPHPHHPHPPHHPPHHPPHPPPHPHPPHH
670,HHPHHPPHPPPPHPHPPPPPHHPHHPPPHH
671,HPPHHHPHHPHPHPHHPPHHPPPPHPPPPH
672,HHHPPPHHPHPPPPHHPPHPPHHPHHPHHP
673,HPPPHHHPHPPHHPPPPHPHHPPHHPPHHH
674,HHPPPHHHHHHPHPHPPPPHPHPPPHHHPP
675,HHHPHPPPPHPHPHHPHHHPHHPPPPHPPH
676,HHHHPPHPPPPPPHHHPHPPPPHHHHPPPP
677,PHHPHPHPPPHHHPPHPPPHHPHHHPPHPP
678,PHHHPPHPPHPPPHPPHHHHHPPPHHPHPH
679,HPPHHHPPPPHPPHHPHHPPHPPPHHPPPH
680,PHHHPHPPHPPHPHPPHPPPHHPPPHHPPH
681,PHPPPPHPHPPHHPHPHPPPPPHPHHPHHH
682,HHPHHPHPPHHPPPHPHPPHPPPPPHHPHH
683,PHHPHHHPHPPHHPPPPPHHPPPHHPPHPP
684,PHHHHHHPHHPPPHHHPHPPHPPHPHPPPP
685,PPHHHPPPPHHHPPHPPHPHHPPPPHHPHH
686,PHPPPHHPPHPPPHPPPPHHPPHHPPHHHH
687,HPPHHPHPPPPHPHHPPPPPHHHHHHHPHP
688,PHPPHPHPHPPPHHPPHPHHHPHHHPPHPH
689,HPPHPHPPPPHHPPHHPPHPHPHHHPHPPP
690,HPPPPHPHHHPPHHPHHPPHPHPPHPPHHH
691,PHHPHHHPPPHPPPPPPHHHHPPPHHPHHH
692,HHPPHHPPPHPHPPPPHHHPHPPHPPPHPH
693,PPPHPHHHPHPPPHPHHHHPPPHPPPHPHP
694,PPHHHHPPPPPPHPHHHHPPHHHPHPPHHP
695,PPPPHPHPPHPHPPPPHHPPHHHHPHHPHH
696,PPPHPPPPPPHPHPHHPPPHHPHPHPHHHH
697,HHPPPPPPHPHPPPHHHHPPHHPHHPPPHP
698,PPHHPPHPPPPPHHHPHPHHPPHHPPHPHP
699,HHHHPPHPPPPPHPHPHPHHHHPPHPPPHH
700,HPHPHPPHHPHHHHPHPPHHPPPPHPHPPH
701,PHPPPPPHHPPPHHPPHPHHHPHPPHHHHH
702,HHPPPPHHPHHHPPHHPPPPPPPHPHPHPH
703,HHPPPPHPHPHPHPHPPPHHPHHPHHPPPP
704,PHPHPPHPPPHHHHPHPPHPHHPPHPHPPH
705,PPHHPHPHHHPHPPHHHPPHHPPHHHPPPP
706,PPHPPPPPHHPPHPHPHPPHHHHPHHHPHP
707,PHPPPPHHPHPPPHPPHPHPHHHPHPHPHH
708,HPPPHHPHPHHPPPPHPPHPPHPHHHPHPH
709,PHPHHHPPHPHHPHPHPPPHHHHPPPPPPP
710,HHPHHPPPPHHPPPPHHPPPHPPHHPHHPH
711,HPPHPHPHPPHHHHHPHPHPPHHHPHPPPP
712,HPPPPPHPHPPHHPHPHHPPHPPPHHPPHH
713,HPHHPHPHPPPPHPPPHHHHHHPHPPPPPP
714,PHHPPHPPPHHHPHHPPPPPHHHPHHHPHP
715,PHPHPHPHPHPPHPHPHHHPHPHPPHHHPP
716,PHPPPPPHPHHHHPPHHHPPHHPHPHHPPH
717,PPPPHPHHPPPHPHPHHHHPHHPPHPPPPH
718,HHHPPHPHPHHPHHPHHHPPPPHPPHPPPP
719,HPHHPPHPHPPHPHHHPPPHPHPPHPHPPP
720,HPPHPPHPPHHPPHHPHHPPPPHPHHPPHP
721,PPHHPHHPHPHHPPPPHPPHPHPHHHPHHP
722,HPPHPHHPPHHHHPHHHPPPHHPPPPHPPP
723,HPPHPPHPPHHPHPPPPHPHPPHHPHPPHH
724,HHPPHPHPPPHPPHHHHPHPPHHHHPPPPH
725,PPHPPPPPPHPPHHPHHPPHHPPHHHHPPH
726,PPHPHPPHHPPPHHHPHPHPPPPPHHHHHH
727,PPHHPPPPPHHPPHHHHPPPHPHHPPPPHH
728,PPPHHPHHPPHHHPHHHHPPHPHPPPHPHP
729,PPPPHPPPPHHPPHHPHHHPHHPPHPHPHP
730,HPHHPHPHPPHHPHHPPHHPPPHHHPHPPP
731,PHPHPPHPPHPPPHPPHHPHHHPPHPPHHP
732,PHPPPPPPHHPHPHPPHHPPPHPHPHHHHH
733,PPPHHPHPHHPPPPPHPHPHPPHHPPHHPH
734,HPPHPHPHHHPHHPPHHHPPHHHPPPPHPP
735,HHHPPHHHPHPPPHHPPHPPPPPPPHPPHH
736,HHHPPPHPHHPHPPPHHPHHPPHPPHPHPH
737,HPPPHHPPHHHHPPHPHHPPPHHHPPPHPH
738,HHHPPHHHHPHPPPPHPPPHHPPPHPHPPH
739,HPHPHPHPPPHPHHPPHPPPPPPHHHPHHP
740,PPHPHPHHPPPPPPPHHHHPPHPHHPHHPP
741,PPHHPPPPHPHPHHPPPPHPHPHPPHHHHP
742,PHHPPHPHHHPHPHHPPPPHHPPPPHPHPP
743,HPPHPHPPHPHPPHHPHPPPHHPPPPHHHH
744,HPHPHPHPPPPHPPPHHHPPHHHHHPPPHH
745,HHHPHPHPPPHPHHPPHPHHHPHPPHHPPP
746,HPPHPHHPPPHPHPPPHPHHHPHPHPHPPH
747,PHHPPHPHPPPHHHHPHHHPPPPHPPPPHP
748,HHHPPHHHPPPHHHPHHPHPPHHPPPHPPP
749,HHPHHPPHPPPPHPHPPPHHPPPPHHHHHH
750,PHHHPPHHPPPPHPPPPPPHPHHHHHHPHP
751,HHPPHPPPPPHPHHHPPPHPHHHHHPHPPH
752,PHPHPHHHHPHHPPPPPPHPHPPHHHHHPP
753,PHPPPHHPPPHPHPHPPHPHPPHHHPHHHH
754,PHHPPPHPPHHPHHPPHHHHHPHPHHPPPP
755,PPHHHPHPPPHHPPHPPPHHPHPHHPPHPP
756,PPPHHHHHHPPPHHPPHHPPHHHPHPHPPP
757,HHHPHPPHHPPPHHPPHHHPPHPPPHHPHP
758,HPHPHHHHPHPPPPPHHPHPPPHPHPPPHH
759,PPPHHPHPPHPPHPHHPHPHPPHHHPPHHH
760,PPPPHPPPHHPPPHHPPHHHPHPPHHHHHP
761,PHPHHHPPPPHHPPPPPPPHHPHHHPHPPH
762,PHPHPPPPHHHHPPPPPHHHHHPPPHPHPH
763,PPPHPPHHPPHHPHHHPPHPHPPPHPPHPH
764,HPHPPHHHPPPPHHPHHPPHPHPHPHHPHP
765,PHHPPPHHHPPHPHHPHHHPHPHHPPHPPP
766,HPHPHPPPPHHHHHHPHHPPPPPHPHPHPH
767,HHPPPPHPPPHHPHHPHPHHHHPPPPPHPP
768,PPPHPHPHHPHPPHHPHPHPHHPHPPPHPP
769,HHHHPPPPHHHPPPPHPHHHPHHPHHPPPP
770,PPPHPPPPPPHHPPPPHHPHHHPPHHHHHP
771,HHHPHPPHPPPHPPPHPPPHHPPHHPPHHH
772,PHHHHPPPPPHPHHPPPHPHHPPPHPHPPH
773,PPHPHHPPHHPHPPPHHHHPPHHPPHHPHP
774,PPHPPHHPHHHPHHHPHPPHPPHHHHPPPP
775,HPHPHHPHHPPPPHPPHPHPHPPHPPHHPP
776,PPPHHPPHHHHPHHPPHPPHHHHHPPPPPP
777,HHHHPHPHHHPPPHPHPPPPPHHPPPHPHH
778,PHHHPPHHHPPHHHHPPPPPHPHPPPPPHP
779,HHHPPPPHHPPPPHHPPHHPPHHHPPPPHP
780,HHPHHPHPPPHHHPHPHPPPHPHPHHHPPP
781,HHPPHPHPPHPPHPPPHPPPHPHHHPHHHP
782,HPHHPPPHHPPPPHPPHHHHHHPPHHPPPP
783,HPHPPPHPHPPHHHHPHPPHHPPHHHPPPP
784,HHPHPHPHPPHPHHPPPHPPHHPPHPHPPH
785,PHHPPHPHPHPPHPPPPPHHHHPHHHPHHP
786,HHPPHHHHHPHPPHPHPHPPPHPPHPPPHP
787,HHHHPPPHPPHHPPHPPHHPPPHHPPPHHH
788,PPHHPPPHPHHHHHHPHPHPPHHHPPPHPP
789,HHHPPHHHPHHHHPPPPPHHPHPHPPPPPP
790,PHPHPHPHPPHPPHHPPHPHHHPHPPHPHH
791,PPPHPPPPHHHPPPPHHHHHHPPPHHPHHH
792,HPPHHHPPPHHHPHPPHHPPHPPHHPPPPH
793,PPHPHHPHHPPHPPPPHHPHHHHPPHPPHH
794,HPHPPPHHPHHHPHPHHPPPPPPPHPPHHH
795,PPPPPHHHHHHHPPHHHHPPHPPPHHPPHP
796,HHPHHPHPHPPHHPPPPHHPPPHPHPHPHP
797,PHHPPPHHPHPPHPPPHHHPHHPHPPPHPP
798,PHPPPPPHPHHPHPPHHHHPPHPHPPHHHP
799,HPPHPHHPPHPPPPHHPPHPHHPPHHHPHP
800,PHHPPHPPPPPHHPHPPHHPPPPPHHHPHH
801,HHPHPPPHPPPHHPHPHHPHPPHHPPPPHH
802,PPHPPPPHPPPHHPHHHHHPPHPPHPHHHH
803,HHHPHPHPHPHPPPPPHPPPPHHPHHPPHP
804,HPPHPPHHPPPHPHPPPHPPHHPPHPHHPH
805,HPPHPPPPHHHPPPPHHHHPPHPHHHPHPH
806,HHHHPPPHPHHPHPHHHPPHPHPPPHHPPP
807,HPPPHPPPHHHHPPPPPHHPHPHHHHPHPP
808,HPPPPPHPHHPHPHPPHHHPPPHHPHPHHH
809,HPHPHPHPPHHHPHHPPPPHPPPPHPHHPP
810,PPHPPPPPHHHHHPHHPHPPPPHHPPPPHH
811,PHHHHPPHPHPPPHHHPHPPHPHPPPHHPH
812,PPHHHPHHPPHPPPHHHHPPPHPPHHPHHP
813,HPPPHPPPPPPHPHHHHHPHPPPHHPHHHP
814,HHPPPHHHPHPHPPHHHHPPPHPHHPPHPP
815,HHHHHPHHPPHPPPHPPPPPHHHPHPPHPH
816,PHPPHPPPPHHHPHPPHHPHHHPHHPPPPH
817,HPHHHPPPPPHPHHHPHHPPHHHPPHPPPH
818,PPPHHHHPHPHHHPHHHHPHPHPHPPPPPP
819,PHHHPHPPPHHPPPPHPPHHHPHPHHPHPP
820,PPHHHHPHHHPPPPPPPPPHPHPHPPHPHH
821,HHPPHPHHPPHHHPPHHPPPPPPPHPPPHH
822,HHPPPHPHPPPHPHPHHPHPHPPHHHPPPP
823,HPPHPHHPPHPHPPPPHPPHHPPPHPHPHH
824,HHPHPPHPHHHPHHPPHPPPPPPPPPHHHH
825,HPHHPHHHPPPPHHPHPHPPPPPHHPPPHH
826,HPPHHPPHPPHPPHHHPPPHPHPHHPHHPH
827,HHPPPPPPPPPHPPHHHPHHPPHHHPHHHH
828,PPHHPHPPHHHHHHPPPHHPHPHHPPPPHP
829,HHHHHHPPHPPPPPHPHPPHPHPPPPHHHH
830,PPPHHPHPHHHHHHPHPHHHPPPPPHPHPP
831,PHHHPPPPHHHPHPHHHPPHHPPPHPHHPP
832,PPHHHPPHHHPPHPHHPHHPPPPPHPHHPP
833,HHHPPHPHHPHHPPPPHHHPHHPPPPPPPP
834,HHPPHPPHHPHPHPPPHPHPPPHHPHPPHP
835,PPPHHPHPPHPPPHPPHHHPPHPHPHHPHP
836,HHPHPHHHPPPHPPPPPPHHHPPPHHHPPP
837,PHPPPHHHPHPHHHHPPHPPHHPPPPHPHP
838,PHHHPPPHHPHPPPHHHPHHPPHPHPHPPP
839,PPHHHHHPPHPPHHPPPHHHHPPHPPPHPH
840,PPHHPHHPPPPPHHHHHPPPHPHPHHPHHP
841,HPHHPHPPPPPHHHHHPPPPHPPPHPHHHH
842,PPHHHHHHPPPPHHHPPPHPPHPHPPHHHP
843,PHPPHPPPHPHHHPHPPPHHPHPHPPPHHH
844,PPPHPPPPPHPPHPPHPHPPHHHPHHHPHH
845,PHPHPHHPPPHPHHHPPHHPHPPHPPPPPH
846,HHPPHHPHHPPPPHHHHPPHHHPPPPPPHP
847,PPPPHHPPHPHHHHPHHHPPPPPPHPHPPH
848,PHPPPPHPHHHHPPHHHPPPPHPPHPPHHH
849,HHPPPHPPPPHPPHPPHHPHPHHPPHHHHP
850,HPHPHPPPPPPPHPHHHPPPHHHHPPHHPH
851,PPHPPPPHHHHHHHPHPPPPHHPPPHHPPH
852,PPHHPPHHHPPPHPPPHHHPHPPHHPPHPH
853,PPPHHPHHPHPHPPPHHHHPHHPHHPPPPH
854,PHPPHPPHHPHHHHPPPHPHPPHHHHPHPP
855,HPHPHHPPPHPPHHPPPHHHPHPHPPHHPP
856,PHPPHHPPPHHPPHPPHHHPHPPHHPHHPH
857,HHHPHPPPPHHHPPPPPPPHPHPHHPHHHP
858,PHPHPPPPHHHHHPHPPHPPPPHPPPHPHH
859,HPPPHHHPPHHHPPHPPPPHPHPHHHPPPP
860,PHHPPPPHHPPPHPHHPHPPHHPHPHHPHP
861,PHPHHHPPPPHPPPHPPPHPHHPHHPHPHP
862,PPPPPHPPHPHHHHHHPHPPPHHPHPHPPP
863,PPPPPPPHPHPHHPHHHHPPPHHPHHPHHH
864,PHPHPHPHHPHHHPPHPPPPHHHPPPPHHH
865,PHHPHHHPPPPHHPHHHPPHPPPHHHPHPP
866,PHPPHPHPHHHPPHPPHPPPPHHPPHHPHP
867,PHPHPHPPHHHPHHPHHPPPHHPHPHPPPP
868,PHPHPPPPPHPPPPPPPHPHHHHPHHHHHH
869,HPPPPHPHHPHHPPHHPHPPPHPHPHPHHH
870,PPHPPPPPPHHHHHPHHHHHHPHPHPPPPP
871,HHPHHHHPHHPPPPHPPPPPPHPHPHPHHH
872,PPHHHHPPPHHHPHPPPHPPHPHHHPPHPP
873,HHHHPHPHPHPHPHPPPPHHPHPHPPPPHH
874,PHPHHHPHPHHPHPHPHPPPHPHHPHPPHP
875,PPPPPHHHPHHHHHPPPPHHPHHPPPHHPP
876,HPHHHPPHHPHPPHHPPPPHPPHHPPHHPP
877,PHPPPHHHPPPHHPHPPPHHPPPHHPHHPH
878,HPPPPPHHHHHPPHHPPHPHPPHPPHPPHP
879,HHPPHHPPPHPPHHPPPHPHPHPPPHHHPH
880,PHHPHPPPHHHPHHHHPPPHPHPHHPPPHP
881,PPHPHHPHPPPHHPPPHPHPPHHHHHHPHP
882,HHPHHPHPPPHPPPPPPHPHHHPPPHHHHH
883,PHPHHHPPPHPHHPPPHPHPPHPHPPPHHH
884,PPHPPHPPHHPPHHPHHHHHPPPPHHPPPP
885,HHHHPHPHHHPPPPPHPPHHHHPPPPPPHP
886,PPHHPPHPHPHPPPPPHHPPPHHPHPHHHH
887,PPPPHPPHHHPPHHHHPPPPPPHHHPHPPH
888,HPPHHPPHHHHHPPHPPPPPPPHPHPPHHP
889,PHPHPHPHPHHHPHHHHPHHHPPPPPHPPP
890,PPPHPHPPHHHPHPPPHHHPPHPHHPHPHP
891,HPPHHHPHPPPPPPHPHHPHPPPHHPHPPH
892,HHHPPPHHPPPPHHPHHPHPPPHHPPHHPH
893,HHPHHPPPHPHPHHPHPPPHHPPHPPHPHH
894,PHPHPHPHHPPPHHHHPPHHHHHPHPPPPP
895,HHHHPPHPPPPPHPHPHHPPHHHPHPHHPP
896,HHPPPHHPPPPHHPHPHPHHHHPHPHPHPP
897,HHPPPPHHHHPPPPPPHPPPHPPHHHHPHP
898,PHPPHHHHPPHHHPPPPHHPPPPPHPHHHP
899,HHPPHPPHHHPPHPHPHPPHPHHPPPPPHP
900,PHHHHHPPPHPHPHPPHHPPPHPHHPPHPP
901,HPPHHPHPPPHPPHPHPHPPPHHPHPHHPP
902,HPHPHPHHPPHPHHPHPPPHHPPPHPPPHP
903,HHPPPHHHHPHHPPPPPPPPHPPHPHHHHH
904,PHPHHHPHPHPPPPPPHHHHPPHHPPPPHH
905,HPPHHPHPHPHHPHHHHPHHPHPPPPHPPP
906,PPHHPHPPHHPHPHHPHPPPHHPHPHPHPP
907,HPHPHHPPPHPPPHHPPHPHPHHPHHPPPH
908,PPHPHPPPHPHHPHHHHPPPPHHHHPHPPP
909,PHPPHPPPHPHHHPHHPHPPPHPPHPPHHH
910,HPPPPPHPPPPHHPHHPHPPHHPHPHHPPH
911,HPPPHPHHPHHPHHPPPPPHPHPHPHPHPH
912,PPHHHPHPHPHHHHPPPHPHHPPPPHHHPP
913,PHPHHPHHPHPHHPHHPHPHPPPPPPPHPP
914,PPHPPHPHHPHPPHHPHPHPPHHHPHPPPP
915,PPPPHHHPPHPHHHPPHPPHHPPHHPHPHP
916,PPHPPHPHPHHPPHHHHPPPHPHPHPPHPH
917,HHPPPHPHPHPHHPHHPPPHPHPHHPPHPP
918,HHPHPHPPPPPPPPPPHHPHHPPHHHHHHH
919,PHPHPPPPPHHHPHPHHHPHPHHPPPPPPH
920,HHPHHHHPPHHHHHHPPHPHPPPPPPPPPP
921,HPHPPPPPPPHHPHPHPPPHHHPPHPHPHH
922,PHHHPPHPHPHHHPHPPPPPPPPHHHPPHP
923,PPPHPPPPHHHPPHHPPHHPHPPHHHHPPH
924,HPPPPPPPPHPPHHHHPPHHPHHPHHHHHP
925,PPPPPHPHHHHPPHHPPHPHPPHHPHPHPP
926,PHHPHHPHHPPPPHHPHPPHHPPHPHPHHP
927,PHHHPPPPHHHHPPHPPHPHPPHHHHPPPH
928,PPHPPPPHHHHHPPHPPPHHHPHHHPPHPP
929,PPHPPPPHPPPPHPPPHHHHPHPPHHPHHH
930,HPHPPHPHPHPPPHPPHHHPPHPPHHHPHP
931,HHPPPPHHHHPHPPPPPHPHPHPHPHHPHP
932,HPPPPHHPHHHHHPPHHHHPPHHPHPPPPP
933,HPHPHPHHPHHPPPHHHPPPHPPPHHPPHH
934,PHPHPPPPHPHHPPPHHHHPPPHPHHHPHP
935,PHPPPPPHHHHPPHHPPHHHHPPHPHHPPP
936,PHPPHPPPHPHHPHHHPHPHPPPHPHPHPH
937,HPHHPHPPPHHPHPPPPHPPHHPHHHHPPH
938,HPHHPPHHHPPPHPPHHPHPHHHPPPPHPP
939,HPHPPPHHHPHPPPHHPPHPHHHPHPPHPP
940,PHPHPHPHHPPPHPHHPHHPPHHPHPHPPH
941,PPHHHHHPPPHPHPHPPHPPPHHPHPPPHP
942,HHHPHPPHPHPHHPPHPPPPHPHHPPPHHH
943,HPHHPPHHHHPPPHPPHPHPHHPPHHPPPP
944,HPPPHPHPPPHPPPHHHPHHHPHHPPHPHH
945,PPPPPHHPPHPHPHPPHHPHHPHHPPHHPP
946,PPPHHPPHHHHPHPHPHPPPPPHHPPHPPH
947,PPHHHHHHHPPPPHHHPPPHPPHPPPPPHP
948,PHPPPPHPPPHHPHPHPHPHHHPHPHPHPH
949,PHPPPPHPHHHPPPHHHPPPHHPPPHHPHP
950,PPPHPPPHHHPPHHPHHPPPPHHHHPHPPH
951,PHHPPPHPHPPPHHHHPHPHHPPHHPHPPP
952,PHHPHHPPHPHPPPHHPHPPHHPHPHHPPH
953,PHHHHHHHHPPPPPHPPPPPHPHPHPHHPP
954,PHPHPHHPPHPHPHHPPHHHHPHPPPPPPP
955,PHHPHPHPPHHPHPPHPPHPHPHPPHHHPP
956,PHPPHHHPHPPPHHPPPHPHPPHPHHHPPH
957,HPPPPHHPHHPHPPHPPHPHHHPHHPPHPH
958,PHHPHPHPHHPPHPHHPHPHHPHPPPPPHP
959,PHPHPHHPPHHPPPPHHHPPPHPPHPPPHH
960,PHHPHPPHPPHHPPPPPPHHPPHHHHHPPP
961,HHHPPPPPHPHPHPHHHHPPPHPPPPPHHH
962,HHPHPPPHHPPHPPPHPPHPHHHHPHPPHH
963,PHPHHPHPHHPHHPHPHPPPHHPPPHPHHP
964,PHHPHHHPPHHPHHHPPHPPHPHHPPPPPP
965,PHHPHPPHHPHHPHHPHPPPPHPHHHHPPP
966,HPPHPHHPPPPPHHHHPPPPHPHHHHHPPH
967,PPPHPPPPHHPPHHHHPPHPPHHPPHPHHH
968,PPHHHHPHHPPHHHPPPPHHHHPPPPHPHP
969,HPPPHHHPHPHPPPPHPPPHHPPPHHPPHH
970,HPPHPPPHHPPHPPHHPPHPHPPHHPPHPH
971,PPPPPPHPHPHHPHHPHHPHHHPPHHHHPP
972,HHHHHPPHHHPPHPPPHHPPPPPHPHPPHP
973,PHPHHHPPPPHHHHHPPHPHPPPHHPHPPP
974,PPHPPHHPPHPHPHPPHHPPHPPHPHPHHH
975,PPHPPPHPPHHPHPPHHPHPHHHPPPHPHH
976,HPPPHPPHPPHPPHPHPPHHHHHHPPHHPH
977,PHHPPPHHHPPHPHPHPPPHHHPPHPPHPP
978,HPPPPHHHPHPHPHPHHHPPHHHPPHPHPP
979,HHHPHHPPHPHPPPPPPPHHHPPHHHHPPH
980,PHHPPPHPHHHHHPHPHPPPPHPPPPHHPP
981,HPPPPPPPHPPHHHHHPPHPHPPHHPPHPH
982,HPPHPPHHHPHHPPPHHHHPHHPPPPPHPH
983,PHPPHPHPPPHHPHHPPPHPPHPHHHHPHP
984,PHPPPPPHHHPHHPPHHPHHPPPHHHHPHP
985,PHPPPHHPHHPHHHPHPHPPHPHHPPPPPH
986,HPHHHPPPHHHPPHPPPPPPHPPHHHPPPH
987,HPPPHPHHPHHPHPHHHPPPPHPHHHPHPP
988,HHPPPHPHPHHPHPPPPHPHHPHHPHHPPH
989,PPHHPPPHHPHPPHHHPHPPHHPHPPHPHH
990,PPHPPHPHHHHPPHPPPHPHPHHPHPHPHH
991,HPPPHPHPPHPHHPHHPPHPPPHPHPPHHH
992,PPPPHPHPPHHHHPPPPPHHHHPHPHHHPP
993,PHPPHHHHPHPPPHPPHPPHPPPHPPHHHH
994,HHPHHPPHPPHHPPHHPPHHPPHPPPPHPP
995,HPHPPPHPHHPPPHPPHPHPHHHPHPHHPH
996,PHPHPHPPPHHPPHPHHHPPHHPHPPPPHP
997,PHPHPPHHHHHPHPHPPPPPPPHHPPHHHH
998,PPPPPHHHHPHHHHPPPHHPHPHPPHHPHP
999,PHPPHHHPHHHHHPHPPPPHPPPHPPHHHP
1000,PHPPPPHPPHPHHHPPHHPHHHPHHPPPHH
1001,HPPHPHPPPHPPPPHPHPHPHHHPPPHHHP
1002,HHPHHHPHPPPPHHPPPHPHHPPPPHHHPH
1003,PPPHHPHPHHPPPHHHPPHHHPPHPPPPHP
1004,HHPHPHHPHPHHHPHHPPPPHPPPHPPPPH
1005,PPPPHPPPHHHHPHPPHHPHHHPHHPHPPH
1006,HHHPPPHPHHPPPHPPHPPHHPHHHPHPPP
1007,PHPPHHHPPPPPHHPHHHHPPPPPHHHPPH
1008,PPPHPHPPHPHPPPHPHPPHHHPHHHHHHP
1009,PPPHPHHHPPPHPHHPHPPPPHPPHHPHHP
1010,HPHHPPPPHPPHHHHPPPHPPPHHHPPPPH
1011,PHPPHHHHPPPPHHHHHPHPPPPPPHHPPH
1012,PHHHHHPPPPPPHHPHPPPPPHPPPPHHHH
1013,PPHPHPPPHHHPHHHPPHHPPPHPPHHPHH
1014,HPPPHHPPHHPPPHHPHPPHHPHHPHPHPP
1015,HHPPHPPPHHHPPPPHPHHPPHHPPPHHHH
1016,PPHPHHPPPHHPHPPPPHHPPPHPHHPHHH
1017,HHPPPHPHPHHPHHHPHHPPPPPHPHPPPP
1018,PPHPPHPPPHPHHHPHHHHHPHPHPPPPHH
1019,HPHHHPPHHPPHPHPHHHPHPHPPHPHPPP
1020,HPHPHPHPHHHPHPPHPPHPPPHPHHPPPH
1021,PPHPPHHPPPHPPHPPPHHPHHPHPPHHPH
1022,PHPPPHHPHHHPPPHPHPPPHPHHHPHPHH
1023,HHPHHHHHPPPHHPPPPHHPPPHPHPPHPH
1024,PHHHPHPPHPHPHPPHHPHHHHHPPPPHPP
1025,HPPHHHPPHHPPHPHHPHPPPPHPPPPHPH
1026,HHPPPPHPHHHPHPHHHPHHHHPPPPPPPH
1027,PPPPHHPHHHPPPHPHPPHHHPPHHPHPHH
1028,PHPPHHPPPHHPHPHHHPPPHPHPHHHPHP
1029,HPPHHPPPHHPPPPHPHPHHHPHHPHPHPH
1030,PHPPHHHHHPPHPPPHHPHPPPHHHPHPPP
1031,PHPHHPPHPPHPPHHHHPHPPPPPPPHHHH
1032,PHHHHHPPHHHPHPPHHPPPPPPHPHPHPP
1033,PPHPPPPPHHHPHPPHPHHPHPHPHPHHPH
1034,HPPHPHHHPHPPPHPHHHHPPPHHPHPPPH
1035,PPHHPPPHHHPHHHPPHPPHPPPPHPHHHP
1036,HHHPHHPPHPPPHHHHPPPPHPPPHHPPHH
1037,PHHHHHPPHHPHPPPPHHHPPPHPHHPHPP
1038,PHPPHHPHPPPHHPPHPHPPHHPPHHPPPH
1039,PHPPPPHPHHPPPPPHPPPHPPHHHHHPHH
1040,PPPHPHHPHHHPHHPHPHPPHPHPPHHPPH
1041,HPPHHPPPPHHHPHPPPPHHHHPPPHPHPH
1042,PHHPPPHPPPHHHPPPHPPHHPPPHHHHPP
1043,HPHHHPHHHPPPPHPPPHHHPHPPHHPHPP
1044,HPHHPPHPPPHPPHHHPPPHPPHHHHPPHH
1045,HPHHPPHHPHPHHPHPHHPPPHPHPHPPHP
1046,PHPPPHHPHPPHHHPHPHHHHPPPPPHHPH
1047,HPPPHHHPHPPPHPHPPPPPHPHPHPHHHH
1048,PHHHHPPHPPPPPPPHHPHHPPHHPHHPPH
1049,HHPPPHHPPHPPHHPPHPHPHHPPPPHHPH
1050,PPHHHPPPPPPPPHHPHPHHHHPPHPHHPH
1051,PHPPPHPHHHHPPHPHPHPPHHHHHPPPHP
1052,PPHPHPHPPPPHPHPPHPHPHPPHHPHPHH
1053,HPHHPHPPPPHPHHHHPPPPPHHPPPHHHP
1054,PPPPHHHPPHPPPPHPHPPPHHHHHHPPHH
1055,PPPHHPHHPHPPHHHPPPHHPPHHPPPPPH
1056,HHPHHPPPHPHPHPHPPPPPHHPPPPHHHP
1057,PHHHHHHHPHPPPPPHPHHPHPPPPHHPPP
1058,HPPHPHPPHHHPPHHPPHPPPHHPPHPPHP
1059,PHHPPPPHPPHHPHHHHPHHHHHPPPHPPP
1060,PPHPHPHHHHPHHPPPHPPPHHPPHPHHPH
1061,HHPHPHPPHPHPPHHHPPPHPHPPPHPPHH
1062,HPHPHHHHPHHPPHHHPHHPPPPHPPPPHP
1063,PHHHPPPHHPHHPPHHPHHPPPHPHPHPHP
1064,HPPHHPPHPHHHPHPHPHHHPPPPPPHPPP
1065,HPPPHPHPHPPPHHPPHPHPHHHHHPPHPH
1066,PHPPHHPHPPPHHPPPHHHPPHPHPPHHPP
1067,PPPHPHHHHHPPHHPPPHPPPPPHHHHHHP
1068,PPPPHPHPPPHPHHPHHHPPHHHPPHHPHP
1069,HHHHHHPHPHPHPHPPHPPPHPHPHPPPHP
1070,HPPPHHHHPPHPPPPHHHHHPPPHPPPPHP
1071,PHHHPPPHPHHPHHHHPHPPPPPHPHPPPP
1072,HHHPPPHHHPHPHHPPPPPHPHPHPPPPPH
1073,PHHPPPPHPPHHPHPPHHHPPHPHPHPPPH
1074,PPHHPPPHHHHPPPHPHHPPHHHPPPHPPH
1075,PPHPHPPHHPHHHPHPPPHPPHPHPPPHHP
1076,HPHPPPHPHHPPPHHPPPHPHHPPHHPHHP
1077,PHPHHHHPPHPPPPHPPHHPPPHHHHHHPP
1078,HPPPPPHHPPPHHHPPHPHHHPHPHHPPHH
1079,PPPHPHHHHPPHPHPPPHPPHPHHHHPPPH
1080,HHHHPHPHHPHPHHPHHPPPPHPHPPPHPP
1081,PPHPPPPPPPPHHHHHHPHHHHPHPHPPHP
1082,HHPHHPPPPHPHHHPPPHPPPPHHHHHHPP
1083,PHPHPHHPPHHHPPPPPPPPHPHHHPPHHP
1084,PHPPHPHPHPHPPHPHHHHHPHHPHPHPPP
1085,HHPHPPHPPPPHPPHPPPPPPHPHPHHHHH
1086,PHHPHHPHPHHHPPPHPPHHHPHHPHPPPP
1087,HHPHHPHHHHHPPHPPPPHPPHPPHHPPHP
1088,HPHPHPHPHPPPPHPHPHHPPHHPHPPHPP
1089,HHHHPPPPPPHHHHPPPHPPHPHPPPHHPP
1090,HPPHHPPHPPHHHHPPPHHPPHPHPPPPHP
1091,PHHPHHHPPHPPPHPPPPPPHHPHHHHPPH
1092,PHPHHHPPPHPPHHPPPPHHHPPPHPHHPP
1093,HHHHPPHPPHPPHPPHHPHPPPHPPPHHHH
1094,PHPHHHHPHPHPHHPHPPPHHPPHPHPHPP
1095,PPPHHPPHPPHHHHPHPPPPPPHPHHHHHP
1096,HHPHPPPHPHHHHPHHPHPPPHPHHPPHPP
1097,PPHPHPPHHHHPPPPPPPHHPHPPHPHHHP
1098,PHPPHHHHHHPPHHPHPPPPPPPHPPHHPP
1099,HHPHPHHPPPHPHHPHPPPPHPHHPHPHPH
1100,HHPPHHHPPPHPPHPPHHPHPPPPPPPHHH
1101,HHPPHPHPPPHPHPHHHPHHPHPHPPHPPH
1102,PPPPHHHPPHHPPHPPHHHHHHHPPPPHPH
1103,HPHPHHPHPPHPPHHPPHPHPHHPPPPPPH
1104,PHHPHPHPPHPHHPPHPHPPHPPHHPPHPH
1105,PPHPPHPHHPHHPPPHPHHPHHHPPHPPPP
1106,HHPPHHHHPPPHPPPPPHPHHHPPPHPPPH
1107,PPPPHPPHHPPHPHHPHHHPHPPPHHPHPP
1108,PPPPPHPHPPHHHPPPPPHHHHPPHPHPHH
1109,HHHPPHHPHPPHPHPPHPHPPPHPPHHPHP
1110,HHHPPPHPPHPHHHPHPPHHPHPPPPPPPH
1111,HPHHHPPPPPPPHPHHHPHPHPPPHPHHHP
1112,PPPPHPHHHPHHPHHHPPPPPHPHPPPPHH
1113,PPPHPPHPHHHHHHPHHHHPPPPHHPHPPP
1114,HHPPPHHPPHHHHHPPPHPPPHHHHHPPPP
1115,PHPPHPHHPHHPPPHHHPPHHHHPPPPPPP
1116,PHPHHHPPHPHPHPPPPHHHHPPPPHHPHP
1117,HPPHHPHHPHHHHHPPHPPPHPPPPPHHPH
1118,PPHPPPPHHPPPPHPHHPHPHHPHHHHHHP
1119,HPHPPPPHPHPHHHHPPPHPHPHPHHHPPP
1120,HPHHPPHPPHHPHHHPHHPPPPPHPHHPHP
1121,PHHHPPHPPPPPPHPHPPHHHPHHHPPHPP
1122,PHHPPHHPPPPHHPHPPHHPPPHPPHPHHH
1123,HPPPPHHPPHPHPHPPHHHHPHHPPPHHHP
1124,PPHHPPHPPHPHPPHHHPPHHPHPHPHPPP
1125,HPHPPPPHPPPPHPPHHHHHPHHPHPHPPH
1126,PHHPPPPHPPHPHHPPPHHPPHPHHHHPHP
1127,HPPHHPPPPPPPPHHPPHHHHHHPPHHHPH
1128,PHPPHPPHPPPPHHPPHHPHHHHHPPPHPP
1129,PPHHPPPHPHHHHPPHHPHPPHPPPPHHPP
1130,HHPPHHPPPPPPHPHHPHHHPHPPHHHPPH
1131,PPHPPPHHPHPHPHHPPPHHHHPHPHPHHP
1132,PPPHHHHHPPHPPHHHHHHPPPPPPHPHPP
1133,PPHHPPHPHPHPPHHHPPPPHHPHHHPHPP
1134,HHHPHPPPPHHPHHPPHPPHHPPPPHHPPP
1135,HHHHHHPPPPPPHHPPHPPHPPHPPHHPHH
1136,HPHPPPHHPHPPPHPHHPHHHHPHHPPPHP
1137,HHPPPHHPPPPHHHHPPHHHHPPHPPPHPP
1138,HHPHHPHHPPPPPPPHHPHHHPPHHPPPHH
1139,HHHHHPPPHPPPHPHPPPPHPHPHPHHHPH
1140,HPPPPPPPHHHHHHHHHPHPHHPPPPPPPP
1141,PPPPHHPPHPHHHPHHPHHHPPPHPHPHHP
1142,PPHPHPPPPHHHHHHPPHHHPPHHPHPPPH
1143,PPPHPPHHPHPHPPHHHPPPHPPHPHHPHP
1144,PPHHPPPHPHPPPPHPPPHPHHHPHHPHPH
1145,PHHPPHPHHHHHPPPPHHPPPPHPHPPHHP
1146,PHPHPHPHHPPPPHHPPPHPPHPHHHPPHP
1147,HHHHHPPHPPHPPPPPPHHHHPPPHHPHHP
1148,HPHPHHHHHHPHPHHHHHPPPPPPPPPPHP
1149,HHHPPPPPHPHHPHHHHHPPPPPPPHHHPH
1150,PHHPHHHPHPPPPPPPHHHHPPHPHHPPHH
1151,HPHPHPHHPHPHPHPPHPPPPPPPHHHHHP
1152,PPPHPPPHHHHPHHHHPHPPPPPPPPPHHH
1153,HHPHPHHHPHPPPPPPHHPPHPPHPHPHPP
1154,PPHHHHPHHPPPHPPHPHHPPHPPPHPHHH
1155,PHPHPPPHHHPHPPHPPPHPHPHPPPHHHH
1156,PHPHPHPHPHHPHPHHHHPHPPHHPPPHPP
1157,PPPPHHHPHHHHHHPPPHHHPPHPPPPPHH
1158,PHPPPHHHPHPPHPHPHPPPHPPHHPHPPH
1159,HPPPPHHHHHPHHHPPPPPPPHPPPHHPPH
1160,HHHPPPHHHPPHHHHPHPHPHPPPPHPPPP
1161,PHHPHHPHPHPHHHPHPHPHPPPPPHPHPP
1162,HPPHPPHHPHHPHPPHPPPHHHHPPPHHPP
1163,PPPHPPPHPPHPHHHPHPHHHPHHHPHPHP
1164,PHPPHHPHPHHPPPPPPHPPHHHHPHHHHP
1165,PPHHPPPPHHPPPHHHHPPHHHPPPPHHHH
1166,PPPHHHPHPHPHPHPPPHHHPHPHPHHHPP
1167,HHPHPHPPHHPHPPPHPHHPPPPHHHHPHP
1168,PHHPHHHPHPHPPPHPPPPPPPHHHPPHPH
1169,PHPPHPHPPHHHHHPPPHHPPPPPPHHPPH
1170,HHHHPPPPPPPHPHHHPPPHPPHHHPHPHH
1171,PPHHPPHHHPHHHHHPHPHPHPPPHPPPPP
1172,PHHPHHPPHHPPPHPPHHPHHPHPPHPHPP
1173,PHHPHHHHPHPPHPPPHPPPHHHHHPPPPP
1174,PHPPHPHHPPPPHPPPPPHPHHHHHPHPPH
1175,HPPHHHHPHHPHPPPHHPHPHPPHPHPPPH
1176,HHHHHPPPPPPPHHPPHHHPPPHPPHHPPP
1177,PPPPHPHHPPPHPPHHHHPHHHPPPHHHPP
1178,PHHHHPPPHPHPPPPHPHPHHHPHPPPPPH
1179,HHPPHPPPPPHHPPPPHHHPPHHPHPPHHP
1180,PPPHPHHHHPPPHPHPHHPHPPHPPHHHPP
1181,PPHHHPPHHHHPHHPPPPPHPPHHHPPPPH
1182,HHPHPPPHHPHPHPPPHHHHPHPPPHPHPH
1183,HPPHHHHHHPPPPPHPHHHHPPPPPPPHHH
1184,PHHHHHPPPHHHHPPHPHPHPPHPHPPPPH
1185,PHHHHPHHPPHPPPHPHPPPPHPHHPPPPH
1186,PPPHHHPPHPPHHPPPHHHPHHHHHPPPHP
1187,PPHPPHHPHHHHPHHPHHPHHPHPPPPPPH
1188,PHHPHHPHHHPHHPPPHPHPPPPPPPHPPH
1189,PPHHHHPPHPPHHHPHPPHPPPPHHHPHPH
1190,PPHHHPPPPPHHPHPPHHHHHHHHPHPPPP
1191,HPPHPPPPPHPHPHHPHHHPPHHHPHPHHP
