id,sequence
0,HPHHPHHHPPHHPPPHPHPHHPHHHHHPPP
1,PPHPHHHHPPHHPHHHPPPPHHHPPPHHHH
2,HHPHHPPHHPHPHPHHHHPHPPPHHHPHHP
3,HHPPPPHPPHHHHPPPPPHHHPHHPHHHHH
4,PHHHHPHHHHPPPHPPPHHHHHPPHHHPPP
5,PHHHHPHPHPHHPHPHPPPPPHHHPHPHPH
6,HPHHPHPHHPHPHHPPPPHHHHHPHPHHPH
7,PHHHHHHHHHPHPPHPPPPPHPHHPHPHHH
8,PPPPHPPHPPHHPHPHHHPHHHHHPHHHPH
9,PPPHHPPHPHPHPPHPPHPHHHHHHPHHHH
10,HPHPHHHPPHHHPPPHHPHHHHPHHPPPPH
11,PPHPHPHPHHHHHHHHHHHPHHPHPPPPHP
12,PHHPHHHHPPPHHPPPHPHHHHHPHHHPPP
13,HPPHHHHPHHPHHPPHHPHHHHHPPPPPPP
14,PHPHPHHHHHHPPHHHPHHHPHPPPPHPHH
15,HHPHPPHPHPHHHHPPHPPHHPHHPHPHPH
16,HHHHPHHPHPHHPHPHPPPHHHPHPHPHPH
17,PHHPPHPHPHHHHHHPPHHHPHPHPPHPHH
18,PHHPHPPHHHHPHHPHHHHPPHPHHPHPPP
19,PHHHHPHPHHHPPHPHPHHHHHPHPPPHPH
20,HHPPHPPPPHHHPHPHPHHHPHPHHHHHPP
21,HPPPHPHHHPPPPHHPPHHHPHPHPHHHHH
22,HHHHHPHPPHPHHHPHHPPHPHPPHPPHPH
23,HHPPHPHHHPHHHPPHHPHHHHPHPPHPHP
24,PHHPHHHHHPHHPHPPPHHPHPHHHPHPPH
25,HPHPPHHHHHHPPHPHHPHPPHPPHHHHHP
26,PHPPPHHHHPHPHPHHPPPHHPHHPHPHHH
27,PPHHHHHHPPHHHPHHHPPHPHPPPPHHPH
28,HHPHHHPPPHPPPPHHHPPPHHHPHHPHHH
29,HHHHPHHPHHHPHHHHPPHPHHPHPPHPPP
30,HHHPPHPHHPPPHHHPHHPPPPPPPHHHHH
31,HPHPPPPHHHPPHHPHHHPPPHPPHHHHHH
32,HHPHPHHPPHPPHHHPPHHHPHHPHHHHPP
33,PPPPPPHHHHPPHPHPHPHPHHHHHHHPHH
34,HHHPPHHHPHHHPPPHHHHPHHPPPPHHHP
35,HPPHHPHHPHHHHPHPPHHHHHPHPPHPPH
36,PPPPPHHHHPPHHHHPHHPHPHPHHPHHHP
37,PHPHHHHPPPHPHPHPHHHPHHHPHHHPPH
38,PHHHHPHHPHPHPPPPHHHHPHHHPPHHPH
39,HHHPHPHHPHPPHHPPPHHPPPHHPHHPPH
40,HHHPPHHHHPHPPHHPPPHHHPPHPHPHHH
41,HHPPHHHPHPPHPHPHPHPPHHHHHPHPPP
42,HPPHPHHPPPHHPPHHHHPHHHHPPPHHHP
43,HPHHPHHHPPPPHHPHPHHHHHPPPHHHPH
44,HHPHHPHHPPHHHHPPHPPPHPHPPHHHPH
45,HPHPHPHPHPHHPHPPPHPHHPHHHPHHHP
46,HHHHHHPPHHPPHHHPPPPPHPHHPPPPHH
47,PPPPPHHHHPHPPHPHHHHHHHHHHPHHPP
48,HHHPHHPPPPHHHPPPHHHHHHPPPPHHHH
49,PHPHPHHHPHPHHPHHHPPHPPPHPPPHHH
50,PHHHHPPHPPHPPHHHPPHHPHPHPPHPHH
51,HHPHHHHPHHPHPHPPPPPPHHHHHPPHHP
52,PHHHHPHPHHHPPHHPHPPPPHPHHHHPPP
53,PPPHHPHHHPPHHHHHPHHPHHPPPHHHPH
54,HPHPHPHPHHHPHPHPHHPHPHPHHPPHPH
55,PPHHHHHHPPPHHHPHHHHPHPPHPPHHPH
56,PHHHHPPPHHHHPHPPPHHPHHPPHHHPHP
57,PPHHPPHHHHPPHPHPHPHHPPHPHHHHHH
58,PHPHHHHPHPHPPPHHPPHHHPHHPHHPHP
59,HPHPHHHHPPHPPHPHHHHPPHHHPHHPHP
60,PPPPHHHHHPPPHPPPHPHPHPHHHHHHPH
61,HHPPPPPHHHPPHPPHPHHHPHPPHHHPHH
62,PPHHHHHPHPHHPHPHHHHPPPHPHPHHHP
63,HPPHPHHHPPPHPHPHHPHHHHHHHPHHPP
64,PPHHPPPHPHHHHHHHHPHPHHPHHPPHHP
65,PHHHHHPHPHPHHPPPPHPHHHPHPHPHHH
66,PPHHHPHHPPPHHPPPHHPPHPHPHHHHPH
67,PPHHHPPPPHHPHHPHHPHPPHPHHPPHHH
68,PHHHHPPHHPHHHPPHPHHHPPHPHPPPHP
69,HHHHPPHHHHPPPHHPPHHPPPPHHHHHPP
70,HPHHHHHPPHHPPPHHHPPHPPPHHHHPHH
71,HPPHPPHHHHPHPHHHHHHPPHPPHPPPHH
72,HPPPPHHPHHPPHHHHHHPPHPHHPHHHPP
73,PPPHHHHHHPPHPHHPHHPHPHHHHPHPPH
74,HHPHPPHHPPHPHHHHPHHPHPHPHPHPPP
75,PHHPPHPHHHHHHHPHHPPHHPPPHPPPHH
76,HHHPHHPHPPHHPPHPPPPHHHHPPHHPHP
77,PHHHHHPPHHPPHHHHPPHHPHHPPHPHHP
78,HHHHHPHPPHPHHHPPPHHPPPHPHPHHPP
79,PHHHPPHPHPHPPHHPHHPHHPHHPHHPHH
80,HHHPPPHHPHHHPHPPHPHHHPHHPHPPPP
81,HPHHHPHHHHPPHPPPHPHPPPHPHHHHPH
82,HPPHHHHPHPHPPHHHHPHPPPHHHPPHPP
83,PHHPHHHHPHHHPHHPHHPHPPPPPHHHPH
84,HHPHPHHHPHHPHHPHHPHPHHHPPPPPHP
85,PHHHPHPPHHHHHHHPPHHPPHPPPHHPHH
86,HHHPHPPHHPHPPHHHHHPPPPPPHPHHPH
87,PHPHPHHHHPPPPPHHPHHHPPPHHHHHPH
88,PHHHHPPHHHHHPHHPHHPPPHHHPPPHPH
89,PHHHHHPPPPHPHHPHPHHHHPPHHHPPHP
90,HHHHPPPHHPHPHPPHHHHPHPPHHPHPHP
91,HPHPHPPHHHPPHHHPPHPHPPHPHHHPHP
92,HHPPPHHHPHHPPHPPHHPHPHHPHHHHPH
93,HHPPPHPPHHHHHPHHPPPPHHHHPHPHHH
94,PHHHPHHPPHPHHHHPHHHHPPHHPPPHPH
95,PPPPHHPHHPHHPHPHHPHHPPPHHHHHPH
96,PHPPPHPPHHHHPPHHPHPPPHHHHHHPHH
97,PPHHHPHPHPPHPHHPHPHPHPHHHPHPHP
98,PHPHHPPHHPPHPHHPPPPHHHPHHHPHHP
99,HPHPHHPPPHHHHPHHHHHPHHHPHPPPPP
100,HPPHPHHHHPHHHPPPPHHPHHPPHPPHHH
101,PPHHPHHHPPPPPHHPHPHHHPHHHHHHPH
102,HPHPHHPHHHHPPHHPPPPPHHHPHHHHPH
103,PPPPHHPHPHHHPPHPHHHHHHHPPHPHPH
104,HPPHHHHPPHPPPPHPHHHPHHHHPPHHHH
105,PPPPHPPHHHHHHHPHPHHPHPPHHPHHHP
106,HPHPHPHHPHHPHHPHPHHHHHHPHPHPPP
107,PPHPHPPHHHHHPHPPPHHHPHHPHPHPHH
108,PHHPPPPHHPHHHPHPHHPHPHPHHHHPHH
109,HPPHPPHHPPPPHHHHHHHPPPHHPHHHPH
110,PHHPHHHPPHHHPHHPHHHPHHHPPHHPPP
111,HHPHPPHHPHHPHHPPHHHHHPPPPHHPPP
112,HHPPPPHHHHPHPHHHPPHPPHPHPHHHHH
113,PHPPHPPHHHPPHHPHHHPHHHHHPHHHPP
114,HHHHPHPPPPPPHHPHHPPHHPHHHHPPPH
115,PHHHHPHHPHHHHHPHPHHPPPHHPPHPPH
116,HPPPHPHHHHHHPHPHHHPPHPPHHPPPHP
117,PHHPPHPHHHHPPHHPPHHPHHHPHHPPHP
118,HHPPHHHPHPHHPPPPHPHHHPPHHHPPPH
119,HHHPHPHPPPHPPHHPHPPHHPHPHPPHHH
120,HPHHPHHHHPHPPHPHHPHPPHPHPHPHPH
121,HPHHPHHPHPPPHPHHHHHPHHPHPHHPPP
122,PHPPHPPHHPHHHHPHHHPPHHPPHPPHPH
123,PHHHHHHHPPHPPHHPHHHPPHHPPHPHPH
124,HHHHHPHHPPPHHPPHHHPHHHPHPPPPHH
125,PPPHHHHHHPPPHPHPHHPHPPHHPHHHHH
126,HPHHHHHPHHPPPHPHPHHPHHHPHPHPHP
127,HHPHHHHPHPHPPPPPHHHPHPPHHHHHPH
128,PHHHPHHHPHPHPPPHPPHHPHPHHPHHPH
129,PHHPHHPHPHHHPHHPHPHPPHHPHHPPHH
130,HPHHPHHHHHPHPPHHPHPPHHHPHPHHPP
131,HHHHHHPPHPPPHHPPHPHPPPHHHPHPHH
132,PHHPHHPHPHHPPPHHHHPPPPPHHPHHHH
133,HHPHPHHHPHPHHHPHPHPHPHHPHHHPPP
134,HHPPHPPHHPHHHHHHHPHPHPHPPPHHPP
135,PHHHPHHHHPPPPPHPPHPHPHHHHHHPPP
136,PHHHHHHHHHHHPPHPPHPHHPPPHPPPPP
137,PHHHPHHHHHPHHHPHHPPPPHHHPPPHHP
138,PHHPHHPHHHPHHPHPHPHHPHPPPPPHPH
139,PPHPHHPHPHPHHHHPPHHPPPHHPHPHHH
140,HHPHPHPHPPHPPHPPPHPHHHHHHHHPPH
141,PHHHHHHPHPHHHHHHPHHPPPPHPPHPPH
142,HPPPPHHPHHPHPPHHHHHPPHPHHPHHPH
143,PHHPPHHHHHPHHPHPHHHPPHPPPHHHPP
144,HPHHPHHPHPHHPHPHHHHPPPHHHPPPPP
145,HPHHHPPHPPPHHHHHPHPHHPHPHHPPHP
146,PPHPHHPPHHHHPHHPHPHPHPHHHPPHPP
147,HPPHHPPHPPHPPHPHPHHPHHHPHPHHHP
148,HHHHPHPPPHPHHHPPHPPHPPPHHHHPPH
149,HPPPPHPPHPHHHHHHHHPHPHPHHPHPHH
150,HHPHHPPHPPPHPHHPPHPPHHHHPPHHHP
151,HHHPHPHPHHHHPPHPPPHHPHHHPHPPHP
152,PPPHPHPPPHHHPHHHHPHHPHHHHPPHPP
153,PPHHHPPHPHHHPHPPHPHHHPPHHPHPPH
154,HHPHHHPPHHPHPPHPHPPHHPPHPHPHHH
155,PPPHHHPPPPHPPPHHPPPHHHHHHHHHPH
156,HHHHHPHPPHHPHPHPPHPHHHPHHPHPHP
157,PPPHHPHHHHHPHHPHPPHHHPPPHPPHPH
158,HPHPHHPHHHPHPPPPHHPPPHHHHPHPHP
159,PPHPHPPHPPHHHHPHHHPPHHPHHPHPHH
160,PPPHHPHHPPHHHHPHHHPHHPHPPHHHPH
161,PHPHPHHHPHHPHPHPHHHHPHPPHPHPHH
162,HPHHHHPHPPPHHHHHHHPPPHHPPPHPHH
163,HHHPHHPHPHHPHPHPHHPPHPHPHPHPPP
164,PHHHPHPHPPHHPHHHHHHPPPHHPPPHHH
165,HPHHPHHHHPHPPPPHHHPPHPHHPPPHPH
166,PHPHHHPPHPHPHHHPHHHHPPPHHPHPHP
167,HHHHHPHHHHPPPPHPPHPHHPPHHHPHPH
168,HHHHPHPHHHPHPPPPPHPPHPPPHHHPHH
169,PHPPHHPHHPPHPHHHPPHPHPPHPHHPHH
170,PHPPHHPHHPPHPHPHPHHHPHHPHPPHHH
171,HPHHPHPHPHPHHPHPHPHPHHPHPHPHPH
172,HPPPPHHHHPHHHPHPHHPPHPHHHHHPHP
173,HPHHHPHHHPHPHHHPPPHPPHHPPPHHPP
174,PHHHPHHHHHPHPHHPHHHPHHHPPPPPPP
175,PPHHHHHHPHPHHHHHPHPPHHPPPPPPHH
176,PHHHHPPHHPHPHPHHHHHPPHPHPHHHPP
177,PHPHPHHHHPPPPHHPPPPHHHHPHHPHHH
178,PHHHHHHHHPPPHHPHHPHPPHHPPPHHPP
179,HHPPPHHHHPHPHHHPHPPHHPPHPHPHHP
180,PPPHHPPHPPHPPHPHHHPHPHHHHPHHPH
181,PHHHPHPPHPPPHHHHPHPPHPHPPHHPHH
182,HHHPPHPHHHHHPHPPPPHPHPHPHHPPHH
183,PPHHPPHHHHPPHHHPHHHPHHHPHPHPPH
184,HPHPPHPHPHPHHHPPPHHPHPHHPPPHHH
185,HPPPHHHPPPPHHHPPHHHPPHPHHPHHPH
186,HPPHHHHHPPPPHHHHPPPPPPPHPHHHHH
187,HHPHPPPHHHPHPPHHHHPHHPHHPPHHPH
188,HPHHPHHPHHHHHHPPHHHPPPPPPHPHHP
189,HHHHPPPHPPHHHHPHPHPPHPPHPHPPHH
190,HPPPPHPHPHPHPHPHPHHHPHPHHPHHHH
191,HHPPHPHPHPHHHPPPHHHPHHHHPPHPHP
192,HHPHPHPHPPHHPHHHHPHPPPHPHHHPPH
193,PPPHHHPHHHHPPPPHPHHPPHHHHPPPHH
194,PHHHPHPHPPPPPHHPHHHHHPHHPPPHHH
195,PHHPPPHPHPPPHHHHHHHPHPPHPPHHPH
196,HHPHPHHPPHHPHHHPPPPHHPPHHPPHHP
197,HPHHPPPHHPPHPHHHHHHPHPHHPPPHHH
198,PHPHHPPHHHHHHHHHPPHPHHPPPHPHHP
199,HPPPHPHPPHPHPHHHPHHPHHPHHHPPHH
200,PHPPHPHHPHHHPHPPHHHPHPHPHPHHHP
201,PHHPPHPPHPPHHPHPHPHHHHHPHHPHHH
202,HPHPHPPPHHHHPPPPPPPHHHPHPHHHHH
203,HHPPHPHPHHHHPHHHHHHPPPPHHPPPPH
204,HPPHHHHPPHHHHHPHHPHPPPHPPHHPHH
205,HHHPPHHHPPPHHHPHHPHHHPPHHHHPPP
206,HPHHHHHHPPPHPPHHHPHHHHPHPPPHPP
207,PPHHHHPHHPPPHHPHPPPHPPHHHPHHPH
208,HPHHPHPPHHPHHHPHHPPHHHPHHPPHPH
209,HPHHPPPHHHPHPHHHHHHHHHPPHPPHPP
210,HPHHHPPHPHHPHHHPHHPPPHPHPHHHPH
211,PHHPHHHPHHHPHPPPPPHPPHPPHHHHHH
212,HPPHHHPHHHHPHHHHPPHHPPPPHPHPPH
213,HHPPHHPPPPPHHHPHPHPHPHHHPHHPPH
214,HHHPHHPHHPPHPPHPPHHHPPPHHHHHHP
215,PPPHHPHHHHHPHPPPPHPHHHHHPPHHHP
216,HHPPPHPPHPPHPHHPPHHHHHPHHHPHHH
217,HHPHHPPHPHPPHHHPHHHHPPPHHPHPHP
218,HHPHPHPPPPPHPHHHHHHPHHPPPHHPHH
219,HHPPHHPHPHPPHHHPPHPPHHHHHPHHPH
220,PPHPPPHHHHPPHPHHHHPHHHPPHHHHPH
221,PHHHPHHHHPPHHPHHHPHPHHHHPPHPPP
222,HPHPHHHHHHHHHPHHPHPPHHPHPPHPPP
223,PPHPHPPHPHHHPPHHHHHHPPHHPPHPHP
224,PHHPHHHPPPPHHHPHPHHHHPHPPHHPPP
225,PHPHPHPHPPHHPHHHHHPPPHHPHHHHHP
226,HHPPPPPHPPHHPHHPPHHPHHPHHPHHHH
227,PHPHHHPHHPPHHHHPHHHHPPHHHPPHPP
228,HHPHHHHHHPPPHPPHPPPPHHHHPHPPHH
229,HHHHHPPPPHHHPHHHPHHHPPHPHPHHPP
230,HPPPHPPPHHHHHPHHHHPHHHHPHHPPHP
231,PPPHPHHHHHPHHPHPPHPHHHHHHPPHPH
232,HPPHHHHPHHPHHHPHPPPPPPPHHHHHHP
233,HHHPHPHHPHHHPPHHHHHPPPHPPPHHHP
234,HPHPPPHPHHHHPPPPHHHPHPPPHHHPHH
235,HHHPHHHPPPHHHHHHPHHPHHPPPPHHPP
236,HPHHHHHPHPPPHHHPPHHPPHPHPHHPPP
237,HPPPPHPHPHHHHPPPPHHHHPPPPHHHHH
238,PHHHHHHPPHPHPHPHPHHPHPPPHPPHPH
239,HPHHPPPHPHHHHHHPHHHPPHPPPHHHPH
240,HHPPHHHPPPHPHHPPPHHHHHHPPHPHHH
241,PHPHPPHPPPHHHHHHPPHHPPHPHHPHHP
242,HHHHPHHPPHPHHPHHHHHHPPPHPPPHPH
243,HPPHPPPHHPHHHHPHHHHHPHHPHPPHPH
244,PHHHHPHPHHHHHPHPHPHHHHPPPHPPPH
245,HHPHHPPHPPPHPPHHHHPHHHHPHPPHHP
246,HPHHPPHPPPHHPHPHHHPHHHPHHHPPHH
247,PHHPPHHHHPHHHPPPHHPPPPPHHPHPHH
248,HHPPHHHHPHPHHHHPHPHPPPHPPPHPHH
249,PPHHPPHPHPPHPPHHHHHPHHHPHHPHPH
250,PHHPPPHHHHHHPPPHHPHPHPPHPPHPHH
251,PHPHPPHHHPPPHHPPHHHHHHHPPHHHPH
252,PHHPPHPPHHPPPPHHPPHHHHHHHPHHHP
253,PPHPPHPPHHPHHHHPHHPPPHPHHPHPHH
254,PPHPPHHPPHHHHHHPHHHPHPPHPHPHHH
255,HHHPHHPPPHPHHPPPHHPPHHHHHHHPHP
256,HPPPPHHHHHPHPPHHHHPHHHPHHHPPPP
257,HPHHPPHHHHPPHPPHHPHHHHHHPHPPHP
258,PHPPPPPHPHHHHPHHPHHHHHPPHHPPHP
259,HPHHPPHHPHHHHPPHPPHHHPHPPPPHHP
260,PHHHPHPHPHPHPHPHPHPHPPHHHHPHHP
261,HHHHHHPPPHPHPHPHPPPPPHPPHHHHPH
262,PHPPHPPHHPPHPPHHHHPPPPPHHHHHHH
263,PPPPHHHHPHPHPPPPPHHHHHHHHHPHHP
264,PPPHHHHHPPPHHHPHPHHPPHPPHPHHHP
265,HHPPHHHPHHHPPHPPHPPHHHHPHHHHPP
266,PHHPHPPPHHHHHHHHHHHHPPPHPPPPHH
267,HPPPHHPHPHHPHPHHPPHPHHPHHPHHHH
268,HPHHHHPPHPPHHPHPHPHPHHHPHPPPHP
269,PPPHHPPHPHPPHHHHPHHHHHPPHHHPPH
270,PPHPHPHHHPHPPPHHHHHHPHPPPHPHHP
271,PHHHHPHPHHPHPPPHPHPPHHPPHHHPHH
272,HHPPHHHPPHHHHPHPHHHHPPHHPPHPPP
273,HHPHHHHHHHPHHPPHHHPHPPHPPHPPHP
274,PHHHPHPPHHHHPHPHHHHPPPPHHHPPHP
275,HHHPHHHPHPPHHHHPPPPPHPHPPPPHHH
276,PHHHPHHHHHHHPPHPHHPPHHHPHPPPPH
277,PPPPPPPHHPHHPHHPHHPHPHHHPHHHHP
278,HPPPHHHPPHHPHHHPHPHHHPPHPPPHHP
279,HHHPPPHPHPHHHPPPHHPHHHHHPPPPHP
280,HPHHHPHHHPHHPHPPPHHHPHPPHPPPHH
281,PHHHPPPPHHHHPPHHPHHPPPHHHHPPHH
282,HPHPHHHHHPPPPHHPPHPHHHPPPPHHHP
283,PPHHHPPHPPPHPHPHHHHHPHHHPHPHHP
284,HHHPHPPHPPPHHPHPPPHPPHHHPHHPHH
285,PHHPPHPPPHHPHHPPHHPHPHPHHHPHHH
286,HHHHPHPHHPPHHHHPPPHPPHPPHHHHPP
287,HHHPPPPPPHHHHHHPHHPHHPHHPHPPHP
288,PHPHHPHHHHPHHHHPPHHHHHPPHPPPPH
289,HHHPHPHPHPHHHHHPPPPPPHHPHHPHHH
290,HPHHHHPHPHPPPPPHPHHPPPHHHPHHHP
291,PHHHHPHHHHPHPPPHHHPPPPHPHHPHHH
292,PPPPHPHPPHPHPHHPPHPHHHHPPHHHHH
293,HHPHHHPHPPPHPHPHPPHHHHHPPHPHPP
294,PHPHPPHHHPHPHHHPHHHPPHHPPHPHPH
295,HHHHPPHHHPHPHHHPHHHPHHPPPHPPHP
296,PHHHHPHHPHPHHPPHHPPPPHPHHHHHHP
297,PHHPHPHHPHHPPHHHHPHHHHPHPHPHPP
298,HPPHPHPPPPHHHHHHPPHPPHHHHHHPPP
299,PHHHHHPHPHHPHHHPHPPHPPHHHPPPHH
300,HPPPHPPPPHHHHHHPHHHHHPHHPHPHPH
301,PPHHHHPHPHHHHHHPPPPPPPHHHPPPHH
302,PPHPPHHPHHHHPHPPHHHPHPPHHHHHPP
303,HHHHPHHPPHHPHHPPPHHHPPHHPPHPPH
304,PPPHPHPHHHHHHHPHPPPHHHPHHPPHPP
305,HPHHHPHHPPHHHPHPHPPHPHHHPHPPPH
306,HHHHHPPPPHHHHHPHPPPPPHHHPPHHPP
307,HPHPHHHHPHPPHPPHHPHHHPHPHPPPPH
308,HHPPHPPPHPPHPHPHHPHHPHHPHHPHPH
309,PHPPHPPHHHHHPPHHHHPPHPPHHHHHPH
310,PPHHHPHHPPHHPHHHHHHPPHHHHHPPPP
311,PPPHHPPPPHHHHPPHPHHHPHHHHHPPHP
312,PPPHHPHHHHPHHHHHPPPHHHPPPPHPHP
313,HPHPPHHHHPPPHHPPHPHHHPPHHHHPHH
314,HHPHPHHHHHHPPHHPHHHPPPPPHHPPPH
315,PHHPPHPHHPHHHPPHPHPPHHHHHPPPHP
316,PPHHHPHHPPHPPHHHHPPHHPHPHHHPPH
317,HHHHPHPHHHPPHHPHPHHPPHPPHHPPHH
318,HPHHHPPHHHHHPHPPPHHHHPHPPPHPHH
319,HPHPPPHHPPHHHHPHHHPHPPPHPHPPHH
320,PPPHHPPPHHPHPPHHPHHHHHHPPPHHHH
321,HPPHPHHHHHHPPHPPHHPHHPHPPHPHHH
322,HHHPPHPHHPHHPPHPPPHHPHHHHHPPHH
323,HHHPHHHPPHHPHPPPHHHHPHPHHPHPPP
324,HPHPHPPPPHHHHHHHHPPPPPHHHHHPHH
325,HHHHHHPPPPHPPHHHHPPPPHPPPHHHPH
326,HPHHHHPHHPHPHPHPPHPHPPHPPHPPHH
327,PHPHHPHHPPPHPHHPHPPPHHHHPHHPHH
328,HHPHHPPPHHHHPHHPHHPPHHPPHPHHPH
329,HPPHPPHHHHPHPPHPHHPHPPHHHHHHPP
330,HHHHHHHPHPPPHHHPHPPPPPHPPHPPHH
331,HHHPHHPPHHPHPHHPHHPPPPHHPHPHPH
332,PHHPHHPHHPPHPPHPHHHPHHHPHPPHHH
333,HHPHPHHHHPHHHHPPPPHPHHPPPHHHPH
334,PPHHHPHHHPHPHPHPPPHHHHHPHHHPPP
335,PHHHHHPHHPPHPHHPPPPPPHHHPHHHPH
336,HPPHPPHPHHHPHHHPHPHHPHHPHPHPHH
337,HPPPPHHPHHPPHHPHHHHHHPPPPHHPHP
338,HHPPPHHHPHPPHHPHHHHPHHPPPHHHHP
339,HHPHPPPPHPPPPPPPHHHHHHHHHHHHPH
340,HHHPHPHHPPHHHHHPHPPHHHHHPHPPPP
341,HPPHPHHPHHPPHPPHHHHPHHPPHHHPHH
342,HHHPHHPPPPPHHPPPHPHPPHHHHPHPHH
343,PHHHHHHPPPPPHHHHHHPPHHHPPPHPPH
344,HPHHHHPHPHPPPHHHHHHHHHPHHPPPPP
345,HHHPHPHPHPHPPHPPHHPPHPHHPPHHHH
346,HPPHPPHPHHHHPPHHPPHPHPHPHHHHPH
347,HPHHPPHHPHPHPHHHPPPPPHPHHHPHPH
348,HHPHHHPHPHPHHPHPHPHPHPHHHPHPPP
349,HPHHHPPHPHPHHHHHHPPPHPPHPHPPPH
350,HHPPPPHPHPHHHPHPHHPPHHHPHPPHHP
351,HPPHHPHHHPPHPPPPPHHPHHHHHHHPPH
352,PPHPHHHPPPHHHHHHPPHHHHPHPHHPPH
353,PHPPHHPPPHHPHHPPHHHPPPHPHPHHHH
354,HHPPPHPHPHHPHHPHHHHPHPPPPHHPHH
355,PHPPHHPHHHHHHHPPHPPHHPHPHHHPHP
356,PHHHPPHHHHHHPHHHHPHHPPPHHPPPPP
357,HPHHPHHHPHHHHHPHPPHPHHHPPHPHPP
358,HPPHHPHHHPPHHHHHHPHPPHHPPPPPPH
359,HHPPHHPHPPHHHHPPPHPHHHPHHPHPHH
360,PHHPHPPHPHHHPHHHHPHPHHHHPPHPPH
361,PPHPPHPHPHHHHHHHHPHPHPHPHPHPHP
362,PHHHPHHPHPHPHHPPHPPHHHHPHHPPHP
363,HHHPPHPHHPHPHHPPPHPPHHPPHHPHHH
364,HHPPPHPHHHPPPPHPHPHHHHHPHHHPPH
365,HPHHHHHHHPPPPPPHPPHPHPPHHHHHPP
366,PHHPPPHHPPPHHPHHHPPPHPHHHPHHHH
367,HPHHHPHPHHHPHPPPHHPPHPPHHHPHPH
368,PPHHHHHHHHHHPPPPHHHPHPPPHPHPHH
369,PHPHHHPHHHHPPHHPHPHHHHHPPPHPHP
370,PHHHHHHHHPPPHHHHPPHPPPHPPPHHPH
371,HPPHHHHHHHPHPHPHHPHPPHHPPHHHPP
372,HHPHHHPPPPHHPPHHHPHPPHPHPPHPHH
373,PHPPPHPHPPPHHHHHPPHHHHHHPHHPPH
374,PHPHHHPPHHPPHPHPPHHHHHPPHHHHPP
375,PPHHHPPHHPPHPPHHPHPPPPHPHHHHHH
376,PHHHHPHPHHPPHPHHHHHPHHHPHPPPHP
377,HHPHHHHPPPHPPPPPHHHPHHHPPHHPHP
378,HPHHPHHHHPHPHHHHPHHPHPPPHHPPPH
379,HPPHPHPHHPHHPPHHPHPHPPPPHHPHHH
380,HPPHHHHHHPHPHHPPPHHPHHPPPPPHHH
381,HHPPHHPPPPHPHHPPHPHHPPHPHHHPHH
382,PPPPHHHHHPHHHPHPHPPPHPHHHHPPHH
383,HHPHHPPPHHPPPHPHPHHHPPHHPHHPHP
384,HHHPHPHPHPPPPHHPHPHHPHHPHPPPHH
385,PHHHHPPHPHHHPPHHHPPPHPHHHPHPHH
386,HPHHHPHPPPHPHHHPPHPHHHHPHPPHPP
387,HPHHPHHHHPHHPHHPHHPPHPHHPPHHPP
388,HHHHHPHHHHPHPPPPPHPHHHPPHPPHHH
389,PHPHHPHPHHHHPHHPHHPHHPHPPHPPHH
390,PHHHHHPPHPHHPPHPPHHHPHHHPPPHPH
391,HPHHHPPHHPHPHHHPHPPPHHPPHHPHPP
392,PHHHPPPPHPHPHPPHHPHHHPPHHHHHHH
393,HHHHPHPHPHPPHHHPHPHHHHHPHHPPPP
394,PPHHPHHHPHPPPHHHHHPHHHHHPHPPPH
395,PPPPPPHHHPHPHHHPHHHHPHPHHHHHPP
396,HPHHHPPHHHHHPPPPPHPPHHHHHHHHPP
397,PPHHPPHHHHPHHPHHHPHHHPPHPHPHPH
398,PHPHHPHHHPHPHHPHPPPPHHHPHHHHPP
399,HPPHPPHHPPHHHPHPHPPHPHHHHHPHHH
400,PPHHHHHHPPHHPHHHHHPPPPHHHHPPHP
401,HHPHHPHHPPHPPPHPPHHHHHPHHHPPHP
402,PPHPPHHHHPHHHHHHPHPHPPPHPHHPPP
403,HHPPHHHHHPHPPHPPPHPHHHHHPPPHHH
404,PHPPHHHPHHPPHPPPPHHHHHHPPHPHHH
405,HHHPHHPPHPHHPHHPHHHPPHPHPHHHPP
406,HPHPHPHPHPPHHHHPHPPHHHHPHHPHHP
407,PHPHPHPHPHHPHPPHPHHHHHHPPHHPHH
408,HPPPHHHPHHHPHPHHHPPHPHPPPHPHHH
409,PHHHPHPPHPHPHPHHPPHHPHHHHHHPHP
410,PPHHHPHHPHHHPHHHPHPHPPPHHPHPHH
411,HHHPPHHHHHPHHHPPPHHPPHPHPPPHHH
412,PPHHHHHHPHHPHHPPHPHHPHHHPPPPPH
413,PPHPPHHPHHHHHPHHHHHPHHPPPPPHHH
414,PHHPHHHHPPHHHHHPHPPHPHHPPPPHPH
415,HPPHHHHHPHPPHHHPPPHHPHPHHHPHHP
416,HPHHHHHPPHHPHPHPPHHPHPHPPHHPHP
417,PHPPPPHHPHHPHHPHHHHHPPHPHHHHPH
418,HPHPPPPPPPHHHPPHHHHPHPHHHHHPPH
419,HPPPHPPPHHHHHPHPPPHHHHPHHHHPPP
420,PHPHHHPHHHHPPHPPHHPHHPPHPHHPHH
421,HPHHHPHPHHPHHHPPHHPPHHHPHPPPPH
422,PHPHHHHPPHHHHPPHHPHPPHHHPHPHHP
423,HHHHPPHPPHHHPHHPHHHHHPHPPPPHPH
424,HPPHHPHPHHHPPHPPPPHPHHHPPHHHHH
425,PHPHPHPHPPPHHHHHPPHHPHHPPHPHHH
426,PHPHPHHPPHHHPHHHHHHHPHPHHHPPPP
427,HHHPPHPPPPPHPHHHPPHHHHPPHPHHHP
428,HPPPHHPHHPHHPPPHHHHPPHHPPHHHHP
429,PPPPPHHPHPHHPHPPHHPHHHPHPHHHHP
430,PHHHHHPHHPPHHPPHHPHPHHHPPHPPHP
431,PHPHPPHPPPHPPHHHPPHPHHHHHPHHHH
432,PHHHHHHHHPHHPPHPPHPPPPHHPHPPHH
433,PHHPHHPPPPHHPHHHHPPPPHHPHPHHHH
434,PHHHHPHPHPHHHHPPPPHHHHPHPPHPPP
435,PPPPPHPHHHHHHPHHHHHPHHPPPHHPHH
436,HPHHHHHHPHPPPHPPHHPPPPHPHHHHHH
437,PPPPPPPPHHHPPHHHPHHHPHHHHPHPHH
438,PHPPHPHHHPHPPHPHHHHPPPPHHPPHHH
439,HHHPHPHHPHPHHHPHPHPHPHHPPHPHPP
440,HHHHPHHPHHHPPPHHPPPPHHHPHHPHPH
441,PHPHPHHPHHHPHPHPPHPHHPHPHHHPPH
442,HPHHHHPPHHHHHHPPHPPHPHPHPPHHHP
443,PPPHHPPPHPPPHHHHHHHHHPHPPPHHHH
444,HHHHPHHPPPPHPPHPHHHHHPHHPPPHPH
445,PHHHPHPHPHHHPPHPPHPPHHHPPHHHHH
446,PPHPHHPHPHHPPHPHPHHHPHHPHHHPPH
447,PHPHHPPHPPPPPHPHHHPPHHPHHHHHPH
448,HPHHHPPHPHHHPPHPPHHHPPHHPHHPPH
449,HHHHHHHHHPPPPHHPPHPPHPPPPPPHHH
450,HHPHPHHHPHHPHPPHPHPHPHPPPHPPHH
451,HPHPHHHPHPHPPHPPHPHHPPHPHHHPHP
452,HHHPPPHHPPHHHPPHPPHHPPHHHPPHHP
453,PHHHHHPHPHHHHPPPPPPHPHPHHPHHHP
454,PHHPPPPPHHPHPHPPHHHHHHHHPHHHPH
455,HHPPPHHHPPPHPPPPHHHHHHHPHHPHPH
456,PPHHPPPPPHHPHPHHHHPHPHHHHHPPPH
457,PHHHPHHHHHPPPHPHHHHPPPPHHPPPHP
458,HPHPHPPHHHHHPPPHHHPHPPHHPHHPHH
459,HPHHPPHHHPHPHHHHPHPPHPHHHHPPPH
460,HHHHHPHPHPHPHHPHHPPHPHPHHPHPPP
461,PHHPPHHPHPPHPHHHHPPHHHHHPHHPHP
462,PHPHHPHHPHHPPPHPPHHHHHPPHHHPHH
463,HHHHHHHPHHHPPHPHPPHPPPHHPPPHHH
464,PHHHHHHPPHPHHHPHHPPPPHPPHPHHHH
465,PHHHPPHPPPHHHPHPHHPHHHHPHHPHPH
466,HHHHPHHHPPPPHHPPHPPHHPHHPHHHPH
467,HHHHHPHPHHPHPPHPPHHHPHPPPHHPPH
468,PHHPPHPPHHPHHHPPHPHPPHHHHHHHPP
469,HPHHPHPPPHPHPPPPHHHPHHHHHHHPPH
470,PPHPHPHHHHHHPHPHHPPHHHHPPHPHPH
471,PHPHPHHHHHHPPHPPPHPPPHHPHPPHHH
472,PHHPHPPPPPHHHHPHHPHPHHPHHHHPHH
473,PHHPPHHHHPHPPPPHPHHHHHPHHHHHPP
474,HPPPHHPHPHPHHHPPHHHPPPHHHHPHHH
475,HHPPHHPPPHHHPHPPHHHPHPPPHPHPHH
476,HPPHPHHHPPPPHHHPPPPHPHHPHHHHHH
477,HPHPPHHPHHHHHPHHHPPPHPPHPPPHHH
478,PHHHPHHHPPHHHPHPHHHPHPHPHPPPPP
479,PHPPPPHPHHPHHPHHHHPPHHHHPHPHPP
480,HHHHPHPHHPHPPHPPHHPHHHHHPPHPHP
481,HHHPPPHPHPPHPHPHPHPPPHHHPPHHHH
482,HPPHPHHHPPPHHPHHHHHHPHPPHPHPPH
483,HHHPHPHHPPHHHHHPHPPPPPHHHHPPPP
484,PHHHHHHPPHHPHPHHHPPPHPHPPHPHPH
485,HPHHPHPHHPHPPHHHHHHHPHHHPPPPHP
486,HPPHHPHHHHHPHPPPHPHPHHHPPPPPHH
487,HPPPPHPHHPHPHHHHHHHPHPPPPPHPHH
488,PHHPHPHHPPPPHHHPPPHHHHHHHPPPPH
489,HPHPHHPHHPHPHPPHPHHPHHHPHPHPPH
490,HPPPPHHHHPPHPPPHHHHHHHPPPPHHHH
491,HPPHPHPPHPHPHPHPHPPHHHPHHPHHHH
492,PHPHHPPHHHHHHHPHHPHHPPPPHHPHHP
493,HPHPHHPHPPHPPHPHPHHPPHPHHPHHHH
494,PHPHHHHHHHPPPPPHHHHHHPHPPHPHHP
495,PPHHPHHHHHPPPPPHPPHHPHHPHPHHHH
496,HHPPPHHPHHHHPHPPPPPHPHHHPHPHHH
497,HPPHHPPPHPPHPHHHPPPHHPHPHHPHHH
498,PHHHHHPPHPPHHHHHHHHPPPPPPHPPPH
499,HPHPPPPHHPHHPPPHPPHHHHHPHHHHPP
500,PHPHPHHPHHHPHHPHPHPPPHHHHHHPHP
501,PPHHHPPHPHHHHHHPPHPHHPHPHHPPPP
502,HPHHHHPPPHHHHPPPPHPHPHPPHHPPHH
503,HPHHPHHPPPHHPPPHHHPHHHPPHHHHHP
504,HHHPHHHHHHPPPHPHHHHPHPHPPPHPPP
505,HHPHPHHHHHPHPHHPHPHPHPPHHPPHHP
506,HPPPPHPHHHHHPHPHPHPHHHHPPPPHHH
507,HPHHHPPPPPHHPPHHPHPHPPHPHHHPHH
508,HHPPHPPHPHHHHHPPHPHHPPHHPHHHPH
509,PPPHPHHPPPPHPHHHPHPHPHHHHHHPHH
510,HPPHHPPHHPPHPHHHPHPPHHHHPPPHHH
511,HHHPPHPHHHHPPHHHHPHPPPHPPHPHPP
512,PPHHHPHPHPPHHHPPPHHHHHHPHHPHPP
513,PPHHHHPHHHPPPHHHHPPHHPHHPHPPHP
514,HPPHPHPPHHHPHHPPHPPPHHHPPHHHPH
515,HPHPPHPPPPHHHHPPHHHPHPPHHHHHPP
516,PPPHPPHPHHPHPHHPHPPHPHHHPHPHHH
517,PHHHPHPHHPPHHHPHPPHPHHPHPHHPHH
518,PHHHHPPPPHHHHHPHHPHPHPPPPHHHPH
519,HHHPPHPHHHHPPPHHPPPHPPHHHHHPHH
520,PHPHPHPPPHPHHHPPHPHPHHHHPHPHHP
521,PHPHHHPPHPPHPHPPHPPHHPPHHHHHHH
522,PHPPHHPHHPHHPHPPHPPHPHHHPHHHPH
523,HPPPPPHHPPPPHHHPHPHHHHPHPHHHHH
524,PHHPPPPPHHHHHHPPHHPHHHHHHPPHPP
525,HHHHPPHHPPHPHHHPPPPHHHHHHPHPHP
526,HHHHPHPHHPPHHPPPHHHHPHHPPHPPHP
527,PHHHHHPPPPPHPPPHHPHPHHHHPHPHHH
528,PPHPHHHHHHHHPPHPHHPPPPPHHHHHPP
529,HPHPPPPHHPHHPPPHHHHPPHHPHHPPHH
530,PHHPHHHPPHHPPHPPHPHHHPPHHHPHPP
531,PHHHPPPHPHPHPHHPHPHHHPHHHPHHHP
532,HHHHPHPHHHHPHHPPHHHHPHHPPPPHPP
533,HPPHPHPPHHPHHHHPHPHPHPHHHPPHPP
534,HHHHPPPHHHHPPPHHPHPPHPPPHPHHHH
535,PHHHHPPPHPHHHHPHPPHPPHPHHPHHHH
536,PPPHHHHHHHHPHPHPHHHPPHPPHHPPPH
537,HHPPHPHHHPHPHHHPHHPHHPPHPHHPPH
538,PHHHHPPHHPHPHHPPHHHPHHPPPPHHHP
539,HPHHHPHPPHPHPHPHHHPPHPHHHPHHHP
540,PHPPPHPPHHHPHHPHHPHHPHPPPHHPHH
541,HPHPHHPHHPPPPHHHHPHPPHPPHHHHHH
542,HPPPHHPPHHHHPHPPPHHHPHPPPHHHPH
543,HPPPPHPHHHPHHPPPHHHPPPHHHHPHHP
544,HPPPHHPHHPHHHHPPHHPHPPHHHPHPPP
545,HPHHPHHPPPHHHPPPPHHPHHPPHHPHHH
546,HPHHPHPHHHPHPHHHPPHHHPHHPPPHPH
547,PPPHPHHHHPHHHPHHPPPPPHHHHHHHHP
548,PHPHPHPPHHPPHHHHHHPHHPPHHPHHPP
549,PHHHHHPHHHHHPPPHPHHHPHHPPHPHPP
550,HHHPHPHPPHPPPHHHPHPPHHHPPPHHHP
551,HHPHHPHPPPPHHPHHPPPHHHHHPPPHHP
552,HHHHHPHPHHPPHPPHPPPPPHHHPHHHPH
553,PPPHPPHPHHHPPPPHHPPHHHHPHHPHHH
554,PPHPHHHHPHPPPHHPPHPHHHPPPPHHHH
555,HHHHPPHHHHHHPHPPHHHPPHPPHHHPPP
556,HHPHPHHPHHPHHHHPHHHHHPPPPHPHPP
557,HPHPHHHPHPHHHHPHPHHHHHPHPPPPHP
558,HPHPHPPHPHPHPPHHHPHHHPPPPHHHHH
559,HHHHHPPPPPHPHHPPHHHHPPPPHPHHHP
560,PPHPHHHHHHHHHPPHHHPPPHHPPPHHHP
561,HPPPHHPPPHHHHPHPPHHPHPHHPHPHPH
562,HHHHHHHHPHPHPPPHPHHPPHPHHPHPPP
563,HHHHHHHHPPHPHPPHPPHHHPPHHPHPHP
564,PHHPHPHHPHHHPPHHHHHHPPPPHHPPPH
565,PPHPHPHPHHHPPHPHHPPHPHHHHHHHPH
566,PHHHHPPPHPPHHHHHHHHPPHPHPPHPHH
567,PHHHPHHPPPPHHHHHHPPHPPHHHPHHPH
568,HHHPHHPPPHPPHHPHPPPHPHHPHPHHPH
569,HHHPHHHPPPHPHHHPHHPPHPHPHHHHPP
570,HPPHPPPHHHHHPHPPHHPHHPHPHHHHPP
571,HPHHPPHHHHPHHHHPHHPPPHPPPPPHHH
572,HHHHPHHHPPHHPHPHPHPPPHHPPPHHPH
573,HHHHPHHPPHPHHHHPPPPPPPHHPPHHHH
574,HPHHHPHHHPPPPHHPHHHHPHPHPPPPHP
575,PPHHPHHHPHPPHHPPHHPHPHPHHHPPHP
576,HHPPPPHPPHHHPHHPHPHPPHHHHHPPHP
577,HPPHPPPPHPHHPHPHPHHHHHPHHHPHPH
578,HHHPPHHHPHHPPHHHPHHPPPHPPPHPHP
579,HPHHHPPHPPPHHHHHPHHHPPPPPHPHHH
580,HPPHHHHHHHPHPHPHHHPPPHHPPPHHPP
581,HHHHHPPHHHPHPHHPPHHPPPPPHHHHPH
582,HHHPPHHHPHHPPHPHPHHPHHHHPHPPHP
583,PHHPPPHHHHHPPHPPHPHHHHPPHHPPHH
584,HHHPHHHHHHPHPHHPPPPPHPPHPHHHHP
585,HPPPHPHPHHHHHHPPHPPHHPPPHHHHPP
586,PHPPPHHHPPHPHHHPPPHHHHPPPHHHHH
587,HHHPPHHPHPPHHHHPPHHPHPPPHHPHPH
588,PHHPHHHHPHHHPHPHHHPHHPPHHPPPHP
589,HHHPHHHHPPHPHHHPPHPPHHPHHHPPPH
590,HPPPHHHHHHPHHPPHPHHHPPPPHPHPHP
591,PPPHHHPPHPPHHHHHHPPPHPHHHPHHHP
592,PPPHHPHPHHHPPHHHPPHHPPPHHHHHHH
593,PPPHHHHPHHPHPHHHPPHPHHPPHHPHHH
594,HHPHHPPHHHHHHPPPPHHPHHHPPPHPHP
595,PHHHHPHPHPHHHHPHHPPHPHPPPPPPHH
596,HHHHPPPHHHPPPPHHHHHHPHPPHPHHPH
597,HPHHHHHHPHHHHHPHPPHPPHHPPPPPPP
598,PPHPHHPHPPPHPPPPHHHHHPHHHHHPHP
599,PHPHHPHHHPHPHHPHHHHPPHPHPPHPHP
600,HHHPHHHPHHPHHHHPPPHHHPHPPPPHPP
601,PHHPHPHPPHHHHHPPPHHHPPHHPPHHHH
602,PHHHPPHHPPPHHPHHPPHPHPHHHHHHPP
603,HPHPHPHHHHHPPHHPPHHPPHPHHPPHHP
604,HHHHHHHHHHHPPPPHHPPPHPHHPPPPPP
605,HPPPPHHPPHHPHPHPHHPHHPHHPHHHPH
606,HHPPPPHPPHHHHHHHHPHHPPHHHPPHPP
607,PHPPHHPHHPHPHHPHHPHHHHPHPPPHHH
608,PHPHPPPHPHHHHPPHHHHHHHHPHPPPPH
609,HHPHPHPHPPPHHHHPHHHHPPPPPHHPPH
610,HHPPPHHHHPHPPHPHHHPHHPPPHHPPPH
611,HHPHHHHPHPPPHHPHPPHPHHHHPPHHPH
612,PHHHPPPHPHHPPHHHPHHHPHPHHHPHPH
613,PHHPHPPHPHHPHHHPPPPHHPHHHHHPPP
614,HPPHHPPPPHHHPHHPHHHHHPHPHHPHPH
615,HPHPHHPPHHHPPHHHPHHPHHPPHPHPPP
616,HPHHHPHHHHHHPPPHPHPPPHPPHHHPHH
617,HHPHHHPPHPPPPHHPHHPHHHPPHHHPPH
618,HHPPPHHHPPPHPPPHHHHHHHHPHHHPPH
619,PHPHHHPHPHHPHPPHHPPPHPHHHHHHHP
620,HPHHHHPPHHHHHHHPHHHPPHPHPPPHPP
621,HPPHHHHHPHHPHPHPHPHPHPPPHPHHPH
622,PPPPPHHHHHHPHHHHHHHPPPHPPHPPHH
623,HHPHPHPPPPHHHHPHHHPHHPHPPHHPHP
624,HPHHPHHHHPHPHPHHPPPPHHHPPPPHHP
625,HPPHHHPHPHHHPHPHHPPHPPPPHHHHHH
626,HPPHPHPPPHPHPPHHHHHHPPHPHHHHHH
627,HPPHPHPPHPHHPHPPHHHHHPPPPHHHHH
628,PPPPHHHHHHHHHHPPHPPPHHHPHHPHPH
629,HHPHHPPPPHPHHPHHPPHPHPHHHPHHHP
630,PPHPHPHHHPHHHHPHHHPHHPPHPHPPHP
631,HHHHPHPPPHHHHHPPHHHPHPPPHPHHPP
632,PPPHHPHPHHHHHPHHHPHPPPHHHPPHPH
633,PPHHPPPPHHPHHHPHHPHHHPHPHPHHPH
634,HPPPHPPHPPPHHHHHHPHHHHPPHHPPPH
635,HPHHPHPHPHPHPHHPPPHHHPHPHHHPHH
636,PPHPHPHHPHHHHHHHHPPPPHPPHHHPHH
637,HHHPPHPHPHHPHHHPHHPPHHHHPPHHPP
638,PPHPHHHHPPHHHHPPHPPHHPHHPPHHHH
639,HPHPHHPHPPPHHPPHPPHHHPPHHHPHPH
640,PHHHHHPPHHPHHHHHPPPPPHHPPPHPPH
641,PPHPPHHPHPPPHHHHHPPHPPHHHPHPHH
642,HHPHHPPHHHHPPHHPPPHPHHHPHPHPPH
643,HPPPHPHHHPPHHHPPHHHHHHPPPHHPHH
644,HPHHHHHHPHPHPPHPPPPPHPHHHHPHHP
645,HPHPPPHPPHPHHPHHPHPHHHHHHHPHPH
646,PHHPHHHHPPPHPHPPHHHPHHHHHPHHPP
647,PPPPPHHHHHHHHHPHPHPHHPPHHHPPHH
648,HPHPHHPHHPHHPPPHPHHPHHPPPPPHHH
649,PHHHPPPPPHPPHHHHHHHHHPHPPHPHHH
650,HPHHPPHHPHPHHPHPHPHHPPHPHHPHHP
651,HPHPPPPPHPHPHPPHHHHHHPHHPPHHHP
652,PPHPPHHHHHPHHPPPPHHHHPHPPHHPHH
653,PPHPHHHPHHHHHHPPPPPHHHPPPPHPHH
654,HPPHHPPPHHHPPHHPPPPHHPHHHPHHHH
655,HPPPHHPHPHPHHPHHHPPPHHHHPHHPHH
656,PHHHHPPPHPPPPHPHHPPHPHHHPPHHHH
657,HPPHHHHHPPHPPPHPPHPHHHHPHHPPPH
658,PHPHPPHHPPHHHHPHHHPPPPHHHPPHHP
659,HHHPHHHHPPHPPPPHHHHPPHHPHPHPHP
660,HPPHPPPPHPHPHPPPHHHHPHHHHHHHHH
661,HPHHHPHPPHHHHHPHHPHPHPPHHHPPHP
662,PPHPPHHPPPHPHHPPHHHPHHHPHHHHPH
663,PPPPHHHPHHPHHPHPHPHHPHHHPHHPHP
664,HHHHHHHHHHPHPHHPPHHPHHPPHPPPPP
665,PHHHHHPPHHPPPHHHPHHPPHPHPPHHPH
666,HHHPPPHHHPHPPPHPPPHHHHPHHHHHHP
667,HHPPHHHHPPPPHHHHHPPHHPHPHPPHHP
668,HHHPPPPHHPPHPPPHHHHPHPHHHHPHPH
669,HHPPPHPHPPHPHHHHHHHHHPPPPPHPPH
670,HPPPHHPPPPHHHPHPPHHPPPHHHHPHHH
671,PPHPHHHHPHPPHHHHHPHHPHHHHHPPPP
672,PPPHHHPPHHHHHHHPHHPHPHHPPHPHPH
673,HHHHHPHHHPHHHPPPHHHPPPHPHPPPPH
674,HPHHHHPPHHPPPPHHHPHPHPPHHHHHPP
675,PPHPPHHHHHHPHPHPHPHHPHHHPHPPPH
676,HPPHHPHHPHHHPHHPPPPPPPHPHHHHHH
677,HPPHHPHPHHHHPHHPPPPPHPHHHHPHPH
678,PHPPHPPHHHPPHHHPHHHHHPPHHHHPPH
679,HPPHPPHHPHHHPHPHPHPHPPHPHHPHHH
680,PHHPHHPPHHPHPHHPPHPHPHPHHPPHHH
681,HPPPHHHHHHPHHPHHPHHHHPPHPPPPHH
682,HPPPHPPPHHPHHPHHPPHHHPPHHHHHHH
683,HHHPHPPHHPHHHPHPHPHHHPPHPHPHPP
684,HHHPHPHHPHPPPHHHPHHPHPHHPPHPPH
685,HPPPHHPHPHHHPHHHHPPPHHHPHHHPPP
686,HHPPHPHPPPHPHHHHPHHPHHPHPPPHHH
687,HHHPPPHPHPHPHHHPHPHPPHHHPPHPHH
688,HHPPPHPHHPHHPPPHHHHHHHHHPPHPPH
689,PPHHHHHHPHHHPPPPHPHHHHPPHPPHHP
690,HPPHHHPHHPHPPPPHHHPHPHHPPHPHPH
691,PHHHPHHPPPHPPHPHHPHHHHHPHPHPHH
692,HPHPHHPHHPPHPPHPHHPHHPHPPHHPHH
693,HPPHHHHHPPPHHPPPHHPHPHHPHHPPHP
694,HPPPPHPHPPHHHHHPHPHHHPPPHHHPHH
695,PPPHHHPHHHPPHHHPPPPHHHHPPHHHHH
696,PPHHHPHPPHPPHPPHHHHHPHPHHHHHHP
697,HPHHPPPPHHHHHPPHHPHHHHHHPPPPPP
698,PPPHPPHHPPHHPHHPHHPHHHHPHHHHPH
699,PPHPHHPHHPHHPHHHHHPHPPPPPHPPHH
700,PPHHHHPHPPPPPPPHHHHPHHPHHHPPHH
701,HHHPPPHHHHHPHPHPHHPPPPHHHHHHPP
702,HHHPHPHPPPHHPPHHHPHHPHPPHPHHHH
703,PHPHHHPHPHHPPHHHHPHHHHPHPPPHHP
704,HPHPHPPHPHHPPHPHHHPPHHHPHPHHHP
705,HPPHPPHHHPHPHPHHHHPPPPHPHHHHHH
706,HPHHPPPHPPPPPHHHHHHHHHHHHPPHPP
707,HHPHPPPHHHHHPHHHHPPPPPHHHHPHPH
708,PPHHPHHHPPPHHHPPHPHHHHPPPPHHHH
709,HHHPHPHHPHHPHPPHPHPPHPHPPHHHHH
710,HHHHPHHHHHHHPHHPPPHHPPPHPPPPPH
711,HPPHHHHHHPHPHHHPPPPHPPPHHPHHHH
712,HPHHHHHHHPPHPHPHPPHHHPHPHPPHPH
713,PHHHPHHHPHPPHHPPHPHHHHHPHHPPPP
714,PHHHHPPPPPHHHHHHHPPPHHHHHPPPHP
715,HPHPPHHPPHPHHHHPHHHPHPHPHHPHHP
716,HHPPPHPHPHPPHPHPHHHHHPHHHPHPHH
717,HPHHPHHHPPHPHPPHPPHHHHHPHHHHPP
718,PHHHHHPHHHHHPHPPPHHPHPPHPHPHPP
719,PPHHPPHPPHHPHHPHHHHPHHPPPPHPHH
720,HPPPHHHPHHHPHHPHHPPPPPHHPHPHHH
721,HHHPPPHHPHPHPHHPPPHPPPHHHHHPPH
722,PHHPPPHPPPPPHHPHHPHHHHHPHHHPHH
723,HHHPPPHPHHHHHHPPHHPPPHHPHPPHHH
724,HHHHHPHPPHHHPPPHHHHPPPPPPHHHPH
725,HHHPPPHHHPHHPHPHPHPHHPHPPHPPHP
726,PPPHHPHHPPHPPPHPHHHHHPHPPPHHHH
727,HHPPHHHPPPHHPHHHPHPPHHPHPHHPPH
728,HHPHPHHHPPPPHHHPPPPHPHHPHHHPHP
729,PPHHHPPPHHPPPHHHPHHPHPPHHHHPHH
730,HPPHHHHPPHHHPHHPHHHPHPPPHPHHPH
731,PPHPHPHHPHHPPHHPHHPHHPHHHHPPHH
732,HPHPHPPHHHPHPPHHPHHPHPHHPPHHHH
733,HHHHHHHPPHHHHHHHPPPPPHPPPHHPPP
734,HPPHHHPHHPHHPHHHHPHPPHHPPPHPPH
735,PPPHHHPHPHHPPPHHPHPPHHHHHPHPHH
736,HPPPPHPHPHHHHHHHHPHPHPHHHHPPPH
737,HHHHPPPPHPHHPPHHPPHPHHHHHPHPPH
738,HHHHHHHHPHPHHPPPPHPPPHHPPHPPHP
739,HHPHPHHHPHHPPHPHHPHHPHHHPPPPHH
740,HHPPHPHHPPPHHHHPHPHHHHHHPHPHPP
741,HHHHPHPPHPHHPPPHHHPHPHHHHHPPPP
742,HPHHPPPHPHPHHPPHHPPHPHHHPPHHHH
743,PHHHPPHPHPPHHPHHHPHHPHPPHHHPHH
744,PHHPPHPPHPHHHHPPHPPHHPHHPHPHPH
745,PHHPPHPHPHHPPHPPHHHHHHHPHPPHHP
746,HHPPHPHPPPPHHHPHPHHHHHPHHHPHHP
747,HPHPPHHPPPHHHPPHHHPHHHHHPPPPHP
748,HHPHHPPHHPHPHPHPHHHPPPHPHHPPHP
749,HPPPHHHHPHPHPHPHPHHPHHPPHPHPPH
750,PPHHPHPPPHHHHPHHHPPHPPPPHHPHHH
751,PHPPPHHPHPHHPHPPHHHPHHPPHHHHPP
752,PHHHPHHHHPHHHHPHHPPHHPPPPPPHPP
753,HHPPHHHPPHPHHHHHHPPPHHPHPHHHPP
754,HHHPPPPPPHHPHHHPHPHHHPHHHHHHPP
755,PPHHHHHHPHHPHPPPHPPHHHPHPPHHHH
756,PHHPHHHHHPPPPHHPPPHHPPHPHHHHPP
757,PHHHHPHHHHHPHHPPHPHHHPHHPPPPPP
758,PHPHPHHHHPHPHPHHPHPHPPPHHHPPPH
759,PHHHPPHPHHPHPPPHHPPPHHHPHHPHHH
760,HHHPPHPHHPHHHHPHPHHPPPHHHPPHPH
761,PPHHHHPPHPHHHPHPHHHPPHHPPHPHHP
762,PPPPHHHHPHPPHPHPPHHPHHHHHPHPHH
763,PHPPHHPPHPHHHHHHPHPHHPPHPPHHHP
764,HHPHHHPPPPHHPHPHHHHPPPHHHPPPHH
765,HHPPHHHHPPPPPHHHHPPHHHHHHHPPPH
766,PHPHHPHPHHHHPPHPHPHHPHPHHPHPHH
767,PHPHPPHHPHHHPHHHHPPHHHPPHPPHHP
768,HPHPHHHPHHPHHHHHPPHPHHPPHPPHPH
769,PHHPHHPHPPHPHHPHPPPHPHHHHHPHPH
770,PHHHPPHHPPPHHHHPHPPPHPHHHPHHHP
771,PHPPHHPPHPPHHPPHHHHHPPHPHHHPHP
772,PPHHHPHPHPPHPHPHHHHHPPHHHHPHPP
773,PPPPPPHHHHPPHPPHPHHPPPHHHHHHHH
774,HHPHHHPPPHHHHHPHHHPHPHPHPPPHPP
775,PPHHHPHHHPPHHHHPHHHHPPPPHPPHHP
776,PPHHPHPHHPHPHPPHPHPPHPHPHHPHHH
777,HPHPHHPPHHPHPPHHHPPHPHHHPHPHHP
778,PHHHHHPPHPPHHPPHHPPHPHHPHPHHHH
779,HPHPHHHPPPPHPHPHPHHHHHPPHPPHHH
780,HPHPPHHPHPHHHHPHHPPHHHHPHPPHPP
781,HPPHHHHHHPHHPHHHPPHHPHPHPPPHPH
782,HPHPHPPPHHPHPPPHHPPHHHHHHHPHHH
783,HPHPPPPPHPHPHHHHHPPHHPPHPHHHHP
784,HPHHPPHPHHHHPHPHPPHHPHHHHPPHPP
785,HHPHPPHHPHPHPHPPHHHHPPHHPHPPHH
786,PHPPHHHPHPHPPPPHHHHHHPPPHPHHHH
787,HPHPHHPPHHHHPHPHHHPPHHHHHPPPPH
788,HPPHHHPPHPHHHPHPHHPHHPHHHPHPPH
789,HHPHHPHHPHHPPHHHPPHPPPHHPHPHPP
790,PHPPHPHHHHPPHHHHHHPPPPHPHPHHHH
791,HPHHHPPHHHPPHHHPHHPHPHHPHPPHPP
792,HHPHHHPHHHPPHHPPPPPHPHHPHPHHHP
793,HHHHPHPPHHHHPHHPPPHHPHPPHPHHHP
794,PHHPPPPPHHPPPHPPHPPHPHHHHHHHHH
795,PHHHPHHPHPHPPHHPPPHHHPPPHHHPPH
796,HPHHPHHHHPHHPHPPPHHPHHHPHPPHPH
797,PPHHPPPHPPHHPHHHPHHHHPPHPHPHPH
798,HPHHPHPHHPPPPHHHPHPPHHPHHPPHHP
799,HHHPPPHHPPPPPHHPHHPHPHPPHHHPHH
800,PPPHHHHHPPHPHPPPHHPPHPPHPHHHHH
801,HPPHHHHPPHHPPPHPPHHPPHHPHHHHHP
802,HHPHHHPHHPPPPPPHPPHPPHHHHHPHHH
803,PHHHHHPPPPHHPPHPPPHHPHHHPHHHHP
804,PPHPHHHHHPPPPHHHPPHHHPPPPHHPHH
805,PPHHPHHPPPHPHPPHHHPHPHHPHHHHPP
806,PPPHPPHPHHHPHPHHHPPHHHPHPPHHPH
807,HPHHHPHPHHHHPHPPHHHPHHHPPPHPPP
808,HHHPHPPPPHPPPHPHHHHHHPHHHPPHHP
809,PPHHHHPHPPHPPHHPHHHHPHHPHPPHHP
810,PPPHHHHHHHHPPHHPPPHHHPHPHHHPPP
811,PHPHHHHPHHPPHHHHPPHPHHHPPPPHHP
812,PHHHHHHHPHHPPHHPHPPPHPPHHHPHPH
813,HPPHHPPPHPHHPHHPHHPHPPHHHPHPHP
814,PHHHPHPPHHHHHHPHHPPHHPPPHHHPPH
815,PPHPHPHPHHPPHHHHHHPPPHPHHHPHPH
816,PPPHHHHPHPPHHHHPPHPHPHPHHPHPHH
817,PHPPHHHHHPPHHHPHHHHPPPHPPHPPHP
818,PPPPPHHHHHHHHHHHPHPHHHHHPPPHPP
819,HPPHPHPPPHHHPHHHPHHHHHHPPPHPHP
820,HHHPHHHHPPPPPHPHPPPHPHPHHHHPHH
821,PHHPHHPPHPHHHPHPPHPHHHHHPHPHPH
822,HPHPHPHHPHPHHHPPHHPPHHPHPHPHHP
823,HPHPPPPHPHPPHPHHHHPHPHPHHPHHHP
824,HPHPHHPHPPPPHHPHHHHHPPPHHPHHHP
825,PPPPHPPPPHHHHHHHPHHHHHHHPPPHHP
826,PPPPHHPHPHHHHHHHHPPHPPHHPHHPPP
827,HHPHHHHHPHHPPPPHPPHHHHHPHHHPPP
828,HHHPPPHHHPPPHHHPPPPHPHPPHHHHPH
829,HHPHPHHHPHHHPHHHHHPHPPPPHPPPPH
830,PPHHHHPHPHPHHHHHHPHPHPPPPPPHHP
831,PPHHPPHHHPHPHHPHPPPHPHPHHHHHPH
832,HHHHHPHHHPHHPHHPHHHHHPPPPPHPPP
833,PPPHHPHHHHHHHPHPHHHHPPHHPHPHPP
834,HPPHHHHHHPHPPPPHPHPHHHPHHHHPHP
835,HHHHHHPPPHHPHPHPPHPHPHPHPPHHPP
836,HHPPHPHHPHHPPPPHHHHHPPHHPHHHHP
837,PHHHPHPHPHHPHHHPHPHPHHPPPPHHHP
838,HPPPHHPPPHPHHHHHHHHHHPHPPHHPPH
839,HPPHHHHHHPHPHPPPHPHHPHPPHHHPPH
840,PPHHHPPHPPHHHHHPPHPPPHHHHHPHHP
841,HHPHHPPHPPPHHPPHHPPPHHHHHHHHHP
842,PPPHHPHHHHHHPPPHHHHPPHHPHHHHPP
843,PPPHPHHPPHPPHHPHHPHPHPHPHHHHHH
844,HHHHHHHHPPHPPHPPPHPPPHHHPPHPHP
845,PHPHPPHHHPHHPPPHHPHPPHHHPHHHHH
846,PHHHHPPHHPHPHHPHHHPHHPHHHPPHPP
847,PHHHHHPHPPHPPHPHPHPPPHPHHHHHHH
848,HPPHPHPPPHHHPHHHHHHHPPPPHHHHPH
849,HHPHPPPPPHPPHHHHHHHHHHHPPPHPHP
850,PPPPHHPHHHHHPPPHHPPHHHPHHPHPPH
851,PHHPHHHPPPHHHHHHPPPPHHPPPPHHHH
852,PPHPHPPPHHPPHHHHHPHPHPHHPPHHHP
853,HPHPPHPPHPHPHPPPHHHHHHHHHHHPPH
854,HHPPPHHPHHPHPHPHHHHHPPHPHPHHPH
855,HHHHHPPHHHHPHPHHHPPPPHHPPHHPPH
856,HPHPPHPHPPHHPHPHPHHHHHPPPHHPHP
857,PHHHPPPPPHHHPHHPPHPPHHPHPPHHHH
858,PHHHPHHPHPHPPHPHPHHHPPPPHPHHHH
859,HHPPPPHPHHHPHPHHHHHHPPPPHHPHHH
860,HPPPPHHPHPPHHHHHHPPPHHHHPHHPPH
861,HHPHPPHHPPHHPHHHHPPHHPPHHHHPHP
862,PPHHHHHHHHPHHPPHPHPHHHPPPHHPPH
863,HHPHPPPHHPHHPPHHPPHPPHPPHPHHHH
864,HHPHHPHPHHHPPPHPPPPHHHPHPPHHHH
865,HHHHHHHPPHPPPPHHPPHPHPPPHHPHPH
866,PPPHHHPPHHHHHHPHPPHHPPHPPHHHHH
867,HPHPHHHHPHHPHPPHPPHPHPPHHHHPPP
868,HHHPPHPHPHPHHPPHHPHHHPHPHPPHPH
869,HHPHHPHHHPHPPHPPPHHPHPHHHHHPPH
870,PHHHPHHHPHPPPPPHPHPPHHHHHPHHHH
871,PPPHPHPHPHHPHHHHPHHHHHPHPPHHHP
872,PHHPHHHHHHPHPHHPPPPPHPHPHHHPHP
873,HPHHPHHHPHHPHHHPPPHHPHPPHPPHHH
874,PHPHHHHHPPHHPHPHPHHPPHPPPHHPHP
875,HPPPHPPHHHPPHPHHPHHHHHPPHHHPPH
876,PPHPHPHHHHPHPHHHPPPHPHHPHHHPPP
877,HHPPHHHHHHPPPHHPPHPHHHHPPHHHPP
878,PPHPHHPPPHPPPHHHHHHHPHPHHPHHHP
879,HHPHPPPHHHPHHHHHPPPHHPHPPPHPPH
880,HHPPPHPHHPHHHPHHPPPHPHHPPPHPHH
881,HPPHHHHHHPHPPHHPHHHPPHPPHHPHPH
882,HHPPHPHHHHPHHPHPHHHHPPPPHPHPHP
883,HPHHPHPHPHPPHHHPHHPHHPPPPHPHPH
884,HPHHPPPHHHPHHPHPHPPHPHHPHHHPPH
885,HPHPPHPHHHPHHPPHHPPPHPHPPHHHPH
886,HHPHPHHPHHHHHHHHPPHHPPPPPPPHPH
887,HPHHPHPHPHPHPPHHPHHHPPPPHHPHHH
888,HHHPHHPPHHHHHHHHPPHHHPPPPPPPHP
889,PHHPHPHPHHHHPHHPPPPHHPHPPHHHPP
890,HPPPHHHPHPPPHHHHPHHHPHHPHPHPHH
891,PHHHPPPPPHHHHPHHHPHHHHHPPPHPHP
892,HHPHPHPPHHHPHHPPHHHHHPPPPPHPHH
893,PPHPHHHHPHPPHPPPHHHPHHPHHPHHPP
894,HPPHPHHHHHHHHHPHPHHPHPPHPPPPHH
895,HPHHHPHHPHPHPPPHHPHHPHPHHPHHPP
896,PHPHHPPHHPHPPHHHPHHPHHPHPPHPHP
897,PHPHPPPHPHHPHHPHPPHHHHPHHHPHPP
898,HHPHPPHPPHHPPPHHHPHHHPHHHHPPHH
899,HPPHHPHPHPHHPPHHHPPHHHHPHPPHHH
900,PHPHHHPHHPHHHPHPHHPPHPHHHPHPHP
901,HHHHHPHPHHHHPHPHPPPPPPPHPHHHPH
902,HPPHHHPPHPHHHPPPHHHPHHPPHHPHHH
903,HPPHHHHHPHHPPHPPHPPPHHHHPHHHPH
904,HPPPHHHHHPHPHHPPPHHPHPHHPHHPHH
905,HHHPPPPHPPHHHPHHPPHPPHHHPPPHHH
906,HPPPHHHPHHHHPHHHPHPPPPHHPHPPHP
907,PHPPHHHHPHPPHPHHHPPPHHHPPHHHHP
908,PHHHHHPPHPPPPHHPPHHPHHHHHHPHPH
909,PPHPHPPPHHPHHHHHHHPHHHHHPPHPPH
910,HHPHHHPPHPHPHHHHHHPHPPPHPHPHPP
911,HPHPHHPHPHHHHPPHHHPPHHHHHPPHPP
912,HHHPPHPPHPPHPHHPPPHHHHHHHPPHHH
913,PHHHPHPPPHHHHHHPPHHPPPHPHHPPHH
914,HHPPPPPPHPHHHHHPPHPHHHHHPHHPHP
915,HPHPHHPPHHHPHPHPPHPHHHHHHPPPHH
916,PHPHHHPPHHPPHHHHHPHHPHPHPPPPHH
917,PPPPHHPHHHHPPHHPHPHPHHPHHPHPHH
918,HPHHHPPHHHPHHHPPPHHHPHHHPHPHPP
919,PHPPHHPPHHHHHHPPHHPHHPHPHPPHHH
920,PHPHPPHHPHHPPPPHPPPHHHHHHHHHPP
921,PHPHPHHHPHHHPHHHHPHHPPPHHPHPHP
922,HHPHHHHHPPPPHHPHHHHHPPPPHPHHHP
923,HHHHPHPHPPHHPHPPHPPHHPHHPHPHHH
924,PHPHHHHHPHHHHHPHPHPPHPPPHPPHHH
925,PHHPHPHPHPPPHHHHPPHPPHHHHPPHHH
926,PHHPHPHHHHPPHHHPPHPHHHPPPHPHHH
927,PPHPPPHHPHPHHHPHPHHHHHPHPHHPHH
928,HHPPPPPPHHPPHHHPHHPHPHHPHHHHHP
929,PHPHHHHHHPHHPPHHPPPHPHPPHHHHHP
930,PHHHHPHPPHHPHHHPHHPHHPPHPHPPPH
931,HHPPPHPHHHHPHHPPHPHHHPPPHPHPHH
932,HPHHPHHHHPPPHHHHPHHPPHPPHPPHHH
933,HPPHPHPPPHHPHHHPPPHHHHPHPHHHHH
934,PHPHHHHPPHHHPHHHPHHHPHPPHPPPHH
935,HPPHHPHHHHPHPHPHPHHPHHPPPHHPPH
936,HHPHPHPHPHPHPPHPHPHHPPPHHHHPHP
937,HHHPPHHHHHPPPPPHHHHHPHPHPPPPHH
938,HHPPHPHHPHPHPPHHHPHHPPHHHHHHPP
939,HPHHHPHHPHHPHHPHHHPPHPPPPPHHHP
940,HHHPPHHPHPHPHHPHPPPPHPPHHHHHHP
941,HPPHPHHHPHHHHPPHPPHHHPPPHHHPPH
942,HPPPPHPHPHPHPHHHHHPHHHPHHPPPPH
943,HHHPPHHHPHHPHPHHHHPHPPPHPPHHPH
944,HPPPHHHPHPHPHHHPHPPHPPHHPPHPHH
945,HPPPPHPPHHHPHHHHHPPHHPHHHPPPHH
946,PHPHHPPHPHHPPHHHHHHPPPPHHHHHPP
947,PHHPPHHPPHPHPPPPHHHPHHHHHHPPHP
948,HPHHPHPPPHPHHHHHHPPHPPHHHPPPPH
949,HHHPHPHPPHHPHHHHPHPPHPPHHHPHPH
950,PPHHHHPHPHHHPHHPHHPPHHPHPPHPPH
951,PPHPHHHHHPPHPPHPHPHHPPHHHPPHHH
952,PHHHPHPHPHHPPHHPHPHHPPHHHHPPHH
953,PPPHPPPHHPHHHPPHHHHHPPHHHHHPHP
954,HHHHPHPHHPHPPPPHPPHPHHHPHHPPPH
955,HPPPPHPHPHHPHPHPHHHHHPPHHHPPHH
956,HHPHPHHPHHHHHHPHHHPHPPPPPPHHHP
957,HHHHPPHHPHPHHPPHPPPHHPHHHPPPPH
958,PPHHPPPHHHPHPPHPPHPPHHHHHPHHHH
959,PHPPHHHHPPPHHHHPHPHPHHHHPHHPPP
960,HPHHPHHHHPHHHPHPPHPPHPPHHPPHPP
961,PPHHHHHHHHPPHPHPHPHPPHHPHHHHPP
962,HPPPHHHPHHHPHHPHHPPPPHHPHHHPPH
963,HPPHHHPHPPPHHPHHPPPPHHHPHPHPHH
964,HPHHHPPPHHHPPHHHHPPHPHPHPHHPPP
965,HHHHHPHHPPHHPPPPPHHPPHPHPHHHHP
966,HPHHHHPPHPHPHPHHHHHPHHHHHPPPPP
967,PHHPHHHHPHHPHPHPHPPHHPHHPPHHHP
968,PHHHPPHHHHPPHPHHHPPHHPHPHHPHPP
969,HPHPPHPPHHHHHHHHHHPPPHHPPHHHPP
970,HPHHHHHHPPPPPHPHHPHHPPHPPPPHHH
971,PHHPHHPPHPPHPHHHHPHHHHHHPPHPPP
972,PHHHHHHHPHHPPHHPPHPPPPHPHHPHHH
973,HHPPHHPHHHHPHPPHHHPPHHPPHPPHPP
974,HHPPHPPHHPPPHPPPPPHHHHHHHHPPHH
975,HPHHPPHHHHHPPPHPHHHHHHPPHHPHPP
976,PHHPHHHPPPPHPHPHPHPHHHHPHHHHHP
977,PHHHPPHHHHHHHPPHPHPHHPPHPPHHPH
978,HHHHHHPPHHPPPHHPPHPPPPPHHPHHHP
979,HPHHHPHHHPPHPHHPPPPHHHPHHHPHPH
980,HPHPHHPPPHPHHHHHPPHHHHPHHPHHPP
981,PHHPHPHHHPPHPHHHHHHPPHHPHPHHPP
982,HPPPHHHHPHHPHPHHHPHHPPPPHPPHPH
983,HHPPPHPHHHPPPHPHPHHHPHHHHHPHHP
984,PPPHHHPHPHHPHPHPHHPHHHPHPPHPPH
985,PPHHHHHPHPHHHPPHHPPHPPHPPPHHHP
986,HPPHPPHHHHHPPHHHPHPPHPPPHHHHPH
987,HPHPHHHPPHPHPPHHPHHHPPHPPHHPPH
988,HHPHHHHPPPHHPHHPHHHPHHHHPPPPHP
989,PHPHHHPPHPHPPPPHHPPHHHHHPHHHPP
990,PPPHHPPHHPPHHHHPHHHHPHHHPHHPPH
991,HHPHHPPPHHHPPHHPHHPPHPHHHPHPHH
992,PHPPHPPPHHHHHPPPPPPHHPHHHHPHHH
993,HPPPPPPPPHHHHHHHPPHHHPPHPHHHHP
994,HPHHHHHHPPPPPPHHPHPPPHHHHHPHPP
995,PHPHHHPPPHPHHPHHPHHPHHHPHPHHPH
996,HPHPHHPPHHHPPPPPHHPPPPHHHPHHHH
997,PHHPPPHHHHHHPHHPHPPHHPPHHHPPHH
998,HPHHHPPHPHPHPPHHHHPPHPHHPHHPPH
999,HHHPPPHHPHHPPHHHHPPHHHPHPHHHPP
1000,HHHPPHHPPPPHHPHPPHHPPHHHHHHPHH
1001,HHPPHHPPHPHPHHPPHPPHHHPHHHHHPH
1002,PHHPHHPPHHHHPHHHHHPPHHPPPPHPPH
1003,PHPPHHHHHPPHHHHHPPHPHHPPHHHPHP
1004,PHHHHHHHHPHPHPHPPHHHPHHPPHPPPP
1005,PHPPHHPHPHPHHPHHHPHPPHPHPHPHHH
1006,PHPHPHHHHHHHHHPHHPPPHPPPHHPPHH
1007,PHHPHPHHHPHHHHHPHHHPPPHPHPHHPP
1008,HHHHPHPPHHHPHHHHHPPHHHHPPPPHPP
1009,HHHPHPHHPPHHHPPPPPHHHPHPHHHPPH
1010,HHPHHHPHPHHHPHHHHHHHPPPHHPPPPP
1011,PHHHPPHPHHPHHHPPPHHHHHHPHPHHPP
1012,HPHPPHHPPHHPHHHHHHPHPPHHHPPHHP
1013,HPHPPPPHPHPPHHHHHHPHHHPHPHHPHH
1014,PPHHHHPHPHPPHHPHPHPPHHHHPPPPHH
1015,PHHPHHPHHHHPHHHHPPPHPPHPHHHPPP
1016,PPHHHHHPPPHPPHPHPHPHHPHHHHHPHH
1017,HPPHHPPPHHHHPHHPPHHPPPHPHHHPPH
1018,PHHPPPHHHHHHPHPHHHHHHPHHPPPPPH
1019,HHPHHPHHPPHPPHPHHHPPHHHPPHHPHH
1020,HPHHHPHHHHHPHHHHPPPHHHPPHPHPPP
1021,HHPPHHHPPPPPPPPPHHHHHHHPPHHHHH
1022,HPPHHHHHHPPPHHHPPPPHPPHHPHPHHH
1023,HHHPPPPHHHPPPPHPHHPPHHHHHPPPHH
1024,HPHPPHHPHHHPPHPPHPHHPHHPHHHHPH
1025,PPHHHPPHPPPHPPHPHHPHPHPHHHHHHP
1026,HHHPHHPPPPHHHHHPPPHHHHPHHPPPHH
1027,PHHHPPPHHHPHPHHHHHPHHPPHPHPHPP
1028,HHHHHHPHPPHHHHPPPPHPHPPPHPHPHH
1029,HHHPHPPPHPHHPHPHPPHPPPPHHHHHHP
1030,HHHPHPHPHPPHPHPHPHPHPHHHHPHHHP
1031,PHHPHHHHPPHPHHHHPPHPHHPHHPHHPP
1032,PHHHHPHHHHHHHPHPPPPPHHHPPPHHHP
1033,PPHHHHPPHHPHHHHHHPHPHPPHPPHHHP
1034,HHHPHPPPPHHHHHPPPPPHPHHPPHHHHH
1035,PHHHHPHHPPHPPHHHHPPPHHPPPPHHHP
1036,PHHHHPHHHHPPPHPPPHHHPHHHPHPHPH
1037,HHPHPHPPHPPHHPHPHHHHHHHHPHPPPP
1038,HHPPHHHPPHHPPHHHHHPHPPPHPHHPPP
1039,PPPHHHPHHHPPPHHPPHPHHHHHHPHPHP
1040,HPHPHPHHPPPPHPHPPPPHHHPPHHHHHH
1041,HHHPHHHHHPHPPPPPPHPPHHPHHHHPPP
1042,PPHPHHHPHHHPHPHPHPHHHPHPPPHHHH
1043,HHHPPHPHHPHHHHPHPHPPHHHHPPHHPP
1044,HHHPHPPHHHHHPHPHPHPPPPHHHHPHHP
1045,HHHHPHPHPPPHHPHPPPPHPHHHHPPHPH
1046,HHPHHHPPPPHHHHPPHPPHPHHHHHPPHP
1047,PPPPHPHHHPPHHHHHHPHPHPHPHHPHHH
1048,PHHPPHPHPHPPHHPPHHHHHPPHHHHHPH
1049,HHPHPPPPHHHPPHPHPPHPHHHPHHHHHP
1050,HHPPHHHHPHHPHHPPPHHHHPPHHPPPHH
1051,PPPPHHHPHHPPHHHHHHHPHPHHHPPHPH
1052,HHPHHHPPPPHPHHHHHPHPHPPHPHPPHH
1053,PHHHHPPHHHPPHPHPHHHHPHPHHPPPHH
1054,HPHPHPPPPPHHHHHHHPPPPHHPHHHHHP
1055,HHHPPHHPPPPHPHHPHHPPHHHPPHHHHP
1056,PPHHHPHHHHPHPHHPPHHPPHHPPPHHHH
1057,HPHHPHHHPHPHPPPPHHHHPPHHHPPHHP
1058,PPHHHPPHPPHHPPHHHHHPHPPHHHPHHP
1059,HPPPHHHPHPHPHHHPHPHPPHPPHHHHHP
1060,HHPPPPHPHHPHPHHPHHPHPHHHPPHHPP
1061,PPPHPPPHHHPPHHHHPHHHPHPHPHPHHH
1062,HHHHPHHPPHPPHPHHHHPPPPPHHHHHPH
1063,HHHPHPHHHHPPPHPHHHHPHPHPPHPPHP
1064,HHPHPPHPHHPHPHHPPHHHPPHHHHPPPH
1065,PPPPHPPPHPHHPHHHPHHHHHPHPPPHHH
1066,PHHPHHHHPPPHPHPHHPPHPHPPHPHHPH
1067,PHPPPPPHHHHHPHHPHPHPPHHHPHPPHH
1068,HHPHHHPHHHPPPHPPHHHHPPPHHPPPHH
1069,PPPPHHPHPHHHPHPHPHHHPHPPHPPHHH
1070,PHHPHPPHHHHPHHHHHPPHPHPHPPPPHP
1071,PHHHHPHHHPHHHHPPPPPHPPHHPHHHPP
1072,PPPPPPPHHHHHHHHHHPHHHPPHHPHPPH
1073,PPHHHHHPPPHHHHHHPHPHHHHHPPPPPP
1074,HPPPHPPPHHHHPHHHPHPPPHPHHHHPPH
1075,HHPHPPPHPHPPPHPHHHHHHHHHHHPPHP
1076,PPPHPHPHPHPPHPHHHHPHHHHHPPHHPH
1077,PHPHHHPHHPHPHHHHHHHHHPPPHPPPPP
1078,PPHPHPPHHPPHHHHHPHPHPHPPHHHHPH
1079,HPPHHHHPPHHHHHHHHHPPPPPPHHPPPP
1080,PHPPPHHPHHPHPPHPPHHHHHHPHHPPHH
1081,PHHHPPPHHHHPPHPHHHHHPPHPHPPPPH
1082,PPHHPPHPPHHPHPHHPHPPHHPHPHHPHH
1083,PHHPHHPHHPHHPPHHPPHHPHPPHHHPPP
1084,PHPPPHHHHPHHPPPPPHHHHPHPHPHHHH
1085,HHPHPHHPPPHPPHHPHHHPHHHPHHHPPH
1086,HHPHHHPHPPHHHHHPPHHPHPHPPPPPHH
1087,HPHHHPPHPHPPHPHPHHPHHHHHPPHHHP
1088,HPHPPPPHHHHPHPHPHPPHPHPHHPHHHP
1089,PHHPHHHHPPHHPPHPPHHHPHPHHHHHPP
1090,HHHHHPHPPPHHHPHHHHHPHHPPHPPPPP
1091,HPPHHPHPHPHHPPPHPPHHHPHHHHPPPH
1092,HPHPHHHHHPPHPPHPHHHPPPHPHHHPPP
1093,HPHHPHHPPHHHHHHPHPHHHPHHHPPPPP
1094,PPPPPHHHHHHHHHPHHPPHPPHHPPHPHH
1095,PPPHHHHHHHHHPPPPPPHHPPHHHHPHPH
1096,HHPPPPPHHHHPHHPHHPHHHPPHPPHHHH
1097,PPHPHPPPPHPPHHHHHHHHHPHPPHHHHP
1098,PHPPPHHHHPPPPHHHPHHPHPHPHPHHHH
1099,HHHHHHHHPPHPPPHHPPPHHPHHHPPPHH
1100,HPPPPHPPHPHPPHHHHHHHHHPPHHHHPP
1101,HPPHHPHPHPPPHHHPHHPHPHPHHHHPHH
1102,PHHHHPHPPHHHHHPPHPPHPPHHPHPHPP
1103,HPHPPPPHPHHHPHPPHHHHPHHPHHPHPP
1104,PPHPHHPHPHPHHHHHPPPHHHHPHPPHPP
1105,PHPHPHHPPHHHPPHPHPHPPHHHPHHPHP
1106,PPHPHPHHHHPPHPHHHPHHPPPHPHPHPH
1107,PPHPHHHHPPHPPPHHHPPHPHHPHPHHHP
1108,PHPHHPPPHPHPHPHPHPHHHPPHHHPPHH
1109,PHHPHHHPPPHPHPPPHHHHHHHHPPPHHP
1110,PHHHPPPPPPHHPHHPPHHHPHHHHPHPPH
1111,PHPHHPHHHPHPHPPHPHPHHHHHHHPPHP
1112,PHPPHHPPHHHPHHHHPPHPHHHHPHPHHP
1113,HHPHHPPHHHPHPHPHPHPPHHHHPPPHHP
1114,PHPHPHHHHHPPPPHPHPHHHHHPPPHHHH
1115,HPHPPHPPPHHHPPHHPPHHHPHHHPHHHH
1116,HPPPHPHHPHPHHHHPHPPHHPPHHHHPHH
1117,HHHPHHHPHHPHPPHHPHHPPHPHPPHHPP
1118,HHPPPHPPHHHHHPHHPHPHPPHPPHHHPP
1119,PPPHHHHPHHHHPPHHHPPHHPHHHHPPPH
1120,PHHPHHPPHHHHPHHPPPHHHPPHPHHPHH
1121,PHHHPHHPHHPPHPHHHHPPPHHPHPPHHH
1122,PHPHHPPHPPHHPHHHHHPPHPHHHPPHHH
1123,HPHHHHPPHPHPHHHHPHPPHHPPHHPHHP
1124,HHHHHHHHPPHPPHPHHPHPHHPPHPHPPP
1125,HHHHHHPPHPHPPHHHHHPPPHHPPHPPPH
1126,HHHHHHHPHHHPPHHHHPPPHHPPPPPHHP
1127,HHPHHHHHHPPPPPPHPHHHHHPHHPPPHH
1128,PPPHPPPPHHHHHHPPHHHHPPHPPHHHPH
1129,HHPHHPHPHHHPPPPHHHPHHPPPPHPHHH
1130,HHHHHHHPHPHPPHHPHPPHHHHPPPHPHP
1131,PPPPHHPPHHHPHHPHHHPHHPPPHHHHHH
1132,PPPPPPHPPPPHHHHPHHHHHHHHPPPHHH
1133,PHHPPPHHPHPHHPPHHHHHHPHHPPHHPH
1134,PHPPHPHPHHHHPPHHHPHPPHPHHHPHPH
1135,HHHPHPHHPHPHHPHPHHPHPPHPPHHPPP
1136,HHHPPHPHHHHPPHHPPHPHPHHPHHPPPP
1137,PPHPPPHHPHHHPHPHHHHPPPHHHPHHHP
1138,HHHHPPHPHHHHHHHHPHPHPPPHPHPPPH
1139,HPHHHPHPHHPHHPPHPHPHHPHHPHPHPP
1140,PPHHHPPHHHHHHPPPHPHHPHHPPPPHHH
1141,HHHHPPPHHPPPPHHPHPHHHHHHHPPPHP
1142,PPPHHPHHPHHPHHHPPPHHPHHPHHHPPH
1143,HPPHHHPHHHHHHPHHHHHPPPPPHPHPPH
1144,PHPHHPHPHHHHHPHPHPPPHHHHPPHPHP
1145,PPHHHHHHHHPPPPHHHPPHHHPHHPPPPP
1146,PPHPHPHPHHHPHHPHHPPPHHPHHPPHPH
1147,HPHHHHHPHHPPHPHPPPHPHPHHPPHHPP
1148,HHHHPHHHHPHHHHHHPPPPHHPPHPPHPP
1149,PPHHHHPHPHPHHPHHPHPPPPHHPHHHHH
1150,PHHHHPHHHHHPPPHPHPHHPHHPHHPHPP
1151,HHHHPHPPHPPPPPHHHHHHPHHPPPPHPH
1152,PHPPHHPPHPPHHHHHHHPHPHPPHHPHPP
1153,HPHHPHPHPHPPHHHPHPHHHPHHPPPHHH
1154,PHHHHHHHPPPPPPPHHHPHHHPHPHPPHH
1155,PHPPPHPHPPHHPHHHHHHHPHPHPHPPHH
1156,PPPHPHHHHHHHHHPHHHHPPHHPPPHPHP
1157,HPHHPHHPPHHPPPHHHHPHPHHHPHPHPH
1158,PHPPHHHPHPPHPPPPHHHHHHHPPHHPPH
1159,PPPHHHHHPPHPPHPHPPHHHHPHHHHPHH
1160,PHHHHPHPHPPHHPPHHPPHPHPHHPHHHP
1161,PHPHHPPHPHPPHHHHPPHHPHHHPHPPHP
1162,HPHPPHHHHHPHHPPHPHHHPHPHPPHHPH
1163,PPPHHHHHHHPPPHPPHPHHHHPHHPPPPH
1164,PHPHHPPPHHHPHPPPHHHPPPHHHHPPHH
1165,PHHHPPHPPHPHHHHHHHHPPPPPPPPHHH
1166,HPHPHHHHPPPHHPHPPPHHHHHPHPPHHH
1167,HPHHHPPPHHPPPHHHHHHHHHPPPHPHHP
1168,HPHPHHHPHPPHHHHPHPPHPHHPPPPHPH
1169,PPPPHPPHPHHHPPHHHHHHHPHPHHPPHH
1170,PHHHPHPHHHPHHPHPHPPHHHHPHPPHPP
1171,HHHHPHPPHPPPHHPHPHHHPHPHHPPPPH
1172,PPHHHPHHHHPPHPPPPHHPPHHHHHHPHP
1173,HPHHPPHHHPHHPHPHHHPHPPPHPHPHPH
1174,PHPHHPPHPHPPPPHHPHHPHHPHPHHHHH
