id,sequence
0,PHHPHHHHHPHHPHHHHHHHHHHPHHHHHP
1,HHPPHHHHHHHHHHHHHHHHPPHPHHHHPH
2,HHHPPHPHPHHHHHPHHHHPHHHHHHHHHH
3,PPHPPHHHHHHHHHPPHHHHHHHHHHHHHH
4,HHHHHPPPHPHHHHPHPHHHHHHHHHHHPH
5,HHHHHHPPHHHHPHHHHPHHPPPHHHHHHH
6,HHHHHPHHHHPPPHHHHHPHHHHHHHHPHH
7,HHHHHHHHPHPHHHPHHHHHHHPHHHPHPP
8,HPHHHPHHPHHHHHHHHHPHPHHHPHHPHH
9,HHHHHHHPHHHHHHHHHPHPHHHHHHPHPP
10,PHHHHHHHHHHHHHHHPHPHPHHPHHHHHP
11,HHHHHHPPPHHHPHHHHHHHHHPHHHHHHP
12,HHPHHHPHHHHHHPHHHHHHPHHHHHPPHH
13,HPPHHHHHHHHPHHHHHHHHHHPPHPHHPH
14,HHHHHHPHHPPPPHHHHHHHHHPPHHHHHH
15,HHHHHHPHHHHHHPHHHHPPPHHPHHHHHP
16,HHHHHHHPHHHHHHHHHHPPHHHPHPHPHH
17,HHHHHHHHHHPHHHPHHPHHHHHHPHHPPH
18,PHHHHPHHHHHHHHHPPHHHPHHPHPHHHH
19,PHHHHPHHHHHHPHHPHHHPHHHPHHPHHH
20,HHHHHHHHPHHPHHHPHPHHHHHHPHPPHH
21,HHHHHHPHHHPHPHPHHHPHHPHHHHHPHH
22,HHHHHHHHHHHHHHPPHPPHPHPHHPHHHH
23,HHHHHPHPHHPHHHPHPPHHHHHHHHHHHP
24,PHHHHPHHHHHPHPHHHPPHHHHPHHHHHH
25,HPHHPPHHHHHHHHHHHHPPHHPHHHHHPH
26,HHHPHHHPHHHHHHHHHHHPHPHHHPPHHH
27,HHHHHHHHPHHPHHPPPHPPHPHHHHHHHH
28,HHHHPHHHHHHHHPHHPHPPHPHHHPPHHH
29,HHHPPHHHHHHPHHHHHHHHPPHPHHPHHH
30,HHHHHHPHHHPHHHHPHPHHHHHPHPHHHH
31,PHHHHPPHHHHHPPHHHHHPPHHHHPHHHH
32,HPHHHHPHPPHHHHHPHHPHPHHHPHHHHH
33,HHHPHPPHHPHHHHHHHHHHHHHHHHPPHH
34,HHHHHPHPHPHHHPHPHHHHHHHPHPHHHH
35,HHHHHHHHHPHHHPPHHHHPPHPHPHHHHH
36,HHHHHHPPHHHHHHPPHPHHHHHHPHHHPH
37,HPHHHHHHPHPHPHHHHHHHHHHHHPPHHH
38,HHPHHPHHHPHHPHPHHHHHHHHPHHPPHH
39,HPHHHHPHHHHHHHHPHHPHPPHPHHHHHH
40,PHHPPPHHHHPHHHHHHPHHPHHHHHHHHP
41,PHHPHHHHHHHPHHHHPHHHHPPHHHHHHH
42,HHHHHPHHPPHPPHHHHPHHHHHHPPHHHH
43,PHPHHHPHHHHHHHHHHPHHHHHPHHHHHP
44,HHPPHHHPHPHHHHHHHHHHHHHPPHPHHH
45,PPPHHHHHHHHHHHPHHHPHHHHHHHHHPH
46,HHHHHHHHPHHHHHPPPPHHHPPHHHHHHH
47,HHHHPPHHHHHPHHHHHHPPHPPHHHHHHH
48,HHHHPHHHHHHPHHPHHHPHPPHHHHHHHH
49,HPHHHHHHPHHHHHHHHPHPHHHHPHHHHP
50,HPHHPHPHHHHHHHHHHPHHHHHHHPHPHH
51,HPHHHPHHPHHPHHHHHHHHHPPHPPHHHH
52,HHHHHHHHPPHHPHHHHPPPHPPHHHHHHH
53,PPHHPPHHHHHHHPHHHHHHHPHHHHHHHH
54,HHHPPHHHHHHHHPPHPHHHHPPHHHHHPH
55,HPHHHHHPHHPHHHPHPHHHHHPHHHHPPH
56,HPPHHHHHHPHPHPHPHHPHHHHHHHPHHH
57,HHHHHPPHHPHHPHPHHHHHHHPPHPHHHH
58,HPPHHHHHPHHHHHHHPHHHHHPHHHHHHP
59,HHHPPHHHHHHPHPPHPHHHHHHPPHHHHH
60,HHPHHHHHHHPHPHHHPHHHPHPHHHPHHH
61,HHHHPPHHHPHPPHHHHPPHHHHHHHHHHH
62,HHHHHHPHHPHHHHHHHPHHPHHHHHHHPP
63,HHPPHHHHHPPHHHHHHHHHPHHHHHHHHP
64,HHHHHHHHHHHPHPHHHPHPPHHPHHPHHH
65,HPHHHHHHPPHPHHHHHHHHPHHPHHHHHH
66,PPHHHPPHHHHHHHPHHHHHHHHHPHHPHH
67,HHPHHHHHPHPHHPHPPHHHHHHHHPPHHH
68,PHHHHPPHHHHHHHHHHPPHHPHHPPHHHH
69,HHPHHHHHHHHHHHHHHHHHHHPHHPPPPH
70,HPHHPHPHHHHHHPHHHHHHHHHHHPPPPH
71,PHPHHPHHHHHHHPHHHHHHHPHHHPPHHP
72,HHHPHHHHHHHHPHHHHPHHPHPHHHHHPH
73,HPHHHHHHHHHHHHHHPHHPHPHPPHHHPH
74,HPHHHHHHHPPHHHHHHHHPPHHHHHHPHH
75,HHHHHHHHHPHHPHHHHPHHHHPPHHHHPH
76,HHHHHHHHHHPHPHHPHHPPHHHHPHPHHH
77,HPHHPHHPHHHHHHHHHPHHPHHHHHHPHH
78,HPHHPHPHHHHHHHHPPHHHHHHHHPHHHH
79,HPHHHHHPHHHPPPHHHPPHHHHHHHHHPH
80,HHHHHPPHHHHHHHPHHHHHPHHHHHHPPH
81,HPHHHHHHHHHHHHPPHPHHHHHPHHPHHH
82,HHHHHHHPHHHHHHHPPHHHHHPPHPHHHH
83,HHHPHHHHPPHPHHHHHHHHPHHPHPHHHH
84,HHHHHPHHHPHHPHHHHHHHHPHPPHPHHH
85,PHHHHHHHHHHHHHPPHPHHHPPPHHPHHH
86,HPHHHPHHPPHHPHHHHHHHHHHHPPHHPH
87,HPHHHHHHHPHHPHHPHHPHHHHHHPHPHH
88,HPHHHHHPHHHHHHHHHHHHHPHHHHPPHP
89,PHHHHHPHHHHPHHHHHHHPHHHPHPHHHH
90,HPHHHHHHHHHHHHPPPPHPHHHHPHHHHP
91,PHHHHPHHPHPPHHHHHHHHHHHHHPHHHH
92,HHPPHPHHHHHHHHHPHHHHHHHPHHHHPH
93,PHHHHHHHHPPHHHHHPHPHPHHHHHHHHH
94,PHPHHHPHHPHHHHHHHHHPHHPHPHHHHP
95,HHHHHPHPHHHPHHPPHHHHHHHHHHHHPP
96,HHPHPHPHPHPHHHHHHHHHHHPHHHHHHH
97,HHHHHHHPHHHHHPPHHHHHPPPHPPHHHH
98,HHPHHHHHPHHHHPHPPHHPHHPHHHPHHH
99,HHPPHHHHHPHHHHHPHPHHHHHHHHPHHH
100,HHHHPHHPHHPHPPPHHHHHHHHHHPHPHH
101,HHHPHHHHPPHHHHHHHHHHHHHHHHHPPP
102,HHHHHHPPHPHHPHHHHHHHHHHHPHHPHH
103,HPHPPPPHHPHPHHHHHHHHPHHHHHHHHH
104,HHHPHHHHHPHHPPPHPPPHHHHHHHHHHH
105,HHHHPPPHHPHHHHHHPHPPHHHHHHHHHH
106,HHHHHHHHHHHPPHPPHPHHHHHPHHHHHH
107,HHHHHPHPHHHHHPHHHPHHHHHPHHPHPH
108,PHHHHHHHPHHHHHPHHHHPPHHHHHHHHP
109,HHHPHHHHPPHHHPHHHHHHHPPHPHHHHH
110,HHPHPHHHPHHHHHPHPHHHHHHHHHPHHH
111,HPHHHHHHHPHHHHHHPPHHPHHHPHHHHH
112,PHHPHHHHHHPHHHHHHHHHHHHPHHPHHP
113,HPHHHHPHHHHPHHHPHPHHHHHPHHHHHH
114,HHPHHPHHHHHPPHHHHHHHHHHHPPHHHH
115,HHPHPPHHHHHHHPHHHHHHHHHHHPHPHH
116,HHHPHHHPHHPPHHHHHHHHHHHHPPHHHH
117,HHHPHHHPPHHHPHHHHHPHHHPHHPHPHH
118,HPPHHPHHHPPHHHHPHHHHHHHPHPHHHH
119,HPHHPHHHHHHHHHPHHHHHHHHPPHPHHH
120,PPHPHHHPHHHHHPHHHHHHHHHHHHPHHH
121,HHHHHPPPHHHHHHPHHHHPHHHHPPHHHH
122,PPHHHHHHHPHHHHHHHHHPPHHPHHHHHH
123,PHHHHHHHHHPPHHHHHHHHHPHHPHHHPH
124,HHHHHHPHHHHHPHHHHHHPHHHHHPPHPH
125,HPHHHHPHPHHHHHHPHHHPPHHPHHHPHH
126,HPPHPHHHHHHHPHHHPHHHHHHHHPHPHH
127,HHHHHPHHHHHHHPHHHHHHPHHHPHHPHP
128,HHHPHHHPHHPHHHHHHHHPHHHHPHPHHH
129,HHHHHPHHHPPHHPHHPHHPHHHHHHHHHH
130,HHHHPPPHPHHHHHHHHHHHHHHPHHPHHH
131,PHPPPHHHHHHHHHHPHHHHHHHHHHHHHP
132,PHHPPHHHHHHPHPHHHHHHPHHHPHHHHP
133,HHPHHHHHHHHPPHHHHHHHPPPHPPHHHH
134,HHHHHHPPHHPHHPHHHHHHHHHPHHHHHP
135,HPHPHHHHHPHHHPPHHHHHHHHPHHHHHH
136,HHHPHHPHPHHHPHHHHHHHPPPHHHHPHH
137,HHHHHHPHPHHPHPHPHHPHHPHHHHHHHH
138,HHHHHHHHPHPHHHHHHHHHPHPPPHHHHH
139,HPHHHPHHHPPHHHHHHHPHHHHHPHHHHH
140,HHPPHHHHHHHHHHPHPHHHPHPHPHHPHH
141,PHHPHHHHHHHPHHHPHPHHHPHPHHHHHH
142,HHPPHHHHHHPHHHHPHPHHHPHHHHHHHH
143,HHHPHPHHPPHHHHHHPHHHHPPHHHHPHH
144,HPHHHHHPHHHPPPHHHHHPHPHHHHHPHH
145,PHPHHHHPPHHHHHHPPHHHHHHHHHHHHH
146,HHPPHPHHHHHHHPHHHHPPPHHHHHPHHH
147,PHHHHHHHPHPHHHHHHPPHHHHHPHHHHH
148,HHHHHPHHPHHHHHPPPHPHHHHHHPHPHH
149,HHHPHHHHHPHPHPHPHHHPHHHHHHHHHP
150,PHPPHHPHHHHHHPHHHHHHHHPHHPHHHH
151,HHHPHHPHHHPPHHPHHHHHPHHHHHHHHP
152,HHPPHHHHHPHHPHHHHPHHHHHHHHHHHP
153,HHHHHHHHPPPPHHHHHHHPHPHHHPHHHH
154,HHPHPHHHHHHHHHPHHHHPPHHHHHHPPH
155,HPHHHHHHHPHHHHHHPHPHHHPHPPHPHH
156,HHHPHHHPPHHPHHHHPPHHHHHHHHHHHH
157,HHHHHHHPHHHHHHHHHHPHHHHPHPHPPP
158,HHHHHHPHHPPPHHHHHHHHHHPPHHHHHH
159,HHPHPHHHHHHHHHPPHHHHHHHHHHPPHH
160,PHPHHHPHPHHHHPHHHHHPHHPHHHHHHH
161,PHHHHHHHPPHPPHHHHHHHHHPHHHHHHP
162,HHHHHHPHHHPHHHHHPPPHHHPHHHHPHH
163,PHHHHPHHHHPHHHHHHHHHPHHHHHHPPH
164,HHHHHHHHPPHHHPHPPHHHHHPHHPHHHP
165,HPHHHHPHPHHHHPPHHHHHHHHHHHPHHH
166,PHHHHPHHPHHPPPHHPHHHHPHHHHHHHH
167,HPHHPHHHPHHPPHHHHHHHHHHHHHHHHP
168,HHHHHHHHHHHHPHHHPHHHHHPPHPHHPH
169,HHHHPPHHHHHHHHPHHHHHHPHHHPPHHH
170,PHHHHHHHHHHHPHHPHHHHHHHPPHPHHP
171,HHHHPPPHHPHHHHHHHHHHPHHHHHHPHH
172,HHHHHHHPHPHHHHHHHPHHHHHPPHPPHH
173,PHPHPHHHHPHPPHHHHHHHHHHHPHHHPH
174,PHHHHHPHHHHHHPHHHPHHHHHPHHHPHH
175,HHHHHHHPHHHHHHHPPPHHHHHHHHPPHH
176,PHPHPHHHHHHHPPHHHHHPHHHPHHHHHH
177,PHHHPHHHHPHHHHPHHPHHHHHHHHPHHH
178,HHHHHPHHHHHHHHHHHPHHHHPPPHHHPH
179,HHHHHPHHPHHPHHHPPHHHPHHHHHHHPH
180,HPPHHPHHHHHHHPHHHHHPHHPPHPHHHH
181,HHHHPHPHPHHHHHHPHHHPHHHPPHHHHH
182,HPHHHHHPHHHHHHHHHHHHPPHHPHHHPH
183,HPPHHHHHHPHHHHHPHPHHPHHHHHHPHH
184,PHHHHHHHHPPHHHHHHHHPHHHPHHHHPH
185,HHHPHHHPHHHHPPHHPHHHHHHHHHPHHH
186,HHHHPHHHHHPPHHHHPHPHHPHHHHHHPP
187,HHPPHHHHHHHHHHHHHPPHPPHHHHHHHH
188,HHHHHHHHPHHPHHPHPHHPHHPHHPHHHH
189,HHHPPPHHHHPHHPHHHHHHHHHHHHPHPP
190,HHHPHHHHPHHHPPHPPPPHHHHHHHHHHH
191,PHHHHHHHPHHHHHHHHHHHHPHHHHPPPP
192,HHHHHPHHHHHHHPHHHHHHHHPPHPHHPP
193,HHHHHHHHPHHPHHHPHHHHHHHPHHHPPH
194,HHHHPHHHHHPHHHHHHHPHPHPHHPHHHP
195,PHPHHHHHPHHPHHHPHHHHHHPHHHHHPP
196,HPPHHHHHHHHHHHHHHHPHPHHHPHPHHH
197,HHHHHHHHHPHHPHHHHPHHHHHPHPHPHH
198,PHPHPHPHHPHHHHHHHHHHHHHPHPHHPH
199,HPHHPHPPHHHHHHHPHHPHHHHHHHHHHH
200,HHHHPHHPPPHHHHHHHHHHHHPHHHHPHH
201,HPHHPPHHHPPHHHHHHHHHHHHHHHPPHH
202,HHHHHHHHPHHHPHHHHPHHHHHPPHPPHH
203,HHPHHHHPHHHHHPHHPHHHHHHHHHPHPH
204,HHHPPHHHHHHHHHHHHHPPHHHPHHHHPH
205,HHPHHHHHPPHHHPHPHHHPPHHHHHHHHH
206,HHPHHHHHHHHHHPHPHHPHHHPHHHHHPH
207,PHHHHHPHHHPHHPPHPHHHPHHHHHHHHH
208,HPHHHHHHPHHHHHPPPHHHPHHHHHHHPP
209,PHPHHHHHHPHHHHHHHPPHHHHHHHHHPP
210,HPHPHHHHHHPHHHHHPHHPHHHHHHHHHP
211,HHPHHHPPPPPPPHHHHHHHHHHHHHHHHH
212,PPHPHHPHPHHHHHHHHHHHHHHHPHHHHH
213,HPHHHHHHHHHHPHHHHHHPPHHHHPPHHH
214,HHHPHPHHHPHHHHPHHHHPHPHHHHHHHH
215,HHHHHHPHPPPHHHHPHHPPHHHHHHPHHH
216,HHHHHHHHPHHPHHHPHPHHHPHHPPHPHH
217,PPHHPHHHPHPHHHPHHHHHHHHHHHHHPH
218,PPPHHHHHHHHHHHPHHHHPHHHHHHHPHH
219,HHHHHHHHHHHPHPHHPPHHPPHHHHPHHH
220,HHPHPPPHHHHPHHHHPHHHHPHHHHHHHH
221,HPPHHHHPPHHHHHHHHHHPPHHPHHHPHH
222,HHHPHHPHHHPHHHHHHHHPHHHHHPHHHP
223,PHHHHHHHHHHHHHHPHHHPPHHPPHHHHP
224,HHPHHHHHPHHHHHHHHHHHHPPHHPPHHP
225,HHHHHHHHHHHHPHHHHHPPHHPHHPHHPH
226,HHPPPHHPHPHHHHHHHHHHHPHPHHHHHH
227,HHHHHHHPHHHHHPHHPHHHHHHPHPPHHH
228,HHHHHHHHHHHHHPPHHHHHHPPHPHPPHH
229,PHHPHHHHHHHHHHPHPHHHHPHHHPHHHH
230,PPPHHHPHPHHHHHHHHPHHHHHPHPHHHH
231,HHHHHHHPHHHPHHHHHPPHPHHHHHPHHH
232,HHHPHHHHHHHHHPHPPHPHHHHHHPHHHH
233,HHHHPHPHHHHHHHPHPHPHHHHPHHHPHH
234,PHHPHHHPPHPHPHHHPHHPHHHHHHHHHH
235,HHHHPPHHPHPHHHHHHPHHHHHHHPHHHH
236,PHHHHHHPHHHPHHHHHHHPHPHHHHHHHP
237,HHHHPHHPHHHHHPHPHHHHHPPHHPHPHH
238,HHHHHHPHPHHPPHHHHHPHPHHHHHHHHH
239,HHHHPPHHHHHHHPPPHHHHHHPHHHHPHH
240,HHHHHPHHHPHHHHHHHHHPHHHPPHHHPH
241,PHPHHPHHHHHHHHHHHHPHHHHHPPPHHH
242,HHHPHHHPPPHHPHHHPHHHHHHHHHHHHH
243,HHPHHHPPHHHHHHPHHPHHHPHPHPHHHH
244,PHPHHHHHPHHHPPHHHHHHHHHHPPHHHH
245,HHHPHHPPHHHHHPHHHHHHHHHHPHHPHH
246,PPHHHHHPHHPHPHHHHHPHHHHPHHHPHH
247,HPHHPHHHHPHHPHHHHPHHHHHHHHHPHH
248,HHHHPHHPHHHHHPPHHPPPHHHHHHHHHH
249,PHHHHHHHHHPHHPHHHHPHHPHHHHHHPP
250,PHHHHHPPHHHHHHHHHHHHHHPHHPPHHH
251,HHHHHPHHHHHHHHPHHPPPHPHHHHHHHH
252,HHHPHHPHHHHHHHHPHHPHHPHHPHHHHH
253,HHHPHPHHHHHHPHHHPHHHHHPHHHPHHH
254,PHPHHHHHPPHHHHPHHPHHHPHHHHHHHH
255,PHHHHHPPHHHHHPHHHHHPHHHHHHPHHP
256,HHHHHPHHHPPPPHHHHHHHHHPHHHHHHH
257,HPHPHHPHHHHHPHHHHPPHHHHHHHHHHH
258,HHPHHHHPHHHPPHHHPHHHHPHPHHHPHH
259,PHHHHHHHHHPPHPHHHHHHPHHHHHPPHH
260,HHHHPHHPHHHHPHPHPHHPHHPHHHHHHP
261,HPHHHPPHHHHPHPHPPHHHHPHHHHHHHH
262,PHPHHHHPHHHHHHPHHHHHHHHPHHPHHH
263,HHHHHHPHHHPHPPHHHHHHHHHHPPHHHH
264,HHHHHHPHHPHHPHHPHHHPHHPHHHHHPH
265,PHHHHPHHHHHHHHHPHHHHPHPHHPHHHH
266,HHPHHPHPHPHHHHHHHHPPHHHHHHHHHH
267,HHHHHHHHHHHHHPPHHPHPHPHHHHPHHP
268,HHHPHPPHHHHHPHHHHHHHHHPHHHHPPP
269,HHHPPHHHHHHHHHHPPPHHHHHPHHHHPH
270,HPHHPHHHHHHHHPHHHPHHPHPHHHHHHH
271,HPPHHPHHHHHHHHHPHHHHPHPHHHHHHH
272,HHHHHHPHPHHHHHHHHHPHPHPHHHPHPH
273,PHHHPHHHPPPHHHHPHHHHHHHHHHHHPH
274,HHHPHHHHHHHPHHPHHPHHHHPHHPHHHH
275,HHPHHHPHHHHHPPHPHPHHHHHHHHHHHH
276,PPHPHHHHHHHPHHHHPHHHHHPHHHPPHH
277,HHHPHPHHHHHHHPPPHHHHPHHHHPPHHH
278,HPHHPHPHHHHHHHHHHHPHHHHPHHHHPH
279,HPHHPHPPHHHPHHHHHHHHPHHHPHHPHH
280,HHHPHHHHHHHHPHPHPHHHHHHHHHPPPH
281,HHPPHHHHHPHHHHPHHHPPHHHHPHHHHH
282,HHPHHHHPHHPHHHHHHHHHHHPHPHHPPP
283,PHHPPHHPHHHHHHHHHPHPHHHHHPHHHH
284,HHHPHHHHHHHPPHPPHPHHPHHHHHHHHP
285,HHPHHPHHHHHHHPHHHHHPPHHHPHHHHP
286,PHHHHHHPPHHHHHHHPHHPHPHHHHHHHH
287,PHHHHHHHHHHPPHHHPHPHHHHHPHPHHH
288,HHHHHPHHHHHHHPHHHHPPHPHHHHPHHH
289,HHPHPHHHHHPHHHHHHHPHHPPHHHPPHH
290,HHHHHHHHHPPHHHHHHHHPPPHPPHHHHP
291,HHHHPHPHHHHHHHHHHHPHPHPHHPHHPH
292,HPHHHHHHPHHPHHHPHHHHHHHPHPHHHH
293,HHHHHHHHHHHHPHPHHHPPPHHHPHPHHH
294,HPHHHHHHHHHHHHHHHPHHPPHPHHHHPH
295,PHHHHPHHHHHPPHPHHHHHHHHHHPHPHH
296,HHHHPHPHHHHPHHHPHHHPPHHHHPHPHH
297,HHHPHHHHHHHHHPHHHHPHHHHHPHHHPP
298,PHHHHHHHPHHHHPPHHHHPHHPPHHHHHH
299,HHHPHHHHHPHHPPHHHHHHHHPHHHPPPH
300,HPPHHHPHPPPHHHHPHHHHHHHHHHHHHH
301,HHPHHHHHHHHHHHHHHPPHHHHPPHPHHH
302,HHHHPHHPHPHHHPHHHHHHHHPHHHHHPH
303,HHHPHPHHPPPPHHHHHHPHHHHHHHHHHH
304,HHHHPHHHHHPPHHHPHHHHHHPHPHHHHH
305,HHPHHHHHHHPHHPPHHPHPPHHHHHHHHH
306,HPHHHHPHPHHHPHHPPHHHHHPHHHHHHH
307,HHHHPHHHHHHHHHPHHHHHHHPPHHHPPH
308,HHHHHHHHHHPHHHHPPHPPHHHHHHPHHH
309,HHPHHHPHHHHHHHHHPHHHPHPHPHHHHH
310,HPHHPHPHPHHHHHHHHHHPHPHPHHHHHH
311,HHHHHHHHHHPPHHPHHHHHPHHHPHHPHH
312,HHHPHPHHPHHHHPHPHPHHHHHHPHPHHH
313,HHPHHHHPHHHHPPPHPHHHHPHHHHHHHH
314,HHHHHHHHHHHHPHHHPHHPHPHHHHHPHP
315,PHHHHHHHHPHPPHPHHPHHHHHHPHHHHH
316,HHHHPPHHHPHHHHHHHHPPHHHPHHHHHH
317,PHPHHHPHHHPHHPHPHHHHHPHHHHHHPH
318,HHHPHHHHHHHHHPPHHHHHPPHHHHPHHH
319,PHHHHHHHHHPPPHHHHPPHHHHHHHHHHH
320,PHPHHHPHHHHHPPHHHHPHPHHHHHHHHH
321,HHHHPHHHHPPHHHHHHHHPHHHHHHPHHP
322,HPPHHHPHPHHPHHHHHHHHHPHHHHHHHH
323,HHHPHHHHHHHHPHHHPHHHHHHPPHHHPH
324,HHHHHHHPHHHHPHPHHHHHHHHHPPHPPH
325,PHHHHPHHPHHHHHHPHHHHHHPHHHHHPH
326,HHPHPHHHHHHPHPHHHPHHPHPHHHHHHH
327,HHHPPHHHHPHHHHHHHHHHHPHHPHHPHH
328,HHPHHHHPHHPPHHHHHPHHHHHHPPHHHH
329,PHHPPPPHHHHHHHHHHHHHPHHHPPHHHH
330,HPHHHHPHHPHPHHHHHHHHPPHHPHPHHH
331,HHHHPHPHHHHHHHHHPHHHHHPPHPHPHH
332,HHPHHHHHPHPHHHPPHHHHPHHHHHHPPH
333,HHHHPHHPHPHPHHHHHHHHHHPHHPHHPP
334,HHPHPHHHHHHHHPHPHHHHHPHHHHPHHH
335,HHPHHHHPHPHPHHHHHHPHPPHPHHHHHH
336,HHHHPHHHHPPHPHHPHHHPPHHPHHHHHH
337,HPHHPHHPHPHHHHHPHHHHHHPHPHHHHH
338,HHPHPPPHHHHPHHHHHHHHHHPHHHPHPH
339,HHHHPHHPPHHHHHHPHPHHHHHPHHHHPP
340,PHPHHPHPHHHHHHHHHHHHPHHPHHHHHH
341,PHHHHHHPPHHHHHPHHHHHHHPHPPHHHH
342,HHHPHPHHHHHPHHPPHHHHHHHHHHHHPH
343,HHHHPHHHHHPPHPHPHHHHHPHPHHHHPH
344,HHHPHHHHHHPPHHHPHHPHHHPHHHHHHH
345,HHHPHHHHHPHHHHHHHHPPHPPHPHHHHH
346,HPHHHHHPHHHHHHHHHPHHHHPHHPHHHP
347,HHPHPHHPPHHHHHHHPPHHPHHHHHHHPH
348,HHPHHHHHPHPHHHPHPHHHHPHHHHHHPH
349,HHPHHHHHPHHHHPHHHHHPHPHHHHPHPP
350,HHHPPHPHHHHHPHHHHHPPHHHHHHHPHH
351,HHPHPHHHPHPHHHHHPHHHHPHHHPHHHH
352,HPHHHHHHPHHHHPPHHPHHHHHPHPPHHH
353,HPHHHPHHPPHHHHPHHHPHHHHHHHPHHH
354,HPHHPPHHHPHHHHHHHHHHPPHHHHPHHP
355,HHHHPHHHHHHPHHHPHHHHPPHHPHHHPH
356,HHHPHHHPHPHHHHPHPHHHHHHHPHPHPH
357,HHPHPHHPHHHHHHHPHHHHHHHPPHPHHH
358,HPHHHHHHPPHHPHPHHHPPHHHHHHHHHH
359,HHPHPPHHHHHPHHPHPHHHHHHHHHHPHP
360,HHHHHHHHHHPHPHHPPHHHHPHPHHPHPH
361,HHHHPHHPHHHHHHHHHHHPHPHHPPHHHH
362,HHHHHPHPHPHHHHHPHHHHHHPHHPHHHH
363,PHHPHHHHHHHHHPHHPPHHHHHHPHHHHH
364,HHHHHPHHPPHHHHHHHHPPHHHHHPHHPH
365,HHHPPPHHHHHHHHHPHHPHHHHHHHHHHP
366,HHHHHPHHHPHHPHPPHHHPHHHHHHPHHH
367,HHHHHHPHPHHHHHPPHHHHHHHHHHPPPH
368,HPHPHHHHHHHPHHHPHHPHHPPHHHHHHH
369,HHPPHHHHHHHPHHPHHPPHHHHHHHHPHH
370,HHHHHHHHHHHHHHPHHPHHHHPHHPPHPP
371,HPHHHPHHHHPHPHHHHHHPHHHPHPHHHH
372,HPHHPHHHPPHPHPHHHHHHHHHPHHHPHH
373,HHHHPHPHHHHHHHPHHPPPHPHHHHHHHH
374,PHHHPHPPHPHHHPHHHPHHHHHHHPHHHH
375,HPHHHHHHHHPHHHHHHHPPHHPHHHHPHH
376,HPHHPHHPHHHHHHHHPHHPHHHHHPHPHH
377,HHHHHHHHHHPHPHHHHHHHHHPPPPHHPH
378,HHHPHHHHHHHHHPHHHHHHPHHPPHPHHH
379,PHHHHHPHHHHPHHHHHHHHHPPHHHHPPH
380,PHHHHHHHHPHPPHHHHHPPPHHHHHHHPH
381,HPHHPHHHHPHPHHHHHHHHHPHHPHHHHP
382,HHPHHHHHHPHHHPPHHHHPHHPHHHHHPP
383,HHHHPHHHHHHPHHHHHPPHHHPHHHHHPH
384,HHHHHPHHHPHHHPHHHHPPHHHHHHHHPH
385,HHPHPHHHHHHHHHHPHHPPHHHHHHHHHP
386,HHPHPHPHHHPHPHPHHHHHPHHHHHHHPH
387,HHHPPPHHHHPPHHHHHHHHHHHHHHHPHH
388,HHPPHHPHHHHPPHHHHPHHHHHHHHHHHP
389,HHHHHHHPHHHPHHHHHHPPPHHHHPHPHH
390,HHPHHHHPHHHPHHHPHHHHHHPPHHHHHH
391,HHPHHHHHHHPHHHPHHPPHHHHHPPHPHH
392,HHHHHHPHHHHHPHHHHHHHHHHPPPHPPH
393,PHPHHHPHHHPHPHHHHHPHHHPHHHHHPH
394,PHHHHHPHHHPHHPHHHHHHPHHHPHHHHH
395,HHHHHHPHHHPHPHHHHHHHHHPHHPHPHH
396,HHHPPHPHHHPHHHHHHHHHHPHHHPHHHH
397,HPHHHHHHHPPPHHHHHHHHHPHHPHHHHP
398,HPHHHHPPHHHHHPHHHHHHHHHHPHHHPH
399,HHHPPHHHHHHHHHHHHHHHHHPHPPHHPH
400,HPHHHHHHHPPHHHHHHHHHPHPHHHHHPH
401,HHHHHHHHHHHHHHPPPPHHHPPHHHPHHP
402,HHPPHHHHPHHHPHHHHHHHPHHPHHPHPH
403,HHHPHHHHPHHHHHHHHHHPPHHPHPPHHH
404,HHPHHHHHHPHHHHHHHHHHHPPPPHHHHH
405,PHHHHHPHHPHHPHHHHHHHHPHHHHPHHH
406,PPHHHHHHPHHHPPHHHHHHHHHHHPHHHH
407,HHHHHHHHHHPHHPHPHHHPPHHHPPHHHH
408,HHHHHHHHHHHHHPPHHHHPPHHHHPHPHH
409,HHHHHPHHHHPHHPHPHHHHHHHHHHHPHP
410,HHHPHPHHHPHPHHHHHPHHHHHHHHHPHH
411,HPHHPHPPHHPHHHHHHPHHHHHHHHHHHH
412,HHHHHHHHHPHHHHHPPHHHHPHPPPHHHH
413,HHHPHHHHPPHHHHPHHHHHPHPHHHHHHH
414,PHHHHPHPHHPHPHHHHHHHPHHHHHHHPH
415,HHHPHPHHHPHHHPHHHHPHHHPHHHHPHH
416,PHHHHPHPPHHPHHHHPHHHHHHHHHHPPH
417,HHPPHHHHHHHHPHHHHHHPHHPHHHHHPH
418,PHHHHPHHHHHHHHHPPHPPHPHHHPHHHH
419,HPHHHHPHHPHHHHHHHHHHPPHHHHPPPH
420,PHHPHHPHPHHHHPPHPHHHHHHHHHHHHH
421,PHPPHPHPHHHHHHPHHHHHHHHHHHHHHH
422,HHHHPHPPHHHHHHHHPHHHHPHPHHHHHH
423,HHHHHHHHPHPHPPHHPHPHHHHHHHHHPH
424,HPHPPPHHPHHHHHHHPHHHHHHPHHHHHH
425,HHPHHHHHHHHHHHPHPHHHHHPPHPPHHH
426,HHPHHHHPPHPPHHPHHHHPPHHHHHHHHH
427,HHHHHHHPHHHPHPPHHHHHHHHHPHHPPH
428,HHHHHHHHPHPHPPHHHHHHHPHHHPHPHP
429,HHPHPHHHHHHHHHHHHHPHHPHHPPHHHP
430,HPHPHHHHHHPHHHHHHHPHHHHHHPHPHP
431,HHHHHHHPHPHHHHPPHHPPHHHHHHHHHH
432,HHHHPHHHHHPHHHPHHPHPHHHHPHHHHP
433,PHHPHPHHPHPPPHPHHHHHHHHHHHHHHH
434,HHHPHHHHHPHHHHHHHHHPPPHHPHHHHH
435,HHHHPHHHHHHPHPHPPHHPHHPHHHHHPH
436,HHPHHHHHHPHHHHHHHPPPHHHHHHPHHH
437,HHHHHPPHHPHHHHHHPHHHHHHHHPPHHP
438,HHHPHPHHHPHPHHHHHHHHHHHHHPHPHP
439,HHPPHHPHPHHHHHHHHHHHHHHHPHHPHH
440,HHHHHHHPPHHHPHPHHHHHHPPHPHHHPH
441,HHPHHHPHPHHPHPPHHHHPHHHHPHHHHH
442,HHHHHHPHHHHHPPHHHHHHHHPPHHHHHP
443,HHHPHHPPHHHHHHPHHHHHHHHHPHHHPH
444,HHHHHPPHPHHHHHPPHHHHHHHHHHHPPH
445,PHHHHHHPPHHHHHHPHPHHHHHHHHHHPH
446,PHHHHHPPPPHHHHHHHHHHHHHHPHPPHH
447,HHHHHPHHHHPHHHHHHHPHPHHHPPHHHH
448,HHHHPPPPHHPHHHHHPHHHPHHHHHPHHH
449,HPPPHPHHHHHHHHPHHHHHHHHHPHHPHH
450,PHPPHHPHHPHPHHHHHHHHHHHHHHHHPH
451,HPHHPHHHHHPPPHHHHHHHHHHHHPHHHP
452,PHHHHHPHHHPHHHHHHHHPPPHHHHHHHH
453,HHPHPHHHPHHHHPHHHHHHPHHHHHHHHP
454,HHHHPHPHPHPHHHPHHHHHHHHHHPPHPH
455,HHHHPHHPHHHHHHPHPHPHHHHPHHHHHH
456,PHHPHHPHHHHPHHHHHHHPHHHHHPHPHH
457,HHPHHHHPHPHHPHHHHHPHHHPPHHHPHH
458,HPHHHHHHHPHPHHPHHPHHHHHHPHPHHH
459,PHHHHHPHHHPHHHPHHHHHHHPHHHHPHH
460,HPHHHHHHHPHHPHHHHHHPHPHHHHPHPH
461,HHHHHPHPHPHHHPHHHHHHHHHPHHPHHH
462,HHHHHHHHHHPHPHHHHPHHHPHHHPHHPH
463,HHHHHHHPHHPPHHHHHPHHHHHHHPHHHP
464,PPPHHPPHHHHHHHHHHHHHHHHHHHPHHH
465,HHPHHHHHHHHPPPHHHPHHHPHHHHHHHH
466,PHHHHHHHHHHHPHHHHHPHHHHHHPHPHP
467,HHHHPHHHHHHHHHHHHHHHPPHHHHPPPP
468,HHHHPHHHHHHPPHHHHPHHHPPHHHHHHH
469,PPHHHHHPHPPHHHHPPHHHHHHHHHHPHH
470,HHHHHPHHHHHPHPHHHHHHHHPHPHHHPH
471,PHHHPPHPHPPHHHHHHHHHHHHHHHHHPP
472,HPHHPHHHHHPHHPHHHHHHHPHPHHHHHH
473,HHPHHHHHHHHHHHPHHHHHPPHHHHPPHH
474,HHHHPHHHHHHHPHHHHHPPHHHHPPHHHH
475,HHHHHHPHPHHPHHHHHHPPHHPHHHHHHH
476,HPPHHHHHPHHPHHHHHHHHPHHHHHHHPP
477,HHHHPHPHPHHHHHPPHHHHHHHHPHHPHP
478,HHPHHHHHHHHHHPHHHHPHHHHPHHHHPP
479,HPPHHHHHHHPHHHHHHPPHHPPHHHHHHH
480,HHHPHPHHPHHPHHHHHHHHHHHHPHHPHH
481,HPHHHHHHHPHPPHPHHHHPHPHPHHHHHH
482,HPHPPHHHHPHHHHHHHHHHPHHHHHHPHH
483,HHHHHPHHHHHHHHPHHPHHPPHHHPHHHP
484,HPHHHHHHPHHPHHHPHHHPHHHHHHHPHH
485,PPHPHPHHHHHHHHHHHHHHPPHHHHPHHH
486,PPHPHHHHHPPHHHHHHHHHHHPHHHHPHH
487,HPHHHHHHHHPHHHHHPPHHHPHHHHHPHP
488,HHHHPHHHHHHHHHHPPHHPHHHHPPHHHP
489,HHHHPHHHHPHPHHHHHHHHHPPHHPHHHH
490,HHHPHHHHHHHPHHHPHHPPHHHHPHPHHH
491,HHHHHPHHHPHHHHHHHPHPPPHPPHHHHH
492,HPHPHHHHPHHHHHHHPHPHPHHHHHHHHP
493,HHPPHHHHHHPPPHPHHHHHHHHHPHHHHP
494,HHHPHHPHHPHHHHHHHPHHHHHHHPHPHH
495,HHHHHHHHPHHHPHPPHPHHPHHHHHHHHP
496,HPHPHHPHPHHPHHHHHHHHHHHHHPHPHH
497,HHHHHHHPHPHHPHHHHHHPHHPHHHHHPH
498,HHPHPPPHHHHPHHHPHHHHHHHHHHHHPH
499,HPHHHPPHHHHHHPHHPPHPHHHPHHHHHH
500,HHHHHPHHHHHHHHPPHHHHHHHHHPPHHP
501,HHPHHHHPHPHHHPHHPHHHHHHHHHPHHP
502,PPHPHHHHPHHHPHHHHHHHHPHHHHHPHH
503,PHPPHHHPHHPHHHPHHHHHHHHHHHHHHP
504,PHHHHHHHHHPHHPHHHHHPPHHHPHHHHH
505,HHPHHHHHPHPHHHHHHHHHPHHHHHHPHP
506,HHHHHHHPPHHPPHPHHHHHHPHHHHHHHH
507,HHHHHHHPHHHPHHHHHHHHPPHHHPHHHP
508,PHHHHHPHPHHHHHPHHHHHHPHHHPHHHH
509,HHHHHPHHHPHPPHHHHHHHPPHHHHHHHP
510,PHHHPPHHHHPPHHHHHHHHHHHHPHPHHH
511,PHHHHHHPPHHHPHHHHHHHHHHPHHHHPH
512,HHHHHPHHPHPHHHPHHHPHPHHHHHHHHH
513,HHHHPHHHHPHHHHHHPHHPPHHHHHHHHP
514,HHHHHHHPHHPHHPHHHHPHHHHHHPHPHP
515,HPHHHHHPPHHHHHHHHHHHHPHPHHPPHH
516,PHHHHPHPPPHHHHHHPHHPHHHHHHHHHH
517,HPHHHHHPHPHHHHHPHHHHHHPPHHHHHP
518,HHPHHHHHHHPPHHHHHPHHHPPHHPHHHH
519,PHHHHHPHHHHHPHHPHHPHPPHHHHHHHH
520,HPHHHHHHHHHHHHPPPHHHHHHHPPHHHH
521,HPHHHPHHPHHPHHPHHPHHHHHPHPHHHH
522,HPHHPHHHHHHHHHHHHHHHHHPHPHHHPP
523,HPHHHHPHHPHHPHHHHPPHHPPHHHHHHH
524,HHHHHHPHHPHPHHPHHHPHHHHPHPHHPH
525,HHPPHHHPHHPPHHHHHHHHHHHPHHHHHH
526,HHHHPHHPHPPHHHHHHHPHPHPHHHHHHP
527,HHHHHHHHPPHHHPHHHHHPHHHPHPHHHH
528,HPPHHPHHHHPHHHHHPHHPHHHHHHHHHP
529,HHHHHHHPHHHHHPHHHHHPPHHHPHHPHH
530,HHHHHHHHHHPHPHHHHHPPHHHPHHHHHP
531,HHHHPHHHHHHHPPHHPHPHPHHHPHHHPH
532,PHHHHHPPHHHPHHPHHHHHPHHPHPHHHH
533,HHHHPHHHPPHHHHHPPHHHPHHHHHPHPH
534,HHHHPHHHHHHHHPHHPHPHPHHPHHHHHH
535,HHPHHHHHHPHHPHHHHHPHHHHHPPPHHH
536,HHHHHPHHHPHHPHHHHPHHHHHHPHHHHP
537,HHPPHHPHHPPHHHHHHHHHHPHHPHHHHH
538,HHHHHHHPHPHPPHHHHHPHHHHHPHPHHH
539,HPHHHHPHHPHPHPHHPHPHHHHHHHHHHH
540,HHHHHHPHPHHHHHHHHPHPHHPHHPHHHH
541,PHHHHHHHHHHHHHPPPHPPHHHHPHHHHH
542,HHHPHPHHHHHHHPPPHHHHHHHHHHPPHH
543,HHHHHHPHHHHHHPHHHHHHHHHPHHHPPP
544,HHPPHHHHPHHPHHHHHHHPHHHHHHHHHP
545,HHPHHHHHPHHHHHPHHPHHHHHHPPHHPH
546,HHHPHPHHPHPHHHHHHHPHHHPHHHHHHH
547,HHHHHHHHHHHPHHHHHPHPHHHPHPHHPH
548,PHHHPHPHHHHHHHPHHHPPHHHHHHHHPH
549,HHHHHHHHHHPPHHHHHPHHHPHHHHHPPH
550,HHHHPHHHPPPHHHHHHHHPHHHHPHHHHH
551,HHHPHHHHPPPPHPHHPHHHHHHHHHHHHH
552,PHPHHHHHHHPHHHHHHPHPHHHHHPHHHH
553,HHHHHHPHPHHHPHPPHHHHHPHHPHPHHH
554,PHPHHHPHHHHHHHPPPHHPHHHHPHHHHH
555,HPHHPHHHHHPHHHHHHHPHHHHHHPHPHH
556,HHHPHPHHHHHPHHHPHHHHPHHHPPHHHH
557,PPHPHHHPHPHHHHHHHHHHHPHPHHHHHH
558,PHHHHHHHHHHHHPHHHPPHHHHPPHHHPH
559,PHPPHHHHHHPPHHHHHHHHPHHPHHHHHH
560,HHHHPHHHPHHHHHHPPHHPPHHHHHPHHP
561,HHHHHPHPPHHHHHHHHPHHHPHHHHHPHH
562,HHHPHPPHHHHPHHHHPHHHPHHHHHPHPH
563,HHHHHHHHHPPHHPHHPHHHHPHHPHHHHH
564,PHPHHHHHPPHHPHHHHHHHHHHHHPHHHH
565,HPHHHPHHHPHHPHPPHHPHPHHHHHHHHH
566,HHPPHPPHPHHHPHHHHHHPHHHHHHHHHH
567,HHHHPHHHHPPPHHHHHPPHHHPHHPHHHH
568,PHHHPHHPPHHHHHPPHHHHHHHHHHHHHH
569,HPPHHHHHHHHHHHPPHPHHHHHHPHHHHH
570,PHHHHPHPHHHHHPHHHHPHPHHHHHPHHH
571,HPPHHPHPHPHHPHHHHHPHHHHHHHHHHH
572,HHHPHPHHHPHPHHHHHHHHHHPHHHPHHH
573,HPHHHPHHHHHPPHHPPHHHHHHPHHHPHH
574,HHHHHHPPPHHHHHHHHPHHHHHHPPHHHH
575,HHHPHHHPPHPHHHPPHHHHPHHHHHHHHH
576,HHPHPHHPHPHPHHHHHHHPHHHHHHHPHP
577,HHHHHPHHPHHHHHHHHHPHHHPHHHPHPP
578,HPHHHPHPHPHHPHPHHHHPHHHHHPHHHH
579,HPHHHHHPHHHHPHHHHHHHHHHPPHHHHP
580,HHHHHHPPHHHHPHPPHHHHHHHHHHPHHP
581,HHHHHHHPHHPPHPPHHPHPHHHHHHPHHH
582,HHHHHHPPHPHHHHHHHHHHHHHHPHPPHH
583,HHHHHHHHHHHPHHHPPPHHHHHHHHHHPP
584,HHHPPHHHHPHHHHHPPHHHHHPHHPPHHH
585,HHHHHHHPHHHHHPHHHHHHHPPPHHPHHH
586,HPHPPHHHHHHHHHHHHHHHHHHPHHHPPP
587,HPHHHHHHHHPPPHPHHHHHHPPHPHHHHH
588,HHHHHHHHHHPHPHHHPHPHHPHPHHHHHH
589,HHPHHHHPHHHHPHHHPHHHHPPHPHHHHH
590,HHHHPHHHHHHHPPHHHPHHHPPHHHHHHP
591,HPHHPHPHHHHPHPHHHPHPHHHHHHHPHH
592,HHHHHPHHHPHHHHHPPHHHHHHHHPHHPH
593,PHHHHHHHHHPHHHHHHHPHHHPPHPHHHH
594,PHHPHHHHHHHPPHHHHHHHHPHHHHHHHP
595,HPPHHHHPHHHHHHPHPPHHPHHHHHHHHH
596,PHHHPHHHHHPHHHHHHHHHHPHPHHHHHP
597,HHHHHPHHPHHHHHHHHPPHHPHPHHPHHH
598,HHPHPHHHHPHPHPHHHHHHHHPHHHHHHP
599,PPHHHHHHPHHHHHHHHHHHPHHPHPHHHH
600,HHHPHHPHPHPHHHHHHPHHHHHHHHPHHH
601,HHHHHPHPHPHHHHHHHPHHHHHHHHPHHP
602,HHPHHPPHHHHHPHPPHHHHHHHHPHHHHH
603,HHPHHHHHPHHHHHPPHPHHHPHHHHHHHP
604,PHHHHHPHPHPHHHHPHHPHHHHHHHHPHH
605,HHHPHHHHHHHHHPHPHHHHPHPHHPHHPH
606,HHHPHPPHHHHHHHHHPHHHHHHPHPHPHH
607,PHHPHHHPHHPHHHHHHPHHHHPHHPHHHH
608,PHPHHHHHHHHHHHHHPPPHHHHHHHHPHH
609,HHHHHHHHHHHHHHHHPPHHPHPPHPHHHH
610,HPHHHHHHHHPHHHHPHPHPHHHHPPHHPH
611,HHHHHPHPHHPPHPHHHHHPPHHHHHHHPH
612,HHHHHHHPHHHHHPHPHPPHHHHHHHHPHH
613,HPHHHHHHPPHHPHHHHPHPHHHPPHHHHH
614,HHHPPPHHHHHHHHPHHHHHPHHHHHPHHH
615,HHHPPHPHHHPPHHHHHHHHHHHHHPHHHH
616,HPHHHHHPHHPHPHHHHHHHPHHHPHPPHH
617,HHHPPHHHHHPHPHHHHHHHHHHHHPHHPH
618,HHHPPPHHHHHHPHHHHHHHPHHPHHHPHH
619,HHHHHHPPHHPHHPHPHHPHHHPHHHHHHH
620,PPPHHHHPHHPHHPHHHHHHHHPHHHHPHH
621,HHHPHHPHHPHHHHHHHHPPPPHHHHHHHH
622,HHPPHHHHHHHHHHHPHHPPHHHPHHHHHH
623,HPHHPHHHPHHPHHPHHHHHHHHPHHHHHH
624,HPPHHHHHHPHHHHPHHPHPHHHHPHHHHH
625,HHHHHPPHHPHHHPHHHPHPHPHHHHHPHH
626,HHPPHHHHHPHHHPHHPHPHHHHPHHHHHH
627,PPPPHHPPHHHHHHHPHPHHHHHHHHHHHH
628,HHHHHPHHHPHHHHPPHHHHHPHHHPHHHH
629,HHHHPHHHHHHHHHHPHPHHHPPPHHHHHP
630,HPHHHHPHPHHHHHHPHHPHHHHHHHHHPH
631,HHPHPHHPHHHHHHHHHHPHHHPHHHHHHP
632,HHPHHPHHHHPHHPHHHHPHPHHHHPHPHH
633,PHHHPHHPHHHHHPHPPHHHHHHHHHHHHH
634,HPPHHHPHHHHPHHHPHHPHHHHHHHHPHH
635,HHHHHPHPHHHHPHHHHHHPHHHPHHPHPH
636,HPHHHHHHHPHHHHHHHHHPHPHHPHPPHH
637,HHPHHHHPHHHHHHHHHPPPHHPPPHHHHH
638,HHHPHPPPHHHHHHHHPHHHHHHHHPHHPH
639,HHHHHPHPHHHHHHPHHHHHPHHHHPHPHH
640,HPHHHHPHHHPHPHPPHHHHHHHHHHHHPH
641,HHHPHHHPPHHPPHPHHHHHPHHHPHHHHH
642,HHHHPHHHHPPPPHPHHHPHHPHHHHHHHH
643,HHHHHPHHHHHHHHPHHHPPHPPHHHHHPH
644,HHHHHHHHHHPHHHPHHPPHPPHHHHHHPH
645,HHHHHHHHPHPHHPHHHPHPHHHHHPHHHH
646,HPHPHHHHPHHPPPHHHHHPHHHHHHHHHH
647,HHHPHPPHHHHHPHHPHPHHHHHHHHHHHH
648,HHPHPPHHHPHHHHHPHPHHHHHHHHPHHH
649,HHHHHPHPHHHHHHPHHPPHHPHHHHHPPH
650,HHHHHHHHPHHHPHHPHHHPHHPHHHHPHH
651,PHHHHHHPHPHHHHHPHHHHHHHHPHHPPH
652,HHPHHHHHHHHHPPHHHHHHHHPPPHHHPH
653,HPHPHHHPHHPHPHHHPHHHHPHHHHHPHH
654,HPHPPHPHHHHHHPHHHHHHHPHPHPHHHH
655,HHHHHHHHPHHHPPHHHHHHHHHPPHHPPH
656,PPPHHPHHPHHHHHHHHHHHHHHHHHPHHH
657,HHHHHHHPPHPHHHHPHHPPHHHHPHHHHH
658,HHHPHPHHHPHHHPHHPHPHHHHHHHHHHH
659,HHPPHHPHHHHHHHHHHHHHPHPHHHHHPP
660,PHPHHHHHHPHHHHHHHHHPPHHHHHHPHH
661,HHHHPHHHHPHHPHPHHHPHPHHHHHPHHH
662,HHHHHHHHHPPHPHPPPHHHHHHHPHHHHP
663,HHPHHPHPPHHHHHHHPHHHHHPHHHHPHH
664,PHHHHHPHHPHHHHHPHHHHPHHPHHHPHH
665,HHHHHHHPPHHPHHHHHPPHHHHHHHHPHH
666,HHHHPHPHHHHPHHHHHHHHPHHHHHHPHP
667,HHHHPHHHHHHHHPHHHHHHPPHHPHHHPH
668,HHHHPHHHHHHHHPPHHPPHHHHHHPHHHH
669,PPHHHHHHHHHPHHHPHHPPHHHHHPHHPH
670,HHPHPHHPHHHHHHHHHHHHHHHPHPPHHH
671,HHHHHHPHPHPHHHHHHHPHPHPHHHHPHH
672,HHHHHPHPHHHHHHHPHPHHPHPPHHHHPH
673,HHHHPHHPPHPHHHHHHHHPHHHPHHHHHH
674,PHHHHHPHHHHHPHPHHPHPHHHHHHHHHH
675,PHHPHPHHHPHHPHHHPHPHHHHPHHHHHH
676,HHPHHPHHHHHPHHHPHHHHHHPHHHHHHP
677,HPHHHHPHHPHHHHHPPPHHHHHHHHHHHH
678,HHHHHHPHHPPHHHHHHHHHHHPHHPPHHP
679,HPPHHPHHPHHHHHHHHHHPHHHHHPHPHP
680,HPPHPHHHHPHHPHHHHHHHHHHPHPHHHP
681,HHHHHHPHHPHPPHHHHHHHHHPHHHHPHP
682,HHHHHHHHHHHHHHHPHPHHPPHPHPHHHH
683,HHHPPHPHHHHHPHHHHHHHHHHPHHHHPH
684,HHHHPHHHHHHHHPHHHPHHHHPHHPPHHP
685,PPHPHHHHHHHPHHPHHHPHHHHHHHHHHH
686,HHHHHHPHHHHPHHHHHPHHHHHPPHHPPH
687,HPPHHHHHHHHHHHHHHPHPHHHHPPPHHH
688,HPHPHHHHHHHHPHHHHPPHPHPHHHHPHH
689,HHPHHHHHPHHPHHHHHHPPHHHHPHHHHP
690,PHHHHHPPHHHHHHHHHHHHHHHPPHHHHP
691,PHHHHPHHHHHHHPHPHHHHHHHHHPHHPH
692,HHHPHHHPHHPPHHHHHHPHHHPHHHHHHP
693,HHHHHHHHHHHHPHHHHPHHHHPPHHHHPP
694,HHHHHPHHPPPHHHHHHHHHHPHHHPHHHH
695,HPHHHHPHHHHPHHHHHHHHPHPHHHHHPH
696,HHPHHHHHHHHHHHHHHHHPPHPHHHPHHP
697,PHHHHPPHPHHHHPHHPPHHHHHHHHHHPH
698,HHHHHPHHHHHHHHPHHHHHHPPPHHHHPH
699,HPHHHHHHHHHPHHHHHHPHHHHPHPHHPH
700,HHHHHHHHPPHHHHPHHPHHHHPHHHHHPH
701,HHPPHHHHPHPHHHHHHHHHHHHHPPHHHH
702,PHHHHHPHPPHPPHHHHHHHHPHPHHHHHH
703,HHHHHHPHHHPHHHHPHPHHHHPHPHHHHH
704,HPHHHHPHPHHHHHHPHHHPHPHHPHHPHH
705,HHPHHHPHHHHPHHHHHHPHPHPHPHHHHH
706,HPHHHHHHHHHHHHPHHHPPHHHHHPHPHH
707,HHPPHHPHHHHPHPHPHHHHPHPHHHHHHH
708,HHPHHHPHHHHHHHPPHHHPPHHHPHPHHH
709,HHHHHHHPHHHHHHHHPHPPHHHHPHHHHP
710,HHHHPPPPHHPHPHHHPHHHHHHHHHHHPH
711,HHPHHHHHHHHPPHPPPHPHHHHHHPHHHH
712,PHPHHHHHHPHHHHHPHHHHHHHHPHPHHH
713,HHHPPHHHPHHHHHHPHHHPHHHHHPHHPH
714,PHPHHPPHHHHHPHHHHHHHHHHHHPPHHH
715,HHHPHHPHPHPHPHHHHHHPHHHHHHHHHH
716,HHPHPHHHHHHHHHHPPPHHHHHHHHPHPH
717,HHHHHPPHHHPHHPPHPHHHHHHHHHHHHH
718,PHHHPHHHPHHHHHHPHHHHHHHHHHPHHP
719,PPHHHHPHPHPHHHHHHPHHHHHPPHHHHH
720,HHHHHPHPHHHHHHHHHHHHHHPPHPHHPH
721,PHHHHHHHPHHHHHHHHPHHHHHHPHHPPH
722,HPHHHPHHHHHHHHPPPPHHHPHPHHHHHH
723,HHHPPPPHHHHHHHHHPHHHPPHHHHHHHH
724,PHPHHHPHHHPPHHHHHHHHHHPHHPHHHP
725,HHHHHPPHHHHPHHHHHHHHPHHHHPHPHH
726,HHHPHHHHPHHHHHPHHPPHPPHHHHPHHH
727,HHHHHHHHHPHPHPHHHPHHHHHHHPPHHH
728,PHPHHPHHHHHHHHHPHHHHPHHHHPHPHP
729,HHHHHHHHHHPHHHHPHPPPPHPHHHHHHH
730,HHHHPPHHHPPHHHPPHHHHHHHHHHPHHH
731,HPPPHHHHHHHHHPHHHHHHPHHPHHHHHH
732,HPPHHHHHHHHHPHHHHHPHHHHPHPHHPH
733,PHHHHHPHHHHPHHHPPHHPPHHPHHHHHH
734,HPHHPHHHHHHPHPHHHHPHPHHHHHHHHP
735,HHHPHHHHHHHPPHHHPHPHHHHPHPHHHP
736,PHHPHPHHHPPHHHHPHHHHHPHHHPHHHH
737,HHHHHHHPHPHHPHPHHHHHHPHHHHPHHP
738,PHHPPHHHHHHHHHHPHHPHHHHHHPHHHH
739,HHPPHHPHPHHHHHHHPHHHHHHHPHPHHP
740,HPHHHHHHHHPHPHHHHHHPPHPHHHHHHH
741,HHHPHHHPPHHHHHPHHPHHHHPHHHHPHP
742,HPPHHHPHHHHHHHHHPPHHPHHHPHHHHH
743,PPHHHHHHHHHHHHHPHPHHPHHPHHPHHP
744,HHHHHPPHHHHHPHHHHPHPHHPHHPHHHH
745,PHPHHPHHPPHHHPPPHHHHHHHHHHHHHH
746,HHPHHHPHHPHHHHHHHHHHHPHHHHPPHP
747,HHHHHPHPHHHHPHHPHHHHHHPPHHHHHH
748,HPHHPPHHHHHHHHPHHPHHHPHHHHHHHH
749,HPHPHHPPHHHHHHHPHHHHHPHHHHPHHH
750,PHHHHHPHHHHHPPHHHHHHHHHHHHPHPH
751,HHPHHHHHPHPPPHPHHHHPHHHHHHHHHH
752,HHHHHHHHHHHPHHHPPHHPPHHHPHHHHH
753,PPHHHHHHHHHPHPHHPPHHHHPHHHHHHH
754,HHHHHHHPHHHHHHPPHHPPHPHHHPHHHH
755,PHHPHHHHHHHHPHHHHHPPHHHPHHHHHH
756,HHHHHHPHPPHPHHPHHHHHHHHHHHPPPH
757,PHHHPHHHPHPHPHHHHHHHHHHPHHPHHH
758,HHPHHHHHHHHHHPHHHHPHHPHHHHPHHP
759,HHPHHHHPHHPHHHHHPHHPHHHHHHPHPH
760,PPPHHHHHHHHHHHHHPHHHHHPHHPHHHH
761,HHHHHHPHHHHHHHHPHHHHHHPHHHPPPH
762,HHHHHHHHHHPPPHHHHPPPHHHHPHHHHH
763,HHHHHPHHHPHHHHHHHPHHPHPPPHHHHH
764,HHPHHHHHHHHHPHHPPPHHHPPHHHPHHH
765,PHHHHHHHHHPHHPPHPPHHHHPHHHHHHH
766,HHPHHHHPHHPHPHHHPHHPPHHHHHPHHH
767,HHHHHHHPHHHHHHHHHPPHHHHPPHPHHH
768,HHHHHHPHHHHHPPPHPHHHHHHHPHHHPH
769,PHHHPHHHHHHHHHHHPPPHPHHPHHHPHH
770,HHPPHHHHHHHHPHPHHHHHHHHPPHHPHH
771,HPHPHHHHHHHHHHHPPHHHHHHHPHPHHH
772,HPHHHHHHHHHHPHPHHHHHHPHHHHPPHP
773,HHPPHHHHPHHHHHPHHHPHHHPHPHPHHH
774,HHHPHHHHHHHHHPPPHHHHHHHHHHPHPH
775,PHHHHHHHHHPHHHHHHHHHHPPPHHHHPP
776,HHHPHHHPHHHHHHHHHPHHPHHHPHHHHP
777,PPPPHHHPPHHHHHHHHHHHHHHHPHHHHP
778,PPHHHHHHHHHHHPHPHHHHHHPHHHHHPH
779,HPHHHPHHHHHHHHHHPPPHHPHHHHPHHH
780,HHHHPPHHHHHHHHHHHHHHHHHHPPHPPH
781,HHHHHHHPHPHHHHPHHHHHHHPHHHHPHP
782,HHHPHPHHPHHHHHHHPHHPHHHHHHHHHP
783,HHHHHHHHPHHPHPHHHPHHHHHHHHHPPH
784,HHPHHHHHHPHHHHHHHHPPHHPHHHHPHH
785,HPHHPHHHHHPHHHHPHHHHHHHHPHHPHH
786,HHHPHHHHHPHHHPHHHHPHPHHHHPHHPH
787,HHPHHPHPHHHHHHHPHPHHHHHHHPHHHH
788,HPHHPHHHPHHHHPHHHPHHHHHHHHHHPH
789,PHHHPHHHHPHPHPHHHHHPHHHPHHHHHH
790,HHHPHPHHHHPHHPHHHHHHHHPHHPHHHH
791,HHPHHHPHHHPHHPHHHPHHHHPHHHPPHH
792,PHHHHHHHHHHHPHHHHHPHHHHHPPHPPH
793,PPHHHHHHHHHPHPHHPHHHHHHHHHHPPH
794,HHHHPHHHPHPHHHHPPHHHHHHHHPHHHH
795,HPPHHPHHPHHHHHPHHHHHHPHHHHHPPH
796,HHHHHHHHPPHPHHPHHHHHHHPPHHHHHH
797,HHPHPHHHHHPHPHHHPHHHHPHHHHPHHP
798,HHHHHHHHHHHHHPHHHHHHHHHHPPPPPH
799,PHHHHHHHHHHHHPPHPPHHHHHHHHHHPH
800,HHHHHPHHHHHHHHHPHHHPPPPHHHHHHH
801,HHHPHHHHPHHHPHHPHPHHHHHHHPPHPH
802,HPHHHPHHHPHHHHHHHHHHPHPHHPPHPH
803,HHPHPPPHHHHPHHHHHHHHHPHPHHPHHH
804,PHHPHHPHHHHHHHHHPHHPPHHHHHHHHH
805,PHHHHHHHHPHHHPHPHPHHHHHHHHHHPH
806,HHHPPHHHHHHHHHHHHHPHPHPPHHHHHH
807,HPHHHHHHHPHHHHHHHPHPHPHPPHPHHH
808,PPHHHPHHHHHPHHHHHHHHHHPHHHPHHH
809,HHPHPPHHHPPHHHHHHHHHHHHHHHHHHP
810,PHHHHHPHHHHHHPHHHHPPPHHHHHHHHH
811,HHHHPHPHPHPPHHHPHPHHHHHHPHHHHH
812,HHHHHHHHHHHHHPHHPHPHPHHHPHPHPP
813,HHPHHHHHHPHHHPHHHHPHHHPHPHHHHH
814,HHPHHHHPHHHHHHHHPHHHPPHPHHHHHP
815,HHHPPHHHHPHHHHPHHHHHHHPHHPHHHP
816,HHHPHHHPHHHHHHPHPHHHHPHHHPHHHH
817,HHPHPHHHHHHPHHHHHHHPHHHHPPPHHH
818,HHHHHHPHHPHHHHHHHPHHHHHHPPHPHH
819,HHHHPHHHPHHHHPHHPHPHHHHPHHHHHH
820,HHPPHHPHHHHPPHHHHPHPHHHHHHHHPH
821,HPHHHHHHPHHHHPHHHHPHPPHHHHHHHH
822,HHPHHHHHHPHHHHPHHPPHHPHHHHHPHH
823,HHHHHHHHHHPHHHHHPHHHHPPHPHHHPH
824,HHHHHHHHPHHPHHPHPHHHHHPHHHPPHP
825,HHHPHHPPHHHHHHPHPPHHHHHHHHHHPH
826,PHHHPHPHHHHHHHHHHPHHHHPPHHHPHH
827,HHHHHHHHHHHPPHPHHHHHHHPHPHHPHH
828,PPHHHPHHHHHPHPPHHHHHHHHHHHPHHH
829,HHHHPHHHPHPHPHHPPHHHHHHHHPHHHH
830,HHPHHHHPHHHHHHHPHHHHHHHPPHHHHP
831,HHHHHHHPHHPPHHHHHPHHHHHHHHPHPH
832,HHHPPHHHHPHPHHHHPHHHHHHHPHHHHH
833,HHHPHPHHHHHPPPHPHHHHHHHHPPHHHH
834,HHPHHHHHHHHHHPHPHHHHHHPHHHHHPP
835,HHHPHHPPHHHHHHHHHHHHHHHHHPPHHP
836,HHHHHPPHHPHHPHHHHHHPHHHPHHPPHH
837,HPPHHPHHHHHPHPHHHHHHHHPHHHHHHP
838,HHHHHHHHHHPPHHPPHHHPHHPPHHHHHH
839,HHHHPHHHPHHHPHHHHHHHHPHHHHHHPP
840,PPHHHHPHHHHHHHHHHHHHPPPHHHPHHH
841,HHPPHHHHHHPHPHHHHPPHHPHHHPHHHH
842,HHHHHHHPHPPPHPHHHHHPHPHHHHPHHH
843,PHHHPHHPHHHPHHHHHHHHHHHHPPHHPH
844,PHPHHHHPHHHPHHHHHHHHHHHHHPHHPP
845,HHPHHHPHHHHHPHHPPHHHHHHHPHHHPH
846,HHHPHHHHHHPHHHPPHHPPHHHHHHHHHH
847,HHHHPPHHHHHHHHHHPPHPHHPHHHHHHH
848,PHHHHHHHHPHHHHHHHHHHHHHPPPPHHH
849,HHHHPHPHHPHPHHHHPHHHHHHHHPHHPH
850,HHHHHHHHHPHHHHHPPHHPHPHHPHHHPP
851,HHPHHHHHPPHPHHHHHPHHHHHPHHHHHH
852,HHHHPPHPHHHHHPPHHHPHHHPHHPHHHH
853,HHPHHHHHHPHHHPPHHHPHHHHPHHHPHH
854,HHHHHHHPHPPHHHHHHPPHHHHHHPHHHH
855,HHPHHHHHHHHPPHPHHHPHHHHHHPHHHH
856,HHHHHHHHHPHPHPPHHHHHHHHPHHPHHH
857,HHHHHHHHPHHHPHHHPHHPHHHPHHHHPH
858,HPHPHHHPHPHHPHHHPHHHHHHHHHPHHP
859,HHHHHHHHHHPHHHPHHHHHPPHHHHHPHP
860,HPPHPHHHHHHHHHHHPPPPHHHHHHHHHH
861,HPHHHHHHHHHHPHPHHHHHHHHPPPHHPH
862,HPHHHHHHPPHHHHHHPHHHHPHHHHHHHP
863,HHHPPHHHPPHHHHHHHHHPHHPPHHHHHH
864,HPPPHHPHHHHHHPHHHPHHHHHHHHHPHH
865,HHHPHHHHPHPHHHHHPHHHPHHHHHHPHP
866,HHPHHHHHHHHPPPHHHPPHHHHHHHHHHP
867,HPHHHHHHHPHHHHHHHHHPPPHPHHHPHH
868,PHHHPHHPHHHHHHHHHHHHPHHPHHHHHP
869,HHHHHHHHHHHHPHHPHHPHPHPHHHHPHH
870,HHHHHHPHHHHHPHHPHHHPHHHHPHHHHP
871,HPHPHHPHPHHPPPHHHHHHHHHHHHPHHH
872,HHPHHPHPHHHPHHHHHHHHPPHHHHPHHH
873,HHHHHHHHHHHHHPHHHPHHPHPPHPHPHP
874,HHHHPHHHPHHPHHHHHHPHHPHHHPHPHH
875,PHHHPHHHHHHHHPHHHHHHHPHHPHHPPH
876,HPHHHHHPHHHHHPHHHHHHPHHHPHHPHH
877,HHPHHHHHHHHHHHPHPPHHHHPHHHHPHH
878,HPPHHHHHHPHPPPHHHPHHHHHHHHHHHH
879,PHHPHHHHHHHHHHHHHHHHHHHPPHPHPH
880,HHHHHHHPHHHHHPHPHPHHPHHHHPPHHH
881,HHHHHHPHHHHHPPHHHHHHPHHHPHPPHH
882,HPHHHHHHHHHHHHHPHHHHHHPHHHHPPP
883,PHHHHPHPHPHPHHHHHHHHHHHHHPHHHH
884,HHHPHPHPHPHHHHHHHHPHHPHHPHHHHH
885,HHHHHPHHPPPHHPHPPPHHHHHHHHHHHH
886,PHHPHHHHHHPPHHHHHHHPPHHHHPHHHH
887,HHHPHHHHPHHHPPHHHHHPHPHHHHHHHP
888,HHHHHHHHHHHPHHPHPHHPHHPHPHHHHH
889,HHHHHPHHHPHPHHPHPHPPHHHHHHHHPH
890,PHHHHHHPHHHHHHHPHHHHPHHPHHPHHH
891,HHPHHHHHHPHHPHPHHHHHHHHHHHPPHP
892,HHHPHHHHPHPHHPHHPHHHHHHHHPHHHH
893,HHHHPHHHPHHHPHHPHPPHHHHPHHHHHH
894,HPHHHHHHHPHHHHHPHHHPPHHHHHPHHH
895,PPHHHHHPPHHHHHPHHPHHPHHHHHPHHH
896,HHHHHHHHHHPPHHPHHHPHHPHHHPHHPH
897,HHHHHPHHHHHPHPHPPHHHHHHHHPHHHP
898,PHHHHHHHPHHHHHHHHHPHPHPHPHHHHH
899,PHHHHHPHHHHHHHHHPPHHPHHHHHPHHH
900,PHPHHHPHHHPHHPHHHHHHHHHPHHPHHH
901,HHPPPHHHHHPHHHHHHHHPPHPHHHHHHH
902,HHHHPHHPHPHHHHPHHHHHHPHHHHHPHH
903,HHHPHHHPHHHHHPHHPHPHHHHPHHPHPH
904,HHHHPHHPPPHHHHHHHHHHHHHHPPHHHH
905,PHHHHHHHHHHHHPHPHHHHPHHHPHPHPH
906,HPHHHHPHPHHHHHHHHHPHHHHPPHHHHH
907,HHHHHHHHHHHHHPPHPHHHPHHPHHHPHP
908,HHHHHHHPHHHHHHHPPHPHHHPPHHHHHH
909,HHPPHHHHHHHHHHPPHHHHHHHPPHHHHH
910,HHPHHHHHHPHHPPHHHHPHHHHHPHHHHH
911,HHPHHHPHPHHHPHHHHHHHPHHPHHHHHH
912,PHHHPHHHHHHHHPHPHPPHHHHPHHHHHH
913,HHPPHHHHPHPPHHHHHHHHHHHPHHHHPP
914,HHHHPHPHPHHPHHHPHHHPHHHHPHHHHH
915,HHPHHHPHPHHPHHHHHHHHHPHHHHHPHP
916,HPHPHPHHPHHPHHHHPHPHPHHHHHHHHH
917,HHPHHHPPHHPHHHHPPHHHHPHHHHHHHP
918,PPHPHHHHHPHHHHPHHHPHHHHHHHHHHH
919,HPHHPHHHHHPHHHHPHHHHHPPHHHHHPH
920,PHHPHHHHHHPHHHHPPPHHHHHPPHHHHH
921,PPPHHHHHPHHHHHHHHHPHHHHHHPPHHH
922,PHPPPHHHPPHHHHHHHHHHHHHPHHHHPH
923,HHHHPHHPHHHHPHHHPPPHPHHHHHPHHH
924,HHHHHHHPHHHHHHHPHHHPPHHHHHPHPH
925,HHPHHHHHHPHHPHPHHHHHHHHHHHHPPP
926,PHHHHPHHHHHPHHHHHHHHHPHPHHHPHH
927,HHHHHHHHHPHPHHHHHHHPPPHHPPHHHH
928,HHHHHHHPHPPHHHHHHHHPHPHHHHHHPH
929,PHHHHHHHPHHHHHPHHHPHPHHHPPHPHH
930,HHPHHHHHPHHPHHHHHHPHHHPHHHHHHP
931,HHHHHPHHHHHHHHHHPPHPHHHHHHHPHP
932,PHHPHHHHHHHHHHHHHHHPHPPPHHHPHH
933,HPHHHHPHHHHPHHHPHHPHHHHHHPHPHH
934,HHHHHHHPHHPHHHHHHPPHPHPHPHHPHH
935,HPHHPHHHPHHHHHHPHHHHHHPPHPHHPH
936,HPHHHPHHHHHPPHPHHHHHHHHPHHHHHP
937,HHHHPHHHHHHHHPHPHPHHPPHHHPHPHH
938,HHHPHHHHPHHHHHHHHHHHPHPHPPHHHH
939,HHHHHHPHPHHHHHPHPHPHPHHHHPHHPH
940,PHHHHPHPHPHHHHHHHHHHHHHPHHHHPH
941,HPHHHHHHPHHHHPPHHHHPPPHHHHPHHH
942,HHPHHHHHHPHHHHHHHPHHHPHPHHHPHP
943,HHHPHHPPHHHPHHPPPHHHHHHHHHHHHH
944,PHPHHHHHHPHHHHHHHHPHHHHHHHPHHP
945,HHHHHHHPHHPHHHPHHPHHPHHHHHHPHH
946,HHPPHHPHHHHHHPHPHHPHHPHPHHHHHH
947,HPHHHHHPHHHPHHHPPHHHPHHHHHHHHP
948,PHHPHHPHHHHPHHPHHHHHHHHHHHHPHH
949,HHHHHPHHHHHPHPHHPHHHHHPHHHHPHH
950,HPHHHHHPHHPHHPPHHHHHPHHHPHHHPH
951,PHHHHHPHHHHHHHHHPHHHPHPHPHHPHH
952,HPPHHPPHHHHHHHHHHHHPHHPHPHPHHH
953,PHHHHHHPHHHHPHPHHPHHPHHHHPHHHP
954,PHHHPHHHHPHHHPHHHHHHHHHHPHHHHP
955,PHHHHHHHHHPHPHHHHHPPHHPHHHHHPP
956,HHHHHHHHHHHHPPHHPHHPHHHHHPHHPH
957,HHHHHPPHHHHHHHHHHPPPHHHHHHPPHH
958,HHHPHHHPHHPHHPHHHHHHHPHPHHHHHH
959,HHHHHHHPHPHHHHHPHHHHHPHHPPPHHH
960,HHHHPHHHHHHHHHHHPHPHHHPPPHHHPP
961,HHHHPHHHHHHHHPPHHPPHHHHPHPHHHH
962,HPHPHPHHHHHHHHPPHHHHHHHHHHHHPH
963,PPHHHHPPHHPHHHHHHHHPHHHHHHHHHH
964,HHPPHHHHHHHPHHHHPHPHHHHPHHHHHH
965,PHHPHHPHHHPHHHHHHHHHHPHHHHHHPH
966,HPHHHHHPHHHHHPHHPHHPHHHHHPHHHP
967,HPHPPHPPHHHHHHHHPHHHHHHHHHHHHH
968,HPPHHHHHPHHHHHHHHPPHHHHHPHHPHH
969,HPPPHHPHHHHHHPPHHPHHHHHHHHPHHH
970,HHHPHPHPHHHHHHPHHHPHPHHPHHHHHH
971,HHHHHHHHHHHHHHHPHHHHPHPPHPHPHP
972,PPHHHHHHHHHHHHHHHHPHHHPPPHHHHH
973,PHHHHPPHHHHHHHHHHHPHPHHHHHHPHH
974,HHHHHHHHHHHHHHHPPPPHHHPHHHHHPH
975,HHHPHHHPHHHPHPHPPHHHPHHHHHHHHH
976,HHHPHHPHPHHHHHHHHPPHHHHPHHHHHH
977,HHHPHHPHHHHHHPHHHHHHHHPHHPHPPH
978,HHHHPHHHHHPHHHHHHPHHHHHPPHHPHH
979,HHHHPHHHPHHHHHHHHHHPHPPPHHHHHH
980,PHHHPHHHHHPHHHHHHPHHHPPHHHHHHH
981,PHHHHHHHHHPHHPHHHHHHHHHHHPPHHP
982,HHPHHHHHHPHPHHHHHHHHHPHPHHHHHP
983,HHHPPHHHPHHHHHHHHHHHHPHPPHHHHH
984,HHHPHHHHHHHPHHHHHHHPHHHPPPPHPH
985,HHHHPHHHPPHHHHHHHPPHHPHHHHHHPP
986,PHHHHHHHHPHHHHHHHHHPHHPPHPHHHH
987,PPPHHHHHPHHHHHHPHHHHPHHHHHHHHH
988,HHHHHPHHHHPPHPHPHHHHHHHHHHHHHP
989,PPHHHHHHPHHPHHHHHPHPHHHHHPHHHH
990,HPHHHHHHHHPHPHHPHHHHHHPPHHHHHH
991,HHHPPHHHHHPHHHHHHHHPHPHPPHPHHH
992,PHHHHPHHPHPHHHHHPHHHHHHHHHHHPH
993,HHHHHPPHHHHHHPPPHHHPHHHHHHHHPH
994,PHPPPHHHHPHHHHHHHHHPHHHHPHHHHH
995,HHHHPHHPHHPHHHHPHHHHPHHPPPHHHH
996,PHPHHHHHHHHHHHHHPHPPHHPHHHHHHH
997,HHHPHHHHPHHHHPHPHHHHHHHHPHHPPP
998,HHPHPHHHHPHHHHHHHHHPHHHPHPHHHH
999,HHPHHHHPHHHHHHHPPHPHHHPPHHHHPH
1000,HPHPHHPHHHHHHHHHHHPHHHHHPPHPPH
1001,HHHHHHPHHHHHHPHHHHHHPHPHHHPHPH
1002,HHHPHHHHHHHHHPHHPPHHPHHHHPPHPH
1003,PHHHHHHHHHHPHPHPHHPHPPHHHHHHPH
1004,HHPHHHHHHPHHHHHHPHHHHHHPHHHPHP
1005,HPHHHPHHHHHHHPPHHHPHHPHHPHHPHH
1006,HHPPHHHPHHHPHHPHHHHHHHHPHHHHHH
1007,HHPHHHPHPPHHHHHPHHPHHHHHHHHHHP
1008,HHHHHPHPPHHHHHHHPHHHHPHHHPHHHH
1009,PHHHHHHHHPPHHHHPHHHHPHHHPHHPHH
1010,HHPHHPHHHHPHPHHHHHHHHHHHPHHHHP
1011,HHHPPHHHHPHHHHPPHHHHHHPPHHHHHH
1012,HHHPHHHHHHHPHPHPPHHHPPHHHHHHHH
1013,HPPHHHHHHHHHHHPHHPHHHHHHHPHHPP
1014,HHPHHHPPHPHHHPHHPHPHHHHHHHHHHH
1015,HHHHHHHHHPHHPHHPHHPHHHHPHHHHHP
1016,HPHHHPHHHHHHHPHHHHPHHPHHPHHHHH
1017,HPPPPHHHHHHHHHHPHHHHHHHHHHPHHH
1018,HPHHHHHHHHPHPHHHHHPHPHPHHHHHHH
1019,HPHHHHHHPHHHHHPHHHHHHHHPHPHPHP
1020,HHHHHHHHHPHHHHHPHHHHHPHHHHPPHP
1021,PHHHHPHHHHHPHPHHPPHPHHHHHHHHHH
1022,PPHHPPHHHHPPHPHHHHHHHHHPHHHHHH
1023,HHHHHHHPHHHHHHPHPHPHHPHHHPPPHH
1024,HPPHHHPHHHHPPHPHHHHHHHHHHHHPHH
1025,HHHPHHHHPHHPHHHHHHHHHHHHPHPPHH
1026,PHHHPPHHHHHHHHHHHPHHHHHHPHHHPH
1027,PHHHHHHHPPHHHHHPHHHHHHHPHPHPPH
1028,HHHPHHHPHHHHPHHHHHPHHPHHHPHHHH
1029,HHHHHHPHHHHHPHHHHHHHPHHHHPHPHP
1030,HHHHHPPHPHHHHHPHHHHPPHHHHHHHHH
1031,HHPHHPHHPHHHHHPHHHHHHHHPHPHHHH
1032,HHHHHHPHHPPPHHHHPHHHHHHPHHHHHH
1033,HHHPPHHHHPPHHHHHHHHPHHHPHHHHHH
1034,HHHHHPHPHHHHHHHHHHPHHHHHHPHPPH
1035,HHHHHHHPHHHHHHPHHHHPPPPHHPPHHH
1036,PHHPHPHHHHHHHPHHHHHHHHHHHPPHHH
1037,HHHHHHPHHPPPHHHHHHHPHPHHHHPHHH
1038,HPHPHHHHHHHHHHHPHHPHHHHHHHHPPP
1039,HHHHPHHPHHHHHHPHHHPHPHHHHHPHHH
1040,HHHHPHHPHPHHHHHPHPHHHHPHHHHHHH
1041,PPHHHPHHPHHHHPPHHHHHHHHHHHHHPH
1042,HHHHHPHHHHHPHHPHHPHHHHHHPHHPPP
1043,HHHHHHHPHPHHHHPHHPHHHHPHHHHHPH
1044,HHHHHHHPHHPHHPHHHPHHPHHHHPPHHH
1045,HHPPHHHHHHHHHPHHHHHPPPHPHHHHHH
1046,PHHHHPHHHHHPHHHHHHHHHHPHHPHHPH
1047,PHHHPPHHHPHHHHPHHHPHHHHHHHHHHH
1048,HPHHHHHPHHPHHHHHPHHHHHPHHPPHHP
1049,HHHPHHHHHHPPHHHHPHPHHHHHHHPHHH
1050,HHHHHHPHPPHHHPPHHHHHHPHHHHHHPH
1051,HHHPHHPHHHPHPPHPHHHPHHHHHHPHHH
1052,HHHPHHHPPHHPHHHPHHHHHHHHPHHHHP
1053,PHHHHPHHHHHHHHHHHHPHHHPHHPHHHP
1054,HHHPHHHHPPHPHHHHHHHHHHHPHHHPPP
1055,PPPHHHHHHHHHHHPHHPHHHPPHHHPHHH
1056,PPPPHHHHHHHHHHHHHHHHPPHHHHPHHH
1057,HHHHHPHHHHHPPPHPPPHHHHHPHHHHHH
1058,HPHHHHHHHHPHHHPHHHHPPHHPHHHHHH
1059,HPHPHHPHHHHPPHHHHHHHPHPHHHHHHH
1060,HHHHHHPHPHHHPHHHHHPHHHPHHPPPHH
1061,HPHHHPHPHHHHHHHPHHHHHHHPHPHHHH
1062,PHHHPHHPHHHHHPHHHPPHPHHHHHHHHH
1063,HHHHHHHHHHPPHHHHPHHHPPPHHHHHHH
1064,HHHHHHHHPHHPHHPHHHHHPHHPPHHHHH
1065,HHHPHHHHHHPPHHPHHHHPHHHHHPHHPH
1066,HHHHHHHPHHHHHPHPHHHHPHHHHHPHHP
1067,PPHHHHPHPHHHHHPHHHPHPHHHHHHHHP
1068,HHPHHPHHHHHHHHHHPPHHHHHPHHHHPH
1069,HHHPPHHHHHHPPHPHPHHHHHHHHHHPPH
1070,HHHHHHHHHHHHPHPHHHHPHHHHHHHPPP
1071,HPHHHHHHHHHHHHPHPHPPHHHHHHHHPH
1072,PHHHHPHHPHHHHHHHHPHHHHHHPHHHPH
1073,PHHHHHHHPHPHHHHHPHHHPPHPHHHHHH
1074,HHPHHHHHHHHHPHHPHPPHPHHHPHHHHH
1075,HHPPHHHHHPHHHHHHHHPHHPHHPHHPHP
1076,HHHHHPHHHPHPHHHHHHPHPHPHPHHHHH
1077,HHHHHHHHHHHPHPHHPHPHHHHHHPHHPH
1078,HPHHPHHPHPPHHHHPHHPHHHHHHHPHHH
1079,HPHHHHHHHPHHPHHHHHHPHHPHPHPHHH
1080,HHHHHHHHPHHHPHHHHPHPHHPPHHPHPH
1081,HHHHPHPHHPHHHPHHPHHPHHPHHHHHHH
1082,HHHHHHHHHHHPHHPPHHHHHPHPPHHHHH
1083,HPHHPHHPHHHHHHPHHHPHHHPHPHHHHP
1084,PHHHHHHHHPHHHPPHHPHHHHHPHPHHHH
1085,HHHHPHPHHHHHHPHHPHHPHPHHHHHPPH
1086,HPHPHHHHHHPHHHPHHHHHHHHHPPPHPH
1087,PHHPHHHHPHHHHHPHHHHPHHPHHHHHHH
1088,PHHHHHHHHPHHPHHHHHHHHPPPPHHHHH
1089,HPHHHHHHHHHHPHPPPHPPHHPHHHHHHH
1090,HHHHHHHHPHHHHPPPHPPHHPHHHHHHHH
1091,HHHHHHPHHHHPHHHHPPHHHPHHHHHPHP
1092,HHPHHHHHHHPHHPHHHHHPHHHPHPHHHH
1093,HHHHHPHPPHHHPHHHHHPHHPHHHHHHHH
1094,HPPPHPHHHHPHHHHHHHHHHHHPPHHHHH
1095,PHHPHHPHHHHHHHPHHHPHPHHHHHHHHP
1096,PPHHHHHHHHHHHHPHHHPHPHHHHHHPPH
1097,HHHHPHHHHPHHPHPHHHHPHHHHHHHPHH
1098,HPHHHPPHHHHHHPPHHHHHPPHHHPHHHH
1099,HHPHPHHPHHPHHHHHHHPHHHHPHHHHHH
1100,HPPHPHHHHHHHPHHHPHPHHHPHHHHHHH
1101,PHHHHHPHPHPHHHHHHPHHHHHHPHHPHH
1102,HPHHHHHHHPHHHHPHHHHHPHHPPHHPHH
1103,HHHHHHHHPHHHPHPPHPHHHHHHHPHHHP
1104,HHPPHHHHHPHPHPPHHHHPHHPHHHHHHH
1105,PHHHHHHHHHHHPHHHHPHHHPHHHHPHHP
1106,HPPHHHHPPHHHHHHHHHHHHHPPHHHHHP
1107,PHHHHPHHHHHPHPHHHHHPHHHHPHHHHH
1108,HHHHHPHPHHPHHPHPHHPHHHHHHPHHHP
1109,HHPPHPHHHHPHHHHPHHHPHHPHHHHHHP
1110,HHHHPHHPHPHHHHHHHPHHPPHHHPHHHH
1111,HHHHPHHHHHHHPHHPHHHHHHHHPHHHPP
1112,HHPHHHHHHPHHHPHPHPHPHPHHHHHHHH
1113,PHHHHPHHHHHHHHPHHHHHPHHHPPPHHH
1114,HHHPHHHPHPHPHHHHPHHPPHPHHHHHHH
1115,PHHHHHPHHHHHHHPHPPHHHHHPHHHPPH
1116,HPPHHHHHPHHHPHHHHPPHPHHHHPHHHH
1117,HHHHPHHHHPHPHHHHHPHHPHPHHPHHHH
1118,HHHHHHPHHPHHPHHHHHHHHPPHHPHPHH
1119,HHHHPHHPPHHPHHHHHPPPHHHHHHHHPH
1120,HHHHPHHHHHPHHHPHHPHHPHHHHHHHPH
1121,PHHHPHHPHHPPHHHHHHHHHHPHPHHHHH
1122,HPHHHPHHHHHHHHPHHHHHHPHHPPPHHH
1123,HHHHHHPHHHPHHHPHHHHHPHHHPHHHPH
1124,HHPHHHPHHHPHPPPHHHHHHPHHHHHHHH
1125,PHHPPPHHHHHHPHHHHHHHHHHHHPHHHH
1126,PHHPHHPHHHHHPPHPHHHHHHHHPHHHHH
1127,PHHPHHHHHPHHHHHHHHHHHPPHPPPHHH
1128,HHHHHHHHHHHPPPPHPHHHHPHHHHPPHH
1129,HHPPPHHPHHHHHHPHHPHHHHHHHHHHHH
1130,HHHHHHPHPHHHHHPHHPHPHHHHHHPHHP
1131,HHHHHHPHPPHHHHPHHHPHHPHHHHHHHP
1132,PHHPHHPHHHHPHHHHHHHPHHHHHHPHHH
1133,HHHHHPHHHHHHPPHPHHHHPHHHHPHHHP
1134,HPPHPHHHHHHHHHHHHHPPHHHHPHHPPH
1135,HPHHHHHPPHHHPPHHHHPHHHPHHHHHPH
1136,HHHHHHHHPPHHPHHHHPHHHHHPHHHHPP
1137,HHPHPHPHHPHHHHHHHHHPHHHHHPHPHP
1138,HPPPHHHHHHHHPHPHHPHHHHPHHHHPHH
1139,HHPHHHHHHHHHHHPHPPHHHPHHHHHPHH
1140,HPHHHHHHHHHHHPHHHHPHPHHHHHPPHH
1141,PHHHHPHHHHHHPPHHPHPHPHHHHPHHHH
1142,HPHHHPHHHHHPHPPHHHHHHPHHHHHPHH
1143,HHHHHHHHHHPHPHHHHHHHHHPHHPHPPH
1144,PPHPHPHHHHHHPHHPHHHHHHHHHHHPPH
1145,HHHPHHPHHPPHHHHHHPHHHHHHHHPHPP
1146,HHHHPPHPHHPHPHHHHHHHHHHHHHHPHH
1147,PHHPPPHHHHHHPHHHHHHHHHPHPHHPHH
1148,HHHHPHHPHPHHPHHHHHPHHHHHHHPPHP
1149,HHPHHHHPHHPHHPHHPHHHHHHHHHPPPH
1150,HHHPHHHHHPHHHPHHHHHHHPHPHPHHHH
1151,HPHHHHHHHHPHHPPPHHHHHHPHHHHHHP
1152,PHHPHPHHHPHPHHHHPHHHHHHHHHHHHH
1153,HPHHHHHPHPHHHHPHPHHHHHPHHHPHHH
1154,HHHHHHHHHPHHHPPPHHHHHPHPHHHHHH
1155,HHHHPHPHPHHHHHHHHHHPHHHHHPPHHH
1156,PHHPPHHHHHPHHHHHPHHHHHPHHHPHHP
1157,HHHPPHHHPHHHPHHHPHHPHHPHHHHHHH
1158,HHHHPHHHHHHPPHHHHPHPHPHPHPHHHH
1159,PHHHHPPHHPHHHHHHHHHHPPHHPHHHHH
1160,HHPHHHHHHHHPPHHHHHHHHPHHPHHHHP
1161,HHHHHHPHHHHPHHHPHHHHPHPHHHHHPH
1162,HHHHHHPPHHPPHHPHHHHHHPHPHHPHHH
1163,HHHPHHPHHHHHHHHHHHPHHHPPHHPHHP
1164,HHPHPHPHHPHHHPHPHHHHHHHHHHHHHH
1165,HHHPHHHHPHPHHHHHHPHHHHHPHPHHHH
1166,HPHPHPHHHPHHHHHHHHHPHHHHHHHHPH
1167,HHHHPPHPHHHHHHHHPHHHPHPHHHHHHH
1168,PPHHPHHHHHHPHHHPHHHHPHHHHHHPPH
1169,HHPHHHHHHPHHHHHHPPPHHHPPHHHPHH
1170,HHHHHHPHHHHHHHPPHHHHHHPPHHHHPH
1171,HHHHHPHHHHHHHHPHPHHHPPHPHHPHHH
1172,HHHHHHPHHPPHPPHHHHHHHHHHPPHHHH
1173,HHHHHHHHPHHHHPHHPHHHHPPHPPHPHH
1174,HHHHHHHHHHPHHHPPHHHPHHHHHPHPHH
1175,HPHHHHHPHPHHHHHPPHHHHHHHPHHPHP
1176,HHHHPHHHHHPHPHHHHPPHHHHPHHPHHH
1177,HHHHHHPHHHHHHHHHHPHHHPHHPPPHHH
1178,HHHHHPPHPHHPHHPHHHHHHHHPPHHHHH
1179,PHPHPPHHHPHPHHHHHHHHHHHPHHHHPH
1180,PHHHHHHPPPHHHHPHHHHHHHHHPHHHHH
1181,HHHHHHHPHHHHPHHHHHHPHPHHHHHHPP
1182,HHHPPHHHHHHHHHHPHHHHHHHHHPPHHP
1183,HHHHHHHHHHHHHHHHPHHPPHHHPPPHHH
1184,HHHHPHHHHHPPHPHHHHPHHPHHHHHHPH
1185,PPHPHHHPHHHHPHHHHHHHHPHHHHHHHP
1186,HPPHHHHHHHHPPPHPHHHPHHHHHPHHHH
1187,HHHPHHHHHHHPHHHHHHHPHHHHHPPPHH
1188,HHHHHHHHHHHPHPHHPHHPHHHHPHPPHH
1189,HHHHHHHHHHHPHHPPHHPHPHPHPHHHHH
1190,HHHHHHHPPHPHHHHHHPHHHHHHHHHPHP
1191,PHHPHPHHHHHHHHPPHHHPHHHHHHHHHH
1192,PPHHHHHHHHHPHHHHHPPHHHHPHHHHHH
1193,HPHHHHHPHPHHPHHHHHHPHHHHHPHHHH
1194,HHPPHHHHHHHPHHHPHHHPHHPHHHHPHH
1195,HHHHPPPHPHHHHHHHHHHHHHHHHPHHPH
1196,PPHHHHHPHHHHHHHHPHHPHHHHHHPHHH
1197,HHHHHHPHHHHHHPHPHPHHHPHHHPHHPP
1198,HHHHHHHHHPPPHPHHHPHHHPHHHHHPHH
1199,HHHPPHHHPPHHHPHHHHHHHHHPHPPHHH
1200,HPHHHHHPPHHHHHPHHHHHHPHHHHHPHH
1201,HPHHHHPHHHHHHHHHPHHHHHHHHHPPPH
1202,HHHHHHHPPHHPHPHHPHPHHHHHHHHHHP
1203,HHHHHHHHHHPHHHPHHPPPHHHHHHHPPH
1204,HHHHPHPHPHHHHHHPHHPHHHHHHPHHHH
1205,HHHHHPPHHHPHHHHHHPHHHHHHPPHHHH
1206,PHHHHHHPHPHHHPHHPPHHHHPHHHHPHH
1207,PPHPHHPHHHHHPHHHPHHHPHHHHHHHHH
1208,HHHHPPHPHHHHHHPHHHHHPHHHPPPHHH
1209,HHPHHHHHHHHHHPPHPHHPHHHHPHHHPH
1210,PHHHHPHPHHHPHHPHHHHPHHHHHHHHHH
1211,HHHPHHHHHHHHHHHHHHHPPHHPHHHHPP
1212,HHPPHPHPPHHHHHPHHHHHHHHHPHHHPH
1213,HHHHHHPHHPHPPHHHHPHHHHPHHHHPHH
1214,HHHHPHPPHHHPHPHHHHHPHHHHHHPHHH
1215,HHPHHHHHHHPPHHPHHHHHPHPHHHHHHP
1216,PHHHHHHPHHHHHHHHHPPHHPHPHHHHHH
1217,PHPHPPHHHHHHHHHHHHHHPHHHHHPPPH
1218,HPHHHHHHPPHHHHHPHHHHHHHHHPHHHP
1219,HHHHHPHHHHHHHHHPHHPPHHPHHHHPHH
1220,HHPHHPPHHPHPHHHHHHHHHHPHHHHHHH
1221,PPHHHHPHHHPHHHHHHHHHPHHHHHHPHH
1222,HHHHHHHPHHPHPHPHPHHHPHHHHHHHHH
1223,HHHHHPHPHHHHPHPHHHHHHHHHPPHPHH
1224,HHHHHHHHHPPPHHPHHHHHHHHHHPPHHH
1225,HPHHHHHPHPHHHHHPHHHHHHHHHPHHPH
1226,PPPHHHHHHHHHPHPHHHHHHHHHHPHPHH
1227,HPHHPHHHHHPHHPHHHHHHHHPPHHPHHP
1228,HHHHPHPPHHHHHHHHPPHPHPHHHHHHHH
1229,PHHHHPHHHPHHHHHHPHHHHHHHHPHPPP
1230,HHHPHHHHHHPHHHHPHHHHHPHPPHPHHH
1231,HHHHHHPHHHHPHHHPHHHHPPPHHHHHHH
1232,PPHHHPHHHHHHHHHHPHHHHHHPHPHHPH
1233,HPHHHPHHHPHHHHHHHPHHHPHPHHHHHH
1234,PHHHHPPHHHPHHHPHHHHHHHHHHHHHPP
1235,HHHHPHHPHHHHHHHHHHHHHHPHPPHHHP
1236,HHHHHHHPPHHHHHHHHPPHPHHHHPHHHH
1237,HHHPHHHHHPPPPHHHHHHHHHPHHHHHPH
1238,HHPPPHHHHHHHPHHHHPHHHPHPHPHHHH
1239,HHHHHHHHHHHPHPHPHPPHHHHHHHHHPH
1240,HHPHPPHHHPHHPHHHHHHHHHHHHHHHPH
1241,HPHHHHHHHHHHHHHHHHPHHHPHPPHPHH
1242,HHHPPHHHPHHHHHHHHHPPHHHHPHPHHH
1243,HHHHHHPHHHHPHHHHHHHPHHPHHPHHPH
1244,HPHHHHHHHHHHHHPPHPHHHPHHHHHHHP
1245,PHPHHHPHHHHHHHHHHPPHHHHHHHHHHP
1246,HHHHHPHHPPHHHHHHHHHPHHHPPHPPHH
1247,HHHHHHHPPHPPHHHHPPHHHHHHPHHHHH
1248,PHPHHHHHHHHHHHHHHHPHHHPPHHHPHH
1249,HHHHHHHPHHHPHPHPHPHPHPHHPHHHHH
1250,HPHHHHHHHHPPHHHHHHPHPPHHHHHHHH
1251,HHHHHHHHPPHHHHPHHHPPPHHHHPHPHH
1252,HHHHHHHPHHHHPHPPPPHHHHHHHPHPHH
1253,HPHHHHHPHHHHPPPHHHHHHHHHPHHHHH
1254,HHHHHHPHHHPPHHHHHHHHHPHHHHPPPH
1255,HHHHHPHPHPHHHHHHHHHPPHHHPPHHHH
1256,HHHPHHHHHHHHHHPHHPHHPPHHPHPPHH
1257,HHHHHHHPHPHHHPHHHHHHPPHHHHHHPP
1258,HHPHHPPHHHHHHHPHHHHHHHHHPHPHHH
1259,HHHPHHHHHHHHPHHHHHHPHHPHHHPHPH
1260,HPPHHHHHHHHPHPHPHHPHHHHHHPHHHH
1261,HHHHHHPPHHHHPHHHHPPPHHHHPHPHHH
1262,HHHPHPHHHHHPHPHHHHHHHPHHPHHPPH
1263,HPHHHHHHHHPPHHPHHHHPPHPHHHHHHH
1264,HHHHPHHHHPHPHPHHHHHHPHHPHHHHPP
1265,HPHPHHHHHPHHPHHHPHHPHHHHHHHHPH
1266,HPPHPHHHPPHHHPHHHHHHHHHHHHHHHH
1267,HHPPPHHPHHHHHHHHHHHHHHHPPHHHHH
1268,PHHPHHHPHPHHHHHHPHHHHPHHHHHHHP
1269,PHHHHHHHHHHHHHHHHHHPHPPPHPHHHH
1270,HPHHHHHHHPHHPHPHHHHPHHHHHHHPHH
1271,HHHHHHHPHHHHPHHHPHHHHHPPHHHHHP
1272,HHPHHHHHHHHHHPHHPPHHHHHHHPHHHP
1273,HPHHPPHHHHHPHHHHHHHHHHHHHHPPHH
1274,HHHPHHHHPPHHHPHPHPHPHHHHHHHHHH
1275,HHHPHHHPHHHHHPHHHPHHPHHHHPPHHH
1276,PHHHHHHPPHHHHPHHPHHPHHHHPHHHHH
1277,HHHHHHPHHPPHHHHHPHHPHHPHHHHPHP
1278,HHHHHHHHHPHPHHHHHPPHPPPHHHPHHH
1279,HHHHHHHHHPHHPHHHPHPHHHHPPHHHHH
1280,HHHPHHHHHHPPHHPHPHHHHHHHHHPHHH
1281,HHHHPHPHPHHPHHHHHHHHHPHHHPHHPH
1282,PPHHHHHHHHHHPHHPPHHHHHHHPHHHHH
1283,PHPHHHPHPHHHHHPHHHHHHHPHHHPHHP
1284,HHHPHHHPHPHHHHHHPHHHHHHHPHPHHP
1285,PHHPHHPHHHHHHHHHPHHHHHPHPHHHHH
1286,PHHHHHHHHHPPHHHHHHHHHPHPHPPHHH
1287,PHHHHHPHHHPPPHHHPHPHHHPHHHHHHH
1288,HHHPHHPHHPPHHPHHHHHHHHHHHHHHHP
1289,HHHHPHHHHPHHPPHHHHPHPHPHHHHPHH
1290,HHPPPHHHPHHHHHPHHHHHPHHHHHHHHH
1291,HHHHHPHHHHHPPHHHHPHPHHHHPHHHHH
1292,PHPPHPHPHHHHHHHHHPHHHHHPHHHHPH
1293,PHHHHHHHHHHHPHPHHHHHPHHHPHPPPH
1294,HHHHHPHHPHHHPPHHHHHHPPHHHHHHHP
1295,HHPHHHHHHHHHPHHHHPHPHHHPHHHHHP
1296,HHPHHHHHHPHHHHHHHHHHPPHHPHHHHP
1297,HHHPPHPHHHHHPHHHHHHHHPPHHHHPHH
1298,PHHPHPPHPHHHHHHHHHHHHHHPHHHHHH
1299,HPHPHHHPHHHHHHHPPHHHHHHHHPHHHH
1300,HHHHHHHHPPHPHHHHHHHHHPHPHHPHPP
1301,HHHHHPHHPHHHHPHPHHPHHHPHHPPHHH
1302,HHPHHHHHPHPHHHHHHHPHPHHHHHPHHP
1303,HHHHPHPPHHHHHHPHPHHHHHPHHHPHHH
1304,HHHHHHHHPPHHHHPHHHHHHHHHPHPHPH
1305,HPHPHHHPHHHHHHHPHPHHHPHHHHHHHH
1306,HHHPHHHPHHPHHHHPHHHHHPPHHHPHHP
1307,HHPHPPHHHHHHHHHHHHHPPHPPHHHHHH
1308,PHPPHHHHHHHHHPHHHHHPHHHHHHPHHP
1309,HHHPHHHHHPPPHHHHHPPPHHHHHHHHHH
1310,HHHHPPHHHHHPHPHHHHPPHHHHHHHHHH
1311,HHHHHPHHHHHHHHPHHHPPHHHPPPHHPH
1312,PPHHHPHHHHHPHPHHHHHHHPHHHHHPHP
1313,HPHPHHPPHHHHHHHHHPPHHHHHHHHHHH
1314,HHHPHPHHHHHHHHHHHHHPHHPPHPHHHH
1315,HPPHPHHHHHHHHHPPHHHHHHHHHHHHHP
1316,HPHHPHHHHHHHPHHHHPPHPHPHPHHHHH
1317,HPHHHPPHHPHHPHHHHHHHHHHHPHHHPH
1318,HHPHHHHPHHHHHHHHHHPPPHPHHHPPHH
1319,PHHHHPHHHHHHHPHHHHHHPHHPPHHHHP
1320,HHHHHPHHHHHPHHPHHHHPPHHHPHHHHP
1321,PHHHHPHHPHHHHHHHHPHHHHHHHPHPHH
1322,HHHHHHHHHHHPHHHPPPPHHHPHPHHPHH
1323,PPHHHHPHHHHHHHHPHHHHPHHPHHHHHH
1324,HPHHHHHHHHHHHHHHHPPPHPPHPHHHHP
1325,PPHHHPHHHPHHHHHHHHHHHPHHHPHHHH
1326,HHHHPPPHHHHHHHHHPHHHHPHPHHHHHH
1327,HHHHHHHPHHHHPHHHPHHHHHPHHPHHHP
1328,HHHHPHPHPPHHHHHPHHPHHHHHHHHHHH
1329,HHHHHHPHHHHPPHHHHHHHHHPPHPHPPH
1330,HHHHPHHHHHPHHHHHPHPPHHHPHHHPHH
1331,HHHPHHHHHPHHHHHHPHPPHHHPPPHHHH
1332,HHHHHPHHHPPPPHHHHHHHHPHHHHHHHH
1333,HHHPHHHHHPHPHHHHPHHHHPHPHHHHPH
1334,PHHHHPHPHHPHHHHHHHPHHPHHHHHHHH
1335,HHHPPPHHHHHHHHHHHHHPPHHHPHPHHH
1336,HHPHHHPHHHHHHHHHHHHHHPHHPHPHHP
1337,HHHHHPHHHHPHHPPPHHHHHHPHHHHHHH
