id,sequence
0,PPPPPPPPPPPPHPPPPHPPPPPPPPPPHP
1,PHHPHPPPPPPPPPPPPPPPPPPPPPPPPP
2,PPPPPPPPPPPPHPPPPPPPPPPPPHPPPP
3,HPPPPPPPPPPPPPPPPPPPPPPPHPPPPP
4,PHPPPPPPPPPPPPPPPPPPHPPHPPPPPP
5,PPPPPPHPPPPPHPPPPPPPPPPPPPPPHP
6,PPPPPPPPPPPPPPPHPPPPPPPPPPPHPP
7,PHHPPPPPPPPPPPPPPPPPPPPPPPPPPP
8,PPHHPPPPPPPPPPPPPPPPPPPPHPPPPP
9,PPPPPPPPPPPPPPPPPPPHHPHPPPPPPP
10,HHPPPPPPPPPPPPPPPPPPPPPPPPPPPP
11,PPPPPPPPPPPPPPPPPPPHPPPHPPPPPP
12,PPHPHPPPPPPPPPPPPPPPPPPHPPPPPP
13,PPPHPPPPPPPPPPPPPPPPPHPPPPPPPP
14,PHPHHPPPPPPPPPPPPPPPPPPPPPPPPP
15,PPPPPPHPPPPPPPPPPHPPPPPPPPPPPP
16,PPPPHPHHPPPPPPPPPPPPPPPPPPPPPP
17,PPPPPPPPPPPPPPPPPPPPPPPPPHPHPP
18,PPPPPPPPPPPPPPPPPPPPPPPPPHPPPH
19,PPPPPPPPPPPPPPPPPPPPPHPPPPPPPP
20,PPHPPPPHPPPPHPPPPPPPPPPPPPPPPP
21,HPPHPHPPPPPPPPPPPPPPPPPPPPPPPP
22,PPPPPPPPPPPPPPPPPPPHPPPPPPPPPP
23,PHPPPPPPPPPPPPPPHPPPPPPPPHPPPP
24,PPPPPPPPPPPPPPPPHPPPPPPPPPPPHP
25,PPPPPPPPPPPPPPPPPPPPPPHPHPPPPP
26,PPPPPPPPPPPPHPPPPPPPPPPPHPPPPP
27,PPPPHHPPHPPPPPPPPPPPPPPPPPPPPP
28,PPPPPPPPHHPPPPPPPHPPPPPPPPPPPP
29,PPPHPPHPPPPPPPPPPPPPPPPPPPHPPP
30,PHPHPPPPPPPPPPPPPPHPPPPPPPPPPP
31,PPPPHPPPPPPPPPPPPPPPPPPPPHPHPP
32,PPPPPHPPPPPPPPPPPPPPPPPPPHPPPP
33,PPPPPPPPHPPPPPHPPPPPPPPPPPPPHP
34,PPPPPPPPPPPHPPPPPPPPPPPHPPPPPP
35,PPPHPPPPPPPPHPPPPPPPPPPPPPPPPP
36,PPPPPPPPPPPPPPPPPPPPPPPHPPPHPP
37,PPPPPPPHPPPPPPPPPPPHPPPHPPPPPP
38,PPPPPPPPPPPPPPPPPPHPPPPPPPPPPH
39,PPPPPPHPPPHPPPPPPPPPPPPHPPPPPP
40,PPPPPPPPPPPPPPPHPPPPPPPPPPPPHP
41,PHPPHPPPPPPPPPPPPPPPPPPPPPPPPP
42,PPPPPPHHPPHPPPPPPPPPPPPPPPPPPP
43,PPPPPPPPPPPPPPPPPPHHPPPPHPPPPP
44,PPPPPPHHPPPPPPPPPPPPPPPPPPPPPH
45,PPPPPPPPPPPPPPPPPPPPHPPPPHPPPP
46,PPPPPPPPPPPPPPPPPHPPPPPPPPHPPP
47,PPPPPHPPPPPPPPPHPPPPPPPPPPPPHP
48,PPPPHPPPPPPPPPPHPPPPPPPPPPPPPP
49,PPPPPPPPPPPPPHPHPPPPHPPPPPPPPP
50,PPPPPPHPPPPPPPPPPPPPPPPPPHPPPP
51,PPPPPPPPPPPPPPPPPPHPPPHPPPPPPP
52,PPPPPPPPPPPPPPPPPPPPPPPPHPHHPP
53,PPPPPPPPPPPPPPPPPPPPHPPPPPPHPP
54,PPPHPPPPPPPPPPPPPPPPPPPPPHPPPP
55,PHPPPPPPHPPHPPPPPPPPPPPPPPPPPP
56,PPPPPPPHPPPPPPPPHPPPPPPPPPPPPP
57,PPPPPPPPPPPPPPPPPPPPPPHPPPPPPP
58,PHPPHPHPPPPPPPPPPPPPPPPPPPPPPP
59,PPHPPPPPPPPPPPPPPPPPPPPHPPPPPP
60,PPPPPPPPPPPHPHPPPPPPHPPPPPPPPP
61,PPPPPHPPPPPPPPPPPPPPPHHPPPPPPP
62,HPPPPHPHPPPPPPPPPPPPPPPPPPPPPP
63,PPPPPPPHPPPPPPPPPPPPPPPPPPPHHP
64,PPPPPPPPPPPPPPHHPPPPPPPPPPPHPP
65,PPHPPPHPPPPPPPPPPPHPPPPPPPPPPP
66,PPPPPPPPHPPPPPPPPPPPPPPPPPHPPP
67,PPPHPPPPPPPPPPPHPPPPPPPPPPHPPP
68,PPPPHPPHPPPPPPHPPPPPPPPPPPPPPP
69,PPPPPPPHPPPPPPPHPPPPPPPPPPPHPP
70,PPPPPPHPPPPPPPPPPPPPPPPPPPPPPP
71,PHPPHPPPPPPHPPPPPPPPPPPPPPPPPP
72,PPPPPPPPPPPPHPPPHPPPHPPPPPPPPP
73,PPPPHPPPPPPPPPPPPPPHPPHPPPPPPP
74,PPPPPPPPHPPPHPPPPPPPPPPPPPPPPP
75,PPHPPPPPHPPPPPPPPPPPPPPPPPPPPP
76,PPPPPPPPPPPPHPPPPPPPPPPPPPPPHP
77,PPPPPHPPPPPPPPPPPPPPPPHPPPPPPP
78,PPHPPPPPPPPPPPPPPPPPPPPPPPPPHP
79,PPPPPPPPPPPPPPPPPPPHPPPHPHPPPP
80,PPPPHPPPPPPPPPPPPHPPPPPPPPPHPP
81,PPPPPPPPPPPPPPPPPPPPHHPPPPPPPP
82,PPPPPPHPPPPPHPPPPPPPPPPPPPPPPP
83,PPHPHPPPPPPPPPPPPPPPPHPPPPPPPP
84,HPPPPPPPPHPPPPPPPPPPPPPPPPPPPP
85,PPHPPPPPPPPPPPPPPPPPPPPHPPHPPP
86,PPPPPHHPPPPHPPPPPPPPPPPPPPPPPP
87,PPHPPPPPPPHPPPPHPPPPPPPPPPPPPP
88,PPPPPPPPPPPPPPPPPPPPPHPPPPPPPH
89,PPPPPPPPHHPPPPPPPPPPPPPPPPPPPP
90,HPPPHPPPPPPPPPPPPPPPPPPPPPPPHP
91,PPPPPPPPPPHPPPPPPPPPPPPPPHPPPP
92,PPPPPPPPPPPPPPPPPHPPPPPPPPPPPH
93,PPPPPPPHPPPPPPPPPPPPPPHPPPPHPP
94,HPPPPPPPPPPPHHPPPPPPPPPPPPPPPP
95,PPPPPHHPPPPPPPPPPPPHPPPPPPPPPP
96,PPPPPHPPPPPPPPPPPPPPPPPPPPPPPP
97,PPPPPPPHPPPPPPPPPHPPPPPPPPHPPP
98,PPPHPPPPHPPPPPPPPPPPPPPPPPPPPP
99,PPHPHPPPPPPPPPPPPPPPPPPPPPPPPP
100,PPPPPPPHPPPPPPPPPPPPHPHPPPPPPP
101,HPPPPPPPPPPPHPPPPPPPPPPPPPPPPP
102,PPPPPPHPPPPPPPPPHPPPPPPPPHPPPP
103,PHPPPPPPPPPHPPPPPPPPPPHPPPPPPP
104,PPPPHPPHPPPPPPPPPPPPPPHPPPPPPP
105,PPPPPPPPPPPPPPPPHPPPPPPHHPPPPP
106,PPPPPPPPPPPHPPPPPPPPPHPPHPPPPP
107,PPPPHPPPPPPPPPPPPHPPPPPPPPPPHP
108,PPPPPPPPPPPPHPPPPPPPPPPPPPHPPP
109,PHPPPPPPPPPHPPPHPPPPPPPPPPPPPP
110,PPPPPPPHPPPPPPPPPPHPPPPPPHPPPP
111,PPPPPPPPPPPPPPPPPPPPPPPPPPHHPH
112,HPPPPHPPPPPPPPPPPPPPPPPHPPPPPP
113,PPPPPPPPPPPPHPPPPPPPPPPPPPPPPH
114,PPPHPPPPPHPPPPPPPPPPPPPPPPPHPP
115,PPPPPPPHPPPPHHPPPPPPPPPPPPPPPP
116,PHPPPPPPPPPPPPPPPPPPPHHPPPPPPP
117,PPPPPPPPPPPPHPPPPPPPPPPPPPPHPH
118,PPHPPPPPPPPPPHPPPPPPPPPPPPHPPP
119,PPPPPPPPPPPPPPPPPPHHPPPPPPPPPP
120,HPPPPPPPPPPPPPPPPPPPPPPPPPPPPP
121,PPPPHPPPPPPHPPPPPPPPPPPPPHPPPP
122,PPPPPPPPPPPPPPPPHPPPPPPPPPHPPP
123,PPPPPPPPPPPPPHPPPPPPPPHPPPPPPP
124,PPPPHPPPPPPPHPPPPPHPPPPPPPPPPP
125,PHPPPPPPPPPPPPPPHPPPPPPPPPPPPP
126,PPPPPPPPPPPPPPHHPPPPPPPPPPHPPP
127,PPPPPPPPPHPPPHPPPPPPPPHPPPPPPP
128,PPPPPPPPHPPPPPPPPPPPPPPHPPPPPP
129,HPPPPPHHPPPPPPPPPPPPPPPPPPPPPP
130,PPPPPPPPPPPPHPPPPHHPPPPPPPPPPP
131,PPHHPPPPPPPPPPPPPPPPPPPPPPPPPH
132,PPPPPPPPPPPPPPPPPHPPPPPHPPPPPP
133,PPPPPPPPPPHPPPPPHPPPPPPPPPPPHP
134,PPPHPPPHPPPPPPPPPPHPPPPPPPPPPP
135,PPPPPPPHPPPPPPPHPPPPPPPPPPPPHP
136,PPHPPPPPPHPPPPPPPPPPPPPPPPPPPH
137,PPPPPPPPPPPHHPPPPPPPPPPPPPPPPP
138,PPPPPPHHPPPHPPPPPPPPPPPPPPPPPP
139,PPPPPPPPPPPHPPPPPPPPPPPPPPPPPP
140,PPPHPPPPPPPPPHPPPPPPPPPPPPPPPP
141,PPPPHPPHPHPPPPPPPPPPPPPPPPPPPP
142,PPPPPPPHPPPPPPPPPHPPPPPPPPPHPP
143,HPPPPPPPPPPPPPPPPPPPPPPPPPHHPP
144,PPPPPPPPPPPPPPPHPHPPPPPHPPPPPP
145,PPPPPHPPPPHPHPPPPPPPPPPPPPPPPP
146,PPPPPPPPPPPPPPHPPPPPPPPPHPPPPP
147,PPPPPPPHPPPPPPPPHHPPPPPPPPPPPP
148,PHPPPPHPHPPPPPPPPPPPPPPPPPPPPP
149,PPPPHPPPPPPPPPPPPPPPPPPPPPPHHP
150,HPPHPPPPPPPPPPPPPPPPPPPPHPPPPP
151,PPPPPPPPPPPPHPHPPPPPPPPPPPPHPP
152,PPPPHPPPPPPPPPPPPPPPPPPPPHPPPP
153,PPHHPPPPPPPPPPPPPPPPPPPPPPPPPP
154,PPPPPPHPPPPPHPPPPPPPPPHPPPPPPP
155,PPPPPPHPPPPPPPPPPPPPPHPPPPPPPP
156,PPPPPPPPHPPPPPPPPPPPPPPHHPPPPP
157,PPPPPPPPPPPPPHPHHPPPPPPPPPPPPP
158,PPHPPPPPPPPPHPPPPPPPPPHPPPPPPP
159,PPHPPPPPPPPPPHPPPPPPPPPHPPPPPP
160,PPPPPPPPPPPPPPHHPPPPPPPPPHPPPP
161,PPPPPPPPHPPPPPPPPPPPPPHPPPPPPH
162,HPHPPPPPPPPPPPPPPPHPPPPPPPPPPP
163,PPPPPPPPPHPPPPHPPPPPPPPPPPPPHP
164,PPPPPHPPPPPPPPPPPPHPPHPPPPPPPP
165,PPPPPPPPPPPPPPPPPPPPHHPPPPPPPH
166,HPPPPPPPPPPPPPPPPPHPPPPPPPPHPP
167,PPPPHPPHPPPPPPPPPPPPPPPPPPPPPP
168,PPPPPPPPPPPPPPPHHPPPPPPHPPPPPP
169,PPPPPPPHPHPPPPPPPPPPPPPPPPPPHP
170,PPPPPPPPPPPPPPPPPPPPHPPPHPPPPP
171,PPPPPPPHPPPHPPPPPPHPPPPPPPPPPP
172,PPPHPPPPHPPPPPPPPPPPPPPPPPPHPP
173,PPPPPPPHPPPPPPHPPPPPHPPPPPPPPP
174,PPPPPPPPPPPPPPPHPPPPPPPPPHHPPP
175,PPPPPPPPPPPHPPPPPPPPPHPPPPPPPP
176,PHPPPPPPPHPPPPPPPPPPPHPPPPPPPP
177,PPPPHPPPPPPPPPPPPPPPPPPPPPPHPP
178,PPHPPPPHPPPPPPPPPPPPHPPPPPPPPP
179,PPPPPPPPPPPPPPPPPPHPPPPHPPPPPP
180,PPPPHPPPPPPPPPPPPPPPPPPHPPPPPP
181,HPHPPPHPPPPPPPPPPPPPPPPPPPPPPP
182,PPPPPPHPPPPPPPPPPPPHPPPPPPPPPP
183,PHPPPPPHPPPPPPPPPPPHPPPPPPPPPP
184,PPPPPPPHPPPPPPPPPPPPPPPPPPHHPP
185,PPPPPPPPPPPPPPPPHPPPPPHPPPPPPP
186,PPHPPPPPPPPPPPPPPHPPPPPPPPPPPP
187,HPPPPPPPPPPPPPPPPPPPPPPHPPPPPH
188,PPPPPPPPPPPPHPHPPPPPPHPPPPPPPP
189,PPPHPPPPPHPPHPPPPPPPPPPPPPPPPP
190,PPPPPPPPPPPPPPPPHPHPPPPPPPPPHP
191,PPPPPPPPPPPHPPPPPPPHPPPPPPPPHP
192,PPPPPPPPPPPPPPPPPPPPPPPPPHPPPP
193,PPPPHPPPPPPPPPPPPPPPHHPPPPPPPP
194,PPPPPPHPPPPPPPHPPPPPPHPPPPPPPP
195,PPPHPPPPPPPPPPPPPPPPPPPPPPPPHP
196,PPPPPPPPPPPPPPPPPPPPPPPPPPPPPH
197,PPPPPHPPPPPPPPPPPPPPPPPPPHHPPP
198,PPPPPPPPPPPPPHPPPPPPPHPPPPPPPP
199,PPPPPPHPPPHPPPPPPPPPPHPPPPPPPP
200,PPPPPPPHHPPPPPPPPPPPPPHPPPPPPP
201,PPPPHPPPPPPPPPPPPPPPPPPPPPPPPP
202,PPPPPHPPPPPPPPPHPPPPPPPPPPPPPP
203,PPPPPPPHPPPPHPPPPPPPPPPPPPPHPP
204,PPPPPPPPPPPPPPPPPHPPPPPPPHPPPP
205,PPPPPPPPPPPPPPPPHPPPPHPPPPPPPH
206,PPPPPPPPPPPHPPPPPPHPPPPPPPPPPP
207,PPPPPPPHHPPPPPPPPPPPPPPPPPPPPP
208,PPPPPHPPPPPHPPPPPPPPPPPHPPPPPP
209,PPPPPPPPPPPPPHPPPPPPHPPPPHPPPP
210,PPPPHPHPPPPHPPPPPPPPPPPPPPPPPP
211,PPPPPPPPPPPPPPPPPPPPPPPPPHHPHP
212,PPPPPPPPPPHPPPPHPPPPPPPPPPPPPP
213,HPPPPHHPPPPPPPPPPPPPPPPPPPPPPP
214,PPPPPPPPPPPPPPHPHPPHPPPPPPPPPP
215,PPPPPPPPPPPPPPPPPPPPPPPPPPPHPH
216,HPPPPPPPPPPPPPPPPPPPPPPPPPPPHP
217,PHPPPPHPPPPPPPPPPPPPPPPPPPPPPP
218,PPPPPPPPPPHPPPPPPPPPHPPPPPPHPP
219,PPPPPPHPPPHPPPPHPPPPPPPPPPPPPP
220,PPPPPPHHPPPPPPPPPPPPPHPPPPPPPP
221,PPHPPPHPPPPPPPPPPPPPPPPPPHPPPP
222,PHPPPPPPPPPPPPPPPHPHPPPPPPPPPP
223,PPPPPPPPPPPPPPPPPPPPHPPHPPPPPP
224,PPPPPPPPPHPPPPPPPPPPPHHPPPPPPP
225,PPPPHPPPPHPPPPPPPPPPPPPPPPPPPP
226,PPPHPPPPPPPPPPPPPPPPPPHPPPPPPP
227,PPPPPPPPPPHPPPPPHPPPPPPPHPPPPP
228,PPPPPPPPPPPPPPPPPPPPPHPPPPHPPP
229,PPPHPPPPPPPPHHPPPPPPPPPPPPPPPP
230,PPPPPPPPPPPHPPPPPHPPPPPPPPPPPP
231,PPPPPPHPPPPHPPPHPPPPPPPPPPPPPP
232,PPPPPPPPPPHPHPPPPPPPPHPPPPPPPP
233,PPPPPPPPPPPPPPPPPPPPPHPHPPPPPP
234,HPPPPHPPPPPHPPPPPPPPPPPPPPPPPP
235,PPPPPPPPPPHPHPPPPPPPPPPPPHPPPP
236,PPPPPPPPPHPPHPPPPPHPPPPPPPPPPP
237,PPPPPPPPPPPPPPPHPPPPPPPPPHPPPP
238,PPPHPPHPPPPPPPHPPPPPPPPPPPPPPP
239,PPPPPPPPPPPHPPPPPPHPPPPPPPPPPH
240,HPPPPPPPPPPPPPPPPPPPPPPPPPPHPP
241,HPPPPPPPPPPPPPPPPPPPPPPPPPHPPP
242,PPPPPPPPPPPPPPPPPPPHPPHPPPPPPP
243,PPPHPPPPPPHPPPPPPPPPPPPPPPPPPP
244,HPPPPPPPPPPPPHPPHPPPPPPPPPPPPP
245,PPPPPPPHPPPPPPPPPPHPPPPPPPPPPP
246,PPPPPPPPPPPPPPHPPPPPPPPPPHPPPP
247,PPPPPPPPPPPPPPPPPHPPPHPHPPPPPP
248,PPPPPPPPPPPPPPHPPPPHPPPPPPPPPP
249,PPPPPPPPPHPPPPPPPPHPPPPHPPPPPP
250,PPPPPPPPPPPPHHPPPPPPPPHPPPPPPP
251,PPPPPPPPPPPPPPPPPPHPPPPPPPHPPP
252,PPPPPPPPHPPPHPPPPPPPPPPPPPPPPH
253,PPPPPPPPPPPPPPPHPPHPPPPPPPPPPP
254,PPPPPPPPPPHPPPPPPPPPPPPHPPPPPP
255,HPPPPPPPPHPPPHPPPPPPPPPPPPPPPP
256,PPPPPPPHPPPPPPPHPHPPPPPPPPPPPP
257,PPPPPPPPPPPPPPPPHPPPPHPHPPPPPP
258,HPPPHPPPPPPPPPPPPPPPPPPHPPPPPP
259,PHPPPPPPPPPPPPPPPPPPPPPPPHHPPP
260,PPPPPPPPPPHPPPPHPPPHPPPPPPPPPP
261,PHPPPPPPPPPPPPPPPPPPPPPPPPHPPP
262,PPPPPPHPHPPPPPPPPPHPPPPPPPPPPP
263,PPPPPPPPPPPPPHPHPPPPPPPPHPPPPP
264,PPPPPPPPPPPPPPHPPPPPPHPPPPHPPP
265,PPPPPPPPPPPPPPPPPPPPPPPPPPHHPP
266,PPPPPPPPPPPPPPHPPHHPPPPPPPPPPP
267,PPPPPPPPPPPPPPPPPHPPPPPPPPPHPP
268,PPPPPPPHPPPHPPPPPPPPPPPPPHPPPP
269,PPPPHPPPPPPPPPPPPPPPPPPPHPPPPP
270,PPPPPPPPPPPPPPPPPPPPHPHPPHPPPP
271,PPPPPPPPPPPPPPPPPPPPPPHPPPPPPH
272,PPPPPPPPPPHPPPPPPPPPPPHPPPPPPP
273,PPPPPPPPPPPPPPPPPPPPPPPPPPHHHP
274,HPPHPPPPPPPPPPPPPPPPPPPPPPHPPP
275,PPHPPPPPPPPPPPPPPPPPPPPPPPPPPP
276,PPPPPPPPPPPPPPPPPHPPPPHPPPPPPP
277,PPPPPPPPPPPPPPPPPHPPPPPPHPPPPP
278,PPPHPPPPPPPPPPPPHPPPPPPPPPPPPP
279,PPPPPPPPPPPPPPPPPHHPPPPPPPHPPP
280,PPPPPPPPPPPPPPPPPPPPPPPHHPPPHP
281,PPPPPPPPPPPPPHPPPPPPPPPPPPPPPP
282,PPPPPPPPPPPPPPPPPHPHPPPPPPPPPP
283,PPPPPPHPPHHPPPPPPPPPPPPPPPPPPP
284,PPPPPPPPHPPPPPPPPPPHPPPHPPPPPP
285,HPPPPPPPPPPPPPPPPPPHHPPPPPPPPP
286,PPPPPPPPPPPPPPPHPPPPPPPHPPPPPP
287,PPPPPPPPPPPPPPPPPPPPPPHHPPPPPH
288,PPHPPPHPPPPPPPPHPPPPPPPPPPPPPP
289,HPPPPPPPHPPPPPPPPPPPPHPPPPPPPP
290,PPPPPPPPPPPPPPHPPPPPPPPPPPPPHP
291,PPHPPPPPPPPPPPPPPPPHPPHPPPPPPP
292,PPPPPPPHPPPPPPPPPPPHPHPPPPPPPP
293,PPPPHPPPPPPPPPPPPHPPPPPPPPPPPP
294,PPPPPPPPPPHPPPPPPPPPPPPPPPHPPP
295,PPPPPPPPPPPPPHPPPPPHPPPPPPPPPP
296,PPPPPPPPPPPHPHPPPPPPPPPPHPPPPP
297,PPPPPPPPHPPHPPPPPPPPPHPPPPPPPP
298,PPPPPPPPPHPPHHPPPPPPPPPPPPPPPP
299,PPPPPPPHPPPPPPPPPPPHPPPPPPPPPP
300,HPPPPPPPPPPPPPHPPPPPPPPPPPPPPP
301,PPPHPPHPPPPPPPPPPPPPPPPPPPPPPH
302,PPPPPHPPPPPPPHPPPPPPPPPPPHPPPP
303,PPPPPPPHPPPHPPPPPPPPPPPPPPPPPP
304,PPPPPPPPHPPPPPPPPPPHPPPPPPPPPP
305,HPPPPPPPPPPPPPPPPPHPPPPPPPPPPP
306,PPPPHPPPPPPPHPPPPPPPPPPPPHPPPP
307,PHPPPPPPPPPPPPPPPPPPPPHPHPPPPP
308,PPPPPPPPPPPPPPHPPHPPPPPPPPPPPP
309,PPPPPPHPPPPPPPPPPPPPPPHPPPPPHP
310,PPPPPPPPHPPPPPPPPPPPHPPPPPPPPP
311,PPPPPHPPPPPPPPPPPPPPPPPPPPPPHP
312,PPPPPHPPPPPPPPPPPPPPHPPPPPPPPP
313,PPPHPPPPPPPPPPHPPPPPHPPPPPPPPP
314,PPPPPPPPPPPPHPPPPPPPPHPPPPPPPH
315,PHPPPPPPHPPPPPPPPPPPPPPPPPPPHP
316,PPPPPPPPHPPPPPPPPPHPPPPPPPPPPH
317,HPPPPPPPPPPPPPPPPPPPHPPPPPPPHP
318,PPPHPPPPPPPPPPPPPPHPPPPPPHPPPP
319,PPPPPPPPPPPHPPPPPPPPPHHPPPPPPP
320,PPPPHPPPPPPPPPHPPPPPPPPPPPPPPP
321,PPPPPHPPPPPPPPPPPPPPHPPPPHPPPP
322,PHPPPPPPPPPHPPPPPPPPPPPPPPPPPH
323,PHPPPPPPPPPPPPPPPPPPPPPPPPPPPH
324,PPPPPPPPPPPPPPPPHPPHPPPPPPPPPP
325,PHPPPPPPPPPPPPPPPPPPPPHPPPPPPP
326,PPPPPPPPHPPPHPPPPPPPPPPPPPPHPP
327,PPPPPPPPHPPPPPPPPHPPPPPHPPPPPP
328,PPPPPHPPPPPPPHPPPPPPPPPPPPPHPP
329,PPPPPPPHPPPPPPPPPPPPPPPHPPPHPP
330,PPPPPPPPPPHPPPPPPPPPPPPPPPPPHP
331,PPPPPPPPPPPPPPPPPPPPPPHPPPHPPP
332,PHPPPPPPPPPPPPPHPPPPPPPPPPPPPH
333,PPPHPPPPHPPPHPPPPPPPPPPPPPPPPP
334,HPPPPPHPPPPPPPPPPPPPHPPPPPPPPP
335,PPPPPPPPPPPPHHPPPPPPPPPPPPPPPP
336,PPPPPPPPPPPPPPPHPPPPHPPPPPPPPP
337,PPPPPHPPPPPPPPPPPPPPPPPPHPHPPP
338,PPPPPPPPPPPPPPPPPHHPPPPPPPPPPP
339,PPPPPPPPPPPPPPHPPPPPPHPHPPPPPP
340,PPHPPPPPPPPPPPPPPPPPPPPPPPPPPH
341,PPPPPPPPPPHPPPPPPPPPPPPPPPPPPP
342,PPPPPPHPPPPHPPPPPPPPHPPPPPPPPP
343,PPPPPPPPPPPPPHPPPPHHPPPPPPPPPP
344,PPPPPPPPPPHPPPPPPPPPPHPPPPHPPP
345,PPPPHPPPHPPPPPPPPPPPPPHPPPPPPP
346,HPPPPPPPPPPPPPPPHPPPPPPPPPPPPH
347,PPPPPPPPPHHPPPPPPPPHPPPPPPPPPP
348,PPPPPPPHPPPPHPPPPPPPPPPPPPHPPP
349,PPPPPPPPHPPPHPPPPPPPHPPPPPPPPP
350,PPPPPPPPHPPPPPPPPPPPPHPPPPHPPP
351,PPPPPPPPPPPPPPHPPPPHHPPPPPPPPP
352,PPPPPPPPPPPPPPPPPPHPPPPPPHPPPP
353,HPPPPPPPPPHPPPPPPPPPPPPPPPPHPP
354,HPHPPPPHPPPPPPPPPPPPPPPPPPPPPP
355,PPPHPPPPPPPPPPPPPPPPPPPPHPPPHP
356,PPPPPPPPPPPPPPHHPHPPPPPPPPPPPP
357,PPPPPPPPPPPPPPPPPPPPHPPPHPHPPP
358,PPPPPPPPPPPPPHPPPPHPPPPPHPPPPP
359,PPPPHPPPPPPPPPPPPHHPPPPPPPPPPP
360,PPPPPPPPPPPPPPPPHPPPPPPPHPPPPP
361,PPHPPPPPPPPPPPPPPPPPPPHPPPPPPH
362,PPPPHPHPPPPPPPPPPPPPPPPPPPPPPP
363,PPPPPPPPPPPPPPPPPHPPPHPPPPPPPP
364,PPHPPPHPPPPPPPPPPPPPPPPPPPPPPP
365,PPHPPPPPPPPPPPPPPHPPPPPPPHPPPP
366,PPPHPPPPPPPPPHPPPPPPPHPPPPPPPP
367,PPHPPPPPHPPPPPPPPPPPPPPPPHPPPP
368,PPPPPPPPPHPPPPHPPHPPPPPPPPPPPP
369,PPPPHPPPPPPPPHPPPPPPPPPPPPHPPP
370,PPPPPPPPPPPPPHPPPPHPPPPPPPPHPP
371,PPPPPPPPPPPHPPPPPPPHPPPPPPPPPP
372,HPPPPHPPPPPPPPPPPPPPPPPPPPPHPP
373,PHPHPPPPPPPPPPPPPPPPPPPPPHPPPP
374,HPPPPPPPHPPPPHPPPPPPPPPPPPPPPP
375,PPPPPPPPPPPHPPPPPPHPPPHPPPPPPP
376,PPPPHHPPPPPPPPPPPPPPPPPHPPPPPP
377,PPPPHPPPPPPPPPPPPPPPHPPPPPPPPP
378,PPHPPPPPPPPPPPHPPPPPPPPPPPPPHP
379,PPPPPPPPPHPPPPPPPPPPPPPPPPPPPP
380,PPPPHHPPPPPPPPPPPPPPPPPPPPPPPP
381,PPPPPPPPPPPPPPPPHPHPPPPPPPPHPP
382,PPHPPPPPPPPPPPPPPPPPPPHPHPPPPP
383,PPPPPPPPPPPPPPPPPHHPPPPPPHPPPP
384,PHPPPPPPPPHPPPPPPPPPPPPPPPPHPP
385,PPPPPPPPPPPHPPPHPPPPPPPPPHPPPP
386,PPPPPPPPPPPPPPPPPPPPHPPPPPHPHP
387,PPPPPPPPPPPPPPPHHPPPPPPPPPPPPH
388,PPPPPPPPHHPPPPPPPPPPPHPPPPPPPP
389,PHPPPPPPPPPPPPPPPPPPPPPPPPPHPP
390,PPPPPPPPPHPHPPPPPPPPPPPPPPPPPH
391,PPHPPPPPPHPPPPPPPPPPPPPPPPPPHP
392,PPPPPPPPPPPPPPPPPPPPPPPHHPPHPP
393,PHPPPPPPPPPHPPPPPPPPPPPPPHPPPP
394,PPHPPPPPPPPPPPPPPPHPPPPPPPPPPP
395,PPPPPPPPPPPPPPPPHHPPPPPPPPPPPP
396,HPPPPPPPPPPPPPPPPPPPPPPPHPHPPP
397,PPPPPPPPPPPPHPPPPPPPPPPPPPPPPP
398,PPPPPPPPHPPPPPPPPPPPHPPHPPPPPP
399,PPPPPPPPPPPPPPPPPPPPPHPPPPPHPP
400,PPHPPPPPPPPHPPPPPPPPPPPPPPPPPP
401,PPPPPPPPPHPPPPPPHPPPPPHPPPPPPP
402,PPPPPPPPPPPPPHPPPPPPPPPPPPHPPP
403,PPPPPHPPHPHPPPPPPPPPPPPPPPPPPP
404,PPPPPPPPPPPPPPHPPPPPPPPPPPPPPP
405,PPPPPPPHPPPPPPPPPPPPPPPPPPHPPP
406,PPPPPPPPPPPPPPPPPPHPPPPPPHPPPH
407,PPHPPPPPPPPPPPPPPPPHPPPPPPPPPP
408,HPHPPPPPPPPPPPPPPPPPPPHPPPPPPP
409,HPPPPPPPPPPPPPPPPPPHPHPPPPPPPP
410,PPPHPPPPPPPPPPPPHPPPPPPPHPPPPP
411,HPPPPPPPPPPPPPPPPPPPPPPHPPPPPP
412,PPPPPPPHPPPPPPPPPPPPPPPPPPPHPP
413,PPPHPPPPPPPPHPPPPPPPHPPPPPPPPP
414,HPPPPPPPPPPPPPPPPPHPPPPPPPHPPP
415,PPPPPPPPPPPPPPPPPPPPPPPPPPHPPH
416,PPPPPPPPPPPPPPHPPPPPPPPPHPPHPP
417,PPPPPPPHPPPPPPPPPPPPPPPPPHPPPP
418,PPPPPPPPPPPPHPPPPPPHPPPPPPPHPP
419,PPPPPPPHPPPPPPPPPPPPPPPHPPPPPP
420,PPPPPHPPPPPPPPHPPPPPHPPPPPPPPP
421,PHPPPPPHPPPPPPPPPPPPPPPPPPPPPP
422,PPPPHPPPPPPPPPPHPPPPPPPPHPPPPP
423,PPPPPPPPPPPPPPPHPPPHPHPPPPPPPP
424,PPPPPPPPPPPPHPPPHPPPPPHPPPPPPP
425,PPPPPPPPHPPPPPPPPPPPPPPPPPPPPP
426,PPPPPPPPPHPHPPPPPPPPPPPPPPPPPP
427,PPPPPPPPPPPPPPPPPPPPPPPHPPHPPP
428,PPPHPPPHPPPPPPPPPPPPHPPPPPPPPP
429,HPPPPPPPPPPPPPPPPPPHPPPPHPPPPP
430,PPPPPPPPPPPPPPHPPPHPPPPPPPPPPP
431,PPPPPPPPPPPPPPHHPPPPPPPPPPPPHP
432,PPPPPPHPPPPPPPPPPPPPHPPPPHPPPP
433,HHPPPPPPPPPPPPPPPPPPPPPPPPPPHP
434,PPPPPPPPPPPPHPPPPPPPPPHPPPPPHP
435,PPPPPPPPPPHPPPPPPHPPPPPHPPPPPP
436,HPPPPPPPPPPPPPPPPPPPHPPPPPPPPP
437,PPPPHPPPPPPPPPPPPPPHPPPPPPPPPH
438,PPPPPPPPPPPHPPPPHPPPPPPHPPPPPP
439,PPPPPPPPPPPPPHPPPPHPPPPPPPPPPH
440,PHPHPPPPPPPPPPPPPPPPPPPPPPPHPP
441,PPPPPPPPPPPPPPPPPPHHPHPPPPPPPP
442,PPPPPPPPPPPPPPPPHPPPPPPHPPHPPP
443,PPPPPPHPPPPPPPPHPPPPPPPHPPPPPP
444,PPPPPHPPPPPPPPPPPPHPHPPPPPPPPP
445,PPPPPPPPHPPPPPPPPPHPPPPHPPPPPP
446,PHPPPPPPPHPPPPPPPPHPPPPPPPPPPP
447,PPPPPPPPPPPPPPPPHPPPPPPPPPPHPH
448,HPPPPPPPPPPPPPPPPPPPHPPPHPPPPP
449,PPPPPPPPPPPPPPPHPPPPPPPPPPPPPH
450,PPPPPPPPPPPPPPPPPPPHPHPPPPPPPP
451,PPPPPPPPPPPHPPPPPPPPPPPPPPPPHP
452,PPPPPPPPPPPPPPPPPPPPPPPPHPPPHP
453,PPPPPPHPPPPPPPHPPPPPPPHPPPPPPP
454,PPPPPPPPHPPPPPHPPPPPPPPPPPPPPP
455,PPPPHPHPPPPPPPPPPPPPPPPPHPPPPP
456,PPPPHPPPPPPHPPPPPPPPPPPPPPPPPP
457,PHPPPPPPPPPPPPPPPPPPPPPPPPPPPP
458,PPPPPPHPHHPPPPPPPPPPPPPPPPPPPP
459,PPPPPPPPPPPPHPPPPPPPPPPPPPPHHP
460,PPPPPPPPPPPPPPPPPPPPPPHPPPPPHP
461,PPPPPHPPPPPPPPPPPPPHPPPPPPPPPP
462,PPPPPPPHPPPPPPPPPPPPPHPPHPPPPP
463,PHPPPPPPPPPPPPPPPPPHPPPPPPPPPP
464,PHPPPPPPPPHPPPPPPPPPPPPPPHPPPP
465,PPPPPPPPPPPPPPPPPPPPPPPPPPPHPP
466,PHPPPPPPPPPPPPPPPHPPPPPPPPPPPP
467,PPPPPHPPPPPPPPPPPPPPPHPHPPPPPP
468,PPPPHPPPPHPPPPPPPPPPPPPPPPHPPP
469,PPPPPHPPPPPPPPPPPPPPPPPPHPPPPP
470,HPPPPPPPPPPPPPHPPPPPPPPPPPPPHP
471,PPPPPPPPPPPPPHPPPPPPHPPPPPHPPP
472,PPPPPPPPPPPPPPPPPHPPHPPPPPPPPP
473,PPPHPPPPPPHPPPPPPPPPPHPPPPPPPP
474,PPPPPPPPPPHHPPPPPPPPPPPPPPPPPP
475,PPPPPPPPPHPPPPPPPPPPPPPPPPPPHP
476,PHPHPPPPPPPPPPPPPPPPPPPPPPPPHP
477,PPPPPPPPPPPPPPPPHHPPPPPPHPPPPP
478,PPPPPPPPPPPPPPPHPPPPPPPPHPHPPP
479,PHPPPPPPPPPPHPHPPPPPPPPPPPPPPP
480,PPPHPPPPPPPPPPPPPPPPPPPPPPHHPP
481,PPPHPPPPPPPPHPPPPPPPPPPPHPPPPP
482,HPPHPPPPPPPPPPPPPPPHPPPPPPPPPP
483,PPPHPPPPPHPPPPPPPPPPPPPPPPPPPP
484,PPPPPPPPPPPPHPPHPPPPPPPPPPPPPP
485,PPPPPPPPPPHPPHPPPPHPPPPPPPPPPP
486,PPPPPPPPPPPPPPPPPPPHPPPPHPPPPP
487,PHPPPPPPPPPHPPPPPPHPPPPPPPPPPP
488,HPPPPPPPPPPPPHPPPPPPPPHPPPPPPP
489,PPPPPPHPHPPPPPHPPPPPPPPPPPPPPP
490,PPPPPPPPPPPPPPPPPHPPPPPHPPPPHP
491,PPPHPPPPPPPPPPPPPPPHPHPPPPPPPP
492,PPPPPPPPHPPHPPPPPPPPPPPPPPPPPP
493,PPPPPPPPPPPPPPHPPPPPHPHPPPPPPP
494,PPPPPPHPPPPPPHPPPPPPPPPPPPPHPP
495,PPPPPPPPHPPPHPPPPPPPPPHPPPPPPP
496,PPHPPPPPPPPPHPPPPPPHPPPPPPPPPP
497,PPPPPPPPHPHPPPPPPPPPPPPPPPPPPP
498,PPPPPPPPPPPHPPPHPPPPHPPPPPPPPP
499,PPPPPPPPPPPPHPPPPPPPPPPPHPPHPP
500,PPPPHPPPPPPPPPPPPPPPPPHPHPPPPP
501,PPPPPPPPPHPPPPPPPPPPPHPPPPHPPP
502,PPPPPPPPPHPPHPPPPPPPPPPPPPPPPP
503,PPPPPPHPPPPPPHPPPPPPPPPPPPPPPP
504,PPPPPPPPPPPPHPPHPPPPPPPPPPHPPP
505,HPPPPPPHPPPPHPPPPPPPPPPPPPPPPP
506,PPPPPPPPHPPPPPPHPPPHPPPPPPPPPP
507,PPPPPPHPPPPPPPPPPPPPPPPPPHHPPP
508,PPPPPPPPPPPPPPPHPPPPPPPPPPPPPP
509,PPPPPPPPPPPPHPPPHPPPPPPPPPPPPP
510,HPPPPPPPPPPHPPPPPHPPPPPPPPPPPP
511,PHPPPPPPPHPPPPPPPPPPPPPPPPHPPP
512,PPPPPPPPPPPPPPHPPPPPPPHPPPPPPP
513,PPPPHPPPHPPPPPPPPPPPPPPPHPPPPP
514,PPPPPPPPHPPPHPPPHPPPPPPPPPPPPP
515,PPPPPPPPPPHPPPPPPHPPPPPPPPPPPP
516,PPPPHPPPPPPPPPPPPPPHPPPPPPPPHP
517,PHPPPHPPPPPPPHPPPPPPPPPPPPPPPP
518,HPPPPPPPPPHPHPPPPPPPPPPPPPPPPP
519,PPPPHHPPPPPPPPPPPPPPPPPPPPPPHP
520,HPPPPPPPPPPPHPPPPPPPPPPPPPHPPP
521,PPPPPPPPHPPPPPHPHPPPPPPPPPPPPP
522,PPPPPPPPPPHPPPPPPPPPPPHPPHPPPP
523,PPPPPPPPPHPPPPPPPHPPPPPPPPPPHP
524,PPPPPHPPPPPPPPPPPPPHHPPPPPPPPP
525,PPPPPPHPPPPPPPPHPPPPPPPPPPHPPP
526,PPPPPPPPPPPPPPPPPPPHHPPHPPPPPP
527,PPPPPPPPPPPPPPHPPPPPHPPPPPPPPP
528,PPPPPPPPHPPPPPHPPPPPPPHPPPPPPP
529,PPPPPHPHPPPPPPPPPPPPPPPPPPPPPH
530,PPPPPPPPPPPPPPPPPHPHPHPPPPPPPP
531,PPPPPPPPPPPPPPPPPPPPPPPHPHPPPP
532,PPPPPPPPPHPPPPPHHPPPPPPPPPPPPP
533,PPPPPPPPPHPPPPPPPPPPPPHPPPPHPP
534,PPPPPPPPPHPPPPPPPHPHPPPPPPPPPP
535,PPPPPPPPPPPPHPPPPPPPPPPPHPPPHP
536,PPPPPPPPPPPPPPPHPPPPHPHPPPPPPP
537,PPPPPPPPPPPPPPHPPPPHPPPPHPPPPP
538,PPPPPHPPPPPPHPPPPPPPPPPPPPHPPP
539,PPPPPPPPPHPPPPPPPPPHPPHPPPPPPP
540,PHPPPPPPPPPPPPPPPPPPPHPPPPPPPP
541,PPPPPPPPPPHHPPPPPPPPPPPPPPPPHP
542,PPPPPPPPHPPPPPPPHPPPPPPHPPPPPP
543,PPPPPPPPPPHPPPPPPPHPPPPPPPPPPP
544,PPPPPPHPHPPPPPPPPPPPPPHPPPPPPP
545,PPPPPPPPPPPPPPHPPPPPHPPHPPPPPP
546,PHPPPPPPPPPPHPPPPPPPPPPPHPPPPP
547,PPPPPHPPPPPPPPPPPHPPPPPPPPHPPP
548,HPPHPPPPPPPPPPPPPPPPHPPPPPPPPP
549,PPPPPPPPPHPPPPPPPPPPPPPPPHPPPP
550,PPPPPPPPPHPPPPPPPPPPPPPPPPHPPP
551,PPPPPPPPPPPPHPHPPPPPPPPPPPPPPP
552,PPPPPPPPPHHPPPPPPPPPPPPPPPPPPP
553,PPPPPPPPPPPPPPPPPPPPPPPPHPHPPP
554,PPPPPPHPPPPPPPPHPPPPPPPPHPPPPP
555,PPPPPPPPPHPPPHPPPHPPPPPPPPPPPP
556,PPHPPPPPPPPPHPHPPPPPPPPPPPPPPP
557,PPPPPPPPPPPPPPPHPPPPPPPPHPPPPP
558,PPPPPPPPPHPPPPPHPPPPPPPPPPPPPP
559,PPPPPPPPPHPPPPPHPPPPPPPPPPPPPH
560,PHPPPHPPPPPPPPPPPPPPPPPPPPPPPP
561,PPPPPPPPPPPHPPPPPHHPPPPPPPPPPP
562,PPPPPPHPPPPPPPPHPPPPPPPPPHPPPP
563,PPPPHPPPPPHPPPPPPPPHPPPPPPPPPP
564,PPPPPPPHPPPPHPPPPPPPPPPPPPPPPP
565,PPPPPPPPPPPPPPPPPHPPPPPHPHPPPP
566,PPPPPHHPPPPPPPPHPPPPPPPPPPPPPP
567,PPPPPPPPPPPPPHPPPPPPPPPPPPPPHP
568,PPPPPPPPHPPPPPPPPPPPPPPPPPPHPP
569,PPPPPPPPPPPPPPPPHPPPPPPPPPPPPP
570,HPPPHPPPPPPPPPPPHPPPPPPPPPPPPP
571,PPPPHPPPPPPPPPPPPPPPHPPPPPPPHP
572,PPPPPPHPPHPPPPPPPPPPPPPPPPPPPP
573,HPPPPPPPPPPPPPPHPPPPPPPPPPPPPP
574,PPPPPPPPPPPPPPPPPPPPHPPPHPPHPP
575,PPPPPPPPPPPPPHPPPPPPPPPPPPPHPP
576,PPPPPPPPPPPPHPPPPPHPPPPPPPPPPP
577,PHPPPPPPPPPPPHPPPPPPPPPPPPPPPP
578,PPPHPPPPPPPPPPPPPPPPPPPPPPPPPP
579,PPHPPPPPPPPPPPPPPHPPPPPPPPPPPH
580,PPPPPPPPPHPPPPPPPPPPPPHPPPPPPP
581,PPHPPPPPPPHPPPPPPHPPPPPPPPPPPP
582,PPPHPPPPPPPPPPPPPPHPPPPPPPPPPP
583,PHHPPPPPPPPPPPPHPPPPPPPPPPPPPP
584,PPPPPPPPHPPPPPPPPPPPPPPPHPPPPH
585,PPHPPPPPHHPPPPPPPPPPPPPPPPPPPP
586,PPPPPPPPPPPPPPPPPPPPPPPPPHHPPP
587,PPPHPHPPPPPPPPPPPPPPPPHPPPPPPP
588,PPPPPHPHPPPPHPPPPPPPPPPPPPPPPP
589,PPPPPPPHPPPPPPPPPPPPPPPPPPPPHP
590,PPPPPPPPPPPPPHPPPPPPHPPPPPPPPP
591,PPPPPPPPPPPPPHHPPPPPPPPPHPPPPP
592,PPPPPPHPPHPPPPPHPPPPPPPPPPPPPP
593,HPPPPPPPPPPPPPHHPPPPPPPPPPPPPP
594,PPPPPHPPPPPPPHPPPPPPPPPPPPPPPP
595,PPPPPPHPPPPPPPPPHPPPPPPPPPPPPP
596,PPPPPHPPPPPPPPHPPPPPPPHPPPPPPP
597,PPPPPPPPPHPPPPPPPHPPPPPPPPPPPP
598,HPHPPPPPPHPPPPPPPPPPPPPPPPPPPP
599,PPHPPPPHPPPPPPPPPPPPPPPPPPPPPP
600,PPPPPHPPHPPPPPPPPPPPPPPPPPPPPP
601,HPPPPPPPPPPPPPPPPHPPPPPPPPPPPH
602,PPPPPPPPPPPPPHHPPPPPPPPPPPHPPP
603,PPPPPPPPPPPHPPPPPPHPPPPPPHPPPP
604,PPHPPPPPPPPPPPPPPPPPPPPPHHPPPP
605,PPPPPHPPPHPPHPPPPPPPPPPPPPPPPP
606,PHPPHPPPPPPPPPHPPPPPPPPPPPPPPP
607,PPPPPPPPPPPPPPHPPPPPPPPPPPHPPP
608,PPPPPHPPPPPPPPPPPPPPPPPPPPPHPP
609,PPPPHPHPPPPPPPPHPPPPPPPPPPPPPP
610,PPPPPPHPPPPHPPPPPPPPPPPPPPPPPP
611,PPPPPPPHHPPPPPPPPPPPHPPPPPPPPP
612,HPPPPPPPPPPPPPPPPPPPPPPHHPPPPP
613,PPHPHPPPPPPPPHPPPPPPPPPPPPPPPP
614,PPPPPPPPPPPPPPPHPPPHPPPHPPPPPP
615,PPPPPPPPPPHPPPPPPPPPPPHPPPHPPP
616,PPPPPPPHPPPPPPPPPPPPPPPPPHHPPP
617,PHPPPPHPPPPPPPPPPPPPPHPPPPPPPP
618,PPPPPPPPPPPPPPPPHHHPPPPPPPPPPP
619,PPPPPPHPHPPPPPPPPPPPPPPPPPPPPP
620,HPPPPPPPPPPPPPPPPPPPPHPPPPPPPP
621,PPHPPPPPPPPPPPPPPPPPPPPPPPPHPP
622,PPPPHPPPPPPPPPPPPPPPPPPHPPPHPP
623,PPPPPPPPPPPPPPPPPPHPHPPPPPPPPP
624,PPPPPPPPPHPPPPPPPPPPHPPPPPHPPP
625,PPPPPPPPPHPPPHPPPPPPHPPPPPPPPP
626,PPHPPPPHPPPPPPPPPPPPPPHPPPPPPP
627,PHPPPPHPPPPPHPPPPPPPPPPPPPPPPP
628,PPPPPHPPPPPPPPPPPPPPPHPPPPPPPP
629,PPPHHPPPPPPPPPPPPPPPPPPPPPPPHP
630,PPPPPPPPPPPPPPPPHPPPPPPPPPPPPH
631,PPPPHPPPPPPPPPPPPPPPPPPPPPHHPP
632,PPPHPPPPPPPPPPPHPPPPPPPPPPPPPP
633,PPHHPPPPPPPPPPPPPPHPPPPPPPPPPP
634,PPPPPPPPPHPPPPPPPPPPHPPHPPPPPP
635,PPPPPPPPPPPPPPPPPPPPHPPPPPHPPP
636,PPPPPPPPPPPPPPPPPPPHPPPPPPHPPP
637,PPPPPPPPPPPPPPHPPPHHPPPPPPPPPP
638,PPPPPPPPPPHPPPPPPPPHHPPPPPPPPP
639,PPPPPPPHPPPPPPPPPPPPPPHPPPPPPP
640,PPPPPPPPPPPPPPPPPPHPPHPPPPPPPP
641,PPPPPPPPPPPPPPPPPPPPPPHPPHPPPP
642,PPPPPPPPPPPPPPPPPPPPPPHHPPPPPP
643,PPPPHPPPPPPPPPPPPPPPPPHPPPPPPP
644,PPPPPPPPPPPPPPPPPPPHPPPPPPPPPH
645,PPPPPHPPPPPPPPPHPPPPPPPPHPPPPP
646,PPPPPPPHPPPPPPPPPPHPPPPPPPPPPH
647,HPHPPPPPPPPPPPPPPPPHPPPPPPPPPP
648,PPPPPPPPPPHPPHPPPPPPPPPPPPPPPP
649,PPPHPPPPPPPPPPHPPPPPPPPPPPHPPP
650,HPPPPPPPPPPPPPPPHPHPPPPPPPPPPP
651,PPHPPHPPPPPPPPPPPPPPPPPPPPPPPP
652,PPPPPPPPPPPPPPPPHHPPPHPPPPPPPP
653,PHPPHPPPPPPPPPPPHPPPPPPPPPPPPP
654,PPPPPHPPPPHPPPPPPPPPPPPPPHPPPP
655,PPHPHPPPPPPPPPPPPPPPPPPPPPPPPH
656,PPPPPPPPPHPPPPHHPPPPPPPPPPPPPP
657,HPHPPPPPPPPPHPPPPPPPPPPPPPPPPP
658,PPPPHPPPPPPPPHPPPPPPPPPPPPPPPP
659,HPPHPPPPPPPPPPPPPPPPPPPPPPPPPP
660,PPPPPPPPPPPPPPPPPPPPPHPPHPPPPP
661,PPPPPPPPPPPHPPPPPPPPHPPPPPPPPP
662,PPPPPPPPPHPHPPPPPPPPPPHPPPPPPP
663,PPHHPPHPPPPPPPPPPPPPPPPPPPPPPP
664,PPPPPPPPPPPPHPPPPPPPPHPPPPPPPP
665,PPPPPPPPPPHPPPPPPPPPPPHHPPPPPP
666,PPPPPPPPPPPPPPPPHPPPHPPPPPPPPP
667,PPPPPHPPPHPPPPPPPPPPPPPPHPPPPP
668,PPPPPHPHPPPPPPPPPPPPPPPHPPPPPP
669,PPPPPPPPPPPPPPPPPPPPPPHPPPPHPP
670,PHPPPPPPPPPPPPHPPPPPHPPPPPPPPP
671,PPPPPPHPPPPPPPPPPPPPPPPHPPPPPP
672,PPPPPPHPPPPPPPPPPHPPPPPPPHPPPP
673,PHPPPPPPHPPPPPPPPPPPPPPPPPPPPP
674,PPPHPPPPPHPPPPPPPPPPPPPHPPPPPP
675,PHPPPPPPPPPPPPPPPPPPPPPHPHPPPP
676,PPPPPPPPPPHPPPPPPPHHPPPPPPPPPP
677,PPPPPHPPPPPPHPPPPPPPPPPPPPPPPP
678,PPHPPPPPPPHPPPPPPPPPPPPPPPPPPH
679,PPHPPPPPPPPPPPPPPPPPPPPPPHPPPP
680,PPPPPPHPPPPPPHPPPPHPPPPPPPPPPP
681,PHPPPPPPPPHPPPHPPPPPPPPPPPPPPP
682,PPPPPPPPPPPPPPPPPPPPPPPHPPPPPH
683,PPPPPHPPPPHPPPPPPPPPHPPPPPPPPP
684,PPPPPPPPPPPPPPPPPPPPPPPPPPHPPP
685,PPPPPPPPPPPPPPHPPPPPPPPHPPPPPP
686,HPPPPPPPPPPPPPPPPPPPPPHPPPPPPP
687,PPPPPHPPPPPPPPPPPPPPPPPPPPPPPH
688,PPPPPPPPPPPPPHPPPPPPHPPPPPPPHP
689,PPPPPPPPPPPPPPPPPPPPHPPPPPPPPH
690,PPPPPPPPHPPPPPPHPPPPPPPPPHPPPP
691,PPHPPPHPPPPPPPPPHPPPPPPPPPPPPP
692,PPPPPPPHHPPPPPPPPPHPPPPPPPPPPP
693,PPPPHPPPPHPPPPPHPPPPPPPPPPPPPP
694,PPPPPPPPPHHPPPPPPPHPPPPPPPPPPP
695,PPPPHPPPPPHPPPPPPPPPPPPHPPPPPP
696,PPPPPPPPPPPPPPPHPPHPPPPPPPPHPP
697,PPPPPPPPPPPPPPHPPPPPPPPPPHHPPP
698,PPPPPPPPPPPPPPHPPPPPPPPHPPPPPH
699,PPPPPPPPPPPPPPHPHPPPPPPPPPPPPP
700,PPPPPPPPPHPPPPPPPPPPPPPPPPPHHP
701,PPHHPPPPPPPPPPHPPPPPPPPPPPPPPP
702,HPPPPPHPPPPPPPPPPHPPPPPPPPPPPP
703,PPPPPPPPPPHPPPPPPPPPPHPPPPPPPP
704,PPPPPHPPPPHPPPPPPPPPPPPPPPPPPP
705,PPPPPPPPPHPPPPPPPPPPPPPPPPHHPP
706,PPPPPPPPPPPPHPPPPPPPPHHPPPPPPP
707,PPPPPPPPPPPPPPHPPHPPPPPPPPHPPP
708,PPPPPPPHPPPPPPPPPPHPPPPPPPPHPP
709,PPPPPPPPPPPPPPPPPPPPHPPPPPHHPP
710,PHHPPPPPPPPPPPPPPPPPPPHPPPPPPP
711,PPPPPPHPPPPPPPPPPPPPPPPHPPPPHP
712,PPPPHPPPPPPPPPPHPPPHPPPPPPPPPP
713,PPPPPPPPPPPPPPPPPPPPHPPPPHPPPH
714,PPPPPPPPHHPPPPPPPPPHPPPPPPPPPP
715,PPPPPHPPPPPPPPPPPPPPPHPPPPPHPP
716,PPPPPPPPPHPPPPHPPPPPPPPPPPPPPH
717,PHPHPHPPPPPPPPPPPPPPPPPPPPPPPP
718,PPPHPPPPHPPPPPPPPPPPPHPPPPPPPP
719,PPPPPPPHPPPPPPPPPPPPPPPHHPPPPP
720,PPPPPPPPPPPPPHHPHPPPPPPPPPPPPP
721,PPPPPPPPPPPPPPPPPPPPHPPPPPPPPP
722,PPPPPHPPPPHPPHPPPPPPPPPPPPPPPP
723,PPPPHPPHPPPPHPPPPPPPPPPPPPPPPP
724,PPPPPPHPPPPPPPPPHPPHPPPPPPPPPP
725,HPPPPPPPPPPPPPPPPHPPPPPPPPPPPP
726,HPPPPPPPPPPPPPPPHPPPPPPPPPPPPP
727,HPPHPPPPPPPPHPPPPPPPPPPPPPPPPP
728,PPPHPPPPPPPPHPPPPPPPPPHPPPPPPP
729,HPPPPPPPPPPPPPHPPPPHPPPPPPPPPP
730,PPPPPPPPPPPPPPPPPPHPPPPPHPPPPP
731,PPPHPPPPPHPHPPPPPPPPPPPPPPPPPP
732,PPPPPPPPPHPPPPPPPPHPPPPPPPPPPP
733,PPPPPPPPPPPPHPPHPPPPHPPPPPPPPP
734,PPPPPPPPPPPPPPHPPPPPPPPPPPPPPH
735,PPPPPPPPHPPPPPPPPPPPPPPPPHPPPP
736,PPPPPPPPPPPPPHPPPHPPHPPPPPPPPP
737,PPPPPPPPPPHPPPHPPPPPPHPPPPPPPP
738,PPPPPPPPPHPPPPPPPPPHPPPPPHPPPP
739,PPPPPPPPPPPHPPPPPPPPPPPPPPPPHH
740,PPPPHPPPPHPPPPPPPPPPPPPPPPPPPH
741,PPPPPPPPPPPPHPPPPPPPPPHPPPPPPP
742,PPPPPPPPHPPPPPPPPPPPPHPPPPPPPP
743,PPPPPPPPPPPPPPPPPPPPHPHPPPHPPP
744,PPPPPPPPHPPPPPPPPPPPPPHPPPPPPP
745,PPPPPPPPPPPPPPPPPHPPPPPPPPPPPP
746,PPPPPPPPPPPPPHPPHPPPPPPPPPHPPP
747,PPPPPPPPPPPPPPHPHPPPPPPPPPPPPH
748,PPPHHPPPPPPPPPPPPPPPPPPPPPHPPP
749,PPPHPPPPHPPPPPPPPPPPPPPPPPHPPP
750,HPPPHPPPPPPPPPPPPPPPPPPPPPPPPP
751,PPPPHPPPPPPPPPPHPPPPPHPPPPPPPP
752,PPPPPPPPPPPPPHPPPPPPPPPPPPPHPH
753,PPPPPPPPPPPHPPPPPPPPPPPPPHPHPP
754,HPPHPPPPPPPPPPPPHPPPPPPPPPPPPP
755,PPPPPPPPPHPPPPHPPPPPPPPPPPPPPP
756,PPPPPPPPPPHPHPPPPPHPPPPPPPPPPP
757,PPPPPHPPPPPPPPPPPPPPPPHPPPPHPP
758,PPPPPPPPPPPPPHPPPPPPHPPPPPPHPP
759,PPPPHPPPPPPPPPPPHPPPPPPPPPPPPP
760,HPHPPPPPPPPPPPPHPPPPPPPPPPPPPP
761,PPPPHHPPPPPPPPPPPHPPPPPPPPPPPP
762,PPPPPPPPPPHPPPPPPPPPPPPPHPPPPP
763,PPPPPPHPPPPPPPPPPPHPPPPHPPPPPP
764,PPPPPPPPPHPPPPPPPPPPPPPPPPPPPH
765,PPPPPPPPPPPPHPPPPPPPPPPHPPPPPP
766,PPPPPPPPPPHPPHPPPHPPPPPPPPPPPP
767,PPPPPPPPPHPPPPPPPPPPPPPHPPPPPP
768,PPPPPPPPPPPPHPPPPHPPPPPPPPPPPP
769,HPPPPPPPPPPPPPPPPPPPPPPPHPPHPP
770,PPPPPPPHPPHPPPPPPPPPPPPPPPPPPP
771,PPHPPPPPPPPPPPPPHPPPPPPPPPPPPP
772,PPPPPPPPHPPPPHPPPPPPPPPPPPPPPP
773,PPPPPPPPPPPPPHPPPPPPPPPPPPPPHH
774,PHPPPPPPHPPPPPPPPPPHPPPPPPPPPP
775,PPPPPPPPPPPPPPHPPPPPPPHPPPPPPH
776,PHPPPPPPPPPPPPPPPPHPPPPPPPPPPP
777,PPPPHPPPPPPPPPHPPPPPPPPPPPPPPH
778,PPPPPHPPPPPPHPPPHPPPPPPPPPPPPP
779,PPPPPPPPPPPPPPHPPPHPPPPPPPPPPH
780,PPPPPPHPPPPPPPPPHPPPHPPPPPPPPP
781,PPPPPPPPPPPPPHPPPHPPPPPPPPPPPH
782,PPPPPPPPPPPPHPPPPPPPHPPPPPPPPP
783,PPPPPPPHPPPPPHPPHPPPPPPPPPPPPP
784,PPHPHPPPHPPPPPPPPPPPPPPPPPPPPP
785,PPPPPPPPPPPPPPPPHPPHPPPPPPHPPP
786,PPPPPPPPPPPPPPPPPPPPPHPPPHPPPP
787,PPPPPPPPHPPPPPPPPHPPPPPPPPPPPP
788,PPPPPPPPPPPPPPPPPPPPPPPHPHPHPP
789,PPPPPPPPPPPPHPPPHHPPPPPPPPPPPP
790,PPPHHPPPPPPPPPPPPPPPPPPPPPPPPP
791,PPPPPPPPPPPPPPPPPPPPPPPPHHPHPP
792,PPPPPPPPPPPHPPHPPPPPPPPPPPPHPP
793,PPPPPPPPPPPPPPPPHPPPPHPPPPPPHP
794,HPPPPPPHPPPPPPPPPPPPPPPPPPPPPP
795,PPPHPPPPPPPPPPPPPPPPHPPPPPPPPP
796,PPPHPPPHPPPPPPPPPPPPPPPPPPPPPP
797,PPPPPPPPPHPHPPPHPPPPPPPPPPPPPP
798,PPPHPPPPPPPPPPPPPPPPPPPPHPPPPP
799,PPPPPPPPPPHPPPPPHPPPPPPPPPHPPP
800,PPPPPPPPPPPPPPPPPPHPPHPPPHPPPP
801,PPPPPPPPPPPPPPPPPPPPPPPPPPPHHP
802,PPPPPPPHPPPPPPPPPPPPPPPPHPPPPP
803,PPPPHPPPPPPPPPPPPPPPPPPPPPPPHP
804,PPPPPHPPPPPPPPPPPHPPPPPPPPPPPP
805,PPPPPPPPPPPHPPPPPPPPPPPPPHPPPP
806,PPPPPPPPPPPPHPPPHPPPPPPPPHPPPP
807,PPPPPPPPPPPPPPPPPPHPPPPPPPPPPP
808,PPPPPPPPPHPPPPPPPPPPHPHPPPPPPP
809,PHPPPPPPPPPPPPPPPPPPHHPPPPPPPP
810,PHPPPPPPPPPPPPPPPPPPPPPHPPPPPP
811,PPPPPPPPPPPPHPPPPPPPPPPPHPPPPH
812,PHHPPPPPPPPPPPPPPHPPPPPPPPPPPP
813,PPPPPPPPPPPPPPPHPPPPPPPPPPHPPP
814,PPPPPPPPPPPPHPPPPPPPPPPPPPPHPP
815,PHPPPPPPPHPPPPPPPPPPPPPPPPPPPP
816,PPHPPPPPHPPPPPPPPPPPPPPPPPPHPP
817,PPPPPPPPPPPPPPPHHPPPPHPPPPPPPP
818,PPPPPPPPPPPPHPHPPPPHPPPPPPPPPP
819,PPPPPPPPPHPPPPPPPPPPPPPHPPPPPH
820,PPHPPPPPPPPHPPPPPPPPPPPPPPHPPP
821,PPPPPPPPPPPPPPPPPPPPPPHPHPPPHP
822,PPPPPPPPHPPPPPPHPPPPHPPPPPPPPP
823,PPPPPPHPPPPPPHPPPPPPPPPPPPPPHP
824,PPPPPPPPPPPPPPPPPHPPPPPHPPPHPP
825,PPPPPPPHPPPHPPHPPPPPPPPPPPPPPP
826,PPPPPPPPPHPHHPPPPPPPPPPPPPPPPP
827,PPPPPPPPHPPPPPPHPPPPPPPPPPPPPP
828,PPPPPPPPPPPPPHPHPPPPPPPHPPPPPP
829,PPPHPPPPPHPPPPHPPPPPPPPPPPPPPP
830,PPPPPPPPPHPPPPPPPPPPPPHPPPHPPP
831,PPPPHPPPPPPPPPPPPPHPPPPPPPPPPH
832,PPHPPPPPPPPPHPPPPPPPPPPPPPPPPP
833,PPHPPPPPPPPPPPPPPPPPPHPPPPHPPP
834,PPPPPPPHPPPPPPHHPPPPPPPPPPPPPP
835,PPPPPPHPPPPPPPPPPPHPPPPPPPPPPP
836,PPPPPPPPPHPPPPPPPPPPPPPPPPPHPP
837,PHPPPPPPPPPPPPPHHPPPPPPPPPPPPP
838,PPPPPHPPPPPPPPPPPPPHPPPPPPPPPH
839,PPPPPPPPPPPPPPPHPHPPPPPPPPPPPP
840,HPPPPPPPPPPPPPHPPPPPPPPPPPPPPH
841,PPPPPPPPPPPPPPPPPPPPPPPPPHPPHP
842,PHHPPPPPPPPHPPPPPPPPPPPPPPPPPP
843,PPPHHPPPPPPPPPPHPPPPPPPPPPPPPP
844,PPPPPHPPPPHPPPPHPPPPPPPPPPPPPP
845,PPPPPHPPHPPPPPPPPHPPPPPPPPPPPP
846,PPHPPPPPPPPPPPHPPPPPPPPPHPPPPP
847,PPPPPPPHPHPPPPPPPPPPHPPPPPPPPP
848,PPPPPPPPPPPPPPPPHPPPPPPPPHPPPP
849,PHPPPPPPPPPPPPPHPPPPPPPPPPHPPP
850,PPPPPPPPPPPPPPPPPPHHPPPHPPPPPP
851,PPPPPPPPPHPPPPPPPPPHPPPPPPPPPP
852,PHPPPPHPPPPPPPPPPPPPPPPPHPPPPP
853,PPPPPPPPPHPPPPHPPPPHPPPPPPPPPP
854,HPPPPPPHPPPPPPPPPPPHPPPPPPPPPP
855,PPHPPPPPPPPPPPPPPPPPHPPPPPPPPP
856,PPPPPPPHPPPPPPPPPPPPPPPPPHPHPP
857,PHPPPPPPPPPPPPHPPPPPPPPPPPPPPP
858,PPPPPPPPPPPPPHPPPPPPPPPHPPPPPP
859,PPPPPPPPPHPPPPPPPPHPHPPPPPPPPP
860,PPHPPPPPHPPPPPPPPPPPPPPPPPHPPP
861,PPPPPPPPPPPPHPPHPPPPPPPPPPPPHP
862,PPPPPPPPPPPPPPPHPPPPPHPPPPPPPP
863,PPPPPHHPPPPPPPPPPPPPPPPPPPPPPP
864,PPPPHPPPPPPPPPPPPPPPPPPPPPPPHH
865,PPPPPPPPPPPHPPHPPPPPPPPPPPPPPP
866,PPPPHPPPPPPHPPPPPPPHPPPPPPPPPP
867,PPPPHPPPPHPPPHPPPPPPPPPPPPPPPP
868,PPPPPPPPPPPHPPPPPPPPPPPHPPPHPP
869,PPPPPPPPHHPPPPPPPPPPPPPPHPPPPP
870,PPPPPPPPPPPPHPPPHPPPPPPPPPPPPH
871,PPPPPPPPPPPPHHPPPPPPPPPHPPPPPP
872,PPPPPPPPPPPPHPPPPPPPPPHPPHPPPP
873,PPPPPPPHPPPPPPPPPPPPPPPPPPPPPH
874,PPPPPPPPPHPHPPPPPPPPPPPPPPHPPP
875,HPPPPPPPPPPPPPPPPPPPPPPPHHPPPP
876,PPPHHPPPPPPPPPPPPPPPPPPPPPPPPH
877,PPPHPPHPPPPPPPPPPPPPPPPPPPPPPP
878,PHPPHPPPPPPPPPPPPPPPPPPPPPPHPP
879,PPPHPPPPPPPPPPPPPPPPPPHPHPPPPP
880,PPHPPPPPPPPPPPPPPPHPPPPHPPPPPP
881,PPPHPPPPPPPPPPPPPHPPPPPPPPPPPP
882,PPPPPPPPHPPPPPPPPPPPPPPPHHPPPP
883,PPPPPPPPPPPHHPPPPPPPPPPPPPPHPP
884,PPPHPPPPPPPPPPPPPPPHPPPPPPPPPP
885,PPPPPPPPHHPPPPPPPPPPPPPPPPPPHP
886,PPPPPPPPPPHPHPPPPPPPPPPPPPPPPP
887,PPPPPPPPPPPPPPPHPPPPPPHPPPPPPP
888,PPPPPPPPPHPPPPPPPPPPHPPPPPPPPP
889,PPHPPPPPPPPPPPPPPHPPPPPPPPPHPP
890,PPPPPPPPPPPPPPPPPPPHPPPPPHPPPP
891,PPPPPPPHPPPPPPPPPPPHHPPPPPPPPP
892,PPPPPPHPPPHPPPPPPPPPPPPPHPPPPP
893,PPPPPPPPPPPPPPPPHPPPPHPPPPPPPP
894,PHPPPPPPPPPPPHPPPPPPPPHPPPPPPP
895,PPPPPPPPPPPHPPPPPPPPPPPPPPPHPP
896,PPPPPPPHPPPPPPPPPHPPPPPPPPPPHP
897,PPPPPHPPPPPPPPHPPPPPPHPPPPPPPP
898,PPPHPPPPPPPPPPPPPPHPPHPPPPPPPP
899,PPPPPPPPPPPPPHPPPPHPPPHPPPPPPP
900,PPPPPPPPPPHPPPPHPPPPPPPPPPHPPP
901,PPPPPPPPPPPPPPPPPPPPPPPPPPPPHP
902,PPPPPPPPHPPPPPPPPPPPPPPPPPHPHP
903,PPPHPPPPPPPPPPPPPPPPPHPHPPPPPP
904,PPPPPPHPPPPPPPPPPPPPPPPPPPPPHP
905,PPHPPPPPPPPPPHPPPPPPHPPPPPPPPP
906,HPPPPPPPPPPHPPPHPPPPPPPPPPPPPP
907,PPHPPPPPPPPPPPPPPPPPPHPPPPPPPP
908,PPHPPPPPPPPPPPPPPPPPPPPHHPPPPP
909,PPPHPPPPPPPPPPPPPPPPPPHPPPPHPP
910,HPPPPPPPPPHPPPPPPPPPPPPPPHPPPP
911,PPHPPPPPPPPHPHPPPPPPPPPPPPPPPP
912,PPPHPPPPPPPHPPPPPPPPPPPPPPPHPP
913,PPPPPPPPPPPPPPHHPPPPPPPPPPPPPP
914,PPPPHPPPPPPPPPHPPHPPPPPPPPPPPP
915,PPHPPPPPPPPPPHPPPPPPPPPPPPPPPP
916,PPPHPHPPPPPPPPPPPPHPPPPPPPPPPP
917,PPPPHPPPPPHPPPPPPPPPPPPPPPPPPP
918,PPPPPPPPPPPPPPPPPPPHPPPPPHPPPH
919,PPPPPPPHPPPPHPPPPPPPPPPHPPPPPP
920,PPPPPPPPHPPPHPPPPPPPPHPPPPPPPP
921,PPPPPPHPPPPPPPPPHPPPPPPPHPPPPP
922,PPHPPPPPPHPHPPPPPPPPPPPPPPPPPP
923,PHPPPPPPPPPPPHPPHPPPPPPPPPPPPP
924,PPPPHHPPPPPPPPPPPPPPPPPPPHPPPP
925,PPPPPPPPPHPPPHPPPPPPPPPPPHPPPP
926,PPPPPPPPPPPPPHPHPPPPPPPPPPPPPP
927,PHPPPPPPPPPPPPPPPPPPHPPPPPPHPP
928,PPPPPPPPPPPPPPPPPPHPPPPPPPPPHP
929,PPPPHPPPPPPHPPPPPPPPPPPHPPPPPP
930,PPPPPHPPPHPPPPPPPHPPPPPPPPPPPP
931,PPPPPHPPHPPPPPPPPPPPPPPPHPPPPP
932,PPPPPPHPPPPPPPPPPHPPPPPPPPHPPP
933,PPPPPPPPPPPPPPPPPPPPPPPPHPPPPP
934,PPPPPPPPPPPPPPPPPHPPPPHPPPPHPP
935,PPPPPPPPPHPPHPPPPPPPPPPPPPPPHP
936,PPPPPPHPPPPPHPHPPPPPPPPPPPPPPP
937,PPPPPPPHPPPPPPPPPPPPPPPPPPPPPP
938,PHPPPPPPPPPPPPPPPPPPHPPPPPPPPP
939,PPPPPPPPHPPPPPPPPPPPPPPPPPPPPH
940,PPPPPPPPPPPPPPHPPPPPPPPPPPPHPP
941,PPPHPPPPPPPPPPPPPHPPPPPPHPPPPP
942,PPPPPPPHPPPPPHPPPPPPPPPPPPPPPP
943,PPPPPPPPPPPPPHPPPPPPPPPHPPHPPP
944,PPPHPPPPPPPPPPPPPPPPPPPPPPPPPH
945,HPPPPPHPPPPPPPPPPPPPPPPPPPPPPP
946,PPPPPHPPPPPPPPPPPPPPPPPPPPHPHP
947,PHPPPPPPPPPPPPPPPPPPPPPPPPPPHP
948,PPPPPHPPPPPPPPPPHPPHPPPPPPPPPP
949,PPPPPHPPPPPPHPPPPPPPPPPPPPPHPP
950,PPPPHPPPPPPPPPPPPHPPPPPPPPPPPH
951,PPPPPPHPPPPHPPPPHPPPPPPPPPPPPP
952,PPPPPPPPPPPPHPPPPPPPPPPPHPHPPP
953,PPPPPPPPHPPPPPPPPPPPPPPPPPPPHP
954,PPPPPPPPPPPPPPPPPPPHPPHPPPPPPH
955,PHPPPPPPPPPPPPPHPPPPPHPPPPPPPP
956,PPPPPPPPPPPPHPPPPPPPPPHHPPPPPP
957,HPPPPPPPPPPPHPPHPPPPPPPPPPPPPP
958,PPPPPHPHPPPPPPPPPPPPPPPPPPPPPP
959,PPPPPHPPPPPPPPPPHPPPPPPPPPPPPP
960,PPPHPPPPPPPPPPPPPPPPPPPPPPPHPP
961,PPPPPPPPPPPPHPPPPPPHPPHPPPPPPP
962,PPPPHPPPPPPPPPPPPPHPPPPPPPPPPP
963,PPPPPPPPPHPPPPPPPPHPPPHPPPPPPP
964,PPPPPPPPPPPPPPPPHPHPPPPPPPPPPP
965,PPPPPPPPPPPHPHPPPPPPPPPHPPPPPP
966,PPPPPPPPPPPPPPPPPPPPHPHPPPPPPP
967,PPPPPHPPPPPPPPPPPPPPPPPPPPHPPP
968,PPPPPPPPPHPPPHPPPPPPPPPPPPPPPP
969,PPPPPPPPPHPPPPPPHPPPPPPPPPPPPP
970,PHPPPPPPPPPPPPPPHPPPPPPPPPPPPH
971,PPPPPPPPPPPPPHPPPPPPPHPHPPPPPP
972,PPPPPPPPPPPPPPPPHPPPHPPPHPPPPP
973,PHPPPPPPPPHPPPPPPPPPPPPPPPPPPP
974,PPPPPPPPPPPPPPPHPPPPPHPPPPPPPH
975,PPPPPPPPPPPPPPPPPPHPPPPHPPPPHP
976,PPHPPPPPPPPPPPPPPPPHPPPHPPPPPP
977,PPPHPPPPPPPPPPPPPPHPPPPHPPPPPP
978,PPPPPPPPPPPPPPPHPPHPPHPPPPPPPP
979,HPPPPPPPPPPPPHPPPPPPHPPPPPPPPP
980,PPPPPPPPPPHPPPHPPPPPPPPPPPPPPP
981,PPPPHPPPPPPPPPPPPPPPPPPPPPHPPP
982,PPPPPPHPPPPPPPHPPPPPPPPPPPPHPP
983,PPPPHPPHPPPPPPPPPPPHPPPPPPPPPP
984,PPPPPPPPPPHPPPPHPPPPPPPPPPPPPH
985,PHPPPPPPPPPPPPPPPPPPPPPPHPPPPP
986,PPPPPHPPPPPPPPPPPPPPPPHPPPPPPH
987,PPPPPPPPPPPPPPPPPPPHPPPPPPPHPH
988,PPPPPPPHPPPPPPPPPHPPPPPPPPPPPP
989,HPPPPPPPPPPHPPPPPPPPPPPPPPPPPP
990,PPPPPHPPPPPHPPPPPPPPPPPPPPPPPP
991,PPPPPPPPPPPPPPHPHPPPPPPPPPHPPP
992,PPHPPPPHPPPPPPPPPPPPPPPPPPPPHP
993,HPPPPPPPPPPPPPPPHPPPPPPHPPPPPP
994,PPPPHPPPPPPPPPHPPPPPPPPPPPPPHP
995,HPHPPPPPPPPPPPPPPPPPPPPPPPPPPP
996,PPPPPPPPPHPPPPPHPPPPPPPPHPPPPP
997,PHPPPPHPPPPPPPPPPPPPHPPPPPPPPP
998,PPPPPPPPPPHPPPPPPPPPHPPPPPPPPP
999,PPPPPPPPPPPPHPPHPPPPPPPPPPPHPP
1000,PPPPPPPPPPPPPPPPPPHPPPPPPPHPHP
1001,PPPPPPPPPPPPPPPPPPPPPPPPHPPHHP
1002,HPPPPPPPPPPPPHPPPPPPPPPPPHPPPP
1003,PPPPPPPPPPHHPPPPPPPPPPPPPPPHPP
1004,PPPPHPPPPPPPPPPPHPPPPPPPPPPPPH
1005,PPPPHPPPPPPPPPPPPPPPPPPHPPPPHP
1006,PPPPPPPPPPPPPHPPPPPPPPPPPPPPPH
1007,PPPPPPPPPPHPPPPPHPPPHPPPPPPPPP
1008,PPPPPPPPPPHPPPHPPPPPPPHPPPPPPP
1009,PPPPPPHPPHPPPHPPPPPPPPPPPPPPPP
1010,PPPPPPHPPHPPPPPPPHPPPPPPPPPPPP
1011,PPPPPHPPPPPPPPPPPPPPHPPPHPPPPP
1012,PPPPHPPPPPPPPPPPPPPPHPPPPPPPPH
1013,PPPPPPPPPPHPPPPPPPPPPPPPPPPHPP
1014,PPPPPPPPPPPHPPPPPPPPPPPPPPHPPP
1015,PPPPPPPPPPPPPPPPHPPPPPPHPPPPPP
1016,PPPHPPPHPPPPHPPPPPPPPPPPPPPPPP
1017,PPHPPPPPPPHPPPPPPPPPPHPPPPPPPP
1018,PPPPPPPPPPPPPPPPPPPPPPPHPPPPPP
