id,sequence
0,PHHHHPHHPHPPHHHHHHHHPHPPHPHHPH
1,HHHPPPHHHHHHPPHHHPHHHHHPHPHHPH
2,HHPPPPPHPHHHHHHHHHHHHHHHPHPHHP
3,HPPHHPPHHPPPHHHHHHPHHHHHHPHHHH
4,PHPHPHHHPHPHHHHHPHPHPPPHHPHHHH
5,HHPHPHHPHHHPHPHPHPPPHHHHHHHHHP
6,PPHHHPHHPHPHHPHHPHHHPPHHPHHHHH
7,PPHHHHHHHHHPPHHHHHHPHHPPPHHPHH
8,HPHHHHHHPHHHHHPHPHPHPPHHHPHHPP
9,HPHPPPHHPHHHHHHHHPHHPPHHPPHPHH
10,PHHPHHPPHHHHHHHPHHPPHHHHHPPPHH
11,PPHHHPHHHHPPHPPHHHHHHHHHPPHPHH
12,HHPHHHPHHHHHPHPHHHHPHPHHPHHPPP
13,HPHPHPPHHHHHHHPHHHHHPHPHHHPHHP
14,HHPPHHHHHHHPHHPHPPHHPHHHHHHPHP
15,PPHHHHHHHPPPHHPHHPPHHHPHPHHHHH
16,HHPPHHPHPPHHHHPHPPPHHPPHHHHHHH
17,HPPPHHHHPHHHHHPPHHHHHHHPPHHPHH
18,HPPPHHHHPHHHHHHHHPHHPPHPPHHHHP
19,PHHHHHPPHHPHPPHPHPHHHHPHPHHHHH
20,HHPPHHHPPPHHHHPHHHHHPHHHHPPHPP
21,HHPPHHHHPPHPHPPHHHPPHHPHHHPHHH
22,HPHHPHHHHHHHPPPHHHHPHPHHHHPHPH
23,PHHHHHPHPPHHPPHHHPHHHPHHHHHHHP
24,PPHPHHHHPPHPHHPHHHHPHHHHHHHHPH
25,HPHHPHHPPPHHHPHHPPPHPHHHHPHHHH
26,HHHHHHHHHHHHHPPPHPHPPHHHPHPHHP
27,HPHPHPHHPHPHHHPHHHHHHPHPHHHPHH
28,PHHHHPHHPHPPHHHHHPPPHPHHHHHPHP
29,PHHHHPHHPHHHHHHPHPHPHHHPHHHHPP
30,HHHHHPHHHPHHPHHPHHPPHPHHHHPPHP
31,HPHHHHPPPHPHHHHHHHPHHHPHPHPPHH
32,HPPHHHHHHHPPHHPPHHPPHHHPHHPHHH
33,PHHPHPPHHPPHHPHHHHHHHHHHPPPHHP
34,PHHHHHHPPHPHHHPHHHPPPPHPHHHHHH
35,PHPHPPHHPHHHHPPHHHHHHHPHHHHHPP
36,HHHPHPHPHHHHPPHPPHHHPHHHHHHPHH
37,PHHPPHHHHPHHPHHPHPHHHHPHHPHHHH
38,HHHHHPPHHPPHHPHPHPPHPHHHHPHHHH
39,PHHPHHPHPHHHPHPPHPHHHHPHHPHPHH
40,HHHPPPHPHHHHPPHHHHHHPPHHPHPHHH
41,PHPHHPHHHHHPPPPPHHHHHHPPHHHHPH
42,HHHHHHHPPHHHHHPHHPHHHHPPPHHPPP
43,PHPPHHPHPHPHHHHPHHPHHPHHHPHHHH
44,HHHHHHHHHHHHHPPHPPHHPPPHHHPPPP
45,HPHHPPPHPPHHHPPHPHHHHHPHPHHHHH
46,HHPHHPHHHPHHHHHHPHPPHHPHHPHHPH
47,HHPPHPHHPHPHHHPHHHPHHHHPHPHPHP
48,HHPHHPPHPPPHPHHPHHPHHHPPHHHHHH
49,HPHPHHHHPHHPPHHHHHHPPHHPHHHHHP
50,HHHPHHHHHPHHHHHPPHHHPPHHPPHHPH
51,HPPHPHPHHHHPPHHPHHHHHPHHHPPPHH
52,HPHPHPHPHPPHHHHHHPHHHHHPPHPHPH
53,PHPPPHHPHHHHHHPHHHHHHHPHHHHPPP
54,HHHPHPPHHHPHPHPPHHHPPHHHHHHPHH
55,HPPPHHHHHPHHHHPPPHHPHHPHHHHPPH
56,HHHHHHPHPPPPPHHPHHHHPHHHHHHHPH
57,HHHPHHHHPPHPPPHHHHHHHHPHPHPHHH
58,HPHPHHHHHPHPPHHHPPHHHPHHHPPHHH
59,HPHHHPHHHHPHPHPHPHHPHPHHPHHHHH
60,HHHHPHPPHHHPHPHHHHPHHHPHPHPPHH
61,PHHHHHHHPHHPPHHHHPHHPPHHHPHPHP
62,HHPHHHHHHHHHPHHPPPHHPHPHPPHHPH
63,HPHPHPHPHHHPHHHHPPHHHHPPHHHHHP
64,HPHHHHHHHHHHHPHHHHPHPHPHHHPPPP
65,HHHHHHPPHHHHPPPHHHPHHPHHHPPPHP
66,HHHHPPPHPHPHHPHPHHHHHHHPHHPHHH
67,HHHPHHPHHPHPPPHHHHHPHHPHPHHPHH
68,HPPPPHHHHPHHHHHHPHPHPHHHPHPHHH
69,HHPHPHHHHHHHHHPPHPHHHPPHHHHHPP
70,HPPHHHHHHPHHHHPPHHHPHPHHPHHHPP
71,HHPHHPHHPHHHPPHHHHHHPHPPHPPHHH
72,HHHPHPPPPHPPHHHHHHHHHHHHPPPHHH
73,HPHPHHHPPHHHPHHHHPPPHHHHHPHHPH
74,PPHHPHPPPHPHHHHHPHHHHPHHHHHHHH
75,HPPHHPHHHPPHHHHPHPHHHPPHHHPHHP
76,HPHPHHHPHPHHHHHHHHHPPHPPPPPHHH
77,HHHHPPPHPHPHHHHHHPHHHPPHHHPHPP
78,HHHPHPHPHPPPPHHHHHHHPHPHHHHHHH
79,HPPHPHHPHHHPHPPHHPHHHHHHPPHHHP
80,PHHHHPPHPHPHHHHPHPHPPHPHHPHHHH
81,HPHPPHHHHHPPHPHHHHHHHHPPPHPHHH
82,HPPHHHHPHPHHHPPHPHPHHHHPPHHPHH
83,HHPPHHPHPHHPHPHHHPHHHHHHPHHHHP
84,PHPHPPPHPHHHPHHHPHHHHPHHPHHHPH
85,PHHPPHPHPHHHHHHPHHPHPPPHHHHPHH
86,PHPHHHPHHPHHPPHHHPPHHHHPHHPHHH
87,PPHHHPHHHHHHHHPHHPPPPHHPHHHHHH
88,PPHHHHHPPHPHHHHPPHPHHHHHHPPHHH
89,PHPPPPHHPHHHHPHHHHHHHHHHHPHPPH
90,PHHHPHHHPHHPHPHPPPHHHHHPPHHHHH
91,HHHPHPPHPHHPPHHHHHPHPHHPPHPHHH
92,HPHHPHHHHPHHPHHPHPHHHHPHHPHPHP
93,PHHHHHPHHHPPHHHPPHPPPHHHHHHHHP
94,PHHPHPHHHPHHHHHHPHPPHPPPHHHHPH
95,PHHHPPHHHHPHHHHPPPHPHHHPHPHHHH
96,HPHHPHHHPHHPHPHHPPHHHHHHPPHPHH
97,HHHPHPHHHPHPHHHHHPPPHPHHHHHPHH
98,HHHHPPHHHHHHHHPHPHPPHHPHHPPHPH
99,PPHHPHPHHHHHHHHHPHHHPHHHHPPPHP
100,HHPHHHHHPHHHHHHHHHPHPPHHPPPPHP
101,PPHHHHHHHHHHHPHHPPHHHPPHHHPPHH
102,HHHHPPHHHPHPHHPHHPPHPPHPHHHHHP
103,HHPPHHHHPHHPHHHPHPHHHHPPHPPHHH
104,HHHHPPPHPHPHHHHHHHHHHPHPPHPHHH
105,PPHHPHHHPHHHPHHPHHHPHPPHPHHHHP
106,HHPHHHHPHHHHHHHHHPPPPHPHHHHPPH
107,PPHPHHHHHHPHPHPHHHHHPPPHHHHHHH
108,HHHHHHHPHHHHHHPHPPPHPPPHHHHPHH
109,HHPPHHHHHHPHHHPHHHPHPPHHPHHHPH
110,PHPPHPHHHHHHPPHPHPHHHHHHHHPPHP
111,HHPHHHPPPPHHHHHPPHPPHPHHHHHHPH
112,HHHPHHHPPPHPPHPPHPHHHPHHHHHHHH
113,HPHHHPHHHHHPHPHHHHHHPPHPPHHHHP
114,PPHHPHHHPHHHHHPHPPHPHHHPPPHHHH
115,HPHPHHHHPHHHPPPPHHHHPHHHHHHPPH
116,HPHHPPHPHHHHPPHPHHHHHPHHHHHHHP
117,PHPHPHHHHHPHPPPHHHHPHHHHPHHPPH
118,HHPPPHHPHHPHHHPHHHPHHHHPHHPHHH
119,HHHPHHHHPPHHHPHHHHHPHHHPHPPPPH
120,HHHHHHHHPPPPHHHPHHHHHHPPHPHHPP
121,HHHHPHPHHPHHHHHPPHHHPHHHPHPHPH
122,HHHPPHHHHHHHHHHPHPHHPHHPPPHHHP
123,HPHHHHHHHPPPHPHPPHHHHHHHHHPPPH
124,HPHHPHHPHHHHPHPHHHPHHHHPHPHPHH
125,HHHHHHHHHHHHHHHPHPHPHPHHPPPPPP
126,HPHPPHHPHHPPHHHPHPHHPHHPHPHHHH
127,HPHHHHHPHPHPHPHHHHPHHPHHHHPPHH
128,PHHHPPHHHHHHPHPHHHPHPHHPPHHHPP
129,HHPHHHPPHPHHPHHHHHHPPHHHHHPPHP
130,PPHHHHPHHHPHHPHHHHHHPHPPHHPHHH
131,HHHHHHHPHHHHHHPPPHHHPHPHHHPPPH
132,HHPPPHHPHHHHHHHHHPHPPHHPPHHHHH
133,HHHPHHHHPPHHHPHPPHHHPPPHPHHHHH
134,HPHHHHPHPHHHPPPHPPPHHHHPHHPHHH
135,PHPHPHHPPPHHHHHHHHHHHPPPHPHHPH
136,HPPHHHHHHHHPHPHHPPPPHHHHHHHPHH
137,HHPHHHHHPPPHHHHHHHPHPPHPHHPHHP
138,HHHHHPHPPHPPHHPHHHHHHHHHHPHPPH
139,PHPHHHPPHHPHPHHPHHHPHHHPHHPHHP
140,HPPPHHHHHHHPHPHHPHPHHHPHHPPHHH
141,PPHHHHHPPHHPHHHPHHHHHHPHPHHHPP
142,HHHHHPPPPHHHHHHHHPHPHPPPHHHPHP
143,HHHHHPHHHPHHPHHHPPHPHPHPHHHPHH
144,HHHHPPHHHHHHPHHPHHPPPHHHPPHHHH
145,HHHHHPHHHPPHPHPHHHHHPPPHHPPHHP
146,HHPHHHPPHPPPHHHPHHHHHHPPHHHHHH
147,HHHPPPHHHHHPPHHPHHHPHHHHHPPHPH
148,PHHPHHPHPHHHHHHHHHHPHHPPHHHPHP
149,HPHHHPHPHHPHHPHPHHHPHHHPHHPHPP
150,HHPHHPHHPHPPPPPHHPHHHPHHPHHHHH
151,PPHHHHHHPPPHHHHHHPPHHHPHHHHPHP
152,HHPHHHPHHHPHHHHHPHHPPPHPPHHPHP
153,PHHHHHHPHPPPHHHPHHHPHPHPHPHHHH
154,HHPPHHHHPHHPPPPHHHHPPPHHHHHPHH
155,HHHHPPHPHPHHHHHHHPHHHPPPHHHPHH
156,HHPHHPHHPHHPPHHHHPPHHHPHHHHPHP
157,HHPHHPPHPHPPHHHPHPHHHPHHHPHPHH
158,PHHHHHPHHHHHPHPPPHPHHHHPHHPHHH
159,HPHHPHHPPPHHPHHHHHHHHPPPHHHHHH
160,HHHPHHHHHPHPPHHHHHHPHHPPPPPHHH
161,HHHHPHHHHHHPHHPHHHHPPHPPPHPHHP
162,HPPHHHHPHHHHPPHHHHPPHHPHHHHHHP
163,PHHPHHPPHPHPHHHPHHHHHHHPHHHHPH
164,PHHHHPPPHHPHHHHPPHHHHHPPHPHHPH
165,HHPHHHPPPPHHHHPHHHHHPPHHPHPHHH
166,HHHHHHHHPHHHHPHPPPPHPHHPPHPPHH
167,HHPHHPPHPPHHPHHPHHHHHHHPHHHPHH
168,HPHHHPHPHHHPHHPHHHPHPPHHHHHPHH
169,PHPHPPHPHHPHPHHHPHHHPHPHHHHHHP
170,HHHHHPPHPHHHHPHHPHHPPHHPHHHHPH
171,PHPPHPHPHHHPPHHHPHHPHHHHHHHHPH
172,PPPHPPHHHHHHHHHHHHHPHPHHHPPHHP
173,PPHPHHHHHHHHHPPPHPHPHHHHPPPHHH
174,PHPPHPHHHHHHHPHHHPHPHPHHHPHHHH
175,HHHHHHHPPHPHPHPPHHHHHPHPHHPHHH
176,HHHPHHPHHHPHHHHHHPPHPHPHHHPHPH
177,HHHPPHHPPHHHHHPPHHHPHHHHPHPHHH
178,HHHHHPPHHHPPPHHHHHPPHPHPHHPPHH
179,HPHPHHPPHHHHHHHHHHPPHHHPHHHPHP
180,HHHPHPHHHHHPHHHHPHPHHHHHPHPHPP
181,PPHPPHHPPHHHPHPPHHHHHHHHHHHHHH
182,HPPPHHHPPHHHHHHHPPHHPHHPHHHHHH
183,PHHPPHHHPHHHHPHPPPHHPHPHHHHHHH
184,HHHHHPPHHHPHPHHPPHHPPHHPHHPHPH
185,HHHHHPPHHHPPHHHHPHPPHHPHHHPHHP
186,HPHHPHPHHPHHHPHHHHPHPPPHPHHHHH
187,HPHHPPHHPPHHHPHHHPHHHHHHPHPPHP
188,HHHHHPPHPPPHPPHHHPHPPHHHHPHHHH
189,HPPHPPHPHHHHHHHHPPHPHHPHHHHPHH
190,HHPPHHHPHHHPHPHPHHHHHPHPHHHPHH
191,HHHPHHHHPHPPPHHPHPHPPPHHPHHHHH
192,HHHHHHHPHHPPHHHHPPHPPHPHHPHHPH
193,PHHHPHHHPHHHHPHHHHHPHPHHHHPPHP
194,PHHPPHHHHHHPHPHPHHHHHPHHHHPPHH
195,PHHHHHHHHPHHPHHPHHPHHPHHPHHPPH
196,HHHHPPHHHHHHHHPHHHPPHPPHPHHHPH
197,PHHPHHPPHHHPPHPHPHHHHHPPHHHHHP
198,HHHHHPHPHPPHHPHHHPHPHHPPHHHHHP
199,HHHPHPPHHPPHHPHHHHHPPPHPHHHHHP
200,HHHPHHPPHPPHHHHHHPHHHPHHPPHHHH
201,HPPHPHHHHHHPHPHHHHPHHPPHPPHHHH
202,HPHPPHHPHPHHHHHHHHHPHHPHHPPHHH
203,HHHHPHPPHHHHHHHPPPHPHPPHHHPHHH
204,PHPHHHPHHPHHPHHPPHHHPHHHHPHPHH
205,HHPHPPPHHHHHHPHPHPPPPHHHHHHPHH
206,PHHHHHHHHHHPHHPHPPPHPPPHHHHHHH
207,PPHHHHHPPHHPHPPHHHPHHHHPHHPHHH
208,PHHHPHHHPHHHPPHHHHHHHHHHPPHHPP
209,PHHHHPPHPPPHPPHHHHHHPHHHHHHPHP
210,HHHHHPHHHHHHPHPHHHHHPPPPHHPHHP
211,PHHHHHHHHPHHPHHPPPHHHHPPHPPHHH
212,PPPPPPHHPHHPHHHHPHHHHHHHHPHHPH
213,PPHHPPPPPPHHHHHHPHHHPHHHHHHPHH
214,HHHPHPHHPHHPHPHHPHHHHPHHPHHPPP
215,HHHPHPHHPHHPHHPHHPHHPPHHHHPHPH
216,HHHHPHPHPHHPHHHHHHPHHPHHPHHPHP
217,HHPHPHPHPPHPPHHHHHHHHPHPPHHPHH
218,HPHHPHPPPHHHHHPPHHPHHPHHHHHPHH
219,HHPHHHPHHHHPHPPHHHHPPHHHHHPHHP
220,HHHPHHPHHHHHHHPPHPHHHHPPHHHPHP
221,HPHHHPPHHHPHHHHHHHPPHPHHPPPHPH
222,HHHPHHPHHHPHHPHHPPHHPPPHHPHPHH
223,HHPHPPPHHHHPHPPHPHHHHHHHHHPHHH
224,HHHHPHHHHHHHPHHHPHHPPPHPHPHHHP
225,PHHHPHHHPHPHHHHHPHPPHHHHHHHPPH
226,HPHHHPHHHPHHHPHHHPHHHPPHHHHPHP
227,PHHHPPPHHHHHPHHHHHPPHPHHHPPPHH
228,HHHHHPPHHHPPHPHHHHHHPPPPHPHHHP
229,HHPPHHHHHPPHHHPPHPHHHHPHHPHHHH
230,HPHHPHPPHPHHPHHPPHHHHHHHHHHHPH
231,HHHHPHHHPPPHPPHPPPHHHPHHHHHHHH
232,HHPHPPHHHHHPPPHPPHHHHPHHHPPHHH
233,HHHHHHHPHPHHPPHPPPPHPHPPHHHHHH
234,HHPPHHHHPHHHPPPPPPHHHHHHPPHHHH
235,HPHHPPHHPHHHHPHPHHHHHPPHHPPHHH
236,PHHPHHPHHHHHHHHHHHPHPPHPPHHHHP
237,HPHPHHHHHHHHPHHHPPHPHPHPHPHPHH
238,PHPHHPHPHPHHHHHHPPHHHHHPHPHHHP
239,HHHPHPPHPHHPHHHPHHHHHPHHHHPHPH
240,HHHHHHPHHPHHHHPPHHPPHPHPHHPHPH
241,HHHHHHPPHHHPPHHPPHHHHHPHPPPHHH
242,HPHHHPPPHHPHHHHPHHHHHPHHHHPHPP
243,HPHPPPPHHHHPHPPHHHHHHHHHHHPPHH
244,PHPHHHHPHHHHHHHPHPPHHHHHPHPPHP
245,HHHPPHHPHPPPHHHPHHHHHHHHHPHPHP
246,HPHPPHPHHPHPPPHHHHHHHHHHHHPPHP
247,HHHHPHHHHPHHHHHPPPHPHPHPHHPHPH
248,PPHHHHHHPHHHHHPHHPHHHHHPPHHHPP
249,HPPHPHHHHHHHHHHHPHPHHHHPHHHPPP
250,HHHHHHPHPPHHHPHPHPHHHPHHHPHHPP
251,PHHHPHHHHPHPPHHHPPHHPHHHHHHPHH
252,PPPHPHHHHHHPHHHHHHHPHHPHPPHPHH
253,HHHHPPHHHHHPHHPPPPHHHHHPHHPHHP
254,HPPPHHPPHHPHHPPPHHHHPHHHHHHHHP
255,HHHPHHPHPPHHHPHHPPHHHHHHHHPPPH
256,HHHPPPHPHPPHPPHHPHHPPHHHHHHHHH
257,HHHHHPHPHHHHPHPHHHPHHHPHPHHHPP
258,HHHHHHHHHHPHHPPPHHPHHHHPHHPPHP
259,PPPPPPHPHHHPHHHHHHHHHHHHHHHHHP
260,HHHHHPHPHPHPPHHHPHPHPHHHHHHHPH
261,HHHHPPHHHHPHHHHHHPHPPHPPPHHHPP
262,PHHHHPHPHHHHPPPHHHHPHHHHPHHPHP
263,HPPHPPHPHPPPHHHPPHHHHHHHHPHHHH
264,HPHHPPPHPPHHHHHHHPHHPHHHHHPPHP
265,PHHHHPPHHPHPPHHPHHPPHHHHHHPPHH
266,HHHPHPPHHHHHHHHPHHHHPHHPHPHHPP
267,HHPHHHPPHPPHHHHPHHPHHHHHHHPHPP
268,PHHPPHHHPHHHPPHHHHHPHHHPPHHHPH
269,HHHPHHHHHPHPHHHHHHHPPHPHHPHPHP
270,HHHHHPPPHPHPHHHHPHHHHHHPPPPHHH
271,PHHHHHHPPHPHHPPPPHPHHHHHHHPHPH
272,HPHHHPHHHHHPPHPPHHPHHHHHHHPPHH
273,HPPHPHHHPHPHHHHHPPHPHHHHPHPPHH
274,HHPHHHHHPPHHHPPHHHPHHHPHHPHPHH
275,HHHPHHPHHPHHPPPHHHHPHHHPPHPHHH
276,HPHHPPHHHHPHHPPPHHHHHHHHPPHPHP
277,HPPHHHPHHPPHHHHPPHHHPHHHHPPHHH
278,HHPHPPHPPHHHPHHHHHPHHHPHHHPHHH
279,HPHHHHHHPHPHHPPHPHPPHHHHHPHHPP
280,HHHPPPHPPPHHPHHHHPPHHHPHHHHHPH
281,HHHPHHHHHHPHHHHHPPHPPPHPPHHHHH
282,HPPHHPPHPHPHHHHHHPHPHHHPPPHHHH
283,HPPHHPPHPHHHHHHHHPPHHPPHHPHPHH
284,HPHHPHHPPPHPHHHPHPHPHHHHHHHHHP
285,HHHPHHHHHPPPHHHHPHPPHPHHHHPHHP
286,HHHPPHHPHPHPPHHHPHPHHHHHHHHHHP
287,PHHHPHPHHHHHPHPHHHHHPPPHPPHHHH
288,HHPHHHHHPPHPPHHHPHHHPPHHHHHPHH
289,HHHHHHHHPPHPPPHPHHHHPPHHHHPHHH
290,HHPHHPPPPHHHPPPHHHHHHHHPPHHPHH
291,PHHHHPHHPHHHPHHHPHHHPPPHHPHHHH
292,HPHHHPHHPPHHPHHHHHHPHHHHPHHPHP
293,HPPHPHPPPHHPHHHPHHHHPPHHHHHHHH
294,PPHPHHHPHPHHHHHHPHHPPHPHHHHPHP
295,PHPPHHPHPHHHHHHPHHHPHHPHHHPHPP
296,PPPHPHPPHPHHHPHHHHPHHHHPHHPHHH
297,PPPHPHHPHHHHPHHHPPHHHHHHHHHHHP
298,HPHHHPPPHPHHHHHPPHPHPHHHHPHHHH
299,PHHHPHHPHHHHPHHPHHPPHPPHHHPHHH
300,HHHHPHHHPPHHHHHHHHHPPPHHHPHPPP
301,HHPHHHHHHHPHHHPPPHHPHHPHPHHPHH
302,PHHHHHHHHPPPHHHHHHPPHHPHPHPPHH
303,HPPHPHPPPHHPHPHHHHPHPHHHHHHHHP
304,HPHHHHPPHHHHHHHHHPPHHPHHHPPHPP
305,HPHHPHHPHHPHHHPPHHHHHHPPHHPHPH
306,PHPHHHPPHPHHHHHHHHHPHHHHPHPPHP
307,HHPHPPHHHHPHPPHPHHHPHHHPHPHHHH
308,HHPPHPHPPPHPHHHHHPPHHHHPPHHHHH
309,HHPHPHHHPHPHHHPHHPHPHHPPHHHHPH
310,PHHHHPHHHHPHHPPPHHPPHHHHPHHPHH
311,HHPPHHPHPHHPHHHHPHHHHPHHHHHHPP
312,HHPHPHHPPHHHPPHHPPHHPHHHHHHHHP
313,HHPPPHPHHHHHPHHPHHPHHHHPHPPHHH
314,PHPHHPPPHHHHHHPHHHHPHHHHPHHPHH
315,PHHHPHHHHHPHHHHHHPPHHHHPHPHHPP
316,HPHHPHHPHHHHPPHHHHHHHHHPHPPHPH
317,HHPHHHHHPHHHPHHHPHPHPHPPPHHPHP
318,HPHPPHPHHPPHHHHPHHHHHHHPPHPPHH
319,HHHHHPHHPHPHHHHHHPHHHHPPHPHPPH
320,HPPHHHHPHPHPHHHHHHPHPHHHHHPHHP
321,HPHHPHHHPHPHPHHHHHHHHHHHPHPPPH
322,HHPHHHPPPHHPHPPHHHHHPHHPHPPHHH
323,HHPHHHHPHHPPHHPHHHPHHHHHHPHPHP
324,PHHHPHPPHHHHPHHHHPHHHHPHHHPHHP
325,HHPHHHPHHPHHPHPHPHPHHHHHHHPHPH
326,PHHHPHHHHHHHHHHHPPPPHPPHHHHHPH
327,HHPHPHHHPHHHHPHHHHHPPPHPHHHPHH
328,HHHPHHHPPHHPHHHPHHHHHHPPHPHPHP
329,PHHHHHHHHHHHPPHPPPHHHPHPHHHHHP
330,PHPHHHPHPPHHHHHPHHPHPHHHPHPPHH
331,HHHHHPHHHPPPPHHHHPHHHHHPHPPPPH
332,HPHPPHHHPHPHHHHPHHPHHPHPHPHHHH
333,PHPHHHHHPHPHHHHPHHPHPPHHHHHPHP
334,HHHPHPHHPPHHHHPHPPHPHHHPPPHHHH
335,HPHPPHPHHHHHHHHHPPPHHPHHHHHPHH
336,PHHPHHPHHHHHHHPPHHHHPPPHHHHHHP
337,HPHHPHHHPHHHPPPPHPPHHHHHHHPHHH
338,HPHPHHPPHHHHPPHHHHPPHHPHHHHHHH
339,HPHHPHPHHHHHPPHHHPPHPHHPHHHHPH
340,HHHHPHPHHHPPHPHHHHHHPPPPHHHHHH
341,PPPHHPHHHHHHHHHHHPPHPHHHHPPHPH
342,PPHHHHPHPHHPHHPHPHPHHHHHHHHPHH
343,HPHPHHHHHHHHHHPPHHPHHPHPHPHPHP
344,PPHPHHPHHHHHPHHHHHPPPHHHHPHHHH
345,PHHHHHHHPHHPHHPHHHHHHPHHPPHPPH
346,PPPHHHPHPPHHHHHHHHPHHHHHPHPHHH
347,PHPHPPHHHHPHHHHPPHHHHPHHPHHHPP
348,HHPHHPHHPHHPHHPPHHHPHHHHHPHHHP
349,HHHHHHPPPHHHHPHPPHHHPHHPPPHHHP
350,PPHPHHHHPHHHHHPHPHHHPHPHHHPHHH
351,HHPHHHHHHPPHHPPHPPHHHHPPHHHPHH
352,HHHPHHPPHPPPHHHHPHPPHHHHHHHHHH
353,PHHHPHPHHHHPPHHPHHHHHHHPHPHHHP
354,HHHHPHHPPHHHHHHPPPPHHHPHHPPPHH
355,HPHHHPPPHHHPHHHPHHHHHHHHPPHHPH
356,PPHHHPPPHPHHHHPPHPHHHHHPHHPHHH
357,PHHHPHHHHPHHHHHHHHPHPHPHPHPHPH
358,PHHHPPHHPHHPPHPHHHHHHHHPHHHPPP
359,HHHPHHHHHHPPPHPHHHHHHPHHHPPHHP
360,HHPHPHPPHHPHHHPHHHHHPPPHHHHPHH
361,HHHPPHHPPHPHHPHHHHHPPPPHHPHHHH
362,HHHPPHPPHPPPHHPHHHHHHPPHHHHHHP
363,PHHHPPPHHHPHPHPPHHHHHPHHHHHPHH
364,HHPPHHHHHHHHHHPPHHPPHPHPHPHPHP
365,HHHHHPPHHPHPHHPHHHHHPHHHPHHPHP
366,HHHPPHHPHHHHHHHPPHHHHPHHPPPHPH
367,HHPHPPHHHPPHHHHPHHHHHPHPPHHPHH
368,HHHHPHHPPHPHPHHHPHPPHHHHHHHPHH
369,PHHHHHHHPPHPHPHHHHPHHPHPPHPHHH
370,HPHPHHPHHHHHHPPHPHHHPHHHHHHPPH
371,HPHHHHHHHPHHPPPHHPHHHPHHPPHHHH
372,PPPPHHHHHPHHHHPHHHHPPHHPHPHHHP
373,PPHHHHHHHHHHHPPHHPHPHPPHPHHHHH
374,HHPHHPHHHHHHPHPHPPPHHHHHPHHHHP
375,PPPHPHHPHHHHHHHHHPPHPPHHHHPHPH
376,HHPPHHHPHHHHHHHHHPHPHHPPHHPPPH
377,HHHHPHPHPPHPPPHHHHHHPHHHPHHHHP
378,HHPHHPHHPPHPHHHHPHHHPPHHHHHHPH
379,HPHPHPPHPHHPHHHPPHHPHHHPHHHHHH
380,PHPPHHHHHHHPPHHHPHHHHPHHHPHPPH
381,HHHPPHHPHPHHPHPPPPHHHHHPHHHHPH
382,HPHHHHHPPHHHPHHPPHPHHHHPHHPPHH
383,PHPHHHPHHPPPHHPHPHHPHHHHHHHPPH
384,HPHHHHHHHPPHHPHHPHHPHHPHPHPHHH
385,HHHHPPPHPHPHHHHPHHHPPHHHHPHPHH
386,PHHPHPHHHHPHHPHHHHHPPHHPHPPPHH
387,HPPHHHHPPPHPPHHHHHHHHHPHHHHHHP
388,HHHHHPHHPPHHPPHPHPHHHPHHHPPHHP
389,HHPHHHHHHHPHHPPPPPHPHHHHHHPHPH
390,PHHHHPHHHHHHPHHHPPPPHPHHHHPPHH
391,HHPHHHPHHPHPHHHHHPPHHHHPHPPHHH
392,HHPHHHHHHPHHHPPHHPHHHPPPHPHHPH
393,HHPPPHHHHHHHPHHPHHHHHHPHPPPHHP
394,PHHHHPPHPHHPHHHHHPHHPHHHPHHHPH
395,PHPHPHHHHPPPHPHHPPHHHHPHHHHPHH
396,HPHHHPHHPHHHHPHPPHHPHPHHHHHHHP
397,HHHPPHPHHHHPHPHHHPPPPHHHHHPHHH
398,HPHPPPHHHHHHHPHPPHHHPHPPHHHPHH
399,PPHPHHHPPHHHHHHHPHPPHHPHHHHHHH
400,HHHHHHHPHHHHPPHPHHPHPPHHHHPPHH
401,HPPHHHHPHHHPHPHPHHHPPPHHHHHHHH
402,PHHHHHHHPPPHHHHPHPPHHHPHHHHPPH
403,HPPHHPHPHHPHPHPPHPHHHHPHPHHHHH
404,HHPHHPPHPHHHHPHPPHHHHHHPPHPHHH
405,PPPPHHPHHHHPHHHHHHHHHPPHHHHPHH
406,PHHHPHPHHHHPPHHPHHPHPHHHPHPHPH
407,HHPHHHPHHHHPHHHHPHHPPHPHHHHPPH
408,HHPHHHHHHHHHHPHPHHHPPPHHPPPHPH
409,HPPHHHHPPHHPHPHHHHHHPHPPHHHHHP
410,HHPHPPHPHHPHHHHHHHHHHPHPPHPHHH
411,PHPHHPHHPHPHHHHHPHHHHHHPPHHPHH
412,HHHPHPHHHHHHHHHPHPHPHPPPPHHPHH
413,HHPHHHPHPHHHPHHHHHPPHHHPHPHPPH
414,HPHHHHHHHPPPPHHHPPHHPHHPHPHHHH
415,PHHHHHHHHHPPHHHHPHPPHHPPHHPHHH
416,HHHHHPPPHHHHHPPHHPHHPPHHPHHHHH
417,HHPHHHHHPHPHHPHPHHPPHHPHPHHHPH
418,PHHHPPPHHHHPHHPHPPPPHHHHHHHHPH
419,HHHHPPHPHHHPHHPHHHPHHHHHPHPPHP
420,HHHHPHHHHHHPPHHPHPHHHPHPPHPPHP
421,PHHPHHPPHPPHHPHHPHHHHHHHHPHHPH
422,HHHHHHHHPHHPHHHPPHHPPPHPHHHHHP
423,HHHHHHHHPPHPHHPPHHHHPHHHHPHHPP
424,HPPHHHHPHPHHHPHHPHHHHPHHPPPHHH
425,HHPHPPHHPHHHPHPPHHHHHPHPHHPHPH
426,PPHHHPPHPHPHHHHHHHPHHHHHHPPHHP
427,HPHHPHHPHHHHHHHHHPHHHHHPPPHPHP
428,PHHPPHHHHHPPHHPHHPHHPHHHHHHPPP
429,PHHPHHHHHHHHHHHPPPHPHPHHPHPPHH
430,HPHHPHHHPHHHPHHHHHPHHHHHPPHPPP
431,HHHPHHPHHPHHHHPHPPHHHHHPHHHPPH
432,HHHPPPHHHHPHHHPPHHPHPHHHHHHPHH
433,HPHHPHPHHHHHHHHHPHHHHHPPHHPPHP
434,HHHHPHPHHHPPPHPPPHHHHHHHHHPHHP
435,HHHHPHHPHPHHHHPPHPHPPHPHHHHHPH
436,HPPPHPHHPHHHHPHHPHHHPHHHPHHHHH
437,HHPHHHHHHHHHHPPHHHHPPHPPHPHPHP
438,HPHHHPHPHHPPHPHHPHHPHHHHPPHHHH
439,HHPHHHPHHHHPHPHHHPPHHHHHHHPPHP
440,HHHPHHHHPHHPHPPPPHHHHPHHHHHPHP
441,HHPPHPPHHHPPHHHPHPHPHPHHHHHPHH
442,PHHPPHHHHHPHHPHHPHPPHHHPHHHHHP
443,PPPHHHHHHHPHHHHHHHHHPHHPPHHHPP
444,HHHHPPHHPPPPHHHHHPHHHHHHPHHPHH
445,HPPPPHHHHPHHHPHPHHHHHHHPHPHHHH
446,HHPPPHPHPPHHHHHHHHPHHHHHHPHHHP
447,HHHHHHPHHHPPHPHHHHPPHHPHPPHHHH
448,HHPHHPHHPHPPHHHHHHHHHPHPPPHHHH
449,PHHHHHHHPHPPHPPHHHHHPPHHHHPHPH
450,HHPHHPPHHHHHHHPPHHHPHHPPHHPHPH
451,HHHHPHHPPHHHPHHHHPPHPHHHHHPPHH
452,PHHHHPHHHHHHPHHHPHHPPHPPHHHHPH
453,HHPHHPHPHPHHHHHHHHPHPHPPHHHHPH
454,PHHHPPPHPHPHHPHHHHPHPPHHHHHPHH
455,PHHPPPHHHHHPPPHHHHHHHHHPHHHPHH
456,HPHHHHHHHPHPHHPHPPPHPPHPHHPHHH
457,PPHHHHPHHHHHPHHPPPHHPHPPHHHHPH
458,HPPHHHHHHHPPPHHHPPPHHHHHPPHHHH
459,HHPHPPHHHHPHHHPHPHHHPHPHPPHHHH
460,HHHPPPHPHHHPHHHPPPHPHHHHHHHHHH
461,PPHHPHHHPHHPHHPPPHHHHHHHHHHPHH
462,HPHPPPHPPHHPHHPHHHPHPHHHHHHHPH
463,HPHHHPPHPHHHHHPPHHHPHHPPHHHHHH
464,PHHPPHPPHPHHHHHPHHHPPHHPPHHHHH
465,HHPHHHPHHHPHPPHHHHHPPPHHPHHHHP
466,HPPPHHHHPPHHHPHHHHHPPPHHHHHHHP
467,HHHPPHPHPHHPHHPPHHHHHHPHPHPPHH
468,HHPPPHPHHHHHHPHHHPHPHPHPHPHHHP
469,HHHHPHHPHPPHHPPHPHHHHHHHHPHHPP
470,PHHHHPPHHPHHPHPPHHHHHPHHPHHPHP
471,PHPHHHHHHPHPHHPHPHHHHHHPHHHPHP
472,HPHHHPPHPPHHHHPHPHHHHHHHHPHHPP
473,PHHPHHPHHHPHHHHPHHPHHHPPHHHHPP
474,PHHPHHHHPPHHHPHHHHPPHHHPHHPHPP
475,HPHPHHPHHPHPHPPHHHPHHHHHHPHHHH
476,PHHHHHHPPPHPHHHHPHHPHPHHPHHHHP
477,PHPHHHPHHHHHHPHHHHHPHHPHHPPHHP
478,HPPPHHHPHPPHHHPHHHHHPHHPHHPHHH
479,HHHHHPHHHHPHPPPPPHHPHHHHHHHHHP
480,HHPHHPHHPPPPPHHHHHPHHHHHHHPHHH
481,HHHHPHPPHHHHHHHHHPHHPHPHPPHPHH
482,HPHHPHHHHHHHHHHPHHPHPPPHHHHPHP
483,HPHPPHHHHHPPHHHHPHPHPHHHHHHPPH
484,PHHHPPHPHHHPPHHHHPHHHHHHPHPHHH
485,PHHHHPHHHPHHHHHHPHPPHHHPHHPHPP
486,HHHPHHPHHPPPHHHHHHHPPPHHHHHPPP
487,PHHHHPHPHPHHHHPHHPPHPHHPHPHHPH
488,PPPHHHPPPHHHHHPHPPHHHHHHHHPHPH
489,HPHHPHHHHPHHPPHHPHHPPHHHPPHHHH
490,HHHHPHHPPHHHPHHPHPHHHHHHHPHHPP
491,HHPHHHHHHPPHPPHPPPPHHHPHHHHHHH
492,PHHHHHHPPPHHHHHHHHHPHHPPPHHHPH
493,HPHPHHHPHHPPHPHHHHHHHPHHHHPPHH
494,HHPHHHHPHPHHPHHHPHHHHPPHHPPHHP
495,PHHHHPHHPHHHHHPHHHPHHHHHHHPPPP
496,HHPHHHPHHPHHHPPHPHHHHHHPHPPHHH
497,HPPHHHHPPHPHPPPHHHPHHHPHHHHHHH
498,HHHPPHHHHPHHHHHHPHHHPPPHPPPHPH
499,PPHHHHPPHPPHPHHPHHHHPHHHHHHHHH
500,HHHPPHHPHHHPHPHPHHHHHHHPPHHHPP
501,HHPPHPHHPHPHHHHPPHHPPHPHHHHHHP
502,HHHHHHPPPPHHHPHHHPHHHHHHHHPHPP
503,PHHHHPPPHHHHHHHHPHHHHPHHPHHPHP
504,HHPHPPPHPHPHHHHHHHHPHHHHPHPHPH
505,HPPHPHHHHHHPPHHPHHHPHHHHHPPPHP
506,HPHHPPPPHHPPHPHHHHHHHHHHHHPHHH
507,PPHPPHHPHPHHHHHPHHHHHHPHHHPHHH
508,HPHPHHHPHPHHHHHHHPHHHHPHPHPHPH
509,PHHPHHHHHHPHHHPPHHPHHPPHPHHPHH
510,HHPHPHHHHHHPHHPHHHPHPHHHPPPHHH
511,HHHHHPHHHHPHPHPPHHHPPHHPPHHPHH
512,PHHHHPHHHHHHPHHHPHHHHHPHPPHPPH
513,PHPHHHHHHHPHPHHPHHPHPHHPPHHPHH
514,HHPHHPHHPHPPPHHHPHPHPHHHHHPHHH
515,HHHHPPHPHHHHPHHPHPPHHPHHHPHHHH
516,HPHHHHPPHHHPPPHHHHHHPHHHPPHPHH
517,PHHHHHHPHHPPPPHPHHHHPHPHHHHHPH
518,HPHPPHHPPPHHHHPHHHHHPHPHHPHHHP
519,HHHHHHPHHPHPPHHPHHHPHHHPPHHPHH
520,HHHHHHPPHHHHHHHPHHHPPHHHPHHPPP
521,HHHHPPHHPHHPHPHHHHPHPPHHPPHHHP
522,HHHHHHHHPHHPHHPPHPPHPPPHHHHPHH
523,HHHPHPHPHPHHHPHPHHHHPPHHHHPHHH
524,HHHPHPHPHHPHPPHPHHPHHHHPHHHHHH
525,HHPHHHHHPHPHPHHHHPHPPPPHHHPPHH
526,HHPHPPHHPHHHHPHHPHPHPHHHHHHPHP
527,HHHHHPHHPPHPPPPHHHPHHPHPHHHHHH
528,HPHHHPPHHHPHPHHHPHHHHHHPPHHHPP
529,HHHPHPHHPHHHPHHPHHHHHPHPHPHPHH
530,PHHHHPPHHPHHHHPHHHPPPHHHHHHPPH
531,HPPPHHPHHHPHHHPHHHHHHHPPHHPHPH
532,PHHPHHPHPHHPHHPHPHHPHHHHHPHHPP
533,PPHPPHHHPHPHHHHHPHPHHHHHHPHHPH
534,PHPPPHHHPHHHHPHHHHHHHHPHHHPPHH
535,PHHHHHHHPHHPPHHHHHHPHHHPHPHPPH
536,HHHPHHPPHHPHHHHPPPHPHPHPHHHHHH
537,HHPPPHHHPHHPHPPHHHPHHHPHHPHHHP
538,PHPHPPHHHHHHPHHPPHHHPHHHHHHHHP
539,PPHHPHHPPHHHPHHHHHHPPHPHPHHHHP
540,HHHHHHPHHHHHHHHPPPHPHPHHHPHHPP
541,PPHHHHPHHHHPHHHHPPHPPHHHHHPHHH
542,PPHHHHPHHHHPHHHHHPHPHHPHHPPHHH
543,PHPPHPPHPHPPHPHHHHHHHHHHPHHHPH
544,PHHHHPHHHPHHHHHHPPPHPPHPHHPHPH
545,HHHHHHHHPHHHPPHPHHPHHPHPPPHHHH
546,PHHPPPHHPHHHHHHPHHHPHHHHHHHPPP
547,PHHHPHHPHPHHPHHHHHPPHHHHPHHHHP
548,PHPPPHPHHHHHHHHHHHHHPPHHHHHPHP
549,PHPHPHHPHPHHHHHPHPPHHPHHHHHHPH
550,HHHHPHPHHHHHHPHHHHPPHHHHPPHHPP
551,HHPHPHPHHHPHHPPHPHHPHPHHHHHHPH
552,PHHHHHHHPHHPHPPHPPHHHHHPHHPHHH
553,HHHPPHHHHPHHPPHPHHPHPHHHHHHHHP
554,HPHPHPHHHPHHHHHPHHPHHPHHPHHHPH
555,PPPHPPHPPHHHHHHPHHHHHPHHHPPHHH
556,HHHHPHPHHHPPHPHPHPHHPHHPHPHHHH
557,HPHHPHPHPHHHHHHHHHHPHPHHPHPPHP
558,PHPPPPHHHPPHHHHPHHHHHHHHHHHPHH
559,HHPHHHHHPHHHHPPHHPHHHPHPHPHHHP
560,HPPHHHHHHPHHPPHPPHHHPPHHPHHPHH
561,HPHPPPPHHPPHPHHHHHHHHHHPHHHHHP
562,HHHPHHPHHHHPPPPHHHHHPHHHHHPPHH
563,HHPHPHPHHPPHHHHHHHPHHHHPPPHHHP
564,HPHHHHHHHPHHPPHHHHPPHHHPPPHHPH
565,PPHHPPHHHPHHHHHHHHHPHPHPHHPPHH
566,HHHHPHHPPHHHHPHHHHHPHHPPHPPPHP
567,HPHPPHHPPHHHHHHPHHPHPHHHPHPHPH
568,HHHHPPHPHHPHHHPHHPHPHHHHHHPHPH
569,HHHPHPHPPHHHPHHHPHHHPHPHHHPHHH
570,PHHHHPHPHPHPHHHHHHPHPHHPHHHPHH
571,HHPHHPHPPHHPPHHHPHHHHHHHHPPPHH
572,HHPHHHHPHPHHHPHPPPPHHHHHHHHHPP
573,HPPHPHHHHHPHHHHHHHHHHHPHPPHHPP
574,HHPHHPPPPHHHHPHHHPHHHHPHPHHHHH
575,PHHPHPHHPPHHPHPHPPHHHPHHHHPHHH
576,HHPHPHHHHPHHHPHHPHPHPHHHPHPHHP
577,HHHHHHPHPHHPHHHHPHPHPHHPHHPHHP
578,PPPHHPHHHHPHPPHHHHHHHHHHPHPHHH
579,HHHHHPPPPHPHHHPHHPHHHHPHHHHHHP
580,PHHHHHHHPHHHHHPPPPHHHPPHPPHHHH
581,PHPHHHPHHHHPHHPHPHPHPPHHHHHHPH
582,HPPHPHPHHPHHHHHHHHHHHPHHPHPPPH
583,HHHHHPHPHPHPHPPPPHHPHPHHHHPHHH
584,PHPPHHHHHHHHPPPPHHHPHHHHHHPHHH
585,HHHPHPPHHHHHHPHPHHPPHHHHHPHHPH
586,PPHHHHPHHPHPPHHPPHPHHHPHHHHHHH
587,PHPPPHHHHPHHHHPPPHPHHHHHHHHPHH
588,HPHPHPPPHHHHHHPHHHHPHHHHPHHHHP
589,HPHHHHHHPHHPPHHHHPHPHPPPPHHHHH
590,HHHHHHHPHHPPPHHHPHPHHPPPHHHHPH
591,HPPPHHHHHHHPHHHPHHHPPPHPHHHHHH
592,HHPHHHHPPHHHHPPHPHHPPHPHHHHHPH
593,HHHPHHPHHPHHHHPHHHHPHPHHHHPPPH
594,HHHHHPPHHPHHPPHPHHPPHHHPHHHPHH
595,HHHHHHPHHPHPHHPHHPHPHPHPHPHHHH
596,HHHPPHHHHHHPHHPHHHHPPHPHPPHHHH
597,HPHHHHPHHHHHHPPHHPPPPHPHHHHHHH
598,HHHHHHHPHHHPHPHHHHPPPPHHPHPPHH
599,HPPHHHHHPHHPPHHHHPHHHHHPPHHPHH
600,PPHHPPHHPHPHHHPPHHHHHHHHHHHHPH
601,HPHPHHPPHHHPPHHPHPHHHHHHPPHHPH
602,HHHHHHPHHHPHPHHHHHPHPHPPHPPHPH
603,PHHHPHHHHHPHPPPHHPHPPHHHPHHHHP
604,HHHPPHPHHPHPHPHHHPHPHPHHHHHHPH
605,PPHHPHPPHHHPHHHHHHPHHPHHHHHHPH
606,PHHPPHHHHHHHPHHPHHHHPHPHPHPPHH
607,HHHHHPHPHPHPHPPHHHPHHPHPHPHHHH
608,HHHPHPHPPHHPPHHHHHPHHHHHPHHHPP
609,HHPHHHPHHHHHHPHHHHPPHPHPPHHPHH
610,HPHHHHHPHPPHHPPPPPHHHHHHHHHHHH
611,PHPHHHPHHHHPHPHPPHHHHHHPHHHHHP
612,HHPPHPHPPPHPHHHHHHHPHPHHHPHHHH
613,HPHPHHHHHPHHHPHHPHHPHPPHHHPHHH
614,PHPHHHPPHHHHPPHHPHHHHPHHHHHHHP
615,PHHPPPHPHHPPHHHHHHHHHPPHPPHHHH
616,HHHHHPHHHHHHPHPHHPPHPPPPHPPHHH
617,HHHHPHHHHHPHHPHPHPHHPPHPHPHHPH
618,HHPPHPHPHHPHHHHPHPPHHPHHHHHPHH
619,HHHHHHHHHPPPPPHHHPHPHHPHPHPHHP
620,PPHHHHHPHPHHHHPPHHPHHHHHHHPHPH
621,HHHHHPHHPPPPHHHHPPHPHHPHHPHHHH
622,HPHPHPHHPHPHHPHHHPHHPHHHHPPHHP
623,HHHHPHHHHPPHPHPHHHPPHHPPHPPHHH
624,PHHHPHHHHHHPHHHHPPPHPHPHPPHHHP
625,HHPHHHHHPPHHHHPHHHPHPHHHHPPHPP
626,PHHPHPPHHPHHHHHHPPHHPHPPHHHHHH
627,PPHHPHPPPPHHHHHHHPHHHHHPHHHHPH
628,HHPHPHHPPPHHPHHHHPHHHHPHHHHPHP
629,PHHHHHPPHHHHPPHHHHPHPHPHPHHHHH
630,HHPPHHPPPHHHHPHHHPHHHPPHHHHPHP
631,HHHPPHPHHHHPHHHPPHHPHPHPHHPHHP
632,HHPPPHHHPHHPHPHPHHHHHHHHPPHHHH
633,HHHHHPPHHHHHPHHHPHHHHPPHHHPPHP
634,PPPPHHPPHHHHPPHHHPHHHHHHPHPHHH
635,HPHHHPHHHHPHHHPPPHHHHPPHHPPPHH
636,PHHPHPHHHHHHHPHHHHPHPPPPHHPHHH
637,PHHHPPHPPHHHPHHPHPHHHHHHHHHHPH
638,HPHHPPPHPHPHPHHHHPHHHHHHHHHHPH
639,PHHHPPHHHPHHHHPPHHHHPHHHHPHHPH
640,PHHHHHHPPHPHHHHHHPHHHHHHPHPHPP
641,PPHHHHHHHHHHPHHHHHPPHHPHPPHPPP
642,HPPHHHPHHHHPPPHHHPHHHHHHHPPHHP
643,HHHHHPHPHHPHPHHHPHPHPHPPHHHHHP
644,HPHHHHPHHHPPHHPPHHHHHHHHPHHPHP
645,HHPHPHHHPHHHPHPHHPHHPHPHHPHHHH
646,PHHHHPHHPPPHHHHPHHHHHPHPPHHPHH
647,PPPHHPHHHHHHHPHPHHHHHHHPHPPHHH
648,PHHPPHPPHHHHPPHHHHHHHPHPPHHHHH
649,PPHPHPHPPHHHHHHHHHHHPPHPHPHPHH
650,HHHPPPHHHPPHHHHHPPHHPHHPHHPHHP
651,PPHHHHHHPHPHPPPPPHHHPHHPHHHHHH
652,HHHHHHPHHPHPHHPHHHHPHPPPHPHPHH
653,HHHHHHHHPPPHHPHHHHPPHPHPHPHHHH
654,HHPPPHHHHHPHHHHPHPHHPPHHHPHHPP
655,PPPHHHHHPPHHHHHPPPHHHHHPHHHHHH
656,HHPHHHHPHPPHPHHHHHHPHHHPPHHHHP
657,HPPHHHHHPHPHPPHHHHHPHHHHHPHHPH
658,HHHPHPHHPHHHHHPHPHPHHHHHPHPPHP
659,PPPHHHHPHHPHHHHHHHPHHPHPPHHHPH
660,HHHHPHHPPHPHPPHHHHHPHPPHHPHHHH
661,HPHHHPHHHHPHHHHHPHHPHPPPHHHHPP
662,HHHHHHHHPHHPHPHPHPPPHHHHHPPHHP
663,PHHHPHPHPPHHHPPHHHHHHPHHHHPHHH
664,PPHHHPPPHHPPHHPHPHHHHHHPPHHHHH
665,PHHHHPPHHHHPHPPHHHHHHHHPHHPPHH
666,HHHHPHHPPPPHHPHHPHHHPHHHPHHHHP
667,PHPPHHPHHHHHPPHPHHHHHHPPHHHPHH
668,HHHHHHHHPHPHPHPPPPHHPHHPHHHPHP
669,PHHHHPHHHHPHPHHHHPHPPPPPHHPHHH
670,HHHPPHHPPHHHHHHHHHHHPPHHPPPHHH
671,PHPHPHHHPHPHHHPHPHHHHHHHHHPHHP
672,HPHHHHPPPHHPHHHHHPHPHPHPHHHHHH
673,HHHHHHHPHPHPPPHHPHPHPHHPHHPHHH
674,PHHHHPHPHHPHHHHHPPHHHHHHPHPHPH
675,PPHHHHHHPHHHHPPHHPHHHHPHHHPHPH
676,HPHPHHHHHPHHPPHHPHHHHPHPPHPPHH
677,HHHPHHPHHHPHHHHHPPHHHPHPPHHHHP
678,HPPPPHPPHHHHHHHHPPPHHHHHHHHHHH
679,PPHPHPHPHHHHPPHHHHHPHPPPHHHHHH
680,HHHHHHHHPHPPHPPHHHHPHHPHPPHHHP
681,HPPHHHHHHPHHHPPHHHHHHHPPHPPHPH
682,HHHHHPPPPHPHHPHHHHPHHPHPPHPHHH
683,PPHHHPHPHPHPHHHHHHHHHHPHPHHPHH
684,HHHPPHHPHHHHHHHHHHHHPPHHPPPPHP
685,HHHPPHHHHHHPHPPHHHHHPHHPHHHPHP
686,PHHHPHHPHHHHPHHPPHHHPHHPPHHPHH
687,HHHPPHPHHHHHHHHHHHHPPHPHPHPPHP
688,HHPPHHHHHHPHPHHHPPPPPHHHHHHHHP
689,HPHHHPHHHHHPHHPPHHPHHHPPHHPHHH
690,HPPHHHPPHHHHHHPHHPHHPHHHPHPHPP
691,HHHHPPHPHHPHPHPHPHHHHPPHHPHHHH
692,HHPPHPHHHPHPHHPPHHPHPHPHHHHPHH
693,HPHPPHPHHPHHHHHPHHHHHPHPHPHHHH
694,HHHHHHHPHPPPPHHHHPPHHPPHPHPHHH
695,HHHHHHPHHPPPPHHPHHHHHHHPHHHHPP
696,HPHHPPHHHPHPHHHHPPHHPHHHHHHPHH
697,HPHHPHHHHPHPHHPHHPHHHHHPHPPPPH
698,PPHPHHHHPPHHHPHHHHPHPHHHPHHHHP
699,HHHHPHHHHHHPPHHHHHPHHPPHPPPPHH
700,HHHHHHHHHHPHHPHPHPHPHHHHPPHPPH
701,HPHPHHHHHHHPHHPPPHHHPHPPHHHHPP
702,HPPHHPHHHHHHHPPHHHHHPPHHHPHPHH
703,HHPHPPHHPHHHHHHPHHPHHHPHHHPPHH
704,HHPPHPHPHHHHPPPHHHHPPHPHHHHHPH
705,HHHPHHHHHHPHHPPHHHHPPHHPHHHPHP
706,PHHHPHPHPPPHHPHHHPHHHHHHPPHHHH
707,PPPHHPPPHHHPHHHHHHHHHPHHHHPPPH
708,PPHHPHHHPHHHHPHHPHHHHHPPHPHPHH
709,HPPHPPHHHHHHHPHHPHHPHHPHHHHPPH
710,HPHHPHHHHHHHPPPHHHPHPHPHPHPHHH
711,PHHHHPHPHHPHHPPHHHHHHPHHPHPPHP
712,PHPPPHHHHHHHPHHHHPPHHPHHHHHHHP
713,HPHPHHHHHPPHHHPHPHHHHPPHPHHPHH
714,PPPHHPHHHHHHHPPPPHHHPHHHHPHHHP
715,HHPPHPHHPHHPHHHPHHHHPPHHPHHPHH
716,HPPHHHHHHHHHPHPHHPPHHHHPHPPHPP
717,HHHHHPHPHHHHHHHPPPHHHHHPHPPPHH
718,HPPPHPHHHPHHHHHHPHPPHHHHHHHPHP
719,PHHHHPPHHPHPPHHHPHHHHPHHPPHHPH
720,HHHHHHHHHPPHHPHPHPHHHPHHHHPPPP
721,PPHHHPHPHHPHHHPHHHPHHHPHHHHPHH
722,HHPHPHPHHPHHHHHHPHHHPHHPPHPPPH
723,HHHHHHHPPHHPPPHPPHPHPHHHHHHHHH
724,PHHPPHHHHPHHPHHHHHPHPHPHHHHHPH
725,HPPHPHPHHHHHPHHHHHPHHPPHHHHPHP
726,HHPPHHPHPPHHHHHPHHPPHHPHHHHHHH
727,HPHHPPHPPPHHHPHHHHHHHHHHHHHPHP
728,HHHPHPHPHHPPPHHPPPHHHHHHHHHHHH
729,PPPHPHHPHHHHPHHPPHHPHHPHHHHHHH
730,PHHHHHHHPHHHHHHPPHPHHHHPHPHPHP
731,PHHPHHHHPHHHPHPHHHHHHHPPHHPHPH
732,HHHPPHPHHPPHHHHHPHHHHHHHPHHPPH
733,HHHPHHHHPHHPHPPHHHHPHHPHHPHHPH
734,HPPHHHHHHPPHPHPHPPHHHHHPHHPHHH
735,PPHPHHHPPHHHPHHPPHHHHHHHHHHHPH
736,HPHPPPHHPHHHHHHHHPHHHHPHHPPPPH
737,PPHHHPHHHHPPHHHPHHPHHHPHHHHPHH
738,PPHHPHPHHPHHHHHPHPHHHPPHHHHHHH
739,HHHHHHPPHHPHPPPHHHHHPPHHPHHPHP
740,PHHHHHHHHHHPPHHHHHPHPHPHHPHPHP
741,HHHPHPHHHHHPHHHHHHHPHPPHHHPPHP
742,HHHHPHPHHPHPPHPPHHHHPHHPHHHHHH
743,PHPHHHHHHPHPHPHHPHPHHHPHHHHHHP
744,HHPHPHHPHHPHHHHHHHHPPHPHPHHHHP
745,HPHHHPHPHHPPHHHHPPPHHPHHHHHHHH
746,HPPPPPPHHPHHHPHPHHHHHHHHHPHHPH
747,PPHHHHPPPHHHHPHHHHHPHHPHHHHHHP
748,HHHHHHHHHHHHHHPHPPPPHHHHPPPPHH
749,HPHPHHHHPHPHPHPHPPHHHHHPHHPHPH
750,HHPHHPHPHHHPHPHPHHPHHHHPHHHPPH
751,PHHHHHHHPHHHPHHHHHHPHHHPHHPPPP
752,PHPHHPHHHPHHHHHPHHPPHHHHHHPHPH
753,HHHPPHHPPPHHHPHHHPHHHPHHPHHHPP
754,PPHPHHHPHHHHPPPHHPHHHPHHHHPHHH
755,HHHPPPHPHHHHHPHHHHPHHHPHHHHPHP
756,HHHPHHPPHPHHPHHPHPHPPHHHHHHHHH
757,PPHHHHHHHHHPHPPHHPHPHPHHHHHHPH
758,HPHHHHHPHHHHHHPHPHPHHPPPHPHHHH
759,PHHHHPHHHHHHHHHHPPHPPPHHHHHPPH
760,HHHPHPHHHHHHPHHHPPHHPHHPHPHHPH
761,HPHHHHPHPHHPHHPPHPHHHPHHHHHPHP
762,HHHHHHHHPHPHPPHPHHHPHPHHHHHPPP
763,HPHHHHHHHHPPHPHHPPHHHPPPHHHPPH
764,PHHHHPPHPHHHHHHPHPPHHHHHHHHPPH
765,HHHPPPHHHPPHHPHHHHHHPHPHHHPHHH
766,HHPHHPHHPHHHHHPHPHHHHPPHPHPPHH
767,HHHHPHPHHPHHPHHPHHPPHPHHHPHPHH
768,PHHHHHHPPPHHPHHHPHHHHHHHHPHPPP
769,PPPHHHHHHHHHHPPHHHHHHHHHPPHPHP
770,HPHHHHHPPPHHHHPHPPHHHHHHHHHPPH
771,HHPHHPHPPHHHHHPHPHHPPPHHHHHHPH
772,HPHHHHHPPHHHHHHHPHHHPHPPPHHHHP
773,HHPHHPHPHHPHHHHHPPHHHHPPPHHHHH
774,HPHPHPPPHPHPHHHPHPHHHPHHHHHHHH
775,PHPHHPHPPHHHHHHPHPHHPPHHHHHHHP
776,HPHHHHHPHHPHHHHHHPPPHHHPHPPHPH
777,PHPHHHHHHHPHPPPHHPHPHHPHHHPHPH
778,PHPPPHHHHHHHHPPHPPHHHHHHHHPPPH
779,PPPHHHPHHHPHPPHHHPHHPPHHHHHHHP
780,HHHHPPPHPHHHPHPHHHHPHHHPPHPPHH
781,PHPHHHHHPHHPHPHHPHHHHHHHPHPPHH
782,HPHHPHHPHHHHHHHHHHPPPHHHHPPPHP
783,HHPHPPPHHHHHHHHHHPHHHHHPHHPHPP
784,HHHPHHHHPHHPHHPPHPHHHHHPHPPHHH
785,HHHPHPPHHHHHHPHPHHHPHPPPHHPHHP
786,HHHHPHHPHPHHHHPHPPHHPPHPHHHHHP
787,HHHHHPPHHPHPHPPPHPHHHHPHHHHHHP
788,HHHHPPHPHHHHHHPPHHPHHPHHPHPHPH
789,HHHPPHPPPHHPHHHHHHHPHHHHHPHHPH
790,HHHHHHHPPHHHHHHPPPPHPPHHHHHHPH
791,PPPHHHHHHPHPHHPPPHHHHHHPPHHHHH
792,HHPPPHHPPHHPHHHPHHHHHHHPHPHHPH
793,HHHHPPPPHHHHHPHHHPHHHPPHHHPPHH
794,PHPPPHHHHHHHHHHHPHHPHHHHHPHPPH
795,HHHHPHHPHPHPPHPHPHHHPHHHPHHHHH
796,PHHHHHHHHHHPHPPHPPHPPHHHHHPHHH
797,PHHHHHHPHPPHHPPHHPPHHPHHHHHHHP
798,HHPPHHPHHHPPHHHPPHPHPHHPHHPHHH
799,PPHHPHHHPHHHPHPHHHHHPPHHHHHPHH
800,HHPHHPHPPHHPHHPHPHHPPHPHHHHHHH
801,PHHHHHHPHHHPHHPPPPHHHPHHHHHPHP
802,HHPPHHHPHHPPHHPHPHHHPHHPHHPPHH
803,HHHHHHPHHHHPHPHHPPPPHPHHHHPHPH
804,HHPPHPHPHHHHHHHPHPHHHHHHPPHHHP
805,PPHHHHPHHHPPPHPHHHHHPHHPHHHHPH
806,PHHHHHPHHPPHPHHPHPPHPPHHHPHHHH
807,PPHHHPHPPPHPHHHPHHHHHHPHHPHHHP
808,HPPHHPHHHHPHPHPPPHHHPHPHHHHHHP
809,HPHHHHHHHPHPHHHHPHPHHPPPHHHPHH
810,HHPPHHPHPHHHHHHHHHHHHPPHHHPHPP
811,HHHPHHHPPHHHPHHHPPPPHPHHHPHHHH
812,PPHHHHPHHPPHHPPHHHHHHHHHHHPPPH
813,PHPPHHHHPPHHPPPHHHHHHPPHHHHHHH
814,HHHPHHPHHHHPHPHPHPPHPHHHHPHHHP
815,PHHHPPHPHPHHHPHHHPHPPPHHHPHHHH
816,HHPHHHHPPHHPPHPHHHHHHPHHPPHHPH
817,HHHPHHHHHHHPPPHPPHPHHHPHHPHHHH
818,HHHPHHHHHHHHPPHPHHPHHHPHPPHHPH
819,PHPHPHHHPHPHPPPHHHHHHHHHHHHHHP
820,HHHPHHHHPPPHHHHPPHHPHHHHPHHHPH
821,PHHHPHPPHHHPPPHHHHHHHPHHPHPHHH
822,HHPPPHPPPHHPHHHPHHPPHHHHHHHHHH
823,HPPHPPHHHHHHHHHPPHHHHHPHPHPPHH
824,HPHHPHPHHHHPHHPPHPHPHHHHHHHHHP
825,HHHHHPHHPHHPPPPHHHHHHHHHPPHPPP
826,HPPPPPHHHHHHHPHHHHHHPHHPPPHHPH
827,PHHPHHPHHPHHPPHHPHHHHPPHHHPHPH
828,PPHHHHHHHHHHPHHHPPHHHHPPPPPHHP
829,HPHHPHHHHPHPHHHHHPHPHHHPPPHHPH
830,PHHHHHHHPHPHPHPHPPHHHPHHPHPHPH
831,HHHPHHPHHHHPPPHHPHHHPPPHHHHPHP
832,HHHPPPPHHHPPHHHPHHHHHHHHPHPHHP
833,HHHHPPPPPPHPHHHHHHHHHPHPPHHHHH
834,HHPHHHHPPPHPHPPHHHHPHHHHPPHPHH
835,HHHPPHHHPPHHHHHHPHHHHPHHPPPHHP
836,PHHPHHHHHPHHHPHPHHPPHHPHPHHHPH
837,HHPHPHHPHHHPHHPHHHPPHHHHHPPHHP
838,PHHHPHHHPHPHHHHHHPHHHPPHPHHPHH
839,PHPPPHHPHHHHHHHHHPHHPPHHHHHHHP
840,HHHHPHHHHHPHHHPPHPHHHPPHPHHHPH
841,PHHPHHPHPHPHPHPHHHPHHHPHHPHHHH
842,HHHHPPPHHHPPHPPHHHHPPHHHHPHHHH
843,HHPPHHHHHPPHHPHPHHPPHPPPHHHHHH
844,HHPHHHHHHPHHPHPPHHPHHHHHHPPPPH
845,HPPHHPHHHHHPPHHHPPHHHPHHHHHHPP
846,HHHHHHHHPPPHHHHPPPHHPHPHHPPHPH
847,HHPHPHHHPPHHPPPHHHHPHPPHHHHHHH
848,HHHHHHHHHPHHHHHHHPPPHHPHPHPHPP
849,HPPHHPPHPHHHHHHHHHPHHPHHHHPHPP
850,HHHPHPHHHHHPHHPHHHPHHHPHPPPHHH
851,HHPHHHPHHHPPPHHHHHHPPPHPPHHHHH
852,HHPHHPHHHHHHHHPPPPPHHHPHHPHHPH
853,HPHHPPHPHHPHHPHHPPHHHHHPHPHHPH
854,HHHHPHPHHPHHPHHHHPHHHPPPPHHPHH
855,HHHPPHHHPHHHHHHPHHHHPHHHPPHPPP
856,PHPPPHPHPHPHHHPHHPHHHHHHHPPHHH
857,HHHHPHPHPHHPPHHPHHHHHHHHPHPPHH
858,PHPHPPHHHHPHHHHPPPHHHHPHHHHHHH
859,HPPHPHHHPPHHHHPHPHHPHPHHPHHHHP
860,PHPHHHPHPHHPHHHHHHPPPHHPHHPHHH
861,HHPPPPPHPPPHHHHHHHHPHHHPPHHHHH
862,PHPHHHHHHPHHHHPPHHPHHHHPHPHPPH
863,PHHHHHHHHPPPHPPHPHHHHHHHHHPHPH
864,PHHHHHHHHPHHHPHHPHHHPPHHPHHPHP
865,HHPPHPPPHHHPPHHHPHHPHHHHHHPHHH
866,HPHHHHHPHHHPHHHHHHPHHPPHPHPPPP
867,PHHPHHPHPPHHHHHHHPHHPHHPHHHHHP
868,HPHPHHPPHHHPPPHHHPPHHPHHHHHHPH
869,HPPHHPHPHHPPHPHHHHHHHHPHHPHHHH
870,HHHPHPHHHPPHPPHPHHPHHHHPPPHHHH
871,HHHHHPPHHHPHHHHHHHPPHHPHHPPPPP
872,HHHHPHHHHPHHHPPHHPHPHPHPPHHHHH
873,PHHPHHHHHHHHPPHHPHPPPHHPPHHPHH
874,HHHHPPHPHHHPHHPHPHHHPHPHHHHPHP
875,HPPPHHPHHHPHPHHPHPPHHHHHHHHHHH
876,HHPHHPHHHHHPHHPPPHPHHHPHPHPHPH
877,HHPHHHHPHPPHHHPPPHHPPHHHHHHPHP
878,HHHPPHPHHHPHHHHHHHHHHPPPPPHHPH
879,PPHHHPHHPHHPHPHPHPHHHHPHHHHHPH
880,PPHPPPHHPHHPHHHHPHHPPHHHHPHHHH
881,PPHHHHHPPPHHHPPHPPPHHHHHHPHHHH
882,HHHPHHPHPPHHHHPHHPPHHHHHHPPPHP
883,HHHHPPHHHHHHHPHHPPHHPHPHHHPHPH
884,HHPHPHPHHHPHHHHHHPPHHPHHHHHHPP
885,HPHHPHHHHHHHHHPHHHHHPPHPPPPHPH
886,PHHHHHPHHPHHHPPHPHPHHPHHHHPPHH
887,HHHHHHHHPHHHHPPHPPPHPHHHPHHHPH
888,HHHPHHHPPPHHHHPHHPHPPPPPHHHHHH
889,PHHHHHPHHHHHPHHHHHHHPHPPPPHPPH
890,HHHPPHHHHHPHHPHPHHHPPHHPHPPHPH
891,PHHHHHHHHPHHHHHHHHHHPPHPPHPHPP
892,HHPHHHPHHHPPPHHHHPHHHPPHHHHPHH
893,HHHPHPHPHHPHHPHHHHPHPHPHHHPHPH
894,HHHHPPHPHHHHHPHHHHHHPHPPHHPPHH
895,HHHHHHPHHHPHPPHHHPHPHPHHPPPHHH
896,HHHHPPPPHHHHHHPPPHHHHHHPHPHHHH
897,HPHPPHPPHPHHHHPHHHHHHHHHHPPHPP
898,HHHPHPHHHPHHHHPHHPPHHHPHPHHHPP
899,HHHHPPHHPPHHHHHPPHPHHHHHHPHHPP
900,HPPHPPHPHHHHPHPHHHHHHHHPHHPHHP
901,HPHPHHHHHHPHHPHPPPPHHHPPHPHHHH
902,HPPHPHHHHHHPHHHPPPHHHPHPHHPHHP
903,HHPHHPHPHPHHHHPHHHPHPPPHHHHPHH
904,HHPPPPPHPHHHHHPHHHHHPHHPHHHHPP
905,HHPPHHHHHPHHHHHHPHPHHPPPHHHPHP
906,HHHPHHHPHHHHHPHHHPHHPPHPHPHPHH
907,HHHHHHHHPPPHPPPHPPHHHHHPHHHPPH
908,HHHPHPPHHPHHHHHHPHHHPHPPHHHHHP
909,HPHHHHPHPPPHHHHPHHHHHPPPHHHHHP
910,PHHHHPHHHHHHHHHHPHPHPHHPHPPPHH
911,PHHPHHHHPPPHHHHHPHHPHPHHHHHPHH
912,PPHPHHHPHHHHPPHPHHHHHHHPHHPHPH
913,PPPHPHPHHHHPPHHHPHHHHHHHPPHHHH
914,HHHPHHPHPHHHHPHHPPPHPHHPHHPHHH
915,HHHPHPPHHPHHHHHPHPHPPPHHHHPPHH
916,HPHPHHPHPPPHPHHHHHPHHHHHPHHHHH
917,HPPPHPHHHHHHHHHPHHHHHPHHPPPHHH
918,HHHHHHPHHPPHHHHHPPHPHPPHPHHHHP
919,HPPPHPHHHPHHPHHHPHHPHHHPPHHHPH
920,HHPHPHHPHPHHPHHHPHHHPHHPHHHHPH
921,HHPHPPPPHHPHHHHPPHHHHHHPHHHHHH
922,HHHPPHPHHHPHHHPHHHHHHPPHHPHHPH
923,HHHHPHHHHHPHHHPPHPHHHHHPPPPHHH
924,PPHHHHHHPHHPHHPHPHHPHHPPHHPPHH
925,PHHHPHPHHHHPHHHPHPHPPHPHHHHPHP
926,PHPPHHHHPHPHPHHHHPHHHHHPHHHPPH
927,HPHPHHHPPPPPHHHHPHPHHHHHHHHHHP
928,PPHHHPHHHHPPHPPHHPHPHHHHHHPHHP
929,HPHPPPHHPHHHHHHPPHHHHHPHHHPHHH
930,HPHPHHHHHHHPHHHHHHPHPHPPPHPPHP
931,HHHHHPHHHHPHPHHHPHPHPHPPHHHPHP
932,PHHPHHHHHHHHPHHHPHPHPHPPPPHPHH
933,HHHHHPHPHHPPPPHHHHHPHPHHPHHPHP
934,HPHHHPHPHHHHHPPHHHPHHHHHPHPPHH
935,HHHHPHPHHHPPHHPPHHHHPPHHPHHHHP
936,HHPHHPHHHHHHHHHHPPHHHHPHPPPHHP
937,PHPHHHHPPPHPHHHHHHHPPHHHHHHHHP
938,HHPHHPHHPPHPHHHHHHPHHPHPPPPHHH
939,HHPPPPPHHHPPPHHPHHHHHHHHHPHHHH
940,HPHHPHHHHHPHPHHPHHHHHHPHPPHPHH
941,HPHHPPHHHHHHPHHPPHPHPHHHPHHHPH
942,HHHHHPPPHHHHPHHPPHHPHPHHHHHHPP
943,PPPHPHHPHHPPPHPHHHHHHHHHHHHHHH
944,HPHPHHHPHPHHPHHHPHHHHHPHHPHHPH
945,HHHHPHHPHPHHHHHHHPHPPHHHPHPPPH
946,HHHPPHHHHHHPPPHPHHHPHHHHHPHHPH
947,PHHHHHHHHHPHHHPPHHPHHPPPHPHHHP
948,PHHHHPHPPHHHPHHHPPPPHHPHHHHHHH
949,HHPHHHHHHPPHPPHHHHPHHPPHHHHPHH
950,HPHHHHPHHHHHHPHHPPPPHHPHHPHHHH
951,HHPPHPHPHPHPHHPPHPPHHHHHPHHHHH
952,PPHHPPHHHPHPPHHPHHHHHHHHHPHPHH
953,PHPHPHPHHPHHHHHHPHHHHPHPHHHPHH
954,PPHHPHPHHHPPHPHPHPHPHHHHPHHHHH
955,HPHHPHHHHPPPHHPHPHHHHHHPHHPPHH
956,HHPHHHHHPHPHPPHHHPHHPPHHPPHHHH
957,HHHHHHPPPPPPHHHHPHHHHHPPHHHPHH
958,PHPPHHHHHHPPPHHHHPHHHHPHHHPHPH
959,HPHPPPHHHHHHHHHPHPHHHHPHPPHHPH
960,HHPPHPHPHPHHHHHPPHPHPHHHPHHHHH
961,PHHHPPHPHPPHHPHHHHHHHHHHPPHHHH
962,PHHHHHHHHHHHPHPPHHPPPPHPHHHPHP
963,PHHHPHHHPPHHPPPPHHPHHPHHHHHHHH
964,PHHPHHPHHPHHHHPHHHHHHHPHPPPHHH
965,PPPHHHHHHHPHHHPHPHPHPHHHPHHPHP
966,HPPHHHPHHPHHHHPHHPPPPHPHHHHPHH
967,HHHHHHHPPPHHHHHHHPHHPPPHPHHPHH
968,PHHHHPPPHHPPHHPPHHHHHHHHHHPHPH
969,HPPHHHHPHHPHPHHPHHHHPHPHHHHHHP
970,PPPHHHHHHHHHHPHHPPPHHHPPPPHHHH
971,PPHHHHPHHPHHHHPHHHPHPHPHHHPHHH
972,PHHPHPPHPHHHHHHHPHHHHHPHHHPHHP
973,HPPHHHHHPHHHPPPPHHHHHHHPHHHHPH
974,HPHPPHPPHHHHHHHHHHHHHPPHPPHPHH
975,HPPHHHHHHPHHPHHHPPHHHPHHHPHHHP
976,HHHPHHHHHHHHHPHHHHHPPPPPPHHPHH
977,HPHHHPPPHHHPHPHHHHHHHPHPPHHHHH
978,HHPHHHPHHHPHHPHHPHPPHHPHPPHHHH
979,HHHPHHHPHHPPHPHPHHPPHHHPPHHHHH
980,HPHHHHHPHHPHHPHHHHHPPPHHHPHPPP
981,HHPPPHPHHHHHHPHHHHPHHPPHHHHPHH
982,HPHHHHPHPHHPHPHHHHHHHPPPHHPHHH
983,HPPHHHPHHHHHPPHHHPPHHPPHHHHPPH
984,HHHPPHPHPHHPPHHHPHHHHPHHHHPPHH
985,PPHHPHHHHHPPHHPHHHHHPHHPHHPHPH
986,HHHHHHHPHPPPPHHHHHHHHHHHPHPHPP
987,HHHHHPPPHHHPHHPHHPPHHHPPHHHHHP
988,HHHHHPPPHPPPHHHHHHHPHHHHHPHHPH
989,HPHHHHHHPPHPHHHPHHPHHPHHHHHPPH
990,PHPHHPPHPHHPPHHHHHHHHHPHHPHHPH
991,HHPPHHPPPPHHPPHHHHHHHHHHPHPHHH
992,HHPHPPPHHHHPPHPHHHHHHHPHPHPHHH
993,HHHHHHPPPHHHHHHPHHPPHPHPPPPHHH
994,PHPHHHHHHHPPPHHHHHHHHPHHPPPHHP
995,HHHHPPHHPHHPHHHHPPPHPHHPHHHPHH
996,PPPHHHHPPPPHPHHHHPHHHPHHHHHPHH
997,HPHHPPHPHHHHHHHHHPHPHHHHPPPHHH
998,HPHHHHHPHPPPHPHHHHHHHHPPHHHPHH
999,HPPHPPPPHPHPHHPHHHPHHHHHHHHHHP
1000,HHHHHHPPHPHHHHHHHHPHPPHHHHHPPP
1001,HHHHHPPPPPPPHHPHPHHHHHHHHHHHHP
1002,PHHHHPPHHHHHHPHPHPHHHHHHHPPHPH
1003,HHPPHHHHHPHHPHPHHHHHHHPHPHPPHP
1004,HHHPPHHHPHPHHHHPPPPHPHHPHHHHHP
1005,HHPHPHPHHPHHHPHHHPPHHHHPHHHHHP
1006,HHHHHHPPPPHPPHHHHHPPPHPHHHHHHP
1007,HPHHPHHHPHHPHHHPHPHPHPHHHPHHHH
1008,HHPHHHHPPHPHHHHHPHHPHHHPPHPPHH
1009,PPHHPHHHPHPHPHHHHHHPHPHHHHPHHH
1010,PHHHPHHHHPHPHHHHHHHHHPPHPHHPHP
1011,PHHHHHHHHPPHPPHHPHPHPHPHHHPHPH
1012,PHHHPHHHPPHHPPHHHHHHHPPHHPPPHH
1013,HHHHPHHPHPPHHHPHHPHPHHHHHPHHPH
1014,PHHPPPHPPPHHHPHHPHHHHHPHHHHPHH
1015,PPPHPHHHPHHHHHPHHPPPPHHHHHHHPH
1016,HPHPPHPPHHHHHHHPPHPHHHPHHHHHHH
1017,HHPPPPPPHHHHHHHHHPPHHHHHHHPHHH
1018,HHHPHPHPHHHHHPHHPHHPHHHPHPPHHP
1019,PPHHHHHHHHHHPHPHHHHPHPHPPPPHHP
1020,HHHPPHHHPHPHHHHHHPHHHPHHPPHHPP
1021,HPHHHHPHPHHHPHPHHHHPHHPHPHPHHH
1022,HPHHHPHHPPPHPHHPHHHHHHPHHHHHHP
1023,HHHHHHHPHHPHHPHHHPPPHPPHHHHPHH
1024,HPPHHHHPHHPPPPPHHPHHHHHHHPHHPH
1025,PHPHPHPHPHHPHHHHHHHPHHPHHHHHPH
1026,HPHHPHHPHPHHHHHHPHPPHHHHPHHPHP
1027,HHPHHHHHPPHHHHPHPPPHHHPHHPPHPH
1028,HPPHHHHHHHPPHHHHHPHPPHHHPPPHHH
1029,HHHHHHHHHHHPPHHHHPHPPPHPPHPHHH
1030,HHPHHHHHPPHPHHPHHHPHHHPHHHPHPP
1031,HHHHHPPHHHPPHHHHPPPHPHHPHHHHHP
1032,HHPHPHHPHHHHHPHPHHHPPHPPHPPHHH
1033,HPPHHHHHHHPHHPPPPHPHPHHHPHHPHH
1034,PHPHHHPHHHPHHHHHHHHHHPHHHPPPPH
1035,PHPPHHHHHPHHPHHPPPHPHPHHHHHHPH
1036,PHHHPHHHPHPHHHHHPHPHHHHHPPHHPP
1037,HHPHPHHPHHPHHPHPHHPPPHPHHHHHHP
1038,HHHPHHPPHHPPHHHPHHHPHPHHPPPHHH
1039,HHHPPHHPHHHHHHPHHPHHHHPPPPPHPH
1040,HPHHHHHPPPPPHHPHHPHPHHHHPHHHHH
1041,PPPHHHPHHHPHPHHPPHHHPHHHHHHPPH
1042,PHHHPHHHHHHHPHHHPHPHHHHPHPPHHP
1043,PPHHHPHHHHHHHPHHHPHHHHHPPHHPPH
1044,PHHHHHPHHHPHPHPPHPPHHHHHHHPPPH
1045,PPHHHHPHHPPHHHHHHPHHHHPHPHPHPH
1046,PHHHPPHPHHHPHHHPPHHPHHHHHHHPHP
1047,PHHHPHHPPHHHHPHHHHHHHHHHPPPHHP
1048,HPHPHHPHHHPPPHHHHHHPHHHHHHPHPH
1049,HHHHHHPPPPHHPHHHPPPPHHHHPHPHHH
1050,PHHPHHPHHPPHHPPHHHHPHHHHPPHHHH
1051,PHHPHHHHHPPHPHHHHPHHPHHPHPHPHH
1052,HPHPPHHHHHHHPPHHHHPHPHHPHHPHHP
1053,HHHPHHPHHHHHHPPPHHPHHHPHHPHHHP
1054,HHPHPHHPHPPHHHHHHHHHHHPPHHPPHP
1055,HHHHHPPPHPPHHHHHHHPPHPHHPHHPHH
1056,PHPPHHHPHHHHPPHHHHHHHHHHHPPHHP
1057,HPPHPHHHHHPPHHHHHPPHHHPHHHPHHH
1058,HHHPHPPHHHPHHHPHHPPHPHHHHHPHPH
1059,PHHHHPPPHPPHHHHHPHHHHHPPHHHPPH
1060,PHHHHHPHHPHHHHHPPPHHPHHHHHHPHP
1061,HPHPHHHPHHPHHHHHPPPHHHHHHHHHPP
1062,HPHPPHHHHHPPPPPHHHHHHHHHHPHPHH
1063,HHHHHHPHHPPHPHPHHPHHHHHHPHPHHP
1064,PHPHPPHHHPHHPHPHHHHPHHPHHHHHHH
1065,HHHHPHHHPHPHPHPPPHHPHHHHHPHHPH
1066,PPPHPHPHPHHHHHPPHHHHHHHPHHPHHH
1067,HHPPHHHPHHHPPPHPHHPPHHHHHHPPHH
1068,HPHPPHPHHHHHPHPHPHHPHHHHHPHHHP
1069,HHPHPHHHHPHPPHHHPHHHHHHPHPPPHP
1070,HHPPPHPHHHHHHPHHHPPHHHHHHHHPPP
1071,HHHPHPHHPHHHHHPHHHHHHPHHPHPPPP
1072,HHHPHHHHPPHHPPPHPHHPHHPHHHHPHH
1073,PPPHPHHHHHPPHHHHHHPHHHPHHHPPHH
1074,HHPPPPHHPHPHHPHHPPHPHHHHHPHHHH
1075,PHPPHPHHHHHHHPHHHHPPHHPPHHHHHP
1076,HPPHPHHHHHHHPHPPPHHHHPHPHHPHHP
1077,HHHHHHHPHHHPHHPPPHHHHHPPHPHHHP
1078,PHHHHHHPHHHPHHHHPPPPHPHPHHHHHH
1079,HHHPPHHHHHHHPPHHHPHHPHPHPPHHPP
1080,HPHPHHHPHPHHHHHHPPPHHPPHPHHHHH
1081,HHHHPPHHPHHPHPHHHPPPPHHHPHPHHH
1082,HPHHHHHPHPPHHHPHHHPHPPHPPHHHHH
1083,HHHHHPHHPHHHHPPPHHHHHPHPPPHHHP
1084,HHPPHHHHPHHPHPHHHHPHPHHHHPPHHP
1085,HHHPHHHHPHPHPPPPHHHHHHHHPPHPHH
1086,PHHHHHPHHHHHPPHHPHHPHHPPHHPHHP
1087,PPHPPHHPHHPHHHHHHHHHPHHHHPPPPH
1088,HHPPHHHHHHPHPPHHHHPHHPHHHPHHHP
1089,PHHPHHPPPPHHHHPHHHHPHPHHHHPHHH
1090,HHHHHHHPPPHHHHHPHPPHHHHHPPPHPH
1091,PPHHHHPHHPHPHPPHPPPPHHHHHHHHHH
1092,PHHHHHHHPHHHHPHHHPPPHHPPHHHHHP
1093,HHPHHPPHPHPHPHPHHHHPPHHHPHHHPH
1094,HHHHPPHHHHPHHHHPHHPPHPHHHHHPHP
1095,HPHPHPHHPHHHPPPHHHHHHPHHHHPHHH
1096,HPPHHPPHHHPHPPHHHHHHHHHHHHPPHH
1097,HHHHHPHHHPPHPPHHPHHHPHPHPHPPHH
1098,HHPHHHHHPPHHHHPPPHHHPHHHHHPHPP
1099,HPPHHPHHHHHPPHHHHPHHHPHHHPPHHH
1100,HHHPHPHPPHHPHHPHHHHHPHHHPHHHPH
1101,HPHHPHPPPHHPHHPPHHPPHHHHHHHHPH
1102,HHPPHHPHPPPHPHHHHHHHHPHHHPHHHH
1103,HHPPHHHPHPHHHHHHPHHHHHHPHHPPPH
1104,HPHHPHHHHHPHPPHHHPHPHHHPHHHPPH
1105,HHHHPPHHPPPHPPHHHHHHHHPHPPHHHH
1106,PHHHHHPHPHPPPHPHHHPPHHPHHPHHHH
1107,HHHHHHPHHHHHPHHHPPHHPPHHHPHPHP
1108,PPPHHHHPHPHHPHHHHHHPHHHHPPPHHH
1109,HPHHPPHHHPHPHHPHPHHHHHHHPHPHHP
1110,PHPHPHPHPPHPPHHHPHHHPHHHHHHHHH
1111,HPPHHHHHPHHHHHPHPHHHHPHHPHPHHP
1112,PHHHPHHHHHPPPHPPHHHHHHHHPPPPHH
1113,PPHPHHHHHHPPPHHHHPHHPHHHHHPPHH
1114,HHHHPHHHHHPPHPPHHHPHHPHPHHHPPP
1115,HHHPHHPHHHPHHHHHHHPPPPHHHHPPPH
1116,HPHHPHHHHHPPPHHPHPPHHPHPHHHHHP
1117,HHHPPPPPHHHHHHHHHHHHHPHHPHPPHP
1118,PHHHHHPPHHHHPPHHPHPHHHHHPPHPHH
1119,HPPHPHPHPHHHPPHHPHPPHHHHHPHHHH
1120,HPHHHPPHHHPPHHPPPHHHHHPHPHPHHH
1121,PHPHPHPHHHHHHHHPHPHHHHPHPPHHPP
1122,HPHHHHPHPPPHHHPPHPHHPPHHHHHHHP
1123,PHHPPHHHPHHPHHHHHHPHHPHHHHPHHP
1124,HHPHHHHHPHPHPPHHHHPHHHPHPPHHPH
1125,PHPHPPHHHHHHHHHHHHPPHHHHHHPPPH
1126,HHHPHHHHPHHPHHHHPPHPPPHHHPHHPH
1127,PPHPPHHHHHPHPPHHHHHHPHHPHHHHHH
1128,HHHHHPHHHPPHHPHHHHHPPHPHHPHPPH
1129,HHHHHPPHHPHHHHHHPPPHHHHPHPPHPH
1130,HHPPHHPHHHHHHHHHHHPHHHHPHPPPPH
1131,PPHPPHHHPHPHHHPHHHHHHPHPHHHHPP
1132,HHPPPPPHHHHHHPHHHHHHHHPHPHHPPP
1133,HHPHHPHHHHHHPPHHHPPPHPPHHHHHHH
1134,PHHHHHHHHHHPHHPPHPHPHHHPHHHHPP
1135,HPHPHHHHHHPPHPHHHPHHHPHPHPHHHH
1136,PPHHHHPPHHHHHHHHPHPPHHHHPHPPHP
1137,HHHHHPHHPHHHHPHHPHPHPHHPHPHPPP
1138,HHPHPHHHHHPPHPHHPHHHHHPPHPHHHP
1139,HHHPHHHHHHPPHPPPPHHHHHPHPPHPHH
1140,PHHPHHPHHPPHPHHPHPHHHHHPHHHPHH
1141,HHHHPPHHPPHHHHHHHHPHPHHPPHHHPP
1142,PHHHPHPPHHPHHHPPHHHPHHHPHHHPPH
1143,HPPHPHPHHHPHPHPHHHHHHPHHPHPHHP
1144,HPPHHHPHHPHPPHHHPHPHHHHHPHHHPH
1145,HHPHHHHHHPHPHHPHHHHHHHPHPPPPHH
1146,HHHPHPHHHHHHHHHHPPPPHPHHHHHHPP
1147,HHPHHHHPPPPPPPHHPHHHHHHHHHHHHH
1148,HHPPPHHPPHHPHHPHPPHHHHHHPHHPHH
1149,PHHPHHHHHPHPPHHPPHHHHHHHHPHHPH
1150,HHHPHHPHHHPHHHHHHPHHHPPPPHHPPH
1151,HHHPHPHHPHPPPHPPHHHHHHHPHHHPPH
1152,PHPHHPHHPPHHHHPHPHPHHHHHHHHPHH
1153,HPHHPPPHHHHHPPHHHPHPHPHPHHHHHH
1154,HHPHHHHHHPPHHPHPHPHHPPHHHHHPHH
1155,HHHHPHPHHHHHHHHHHPHPPPHHHPHPPH
1156,HHPHHPPHHHHPPHHHHPPPHHHPHPHHHH
1157,PHHHHPPPHHHHHHHHPPHHPPHHPHPHHP
1158,HPHPHHPHHHPPHHHHHHHPHHPHHHPHPH
1159,PPHPHHPPHHPHHHPHHHHHHPHHHHHHPH
1160,HPPHHHPPHPHHHPHPHHHHHHPPHHPPHH
1161,HHHPHHHPHPHPHHHPHPHHHHPPHHHHHP
1162,HPPPPHHHHHHHPHHPHHHHHPHPHPHPPH
1163,HHHHHHPHHPHHHPHPHHPHPPHPHPPPHH
1164,HHPHHHHHPPHPHHPPHHHPHHHPHPPHHP
1165,HPHHHHPPHHHHPHHHPHHHHHPHHHPHPP
1166,HHHPHPHHHHHPPHHHHHPHHHHHHPPPPH
1167,PHHHPHPHHHPHHHHHHHHPPPPHHPPHHH
1168,PHPHPHPPHHHHHHHHHPPHPHPHHPHHHP
1169,HHPHHPHPHHHPHHHHHHHPHPPPHPHHHP
1170,HHHHPPHHPHHHHPHPHHPHPPHHHPPHHP
1171,HHHPPHPHPPHHHHHHHHHPHPHHPHHPHH
1172,HPHPHHHHPPHHPHHHHPHPHHPPPHHHHH
1173,PPPHHHHPPHPHPPHHHHHHHHHPHHHHHH
1174,HHHPHPPHHHHHPHPHHHHPHHHPPHPHHP
1175,HHPHHHHPPHHPHHHHHPHHPHPHHHHPHP
1176,HPHHPHHHPHPPHHHHPHHHPHPPHHPHPH
1177,HPHHHPPHPPHHHHHHHHHHPHHHHPHPPP
1178,HPHHPHPHHHPHHHPHPPHHHPHHHPHPHP
1179,HHHPHHPHPHHHHPHHPHPHHHHHHHPHPP
1180,HHPHHHPHPPHHPHHHHHHPPHHHPHHHPP
1181,PHHHHHPPHHHHHPHHPHHPHPHHHHHPPP
1182,PHPHPHPPPHHHHHHHHPHHHPHHPPHHHH
1183,HPHHPPHHHPHPHPHHHHHHHHPHHHPHHP
1184,PHPHHPHHPHPHPPHPHHPHHHHPHHPHHH
1185,HHPHHHHPHPHHHPPHPHPHHHHPPHHPHP
1186,PPPHPHHPHHHHHPHPHHHHHPHPHHHPHP
1187,PHHHHPHPHHHHHPHPHHHHPPHHPHHHHP
1188,HHHHHHHHHHPHPPHHPPHHHPHHPHPHHP
1189,HHHPPHHPPHHPHHPHPHHHHHHHHHPPHP
1190,PHHPHHHPHHHHPPPHHHHPHHHPHHHHHP
1191,HPPPHHHHHPPHHPHHPPHHHPHPHHPHHH
1192,PHHHPHHPHHHHPHPHHHHHHPPHPPHHPP
1193,PHHPHPHPPHPHHHPHHHHHHHHPHHHHHP
1194,HPPHHHHHPHHHPHHHHHHPPHPHPHHHHP
1195,PHPHHPPPHHHPPHHPHHHHPHHHHHPHPH
1196,HHPHHHHHHPHPHPHHPHHHHPHPHHPPPH
1197,HPPPHPHPHHHPHHHPPHHHHHPHHHHHHH
1198,PHPHHHPHPHPPPHHPHHHHPHHPHHHHHH
1199,HHPPPHHHHHHHPHPPPPPHHHHHHHHHPH
1200,PPHPHHHHPHHHHHHHHHPHHPPPHHHHHP
1201,HHHHHHHHHPHPPHHHHHHPHHPPHHPPPP
1202,HHHPPPHHHHHPHHPPHHHHPHHHPHHPPH
1203,PPHHHHHHHHPHPHPHHHPHHPHHHPHHHP
1204,HPPHHHHHHPHHHPHHHPHHPHPPHHPPHH
1205,HPHHHHPHPPHHHPHHHPHPHHPHPHHHHH
1206,PPPPHHPHHHHHPHHHPPHPHHHHHHHHHH
1207,PPPHHPPHHHHPHHHPHHPHHPHHHHPHHH
1208,PHHPHHPHPHHPPHHPHPPHPHHHHHHHHH
1209,HPHHPHHHHHHHPHPHHPHHHHPPHPPHHH
1210,HPHPPHPHPHPHPHHHHHPHPHPHHHHPHH
1211,PHHHPHHPPPHHHPHHHHHHPHPHHHHPHH
1212,PHHPHPHPHHHPHHPPHHHPHHHHHPHHHH
1213,PHHHHHHHHHHHHHPHPPHPHPPPHHHPHH
1214,HHPHHPHPPHHPHPHHPHHHHPHHHHHPPH
1215,PHHHHHHHPHPHHPPPHPHHHPHPHHHHHH
1216,PHPPHPHPHHPHPPHHHHHPHHPHHHHHPH
1217,PHPPPHPHHHHHHHPHHHHPPHHHHPHHHP
1218,HHPPHHPHPHHPHHHHHHHHHPHPPPHPHP
1219,HHHHPPPHHHHHPHHHPHPPHHHHHPHHPH
1220,HHHPPHPPHPHHPPHHPHHPPHPHHHHHHH
1221,HPPHHPPHHHHHHHHHPHPHHHHHHHPPPP
1222,PPHPHHHHHPHPPHPHHHPPHHPHPHHHHH
1223,PPPPHHHHHPHHHHHHHHHHPHHHHPPPPH
1224,HPHHHPPPHHHPHHHPHHHPHHHHHPPHHH
1225,HHHHHHHPHHPHHPHHHHPPPHHHHPHPHP
1226,PPHHPPPHHPHHPHHHHPHHHHPHHPPHHH
1227,HHPHHHHHHPHHHPPHPHHHPPHHPHPHPP
1228,HHPHHHHPPPHHHHHHHHPHPHHPHPPHHH
1229,PPHHHPHPHHHHHHPPHPPHHHHHPHHHHH
1230,PHHHPHHHPPHPPHHHPHPHHHHHHHHPHH
1231,HHPHPHHHHHPHPHPHHHPHHHHHPHPHHP
1232,HPPPHHPHHPHHHPPPHHHHHPHHHHHHPH
1233,HHHHHPHHPHHPHHPHPPHHPHHHPHPHHH
1234,HHHPHHHPHHPPHHHPHHPHHHPHHHPPHH
1235,PPHHHHHHHHHHPPPPHHPHHPHPHPHHHP
1236,PPPHHHHHHHPHHPPHHHPPHPPHHHHHHH
1237,HHPHHPPHHHHPHPHHHPHHHHPHHPPHHP
1238,HPPHHHHHPHHHPHHHHPPPHHHHPHHPHH
1239,HHHPHPHHHHHHHHPHHHPHHHHPHHPPPP
1240,PPPHHHHPHHHPHHHHHHHHPHPPHPHHHH
1241,HHPPHHHHPHPHHHHPHHHPHHHPHHHPPP
1242,HPHHPHPHPHPPHHHHHPPPHHHHPHHHHP
1243,PPHHPHPHPPHHHHPHHHHPHHPHHHHPHH
1244,HHHPHPHPHHHHPPHHHHHHHPHHPPHHPH
1245,HHPHPPHHHHHPHPPHHPPHPHHHHHHHHH
1246,HHPHHPPHHPHHHHPPHPHHHHHPHHHPHH
1247,HHHHPPHHHHHPPPHHHPHHPHHHHHHPPP
1248,HPHHHPPHHHPHPHHPHPPHHPHHHHHHPH
1249,HHHPHHHHHPPHPPPHPPHHHHHPHPHHHH
1250,HHHPHHPHPHHHPPHPPHPHPHPHHHHHHH
1251,PPHHHHHHPHHPPHPPHHHHHPHHHHPHHH
1252,HHHPPPHPPHHHHHHHHHPHHHHPPPHHHH
1253,HHHPPHHHPPPPHHPHHHHPPPHHHPHHHH
