id,sequence
0,HHPPPPPHPPPPPHPPPPPPPPPPPHPHPP
1,PHHPPHPPPPPPPHPPPPPPPPPPPPPPPH
2,PPPPPPPPPPPPHHPPPPPPHHPPHPPPPP
3,PHPPPPPHPPPHPPPPPPPHPPPPHPPPPP
4,PPPPPPPPPPHHPHHPPPHPPPPPPPPPHP
5,PHPPPPPPPHPPPHPPPPHPPPPPPPHPPP
6,PPPPPHPHPPPPPPPPPHPPPPPPPPHPHP
7,HPPHPPPPHPPHPPPHPPPPPPPPPPPPPP
8,PPPPPHPHHPPPPPPPPPPPHPPPPPPPPP
9,PPHPPPPPPHPPPPPHPPPPPPHPPPPHHP
10,HPHPPHPPHHPPPPPPPPPPPPPPPPHPPP
11,PPPPPPPPPPPPPPPPHPHPPHPPHPPPHP
12,HPPPPHPPPPHPPPPHPPPPPPPHPPPHPP
13,PPPPPPPPHPPPHHPPPPPPPHHPPPPHPP
14,PHPPPPHPPPHPPPPPPPPPHPPPHPPPPP
15,PHPHPPPPHPPPPPPHPPHPHPPPPPPPPP
16,PPPHPPPPPPPHPPHPPPPPPHPHPPPPHP
17,PPHPPPPPHPPPPPPHHPPPPPPHHPPPPP
18,PPPPPHPHPPPPPPPPPPPPPHHPPPHPPP
19,PPPPPPHPPPPHHPPPPPPPHPHPHPPPPP
20,PPPPPPPHHPPHHPPPPPPPPPPPPPPPPP
21,PPPPPPPPHPPPPHPHPHPPPPPPPPPPPH
22,HPPHPPPPPPHPHPPPPPPPPPPHPPPPPP
23,PPPPPHPPPPPPPPPPPHPPHPPPHPPPPP
24,HPHPPPPPPPPPPPPPHPPPPPHPPHPPPH
25,HPHPPPPPPHHPPPPPPPHPPPPPPPPPPP
26,PPPPPPPPPHHPHPHPPPPPPPPPHPHPPP
27,PPHPPPHPPPPPPPPPPPPPHPHPPPPPHH
28,PPPHPPPPPPPHPPPPPPPHPHPHPPHPPP
29,PPPPPPPPPHHPPPHPPPPPHPPPPPPPPP
30,PPPPPPPPPHPHPPPPPHPPPPPHHHPPPP
31,PPPPPHPPPPPPHHPPPPHPHPPPPPHPPP
32,PPPPPPPPPHPHPPPPPPPPPPHPPHHPPP
33,PPPPPPHPHPPPPPPPHPPPPPPPPHPPPP
34,HPPPPPPPPPPPHPPPHPPPPPPPPPPPHP
35,PPHPPPPPPPPHPHPPPPPPPPPHPPPPPH
36,PPPPPPPPPPPHPPPPPPPPHPPHHPPPPP
37,HPPHHPHPPPPPHPPPPPPPPPPPPPPPHP
38,PPPPPHPPPHHPPPPPPPPHPPHPPPPPPP
39,PPPPHPPPPPPPPPPPPHPPPPPPHPHPHH
40,PPHHPPPPPPHPHPPPPPPPPHPPPHPPPP
41,PHPPPPPPPPPHPPPHPPHPPPPHPPPPPP
42,PPPPPPHPPPPPPPPPPHPPHPHPPPPHPP
43,PPPPPPPPPHHHPPPPPPPPPPPPPHPPPP
44,HHPPPPPPPPPPPPPPPPPPPPHPPPPPHP
45,PPPPPPPPPPPPPHPPPPPPPPHPPPHPHP
46,PPPPHHPPPPHPHPPPPHPPHPPPPPPPPP
47,HPPPHPPPPPPPPPHPPPPPPPPPPHHPPP
48,PPPPPPPPHPHPPHPHPPPHPPPPPPPPHP
49,PPPPPHHPPHPPPPPPPPPPPPPPPPHPPH
50,PHHPPPHPPPPPPPPPPPPPHPPHHPPPPP
51,PPPHPPPPPPPHPPPPHPPPHPPPPHPPPH
52,PPPPPPPPPPPHPHPPPPPPPPPPHPPPHH
53,PHPPHPHPPPPHPPPPPPPPPPPHPPPHPP
54,PHPPPPPPHPPPPPPHPHPPPPPPPPPPPP
55,HPPPPHPPPPPPPHPPPPPPPPPPPHHPHP
56,PPHPHPPHPPPPPPPPPPPPHHPPPPPPHP
57,HHHHPPPPPPPPPPPPPPPPPPPPPPPPPP
58,PHPPPPPPPPPPPPPHHPPPPPPPPPPPHP
59,PPPPHHPPPPPPHPPPPPPPHPPPPPPHPH
60,PPPPPPPPPPPPPHHHPPHPPHPPPPPPHP
61,PPPPPPPPPPPPPPHPPPHPPPHPHPHPPP
62,PPHPPPPPPPPPHPHPPPHPPPHHPPPPPP
63,PHPPHPHPPPPPPPPPPHHPPPPPPPPPPH
64,PPHPPPPPHHHPPPPPPPPHPPPPPPHPPP
65,HHPPPHPHPPPPPHPPPPPPPPPPPHPPPP
66,HPPHPPPPPPPHPPHPPPPPPPPPHPPPHP
67,PPPPPPPPPPPPPHPPHPPPPHPPPPPPPH
68,PPPPPHPPPPPPPPPPPHHHPHPPPPHPPP
69,PPPPPPPPHPPHPHPPPHPPHPHPPPPPPP
70,PPPHPPHPPPPPPHHPPPPHPPPPPPPPHP
71,PPHPPHPPPPHPPPPPPPPPPPPHPPPPHH
72,PPPPHPPPPPPHPPPPPPHPPHHPPPHPPP
73,PPPPPPPPPPHPPHHPPPPPPPPPHPPPPP
74,PHPPPPHHPPPPPPPPPPPPPHPPHPPPPP
75,PPPPPPHHHPHPPHPPPPPPPPPPPPPPPP
76,PPPPPPPPHPPPPPPPPPPPPHHHPPPPPP
77,PPPPPPHPHPPPPPPHPPPPHPPPPPPHPP
78,PPPPPPPPPPPPPPHPPPPHPHPPPPHPPP
79,PPPPPPPPPPHHPPHPPHHPPPHPPPPPPP
80,PHPPPPPHPPPPPPPPPHPHPPHPPPPPPP
81,PPPPHPPPPHPHPPHPPPPHPPPPPPPPHP
82,PHPPPPPPHPPPPPHPPHPPPPPPPPPPPP
83,PHPPPPPHPPPPPHPPPPPPHPPPPPPPPP
84,PPPPPPPPPPPPPPPPPPHHHPPPPPPPPH
85,HHPPPPPPPHHPPHPPPPPPPPPPPPPHPP
86,HPPPPPHPPPPPHPHPPPPPPHPPPPPPPP
87,PPPHPPPPPPHPPPPPPPPPPPHHPPPHPP
88,HPPPPHPPPHPPPPPPPPPPHHPPHPPPPP
89,PPPPPPHPHPHPPPPPPPHPPPPPPPPPHP
90,HPPHPPPPPPPPPPPPHPPPPPPPPHHHPP
91,HHPPPPPPPPPHPPPPPPPPPPPPPHPPPP
92,PPPPPPPPHPPPHPHPPPPHPPPHPPPPPP
93,PHPPPPPPPPPPPPPPPPPPPPPHHHPPPH
94,HHPPPPHPPPPPPPHPPPPPPPPPPPPHPP
95,HHPPPPPPPHPPPPHPHPPPPPPHPPPPPP
96,PPPPPPPPHPPPHPPHHPPPPPHPPPPPPH
97,PPPPPPHPPPPPHPPPPPPPHPPPPPHPPP
98,PHPPPPHPPPPPHPPPPPPPPPPHHPPPPP
99,HPPHPPPPPPPPHHPPPPHPPPPPPPHPPP
100,PHPPPPPHPPHPPPPPPPPHPPPPPPPPPP
101,PPPPPHPPHPPPPPPPPPPPHPPPPPPHPP
102,PPPHPPPPPPHPPPPPPPPHHPPPPPPPPH
103,PPPPPPPPPHHPPPPPPPPPPHPPPPPPHP
104,PPPPPPPHPPPHHPHHPPPPPPPHPPPPPP
105,HPPPPPPPPPHPPPPPPHPPPPPPPHPPHP
106,PPPPPHPHPHPPPPPPPPPPPPPPPPPHPP
107,PPPPPPPPPHPHPPPPPPPHPPPPPPPHPP
108,HPHPPHPPPHPPPPPPPPPPPPPPPPPPPP
109,HPPPPPPPPPHPPPPHPPPPPPPPPPPHHP
110,PPPPPPPHPPPHPPPPPPHPPPPPHPHPPP
111,PPPPPPPPHPPPPHPPHPHPPPHPPPPPPP
112,PPPPPHPHPHPPPPPPHPPPPPPPPPPPPP
113,PPHPHPPPPPPPHPPPHPPPPPPPPPPPPH
114,PPPPPHPHPPPHPHPPPPPPHPPPPPPPHP
115,PPPPPPHHPPPPPPPPPPHHPPPPPPPPHP
116,PPHPPPPPHPPHPHPPPPPPPPPPPPPPPP
117,PPPPPPPPPPHPPPPPHPHPPPPPPPHPPH
118,PPHHPPPPPPPHHPPPPPPPPHPPPPPPPP
119,PPPPPPPPPPPPHPHPPPPHPHPPPHPPPP
120,PPHPPPPPPHPPPPHPPHPPPPPPPPPPPH
121,PPPPPPPHPPPHPHPPPPPPPPPPPHPPPP
122,PPPPPPPPPPPPPHHHPPPPPPPHPPPPPP
123,PPPPPHPPHHPPPPPPHPPPPPPPPPPHPP
124,HPPPPPPPHPPPPPPPPPPPPPPPPPHPHP
125,PPHPPPPPPPPPHPPPPHPPPPPPPHPPPP
126,PPPPPPPHPPPPPPHPPPPPPPPPHPHHPP
127,PPPPPHHPPPPPPHPHHPPPPPPPPPPPHP
128,PPPPPPPPPPPHHPHPPPPPPPHPHPPPPP
129,PPPPHPPPPPPPPHPPPPPPPPPPHPPPHH
130,PHPPPPPPHHPPPPPHPHPPPHPPPPPPPP
131,PPPPPHPPPHPPPPPPHPPHPPPPHPPPPP
132,PPPPPPHPHHPPPPPPHPPPPPPPPPHPPP
133,PPPPPPPPPPPPPHPPPPPPPPPPHPHPPH
134,PPPPPPPPHPPPPHPPHPPPPPPPHPPPPP
135,PPPPPPPHPPPPPPPPPPPHHPPPHPPPPP
136,PPPPPPPPPPHHPPPPPHPPPPPPHPPPPP
137,PPPPHPPPPHPPPPPPPPHPPHHPPPPPPP
138,PPPPPPPPPHPPPHHPPPPPHPPPPHPPPP
139,PPPPPPPPPHPPPPPPPPHPPPPPHPPPHP
140,PPPPPPHPPPPHHPPPHPPPPPPPPPPPHP
141,HHPHPPPPPPPPPPPPPPHPPHPPPPPPPP
142,HPPPPPPHPPPPHPPPPPPPPPPHPPPHPP
143,PPHPPPPPPPPPHPPPPPPPPPPPPPHPHP
144,HPPPPPPPPPPPPPPPHPPPPPHPPPPHPP
145,PPPPPPHPPPHPPPPPPHPPPHHPPPHPPP
146,PPHPPPPPPPPPHPPPPPHPPPPPPPHPHP
147,HPPPPPPPPHPPHPPPPPPHPPHPPPPHPP
148,HPPPPHHPPHPPHPPPPPPPHPPPPPPPPP
149,PPPHHPPPPPHPPPPHPPHPPPPPPPHPPP
150,PPPPHPPPPPPHPPPPHPPHPPPPPPHPPP
151,PPHPPPPPPPPPPPPPPPPPHPPPHPHPPH
152,PPPPHPPPPPHPPHHPPPPHPPPPPPPPPP
153,PPPPPPHHPPHPPPPPHPPPPHPPPPPPPP
154,PPPPPPPPPPPPPPPHHHPPPHPPPPPHPP
155,HPPHPPPPHHPPPPPPPPPPPPPPPPPHPP
156,HPPPHPPPPHPPPPPHHPPPPPPPHPPPPP
157,PPHPHPPPPPPPHPPPPPPPHHPPPPPPPP
158,PPPPHPPPPPPPPPPPPPPPHPHPHPPPPP
159,PPPPPHPPPPPPHPPPPPPHPPHPPPHPPP
160,PPPPPPHPPPHPPPPPPPPPHHPPPHPPPP
161,HPPPPPPPPHPPPPPHPPPHPPPPPPPPPH
162,PPPPPPPHPPPPPPPPPHPHPPPPPHPPPH
163,PHPPPPHPPPPPPPPPPPPPPPHHPPPPHH
164,PPPPHPPPPPPPPPPHPPPHPPPPHPPHPP
165,PPPPPPPPPPHPPPHHPPPPPPPHPPPPPP
166,HHPPPPPPPPPPPPHPHPPPPPPPPPPPPP
167,PPPPPPPPPPPPPPPPPPHPPPPPPPHHPH
168,PHPPPPPPPHPHPPHPPPPPPHPPPPHPPP
169,PHPHPPHPPPPPPHPPPPPPPPPPPPPPHP
170,HPPHPPPPHPHPPPPPPPPPPPPHPPPPPP
171,PPPPPHPPPPPPPPPHHPPPPPHHHPPPPP
172,PPPPPPPPPPPPPPPPPPPHHHPHPPPPPP
173,PHPPPPPPHPPPPPPPPPPPPPPHPHPPHP
174,PPPPPPPPPPPPHPPPHPPHPPPPHPPHPP
175,PPPHPPPPHPPPPPHPHPPPPPPPHHPPPP
176,HPPPHPPHPPPPPPHPPPHPPPPPPPPPPH
177,PPPHHPPPPPHPPPPPPPPHPHPPPPPPHP
178,PPPPPPPPPPPPPHPPPHPPPPPPPPPHHP
179,PPPHPPPHPPPPHHPPPPHPPPPPPPPPPH
180,PPPPPPPPPHPHPPPPPPPPPPPHPPPHPH
181,PPPPPPPPPPPHPPPHHPPPPPPPPHPPPP
182,PPPHPPPPPPPPHHPPHPPHPHPPPPPPPP
183,PPPPPPPPPPPPHHPHPPPHPPPPPPPPPP
184,HHPPPPPPPPPPPPPHPPPPPPPPPPPPHP
185,PPPPPPPPHPPPPHPPHPPHPPPPPPPPHH
186,HPPHPPPPPPPPPPPPPPPPHPPPPPPPHH
187,PPPPPPPPPPPPPPPPPPPHPHPPPPHPHP
188,PHPPPPPHPHPPHPPPPPPPPPPPPPPPHH
189,PPPPPPPPHPPPHHPPPPHPPPHPPPPPPH
190,PPPPPPPPPPPHPPHPPPPHPPPPPHPHPP
191,PHPPPPPPPPHHPPPPPPHPHPPPPPPPPH
192,HPPPPPPPPHPPHPPPHHPPPPPPPHPPPP
193,PHPPPHHPPPPPPPPPPPPPPHPPPPPPHP
194,HHPPHPHPPPHPPPPHPPPPPPPPPPPPPP
195,PHPPHPPPPPPPPPHHPPHPPPPPPPPPPP
196,PPHHPPPPPPPPHPPPPPPPPPPPPPPPHP
197,PPPPHPPPPHPPPPPPPHPPPPPPHHPPPP
198,PPHPPHPPHPPPPPPPPPPPPPHPPPPHHP
199,HPPHHPPPPPPHPPHPPPPPPPPPHPPPPP
200,PPPPPPPPPPHPHPPHPPPPPHPPPPPPHP
201,PPHPPPHHPPPPHPPPPPPPPPPPPPPPPH
202,PHPPPPPPPPPPPPPPPPPHPHPHPHPPHP
203,PPPPPPPPHPPPPPHHPPPPPPHPPPPPPP
204,PPHPPPHPPPHPPPPPPHPPPPHPPPPPPP
205,PPPPPPPPHHPPPPHPPPHPPPPPPPPPPP
206,PPPPPPPPHPPPHPPPPPPPPPHHPHPHPP
207,PPHPPHPPPPPPPPPHPPPPPPHPPPHPPH
208,PHPPPPPPPPPPPPHPPPPPPHPPPPHPPH
209,PPPHPPPPHPPPPPPHPPPPPPPHPHPPPP
210,HPPPPPHPPHHPPPPPHPPPPPHPPPPPPP
211,PPPPPHPPHPPPPHPHHPPPPPPPPPPPHP
212,PPPPPPPPHHPPPPPPPPPPPPHPPPPHPP
213,PPPPPHPPPPPHHPPPPPPPPPPPHPPPPP
214,PPPHPPHPPPPPPPPPPHHPPPPPPPPHPP
215,PPPHPPHPPPPPHPPPPPPHPPPPPPPPPP
216,HPPPPHPPPPPPPPPPPPPPHPPPHHPPPH
217,PPPPPPPPPPPPHHPPPPPPPPHPPHHPPP
218,HPPPHPPPPPHPPPPPPPPHPHPPPPPPHP
219,HPPPPPPPPPHPPPPPPHPHHPPPPPPHPP
220,PPHPPPPPPPPPHPPPHPPPHPHPPPPPPP
221,HPPPHPPPPHPPPPPHPHPPPPPPPPPHPP
222,HPPPPPHPPPHPPPPPPPPPHPHPPPPPPP
223,PPPPHPPPPPPPPHPHPPPPHPPPPHPPPP
224,PHPPPPPPPPPPHPPPPHPPPPPPPPHHPH
225,PHPHPPPPPPPHPPHPPHPPPPPPPPPPHP
226,PHPPPPPPPPPPHPHPPHPPPPPPPPPPPP
227,PPPHHPPPHHPPPPPPPPPPPHPPPPHPPP
228,PPPPPPPPHPPPPPPPHHPPPPPPPPPHPP
229,PPPPPPPPPPHPPPPPHHPHHPPHPPPPPP
230,PPPHPPHPHPHPPPPPPPPHPPPPPPPPPP
231,PPPPHPPPPPPHPPPPPPPPPHPPPPHPPP
232,PHPPHPPPHPPPPPPPPPPPHHPPPPHPPP
233,PPPPPPHPPPPPPPPHPPPPPPPPPPHPPH
234,HPPPPHPPHHHPPPPPPPPPPPPPPPPPPP
235,PPPHPPPPPPPPPPPPPPPPPHPPPPPHHP
236,PPPHPPPPHPPHPPPPHPPPPPPPPPPPPP
237,PHPPPPPPHPPPPPPPPPPHPPHPHPPPPP
238,PPHPPPPPPPPPPPPPHPHPPPHPPPPPPP
239,PPPHPHPPPPPPPPPPPPPHPPPPPHPPPP
240,PPHPPPPPHPHPHPPHPPPPPHPPPPPPPP
241,PPPHPPPPPPPPHPHPPPPHPHPPPPPPHP
242,HPPPPPPPPPPPPPPPPPPPPHPHPPHPPP
243,HPPPPPPPPPHPPPPHPPPHPPPPPPPPPP
244,PPPHPHPPPPPPPPPHPHPPPPHPPPPHPP
245,PPPPPHPPPPPPPPPPPPPHHPPPHPPPPP
246,PPPPPPHPHPPHPHHPPPHPPPPPPPPPPP
247,PPPPPPPPPPPHPPPPPPPHPHPHPPHHPP
248,PPPPPHPPPHPPPPPPPPPHPPPPPPPHPP
249,HHPPPPHPPPPPPPPPPHPPHPPPPPPPPP
250,PPPPPPHHPHPPPPPPPPHHPPPPPHPPPP
251,PPHPPPPPPPPPPPPHPPPPPPHPPPPPHP
252,HPPPPPPPPPHPPHPPPPPPPPPPHPPPPP
253,PPPHHPPPPHPPPPHPPPPPPPHPPPPPPP
254,HPPPPPPPPPPPHPPPHPPPHPPPPHPHPP
255,PPPPPPPPPPPHPHPPPPPPPPPPPHHPPP
256,PPPPPHPPPPPPHPHPPPHPPHPPPPHPPP
257,PHPPPPPPPHPPPPHHPPPPPPPPPPPPPP
258,PPPHPPPPPPHPPHPPHPPHPPPPPHPPPP
259,PPPPPHPPPHPPHPPPPHPHPHPPPPPPPP
260,PHHPPPPPPHPPPPPPPPPPPPPHPPPPPP
261,PPPHPHPPPPPPPPPPPPPPPPPPPHHPPP
262,PPPPPPHPPPPPPPPPPHPPPPHPHHPPPH
263,PPHPPHHPPPPPPPPPPPPPPPPHPHPPPP
264,PPPPPPPHPPPPPPPPPPHPHPHHPPHPPP
265,PPPPPHPPPPPHPHPPPPPPPPPPPPPPPH
266,PPPPPPPPHPPPPPPPHPPPPPPPPHPHPP
267,PPPHPPHPPPPPPPPPPPHPPPHHPPHPPP
268,PPPPHPPHPHPPPHPPPHPPHPPPPPPPPP
269,PHPPPPPHPPPPPPPPPPHPHPPPPPPPPP
270,PPPPPPHPPHPPPPHPPPPHPPPPPHPPHP
271,HPPHPPHPPPPPPPPPPPPPPPHPPPPPPH
272,HPPPPPPPPPPPPHPPPHPPPPPPHPPPHP
273,PPPPPPHPPPPPPHHPPPPPPPHPPHPPPP
274,PPPPPPHPPPPHHPPPPPPPPPHPPPPPPP
275,PPPPPPHPPHPPPHPPPPPHPPPPPPHHPP
276,PPPPPPHPPPHPPHPPPHPPPPPPPPHPPP
277,PPPPPPPHPPPPPHPHPPPPPPPPPPPPHH
278,PPPPPPPPPPHHPHPPPPPPPPPPPHPPPP
279,PPPPPPHPPPPPPPPPPHPPPHPPHPPPPP
280,PHPPPPPPPPPPPPPPPHPHPPPPPPPHPP
281,PPPPPPPHPPHPPPPHHHPPPPPPPPPPPP
282,PPPHPPPPPPPPPHPPPPPPPPPPHHPPPP
283,PPPPHPPPPPPPPPPPHPPPPPHPPPPPPH
284,PPPPPPPPPPPHPPHPPPPPPHPHPPPPPP
285,PHPPPPPPHPPPHPPPPPPPPHPPPPPHPP
286,PPHPPPPPPPPPPPPPPHHPPPPPHPPHPP
287,HPPPHPPPPPPPPPPPHPPPHPPPPPPPPP
288,PPPPPPPHHPPPPPPPPHHHPPPPPPPHPP
289,PPPPPPPHPPPPHPPPPPHPPPPPPHPPPP
290,PPHPPPPPPPPPPPPPPHPPHHPPPPPPPP
291,PPPPPHPPPPPPPPPPPPHPPPPPPPPHHP
292,PPPPPPPPHPPPHHPPPPHPPPPPHPPPPH
293,PPPPPPHPPHPPHPPHPPPPPHPHPPPPPP
294,PHPPPPHPPPPPPPPPPPPPHPPHPPPPPP
295,PPPPPPPHHPPHPPPPPHPHPPPPPPPHPP
296,PPPPPPPPPPHPPHHPPPPPHHPPPPPPPP
297,HPPHPPPPHHPPPPPPPPPPPPHPPPPPPH
298,PPPPPPPPPHHPHPPPPPHPPPPPPPPPPP
299,PPPPPPPHPPPPPPHPHPPPPPPPPPPPPH
300,PPPPPPPPPPPPHPPHPHPPPPPPPHPPHH
301,PPPPPHPPHPPPPPPPPPPPPPHHPPPPPP
302,PPPPPHPPPPPPHHPPPHPPPPPPPHHPPP
303,PPHPHPHPPHPPPPPHPPPPPHPPPPPPPP
304,PPPPPPHPHPPPHPPPPHPPPPPPPPPPPP
305,HPPPPHPPHPPPPPPPPPHPPPPPPHHPPP
306,PPPPPPPPHPHPPPHPPPPPPPPPPHHPPP
307,HPHPPPPHPPPPPPPPHPPPPPPPPPPPHP
308,PHPPPPPPPPHPPPHPHPHPPPPHPPPPPP
309,PPPPPPPPPPPPHHPPPPPPPPHPHPPPPP
310,PPPHPHPPPPPPPPHPPHPPHPPPPPPPPP
311,PHPHHPHPPPPPPPPPPPPPPPPPPPHPPP
312,HPPHPPPPPPPPHPPPHPPPPPHPPPPPPP
313,PPHPPPPPPPPPHPHPPPPPPPPHPPHPPP
314,HHPPPPPPPPHHPPPPPHPPPPHPPPPPPP
315,HPPHPPPPPPHPPPPPPPPPHPPPPPHHPP
316,PPPPPPHHPPHPHPPPPPPPPPPPPPPPPP
317,PPHPHPPPPPHPPPPPPHPPHPPPPPPPPP
318,PPPPPPPPPPPPHPHPPPPHPPHPPPPHPP
319,PHPPPHPPPPHPHPPPHPPPPPPPPPPHPP
320,PPPPHPPPPPPPPPPPHPPHPHPPPPHPHP
321,PHPHPPPPPHHPPPPPPHPPPPPPPPPPPH
322,PPPHPPPPPPPPPHPPHPPPHPHPPPPPPP
323,HPPPPPPPPHPPPHPPPPHPPPPPPPHPPP
324,PPPPPHPPPPPPPPPPHPPPHPPPHHPPPH
325,PPPHHPPPPPPPPPPPPPHPPPPPPPPHPP
326,PPHHPPPPPPPHPPPPPPPPPPPPHPPPHH
327,HPPHPPPPPPHHPPPPPPPPHPPPPPPPPP
328,PPPPPPHPPPPHPPPPPHHHPPPPHPPPPP
329,PPPPPHPPPPPPPHPPHPPPPPPHPPPHPH
330,PPPPPPPPPHPPPPPPPHPHHPPPPPHPPP
331,PPPPHPPHHPPPPPPPHPPPPHPPPPPPPP
332,PPPPPPPPPHPPPHPHHPHPHPPPPPPPPP
333,HPPPPPPPPPPPPPPHPHPHPPPHHPPPPP
334,PPPPPPPPPPHPHHPPPPPPPHPPPPPHPP
335,PPPPHPHPPPPPPPPPPPPPHPHPPPPPPP
336,PPHPPPHPPPPPPPPPHPPPPPPHHPHPPP
337,PPHPPPPPPPPPPPPPHPPPPHHPPPPPPP
338,PPHPPPPPHPPPPHPPPPPPPHHPPPHPPP
339,PPHPPPPPHPPHPPPPPPPPPPPPPPPPHP
340,PPPHPPPPHPPPPPPPPPPPPPPHPHPPPP
341,HPHPPPPPHPPPPPPPPPPPHHPHPPPPPP
342,HHPPPPPPPHPPPPPPPPPPPPPHPPPPPP
343,PPHPPPPPHPHPPHPPPPHPPPPPPPPPPP
344,PHHPPPPPPPPPPHPPPPPPHPPPPPPPPP
345,PPPPHHPPHPPPPPPPPPPPPPPPPPHPHP
346,HPPPPPHPPPPHPPPHPPPPPHPPHPPPPP
347,PPPHPPPPPPHPPPPPPPPHHPPPHHPPPP
348,HPPHPPPHPPPPPPPPHPPPHHPPPPPPPP
349,PHPPPPPPPPPHPPPPPPHPHPPPPHHPPP
350,PPPPPPPPPPHPPPPHHHPPPPPPPPPPHP
351,PPHPPPPPPPPPPPPPPPPPHHHPPPPHPP
352,PPHHPPPPPPPPPPPPPPPPPHHPPPHPPP
353,PPPPPPPPPPHPPPPHPHHHPPPPPPPPPP
354,PPHPPHHPPPPPHPPPPPPPPPPPPPPPHP
355,PPHPPHPPPPPPPPPPPHHPPHPPPPPHPP
356,PPPPPHHPPPPPPPPPHPPPPHHPPPPPPP
357,PPPPHPPPPPPPPPPPHPHPPPHPPPHPPP
358,HHPPHPPHPPPPPPPPPHPPHPPPPPPPPP
359,PPPHPPPHPPPPPPPHPPPPHPPPPPPPPP
360,PPPPHPPPHPPPHPPPPPHPPPPPPHPPPH
361,PHPPPPPPPPHHPPPPPPHPPPPPPPPPPP
362,PPHHPPPPPPHPPPPHPPPPHPPPPPPPHP
363,PPPPPPPPPPPPPPPHHPPPPHPPHPPPPP
364,PPPHHPPPPPPPHPPPPPPPPPHPHHPPPP
365,PPHPPPPPHPPPPPPHPPPPHPPPPPPPPP
366,PHPHPPPPPPPPPPPHHPPPPPHPPPPHPP
367,PHPPPPPPHHPPPPPPPPPPHPHPPHPPPP
368,PPPPHPPHPHPPPPPPPPPPPHPPPPHPPP
369,PPPPPPPPPPPHPPPHPHPPPPPPPHPHPP
370,PPPPPHPPPPPPPPPPPPPHHPPPPPHHPP
371,PPPPPPPPPPPHPPHPHPPPPPHPPPPHPP
372,HPPPPPPPPPPPPPPPPPPHPPPHHPPPHP
373,PPPPPPPPPPPPPHPPPPPPPHPPHPHPPH
374,PPPPPHHPHPPPPPHHPPPPPPPPPPHPPP
375,PHPPPPPPPPPPHPPPPHPPPPHPPPPPPP
376,PPHPPPHHPPPPPPPPHPPHPPPPPHPPPP
377,PPPPPPPPPPPPPHPPPPHPHPPHPPPPPH
378,PHPPPPPHPPHPPPPPPPPPPPPPPPHPPP
379,PPPPPHHPPPPPPHHPPHPPPHPPPPPPPP
380,PPPPPHPHPPPPPPPPHPHPPPHPPPPPPP
381,PPHHPPPPPHPPPPHPPPPPPPPPPPPPPH
382,PHPPPPPPPPPPPPHPPPPPHHPPPPPPPP
383,PPPPPPPPPPHPHPPPPPPPPPPPHPHHPP
384,PPPPPHPPPHPPPHPHPPPPPPPPPPPPPP
385,PPPPPPPPPPPPPHPPPPHPPPPHHHHPPP
386,PPPPPPPPHPPPHPPPPPHPPPPPPHPHPP
387,PPPHPHPPPPPHPHPPPPPPPPPPPPPPHH
388,PHPPPPHHPPPPPHPHPPPPPPPPPPPPPP
389,PPPPPPPPPHPPPPPPHPPPPHHPPPPPPP
390,PPPPPPPPPPPHPHPPPPPPPPPHHPPPHP
391,PPPHPPPPPHPHPPHPPPPPPPPPHPPPPP
392,HPPPHPPPPPPPPPPPPHPHPPPPHPPPPP
393,HPPPPPHPHPPPPPPHPHPPPPPPPPPPPP
394,PPPPPPPPHPPPHPPPHPPHPHPPPPPPPP
395,PPPPHPPPPPPPPPPPPPPPPPPPHPHPHP
396,PPPPPPPPPPPHPPPPPPHPPHPHHPPHPP
397,PPPPPPPPHHPPPHPPPPPPPPHPPPPPPP
398,PPPPPPPPPPHPPPPPPPPPHPPHPPPHPP
399,PPPPPPPPPPPPPPPPPHPPPHPPPPPHPH
400,HPPHPPPPPPPPHPPPHPPPPHPPPHPPPP
401,PPPPHPPPHPHPPHHPPPPPPPPPPPPPPP
402,PHPPPPHPPHPPPPPPPHPPPPPHPPPPPP
403,PPPHPPHPPPHPPPHPPPPPPPPPPPPPHP
404,PHPPPHPPPPPHHPPPPPPPPPPPPPPPPH
405,PPPHPPHPPPPHHPHPPPPPPPPPPPPPPP
406,PPHPPPHPPPPPPPPPPHPPPPPPPPHPPP
407,PPPPPHHPPPPPPPPPPPHPHPPHPPPHPP
408,PPPPPPPHPHHHPPPPPPHPPPPPPPHPPP
409,PPPPPHPPPPHPPPPPPPPPPPPPPPHPHH
410,PHPHPHPHPPPPPPPPPPPPPPPPPPPPHP
411,PPPPHPPHPHPPPPPPPPHHPPHPPPPPPP
412,PPPPPPHPPPPPPPHPPPPHPPPPPHPPPP
413,HPPPHPPHPPPPPPPPPPPPPHPHPPPPPP
414,HHPHPPPPPPPPPPPPPPPPPHPPPPHPPP
415,PPPPPPPHPPPPHPPPPPPHPPHPPPPHPH
416,PHPPPPHPPPHHPHPPPPPPHPPPPPPPPP
417,PPPHPPPPPPPPHHPPPPPPPPHHPHPPPP
418,PPPPPPPPPPHHPPHPPPPPHPPPPPHHPP
419,PPPPPPPPPPPPPPPPPPPPHHHPHPHPPH
420,PPPPHPPPPPPPHPPPPPPPPPPPPHPPPH
421,PPPPPPPPPPHPPPPPPHHPPHHPPPPPPP
422,PPPHHPPPPPPPPPPPPPPPPHPHPPPPPP
423,PPPPPPPPPPPPPHHPPPHPHPPPPPHPPP
424,PPPPPPHPHPPHPPPPPHHPPPPPPPPPPP
425,PPPPPPHPPPPPHPPPHPPPPPPHPPPHPP
426,PPPPPHPHHPPPPPPPPPPPPPPPPHPPHP
427,PPPPPPPHPPPPPPPPHPPPPPPPHPPHPP
428,PPHPPPPPPPPPPPPPPPPHPPHHHPPPPP
429,PPPPPPHPPPPHPPPPPPHPPPPPPPHPHP
430,HPPPPPHPPPPPPPPPPPPHHPPHPPHPPP
431,PPPPPPPPPHPPPPPPPPPPPHPPPHPPPH
432,HPPPPPPHHPPPPPHPHPPPHPPPPPPPPP
433,HHPPPPPPPPPPPPHPPPPPPPPPHPPHPP
434,PPPPPPPPPPPPPHPPPHPPPPHPHHPPPP
435,PPPPHHPHPPPPPPPPPPPPHPPPPPPPPH
436,PPPHPPHPPPPPPPPPPPPHPHPPPPPPPP
437,PPPPPPHPHPPPPPPPPPHPPPHPPPPPPP
438,PPHPPPPPPPPPHPPPPHPPPPPHPHPPPP
439,PPPPPHPPPHPHPPPPPPPPHHPPHPPPPP
440,PPPPPPPHHPPPPPPPHPHPPPPPPPPPPH
441,PHPPPPPPPPPHPPPHPPPPHPPPPPPPPP
442,PPPPPPPPHPPPPPPPPPHPPHPPPPHPPP
443,PPPPPPHPPPPPPPPPPHPPPPPPHHPPPP
444,PPPHPPPPPPPPHHHPPPPHPPPPPPPPPH
445,PPPPPHPPPPHPHPPPHPPPPPPPPPPPHH
446,PPPPPPHHPPPPPPPPPPPPPPPHPHHHPP
447,PPPPPHPPPHPPPPHPPPPPPPPPPPHPHP
448,PPPPPPPPPPPPPHPHPPPPPPPPPPPHPH
449,PPPPPPPPPPPPHPPHHPPPPPPPPPPPHH
450,PPPPPPPPPHPPPHPPPHPPPHPPHPPHPP
451,HPPPHPPHPPPPPPHPPPPPPPPPPPPPPP
452,PPPPPPPPPHPHPPPPHPPPPPPPHPPPPH
453,PPPHHPPPPPPPHPPPPHPPPPPPHPPPPP
454,PPPPPPPPPPPHPPPPPPHPPPPPPPPHHP
455,PPPHPPPPPPPPPPPPPHPHPHPPPPPPPP
456,PHPPPPPPPHPHPPPPPPPHPPHPPPPPPP
457,PHPPPPPPPPPPPPPHPPHPPPPPPHPPPP
458,HPPPPPPPPPPPPPPPHPPHHPPPPHPPPP
459,PPPPPHPPPPPPPPHPHPPPHPHPPPPPPP
460,PPPPPPPHPHPHHPHPPPPPPPHPPPPPPP
461,HHPHPHHPPPPPPPPPPPPPPPPHPPPPPP
462,PHPPPHPPPPHPPPPHPPPPPPPPPPPPPP
463,PPPHPPPHPPPPPPPPPPHPPHHPPPPPHP
464,PPPPPPPPPPHPHPPPPPPPHPHPHPPPPH
465,PPPPPHHPHPPPPPPPPPPPPHPHPPPPPP
466,PPPHPHPPPPPPPPHPPPPPPPPPHPPPHP
467,PPPPPPPHPPPPPPPPPHPPPPPPHPPPPH
468,PPHPPPHPPPPHPHPPPPPPHPPPPPHPPP
469,PPPPHHPPPPPPPPPPHPPPPPPPPPPHHP
470,PPHPPPPPPPPPPHHHPPPPPHPPPPPPPP
471,PHPPPPPPPPPPPPPPPPPPPHPPPHHPPP
472,PPPPPPHPPPPPPPPPHPHHPPPPPPPPPP
473,PPPPPPPPPPHPPPPHPPPHHHPPPHPPPP
474,HPPPPPPPHPPPHPPPPPPPPPPPPHPPPP
475,HPPPPPPHPPHPPPPPPPPPPPHPPHPPPH
476,PPPPHPPPPPHPPPPPPPPPHPPHPPPPPP
477,PPPHPPPHHPPPPPPPPPHPPPHPHPPPPP
478,PPPHPPPPPPPPPPHPPPPPPPPHPPPHHH
479,PPPHHPPPPHPPPPPPPPPPPHPHPHPPPP
480,PPPHPPHHPPPPPPPPPPPPHPPHPPPPPP
481,PPPHPPPPPHPPPPPHHHPPPPPHPPPPPP
482,HPPPPPPHPPPPPPHPPPPPPHPPHPPPPP
483,PPPPPHPPPPHPPPPPPPPPPPPHPPPHHP
484,PPPPPPPPPHHPPPPPPPPPPPHPHPPPPH
485,PPPPPHPHPPPPPPPPPPPHHPPPPPPHPP
486,PPHPPHPPPPPPPPHHPPPPPPPPPPPPHP
487,PHPPPHPPPPPPHPPHPPPPPPHPPPPPHP
488,PHPPPHPPPHPPPPPHPPPPHPPPPPPPHP
489,PPPPPHPPPHPPPPPPPPPPPPPPPHPHHH
490,HPPPPPPPHPPPPPPPPPPPPPPPPPPPHH
491,PPHPPPPPPPPPPHPPPHPPPPPHPHPPHP
492,PPPPHPHPHPPPPPPHPPPPPPPPPPHPPH
493,PPPHPPPPHPPPPPPPPPPHPPPHPPPPPP
494,HPPPPPPPHPPPPPPPPPPPPPPPHHPPPH
495,PPPPPPPHPPHPPPPHPPPPPHPHPPPHPP
496,PPPPPPPPHHHPPPPPPPPHPPPPPPHPPP
497,PPPPPPPHPPPPPPPPPPPPPPPPHHPHPP
498,PPHPPPPPPPPPPHPPPHPHPPPPPPPPHP
499,HPPPPPPPPPHHPPPPPPPHPPPPPPPPPH
500,PPPHPPPPHPHHPPPPPPPHPPPPPPPPPP
501,PPPPPPPPPHPPPPPHPPPPPPPPPPPHHH
502,PPPPPPHPPPPPHPPPPHPPHHPPPPPPPP
503,PPPHPPPPHPHHPPHPPPPHPPPPPPPPPP
504,PHPPPPPPPPPPPPHPPPHPPPPPPPPPHP
505,PPHPPPPPPPPPPPPPHPHPPHPPPPPPPP
506,PPPPPPPPPPPPHPPPPPHHPPPPHPPPPP
507,PPPPPHPPPPPHHPPPPPPPPPPPPPHPPP
508,HPPPPPPPPPHPPHPPPHPPPHPPPHPPPP
509,PPPPPPPPPPPPPHPPHPPPHHPPPPPPPH
510,PPHPPPHPPPPHPPPPPPPHHPPPPPPPPH
511,PPPPPPPPPPPPHPPPPPHPHHPPHPPPPP
512,PPHPHPPHPPPPPPPPPPPPPPPPPPPPPH
513,PPHPHPHPPPPHPPPPPPPPPPPPPPPPPP
514,PHPPPPHPPPPPPPPHHPPPPPHPPPPPPP
515,PPPPHPHPPPHPPPPPHPPHPPPPHPPPPP
516,PHPPPHPPHPPPPPPPPPPPPPPPPPHHPP
517,PPHHPPHPPPHPHPHPPPPPPPPPPPPPPP
518,PPPPPPHPHPPPPHPPHPPPPPPPHPPHPP
519,PHPPPPPPPPPPPHPPPPPPPPPPHPPHPP
520,PPPPPHPPPPPPPPPPPHPHPPPPPPPHPH
521,PPPPPPPPPPHPPPHPPPPPHPPPPPHPHP
522,HHPPPPPPPPPPPHPPPHPPPHPPPPPPPH
523,HPPPPPHHPPPPPHPPPPPHPPPPPPPPPP
524,PHHPPPPPPPPPPPPHPPPPPHHPPHPPPP
525,PPPPPPPPPPPHPHPPHPPPPPPHHPPPPP
526,PPPHPPPPHPPHPPPHPPPPPHPPPPPPHP
527,PHPPPHHHPPPPPPPPPPPPHPPPPPPPPP
528,HPPPPPPHPPPHPPPPPPHPPPPPHPPPPP
529,PPPPPPPPHPHPHPPPPHPPPPPPPPPPHH
530,HPHPPPPHHPPPPPPPPPHPPPPPPPPPPP
531,HPPPPPPHPPHPPPPPPHPPPPHPPPPPPP
532,PPPPPPPPPHHPPPPPPPPPHPPHPPPHPP
533,PPPPHPPPPPHPPPPHPPPPHPPPHPPPPP
534,PPPPHPPPPPHPPPPPPPHPHHPPPPPPPP
535,PPPPPHPHHPPPPPPPPPPPPHPPPPPPPP
536,PHPPPPPPHPPPPPPPHHHPPPPPPPPPPH
537,PPPHPPPHPPPPPPPHPPPHPPPHPHPPPP
538,HPPPPHPPPPPPPHPPHPPPPPPPPPPPHP
539,PPPPPPPPPPPPPHPHHPHPPPPPPPPPPP
540,PHPPPHPPPHPPPPPPHHPPPPPPPPPPPP
541,HPPPHHPPPPPPPPPHPPPPPHPPHPPPPP
542,PPHPPPPPPPPPHPPHPHPPPPPHPPPHPP
543,PPPPPPHPPPHPPPPHPPPPHPPPPPPHPP
544,PPPPHPPPPPPPPPPHPPHPPPPPPPPHPP
545,PPHPPHPPHPPPPPHPPPPPPPPPPPPPPP
546,PPPPHHPPPPPHHHPPPPPPPPPPPHPPPP
547,PPPHPPPHHPHPPPPPPPPPPHPPPPPPPH
548,PPPPPHPPPPHPPPPPPPPPPHPPPPPHPP
549,PPPHPPPHPPPPPPPHPPPPPPHPPHPPPH
550,PPPHPPPHPPPHPPPPPPPPPHPPPPPPPP
551,PPPPPPPHPHPPPPPPPPPHPPPHPPHPPP
552,PPPPPPHHPPPPPPPPPPHHPHPPPPPPPP
553,PPPHPPPPPPPPPPHPPHPPPPPPHPPHPH
554,PPPPHPPPPPPPPPPPHPPPHPHPPPPPPP
555,PPPPPPPPHHPPHHPPPHPPPPPPPPPHPP
556,HHPPPPPPPPPPPPPPPPPPPPHHPPPHPP
557,PPPPPPPHHPPPPPHPHPPPPPPPPPPPHP
558,PPPPHPHPPPHPPHPPPPPPPPPHPPPHPP
559,PPPPHPPPPPPPPHPPPPPHPPPPHPPPHH
560,HPPPHPPPPHPPPPPPPPPHPPPPHPPPPP
561,PHPPPPHHHPHPPPPPPPPPPPPPPPHPPP
562,PPPPPPPPPPPPPHPHPHPPPPPPPPHPPP
563,PPPHPPPPPPPPHPPPPPPHPHPPPPPPPH
564,HHPPPPHPHHHPPPPPPPPPPPPPPPPPPP
565,PPPHPPPHPHPPHPPPHPPHPPPPPPPPPP
566,HPPPPPPHPPHPPPPHPPHPPPPPPPPPHP
567,PPPHPPPPPPPPPPPPPPPHPPPHPPPPPH
568,PPPPPPPPPPPHHHHPPPPPPPPPPPPPPP
569,PPPPPPHPPPHPPPPPPPPHPHPPHPPPHP
570,PHPHPPPHPPPPPPPHPHPPPPPPPPPPHP
571,HPPPHPPPPPPHPPHHPPPPPHPPPPPPPP
572,PPPPHPHPHPPPHPPPPPPPPPPPPHPPPP
573,PPPPPPHHPPPPHPPPHPPPPHPPPPPPPP
574,PHPPPPHPPHPPPPPPHPPHPHPPPPPPPP
575,HHPPPPPPPHPPPPPPPHPPPPPPPPPPHH
576,HPPPPHPPPPPPPPPPPPHPHPPPPPPPPP
577,PPPPPPHHPPHPPPPPHPPPPHPPPPHPPP
578,PPHPPPPPPPPPHPPHPPPPHPPPPPPPPP
579,PPPPPHPPPPPHPPHPPHPPPPPHHPPPPP
580,HPPPHPHPPPPPPPPPPPPHPPPPPHPPPP
581,PPPPPPPPPHPPPPPPPHPPPHPPHPPPPP
582,PPPPHPPHPPPPPPPPHHPPHHPPPPPPPP
583,PPPPPPPHPHPPPPPPHHPPPPPPPPPHHP
584,PPHHPPPPPPPPPPPPPPHHPHPPHPPPPP
585,PPPHPHPPPPPHPPPHPPPPPHPPPPPPPP
586,PPPPPPPPPPPPPPPPPHPPPPPHPHPPPH
587,HPPPPPPPPPPPPHPHPHPPPPPPPPPPPP
588,PPPPPPPPPPPPPPPHPHPPPPPPPPPPHH
589,PPPPPPPPPPPPPHPHPPPPHPPPHPPPPP
590,PHPPPPPPHPPPPPPHPHPPPPHPHPPPPP
591,PPPPPHPHPPPPHPPPHHPPPPPPPPPPPP
592,PPHPHPPHPPPPPHPPPHPPPPPPPPPPPP
593,PPPPPPPPPPPPPHHPPPPHPPPHHHPPPP
594,PPHPPPPPPPHHPPPPPPHHPPPPPPHPPP
595,PHPPPPPPPPPPPPPPPPPPPPPPPHPPHH
596,HPPPPPPHPHPPPHPPPPPPPPPPPPHPPP
597,PPHPPPHPPPHPHPPPPPPPPPPPPPHPPH
598,PHPPPPHPPPPPPPPPPHPPHPPPPPPHHP
599,PPHHPHPPPPPPHPPPPPPPHPPPPPHPPP
600,PPPPPPPPPPHPPPPPPPPHPPPPPHPPPH
601,PHPPPPHHPPPPPHPPHPPPPHPPPPPPPP
602,PPPPPPPPHPPHPPHPPPPPPPPHHPHPPP
603,PPPPPPPPPHPPPPPHPHPHPHPPPPPHPP
604,PHPPPPPPPPPHPPPPPPHPHPPPPPHPPP
605,PPPPPPPPPPHPPPPPPPHPPPPHHPHPPP
606,PHPPPPHHHPPPPHPPPPPPPPPPPPPPHP
607,PHHPPPHPPPPPPPPPPPPHPPPPHPPPHP
608,PPPPPPPPHPPHPPPPPHPPPPPPPPPHPH
609,PPPPPHPHPPPPHPPPPPPPPPPPPHPPHP
610,HPPHPPPPPPPPPPPHPPPHPPPHPPPPPP
611,PPHPHPPPPPPPPPPPPPPHHPPPPPPPHP
612,HPHPPHPPPHPPPPPPHPPPPHPPPPPPPP
613,PPPPPPPHPHPPPPPHPHPPHPPHPPPPPP
614,PPHPPHPPPHPPPPPPPPPPPPPPHPPPPP
615,PPPPPPPPPPPHPPHPPPHPHHPPPHPPPP
616,HPPHPPPPHHPPPPPPPPHPPPPPPPPHPP
617,PPPPPPHPHPPPPPPHHPHPPPPPPPPHPP
618,HHPPPPPPPPPPHPPPPPPPPPHPPHPPPP
619,HPPPPPPHPPPPPPPPPPHPPPPPHPPPPH
620,PPPPPPPPHPPHPPPPPPHPPPHPHPPPPH
621,PPPPPPPPPHHHPPPPHPPPHPPHPPPPPP
622,HHPPHPPPPPPPHPPPPPPHPPPPPPPPPP
623,PPPPPPPPHPPPPPHPPPHHPPPHPPPPPP
624,PPHPPPPPHPPPPPPPPPPPHPPPHPPHPH
625,PPPPHPPPPHPPPPPPPPHHPPPPHHPPPP
626,PPPPPHPPPPPPPHPPPPPPPPPHPHPPPP
627,HPPPPPPPPPPPPPPPPPPHPHPPHPPPPP
628,HPPHPPPHHPPPPPHPHPPPPPPPPPPPPP
629,HPPHPPPHPPPPPPPPPPPPPPPPPHHPPP
630,PPPPPPPPPHPPHPHPPHHPPPPPPPPPPP
631,PPPPPPPPHPPPHPPPPPPPPPPHHPPPPH
632,PPPPPHPPPPPPPPPPPPHPHPPPPPPHPP
633,PHPPPPPPPPPHPPHPPPPPHPHPHPPPPP
634,PPPPPPPHPPHPPPPHPPHHPPPPPPPPPP
635,PPPPPHPPPPPPHPPPPPPPHHPPPPPHPP
636,HPPPPPPPPPHPPPPPPHPPPPPPPHPPPP
637,PPPPPPPHPPPPPPHPPHPPHPPPPPHPPP
638,PPPPPPPPPPPPPHPPPPHHPPPPPHPPHP
639,HHPPHPPPPPPPPPPPPPPPHHPPHPPPPP
640,PPPHPPPPPPPPPPHHHPPPPPPPHPPPPP
641,PPHPPPPHPPPPPPPPPPPPPPPPHPPHPH
642,PPPPPPPPHHPPPPPHPPPPHPPPPHPPPP
643,PPPPPPPPPPPPPPPHPPPPHPHPPPHPPH
644,PPPPPPPPHPPPPHHPPPPPHPPPPPHPHP
645,PPPPHPPPPPPHPPPPHPPPPPPPPHHPPP
646,PPPHHPPPPPPPPPPPHPPPHPHPPPPPPH
647,PPPPPPPPPHPPPHPPHPPPPPPPPPHHPP
648,PPPPPPHPPPPPPPHPPPPPPPPHHPPPHP
649,PPPPHPPPPPPPPPPPHHPPPPPHPPHPHP
650,PPPPHPPPPPHPPPPPPPPHPPPHPPHPHP
651,PPPHHPPPPPPPPPPPHPPHHPPPPPPPHP
652,PPHPPPPPPPPPPPPPPPPPPHHPPPPPHP
653,PPPHPPPHHPPPPPPPPPPPHPHPPPPPPP
654,PPPPPPPPPHPPPPPPPPPHPPPHPPPHPP
655,HHPPPPPHPPPPPPPHPPHPPPPPPPPHPP
656,PPHPPPPPPPPPPPPPHPHPPPPPPPHHHP
657,HHHHPPPPPPPHHPPPPPPPPPPPPPPPPP
658,PPPHPPPPPPPHHHPPPPPPPPPPPPPPPP
659,PHPPPPPPPPHPPPPPPPPPPPPPHPHPPP
660,PPHPPHPHPPPPPHPPPPPPPPPPPPPPPP
661,PPPPPPHPPPPPPHPPPPPPPPPHPPHPPP
662,PPPPPPPPHHPPPPPPPPPPPHHPPPHPPP
663,HPPPPPPPPPPHHPPPHPPPPPPPPPPPPP
664,PPHPPPHPPPPHPHPPPPPPPPPHPPPPPP
665,PPPPPPPHPHPPPHPPHPPPHPPPPPPPPP
666,HPPPPPPPHPPPPHPPPPPPHPHPPPPPHP
667,HPPPPPPPPPPPHPHPPPPPPHPPPPPPPP
668,PPPHHPPPPPPPHPPPPPHPPHPPPPHPPP
669,PPPPPPPPPPPPPPPPPHHHPPHHPPPPHP
670,PPPHHHPPPPPPPPPPPPPHPPPPHPPPHP
671,PPPHPPPHPPHPPPPPPPPHPPHPPHPPPP
672,HPHPPPPPPPPPPPPPPHPHPPHPPPPPPP
673,PPPPPPHHPPHPHPPPPPPPPPPHPPPPHP
674,PPPHPHPPPPPPPPPPPHPPPPPHPPPPHP
675,HPPPPPPPPPPPHHPHPPPPPPPPPPPPHP
676,PPHHPPPPPPPPPPHPPPPHPPPPPPPPHP
677,PPHHPPPPPHPPPPPPPPPPPPPHPPPPPP
678,PHPPPPPPPHPPPHPPPHHHPPPPPPPPPP
679,PHPPPPPPPPPPHPPPPPPPPPHPPPHPPP
680,PPPPHPPPHPPPPPPPHPHPHPPPPHPPPP
681,PPPPPPPPHHHPPPPPPPPPPPPHPHPPPP
682,PPPHHPPPHPPPHPHPPPPPPHPPPPPPPP
683,PPPPPHPPPHHPPPPPPPPPPPHPPPPPHP
684,PPPPPPPPHPPPHPPPPPHPPPHPPHPPHP
685,PPPPPPPPPPHPHPPPPPPPHPPPPPPPPH
686,HPPPPPHPPHHHPPPPPPPPPPPPPPPPPP
687,PPPHPPPPHPPPPPPPHPPPPPHPPPPPPP
688,PPHPPPPHPPPPHPPPPPPPPPPHPHPPPP
689,PPPHPHPPPHPPHPPPPPPPHHPPPPPPPP
690,PPPPHPPPPHPPPPPPPPPPPPHPPPPHPP
691,PPPPPPPPPPPPHPPPPPPHPPPPHPPPHP
692,PPPPPPPPPPPPPPPPHPPPPPPPHPPHHP
693,PPPPPHPPPHHPPPPPPPPPPHPPPPPHPP
694,PPHPPHPPPPPPPPPPPPPPPPPPPHPHPP
695,PHPHPPPPPPHPPPPPPHPHPPPPPPPPPP
696,HPHPPPPPHHPHPPPHPPPPPPPPPPPPPP
697,PHPPPPPHPHPPPPPPPPPPPPHPPPPHPP
698,PPPPPPPPPPPHHPPPPHPPPHHPPPPPPH
699,PHPPPPPPPPPPPPPPPHPPHPPPPPPHPP
700,PPPPPPPHPPPPPPPHPPPPPPPHPPPPPH
701,PPPPPPPPPHPPHPPPPPHPPPPPPPHPPH
702,PHPPPPPPPPPHPPHPPHPPPPPPPPPPPH
703,PPPPPPPHHPHPPPPPPPPPHPPHPHPPPP
704,PHPPPPPPPHHPPPPPPPPPPPPHHPPPPP
705,HHPPPPPPHPPHHPPPPPPPPPPPPHPPPP
706,PPHHPPPPPPPPPPPPPHPPHHPPPPPPPH
707,PPPPPPPPPPHPPPPPPPHHPHPPPPPPPP
708,PPPPPPPPPPHHPPHPPPPPPPPPPPPPPH
709,PHPPPPPPPHPPPPPPPHPPHPHPPHPPPP
710,PPPHPPHPHPPPPPPPPPPPPPPPPHHPPP
711,HPPPPHPPHPPPPPPPPPPPPPHPPHHPPP
712,PPPPHPPPPPPPHPPPPHPPPPPPHHPPPP
713,PPPHPPPPPPPPPHPPHPPHPPPPPPPHHP
714,PPPPPHPPPPPHPHPPPPPHHPPPPPPPPP
715,HPPHPPPHPPPPHPPPPPPPPPPPPPPHPP
716,HPPPPPPPPHPPHPPPPHPPPPPPPPPHPP
717,PPPPPPPPPPPHPPHPPPPPPPPHPPPPPH
718,PHPPHPPPPPPPPHPPPPPPPPPPPHPPPP
719,PPPHHPPPPPPPPPPPHPHPPPPPPPPPPH
720,PHPHPHPPPPPPPPPPPPPPPPPPPPPHPP
721,PPPPHHPPPPHPPPPPPPPHHPPPPHPPPP
722,PPPPPPPPPPPPPPPHPPPHHPPPPHPPPP
723,HPPPPPPHHPPPPPPPPPPHPPHPPPPPPP
724,PPPHPPPPPPPPPPPPPPHHPPPPHPPPPP
725,HPPPHPPPHPPPPPPPPPPPPHPPPPPPPP
726,PPPPPHPPPPHPPPPPPPPHPPPHPPPPHP
727,PHHPPHPHPPPPPPPPPPPPPPPPPPPPHP
728,PPPPHPPPPHHPPPPPPHPPPPHPPPHPPP
729,PPPPPPPPPHPPPHHPHPPPPPPPPHPHPP
730,PPHPHPPPPPPPPPPPPPPPPPPHPPPHHP
731,PPPHPHPPPPPHPHPPPPPPPPPPPHHPPP
732,PPPPPHPHHHHHPPPPPPPPPPPPPPPPPP
733,PHPPPPPPHPHPHPHPPPPPPPPPHPPPPP
734,PPPPHPPHPPPHPPPPPPPPHPPHPPPPHP
735,PHPPPHPHPHPPPPHPPPPPPPPPPPHPPP
736,PPPPHPPPPPPPPPPPPPPHHPPPPPPHHH
737,PPPPHPPPPPPPPPPHHPPPPHPPPPPPPH
738,PPPPPHPPPPPPPHPPHHPPPPPPPPPPPP
739,PPPPPHPHPPPPPPPPHPPPHPPPPPPHPP
740,PPPPPPPPPHHPHPPPPPPPPHPPPPHPPP
741,PPPPPPPPPHPPPPPPHPPPPPPPPPHPPH
742,PHPPPPPPPPPPPPHPPHPPPPPPPPPHPH
743,PPPPPPPPPPPPPPPPPPPHPHPPHPHPPP
744,HPPPPPPPHPPPHPPPPPPHPPPPPPPPPP
745,PPPHPPPPPPPPPPPPPPPPPHHPHHPPHP
746,HPHPPHPPPPPPHHPPPPPPPPPPPPPPPP
747,HPPPPPPPPPPPPPHHPPPPHPPPPPPHPP
748,PHHPPHPPPPHPPPPPPPPPPHPPPPPPPH
749,PHPPPPHPPHPPPPPPPHPPPPPPPPPPHP
750,HPPPPHPPPPPPPPHPPHPPPPPPPHPPPP
751,PHPPPPHPPPPPPPPPHPPPPPPPPPPPPH
752,PPPPPPHPHPPHPPPHPPPPPPPPPPPHPH
753,PPPPPPPPPPHPPPPPPPPPHHPPPPPHPP
754,HPPPPPHPHPPPPHPHPPPPPPPPPHPPPP
755,PPPPPPPPPPPPPPHHPHPPPPPPPPHPPP
756,PHPPPPPPHPHPPPHPPPPPPPPPPPPPPP
757,PPPPPPPHPPHHPPPPPHPPPPPPPPPPPP
758,HPPPPPPPHHPHPPPPPPPPPPPPPPHPPP
759,PHPPPHPPPPPHPPPPPHHPPPPPPPPPPH
760,PHPPPPHPPPPPPPPPPPPPHPPPPPPPPH
761,PHPPPHHPPPPPPPPPPPPPHPPPPPPPHP
762,PHPPPPPPPPPPPPPPHPHPPPHPPPHHPP
763,HHPPPPPPPPPPPPPPPPPPPPPPPHHPPP
764,PPHPPPPPPHPPHPPPPPHPHPPPPPPPHP
765,HPPPPPPPPPPHPPPHPHPPHPPPHPPPPP
766,PPPPPPPPPPHPPPPPPHPPPPPPHPPHPH
767,PHPPPHPPPPPPPPPPPPHHPPPPPPPPPP
768,PHPPPPPPPPPPPPHPPPPPPPHHHPPPPP
769,HPPPPPPHPPPPPPPPHHPPPPPPPHPPPP
770,PPPHPPPPPPPPHPPPHPPHHPPPHPPPPP
771,HPPPPHPPPPPPPHPPPPPHPPPPPPPPPH
772,PPPPPHPPPPPPPPPPPPHPPHPPPPHPPP
773,PPPPPPPPPHHPPHPPPPPPPHPPPPPPHP
774,PPPHPPPPHPHPPPPPPPPHPPPPHPPPPP
775,PPPHPPPPPPPPPPPPPHPPPPPHPPPPPH
776,HPPPHPPPPPPPPPPPPPHPPPPPHHPHPP
777,PPPPPPPPHHPPPPPPPHPHPPHPPHPPPP
778,PPPPPPPPHPPPPHPPPHPPPPPHPPPPHP
779,PPPPPHPPPPHPPPHPPPPHPPPPPPPPPH
780,PPPPHHPPHPPHPPPPPPPPPPPPPPHPPP
781,HPHPPPPPPHPPHPPHPPPPPPPPPPPPPH
782,PPPPHPPPPHPPPPPPPPPHPPPPPHPHHP
783,PPPPHPHPPPPPPPPHPPPPPPPPPHPPPH
784,PPPPHPPPPPPPPPHPPPHPPPPHHPPPPP
785,PHPPHHPPPPHPPPPPPPPPPPPPHPHPPP
786,PPHPPPHPPHPPPHPPPPPPPPHPPPPPPP
787,PPPPPPPPPHPHPHPPHPPPHPPPHPPPPP
788,PPHPPPPPPPPHHHPPHPPPPPPPPPPPPH
789,PPPPPPPPPPPPPHPPHPHPPHPPHPPPPP
790,HPPPHPHPPPPPHPPPPPPPPPHHPPPPPP
791,PPPPHPPPPPPHPHHPPPPPPPPPPPHPPP
792,PPPPPPPPHPPPHPPPPPPPPPHPPHPHPP
793,PPPPHHPPPPPPPPPPPPPHPPHPPHPPPP
794,HPPPPHPHPPPPHPPHHPPPPPPPPPPPPP
795,PPPPPHPPPPHPPPPPPPPHPPPPPPPPPH
796,PPPPPPPPPPPPPHHPPHPPHPPPPPPPPP
797,PPPPPPPHPPPHPPPPPPPPPPPPHPHHPP
798,PPPPPPPPHPPHHPPHPPPPPPHPPPPPHP
799,HPPPPPPPPPPPHPPPPHHPPPPPPPHPPH
800,PPPPPPPHPPPHPPPHPPHHPPPPPPPPPP
801,PPPPPPPPPPPPPHHPPPPPPPPHHHPPPP
802,PHPPHPPPPHPPPPPPPPPHHPPPPPPPPP
803,PPPPHPPPPPPPHPPPPPPPPPPHHPPHPP
804,PPHPPPPPPPPHPHPPPPPPPPPPHPPPPP
805,PPPPPPPPPPHPHPPPPPPHHPHPPPPPPH
806,PPPPPHPPPHPPPPHPPPPPPPHPPHPPPP
807,HPPPPPPPPHPPPPHPPPPPPPPPPPHPPP
808,PPPPPPPPPPHPPHHHPPPPPPPPPPPPHP
809,PPPPPHPPPHPPHHPPPPPPHPPHPPPPPP
810,PPPPPHPPPHHPHPPPPPPPPPHPPPPPPP
811,PHHPPPPPHPPPPPPPPPPHPPPHPPPPPH
812,HPPPPHPPPPPPPPPPPPPPPHHPPPPPPP
813,PHHPPPPPPPPPHPPPPPPPPPPPPPPHPH
814,PPPHPHPHPPPPPPPPPPPPPHPPPHPPPP
815,PPPPPPPPPPHPPPHHPPPHPPPHHPPPPP
816,PPHPHPPPPPPPPPPPPPPPPPPPPHHPPP
817,PPPPPHHHPHPPPHPPPPPPPPPPPPPPPP
818,PPPPHPPPPPPPPPHPPPPPPPHPPPPHPP
819,HPPPPPPPPPPPPPPPPPPHPPHPHPPHPP
820,PPPPPPHHPPPPPPHPHPPPPHPPPPPPPP
821,PPHPPPHPPPPPPPPPPPPPPPPHPHPPPP
822,PPPHPPPPPPPPHPPPPPPPPHPPPPPHPP
823,PPPPPPPHPPPPPPPPPPPHPPPPHPHPPP
824,PPPPPPPPPHPPPPPPHPHPPHPPPPPPPP
825,PPPPPHPPPPPPPPPPPPHPPHPPPHPPPP
826,PPHPPPPPPPPPPPPHPPPPPPPHHPPPHH
827,PHHPPPPPPPPPHPPPHPPPPPPPPPPPPP
828,HPHPPPPPPPPPPHPPHPHPHPPPPPPPPP
829,PPPHPPHPPPPPPPPPHPPPPPPPHPPPPP
830,PPHHPHPPPPPPPPPPPHPHHPPPPPPPPP
831,PPPPPPPPHPPPPPPPHPHPPPPHPPHPPP
832,HPPPPPPPPPPPPPPPPHPPPPHPPPPPPH
833,PPPHPHPPPPPHPPPPPPPPPHPPPPPPPP
834,PPPPPHPPPPHPPPPPPPPPPPHPPPHPHP
835,PPPPPPHPPPHPPPPPHPPPPPPPPHHHPP
836,HPPHPPPPPPPPHPPPPPPPPPPHPPPPHP
837,PPHHPPPPHHPPPPPPPPPPPHPPPPPPPP
838,HPPPHPPPPPPPPPHPPPPPPPPPPPHPPH
839,PPHPPPPPPPPPHPPPPHPPHPPPPPPHHP
840,PPPPPHPPPPPPPPHPPPPHHHPPPPPPPH
841,PPPPHPPPHPHHPPPHPPPPPPPPPHPPPP
842,PPPPPHPPPHPHPPHPPPPPPPPHPPPPHP
843,PPHPHPPPPPPHPPPPPPHPPPPPPPPHPH
844,HPPPPPPPPPPPHPPPPPHPPPPPHHPPPH
845,PPPPPHPPPHPPPPPPHPPPPPPHPPHPPH
846,PPPPPHHPPPHPPPPPPPPPPHPPPPPPPH
847,PPPPPPPHHPPPPPPPHPPPPPPHPPPPHH
848,PPPPPPHPPPPPPHPPHHHPPPPPPPPPPP
849,PPPPPPPPPPPPPPHPHPPPHPPPPHPPPP
850,PPPPPPHPHPPPPPPPPPPPPHPHPPPPHP
851,HPHPHPPPHPHPPPPPPPPPPPPPPPPHPP
852,PHPHPPPPPPPPPPPPPPHPPPHPPPPHHP
853,PPPPPPPPPHPHPPPPHPPPPPPPHPPHPP
854,PPPHPPPPPPPPPPPPHPPPPPPPHPPHPP
855,PPHPHPPPPPPPPPPHPPPPPPPPPPPPHP
856,PPHHHPPPPPPHPPPPPHPPPPPPPPPPPP
857,HPHPPPPPPPHPPPPPPPHPPPHHPPPPPP
858,HPHPPPPPPHPPPPPPPHHPPPPPPPPPPP
859,PHPPPPPPPPPPPPPHPPHPPPPHPPPHPP
860,HHPPHPPPPPPHPHPHPPPPPPPPPPPPPP
861,PPPPHPHPPPHPPPPPPPPPPPPHPPPPPP
862,PPPPPPPHPPPPPHPPPPHPPHPPPHHPPP
863,PPPPPPPPPHPPHPHHPPPPPPPPPHPPPP
864,PPHPHPPPPPPPPHPPPPPPPPPPPPHPPP
865,PPPPPPPPPPHPPPPHPPPPPPPPHHPPPH
866,PPPPPPPPPHPPPHPHPPHPPPPPPPPHHP
867,PPPHPPPPPHPHHPPPPPPPPPPPHPPPHP
868,PPPPHPPPPPPHHPPPPPPPHPPHPPPHPP
869,PPPHHPPHPHPPPPPPPPPPPPPPHPPPPP
870,HPPHPPPPPPPPPPPPPHPPPPPHPPPPHP
871,PPPPPPPPPHPPPPHPHPPPPPPHPPPPPH
872,PPPPHPPPHPPPHPPHPPPPPPPHHPPPPP
873,PPPPPHPPPPPPPPPPPPHPPPPPPHPHPP
874,PPHPHPPPPHPPPHPPPPPHPPHPPPPPPP
875,PHPPPPPPPPPPPPPPPPHHPHPHPPPPPP
876,PHPHPPPPPPPPPPPPHHPHPPPPHPPPPP
877,PPPPHPHPPPPPHPPHPHPPPPPHPPPPPP
878,PPPPPHPPHPPPHPPPPHPPHPPPPHPPPP
879,PPHPPPPPPPPPPHHPPPPPPHPPPPPHPP
880,PPPPPPPPPHPHPPPPPPPPHPPPPPPPHP
881,PPPPPPPPPHPPPPHHPPHPPPHPPPPPPP
882,HPPPPPPPPPPPHPHPPPPPHHPPPPPHPP
883,PPPPHPPHPHPPPPPPHPPPPPPPPHPPPP
884,PPPPPPPPPPPPPHPHPHPPPPPPPPPPPH
885,PPPPPPHHPHPPPPHPPPPPPPPPPPPPHP
886,PPPHPPPHHHPHPPPPPPPPPPPPHPPPPP
887,PPPPHPPPPHPPPPPPHPPPPPHPPHPHPP
888,PPPPHPPPPPHPHPPPPPPPPPPPPPPPPH
889,PPHHHPPPPPPPPPPPPPPHHPPPHPPPPP
890,PPHPPPPPPPPHPHHPPPPPPPPPPPPPHP
891,PPPPPPPPPPHPPPPPHPPPPPPPPHPPPH
892,PPPPHPPHPPHPPPHPPPHPPPPPPPPPHP
893,PPPHPPPPHPPPPPPHPPPPPHPPPPPPHP
894,PPPPPPPHPPPHPPPPPPPPPPPPPPPHPH
895,PPHPHPPPHPPPPPPHHPPPPPPPHPPPPP
896,PPPPPPPPPPPPHPPPPPHPPPPPHPPPHP
897,PPPPHPPPPHPPPPHPPPPHPHPPHPPPPP
898,PPPPPPHPPPHHPPPPPHPPPHPPPHPPPP
899,PPPPPHPPHPHPPPPPPPPPPPHPPPPPPH
900,PPPPPHHPPPPPPPHPPPPPPPHPPPPPHP
901,HPPPHPPPPPPHPPHPPPPPPPPHPPPPPP
902,PPPPPPPPPPPPHPHPPPPHHPPPHPPPHP
903,PPPHPPHPPPPPPPPPPPHPPPPPPHPHHP
904,PHPHPPPPPPPHPPHPPPPPHPPPHPPPPP
905,PPPPHPPPPPHPHPPPPPPPHPPPPPPHPP
906,PPPPPPPHPPPHPPPPHPPPHPPPPPHPPH
907,PPPPPPPPHPPPPPHPPPHPHPPPPPPPPH
908,HHPPHPPPPPPPPPPPPPHPPPPHPPPPPP
909,PPPPHPPPPPPPPHPPPPPPPPPPPPHPHP
910,PHPPPHHPPPPPPPPPHPPPPPPPPPPPPH
911,PPPPHPPPPPPPPPPHPHPPPPPHPPPPHP
912,PPPHPPPPPPHPPPPHHHPPPHPPPPPPPP
913,PPHPPPHPPHPPPPPPPHPPPPPPPPPHPP
914,PPPPPPPPPPPPHPPPPPHPPPHHPPPPPP
915,PPPPPPHPPPPPPPPPPPPPPPHPPHPPHP
916,PHPPPPPPPHHPPPPPPPPPHHPPPPPPPP
917,PPHPPHPPPPPPPPHPPPPPPPHHPPHPPP
918,PPPPPPPPPHPPHPPPHPPPHPPPPHPPPP
919,HPPPPPPPPPHPPPPHPHPPHPPPPPPPPH
920,PHPPPPPPPHPPPPHPPPPHPPHPPHPPPP
921,PPPHPPPPPPPPPPPPPPPPPPPHPHHPPP
922,PPPPPPPPPPHPPPPPPPPPPPPHPPHPHH
923,PPPPHPPPPPPPHPPPHPPPHPPPPPHPPP
924,PPHPPPPHPPPPHPPPPPPHPPPPPPPPPP
925,PPPPPHHPHHPPPPPPPPPPPPPHPPPPPP
926,HPPPPPPPPPPPHPHPPPPPPPPPPHPPPP
927,PPPHHPPPPPPPPPPPPHPPPPPHPPPPPH
928,PPHPPPPPPHPPPPPPHPHPPPPPPPPPHP
929,PPPHHPPHPPPHPPPPPPPPPPPPPPPPPP
930,PHPPPPPPPPPPPHPHPPPHPPHPPPPPPP
931,HPPPPPPPPPPPPHPPPHPHPPPPPPPHPP
932,PPPPPPPPPPPPPPPPHPPPPPPPPPHHHP
933,PHPHPPPPPPPPPPHPPPPPHPPPPPPPPP
934,PPPPPPPHHPPPPHPPPPPPPPPPPPPPHP
935,PPHPPPPPPPPHPPHPHPPPPPPPPPPPHP
936,PHHPPPPPPPHPPPHPPPPPPPPPHPPPPP
937,PHPPPPPHHHPPPPPPHPPPHPPPPPPPPP
938,PPPPPPPPPPPPPPPHHPPPPPHHHHPPPP
939,PPHPPPPPPPPPPPHPHPPPPPPPPHPPPP
940,PPPPPPPPHPPPPPPPPHPPPPHPHPHPPP
941,PPHPPHPPHPHPPPPPPPHPPPPPPPPHPP
942,HPHPPPPPPPPPHPPPPPPHPHPPPPPPPP
943,PPPPPHHPPPPHPHPPPPPPPPPPHPPPPP
944,PHPPPPPPPPPPPPPPPPPPPPHPHPHPPP
945,PHPPPPPPHPPPHPPPHHHPPPPPPPPPPP
946,PPPPPPPPHPPPPPHPHPHPHPPPPPPPHP
947,PHPPPPPPPHHPPPPPHPPPPPPPPPPPHP
948,HPPPPPPPPPPHPPPPPHPPPPHPHPPPHP
949,PPPPHHPHPPPHHPPPPPPPPPPPPHPPPP
950,HPPHPPPPPPPPPPPPPPPHHPPPPPPPPP
951,PPPPPPPPPPHPPPPPPHPPPPPPPHPPHH
952,PPPPPPHPHHPPPHPPPPPPPHPPPPPPPP
953,PPPPPPPHPPHHPPPPPPPHPPPPPPPPPP
954,PPPPPPPPPHPHPPPPHPPPPHHPPPPPPH
955,PPPHPHPPPPPPPHPPPPPPPPHHPPPPPP
956,HPPPPPPPPHPPHPPPPPPPPPPPHPPPPP
957,PHPPPPPPHHPPPPPPPPPPPPHPPPPHPH
958,PPPPPPPPPPHPPPPPPHPPPPPPPPPHHH
959,PPPPPPPPPPPPHPPPPPPHPPHPPPHPPH
960,PPPPHPHPPPPPPPPPPHPPPPHPPPPPHP
961,PPPPPPHPPPPHPPPPPPPPHPPHPPPPPP
962,PPPPPPPPPPPPHPPPPPPPHHPPPPPHPP
963,HPHHPPPPPHPPPPPPPPPPPPPPPPPPHP
964,PPPPPPHPPPPPHPHHHPPPPPPPPPPPPP
965,PPPPPPPPPPPHPPPPHPHPPHHHPPPPPP
966,PPHPPPPPPPPPPPHPPPHPPHPPPPPHPP
967,PPPHPPPPPHPPPPPHPPPHPPPHPPPPPH
968,PPPHPPHPPPPPPPPHPPPPPPPPPHHPPH
969,PPPPPPPPHPPPPPPHPHPHHPPPPPPPPP
970,HPPHPPPPPPPPPHPPPPPPPPPPHPHPPP
971,PPPHPPPPPPHPPPPPPPPHPPPHHPPPHP
972,PPPPPPPPPPPPHPHPPHPPHPPPPPPHHP
973,HPPHPPPPPPPPPHPPPHPPPPHPPPPPPP
974,HPPHPHPHPPPPPPPPPPPPPHPPHPPPPP
975,HPPPPPPPHHPPHPPPPPHPPHPPPPPPPP
976,HPPPPPPPHPHPPPPPPHPPPPPPPPPPPP
977,PHPPPPPPPHHPPPPPHPPPPPPPPPPPPP
978,PPPPPPPPPHPPPHPPPHPPPPPPPPPPPH
979,PPPPPHHPPHHPPPHPPPPHPPPPPPPPPP
980,PPPPPPHPPHPPPPPPHPPPPPPPPPHHPP
981,HPHPPPPPHPPPPPPHPPPPPPPPPHPPPP
982,PPPHPPHPPPPPPPPPPPHPPPPHPHPPPP
983,PHPPPPHPPHPPPHHPPPPPPPPPHPPPPP
984,PPPPHPPPPHPPPHPPPPPPPPPPPPPPPH
985,PPHHPPPPPPPPPHPPPHPPPPPPPHPPPP
986,PPPPPPPHPPPPPPPPPPPPPHPPPPHHPP
987,PPPHPPPPPPPPHHPPPPPPPPHPPPPPPH
988,PHPHPHHPPPPPPPPHPPPPPPPPPPPPPP
989,PPPPHPPPPPPPPPHHPPPPPHPPPPPHPH
990,PPPPHPPPPPPPPPPPPHPPHPPPPPPPPH
991,PPPPPPPPPPPPHPPPPHPHHPPPPHPPPP
992,PPPPPPHPPPPPPPPPPPPHPPPHHHHPPP
993,PPPPPPPHPHPHPPPPPPPHPPPPPPHPPH
994,PPPPPPPPHPPPPPPPPPHHPHPPPPPHHP
995,PPPHPPPPPPPHPPPPPPPPPHHPPPPPPP
996,PHHPPPPHHPPPPPPPPPPPPPPPPPPPPP
997,PPPPPPPPPPPPPPPHPPPHHPHPHPPPPP
998,HPPPPHPPPPPPPPPPPHPPHPPPHPPPPP
999,PPPPPPHPPPPPPPPPPHPPPPPHPPHPPH
1000,PPPPPHPPPPPHHPPPPPPPPPPPPPPPPH
1001,PPPPPHPPPPPPPPPPHPPHPPPHHPPPPP
1002,PPPPPPPPHPPPPPPHHPPPPPPPPPPPHP
1003,PPPPPPPPPPPPPPHHPPHPHPPHPPHPPP
1004,PPPPPPPPHPHPPPPPPPHHHPPPPHPPPP
1005,PPPHPPPPHPHPPPPPHPPHPPPPPPPPHP
1006,PPPPPPPPHPPHPPPPHPPPHPPPHPPPPP
1007,PPPPPPPPPPPPPPPPPHHPPHHPPPHPHP
1008,HHPPPPPPPPHPPHPPPPPPPPHPPPPPPP
1009,HPPPPPPPPPPPPPPHPPPPPPHPPPPPHP
1010,PPPPPPHHPPHPHHPPPPPPPPPPPPHPPP
1011,PPHPHPPPPPPPPPHPHPPPPPPHPPPPPP
1012,HPPPPPPPPPPHHPPPPPPPHPPPPPPPPP
1013,PHPPPPPPPPPPPPPPPPHHPPPPHHHPPP
1014,PPPPPPHPHPPPHHHPPPPPPPPPPPPPPP
1015,HPPPPPHHPPPPPPPPHHPPPPPPPPPPPP
1016,PPHPPPPPPPPPPPPPHHHPPPPPPPPPHP
1017,PPPPPPHHPHPPPPPPPPHPPPHPPPPPPP
1018,PPPPHPPPPPHPPHPPPPPPPPPPPPPHPP
1019,PPPPPPPPPHPPPPPPPPHPPPPHHPHPPP
1020,PPPPPPPPPPPPHPPPPHPHPPPPHPPPHP
1021,PPPPPPPPPPPPPPPHPPPPPPHPPPPHHH
1022,PPPPPPPPHHPHPPPHPPPPPPPPPHPPPP
1023,PPPPPPPPPPPPPPPHHPHPHPPHPPPPPP
1024,PPPPPPPPPHPPPPPPHPHPPPPHPPPPHP
1025,HPPPPHPHPPPPPPPPHPPPPPPPPPPPPP
1026,PPPPPHHHPPPPPPPPPPPPPPPPPHPPHH
1027,PPHHPPPPPPPPPPHPPPHPHPPPPPPHPP
1028,PPPPHPPPHPPPPPPPPPPHPPPPPPHPPP
1029,PPHPHPPPPPPHHPPPPPPPPPPHPPPPPP
1030,PPPPPHPHPPPPPHPPPPPPPHPHPPPPPP
1031,HPPHPHHHPPPPHPPPPPPPPPPPPPPPPP
1032,PPPPHPPPHPPPPPPPPPPPHPHPPPHPPP
1033,PPPPPPPPHPPPPPPPPPPPHPPPPPHPPH
1034,PPPPPPPPPPHPPPPPPPPPPHPPHPHPPP
1035,PPPPHHPHPPPPHPPPPPHPPPPHPPPPPP
1036,HPHPPPHPPHPPPPPPPPPPPPHPPPPPPP
1037,PPPPPPPPPPPPPPHHHPPPPPPPPPHPPP
1038,HPPPHPPPPPPPPPPPPPHPPPPHPPPPPH
1039,HPPHPPPHPPPPPPPPPHPPPPPPHHPPPP
1040,PPPPPPPPPPPPHPPHHPPPPPPPPPPPHP
1041,PPHHPPPPPPPPPPPHPPPPPPPPPPPHPH
1042,PPPPPHPPHPPPPHPPPPPPPHPPPHHPPP
1043,PPHPHPPPPPPPPPPPPPPPPPPPPPPHHP
1044,PPPHHPPPHPHHPHPPPPPPPPPPPPPPPP
1045,HPPPPHPPPPPPPPPHPPPPHPPPPPPPPP
1046,PPPPPHPPPPPPPPHPHPPPPPPHPPPHHP
1047,HHHPPPHPPPPPPPPHPPPPPPHPPPPPPP
1048,HHPPPPPPPPHPPPPPHPPPPPPHPPPPPP
1049,PPPPHPPPPPPPPHPHPPHPPPPHPPPPPP
1050,HPHPPPPPPPPPPHPHPPPHPPPPPPPHPP
1051,PPPPPPPPPPPHHPPPPPPPPHHPPPPPPH
1052,PPPPPPPPPHHPPPPPPHPPPPPPPPPPHP
1053,HPPPPPPPPPPHPPHHPPPPPPPPHPPPPP
1054,PPPPHPPPPPHPPPPPPPPPPPPPHPPHHP
1055,PPPPPPPHPHPPPPPPHPPPPPPHPPPPPP
1056,HHPPPPPPHHPPHPPPPPHPPPPPPPPPPP
1057,HPPHPPPPPPPPPPPPHHHPPPPPPHPPPP
1058,PPPPHPPPPPPPPPPPPPPHPPHPPPPHHP
1059,PHPHPHPPHPPPPHPPPPPPPPPPPPPPPP
1060,PPPPHPPPPPPPPPPHPHPPHPPPPHPPPP
1061,PHPPHPPPPPPPPPPPPPPPPHPPPHPPPP
1062,PPPHPPPHPPHHPPPHPPPPPHPPPPPPPP
1063,PPPPPPPPPPHPPPHPPPPPPPPPHHPPPP
1064,PPPPPPPPPPHPHPPPPHHPHPPPPHPPPP
1065,PPHPPPPPPPHPHPPPPPPHPHPPPPHPPP
1066,PHPPPPHPPPPPPPPPPHPPHPPPPPPPHP
1067,HPHPPPPHPPPPPPPHPPPPPPPHPPPPPP
1068,PPPPPHPPPPPPPPPHPHPPPHPPPHPHPP
1069,PPHPPPHHPPPPPPPPPHPPPPPHPPPPHP
1070,PPPHPPPPPPPHPHPPPPPPPPPHPPHPPP
1071,HPPPPPPPPPHPPPPPPPPPPHHPPPHHPP
1072,HPPPPPPPPPPPHPPHPPHPPPPPPPPPPP
1073,HHPPPPPHPPPPPPPHPPPPPPHPPPHPPP
1074,PPPPPHHPHPPPPPPPPPPPPPHPPPPPHP
1075,PPPPPHPPPPPHPPPPHPPPPPPPPPPHPP
1076,PHPHPHHPPPPPPPPPPPPPHPPHPPPPPP
1077,PPPPPPPPPPPPPPPHHPHPPPPHPPPPPP
1078,PPPHPPPPPHHHPPPPPPPHPPPPPHPPPP
1079,HPPPPPPPPPPPPPPPHPHPPPPHPHPPPH
1080,PPPPHPPPPPPPHPPPHPPPPPPPPPHPPP
1081,PPHPPHPPPPPPPPPPPPHPPHPPPPPPPP
1082,PPPPPHPHHPPPPPHHPPHPPPPPPPPPPP
1083,PPPPPHPHHPPHPPPHPPPPPHPPPPPPPP
1084,PHHPPPPPPPPPPPPPPPHPPHPPHPPPPP
1085,HPPPPPHPPPPHPPPPHPPPPPPPPPPHHP
1086,PPHPPPPPPPPPHPPPHPPPPPPHPPPHPH
1087,PHPPHPPHHPHPPPPPPPPPPPPPPHPPPP
1088,PPHPPPPHPPPPPPPPPPHPPPPPPPPPHP
1089,PPPPPHPHPPPPPPPPPPHHHPPPPPPHPP
1090,PPPPPHPPHPPPPPPPPPPPPPHHPHPPHP
1091,PPPPHPPPPHHHPPPPPPPHPPPPPPPPHP
1092,PPPPPPPPHPPPPPPPPPHHHPPHPPPPHP
1093,PPPPHPPPPPHPPHPPPPPPPPPPHPPPHP
1094,PPPPPPPPPHPPHHPHPPPPHPPPPPPPPH
1095,PPPPPPPPPPHHHPPPPHHPPPPPPPPPPH
1096,PPPPPPHPPPPHPPPPPPPPHPPPHPHPPP
1097,PPPPPPPPPPPHPPPPHPPHPPPPPHHPPP
1098,PPHPHPPPPPPPPPPHPPPPPPPPPHPPPP
1099,PPPPPPPPPPPHPPPPHPPPHPPHHPPPPH
1100,PPPPPHHPPPPPPPPPPPPHPPHPPPPHPH
1101,PHHPPPPPPPPPPPPPPPHHPHPPPPPPPP
1102,PPPHPPPPPPPPPPPHPPHPPPPPPPPPPH
1103,PHPPPPPPPHHPPHPHPPPPPPPPPPPHPP
1104,HPPHHPPPPPPPPHHPPPPPPPPPPPPPPP
1105,PPPPPHPPPPPHPPHPPPPPPPPPHHPPHP
1106,PPPPPPPPHPPHPPPHHPPPPHPPPPPHPP
1107,PPPPPPPHPHPPPHPHPPPPPPPPPPPPPP
1108,HPHPPPPPPPPPPPPPPPPPHPPPPPHPPP
1109,PPPPPPPPPHHPPHPPPPPPHPPHPPPPPP
1110,HPPPPHPPPPPHPPPPPPHPPPPPPPHPPP
1111,PPHPPPHPPPPPPPHPPPPPPPPPPHHPPP
1112,PHPPPPPPPHPPPPPHHPPPPPPHPPPPPP
1113,PPPPPPPHPPPPHPPPPPPPPHPPPPPPHP
1114,PPHPPPPPPHPPPHPPPPPPPPPPPHHPPP
1115,PPPPHPPHHPHPPPPPPPPPPPPHPPPPPP
1116,PPPPPPPPHPPPPPPHPPPPHPPPHPPHPP
1117,PPPPPHPHPHPPPPPPPPPPPPPPPPHPPP
1118,PPPPPPPPPPPPPHPHPPPPPHPHPHPPPP
1119,PPPPPHPPPPHPPHPPPPPPPHPPPHPPPH
1120,PPPPPPPPPHPPPPPPPPPHPPPPPHPHPH
1121,PPPPHPPPHPPPPPPPHPPPPPPHHPPPPP
1122,PPPPPPPPPPPPPPPPHPPPPPPHPHHPHP
1123,PPPPPPHPPPPPPPHPPPPPPHHPHPPHPP
1124,HPHPPPPPPPPHPPHPPPPPPPPPPPPPPP
1125,PPHPPPPPPHPHPPHPPPPPPPPPHPPHPP
1126,PHPHPPPPPPPPHPPHPPPPPPPPPHPPPP
1127,PPPPHPPHPPPPHHPHPPPPPPPPPPPPPP
1128,PPHPPPPHPHPPPPPPHPPHPPPPPPPPPP
1129,PPPHPHPPPPPPHPPPPPHPHPPPPPPHPP
1130,PPPPHPPHPPPPPPPPHPPPPHPPPPPPPP
1131,PPHPPPHPPPPPPPHHPPHPPPPPPPPPPH
1132,PPPPPHPPPPPPPPHPPPPHPPPHPPPPPP
1133,PPPPPPPPPPPPPPPHPHPPHPPPPPPHPP
1134,PHPHPPPPPHPPPHPPPPHPPPPPPHPPPP
1135,PPPPPPHPPPPPPPPPPHPPPPPHPPPPPH
1136,PPPHPPHPPPPPPPPHPPPHPPHPPPPHPP
1137,PPPPPPPPPPPHPPPPPHHPPPPPPHPPPP
1138,PPPPHPHPPHPHPPPPPPPPPPPPPHPPPH
1139,PPPHPPPPPHPPPHPPPPPPPPPPPHPPPH
1140,PPPPPPPHHPPPPPPPPHPPPPPPPPPPHP
1141,PPPHHPPPPHPPPPPPPHPHPPPPPPPPPH
1142,HPPHPPPPPPPHPPPPPPPPPPPPPPPPPH
1143,PPPPPHPPPHPPHPPPPPPPPPPPPPPHPH
1144,PHPHPPPPHPPPPPHPPPPPPHPPPPPPHP
1145,PHPPPPPHPPPPHPPPPPPPHHPPPPPPPP
1146,PPPHPPPPPPPPHPPPPPPPHPPPPPPPHP
1147,PHPPPPPPHPHPHPPPPPPPPPPPPHPPPP
1148,PPPPPHPPHPPPPPPPPPPPPPPHHPHPPP
1149,PPPPPHPHHPPPPPPPPPHPHPPPPPPPPP
1150,HHPHPPPHPPPPPPHPPPPPPHPPPPPPPP
1151,PPPHPPPPHPPPPHPPPPPPHPPPPPPHPP
1152,PPPPPPPPHPPPPPPHPPHPPPPPPPPHHP
1153,PHPPPPHPPPPHHPPPPPPHPPPPPPPPPP
1154,HPPHPPPPPHPPPPPPPPPPHPPPPPPPPP
1155,PPHPPPPPPPPPPPPPPPHPHPPPPPPHPP
1156,PPPPPPPHPPPPPPPPPPPPPPPPHPHHPP
1157,PPPPPPHPPPPPHPPPPPPPPPPPPPHHPP
1158,PPPPPPPPHPPPPHPPPPPHPHPPPPPPPP
1159,HPHPPPHPPPPPPPPPPPPHPPPPPPPPHP
1160,PPPPPPPHPHHPPPPPPPPPPHHPPPPHPP
1161,PPPHPHPPPHPPPPPPPPPPPPHPPPPHHP
1162,PPPPPPPHPPPHPHPPPHPPPPPPPPPPPP
1163,PPPPPPPPPHPPPHPPPPPPPHPPPPHPPH
1164,PPPPHPHPHPPHHPPPPPPPPPPPPPPPPP
1165,HPPPPPPHPPPPPHPPPPPPPPHPPPPPPP
1166,PPPHHPPPPPHPPPPPPPHPPPPPPPPHHP
1167,PPPPPPPPPHPPPHPHPPPPPPPPPHPPHP
1168,PPPPPPPHPPPPPPPPHPPPPPHPPPPHHP
1169,PPHPHPPPPPPPPPPPPPPHPPHPPPPHHP
1170,PHPPPPPPPPHPPPPPPPHPPHPPPPPPHP
1171,HHHPPPPPPPPPPPPPPPPPPPPPHPHPPP
1172,PPPPPPPPPPPHHPHHPPPPPPPPPPPPPP
1173,PPPHPPPPHPPPPPPHPPPPPPPPPPHPPP
1174,PPHPPPHPPPPPPPPPPPPPPHPHPHPPPP
1175,PPPPPPPPPPPPHPPHPPHPPHPPPPPPPP
1176,PPPPPPPPHPPHPPPPPPPPHPHPPHPHPP
1177,PPPHPPPPHHPPPPPPPPPPPPPPPHPPPP
1178,PHPPPPPPPPPPPHPPPHPPHPPPPPPPPP
1179,PPPHHPPPPHPHPHPPPPPPPPPPPPPPPH
1180,HPPHPPPPPPHPPPPPPPPPPPPPPPPPPH
1181,PPPPPPHPHHPPPPPPPHHHPPPPPPPPPP
1182,PPPPHPPPHPPPPPPHPPPHPPPHPPPPHP
1183,HPPPPHPPPPPPPHPPPPPPPPPPPPPHPP
1184,PPPPPPPPHHPPPPPPPPPPHPPHPPPPPP
1185,PPPPPPPPHHPPPPPPHPPPHPPHPPPPPP
1186,PPPPPPPPPPPPHPPPPPPPHPPHPPHPPP
1187,PPPPPHPPPPPPPPPPPPPPPHPHPHHPPP
1188,PHPPPPHPPPPPPHPHPPPPPPPPPPPPHH
1189,PPPPPHPPPPHPPPPPPHPPPPPHPPPPHP
1190,PPPPPPPPPPPPPPPPPPPPHPPHPPPPHH
1191,PPHPPPPPHPPPPHHPPPPPHPPPPHPPPP
1192,PPHPPPHPPHPPPPHHPPPPPPPPHPPPPP
1193,PPHPPPPHPPPPPPPPHPPPHPPPPHPPPP
1194,PPPPPPPPHPPPHHHPPPPPPPPPHPPPPH
1195,PPPPPPPPPPPPPHPPPHPPPHHPHPHPPP
1196,HPPPPPPPPHPPPPPPPPPHHPPPHPPPPP
1197,HPPPPPPPHPPPPPHPPPPPPPPPPPPHPP
1198,HHPPPPPPPPPPPPPPPPHPPPPHHPPPPP
1199,PPPHPHPPPPPPPPPPPPHPPHPPHPHPPP
1200,PPPPPPPPPPHHPPPHPPPPPPPPPPHPHP
1201,PHPPPPPPPPPHPHPPPPPPPPPPPPPPPH
1202,PHPPPPHPPPPPPPHHHPPPPPPPPPPPHP
1203,PPHPPPPHHPPHPPPPPPHPPPPPPPPPPH
1204,PPPPPPPHPPPPPPPPPHHPPPPPPPHPPP
1205,PPPPPPPPPHHPHPPPPPPPPPHPPPPPHH
1206,PPPPPPPHPPPPHHHPPPPPPHPPPPPPPH
1207,PPPPPPHHPPPHPPPPHPPHPPPPPHPPPP
1208,PHPHHPPPPHPPPPPPPPPPPPPPHPPHPP
1209,HPPHPPPPHPPPPPHHPPPPPPPPPPPPPP
1210,HPPHPPPPPPHPHPHPPPPPPPPPPPPPPP
1211,PPPPPPPPPPPPPHPPHPHPPHPPHPHPPP
1212,PHPPPPPPPPPHHHPPPPPPPHPPPPPPPP
1213,PPPHPPPPPHHHPPPPPPHPPPPPHPPPPP
1214,PPPPPPPPPPHPPPPHPPPPPPPHPPHPPP
1215,PPPHPPPPPPPPHPPPPPHHHPPHPPPPPP
1216,PPPPHPPPPPPPPPPPPPHHPHHPPPPPHP
1217,PHPPPPPHPPPPPPPPPPPPHPPPPHPPHP
1218,PPPPHPPPHPHPHPHPPPHPPPPPPPPPPP
1219,PPPPHPPHPPPPPPPPPPHPHPPPPPPPPP
1220,PPPPPPPPHPHPHPHPPHPPPPPPPPPPHP
1221,PPPPPHPPPPPPPPHPHPHPHPPPPPPPPP
1222,PPPPPPPPPPPHPPHPPPHPHPPPPPHPPP
1223,PPPPPHPPPPPPPPPPPPPHPHPPHPPPPP
1224,PPPPPPPPPHPPHPHPPPPPPPPHHPPPPH
1225,PPHPPPPPPPPPPHPHPPPPPPPPPPPPHP
1226,PPPHPPPPHHPHPPPPPPPPPPPPHPPPPP
1227,PPPPPPHPHPPPPHPPPHPPPPPPPPPPPH
1228,PHPPPPPPHPPPHPHPPPPPPHPPPPPPPP
1229,PPHPPHPPPPPPPPHPPPPPPPPPPHPHPP
1230,PPPPHPPPPPHPPPPPPPHPPPPPHPPPPP
1231,HPHPPPPHPPPPPPPPPPPHHPPPPPPPPP
1232,PPHPPPPPPHPPPPPPPHPPPPPPHHPPPP
1233,HPPPPPPHPPHPPPPPPPPHPHPPHPPPPP
1234,PPPHHPPPHPHPPHPPPPPPHPPPPPPPPP
1235,HPPPPPPHPPPPPPPPHPPPPPPHHPPPPP
1236,PPPPPPPPPPPPHPHPHPPHHPHPPPPPPP
1237,PPHHPPPHPPPPPPPPPPPPPPPPPPPHPP
1238,PPPPHPPPPHPPPHPPPPPPHPPPPPPPPP
1239,PPPPHPHHPPPHPHPPPPPPPPPPPPPPPP
1240,PHPHHPHPPPPPPPPPPPPPPPHPPPPPPP
1241,PHPPPPPPHPPPPHPHPPPHPPPPPHPPPP
1242,HPPPPPPPHHPPPPPPHHPPPPPHPPPPPP
1243,PHPPPPPPPPPPHPHHPPPPPPHPPPPPPP
1244,PPPPPPPPPPPPPHPPHHHPPPPPPPPPPP
1245,PPPHPPPHPPPPPPPPPPHPPPPPPPPPPH
1246,PPPPPPPHPPPPPHPPPHPHPPPPPPHPHP
1247,HPPPHPPPPPPPHPHPPPPPPPPPPPPPPP
1248,PPPPPPPHPHPPPPPPHPPPPPPPPPHPPH
1249,PPPPHHHPPPHPHPPPPPPPPPPPPPPPPH
1250,PPPHPHPPPPPPPPPPPPHPPPPPPPHPPP
1251,PPPPPPPPPPPPPHHPPPPPHHHHPPPPPP
1252,PPPPHPHPPPPPHPHPHPPPPPHPPPPPPP
1253,HPPHPPPPPPPHPPPPPPPPPPHPPHPHPP
1254,PPPPPPHPPPPPPPHPPPPPHPPPPPHPPP
1255,PPPPHPPPHPPHPPPPPPPPHPPPPHPPPP
1256,PPHPHHPPPPPPPPPPPPPPHPPPPPPPHP
1257,PPHHPPPPPPPPPPPPPHPPPPPHPPPHPP
1258,PHPPPPPPPPPPPPPPPPPPPPPPPHHPHP
1259,HPPPHHPPPPPPPPPPPPPHPHPPPPPPPP
1260,PPHHPPPPPPPHPPPPPHHPPPHPPPPPPP
1261,PPHPPPPPPPPPHHPPPPPPPPPPPHPPPP
1262,PPPPPPPPPHPPPPPPPHPPPPHPPPPPHP
1263,PPPHHPPPPPPPPHPPHPPHPPHPPPPPPP
1264,PPPPPPPPHPPPPPPPPPHPPHPPHPPPPP
1265,PPPPPPPPPHPPPPPPHPPPPPPHPHPPPP
1266,PPPPPHPPPPPHHPPPHPPPPPPPPPPPPH
1267,PPPHPPPPPPPPPPPPPPPPHPPPPPPPHH
1268,PPPPHPPHPPPHPPHPHPPPPPPPPPPPPP
1269,PHPPPPPPHPPHPPPPPPPPPPHPPHPPPP
1270,PPPPPPPHPPPPPPPPPPPPHHHPPPPPHP
1271,PPPPHPPHPPPPPPPPPHPPPPPHPHPHPP
1272,PPPPPPPPPPPPPPPPPPHHHPPHPPHPPP
1273,PPHHPPPPHPPPPPPPPPPHPPPPPPPPPP
1274,HHPPPPHPPPPPPPPPPPPPHHPPPPPHPP
1275,PPPPHPPPPPPPPPHPPPPPPPHPHPPPPP
1276,PPPPPHHHPPPPPPHPPPPHPPPHPPPPPP
1277,PPHPHPPPHPHPPPPPPPPPPPPPPPHPHP
1278,PPHPPPHPPPPHPPPPPHPPPPPPHPPPPP
1279,HPPHHPPPPPPPPPPPPHPPHPPPPPPPPP
1280,HPPPPPPPPPPPPPPPPPPPPPPHPPPHHP
1281,PPPPPPPPHPPPHPPPPPPPPPPPHPHPPP
1282,PPPPPPPPPPPPHHPPPHHPPHPHPPPPPP
1283,HPPPHPHPPPPPPPPHPPPPPPHPPHPPPP
1284,PPPPPHPPPPPPPPHPPPPPHHPPPPPPPH
1285,PPPPHPPHHPPPPPPHHPPPPPPPPPPPHP
1286,PPPPPPHPPPPHPHHHPPPPPPPPPHPPPP
1287,PPPPPPPPPPPHPPPPHPPHPHPPPPPPPP
1288,PPPPPPPHPPPPHPPPPHPHPPPPPPPHHP
1289,PPPPPHHPPPPPPPPPPPPPHHPPHPPPPP
1290,PPPPPHPHPPPPPPPPPPPHPPPPPPPHPP
1291,PPPPHPPPPPPPPPPPPPPHHPHPPPPPPP
1292,PPPPPHPPHPPHHPPPPPHPPPPPPPPPPP
1293,PPPPPPPPPPHHPHHPPPPPPHPPHPPPPP
1294,PPPHPPPPHPPPPPPPPHHPPPPPHPPPPP
1295,PPPPPPPPPPPHPHPHPPPPPPPPHPPPPP
1296,PHPPPHHHHPPPPPPPPPPPPPPPPPPPPH
1297,PHPPPPPPHPPPPHPPHPPPPHPPPPHPPP
1298,PPHPPPHHPPHPPPPPPPHPPPPHPPPPPP
1299,PPPPPPPPPPHHPPPPHPHPPPPPPPPPHH
1300,PPPPPPPPHPPPPPPPHHPPPPPPPHPPPH
1301,HHPPPPPPPPPHPPPPPPPPPHPPPHPPPP
1302,PPPPHHPPPPPPPPHPHPPPHPPPPHPPPP
1303,PPHPPPPPPPHPPPHPPPPPPPPPPHPHPP
1304,HPPHPPHPPPPPPPPPPPPPPHPPPPPPPP
1305,PPPPPPPPPHPPHHPPPHPPPPPPPPPPPP
1306,PPPPPHPHPPPPPPPPPPPPPPHPPPHPPP
1307,PPPPHHPPPPHPPPHPPPPPPPPPHHPPPP
1308,PPPPPHPPPHPPPPPHPPPPPPPHPHPPHP
1309,PPPHPPPPHPPPPPPPHPHPPPPHHPPPPP
1310,HHPPHPPPPPPPPPPPPPPPPHHHPPPPPP
1311,PPHHPHPPPPPPPPPHPPPPPPPPPPPPHP
1312,HPPHPPPHPPPHPPPPPPPPPHPPPPPPPP
1313,PPHPPPPPPPPPPHPPPHPPPPPPPPPPHP
1314,PHPPPPPPPPPHPHHPHPPPPPPHPPPPPP
1315,PPPPPPPPHPPHPPPPHPPPPPPPPPPHPP
1316,HPPHPPPPPPPPPPPHPPPPPPPPPPHPPP
1317,HPPPPPPPHPPPPPPHPPHPPPPHPPPPPP
1318,PPPHPPPPPPPPPPPPPPPHPPHPPHPHPP
1319,PPHPHPPPPPPPPPPHPPPHHPPPHPPPPP
1320,PPPPPHPPHPPPPPPPPPPPHPPHHPPPPP
1321,PPPPPPPPHPPPPPPHPHPPHPPPPPPPPP
1322,PPPPPPHPPPPPPPHHPPPPPPPPPPPPHP
1323,PPPPPPPPHPPPPPPPPPPPHPHPPPPPHP
1324,PPPPHPPHPPPHPPPPPPPPPPPHPPPPPP
1325,PPPPPHHPPPPPHPHPPHPPPHPPPPPPPP
1326,PPPPPPHPPPPPPPHPPPHHPPPPPPPPPH
1327,PPHHPHPPPPHHPPPPPPPPPPPHPPPPPP
1328,PPPHPPHPPPHPPPPPPHPHPPPPPPPPPP
1329,PPPHPPPPPPHPPHPPHHPPHPPPPPPPPP
1330,PPPPHPPHPPPPPHPHPPHPPPPPPPPPHP
1331,PHPPPPPPPPPPPPPPPPHPPHHPPPPPHP
1332,PPPPPHPPPPPPPPHPPPPPPPHPHPHPPP
1333,HHPPPPPPPPPPHPHPPPPPPHPPPPPPPP
1334,PPPHPPPHHHPPPPPPHPPHPPPPPPPPPP
1335,PPPPPPHPPPPPPHPPPPPHPHPHPHPPPP
1336,PHPPPPPPPPHPPPPPPPPPPHHPPHPPHP
1337,PPPHPHPPPPPPPPPPPPPPHPPPHPPPPH
1338,PPPPPPPPPHPPPPPPPPHPPPPPPHPPPH
1339,PPPHPPPHPPPPPPPPPPPPPPHPPHPPPP
1340,PPPPPPPPHPPPPPPHPPPPPHPPHPHPHP
1341,PHPPPPPPHPPPPPPPPPPPHPPPPPHPPP
1342,PPPHPPPHPPPPPHPHHHPPPPPPPPPPPP
1343,PPHHPPPPPPPPPPPPPPHPPPHPPPPPPP
1344,PPPPHPHPPPHPHPHPPPPPPHPPPPPPPP
1345,PPPPPPPPPPHPPPPPPHPPPHHPHHPPPP
1346,HPPPPPPPHHPPPPPPPPHPPPPHPPPPPP
1347,PPHPPPPPHPPPPPPPPPPHPPPHHPPPPP
1348,PHPPPPPPPPPHPHHPPPPPPPHPHPPPPP
1349,PPPPPPHPHPPPPPPPPPPPPPPPPPPHHP
1350,HPPPPPPPPHPPPPPPPPPHPPPPPPPPHP
1351,PPPPPPPPPPHPPPHPPPPPPPHPPHPPPH
1352,PHPPPPPPPPHPPPPPPHPPHPPPPPPPPP
1353,PPPPPPPPPHPPPHPHPPPPPHPPHPPHPP
1354,PPPPHPPPPPHPPPPHPPPHPPPHPPPHPP
1355,PPPPHPHPHHPPPPPPHHPPPPPPPPPPPP
1356,PPPPPPPHHPPPPPPPHHPHPPPPPPPPHP
1357,PPPPPPHPHPPPPPHPPPPHPHPPPHPPPP
1358,PHPPPPPHHPPHPPPPPPPPPPPHPPPPPP
1359,PPHPPHPPPPPPPHPPPPPPPPPPPHHPPH
1360,PHPPPPPPPPHPHPPPPPHPPPPPPPPPPH
1361,HPPPPPPHPPHPHPPPHPPPHPPPPPPPPP
1362,PPPPPPHPHPPHPHPPPPPPHPPPHPPPPP
1363,PPPPPPPPHPPPPHPPPPPPPPPPHPPPHP
1364,PPPHHPPPPHPPPHPPPPPPHPPHPPPPPP
1365,HPPPPHPPPPPPPHPPPPPPPHPHPPPHPP
1366,PPHPPPPPPPHPPPHPPPPPPHHPPPPPHP
1367,PPPPPHPPPPPPPPPPPPPHHPPPPHPPPP
1368,PHHPPPPPPPPPPPPPPPPHPPPPPPPHPP
1369,PHHPPPPHPPPPHPPPPHPPPPPPHPPPPP
1370,HPPPPPPPPHPPPPPPPHHPPPPPPPPPHP
1371,PPPPHPPPPHPHPPPPPPPPPPPHPHPPPP
1372,PPPPPPPPPPPPHPPPPHPHPPPPHHPPPH
1373,PHPPPPHPPHPPPPHPPPPPPPPHPPPPPP
1374,PPPHHPPHPPHPPHPHPPPPPPPPPPPPPP
1375,PHHPPPPPPPHPHPPHPPHPPPPPPPPPPP
1376,PPPPPPPPPPPPPHHPPPPPPPPPHPHPPP
1377,PPPPPPPPPPHPHPHPPPPPHHPPPPPPPH
1378,PPPPPPPPPPPPHPHHHPPPPHPPPHPPPP
1379,HPPPPHPPPPPPPPPPPHPHHPPPPPHPPP
1380,HPPPPPPPHPHPPPPPPPPPPPHPPPPPPH
1381,PPPPPPHPPHPPPPPPHPPPPPPPPHPPHP
1382,PPHPPHPPPPPPPHHPPPPPHPPPPPPPPP
1383,PPPHPPPPPHPPPHPPPPPPPPPPPPHHHP
1384,PHPPHPHPPPPPHPPPPPPPPPPPPPPPHP
1385,PPPHHPHPPPHPPPPPPPPPPPPPPPPPHP
1386,HHPHPPPPPHPPPPPPPPPPPPPPPPPPPP
1387,PHPPPHPPPPPHPPPPPPHPPHPPPPPPPP
1388,PPPPPPPPPHPPPPPPHPPHPPHPPHPPHP
1389,PPHPPPPPHHPPPPPPPHPHPPPHPPPPPP
1390,PHPPPPPPPPPPPPPPPPPPHPPPPPPHHH
1391,PPPPPPHHPHPPHPPHPPPPPPPPPPPPPP
1392,PHPPPPHPPPPPPPPPPPPHPPPPPPPHPP
1393,PPPPPPPHHHPHPPPPPPPPPPPPPPPPPP
1394,HPPPPPPPPPPPHPPPHPPPHPPPPHPPPP
1395,PPPPHPPPPHPPPPPPPPPPPPHPPHPPPP
1396,PHPPPPPPPPPPPPHPPPPPPPHPPHPPHP
1397,PPPHPPPPPPHPHPHPPPPPPHPPPPPHPP
1398,PPHPPPPPPHPPPPPPHPPPPPPPHPPPPP
1399,PPPPPPPHHPPPPHPPPPPPPHPPPPPPPP
1400,PHPPPPPPPPPPPPHPPPPPPPPPHPHPHP
1401,PPPHPHPPPPPHPHPHPPPPPHPPPPPPPP
1402,PHPPHPPPPPPPPPPHPPHPPHPPPPPPPP
1403,HPPHPPPPPPPHPPPPPPPHPPPPPPPPPP
1404,PPPPPPPHHPPPPPHHPHPPPHPPPPPPPP
1405,PHPHPPPPHPPPPPPHPPPPPPPPPPPPPH
1406,PPHHPHPPPPPPPPPPHPPPPPPPPPPPPH
1407,PPPHPPPPHPPHPPPPHPPPPPPPPPPPPH
1408,PHPPPPPPHPHHPPHPPPPPPPPPPPPPPP
1409,PHPPPPPPPPPHHPPPPPPPPHHPPHPPPP
1410,HPPPPPPPPPPPPHPPPPPPPPPHPPPPPH
1411,PPPPHPPPPPHHPPHPPPHPPPPPPPPPPP
1412,PHPPPPHPPPPPPPPHPPPPPHHPPPPHPP
1413,PPPPPPPPPHPPHPPPHPHHPPHPPPPPPP
1414,PPPPHPHHPPPPPPPHPPPPPPPPPPPHPP
1415,HPPPPPPPPPPPPPHPPPHPPHPHPPPPPP
1416,HPPPPPPPPPHHPPPPPHHPPPPHPPPPPP
1417,PPPPPPPHPPHPPPPPPHPPPHPPPPPPPP
1418,PPPPPPHPPHPPHPPPHPPPPPHPPPPPPP
1419,PHHPPHPPHPPPPHPPPPPPPPPPPPPPHP
1420,PPPPPPPPHPPPPPHPPPPPPPPHPHHPPP
1421,HPPPPPPPPPPPPPPPPPPHHPPHPPPHPP
1422,PPPPPPPPPHPHPPPPPPPHHPPPHPPPPP
1423,PHPPHHPPPPPPPPPPPPPPPPHPPPHHPP
1424,PPHPPPPPPPPHPPHPPPPPPPPPPPPPHH
1425,PPPPPPPPPPPPPPPHPPPHPHPPHPPPHP
1426,PPHPHPPPPPPPPHPHPPPPPPPPPPPHPP
1427,PPPPPHPPPPPPPPHPPPPPPPHPPPPHPP
1428,PPPPPPPPPPPPPHPPPPPHPHPPPPHHPP
1429,PPPPPPHPPHPPPPPPHPPPHPPPPPPPPP
1430,HPPPPHPPPPPPHPPPPPPPPPPPPPPHPP
1431,PPPPPHPPPHPPPPPPPPPHPHPPPPPHHP
1432,PPPPPHPHPPPPPHPPPPPPHPPPPPPPPP
1433,PPHHPPPPHPPPPPPPPPPHPHPPPPPPHP
1434,HPHHPPPHPPHPPPPPPPPPPPPPPPHPPP
1435,PPPHPPPPPPHPHPPPPPPHHPPPPPPPPP
1436,PPPPPPPPPPHPPPPPHPPHPPPHPPPPHP
1437,HPPPHPPPPPPPHPPPPHPPPHPPPPPPPP
1438,HHPPHPPPHPPPPHPPPPPPPHPPPPPPPP
1439,PPPPPPPHPPHPPPPHPPPPPHPPPPPPPP
1440,HHPPHPPPPPPPPPPPPHPPPPPPHPPPPP
1441,PPPPPPHPHPPPHPPPPPPPHHPHPPPPPP
1442,HPPPPPPPPPHPPPPPPPPPPPPHHHPPPP
1443,PPPHPHPPPHHPPPPPPPPHPPPPPPHPPP
1444,PPPPPPPPPPPPPPPPHPPPPPHPHHPPPP
1445,PHPPPPPPPHHPPPPPPPHPPPPPPPPHPP
1446,PPPHPPPPPPHPPPHPPPPPHPPPPPPPPP
1447,PPPPHPHHPPPPPPPPPPPPPPPPPPPPPH
1448,HPPPPPPPHHPHPPPPPPPPPPPPPHPPPP
1449,PHPPPPHPPPPPHPPHPPPPPPPPPPHPPP
1450,PPPPPPPPPPPHPHPHPPPPPHPPPPHHPP
1451,HPPPHPHPPPHHPPHPPPPPPPPPPPPPPP
1452,PPPPPPPPPPHPPHPPPPPPPPPPPHPHPP
1453,PPPHPPPPPPPHPPPHPPPPPPPPPPPHPH
1454,HPPPPHPPPPPPPPPHHPPPHPPPPPPHPP
1455,HPHPPPPHPPPPPPPPHPPHPPPHPPPPPP
1456,PPPHPPHPPHPPPHPHPPPPPPHPPPPPPP
1457,HHPPPPPPHPHPPPPPHPPPPPPPPPPPPP
1458,PPPPPPPHPPPPHPHPPPPPPPPHPPPPPP
1459,PHPPPPPPHHPPPPPPPHPPPPPPPPPPHP
1460,PPPPPPPPPPPPPPPPPHHPPPPPPHHPHP
1461,PPHPPPPHPHPPHPPPPPHPPPPPPPPPHP
1462,PPHPPPPHHPPPPPPHPPPPPHPPPPPPPH
1463,PHPPPHPPPPHPPPPPHPPPHPPPPPPPPP
1464,HHPPPHPPPPPPHPPHPPPPPHPPPPPPPP
1465,HPPHPHPPPPPPHPPPPPPPHPPPPPPPPH
1466,PPPHHPPPHHPPPPPPPPPHPPPPPPPPHP
1467,PPPPPPPHPHHPPPPPPPPPHPPPPPHPPP
1468,PHPPPPPPPHPPPPPPPHPPPPPHPPPPPP
